date,open,high,low,close,adjusted_close,volume
2007-01-01,12.000000,12.066151,11.584049,11.648261,11.648261,5849932
2007-01-02,11.648261,11.954203,11.620350,11.925627,11.925627,4896784
2007-01-03,11.925627,11.967491,11.820892,11.862535,11.862535,8190199
2007-01-04,11.862535,11.892859,11.463415,11.492794,11.492794,8215372
2007-01-05,11.492794,11.494819,11.131388,11.133349,11.133349,6913741
2007-01-08,11.133349,11.325185,11.127911,11.319656,11.319656,8337171
2007-01-09,11.319656,11.344737,11.050055,11.074593,11.074593,9803222
2007-01-10,11.074593,11.078746,10.999428,11.003555,11.003555,7554707
2007-01-11,11.003555,11.119085,10.952181,11.067413,11.067413,2125602
2007-01-12,11.067413,11.420820,11.066816,11.420203,11.420203,8066062
2007-01-15,11.420203,11.429319,11.394570,11.403672,11.403672,3114940
2007-01-16,11.403672,11.635876,11.345855,11.577179,11.577179,6746047
2007-01-17,11.577179,11.659502,11.536756,11.618933,11.618933,5711946
2007-01-18,11.618933,11.927393,11.542826,11.849774,11.849774,9532682
2007-01-19,11.849774,11.934250,11.786292,11.870656,11.870656,9002964
2007-01-22,11.870656,11.908826,11.856184,11.894326,11.894326,5610636
2007-01-23,11.894326,11.952686,11.800751,11.858937,11.858937,3842741
2007-01-24,11.858937,12.078580,11.853526,12.073070,12.073070,3522817
2007-01-25,12.073070,12.195543,12.049355,12.171635,12.171635,4789006
2007-01-26,12.171635,12.444097,12.143920,12.415826,12.415826,4082782
2007-01-29,12.415826,12.421764,12.398812,12.404745,12.404745,3406521
2007-01-30,12.404745,12.492386,12.384728,12.472260,12.472260,10676595
2007-01-31,12.472260,12.475150,12.438933,12.441815,12.441815,5389526
2007-02-01,12.441815,12.458938,12.371934,12.388984,12.388984,4422382
2007-02-02,12.388984,12.865109,12.376139,12.851783,12.851783,4671736
2007-02-05,12.851783,13.097661,12.820994,13.066358,13.066358,4671258
2007-02-06,13.066358,13.334270,13.020297,13.287430,13.287430,7343432
2007-02-07,13.287430,13.306639,13.043072,13.061955,13.061955,5981449
2007-02-08,13.061955,13.252122,13.054497,13.244560,13.244560,4880562
2007-02-09,13.244560,13.472866,13.155286,13.382661,13.382661,3784675
2007-02-12,13.382661,14.039574,13.329831,13.984369,13.984369,8068950
2007-02-13,13.984369,14.159341,13.975289,14.150154,14.150154,7513898
2007-02-14,14.150154,14.635860,14.093749,14.577751,14.577751,5769472
2007-02-15,14.577751,14.698296,14.571582,14.692079,14.692079,8973386
2007-02-16,14.692079,14.913547,14.623762,14.844522,14.844522,3940607
2007-02-19,14.844522,15.122561,14.842722,15.120728,15.120728,7429538
2007-02-20,15.120728,15.150074,14.984349,15.013486,15.013486,10102578
2007-02-21,15.013486,15.163720,14.942808,15.092669,15.092669,6606157
2007-02-22,15.092669,15.302473,15.063675,15.273132,15.273132,2829942
2007-02-23,15.273132,15.333681,15.193652,15.254125,15.254125,7430036
2007-02-26,15.254125,15.378362,14.667672,14.788114,14.788114,6750544
2007-02-27,14.788114,14.916711,14.626639,14.754949,14.754949,8406701
2007-02-28,14.754949,14.885042,14.676342,14.806162,14.806162,9089747
2007-03-01,14.806162,14.911592,14.552251,14.656616,14.656616,6769912
2007-03-02,14.656616,14.781631,14.647247,14.772189,14.772189,2956772
2007-03-05,14.772189,14.937558,14.735188,14.900236,14.900236,5173677
2007-03-06,14.900236,14.917295,14.839737,14.856746,14.856746,5342271
2007-03-07,14.856746,14.877046,14.735621,14.755784,14.755784,5090758
2007-03-08,14.755784,14.985491,14.750085,14.979706,14.979706,6782600
2007-03-09,14.979706,14.979882,14.914227,14.914402,14.914402,5828896
2007-03-12,14.914402,15.246552,14.889292,15.220927,15.220927,3469268
2007-03-13,15.220927,15.268421,14.967654,15.014504,15.014504,3772105
2007-03-14,15.014504,15.542242,14.999502,15.526728,15.526728,5515244
2007-03-15,15.526728,15.553181,15.366426,15.392650,15.392650,7055347
2007-03-16,15.392650,15.536595,15.256883,15.400756,15.400756,4436616
2007-03-19,15.400756,15.412670,15.397923,15.409835,15.409835,5579730
2007-03-20,15.409835,15.477169,15.264493,15.331485,15.331485,7821897
2007-03-21,15.331485,15.381248,15.178254,15.227680,15.227680,6456983
2007-03-22,15.227680,15.603602,15.174946,15.549753,15.549753,6040901
2007-03-23,15.549753,15.951341,15.506174,15.906761,15.906761,5351168
2007-03-26,15.906761,16.000426,15.502936,15.594764,15.594764,7405392
2007-03-27,15.594764,15.602266,15.416076,15.423495,15.423495,3328744
2007-03-28,15.423495,15.534469,15.269961,15.380626,15.380626,4427513
2007-03-29,15.380626,15.635896,15.356163,15.611067,15.611067,8088066
2007-03-30,15.611067,15.649391,15.367538,15.405358,15.405358,12635493
2007-04-02,15.405358,15.443319,15.381010,15.418949,15.418949,10641084
2007-04-03,15.418949,15.422915,15.407089,15.411053,15.411053,8630225
2007-04-04,15.411053,15.432461,15.189542,15.210671,15.210671,6189023
2007-04-05,15.210671,15.289172,15.160026,15.238435,15.238435,7646697
2007-04-06,15.238435,15.492762,15.123463,15.376746,15.376746,6698891
2007-04-09,15.376746,15.380999,14.306167,14.310125,14.310125,4773346
2007-04-10,14.310125,14.517967,14.281770,14.489257,14.489257,5799370
2007-04-11,14.489257,14.598775,14.445095,14.554415,14.554415,6610459
2007-04-12,14.554415,14.626826,14.462712,14.535026,14.535026,3346302
2007-04-13,14.535026,14.668742,14.475357,14.608771,14.608771,7828124
2007-04-16,14.608771,14.677061,14.119091,14.185401,14.185401,6601387
2007-04-17,14.185401,14.263162,13.994837,14.071975,14.071975,7092054
2007-04-18,14.071975,14.166897,14.014518,14.109287,14.109287,7567112
2007-04-19,14.109287,14.341632,14.066493,14.298264,14.298264,4452568
2007-04-20,14.298264,14.309710,14.120263,14.131576,14.131576,5673282
2007-04-23,14.131576,14.525098,14.101463,14.494213,14.494213,4732372
2007-04-24,14.494213,14.532680,14.191220,14.228983,14.228983,4357720
2007-04-25,14.228983,14.309469,14.122555,14.202894,14.202894,12542807
2007-04-26,14.202894,14.215289,14.187015,14.199408,14.199408,6916853
2007-04-27,14.199408,14.235370,14.093465,14.129250,14.129250,5075170
2007-04-30,14.129250,14.150942,14.110910,14.132598,14.132598,4446090
2007-05-01,14.132598,14.268265,14.058680,14.194026,14.194026,3691600
2007-05-02,14.194026,14.671491,14.163659,14.640170,14.640170,4863724
2007-05-03,14.640170,14.952737,14.513641,14.824615,14.824615,6492058
2007-05-04,14.824615,14.979451,14.796197,14.950792,14.950792,7235294
2007-05-07,14.950792,14.960574,14.776911,14.786585,14.786585,4837631
2007-05-08,14.786585,14.801382,14.691188,14.705905,14.705905,6454622
2007-05-09,14.705905,14.749167,14.680762,14.723994,14.723994,3638740
2007-05-10,14.723994,15.069642,14.683605,15.028419,15.028419,7553648
2007-05-11,15.028419,15.099370,15.013710,15.084607,15.084607,3160665
2007-05-14,15.084607,15.487614,15.057240,15.459567,15.459567,4382242
2007-05-15,15.459567,15.483827,15.178502,15.202359,15.202359,6729891
2007-05-16,15.202359,15.260167,15.180829,15.238586,15.238586,8408869
2007-05-17,15.238586,15.411956,15.129045,15.301960,15.301960,10333282
2007-05-18,15.301960,15.322906,15.058161,15.078802,15.078802,3490279
2007-05-21,15.078802,15.142297,15.055519,15.118952,15.118952,2773909
2007-05-22,15.118952,15.387770,15.051391,15.319314,15.319314,6467407
2007-05-23,15.319314,15.423892,15.316952,15.421514,15.421514,3068515
2007-05-24,15.421514,15.636629,15.398611,15.613441,15.613441,7968673
2007-05-25,15.613441,15.922033,15.541813,15.849322,15.849322,5471291
2007-05-28,15.849322,16.151513,15.804764,16.106232,16.106232,7193612
2007-05-29,16.106232,16.146032,16.047418,16.087171,16.087171,5052103
2007-05-30,16.087171,16.101885,15.966601,15.981218,15.981218,6476566
2007-05-31,15.981218,16.034713,15.947325,16.000779,16.000779,4940445
2007-06-01,16.000779,16.065412,15.962737,16.027307,16.027307,3437325
2007-06-04,16.027307,16.162286,15.934067,16.068805,16.068805,4678768
2007-06-05,16.068805,16.074474,15.714727,15.720274,15.720274,13567556
2007-06-06,15.720274,15.771229,15.692218,15.743132,15.743132,8889915
2007-06-07,15.743132,15.812845,14.711691,14.777126,14.777126,9460374
2007-06-08,14.777126,15.141670,14.741068,15.104812,15.104812,4095471
2007-06-11,15.104812,15.134881,14.902147,14.931871,14.931871,9054808
2007-06-12,14.931871,14.953884,14.904017,14.926021,14.926021,8301842
2007-06-13,14.926021,15.004305,14.826185,14.904355,14.904355,4242813
2007-06-14,14.904355,15.032583,14.894886,15.023039,15.023039,4758626
2007-06-15,15.023039,15.456925,14.944908,15.376953,15.376953,6148796
2007-06-18,15.376953,15.403054,15.297402,15.323413,15.323413,4915712
2007-06-19,15.323413,15.723514,15.265680,15.664496,15.664496,6008356
2007-06-20,15.664496,15.729338,15.616113,15.680904,15.680904,4209849
2007-06-21,15.680904,15.779566,15.629644,15.728151,15.728151,6667870
2007-06-22,15.728151,15.855420,15.391547,15.517107,15.517107,5242647
2007-06-25,15.517107,15.717166,15.490385,15.690145,15.690145,11711870
2007-06-26,15.690145,15.854010,15.648699,15.812241,15.812241,6818639
2007-06-27,15.812241,16.446082,15.744583,16.376012,16.376012,5454169
2007-06-28,16.376012,16.802299,16.275895,16.700200,16.700200,5905268
2007-06-29,16.700200,16.773405,16.331307,16.403211,16.403211,9116366
2007-07-02,16.403211,16.839026,16.334708,16.768996,16.768996,9393462
2007-07-03,16.768996,16.845369,16.456860,16.532155,16.532155,4129224
2007-07-04,16.532155,16.571919,16.341965,16.381367,16.381367,6625153
2007-07-05,16.381367,16.456618,16.376130,16.451359,16.451359,6367418
2007-07-06,16.451359,17.276602,16.319987,17.139734,17.139734,6654481
2007-07-09,17.139734,17.519738,17.110710,17.490120,17.490120,3099293
2007-07-10,17.490120,18.137669,17.436919,18.082665,18.082665,7553316
2007-07-11,18.082665,18.099436,17.664768,17.681166,17.681166,10612690
2007-07-12,17.681166,17.788855,17.442021,17.548904,17.548904,6741005
2007-07-13,17.548904,17.560269,17.512676,17.524025,17.524025,7810501
2007-07-16,17.524025,17.792096,17.482753,17.750291,17.750291,4388582
2007-07-17,17.750291,17.839675,17.271664,17.359079,17.359079,5789675
2007-07-18,17.359079,17.513767,17.286116,17.440462,17.440462,4161750
2007-07-19,17.440462,18.024031,17.335217,17.915917,17.915917,6351432
2007-07-20,17.915917,17.933787,17.891329,17.909192,17.909192,4659024
2007-07-23,17.909192,17.981255,17.772289,17.844089,17.844089,8894091
2007-07-24,17.844089,18.503246,17.763557,18.420114,18.420114,6944823
2007-07-25,18.420114,18.797615,18.411035,18.788354,18.788354,4558814
2007-07-26,18.788354,19.701072,18.647119,19.554082,19.554082,5938629
2007-07-27,19.554082,19.648224,19.423973,19.517941,19.517941,6383381
2007-07-30,19.517941,20.172175,19.465120,20.117731,20.117731,4819878
2007-07-31,20.117731,21.069880,20.014920,20.962751,20.962751,4031172
2007-08-01,20.962751,21.114658,20.681682,20.832646,20.832646,5667052
2007-08-02,20.832646,20.862354,20.498849,20.528123,20.528123,5314759
2007-08-03,20.528123,20.591139,20.360348,20.423041,20.423041,3620244
2007-08-06,20.423041,20.714410,20.381008,20.671865,20.671865,6804443
2007-08-07,20.671865,20.719976,20.663617,20.711711,20.711711,5504031
2007-08-08,20.711711,20.725371,20.709357,20.723015,20.723015,4858479
2007-08-09,20.723015,21.585476,20.710389,21.572332,21.572332,4578109
2007-08-10,21.572332,22.262087,21.477447,22.164597,22.164597,5274949
2007-08-13,22.164597,22.402190,21.592055,21.826020,21.826020,5956188
2007-08-14,21.826020,21.937005,21.547231,21.657359,21.657359,5356481
2007-08-15,21.657359,21.714203,21.496298,21.552868,21.552868,14140941
2007-08-16,21.552868,21.689655,21.373219,21.509732,21.509732,4487475
2007-08-17,21.509732,22.130545,21.393884,22.011992,22.011992,5965207
2007-08-20,22.011992,22.156666,21.647676,21.790897,21.790897,7420928
2007-08-21,21.790897,22.201576,21.730632,22.140345,22.140345,14754869
2007-08-22,22.140345,22.458719,22.011390,22.328667,22.328667,8577134
2007-08-23,22.328667,22.406016,21.956739,22.033064,22.033064,5228624
2007-08-24,22.033064,22.035749,21.798031,21.800688,21.800688,10386498
2007-08-27,21.800688,22.009923,21.076808,21.281057,21.281057,4556380
2007-08-28,21.281057,21.311851,21.097293,21.127866,21.127866,6152908
2007-08-29,21.127866,21.450554,21.079588,21.401651,21.401651,11213799
2007-08-30,21.401651,21.690841,21.326427,21.614868,21.614868,5014908
2007-08-31,21.614868,21.620659,21.387254,21.392985,21.392985,4323523
2007-09-03,21.392985,21.551784,21.280440,21.438997,21.438997,3795063
2007-09-04,21.438997,22.017138,21.242682,21.817358,21.817358,6610555
2007-09-05,21.817358,21.880973,21.193826,21.255804,21.255804,8992947
2007-09-06,21.255804,21.314049,20.006378,20.061350,20.061350,6111601
2007-09-07,20.061350,20.086669,19.088060,19.112180,19.112180,5708183
2007-09-10,19.112180,20.224066,19.018368,20.125281,20.125281,4434411
2007-09-11,20.125281,20.175836,19.507310,19.556436,19.556436,11033297
2007-09-12,19.556436,19.628336,19.517665,19.589500,19.589500,7150388
2007-09-13,19.589500,19.750171,19.515672,19.676017,19.676017,4701263
2007-09-14,19.676017,19.719351,19.588509,19.631746,19.631746,4127065
2007-09-17,19.631746,19.657588,18.706287,18.730944,18.730944,3762273
2007-09-18,18.730944,19.072433,18.582259,18.922230,18.922230,6132855
2007-09-19,18.922230,19.522282,18.906682,19.506254,19.506254,6276484
2007-09-20,19.506254,19.558327,19.389814,19.441715,19.441715,5332466
2007-09-21,19.441715,19.869088,19.407193,19.833869,19.833869,6574230
2007-09-24,19.833869,19.886694,19.622238,19.674639,19.674639,7232363
2007-09-25,19.674639,20.382077,19.567659,20.271850,20.271850,6535146
2007-09-26,20.271850,20.291586,20.207060,20.226753,20.226753,5740380
2007-09-27,20.226753,20.251924,19.710212,19.734771,19.734771,4277754
2007-09-28,19.734771,19.789258,18.756857,18.808788,18.808788,4895743
2007-10-01,18.808788,19.126622,18.720249,19.037008,19.037008,6459694
2007-10-02,19.037008,19.086064,18.992139,19.041186,19.041186,3903030
2007-10-03,19.041186,19.330022,19.018585,19.307106,19.307106,5232672
2007-10-04,19.307106,19.354281,18.966819,19.013276,19.013276,5310500
2007-10-05,19.013276,19.023034,18.688820,18.698416,18.698416,3737624
2007-10-08,18.698416,18.777968,18.431537,18.510288,18.510288,3280359
2007-10-09,18.510288,18.534961,17.291728,17.314807,17.314807,10616301
2007-10-10,17.314807,17.705000,17.244667,17.633567,17.633567,4444641
2007-10-11,17.633567,18.409509,17.513290,18.284789,18.284789,8413046
2007-10-12,18.284789,20.095087,18.284346,20.094600,20.094600,5574231
2007-10-15,20.094600,20.114376,19.691570,19.710968,19.710968,3619295
2007-10-16,19.710968,19.800077,18.577784,18.662152,18.662152,3869421
2007-10-17,18.662152,18.778612,18.374087,18.489469,18.489469,5871368
2007-10-18,18.489469,18.721090,18.372640,18.603540,18.603540,7887760
2007-10-19,18.603540,18.810979,18.496541,18.703406,18.703406,6449108
2007-10-22,18.703406,18.862364,18.607278,18.765915,18.765915,4508691
2007-10-23,18.765915,19.048181,18.693529,18.974988,18.974988,6742262
2007-10-24,18.974988,19.490439,18.971600,19.486959,19.486959,7235081
2007-10-25,19.486959,19.937993,19.485500,19.936500,19.936500,7292276
2007-10-26,19.936500,20.036753,17.673938,17.763263,17.763263,7063589
2007-10-29,17.763263,17.917751,17.332725,17.484791,17.484791,12485669
2007-10-30,17.484791,17.960266,17.461888,17.936772,17.936772,3883307
2007-10-31,17.936772,17.969164,17.887519,17.919882,17.919882,6159114
2007-11-01,17.919882,19.121090,17.827955,19.023502,19.023502,6027653
2007-11-02,19.023502,19.296523,18.953638,19.225916,19.225916,4683428
2007-11-05,19.225916,20.145448,19.122385,20.037546,20.037546,3895284
2007-11-06,20.037546,20.060987,19.563965,19.586878,19.586878,6817852
2007-11-07,19.586878,21.345072,19.437134,21.183124,21.183124,6922440
2007-11-08,21.183124,22.487364,21.024672,22.320405,22.320405,10537719
2007-11-09,22.320405,23.564785,22.193234,23.431285,23.431285,3143986
2007-11-12,23.431285,24.445821,23.378520,24.390895,24.390895,6091095
2007-11-13,24.390895,25.262522,24.180074,25.046039,25.046039,6668126
2007-11-14,25.046039,25.070862,24.307799,24.331914,24.331914,3740570
2007-11-15,24.331914,24.332562,24.245849,24.246495,24.246495,8592388
2007-11-16,24.246495,24.292082,23.494257,23.538512,23.538512,12142623
2007-11-19,23.538512,23.667366,23.061635,23.188574,23.188574,7483573
2007-11-20,23.188574,23.521643,23.177403,23.510318,23.510318,8316264
2007-11-21,23.510318,23.643692,23.111334,23.243193,23.243193,4157759
2007-11-22,23.243193,23.243442,23.155961,23.156210,23.156210,9204900
2007-11-23,23.156210,23.178723,22.867037,22.889291,22.889291,6092519
2007-11-26,22.889291,23.896954,22.749790,23.752194,23.752194,3383797
2007-11-27,23.752194,24.856213,23.685868,24.786998,24.786998,8782026
2007-11-28,24.786998,24.885781,24.226512,24.323448,24.323448,2888229
2007-11-29,24.323448,24.352694,24.085030,24.114024,24.114024,6367003
2007-11-30,24.114024,24.209892,22.971886,23.063577,23.063577,10210197
2007-12-03,23.063577,23.113458,22.037443,22.085208,22.085208,6090482
2007-12-04,22.085208,22.511966,21.758835,22.184131,22.184131,6252968
2007-12-05,22.184131,23.549677,22.140783,23.503750,23.503750,12246984
2007-12-06,23.503750,23.572113,23.071213,23.138514,23.138514,3799397
2007-12-07,23.138514,23.473969,23.015114,23.349445,23.349445,7659958
2007-12-10,23.349445,23.809038,23.196160,23.653755,23.653755,3471976
2007-12-11,23.653755,23.953561,23.518476,23.817347,23.817347,9268354
2007-12-12,23.817347,23.835185,22.202010,22.218651,22.218651,2643070
2007-12-13,22.218651,22.824809,22.180277,22.785456,22.785456,7505602
2007-12-14,22.785456,23.311020,22.772530,23.297804,23.297804,4644762
2007-12-17,23.297804,23.309877,22.384013,22.395619,22.395619,6718716
2007-12-18,22.395619,22.473024,21.928299,22.004352,22.004352,5275299
2007-12-19,22.004352,22.457793,21.926543,22.378660,22.378660,3510323
2007-12-20,22.378660,22.578045,22.337050,22.536142,22.536142,7471155
2007-12-21,22.536142,22.684411,21.975267,22.120804,22.120804,3385433
2007-12-24,22.120804,22.187342,21.719841,21.785370,21.785370,6856225
2007-12-25,21.785370,22.915521,21.703323,22.829541,22.829541,5357713
2007-12-26,22.829541,22.839119,22.828511,22.838089,22.838089,5687063
2007-12-27,22.838089,23.527012,22.728896,23.415062,23.415062,7303474
2007-12-28,23.415062,23.482612,23.244803,23.312056,23.312056,5743782
2007-12-31,23.312056,23.317191,23.085581,23.090667,23.090667,4654320
2008-01-01,23.090667,23.108968,23.064883,23.083179,23.083179,7646115
2008-01-02,23.083179,24.215601,22.899712,24.024652,24.024652,6507671
2008-01-03,24.024652,24.029684,23.332873,23.337762,23.337762,5361519
2008-01-04,23.337762,23.361024,22.612166,22.634727,22.634727,7554320
2008-01-07,22.634727,23.012506,22.447351,22.823566,22.823566,6666622
2008-01-08,22.823566,22.860159,22.409650,22.445637,22.445637,5467704
2008-01-09,22.445637,22.519005,21.280127,21.349913,21.349913,7577033
2008-01-10,21.349913,21.380099,20.649313,20.678551,20.678551,3203767
2008-01-11,20.678551,20.769632,18.922113,19.005827,19.005827,8759401
2008-01-14,19.005827,19.033937,18.203054,18.230017,18.230017,7147134
2008-01-15,18.230017,18.231557,17.979758,17.981277,17.981277,5869653
2008-01-16,17.981277,18.022279,17.806308,17.847004,17.847004,7784855
2008-01-17,17.847004,18.259484,17.789077,18.200410,18.200410,11214535
2008-01-18,18.200410,18.212299,16.521593,16.532392,16.532392,2600879
2008-01-21,16.532392,16.925217,16.527889,16.920607,16.920607,5432507
2008-01-22,16.920607,16.993592,16.906755,16.979691,16.979691,4522617
2008-01-23,16.979691,17.328627,16.951874,17.300285,17.300285,4349504
2008-01-24,17.300285,17.519800,17.205510,17.424344,17.424344,5154933
2008-01-25,17.424344,17.439164,16.831656,16.845984,16.845984,7724622
2008-01-28,16.845984,16.854543,16.656281,16.664748,16.664748,3812321
2008-01-29,16.664748,16.674296,15.329226,15.338014,15.338014,5250232
2008-01-30,15.338014,15.860068,15.315961,15.837297,15.837297,2583388
2008-01-31,15.837297,15.845824,15.744857,15.753338,15.753338,5869706
2008-02-01,15.753338,15.998717,13.695252,13.911948,13.911948,10726811
2008-02-04,13.911948,13.945515,12.696110,12.726817,12.726817,8209694
2008-02-05,12.726817,13.390307,12.659932,13.320302,13.320302,6667105
2008-02-06,13.320302,13.737376,13.319197,13.736236,13.736236,5557772
2008-02-07,13.736236,13.879073,13.510954,13.652924,13.652924,6607173
2008-02-08,13.652924,13.663747,12.419415,12.429269,12.429269,6291457
2008-02-11,12.429269,12.433989,12.280509,12.285175,12.285175,3369048
2008-02-12,12.285175,12.549728,12.219876,12.483376,12.483376,4448424
2008-02-13,12.483376,12.508676,12.432682,12.457931,12.457931,4827258
2008-02-14,12.457931,12.473851,11.642626,11.657523,11.657523,14342304
2008-02-15,11.657523,11.911722,11.600129,11.853363,11.853363,10297102
2008-02-18,11.853363,12.146549,11.841100,12.133996,12.133996,3480055
2008-02-19,12.133996,12.160577,11.975675,12.001967,12.001967,6568087
2008-02-20,12.001967,12.060340,11.823013,11.880797,11.880797,4410914
2008-02-21,11.880797,11.904705,11.177868,11.200407,11.200407,4147143
2008-02-22,11.200407,11.423965,11.179434,11.402613,11.402613,8133719
2008-02-25,11.402613,11.429614,11.296026,11.322839,11.322839,8982527
2008-02-26,11.322839,11.327795,10.638924,10.643582,10.643582,19497545
2008-02-27,10.643582,10.877790,10.599396,10.832819,10.832819,6418336
2008-02-28,10.832819,11.943743,10.816069,11.925304,11.925304,7617930
2008-02-29,11.925304,11.928587,11.830317,11.833575,11.833575,7430420
2008-03-03,11.833575,11.888142,11.315176,11.367593,11.367593,4753332
2008-03-04,11.367593,11.416612,11.128207,11.176401,11.176401,2732726
2008-03-05,11.176401,11.258835,10.482888,10.560782,10.560782,5536276
2008-03-06,10.560782,11.192932,10.554594,11.186377,11.186377,4283681
2008-03-07,11.186377,11.246711,11.046303,11.106204,11.106204,3165746
2008-03-10,11.106204,11.209554,11.064244,11.167362,11.167362,5614409
2008-03-11,11.167362,11.339527,11.129674,11.301386,11.301386,5554610
2008-03-12,11.301386,11.305253,11.039594,11.043373,11.043373,4139653
2008-03-13,11.043373,11.112567,10.855121,10.923565,10.923565,3928486
2008-03-14,10.923565,10.937448,10.681259,10.694852,10.694852,4955917
2008-03-17,10.694852,10.704609,10.679330,10.689081,10.689081,4486959
2008-03-18,10.689081,10.692090,10.429470,10.432406,10.432406,6069133
2008-03-19,10.432406,10.492561,10.341323,10.401298,10.401298,4322862
2008-03-20,10.401298,10.418696,10.376611,10.393997,10.393997,5053439
2008-03-21,10.393997,10.404232,10.086643,10.096586,10.096586,6751116
2008-03-24,10.096586,10.180113,9.770135,9.851636,9.851636,7288230
2008-03-25,9.851636,9.885414,9.498367,9.531046,9.531046,6156017
2008-03-26,9.531046,9.565064,9.497650,9.531667,9.531667,5618600
2008-03-27,9.531667,10.050009,9.509353,10.026537,10.026537,7274944
2008-03-28,10.026537,10.058203,9.640461,9.671004,9.671004,11445706
2008-03-31,9.671004,9.810565,9.623443,9.762554,9.762554,5964730
2008-04-01,9.762554,9.773442,9.350141,9.360580,9.360580,8157996
2008-04-02,9.360580,9.395018,9.159735,9.193559,9.193559,7799857
2008-04-03,9.193559,9.278101,9.157779,9.242132,9.242132,10923229
2008-04-04,9.242132,9.259821,9.048509,9.065861,9.065861,5046152
2008-04-07,9.065861,9.077103,8.766401,8.777286,8.777286,7744326
2008-04-08,8.777286,8.964890,8.728614,8.915452,8.915452,6070605
2008-04-09,8.915452,9.012386,8.876412,8.973093,8.973093,6905217
2008-04-10,8.973093,9.022532,8.950509,8.999880,8.999880,9376030
2008-04-11,8.999880,9.062844,8.814394,8.876495,8.876495,5415697
2008-04-14,8.876495,9.011028,8.858754,8.993055,8.993055,9046120
2008-04-15,8.993055,9.092052,8.892257,8.991234,8.991234,5851246
2008-04-16,8.991234,9.546676,8.944785,9.497611,9.497611,4172153
2008-04-17,9.497611,9.941949,9.459438,9.902150,9.902150,5139136
2008-04-18,9.902150,9.903248,9.811490,9.812578,9.812578,4534436
2008-04-21,9.812578,10.719688,9.781794,10.686164,10.686164,4094627
2008-04-22,10.686164,10.924436,10.684407,10.922641,10.922641,11691487
2008-04-23,10.922641,10.977059,10.321503,10.373184,10.373184,6330774
2008-04-24,10.373184,10.751401,10.288945,10.664794,10.664794,5315206
2008-04-25,10.664794,11.494341,10.642469,11.470330,11.470330,5052898
2008-04-28,11.470330,11.484334,11.435699,11.449678,11.449678,9200738
2008-04-29,11.449678,11.707248,11.415494,11.672399,11.672399,6295980
2008-04-30,11.672399,11.957010,11.630515,11.914258,11.914258,4601347
2008-05-01,11.914258,11.942496,11.891795,11.920022,11.920022,9485490
2008-05-02,11.920022,12.048533,11.837882,11.966076,11.966076,7679058
2008-05-05,11.966076,11.975173,11.838639,11.847647,11.847647,7837412
2008-05-06,11.847647,11.906899,11.451076,11.508633,11.508633,6538104
2008-05-07,11.508633,11.523354,11.453850,11.468519,11.468519,7550812
2008-05-08,11.468519,11.755752,11.418703,11.704909,11.704909,7277910
2008-05-09,11.704909,12.030614,11.688296,12.013564,12.013564,5964202
2008-05-12,12.013564,12.420317,12.006148,12.412655,12.412655,3864571
2008-05-13,12.412655,12.424656,11.619933,11.631179,11.631179,3714238
2008-05-14,11.631179,12.004227,11.566872,11.938223,11.938223,5337419
2008-05-15,11.938223,11.999347,11.787305,11.847967,11.847967,7854101
2008-05-16,11.847967,11.950282,11.803310,11.905408,11.905408,4047949
2008-05-19,11.905408,12.612278,11.858503,12.562784,12.562784,6126686
2008-05-20,12.562784,12.848288,12.536206,12.821163,12.821163,4420553
2008-05-21,12.821163,12.842653,12.649988,12.671226,12.671226,10676722
2008-05-22,12.671226,12.686971,12.644452,12.660183,12.660183,4527882
2008-05-23,12.660183,13.160895,12.646656,13.146849,13.146849,9762030
2008-05-26,13.146849,13.178845,13.074723,13.106621,13.106621,4300498
2008-05-27,13.106621,13.159450,12.125561,12.174633,12.174633,10549234
2008-05-28,12.174633,12.419590,12.164211,12.408968,12.408968,16319677
2008-05-29,12.408968,12.456004,11.299142,11.342134,11.342134,15389706
2008-05-30,11.342134,11.376563,10.356490,10.388022,10.388022,5928856
2008-06-02,10.388022,10.432113,10.210149,10.253669,10.253669,5943421
2008-06-03,10.253669,10.305769,10.253081,10.305178,10.305178,6168689
2008-06-04,10.305178,10.359542,9.812356,9.864395,9.864395,6112173
2008-06-05,9.864395,10.180288,9.796228,10.110422,10.110422,7185011
2008-06-06,10.110422,10.562548,10.059637,10.509758,10.509758,6112492
2008-06-09,10.509758,10.853451,10.472022,10.814620,10.814620,3820586
2008-06-10,10.814620,11.233105,10.796405,11.214217,11.214217,4431397
2008-06-11,11.214217,11.253866,11.123662,11.163130,11.163130,7146420
2008-06-12,11.163130,11.526685,11.137548,11.500330,11.500330,10664803
2008-06-13,11.500330,11.695430,11.459525,11.654080,11.654080,5386895
2008-06-16,11.654080,11.973130,11.620931,11.939170,11.939170,8140609
2008-06-17,11.939170,12.461594,11.848373,12.367540,12.367540,7034847
2008-06-18,12.367540,12.568102,12.314320,12.514251,12.514251,5116980
2008-06-19,12.514251,13.450761,12.384836,13.313086,13.313086,8027736
2008-06-20,13.313086,13.330592,12.572754,12.589308,12.589308,5515898
2008-06-23,12.589308,12.717166,12.564468,12.692123,12.692123,7519191
2008-06-24,12.692123,12.713875,12.650864,12.672583,12.672583,4410525
2008-06-25,12.672583,12.692554,12.241716,12.261039,12.261039,5594415
2008-06-26,12.261039,12.326521,12.157886,12.223166,12.223166,4897681
2008-06-27,12.223166,12.308528,11.803463,11.886473,11.886473,5410009
2008-06-30,11.886473,13.268008,11.838987,13.215214,13.215214,3545440
2008-07-01,13.215214,13.223249,13.157659,13.165664,13.165664,7205969
2008-07-02,13.165664,13.224712,13.099587,13.158603,13.158603,4006012
2008-07-03,13.158603,13.206410,12.713870,12.760230,12.760230,7268173
2008-07-04,12.760230,12.807346,12.014850,12.059379,12.059379,6265570
2008-07-07,12.059379,12.077381,11.925759,11.943588,11.943588,5170157
2008-07-08,11.943588,11.976926,11.789404,11.822404,11.822404,4320120
2008-07-09,11.822404,12.035172,11.805873,12.018367,12.018367,5582915
2008-07-10,12.018367,12.066942,11.891437,11.939694,11.939694,6429983
2008-07-11,11.939694,12.000654,11.418852,11.477452,11.477452,10681844
2008-07-14,11.477452,11.621435,11.468095,11.611969,11.611969,4685882
2008-07-15,11.611969,12.494426,11.590395,12.471256,12.471256,6316707
2008-07-16,12.471256,13.098432,12.448469,13.074543,13.074543,7424812
2008-07-17,13.074543,13.205481,12.283334,12.407592,12.407592,8330326
2008-07-18,12.407592,13.065155,12.405778,13.063245,13.063245,5475255
2008-07-21,13.063245,13.119682,12.536169,12.590564,12.590564,11190602
2008-07-22,12.590564,12.609733,11.934461,11.952659,11.952659,5311972
2008-07-23,11.952659,12.038196,11.418912,11.501217,11.501217,8769702
2008-07-24,11.501217,12.162640,11.495269,12.156352,12.156352,5666006
2008-07-25,12.156352,12.165406,12.060126,12.069114,12.069114,11160309
2008-07-28,12.069114,12.113528,11.677603,11.720735,11.720735,6054300
2008-07-29,11.720735,12.059672,11.685639,12.023670,12.023670,7239424
2008-07-30,12.023670,12.503039,11.963060,12.440329,12.440329,5970780
2008-07-31,12.440329,12.555506,12.431373,12.546474,12.546474,5724904
2008-08-01,12.546474,12.888420,12.465844,12.806121,12.806121,6209852
2008-08-04,12.806121,12.843284,12.794514,12.831654,12.831654,7487327
2008-08-05,12.831654,12.864506,12.562456,12.594702,12.594702,2539203
2008-08-06,12.594702,12.607548,12.036245,12.048534,12.048534,8157067
2008-08-07,12.048534,12.065637,11.848136,11.864979,11.864979,3776927
2008-08-08,11.864979,11.875636,11.737832,11.748384,11.748384,5583473
2008-08-11,11.748384,11.781876,11.362359,11.394842,11.394842,5901773
2008-08-12,11.394842,11.395163,11.307888,11.308207,11.308207,3531743
2008-08-13,11.308207,11.319419,11.225670,11.236811,11.236811,7921397
2008-08-14,11.236811,11.292810,11.089726,11.145268,11.145268,6875167
2008-08-15,11.145268,11.698809,11.114437,11.666535,11.666535,6488411
2008-08-18,11.666535,12.335851,11.648546,12.316858,12.316858,6567511
2008-08-19,12.316858,12.327279,11.600974,11.610797,11.610797,6663724
2008-08-20,11.610797,11.663459,11.114872,11.165514,11.165514,4409236
2008-08-21,11.165514,11.806930,11.155713,11.796574,11.796574,4223015
2008-08-22,11.796574,11.850059,11.019361,11.069549,11.069549,10204538
2008-08-25,11.069549,11.195347,11.041389,11.166939,11.166939,3226947
2008-08-26,11.166939,11.188688,10.924826,10.946144,10.946144,3973924
2008-08-27,10.946144,10.966696,10.789618,10.809914,10.809914,7683759
2008-08-28,10.809914,10.816804,10.707084,10.713913,10.713913,7126616
2008-08-29,10.713913,12.467261,10.665543,12.411228,12.411228,4721237
2008-09-01,12.411228,12.708050,12.402412,12.699030,12.699030,8038593
2008-09-02,12.699030,12.726352,12.681041,12.708350,12.708350,9871361
2008-09-03,12.708350,12.724526,12.579534,12.595567,12.595567,12196992
2008-09-04,12.595567,12.645698,12.508317,12.558300,12.558300,4770680
2008-09-05,12.558300,12.601899,12.246790,12.289456,12.289456,3893652
2008-09-08,12.289456,12.374694,12.254434,12.339530,12.339530,4791312
2008-09-09,12.339530,12.694885,12.285565,12.639608,12.639608,7133584
2008-09-10,12.639608,12.731820,12.624825,12.716947,12.716947,3504418
2008-09-11,12.716947,12.734978,12.465810,12.483510,12.483510,4397265
2008-09-12,12.483510,12.588571,12.476149,12.581153,12.581153,9122113
2008-09-15,12.581153,12.739596,12.560207,12.718422,12.718422,7966934
2008-09-16,12.718422,12.864366,12.527417,12.672839,12.672839,5694896
2008-09-17,12.672839,13.462086,12.665619,13.454421,13.454421,5711767
2008-09-18,13.454421,13.530003,13.411910,13.487388,13.487388,2944308
2008-09-19,13.487388,13.687436,13.436024,13.635508,13.635508,4735651
2008-09-22,13.635508,13.771923,13.291109,13.425422,13.425422,5781097
2008-09-23,13.425422,13.441792,12.940246,12.956044,12.956044,4637653
2008-09-24,12.956044,12.971360,12.409178,12.423865,12.423865,7498601
2008-09-25,12.423865,12.898414,12.415368,12.889599,12.889599,5332941
2008-09-26,12.889599,12.889994,12.386346,12.386726,12.386726,7844233
2008-09-29,12.386726,12.438072,12.170505,12.221165,12.221165,5891292
2008-09-30,12.221165,12.405581,12.128005,12.311731,12.311731,6065067
2008-10-01,12.311731,12.713260,12.290599,12.691476,12.691476,6732401
2008-10-02,12.691476,12.857750,12.683991,12.850171,12.850171,6651171
2008-10-03,12.850171,15.237217,12.811479,15.191475,15.191475,4207462
2008-10-06,15.191475,15.223510,14.904944,14.936441,14.936441,7225089
2008-10-07,14.936441,15.067448,14.874989,15.005711,15.005711,8621530
2008-10-08,15.005711,15.102402,13.989801,14.080531,14.080531,8638346
2008-10-09,14.080531,14.121743,14.068128,14.109315,14.109315,3163233
2008-10-10,14.109315,14.187452,13.811542,13.888456,13.888456,6559353
2008-10-13,13.888456,14.056951,13.854959,14.023129,14.023129,5838452
2008-10-14,14.023129,14.046597,13.589444,13.612224,13.612224,3373904
2008-10-15,13.612224,13.687893,13.611282,13.686945,13.686945,4455290
2008-10-16,13.686945,13.690534,13.351932,13.355434,13.355434,3073093
2008-10-17,13.355434,13.461512,13.192550,13.298173,13.298173,6956678
2008-10-20,13.298173,13.308989,12.937627,12.948158,12.948158,5197544
2008-10-21,12.948158,13.605663,12.866488,13.520384,13.520384,6899518
2008-10-22,13.520384,13.558386,12.500931,12.536166,12.536166,5591482
2008-10-23,12.536166,12.637845,11.966441,12.064293,12.064293,3379232
2008-10-24,12.064293,12.349395,12.035334,12.319822,12.319822,6171055
2008-10-27,12.319822,12.472564,12.318241,12.470963,12.470963,4800676
2008-10-28,12.470963,12.479373,11.885027,11.893046,11.893046,4636749
2008-10-29,11.893046,11.938756,11.814111,11.859692,11.859692,5589855
2008-10-30,11.859692,11.879474,11.350890,11.369855,11.369855,8245396
2008-10-31,11.369855,11.448664,11.298674,11.377436,11.377436,3378051
2008-11-03,11.377436,11.433878,11.163192,11.218847,11.218847,9521536
2008-11-04,11.218847,11.276586,11.131867,11.189455,11.189455,6165568
2008-11-05,11.189455,11.206255,10.624780,10.640756,10.640756,4236587
2008-11-06,10.640756,11.325585,10.591240,11.273126,11.273126,4973425
2008-11-07,11.273126,11.497551,11.180173,11.403523,11.403523,4627047
2008-11-10,11.403523,11.487265,11.033725,11.115351,11.115351,5010844
2008-11-11,11.115351,11.646667,11.078776,11.608469,11.608469,3942873
2008-11-12,11.608469,11.669327,11.331523,11.391242,11.391242,5629934
2008-11-13,11.391242,11.414071,10.884721,10.906579,10.906579,9937737
2008-11-14,10.906579,10.910657,10.365952,10.369830,10.369830,7500466
2008-11-17,10.369830,10.385143,9.795406,9.809892,9.809892,3736119
2008-11-18,9.809892,9.819881,9.386313,9.395881,9.395881,5567726
2008-11-19,9.395881,10.002990,9.366927,9.972260,9.972260,6380158
2008-11-20,9.972260,9.993918,9.758340,9.779580,9.779580,3547946
2008-11-21,9.779580,9.908371,9.774213,9.902936,9.902936,13412719
2008-11-24,9.902936,9.915776,8.988351,9.000021,9.000021,9514820
2008-11-25,9.000021,9.050957,8.766366,8.816263,8.816263,5375520
2008-11-26,8.816263,8.830067,8.783280,8.797054,8.797054,6439664
2008-11-27,8.797054,8.812173,8.400809,8.415272,8.415272,4142665
2008-11-28,8.415272,9.469084,8.372561,9.421267,9.421267,6073533
2008-12-01,9.421267,9.720842,9.416951,9.716391,9.716391,3504698
2008-12-02,9.716391,9.772165,9.515740,9.570677,9.570677,5535867
2008-12-03,9.570677,9.892886,9.540819,9.862118,9.862118,5069423
2008-12-04,9.862118,10.026764,9.845629,10.010027,10.010027,6794355
2008-12-05,10.010027,10.683452,9.966871,10.637590,10.637590,6987495
2008-12-08,10.637590,11.348134,10.598851,11.306957,11.306957,5720926
2008-12-09,11.306957,11.345171,10.909938,10.946935,10.946935,10492408
2008-12-10,10.946935,10.947389,10.833962,10.834411,10.834411,7500791
2008-12-11,10.834411,10.855070,10.824691,10.845340,10.845340,10915271
2008-12-12,10.845340,10.965256,10.838610,10.958456,10.958456,2965059
2008-12-15,10.958456,10.994324,10.810908,10.846409,10.846409,3183007
2008-12-16,10.846409,10.980907,10.818283,10.952507,10.952507,4641413
2008-12-17,10.952507,11.517255,10.924109,11.487470,11.487470,3359124
2008-12-18,11.487470,11.592093,11.054783,11.156391,11.156391,5201420
2008-12-19,11.156391,11.774698,11.137858,11.755171,11.755171,6225347
2008-12-22,11.755171,11.920444,11.706059,11.870849,11.870849,9005175
2008-12-23,11.870849,11.946372,11.782835,11.858278,11.858278,6127499
2008-12-24,11.858278,12.011247,11.855270,12.008202,12.008202,7247950
2008-12-25,12.008202,12.273067,11.920521,12.184102,12.184102,4844760
2008-12-26,12.184102,12.267144,12.091620,12.174597,12.174597,3902924
2008-12-29,12.174597,12.422172,12.133324,12.380201,12.380201,7049331
2008-12-30,12.380201,12.547476,12.360522,12.527562,12.527562,6585252
2008-12-31,12.527562,12.589515,11.898721,11.957857,11.957857,5962112
2009-01-01,11.957857,11.996726,11.484282,11.521734,11.521734,4402551
2009-01-02,11.521734,11.590974,10.988711,11.055146,11.055146,7393720
2009-01-05,11.055146,11.275795,11.045210,11.265669,11.265669,6458782
2009-01-06,11.265669,11.344804,11.255258,11.334329,11.334329,4200996
2009-01-07,11.334329,11.364991,10.778771,10.808009,10.808009,5824658
2009-01-08,10.808009,10.811003,10.659327,10.662282,10.662282,5475489
2009-01-09,10.662282,10.711399,10.253419,10.300871,10.300871,7058773
2009-01-12,10.300871,10.383906,10.102109,10.184203,10.184203,3069728
2009-01-13,10.184203,10.669384,10.182645,10.667752,10.667752,7504260
2009-01-14,10.667752,10.803508,10.592592,10.727924,10.727924,5728797
2009-01-15,10.727924,10.803353,10.721526,10.796915,10.796915,7723586
2009-01-16,10.796915,10.825947,10.714307,10.743196,10.743196,8931107
2009-01-19,10.743196,10.757189,10.695678,10.709628,10.709628,5276870
2009-01-20,10.709628,11.216962,10.641827,11.146396,11.146396,9029196
2009-01-21,11.146396,11.218053,10.811044,10.880995,10.880995,6720765
2009-01-22,10.880995,11.256956,10.872628,11.248307,11.248307,5201640
2009-01-23,11.248307,11.262344,10.446748,10.459801,10.459801,6697102
2009-01-26,10.459801,10.765181,10.430481,10.735090,10.735090,10046247
2009-01-27,10.735090,10.794947,9.686444,9.740757,9.740757,6809558
2009-01-28,9.740757,10.035055,9.681929,9.974814,9.974814,4565358
2009-01-29,9.974814,10.374187,9.901470,10.298463,10.298463,5051837
2009-01-30,10.298463,10.308539,9.767989,9.777555,9.777555,11408794
2009-02-02,9.777555,9.782687,9.755515,9.760638,9.760638,6265054
2009-02-03,9.760638,9.876650,9.705230,9.820900,9.820900,6058223
2009-02-04,9.820900,10.256002,9.777364,10.210738,10.210738,6377159
2009-02-05,10.210738,10.234702,9.525991,9.548401,9.548401,5994572
2009-02-06,9.548401,9.573485,8.863377,8.886723,8.886723,4859593
2009-02-09,8.886723,8.968289,8.612597,8.692379,8.692379,6455702
2009-02-10,8.692379,8.741732,7.719797,7.763878,7.763878,6256028
2009-02-11,7.763878,7.875765,7.758304,7.870114,7.870114,10936976
2009-02-12,7.870114,7.895553,7.829662,7.855052,7.855052,6285994
2009-02-13,7.855052,7.868142,7.771144,7.784116,7.784116,4857424
2009-02-16,7.784116,7.788978,7.726752,7.731582,7.731582,3792256
2009-02-17,7.731582,7.795764,7.730887,7.795063,7.795063,4781613
2009-02-18,7.795063,8.264366,7.716834,8.182250,8.182250,3350035
2009-02-19,8.182250,8.200307,8.087330,8.105217,8.105217,5073033
2009-02-20,8.105217,8.180818,7.863680,7.937719,7.937719,5700647
2009-02-23,7.937719,8.084826,7.932390,8.079402,8.079402,8762821
2009-02-24,8.079402,8.080863,7.919956,7.921389,7.921389,8126589
2009-02-25,7.921389,7.967503,7.022164,7.063282,7.063282,4578918
2009-02-26,7.063282,7.208047,7.045433,7.189878,7.189878,5967070
2009-02-27,7.189878,7.792768,7.174801,7.776461,7.776461,3865980
2009-03-02,7.776461,7.826665,7.668419,7.718247,7.718247,4797796
2009-03-03,7.718247,8.055925,7.694643,8.031363,8.031363,5090864
2009-03-04,8.031363,8.452417,7.965101,8.383252,8.383252,3752260
2009-03-05,8.383252,8.987697,8.362156,8.965138,8.965138,7594479
2009-03-06,8.965138,8.989418,8.853582,8.877625,8.877625,9213164
2009-03-09,8.877625,8.912637,8.276421,8.309191,8.309191,6242249
2009-03-10,8.309191,8.331284,8.055706,8.077182,8.077182,5829029
2009-03-11,8.077182,8.173131,8.046167,8.141867,8.141867,5947719
2009-03-12,8.141867,8.170856,8.138283,8.167260,8.167260,5704634
2009-03-13,8.167260,8.260177,8.130406,8.223071,8.223071,6216318
2009-03-16,8.223071,8.281649,8.134691,8.193056,8.193056,5856192
2009-03-17,8.193056,8.195198,8.167168,8.169305,8.169305,5946176
2009-03-18,8.169305,8.178515,7.990398,7.999417,7.999417,6603934
2009-03-19,7.999417,8.037078,7.771799,7.808561,7.808561,7370977
2009-03-20,7.808561,7.894455,7.742571,7.828298,7.828298,5082544
2009-03-23,7.828298,7.857829,7.825857,7.855380,7.855380,11773504
2009-03-24,7.855380,7.862993,7.634931,7.642337,7.642337,9382822
2009-03-25,7.642337,7.654579,7.623966,7.636198,7.636198,5472054
2009-03-26,7.636198,7.655500,7.410320,7.429099,7.429099,4081995
2009-03-27,7.429099,7.453432,7.387966,7.412244,7.412244,11267063
2009-03-30,7.412244,7.498409,7.388265,7.474230,7.474230,5113445
2009-03-31,7.474230,7.713028,7.433017,7.670732,7.670732,5148719
2009-04-01,7.670732,7.705070,7.407250,7.440558,7.440558,4925684
2009-04-02,7.440558,7.493658,7.233070,7.285061,7.285061,5076495
2009-04-03,7.285061,7.440721,7.224993,7.379871,7.379871,3642877
2009-04-06,7.379871,7.398846,7.325857,7.344742,7.344742,4529836
2009-04-07,7.344742,7.543333,7.332333,7.530610,7.530610,6980086
2009-04-08,7.530610,7.702860,7.524397,7.696510,7.696510,5332333
2009-04-09,7.696510,7.763477,7.693513,7.760454,7.760454,8675178
2009-04-10,7.760454,7.778992,7.734191,7.752710,7.752710,6526646
2009-04-13,7.752710,7.855190,7.713181,7.815342,7.815342,4715258
2009-04-14,7.815342,7.869564,7.801819,7.855970,7.855970,6628379
2009-04-15,7.855970,8.070221,7.819005,8.032425,8.032425,7141481
2009-04-16,8.032425,8.110604,8.000374,8.078370,8.078370,7719199
2009-04-17,8.078370,8.170688,8.069623,8.161850,8.161850,7556149
2009-04-20,8.161850,8.191984,7.916725,7.946062,7.946062,4735529
2009-04-21,7.946062,7.973356,7.938756,7.966032,7.966032,5268203
2009-04-22,7.966032,7.978953,7.806461,7.819143,7.819143,4779659
2009-04-23,7.819143,7.849574,7.735179,7.765400,7.765400,5002000
2009-04-24,7.765400,8.046896,7.730067,8.010448,8.010448,3133265
2009-04-27,8.010448,8.027384,7.930835,7.947638,7.947638,5005547
2009-04-28,7.947638,7.969640,7.753983,7.775509,7.775509,4789333
2009-04-29,7.775509,7.806949,7.754111,7.785523,7.785523,8187396
2009-04-30,7.785523,7.883332,7.718942,7.816486,7.816486,9739327
2009-05-01,7.816486,7.873510,7.805069,7.862027,7.862027,6523168
2009-05-04,7.862027,7.957460,7.827881,7.923049,7.923049,12899644
2009-05-05,7.923049,7.933918,7.870690,7.881501,7.881501,10099100
2009-05-06,7.881501,7.919005,7.718167,7.755069,7.755069,7365980
2009-05-07,7.755069,7.999596,7.742562,7.986714,7.986714,6005028
2009-05-08,7.986714,8.095180,7.963982,8.072204,8.072204,4546260
2009-05-11,8.072204,8.073667,8.024999,8.026454,8.026454,9431375
2009-05-12,8.026454,8.199344,7.984150,8.156355,8.156355,6656290
2009-05-13,8.156355,8.249997,8.123034,8.216431,8.216431,4054605
2009-05-14,8.216431,8.267341,8.198647,8.249486,8.249486,5080755
2009-05-15,8.249486,8.279835,8.192795,8.223048,8.223048,4818739
2009-05-18,8.223048,8.284077,8.029746,8.089787,8.089787,6668399
2009-05-19,8.089787,8.254789,8.072717,8.237408,8.237408,2550374
2009-05-20,8.237408,8.290390,7.906840,7.958024,7.958024,6898706
2009-05-21,7.958024,8.147022,7.947750,8.136517,8.136517,5983676
2009-05-22,8.136517,8.187707,7.923856,7.974023,7.974023,6417411
2009-05-25,7.974023,8.111160,7.949307,8.086096,8.086096,9450927
2009-05-26,8.086096,8.142885,8.060485,8.117175,8.117175,8224462
2009-05-27,8.117175,8.199199,7.949246,8.030393,8.030393,6149977
2009-05-28,8.030393,8.037641,7.878962,7.886079,7.886079,7228024
2009-05-29,7.886079,8.098927,7.868055,8.080458,8.080458,7125651
2009-06-01,8.080458,8.099163,7.896184,7.914505,7.914505,7731194
2009-06-02,7.914505,7.966160,7.902859,7.954456,7.954456,5098674
2009-06-03,7.954456,7.972323,7.698842,7.716175,7.716175,5835209
2009-06-04,7.716175,7.744464,7.682693,7.710964,7.710964,3439348
2009-06-05,7.710964,7.714471,7.519296,7.522718,7.522718,10562502
2009-06-08,7.522718,7.529104,7.258936,7.265104,7.265104,13323296
2009-06-09,7.265104,7.375614,7.255740,7.366121,7.366121,6677191
2009-06-10,7.366121,7.385158,7.231377,7.250114,7.250114,8065463
2009-06-11,7.250114,7.274640,7.101467,7.125572,7.125572,3411967
2009-06-12,7.125572,7.352018,7.114075,7.340175,7.340175,5033308
2009-06-15,7.340175,7.427611,7.330969,7.418308,7.418308,4385222
2009-06-16,7.418308,7.443554,7.258148,7.282934,7.282934,4613402
2009-06-17,7.282934,7.334483,7.260801,7.312261,7.312261,4660858
2009-06-18,7.312261,7.325822,7.293428,7.306979,7.306979,4044796
2009-06-19,7.306979,7.515719,7.303613,7.512259,7.512259,5107921
2009-06-22,7.512259,7.600422,7.503888,7.591962,7.591962,7487853
2009-06-23,7.591962,7.609391,7.408508,7.425554,7.425554,3943565
2009-06-24,7.425554,7.471461,7.376771,7.422660,7.422660,4015713
2009-06-25,7.422660,7.496322,7.421636,7.495288,7.495288,5445091
2009-06-26,7.495288,7.536766,7.101834,7.141354,7.141354,7090593
2009-06-29,7.141354,7.150818,7.107076,7.116507,7.116507,11670741
2009-06-30,7.116507,7.219511,7.094955,7.197713,7.197713,5131204
2009-07-01,7.197713,7.263935,7.162036,7.228108,7.228108,5794611
2009-07-02,7.228108,7.250894,7.028535,7.050763,7.050763,11848795
2009-07-03,7.050763,7.101556,7.010666,7.061398,7.061398,6864510
2009-07-06,7.061398,7.235361,7.046912,7.220548,7.220548,4084377
2009-07-07,7.220548,7.607659,7.202146,7.588320,7.588320,4933499
2009-07-08,7.588320,7.603675,7.169733,7.184270,7.184270,3894691
2009-07-09,7.184270,7.193097,7.093577,7.102304,7.102304,8382507
2009-07-10,7.102304,7.187784,7.090470,7.175828,7.175828,7325818
2009-07-13,7.175828,7.256525,7.147180,7.227669,7.227669,4052267
2009-07-14,7.227669,7.237263,7.059734,7.069117,7.069117,2548230
2009-07-15,7.069117,7.081596,7.029094,7.041524,7.041524,4901287
2009-07-16,7.041524,7.111330,7.021335,7.090999,7.090999,7483948
2009-07-17,7.090999,7.129022,7.009475,7.047263,7.047263,7095945
2009-07-20,7.047263,7.062760,7.006039,7.021479,7.021479,8092242
2009-07-21,7.021479,7.091086,6.995971,7.065418,7.065418,9133035
2009-07-22,7.065418,7.282880,7.031199,7.247777,7.247777,6285218
2009-07-23,7.247777,7.546906,7.199823,7.497301,7.497301,5930727
2009-07-24,7.497301,7.513593,7.407561,7.423693,7.423693,4406817
2009-07-27,7.423693,7.430728,7.382093,7.389095,7.389095,9136010
2009-07-28,7.389095,7.415391,7.304125,7.330211,7.330211,4742109
2009-07-29,7.330211,7.386248,7.315685,7.371640,7.371640,10247660
2009-07-30,7.371640,7.479071,7.368512,7.475899,7.475899,5096144
2009-07-31,7.475899,7.481930,7.419893,7.425884,7.425884,9519961
2009-08-03,7.425884,7.428413,7.423425,7.425953,7.425953,6731790
2009-08-04,7.425953,7.514099,7.334995,7.423106,7.423106,3616512
2009-08-05,7.423106,7.473613,7.388842,7.439274,7.439274,5792272
2009-08-06,7.439274,7.472859,7.272997,7.305980,7.305980,5093296
2009-08-07,7.305980,7.434550,7.276422,7.404593,7.404593,6205988
2009-08-10,7.404593,7.731224,7.353373,7.678112,7.678112,5199240
2009-08-11,7.678112,7.681227,7.450282,7.453306,7.453306,3790905
2009-08-12,7.453306,7.503551,7.435913,7.486082,7.486082,6126451
2009-08-13,7.486082,7.571339,7.456114,7.541151,7.541151,4443933
2009-08-14,7.541151,7.589502,6.888375,6.932826,6.932826,4750763
2009-08-17,6.932826,6.940401,6.909500,6.917058,6.917058,7896159
2009-08-18,6.917058,7.228898,6.886606,7.197213,7.197213,5136220
2009-08-19,7.197213,7.436657,7.191682,7.430947,7.430947,3405907
2009-08-20,7.430947,7.508295,7.402131,7.479291,7.479291,4878248
2009-08-21,7.479291,7.551847,7.474296,7.546807,7.546807,6732904
2009-08-24,7.546807,7.597191,7.446069,7.496114,7.496114,5552628
2009-08-25,7.496114,7.509195,6.941370,6.953504,6.953504,5128176
2009-08-26,6.953504,6.957002,6.929733,6.933221,6.933221,2629388
2009-08-27,6.933221,6.938146,6.915302,6.920217,6.920217,8040326
2009-08-28,6.920217,6.934792,6.854125,6.868590,6.868590,9390557
2009-08-31,6.868590,7.052593,6.865119,7.049031,7.049031,3522622
2009-09-01,7.049031,7.067425,6.981227,6.999492,6.999492,3473048
2009-09-02,6.999492,7.001516,6.941184,6.943192,6.943192,7964928
2009-09-03,6.943192,7.209240,6.930506,7.196092,7.196092,4869339
2009-09-04,7.196092,7.206908,7.189275,7.200087,7.200087,2979059
2009-09-07,7.200087,7.600248,7.170995,7.569662,7.569662,5294046
2009-09-08,7.569662,7.609468,7.433948,7.473246,7.473246,9653337
2009-09-09,7.473246,7.616890,7.468397,7.611952,7.611952,7284903
2009-09-10,7.611952,7.623445,7.517089,7.528456,7.528456,4976303
2009-09-11,7.528456,7.688459,7.518464,7.678269,7.678269,6667594
2009-09-14,7.678269,7.770932,7.660720,7.753212,7.753212,2834345
2009-09-15,7.753212,7.787763,7.752323,7.786870,7.786870,5287167
2009-09-16,7.786870,7.793942,7.626609,7.633542,7.633542,4411732
2009-09-17,7.633542,7.633560,7.602646,7.602665,7.602665,2696462
2009-09-18,7.602665,7.606517,7.525028,7.528843,7.528843,9165474
2009-09-21,7.528843,7.622427,7.511126,7.604533,7.604533,6362188
2009-09-22,7.604533,7.677880,7.573371,7.646547,7.646547,8172385
2009-09-23,7.646547,7.690576,7.646091,7.690118,7.690118,12820280
2009-09-24,7.690118,7.730563,7.665618,7.706012,7.706012,3150175
2009-09-25,7.706012,7.777782,7.704576,7.776333,7.776333,5372442
2009-09-28,7.776333,7.816569,7.552017,7.591296,7.591296,9881715
2009-09-29,7.591296,7.683920,7.567004,7.659410,7.659410,7762272
2009-09-30,7.659410,7.668332,7.585114,7.593959,7.593959,4480237
2009-10-01,7.593959,7.608796,7.446863,7.461441,7.461441,6052619
2009-10-02,7.461441,7.643723,7.414840,7.596280,7.596280,4888577
2009-10-05,7.596280,7.618612,7.401405,7.423229,7.423229,7498731
2009-10-06,7.423229,7.510509,7.259574,7.345946,7.345946,3946913
2009-10-07,7.345946,7.372952,7.090785,7.116949,7.116949,5546720
2009-10-08,7.116949,7.186448,7.102964,7.172354,7.172354,5427669
2009-10-09,7.172354,7.251745,7.166581,7.245913,7.245913,10403707
2009-10-12,7.245913,7.330577,7.190339,7.274782,7.274782,14876184
2009-10-13,7.274782,7.283266,7.128458,7.136781,7.136781,8431466
2009-10-14,7.136781,7.179035,7.126506,7.168714,7.168714,10018745
2009-10-15,7.168714,7.198481,7.147988,7.177729,7.177729,5717817
2009-10-16,7.177729,7.378723,7.147598,7.347878,7.347878,3648033
2009-10-19,7.347878,7.533112,7.338754,7.523770,7.523770,6234052
2009-10-20,7.523770,7.643248,7.512693,7.632011,7.632011,9077115
2009-10-21,7.632011,7.640582,7.623016,7.631586,7.631586,7487271
2009-10-22,7.631586,7.718689,7.610259,7.697179,7.697179,7321862
2009-10-23,7.697179,7.735941,7.608025,7.646532,7.646532,6066594
2009-10-26,7.646532,7.673885,7.600857,7.628144,7.628144,7330203
2009-10-27,7.628144,7.684244,7.608631,7.664638,7.664638,16283885
2009-10-28,7.664638,7.750944,7.620073,7.706137,7.706137,6943251
2009-10-29,7.706137,7.816377,7.662196,7.772060,7.772060,7239358
2009-10-30,7.772060,7.898463,7.741116,7.867140,7.867140,6397902
2009-11-02,7.867140,7.891384,7.385864,7.408696,7.408696,4598257
2009-11-03,7.408696,7.422954,7.363374,7.377572,7.377572,5176928
2009-11-04,7.377572,7.413114,7.333800,7.369302,7.369302,8533839
2009-11-05,7.369302,7.480183,7.337530,7.448071,7.448071,3654948
2009-11-06,7.448071,7.576837,7.412365,7.540686,7.540686,8469420
2009-11-09,7.540686,7.690302,7.503580,7.652645,7.652645,5823693
2009-11-10,7.652645,7.676398,7.636838,7.660575,7.660575,5559312
2009-11-11,7.660575,7.682115,7.625719,7.647222,7.647222,4478820
2009-11-12,7.647222,7.683887,7.575192,7.611687,7.611687,4845743
2009-11-13,7.611687,7.639808,7.514529,7.542394,7.542394,8077776
2009-11-16,7.542394,7.676809,7.538193,7.672536,7.672536,4798780
2009-11-17,7.672536,7.805369,7.635336,7.767707,7.767707,3369754
2009-11-18,7.767707,7.769705,7.712799,7.714783,7.714783,6036248
2009-11-19,7.714783,8.022621,7.669231,7.975529,7.975529,4945205
2009-11-20,7.975529,8.285568,7.960285,8.269761,8.269761,5702939
2009-11-23,8.269761,8.486591,8.203137,8.418766,8.418766,5887362
2009-11-24,8.418766,8.482374,8.185546,8.247862,8.247862,7679765
2009-11-25,8.247862,8.249536,8.069579,8.071217,8.071217,3160142
2009-11-26,8.071217,8.124115,8.059367,8.112205,8.112205,7440965
2009-11-27,8.112205,8.185248,8.104678,8.177660,8.177660,3229650
2009-11-30,8.177660,8.247191,8.155658,8.225061,8.225061,11282291
2009-12-01,8.225061,8.236327,8.111666,8.122791,8.122791,11891377
2009-12-02,8.122791,8.127442,8.009982,8.014570,8.014570,7013801
2009-12-03,8.014570,8.054893,7.915962,7.955990,7.955990,12063947
2009-12-04,7.955990,7.957347,7.862893,7.864235,7.864235,10951188
2009-12-07,7.864235,7.909512,7.821387,7.866651,7.866651,3382022
2009-12-08,7.866651,7.884265,7.843733,7.861334,7.861334,8751669
2009-12-09,7.861334,7.869560,7.732562,7.740662,7.740662,4188499
2009-12-10,7.740662,7.758971,7.606991,7.625026,7.625026,5265401
2009-12-11,7.625026,7.710102,7.586297,7.671138,7.671138,4482180
2009-12-14,7.671138,7.693180,7.609425,7.631353,7.631353,2960378
2009-12-15,7.631353,7.893777,7.621633,7.883735,7.883735,7405421
2009-12-16,7.883735,8.147590,7.883236,8.147074,8.147074,4844160
2009-12-17,8.147074,8.164333,7.588872,7.604983,7.604983,4484400
2009-12-18,7.604983,7.625605,7.533225,7.553708,7.553708,6083849
2009-12-21,7.553708,7.585714,7.450466,7.482169,7.482169,7993180
2009-12-22,7.482169,7.626907,7.442895,7.587083,7.587083,6519783
2009-12-23,7.587083,7.739999,7.579099,7.731864,7.731864,7188312
2009-12-24,7.731864,7.860653,7.674445,7.802708,7.802708,7044144
2009-12-25,7.802708,7.814542,7.682449,7.694119,7.694119,5625474
2009-12-28,7.694119,7.744305,7.630011,7.680107,7.680107,7705937
2009-12-29,7.680107,7.699224,7.559183,7.578046,7.578046,5678497
2009-12-30,7.578046,7.602171,7.563478,7.587585,7.587585,6728336
2009-12-31,7.587585,7.736278,7.551060,7.699217,7.699217,8761673
2010-01-01,7.699217,7.734888,7.553254,7.588411,7.588411,7872659
2010-01-04,7.588411,7.615736,7.501139,7.528246,7.528246,8802565
2010-01-05,7.528246,7.659560,7.525521,7.656788,7.656788,12339307
2010-01-06,7.656788,7.702446,7.538257,7.583478,7.583478,4899695
2010-01-07,7.583478,7.614471,7.552141,7.583133,7.583133,6957550
2010-01-08,7.583133,7.633318,7.549964,7.600075,7.600075,4178535
2010-01-11,7.600075,7.606198,7.565199,7.571298,7.571298,3086349
2010-01-12,7.571298,7.742523,7.542475,7.713160,7.713160,5082716
2010-01-13,7.713160,7.743477,7.629724,7.659832,7.659832,4898518
2010-01-14,7.659832,7.733391,7.597261,7.670731,7.670731,4615693
2010-01-15,7.670731,7.904325,7.602584,7.834721,7.834721,4962088
2010-01-18,7.834721,7.949719,7.829222,7.944144,7.944144,3953205
2010-01-19,7.944144,7.962808,7.821438,7.839857,7.839857,3313424
2010-01-20,7.839857,7.958167,7.839084,7.957382,7.957382,4950057
2010-01-21,7.957382,8.199425,7.921112,8.162221,8.162221,6290528
2010-01-22,8.162221,8.201662,8.142816,8.182210,8.182210,5698871
2010-01-25,8.182210,8.492537,8.136273,8.445124,8.445124,8355170
2010-01-26,8.445124,8.447591,8.287960,8.290382,8.290382,4872043
2010-01-27,8.290382,8.366168,8.258009,8.333626,8.333626,5904626
2010-01-28,8.333626,8.338804,8.167393,8.172470,8.172470,3447284
2010-01-29,8.172470,8.193507,8.002658,8.023310,8.023310,7179790
2010-02-01,8.023310,8.096204,7.782685,7.854040,7.854040,5024603
2010-02-02,7.854040,7.975898,7.850490,7.972294,7.972294,4765586
2010-02-03,7.972294,8.252770,7.944715,8.224319,8.224319,4024396
2010-02-04,8.224319,8.243756,8.107169,8.126375,8.126375,6476405
2010-02-05,8.126375,8.139078,8.073096,8.085735,8.085735,5279842
2010-02-08,8.085735,8.136019,7.943467,7.993175,7.993175,6716040
2010-02-09,7.993175,8.371749,7.983086,8.361196,8.361196,8246679
2010-02-10,8.361196,8.525319,8.350534,8.514461,8.514461,4821049
2010-02-11,8.514461,8.593358,8.497027,8.575798,8.575798,8716734
2010-02-12,8.575798,8.637329,8.529619,8.591068,8.591068,5804195
2010-02-15,8.591068,8.601811,8.403706,8.414228,8.414228,3480357
2010-02-16,8.414228,8.531660,8.392803,8.509991,8.509991,3094589
2010-02-17,8.509991,8.551727,8.456219,8.497896,8.497896,6896991
2010-02-18,8.497896,8.520885,8.315581,8.338137,8.338137,7591260
2010-02-19,8.338137,8.338987,8.333021,8.333872,8.333872,8520030
2010-02-22,8.333872,8.372750,8.189874,8.228260,8.228260,5402261
2010-02-23,8.228260,8.333910,8.175864,8.281177,8.281177,8144018
2010-02-24,8.281177,8.283495,8.179596,8.181886,8.181886,5021555
2010-02-25,8.181886,8.416583,8.149968,8.383877,8.383877,2994867
2010-02-26,8.383877,8.774294,8.354856,8.744027,8.744027,4267037
2010-03-01,8.744027,8.758282,8.726423,8.740673,8.740673,9154413
2010-03-02,8.740673,8.777923,8.637643,8.674611,8.674611,12242330
2010-03-03,8.674611,9.184548,8.620936,9.128067,9.128067,7596176
2010-03-04,9.128067,9.244611,9.051960,9.168170,9.168170,5669645
2010-03-05,9.168170,9.179402,9.159877,9.171106,9.171106,4746682
2010-03-08,9.171106,9.404206,9.075892,9.307575,9.307575,5712960
2010-03-09,9.307575,9.520406,9.265054,9.477111,9.477111,3954244
2010-03-10,9.477111,9.573839,9.224701,9.319824,9.319824,13638260
2010-03-11,9.319824,9.342665,9.305962,9.328789,9.328789,2968992
2010-03-12,9.328789,9.349334,9.190103,9.210387,9.210387,7595993
2010-03-15,9.210387,9.522078,9.195307,9.506512,9.506512,6069490
2010-03-16,9.506512,9.563073,9.433195,9.489655,9.489655,6003196
2010-03-17,9.489655,9.922210,9.448278,9.879135,9.879135,7978272
2010-03-18,9.879135,9.892782,9.569541,9.582778,9.582778,7949864
2010-03-19,9.582778,9.604075,9.283255,9.303932,9.303932,8955114
2010-03-22,9.303932,9.306518,9.182631,9.185184,9.185184,4815141
2010-03-23,9.185184,9.357342,9.139897,9.311432,9.311432,5660294
2010-03-24,9.311432,9.374366,9.078047,9.139820,9.139820,8613480
2010-03-25,9.139820,9.175753,9.015210,9.050793,9.050793,3960939
2010-03-26,9.050793,9.099508,8.865136,8.913110,8.913110,3230133
2010-03-29,8.913110,8.972134,8.831578,8.890452,8.890452,4265491
2010-03-30,8.890452,8.910622,8.701015,8.720801,8.720801,4663123
2010-03-31,8.720801,8.831380,8.705869,8.816284,8.816284,7097607
2010-04-01,8.816284,8.818688,8.793926,8.796325,8.796325,4645283
2010-04-02,8.796325,8.800952,8.626494,8.631034,8.631034,4046433
2010-04-05,8.631034,8.756967,8.625451,8.751305,8.751305,5681444
2010-04-06,8.751305,8.751347,8.588297,8.588338,8.588338,4824421
2010-04-07,8.588338,8.844350,8.569905,8.825408,8.825408,3789812
2010-04-08,8.825408,8.830364,8.733424,8.738330,8.738330,4870010
2010-04-09,8.738330,8.872099,8.684203,8.817481,8.817481,4876831
2010-04-12,8.817481,8.897265,8.705318,8.784807,8.784807,5266458
2010-04-13,8.784807,8.822964,8.554044,8.591360,8.591360,7382444
2010-04-14,8.591360,8.723129,8.561463,8.692879,8.692879,5870842
2010-04-15,8.692879,8.795005,8.664939,8.766828,8.766828,8721721
2010-04-16,8.766828,8.780006,8.677093,8.690156,8.690156,3909175
2010-04-19,8.690156,8.724875,8.430608,8.464426,8.464426,6159890
2010-04-20,8.464426,8.569270,8.435588,8.540174,8.540174,7146853
2010-04-21,8.540174,8.881238,8.510290,8.850270,8.850270,4101088
2010-04-22,8.850270,8.864696,8.824132,8.838539,8.838539,5060240
2010-04-23,8.838539,8.921059,8.771744,8.854147,8.854147,5208483
2010-04-26,8.854147,8.877844,8.848805,8.872492,8.872492,4546958
2010-04-27,8.872492,9.157515,8.832745,9.116674,9.116674,4361643
2010-04-28,9.116674,9.725031,9.087664,9.694183,9.694183,4705597
2010-04-29,9.694183,9.723999,9.647675,9.677439,9.677439,8848254
2010-04-30,9.677439,9.790360,9.622855,9.735449,9.735449,17409323
2010-05-03,9.735449,9.832491,9.638088,9.735127,9.735127,6175038
2010-05-04,9.735127,9.776874,9.566450,9.607650,9.607650,6742517
2010-05-05,9.607650,9.717037,9.596545,9.705819,9.705819,4920040
2010-05-06,9.705819,9.989379,9.650823,9.933095,9.933095,3712626
2010-05-07,9.933095,9.938163,9.894528,9.899579,9.899579,5105772
2010-05-10,9.899579,9.943773,9.614513,9.657626,9.657626,6711554
2010-05-11,9.657626,10.008081,9.619326,9.968548,9.968548,7362904
2010-05-12,9.968548,10.009519,9.907121,9.948008,9.948008,2995436
2010-05-13,9.948008,10.013422,9.916468,9.981775,9.981775,7206557
2010-05-14,9.981775,10.009990,9.809107,9.836912,9.836912,6919397
2010-05-17,9.836912,9.971326,9.806069,9.940160,9.940160,3979849
2010-05-18,9.940160,9.941439,9.690647,9.691895,9.691895,7781118
2010-05-19,9.691895,9.704033,9.625751,9.637822,9.637822,5200464
2010-05-20,9.637822,9.653474,9.547353,9.562884,9.562884,5070193
2010-05-21,9.562884,9.661503,9.531470,9.629868,9.629868,4497062
2010-05-24,9.629868,9.676878,9.490616,9.537173,9.537173,10412821
2010-05-25,9.537173,9.577271,9.214154,9.253058,9.253058,6476236
2010-05-26,9.253058,9.643925,9.139291,9.526793,9.526793,3816519
2010-05-27,9.526793,9.684077,9.520375,9.677557,9.677557,3693235
2010-05-28,9.677557,9.879173,9.635432,9.836357,9.836357,5388026
2010-05-31,9.836357,10.199787,9.813626,10.176271,10.176271,5658755
2010-06-01,10.176271,10.201853,10.147501,10.173076,10.173076,4156761
2010-06-02,10.173076,10.242643,10.068034,10.137357,10.137357,4007250
2010-06-03,10.137357,10.157684,10.025626,10.045770,10.045770,4257431
2010-06-04,10.045770,10.066337,9.923522,9.943881,9.943881,5047896
2010-06-07,9.943881,9.978072,9.573203,9.606234,9.606234,6773535
2010-06-08,9.606234,9.783071,9.579248,9.755665,9.755665,4590705
2010-06-09,9.755665,9.853115,9.679781,9.777065,9.777065,8545002
2010-06-10,9.777065,9.794861,9.760245,9.778040,9.778040,7120523
2010-06-11,9.778040,9.814250,9.687489,9.723498,9.723498,6530533
2010-06-14,9.723498,9.772209,9.711155,9.759820,9.759820,6825190
2010-06-15,9.759820,9.813514,9.712903,9.766565,9.766565,7650389
2010-06-16,9.766565,9.899097,9.739168,9.871406,9.871406,4422472
2010-06-17,9.871406,9.972488,9.850278,9.951189,9.951189,5422988
2010-06-18,9.951189,10.016302,9.695417,9.759274,9.759274,5214649
2010-06-21,9.759274,9.895798,9.749544,9.885942,9.885942,9168494
2010-06-22,9.885942,9.924098,9.542288,9.579260,9.579260,6001697
2010-06-23,9.579260,9.580064,9.318372,9.319153,9.319153,9648046
2010-06-24,9.319153,9.341675,9.253632,9.276049,9.276049,6858859
2010-06-25,9.276049,9.287040,9.268633,9.279621,9.279621,13622786
2010-06-28,9.279621,9.301111,9.258148,9.279637,9.279637,7623700
2010-06-29,9.279637,9.339046,9.143160,9.202072,9.202072,12351384
2010-06-30,9.202072,9.361906,9.121238,9.280384,9.280384,4786853
2010-07-01,9.280384,9.324589,8.938943,8.981726,8.981726,5795969
2010-07-02,8.981726,8.991267,8.838186,8.847585,8.847585,5970731
2010-07-05,8.847585,8.967026,8.844546,8.963947,8.963947,3515297
2010-07-06,8.963947,9.036113,8.950480,9.022557,9.022557,4666525
2010-07-07,9.022557,9.284027,9.006740,9.267780,9.267780,4074961
2010-07-08,9.267780,9.369182,9.265809,9.367190,9.367190,6921221
2010-07-09,9.367190,9.534155,9.313711,9.480031,9.480031,9592849
2010-07-12,9.480031,9.553166,9.466766,9.539817,9.539817,6034476
2010-07-13,9.539817,9.552776,9.527457,9.540415,9.540415,2858399
2010-07-14,9.540415,9.555419,9.495609,9.510567,9.510567,2831836
2010-07-15,9.510567,9.674115,9.482688,9.645840,9.645840,5193461
2010-07-16,9.645840,9.723506,9.593369,9.670899,9.670899,9110456
2010-07-19,9.670899,9.942228,9.655423,9.926342,9.926342,6774687
2010-07-20,9.926342,9.996724,9.641075,9.709923,9.709923,5808601
2010-07-21,9.709923,9.711228,9.138105,9.139334,9.139334,4234558
2010-07-22,9.139334,9.324108,9.122477,9.306942,9.306942,3991511
2010-07-23,9.306942,9.484994,9.271123,9.448630,9.448630,3816457
2010-07-26,9.448630,9.477516,9.231093,9.259401,9.259401,7447452
2010-07-27,9.259401,9.555530,9.208915,9.503713,9.503713,5731659
2010-07-28,9.503713,9.581980,9.344662,9.422259,9.422259,11864907
2010-07-29,9.422259,9.541598,9.406696,9.525864,9.525864,8296847
2010-07-30,9.525864,9.584611,9.489621,9.548282,9.548282,4067197
2010-08-02,9.548282,9.589885,9.509107,9.550700,9.550700,11340460
2010-08-03,9.550700,9.559869,9.446636,9.455714,9.455714,4716824
2010-08-04,9.455714,9.462133,9.437183,9.443594,9.443594,8729773
2010-08-05,9.443594,9.498785,9.215065,9.269236,9.269236,5611486
2010-08-06,9.269236,9.336940,9.230848,9.298431,9.298431,3553753
2010-08-09,9.298431,9.302428,8.986663,8.990528,8.990528,5941861
2010-08-10,8.990528,9.083042,8.961622,9.053932,9.053932,3309492
2010-08-11,9.053932,9.063208,8.502521,8.511241,8.511241,5297693
2010-08-12,8.511241,8.595797,8.436053,8.520527,8.520527,12272654
2010-08-13,8.520527,8.558016,8.230971,8.267346,8.267346,6136177
2010-08-16,8.267346,8.284419,8.255102,8.272167,8.272167,5121355
2010-08-17,8.272167,8.315458,8.254780,8.298016,8.298016,3351942
2010-08-18,8.298016,8.690914,8.267108,8.658662,8.658662,10609489
2010-08-19,8.658662,8.702063,8.394592,8.436882,8.436882,4819835
2010-08-20,8.436882,8.447845,8.338941,8.349791,8.349791,6832103
2010-08-23,8.349791,8.354378,8.089641,8.094087,8.094087,7259372
2010-08-24,8.094087,8.133451,7.859122,7.897529,7.897529,9332784
2010-08-25,7.897529,7.902752,7.879366,7.884580,7.884580,6503855
2010-08-26,7.884580,8.036696,7.826637,7.978066,7.978066,5723086
2010-08-27,7.978066,8.052117,7.965607,8.039562,8.039562,2741535
2010-08-30,8.039562,8.353769,8.039186,8.353378,8.353378,3399268
2010-08-31,8.353378,8.386895,8.199419,8.232451,8.232451,2070513
2010-09-01,8.232451,8.497812,8.219521,8.484487,8.484487,10063080
2010-09-02,8.484487,8.696825,8.480211,8.692445,8.692445,5504533
2010-09-03,8.692445,8.745568,8.683497,8.736575,8.736575,5773654
2010-09-06,8.736575,8.772146,8.599701,8.634858,8.634858,7291515
2010-09-07,8.634858,9.011583,8.593476,8.968601,8.968601,3786100
2010-09-08,8.968601,9.017012,8.759558,8.807096,8.807096,5062755
2010-09-09,8.807096,8.844239,8.803211,8.840339,8.840339,7619105
2010-09-10,8.840339,9.197460,8.799125,9.154781,9.154781,6052746
2010-09-13,9.154781,9.189217,8.613963,8.646487,8.646487,4836060
2010-09-14,8.646487,8.681551,8.467814,8.502293,8.502293,5868883
2010-09-15,8.502293,8.537216,8.331413,8.365775,8.365775,6996213
2010-09-16,8.365775,8.441981,8.261629,8.337579,8.337579,13352888
2010-09-17,8.337579,8.360455,8.331591,8.354454,8.354454,7915149
2010-09-20,8.354454,8.441266,8.304166,8.390760,8.390760,6591130
2010-09-21,8.390760,8.427589,8.210323,8.246519,8.246519,6199330
2010-09-22,8.246519,8.257639,8.210420,8.221507,8.221507,4565631
2010-09-23,8.221507,8.251271,7.947908,7.976787,7.976787,6081304
2010-09-24,7.976787,7.977794,7.778123,7.779105,7.779105,7451489
2010-09-27,7.779105,7.828287,7.610254,7.658674,7.658674,6326192
2010-09-28,7.658674,7.692500,7.537664,7.571103,7.571103,4137859
2010-09-29,7.571103,7.601418,7.549231,7.579522,7.579522,3798142
2010-09-30,7.579522,7.595300,7.484730,7.500343,7.500343,7853944
2010-10-01,7.500343,7.506346,7.473649,7.479635,7.479635,9543014
2010-10-04,7.479635,7.484868,7.390667,7.395841,7.395841,6722568
2010-10-05,7.395841,7.399220,7.242375,7.245685,7.245685,4446745
2010-10-06,7.245685,7.290659,7.141217,7.185819,7.185819,5090961
2010-10-07,7.185819,7.186050,7.150964,7.151193,7.151193,2862568
2010-10-08,7.151193,7.349558,7.081356,7.278478,7.278478,5877551
2010-10-11,7.278478,7.315792,7.108967,7.145599,7.145599,6759406
2010-10-12,7.145599,7.182862,6.994373,7.031039,7.031039,2604483
2010-10-13,7.031039,7.175970,7.007378,7.151903,7.151903,6094582
2010-10-14,7.151903,7.589550,7.136470,7.573208,7.573208,9462331
2010-10-15,7.573208,7.582687,7.405195,7.414475,7.414475,5824162
2010-10-18,7.414475,7.456833,7.367117,7.409446,7.409446,7616919
2010-10-19,7.409446,7.440451,7.336055,7.366881,7.366881,4340482
2010-10-20,7.366881,7.530835,7.334273,7.497649,7.497649,11656741
2010-10-21,7.497649,7.527465,7.425008,7.454653,7.454653,3537096
2010-10-22,7.454653,7.638211,7.451136,7.634609,7.634609,6100961
2010-10-25,7.634609,7.661502,7.232557,7.258124,7.258124,4859839
2010-10-26,7.258124,7.274047,7.100235,7.115846,7.115846,8919243
2010-10-27,7.115846,7.186586,7.085794,7.156363,7.156363,6941854
2010-10-28,7.156363,7.227892,7.148608,7.220069,7.220069,5492781
2010-10-29,7.220069,7.285269,7.078738,7.143244,7.143244,6204755
2010-11-01,7.143244,7.239092,7.124420,7.220065,7.220065,5911476
2010-11-02,7.220065,7.272253,7.215317,7.267473,7.267473,4115888
2010-11-03,7.267473,7.335460,7.258041,7.325952,7.325952,6464394
2010-11-04,7.325952,7.387329,7.122634,7.182811,7.182811,5806613
2010-11-05,7.182811,7.222071,7.139994,7.179234,7.179234,5098141
2010-11-08,7.179234,7.190603,7.082770,7.094005,7.094005,8794744
2010-11-09,7.094005,7.378983,7.085428,7.370073,7.370073,7575814
2010-11-10,7.370073,7.390904,7.337582,7.358379,7.358379,3716694
2010-11-11,7.358379,7.432126,7.334445,7.408031,7.408031,3605796
2010-11-12,7.408031,7.444271,7.181699,7.217005,7.217005,6801045
2010-11-15,7.217005,7.273549,7.161197,7.217735,7.217735,6093490
2010-11-16,7.217735,7.218570,7.182725,7.183556,7.183556,6384100
2010-11-17,7.183556,7.197423,7.175320,7.189181,7.189181,3642101
2010-11-18,7.189181,7.198450,7.124091,7.133289,7.133289,7634795
2010-11-19,7.133289,7.137207,7.073607,7.077494,7.077494,7345561
2010-11-22,7.077494,7.205007,7.059602,7.186839,7.186839,4380152
2010-11-23,7.186839,7.334326,7.185948,7.333417,7.333417,6388118
2010-11-24,7.333417,7.374181,7.331350,7.372102,7.372102,3400246
2010-11-25,7.372102,7.524183,7.331317,7.482786,7.482786,5624615
2010-11-26,7.482786,7.515948,7.480497,7.513650,7.513650,4735677
2010-11-29,7.513650,7.551447,7.501962,7.539718,7.539718,2358732
2010-11-30,7.539718,7.651663,7.513957,7.625609,7.625609,4051329
2010-12-01,7.625609,7.645480,7.429719,7.449130,7.449130,7555257
2010-12-02,7.449130,7.473520,7.433899,7.458269,7.458269,8540799
2010-12-03,7.458269,7.554360,7.438407,7.534296,7.534296,9807106
2010-12-06,7.534296,7.541205,7.232612,7.239250,7.239250,5013893
2010-12-07,7.239250,7.354861,7.220452,7.335812,7.335812,6896688
2010-12-08,7.335812,7.508847,7.321081,7.493800,7.493800,4529783
2010-12-09,7.493800,7.660866,7.433418,7.599631,7.599631,2844599
2010-12-10,7.599631,7.807961,7.598923,7.807234,7.807234,7699435
2010-12-13,7.807234,7.813524,7.735406,7.741644,7.741644,6841309
2010-12-14,7.741644,7.754831,7.651850,7.664906,7.664906,6030552
2010-12-15,7.664906,7.900439,7.641412,7.876298,7.876298,3301552
2010-12-16,7.876298,7.998876,7.815551,7.937656,7.937656,2452193
2010-12-17,7.937656,7.994219,7.767847,7.823596,7.823596,10415608
2010-12-20,7.823596,7.865787,7.723713,7.765591,7.765591,5196161
2010-12-21,7.765591,7.792649,7.639670,7.666383,7.666383,6879002
2010-12-22,7.666383,7.731366,7.646403,7.711269,7.711269,5098788
2010-12-23,7.711269,7.728269,7.500466,7.517038,7.517038,5518293
2010-12-24,7.517038,7.584061,7.515457,7.582466,7.582466,6736188
2010-12-27,7.582466,7.674054,7.579511,7.671064,7.671064,15157251
2010-12-28,7.671064,7.698718,7.607664,7.635188,7.635188,6128363
2010-12-29,7.635188,7.647682,7.508166,7.520472,7.520472,3307250
2010-12-30,7.520472,7.561469,7.417041,7.457695,7.457695,4610512
2010-12-31,7.457695,7.470733,7.446033,7.459068,7.459068,5989256
2011-01-03,7.459068,7.609927,7.447537,7.598180,7.598180,8213715
2011-01-04,7.598180,7.627239,7.595669,7.624720,7.624720,5557764
2011-01-05,7.624720,7.639534,7.395769,7.410166,7.410166,5517993
2011-01-06,7.410166,7.423883,7.371817,7.385488,7.385488,4111751
2011-01-07,7.385488,7.499261,7.351310,7.464717,7.464717,4468397
2011-01-10,7.464717,8.108853,7.437112,8.078977,8.078977,5355620
2011-01-11,8.078977,8.079922,7.899489,7.900414,7.900414,3452277
2011-01-12,7.900414,7.963018,7.749702,7.811602,7.811602,12655640
2011-01-13,7.811602,8.056533,7.805879,8.050635,8.050635,4307963
2011-01-14,8.050635,8.198578,8.016485,8.163948,8.163948,3951916
2011-01-17,8.163948,8.180223,7.978909,7.994847,7.994847,5767120
2011-01-18,7.994847,8.105857,7.973836,8.084611,8.084611,3096120
2011-01-19,8.084611,8.148987,7.805478,7.868130,7.868130,5545453
2011-01-20,7.868130,7.871580,7.614789,7.618129,7.618129,8897866
2011-01-21,7.618129,7.625594,7.347939,7.355146,7.355146,6218061
2011-01-24,7.355146,7.391533,7.317767,7.354150,7.354150,7747296
2011-01-25,7.354150,7.428410,7.305955,7.380045,7.380045,8382579
2011-01-26,7.380045,7.644086,7.362506,7.625962,7.625962,7332341
2011-01-27,7.625962,7.726888,7.566260,7.666866,7.666866,10154971
2011-01-28,7.666866,7.695999,7.565254,7.594111,7.594111,4764606
2011-01-31,7.594111,7.630334,7.576365,7.612545,7.612545,9315107
2011-02-01,7.612545,7.772818,7.600977,7.761024,7.761024,7626804
2011-02-02,7.761024,7.873800,7.748226,7.860837,7.860837,6524969
2011-02-03,7.860837,7.901072,7.659980,7.699388,7.699388,11491791
2011-02-04,7.699388,7.749162,7.468895,7.517493,7.517493,4979557
2011-02-07,7.517493,7.536688,7.361112,7.379955,7.379955,10805116
2011-02-08,7.379955,7.415799,7.369562,7.405370,7.405370,4092399
2011-02-09,7.405370,7.492284,7.395292,7.482101,7.482101,3674290
2011-02-10,7.482101,7.527404,7.461365,7.506600,7.506600,5126547
2011-02-11,7.506600,7.688607,7.467641,7.648909,7.648909,7870156
2011-02-14,7.648909,7.681790,7.637846,7.670696,7.670696,11603524
2011-02-15,7.670696,7.717259,7.567437,7.613655,7.613655,3003673
2011-02-16,7.613655,7.803936,7.606005,7.796104,7.796104,6219502
2011-02-17,7.796104,7.842828,7.753827,7.800527,7.800527,2420964
2011-02-18,7.800527,7.828497,7.723182,7.750974,7.750974,5404880
2011-02-21,7.750974,7.791095,7.715362,7.755461,7.755461,3884831
2011-02-22,7.755461,7.877213,7.733744,7.855216,7.855216,7585217
2011-02-23,7.855216,7.888514,7.640514,7.673039,7.673039,7638699
2011-02-24,7.673039,7.745457,7.637279,7.709527,7.709527,4364523
2011-02-25,7.709527,7.857126,7.689577,7.836847,7.836847,6739632
2011-02-28,7.836847,7.846911,7.737264,7.747213,7.747213,8085374
2011-03-01,7.747213,7.919076,7.697564,7.868649,7.868649,7172429
2011-03-02,7.868649,7.972566,7.840162,7.943807,7.943807,9937171
2011-03-03,7.943807,7.959089,7.743797,7.758724,7.758724,3458088
2011-03-04,7.758724,7.792134,7.546727,7.579365,7.579365,6015956
2011-03-07,7.579365,7.622081,7.425196,7.467281,7.467281,5321496
2011-03-08,7.467281,7.632605,7.438051,7.602845,7.602845,6898637
2011-03-09,7.602845,7.677843,7.595956,7.670892,7.670892,5000725
2011-03-10,7.670892,7.686807,7.551067,7.566766,7.566766,5888820
2011-03-11,7.566766,7.724261,7.524326,7.681179,7.681179,5510856
2011-03-14,7.681179,7.691417,7.656223,7.666441,7.666441,6722064
2011-03-15,7.666441,7.682369,7.462342,7.477879,7.477879,9731534
2011-03-16,7.477879,7.558379,7.471043,7.551476,7.551476,11741923
2011-03-17,7.551476,7.580176,7.533199,7.561873,7.561873,3439861
2011-03-18,7.561873,7.810142,7.517211,7.764284,7.764284,7342830
2011-03-21,7.764284,7.836807,7.749170,7.821582,7.821582,9257152
2011-03-22,7.821582,7.984340,7.817151,7.979820,7.979820,6049976
2011-03-23,7.979820,8.063982,7.958935,8.042932,8.042932,11719430
2011-03-24,8.042932,8.108174,8.024020,8.089153,8.089153,6079927
2011-03-25,8.089153,8.106088,7.982787,7.999535,7.999535,6124658
2011-03-28,7.999535,8.024195,7.886879,7.911266,7.911266,4822298
2011-03-29,7.911266,7.955839,7.908620,7.953178,7.953178,12457194
2011-03-30,7.953178,7.966999,7.848384,7.862046,7.862046,5546938
2011-03-31,7.862046,7.930577,7.814962,7.883365,7.883365,4354152
2011-04-01,7.883365,8.080104,7.841546,8.037468,8.037468,4973790
2011-04-04,8.037468,8.086656,8.033790,8.082958,8.082958,4348384
2011-04-05,8.082958,8.157371,7.847508,7.920425,7.920425,3911777
2011-04-06,7.920425,8.020958,7.880432,7.980661,7.980661,8903689
2011-04-07,7.980661,8.027561,7.884817,7.931429,7.931429,3472364
2011-04-08,7.931429,7.963348,7.871470,7.903276,7.903276,6910572
2011-04-11,7.903276,7.906048,7.761895,7.764619,7.764619,7387268
2011-04-12,7.764619,8.205160,7.760167,8.200458,8.200458,6509200
2011-04-13,8.200458,8.221310,8.129407,8.150131,8.150131,7704672
2011-04-14,8.150131,8.234301,8.000572,8.084060,8.084060,6423524
2011-04-15,8.084060,8.151106,8.060116,8.127036,8.127036,5421576
2011-04-18,8.127036,8.189550,8.115036,8.177476,8.177476,5812211
2011-04-19,8.177476,8.315383,8.146581,8.284086,8.284086,4600824
2011-04-20,8.284086,8.298520,8.165063,8.179314,8.179314,6436306
2011-04-21,8.179314,8.180333,8.052676,8.053679,8.053679,4099649
2011-04-22,8.053679,8.126164,8.005612,8.077953,8.077953,6808578
2011-04-25,8.077953,8.637376,8.029043,8.585393,8.585393,8194814
2011-04-26,8.585393,8.591107,8.372518,8.378093,8.378093,11720357
2011-04-27,8.378093,8.489184,8.321787,8.432512,8.432512,3847415
2011-04-28,8.432512,8.771005,8.409000,8.746616,8.746616,8071898
2011-04-29,8.746616,8.802281,8.563265,8.618112,8.618112,7029700
2011-05-02,8.618112,8.624177,8.404357,8.410275,8.410275,6317279
2011-05-03,8.410275,8.491459,8.384992,8.466009,8.466009,7617356
2011-05-04,8.466009,8.543029,8.437700,8.514558,8.514558,8124476
2011-05-05,8.514558,8.911983,8.461502,8.856794,8.856794,4232040
2011-05-06,8.856794,8.880493,8.714634,8.738015,8.738015,9263558
2011-05-09,8.738015,8.803925,8.727800,8.793644,8.793644,5432806
2011-05-10,8.793644,8.916887,8.759241,8.882137,8.882137,6999640
2011-05-11,8.882137,9.004407,8.822096,8.943948,8.943948,6419623
2011-05-12,8.943948,9.153786,8.922155,9.131536,9.131536,3980870
2011-05-13,9.131536,9.197097,9.009559,9.074712,9.074712,9565328
2011-05-16,9.074712,9.078663,8.865212,8.869074,8.869074,4098646
2011-05-17,8.869074,9.085149,8.839735,9.055194,9.055194,8029715
2011-05-18,9.055194,9.282522,9.054405,9.281713,9.281713,5103090
2011-05-19,9.281713,9.416390,9.220030,9.354225,9.354225,7882022
2011-05-20,9.354225,9.416190,9.223274,9.284779,9.284779,5046352
2011-05-23,9.284779,9.299836,9.279544,9.294595,9.294595,3731938
2011-05-24,9.294595,9.712796,9.253623,9.670168,9.670168,6425034
2011-05-25,9.670168,9.685287,9.393371,9.408081,9.408081,9617030
2011-05-26,9.408081,9.416653,9.239291,9.247717,9.247717,5360851
2011-05-27,9.247717,9.259817,9.156735,9.168731,9.168731,5138898
2011-05-30,9.168731,9.192538,9.064608,9.088206,9.088206,9105926
2011-05-31,9.088206,9.311055,9.031433,9.253251,9.253251,10824593
2011-06-01,9.253251,9.304004,9.176233,9.226841,9.226841,5120908
2011-06-02,9.226841,9.257474,8.958300,8.988141,8.988141,6564700
2011-06-03,8.988141,9.018895,8.930295,8.960957,8.960957,7837671
2011-06-06,8.960957,9.152208,8.942391,9.133285,9.133285,3999735
2011-06-07,9.133285,9.751676,9.078154,9.693166,9.693166,8274643
2011-06-08,9.693166,9.738205,9.676116,9.721106,9.721106,3049219
2011-06-09,9.721106,9.896897,9.630760,9.805764,9.805764,3884143
2011-06-10,9.805764,9.937475,9.769865,9.901226,9.901226,8892752
2011-06-13,9.901226,9.961016,9.882712,9.942425,9.942425,4862717
2011-06-14,9.942425,9.995945,9.567116,9.618894,9.618894,5233332
2011-06-15,9.618894,9.654763,9.520042,9.555675,9.555675,5147236
2011-06-16,9.555675,9.612889,9.535191,9.592326,9.592326,4906065
2011-06-17,9.592326,9.629787,9.316801,9.353329,9.353329,7660884
2011-06-20,9.353329,9.474759,9.274296,9.395371,9.395371,8547212
2011-06-21,9.395371,9.637337,9.327086,9.567799,9.567799,6592354
2011-06-22,9.567799,9.587584,9.453554,9.473143,9.473143,4720194
2011-06-23,9.473143,9.492034,9.426008,9.444843,9.444843,7409605
2011-06-24,9.444843,9.565299,9.436781,9.557141,9.557141,3831157
2011-06-27,9.557141,9.648218,9.486223,9.577151,9.577151,8755473
2011-06-28,9.577151,9.598668,9.431399,9.452636,9.452636,6203614
2011-06-29,9.452636,9.511021,9.407598,9.465920,9.465920,7089209
2011-06-30,9.465920,9.600878,9.396883,9.531364,9.531364,5261777
2011-07-01,9.531364,9.569727,9.499591,9.537932,9.537932,5666786
2011-07-04,9.537932,9.618874,9.368834,9.449022,9.449022,6055246
2011-07-05,9.449022,9.450348,9.265658,9.266959,9.266959,8193461
2011-07-06,9.266959,9.552301,9.194423,9.478113,9.478113,6178518
2011-07-07,9.478113,9.489706,9.468904,9.480495,9.480495,6186507
2011-07-08,9.480495,9.692527,9.467616,9.679378,9.679378,3518555
2011-07-11,9.679378,10.129206,9.628504,10.076246,10.076246,6639902
2011-07-12,10.076246,10.082311,9.721754,9.727609,9.727609,5069317
2011-07-13,9.727609,9.763504,9.484949,9.520078,9.520078,4471688
2011-07-14,9.520078,9.765806,9.489255,9.734289,9.734289,7525023
2011-07-15,9.734289,9.939756,9.710201,9.915220,9.915220,4789374
2011-07-18,9.915220,10.135537,9.885397,10.105143,10.105143,5796947
2011-07-19,10.105143,10.116440,10.055380,10.066634,10.066634,7382723
2011-07-20,10.066634,10.124954,9.992314,10.050540,10.050540,3856796
2011-07-21,10.050540,10.155939,10.015068,10.120222,10.120222,6901945
2011-07-22,10.120222,10.294889,10.113119,10.287669,10.287669,8508499
2011-07-25,10.287669,10.381655,10.161132,10.254817,10.254817,3627362
2011-07-26,10.254817,10.309166,10.138303,10.192320,10.192320,3868380
2011-07-27,10.192320,10.212091,10.141265,10.160974,10.160974,4728610
2011-07-28,10.160974,10.244293,10.148536,10.231768,10.231768,8956966
2011-07-29,10.231768,10.243802,10.172782,10.184760,10.184760,3141572
2011-08-01,10.184760,10.444296,10.130707,10.389158,10.389158,4533178
2011-08-02,10.389158,10.552096,10.367485,10.530129,10.530129,5460471
2011-08-03,10.530129,10.606825,10.503613,10.580184,10.580184,6848875
2011-08-04,10.580184,10.933169,10.560401,10.912765,10.912765,4804271
2011-08-05,10.912765,10.945839,10.496795,10.528706,10.528706,7283946
2011-08-08,10.528706,10.712241,10.478850,10.661755,10.661755,3604359
2011-08-09,10.661755,10.793973,10.643351,10.775373,10.775373,10959888
2011-08-10,10.775373,10.779107,10.531989,10.535641,10.535641,6121470
2011-08-11,10.535641,10.544197,10.416923,10.425390,10.425390,3757171
2011-08-12,10.425390,10.444058,10.362697,10.381286,10.381286,8553590
2011-08-15,10.381286,10.760833,10.344296,10.722627,10.722627,6305062
2011-08-16,10.722627,10.886286,10.715803,10.879362,10.879362,10110999
2011-08-17,10.879362,10.892141,10.703709,10.716297,10.716297,7666918
2011-08-18,10.716297,10.759445,10.005587,10.046037,10.046037,9855825
2011-08-19,10.046037,10.772074,10.020517,10.744779,10.744779,7831161
2011-08-22,10.744779,10.767794,10.653827,10.676696,10.676696,4909097
2011-08-23,10.676696,10.691000,10.492109,10.506185,10.506185,4739040
2011-08-24,10.506185,10.528487,10.299290,10.321200,10.321200,5773129
2011-08-25,10.321200,10.455338,10.305236,10.439191,10.439191,4671534
2011-08-26,10.439191,10.656753,10.420121,10.637321,10.637321,9481489
2011-08-29,10.637321,10.652271,10.375553,10.390156,10.390156,6689071
2011-08-30,10.390156,10.637119,10.347309,10.593433,10.593433,7099548
2011-08-31,10.593433,10.622138,10.582794,10.611481,10.611481,5003688
2011-09-01,10.611481,10.737534,10.531401,10.657109,10.657109,11796504
2011-09-02,10.657109,10.673497,10.271532,10.287351,10.287351,4246007
2011-09-05,10.287351,10.498176,10.233099,10.443103,10.443103,7537764
2011-09-06,10.443103,10.800707,10.427401,10.784491,10.784491,5710039
2011-09-07,10.784491,11.138570,10.759796,11.113122,11.113122,4954818
2011-09-08,11.113122,11.140062,10.842339,10.868687,10.868687,7697935
2011-09-09,10.868687,10.942646,10.595867,10.668464,10.668464,7032721
2011-09-12,10.668464,10.669598,10.617615,10.618743,10.618743,4169790
2011-09-13,10.618743,10.714494,10.447726,10.542792,10.542792,7304072
2011-09-14,10.542792,10.603762,10.432917,10.493603,10.493603,4740632
2011-09-15,10.493603,10.509337,10.233930,10.249299,10.249299,7543189
2011-09-16,10.249299,10.262990,10.099341,10.112850,10.112850,5248486
2011-09-19,10.112850,10.432794,10.112642,10.432579,10.432579,3733739
2011-09-20,10.432579,10.599232,10.356724,10.522722,10.522722,3601436
2011-09-21,10.522722,10.535002,10.226791,10.238740,10.238740,5845315
2011-09-22,10.238740,10.256419,10.198226,10.215865,10.215865,12536014
2011-09-23,10.215865,10.417695,10.209132,10.410833,10.410833,5528328
2011-09-26,10.410833,10.434276,10.355515,10.378885,10.378885,5949664
2011-09-27,10.378885,10.529314,10.312121,10.462015,10.462015,2988617
2011-09-28,10.462015,10.554555,10.075756,10.165675,10.165675,5619811
2011-09-29,10.165675,10.220780,9.713055,9.765994,9.765994,6548441
2011-09-30,9.765994,9.871209,9.759524,9.864674,9.864674,4304618
2011-10-03,9.864674,9.979532,9.848575,9.963272,9.963272,3972421
2011-10-04,9.963272,10.157802,9.922333,10.116236,10.116236,4446855
2011-10-05,10.116236,10.154818,9.864761,9.902529,9.902529,7594960
2011-10-06,9.902529,10.211976,9.889520,10.198579,10.198579,3701660
2011-10-07,10.198579,10.259167,9.926939,9.986265,9.986265,7107833
2011-10-10,9.986265,10.012227,9.927037,9.952912,9.952912,5935147
2011-10-11,9.952912,9.969363,9.788003,9.804208,9.804208,4933204
2011-10-12,9.804208,9.930946,9.726163,9.852516,9.852516,5862522
2011-10-13,9.852516,9.941997,9.794292,9.883589,9.883589,6032677
2011-10-14,9.883589,9.888018,9.642493,9.646817,9.646817,6938462
2011-10-17,9.646817,9.801057,9.642603,9.796778,9.796778,3692161
2011-10-18,9.796778,9.817529,9.560812,9.581106,9.581106,5252689
2011-10-19,9.581106,9.588218,9.481658,9.488701,9.488701,8360196
2011-10-20,9.488701,9.498430,9.414374,9.424036,9.424036,3594661
2011-10-21,9.424036,9.442761,9.251828,9.270248,9.270248,6587426
2011-10-24,9.270248,9.315354,9.228795,9.273885,9.273885,11111963
2011-10-25,9.273885,9.435597,9.260562,9.422062,9.422062,8425973
2011-10-26,9.422062,9.507145,9.387438,9.472337,9.472337,4434194
2011-10-27,9.472337,9.538311,9.456189,9.522079,9.522079,5377817
2011-10-28,9.522079,10.036461,9.494730,10.007717,10.007717,8522017
2011-10-31,10.007717,10.209919,10.005980,10.208147,10.208147,6634603
2011-11-01,10.208147,10.216854,10.111458,10.120089,10.120089,4000718
2011-11-02,10.120089,10.132445,9.922665,9.934794,9.934794,2506498
2011-11-03,9.934794,9.977756,9.628984,9.670804,9.670804,3170273
2011-11-04,9.670804,9.721715,9.594300,9.645076,9.645076,8948216
2011-11-07,9.645076,9.670334,9.544691,9.569751,9.569751,8136969
2011-11-08,9.569751,9.849718,9.482531,9.760757,9.760757,6474962
2011-11-09,9.760757,9.830985,9.678279,9.748419,9.748419,13029714
2011-11-10,9.748419,9.916116,9.715124,9.882364,9.882364,5768928
2011-11-11,9.882364,9.908597,9.667161,9.692892,9.692892,3803292
2011-11-14,9.692892,9.728604,9.609581,9.645118,9.645118,4587985
2011-11-15,9.645118,9.659479,9.450185,9.464277,9.464277,5868398
2011-11-16,9.464277,9.688979,9.459012,9.683592,9.683592,8906854
2011-11-17,9.683592,9.708707,9.591802,9.616744,9.616744,6312443
2011-11-18,9.616744,9.725164,9.592002,9.700208,9.700208,6725965
2011-11-21,9.700208,9.730231,9.488260,9.517719,9.517719,4381418
2011-11-22,9.517719,9.541500,9.497232,9.521006,9.521006,7876440
2011-11-23,9.521006,9.545635,9.299787,9.323906,9.323906,6763823
2011-11-24,9.323906,9.334134,9.320894,9.331119,9.331119,3265928
2011-11-25,9.331119,9.343866,9.229392,9.242017,9.242017,5979050
2011-11-28,9.242017,9.296299,9.225166,9.279380,9.279380,7180573
2011-11-29,9.279380,9.333819,9.131174,9.185060,9.185060,7935229
2011-11-30,9.185060,9.185732,9.133922,9.134591,9.134591,3104169
2011-12-01,9.134591,9.214789,9.128030,9.208175,9.208175,3282935
2011-12-02,9.208175,9.557672,9.195609,9.544646,9.544646,10385361
2011-12-05,9.544646,9.563102,9.461995,9.480326,9.480326,4115112
2011-12-06,9.480326,9.526421,9.329428,9.375011,9.375011,7097981
2011-12-07,9.375011,9.443537,9.301725,9.370215,9.370215,8929288
2011-12-08,9.370215,9.396060,9.258205,9.283812,9.283812,5893072
2011-12-09,9.283812,9.432809,9.250275,9.398857,9.398857,4992694
2011-12-12,9.398857,9.524592,9.367840,9.493263,9.493263,5705405
2011-12-13,9.493263,9.533677,9.357123,9.397127,9.397127,6142306
2011-12-14,9.397127,9.521459,9.329738,9.453665,9.453665,3000594
2011-12-15,9.453665,9.461523,9.404691,9.412515,9.412515,3685661
2011-12-16,9.412515,9.590058,9.408781,9.586254,9.586254,6666468
2011-12-19,9.586254,9.779481,9.521374,9.713737,9.713737,9230959
2011-12-20,9.713737,9.795723,9.529337,9.610451,9.610451,6075261
2011-12-21,9.610451,9.988726,9.564042,9.940723,9.940723,4685779
2011-12-22,9.940723,9.967800,9.833510,9.860368,9.860368,5579008
2011-12-23,9.860368,9.951134,9.807117,9.897680,9.897680,8484678
2011-12-26,9.897680,9.902761,9.855966,9.861028,9.861028,5302009
2011-12-27,9.861028,9.877395,9.834408,9.850758,9.850758,4975123
2011-12-28,9.850758,10.037955,9.843633,10.030699,10.030699,12807141
2011-12-29,10.030699,10.102906,9.723364,9.793866,9.793866,10614246
2011-12-30,9.793866,9.833807,9.738542,9.778421,9.778421,5849051
2012-01-02,9.778421,9.786543,9.445918,9.453770,9.453770,2831551
2012-01-03,9.453770,9.686285,9.424414,9.656300,9.656300,3935259
2012-01-04,9.656300,9.656343,9.622608,9.622650,9.622650,6547959
2012-01-05,9.622650,9.705312,9.612945,9.695534,9.695534,7603168
2012-01-06,9.695534,9.892069,9.651104,9.846945,9.846945,6345275
2012-01-09,9.846945,10.002335,9.845921,10.001294,10.001294,3342296
2012-01-10,10.001294,10.172537,9.932270,10.102812,10.102812,8001051
2012-01-11,10.102812,10.115001,10.062068,10.074222,10.074222,3240231
2012-01-12,10.074222,10.075209,10.073716,10.074703,10.074703,3632858
2012-01-13,10.074703,10.175949,9.980403,10.081584,10.081584,6717596
2012-01-16,10.081584,10.196353,10.081442,10.196209,10.196209,11113331
2012-01-17,10.196209,10.420551,10.113157,10.336357,10.336357,3673643
2012-01-18,10.336357,10.345325,10.233631,10.242517,10.242517,6056538
2012-01-19,10.242517,10.433856,10.213253,10.404130,10.404130,7129569
2012-01-20,10.404130,10.533009,10.326168,10.454668,10.454668,6680379
2012-01-23,10.454668,10.553865,10.071087,10.167559,10.167559,9081690
2012-01-24,10.167559,10.406369,10.136920,10.375105,10.375105,8075106
2012-01-25,10.375105,10.446265,10.235046,10.305731,10.305731,5821557
2012-01-26,10.305731,10.370094,10.110279,10.173818,10.173818,4776544
2012-01-27,10.173818,10.302779,10.142745,10.271408,10.271408,7160284
2012-01-30,10.271408,10.568478,10.270521,10.567566,10.567566,14765447
2012-01-31,10.567566,10.587275,10.061918,10.080719,10.080719,6368653
2012-02-01,10.080719,10.110057,9.850814,9.879566,9.879566,5611645
2012-02-02,9.879566,9.959498,9.866421,9.946265,9.946265,4382180
2012-02-03,9.946265,9.973035,9.810377,9.836853,9.836853,3945668
2012-02-06,9.836853,10.118336,9.802965,10.083598,10.083598,4832234
2012-02-07,10.083598,10.178178,10.023541,10.117917,10.117917,4506079
2012-02-08,10.117917,10.154424,10.109408,10.145891,10.145891,3558669
2012-02-09,10.145891,10.223367,9.967479,10.044177,10.044177,8471791
2012-02-10,10.044177,10.073644,10.005078,10.034516,10.034516,8584570
2012-02-13,10.034516,10.159960,9.956293,10.081372,10.081372,4731740
2012-02-14,10.081372,10.196432,10.010399,10.125151,10.125151,4190238
2012-02-15,10.125151,10.621083,10.108100,10.603227,10.603227,4266751
2012-02-16,10.603227,10.730461,10.578815,10.705813,10.705813,7067236
2012-02-17,10.705813,10.736090,10.514767,10.544588,10.544588,6863493
2012-02-20,10.544588,10.641797,10.513335,10.610349,10.610349,5623442
2012-02-21,10.610349,10.816029,10.529318,10.734053,10.734053,8425620
2012-02-22,10.734053,11.019142,10.687019,10.971070,10.971070,9600860
2012-02-23,10.971070,11.050880,10.909741,10.989448,10.989448,6429401
2012-02-24,10.989448,11.183107,10.980479,11.173987,11.173987,12107086
2012-02-27,11.173987,11.339035,11.152458,11.317230,11.317230,8036081
2012-02-28,11.317230,11.443664,11.208010,11.334280,11.334280,5386822
2012-02-29,11.334280,11.397286,11.081111,11.143054,11.143054,5144904
2012-03-01,11.143054,11.464128,11.054418,11.373658,11.373658,5090292
2012-03-02,11.373658,11.813045,11.258991,11.695137,11.695137,6011083
2012-03-05,11.695137,12.179853,11.583614,12.064804,12.064804,9398302
2012-03-06,12.064804,12.075743,11.994658,12.005543,12.005543,8616309
2012-03-07,12.005543,12.070494,11.680439,11.743976,11.743976,6974271
2012-03-08,11.743976,11.782718,11.638261,11.676781,11.676781,3574039
2012-03-09,11.676781,11.677994,11.471939,11.473131,11.473131,4657769
2012-03-12,11.473131,11.839463,11.393306,11.757659,11.757659,3198252
2012-03-13,11.757659,11.829150,11.668551,11.739935,11.739935,6424757
2012-03-14,11.739935,11.822709,11.712495,11.795140,11.795140,7996292
2012-03-15,11.795140,12.273956,11.777493,12.255619,12.255619,11721113
2012-03-16,12.255619,12.343432,12.109822,12.197216,12.197216,5822019
2012-03-19,12.197216,12.267008,12.095494,12.165103,12.165103,8444368
2012-03-20,12.165103,12.245109,11.967625,12.046853,12.046853,6245630
2012-03-21,12.046853,12.095511,11.981072,12.029661,12.029661,5447876
2012-03-22,12.029661,12.158292,12.026601,12.155200,12.155200,4071037
2012-03-23,12.155200,12.159568,12.094807,12.099155,12.099155,6733513
2012-03-26,12.099155,12.362388,12.011283,12.273252,12.273252,5902446
2012-03-27,12.273252,12.342705,11.859292,11.926784,11.926784,7209113
2012-03-28,11.926784,11.956169,11.753575,11.782604,11.782604,5055897
2012-03-29,11.782604,12.425779,11.681382,12.319941,12.319941,4930364
2012-03-30,12.319941,12.451806,12.273348,12.404891,12.404891,8761322
2012-04-02,12.404891,12.515830,12.357054,12.467751,12.467751,7041624
2012-04-03,12.467751,12.526821,12.424338,12.483354,12.483354,7605887
2012-04-04,12.483354,12.519702,12.057407,12.092617,12.092617,4058767
2012-04-05,12.092617,12.305717,12.091827,12.304913,12.304913,6480924
2012-04-06,12.304913,12.414145,12.097963,12.206320,12.206320,15030481
2012-04-09,12.206320,12.372899,12.161928,12.328065,12.328065,3701293
2012-04-10,12.328065,12.382852,11.951469,12.004820,12.004820,6675802
2012-04-11,12.004820,12.151692,11.983700,12.130352,12.130352,3504568
2012-04-12,12.130352,12.349405,12.083976,12.302372,12.302372,4398509
2012-04-13,12.302372,12.331562,12.130796,12.159646,12.159646,6749637
2012-04-16,12.159646,12.172615,12.088625,12.101531,12.101531,2786811
2012-04-17,12.101531,12.365083,12.031884,12.294326,12.294326,6348404
2012-04-18,12.294326,12.446441,12.212654,12.364304,12.364304,10971600
2012-04-19,12.364304,12.531638,12.100646,12.266659,12.266659,5989460
2012-04-20,12.266659,12.275587,11.992791,12.001526,12.001526,5450819
2012-04-23,12.001526,12.139890,11.949545,12.087537,12.087537,7474735
2012-04-24,12.087537,12.131858,11.963687,12.007716,12.007716,8880121
2012-04-25,12.007716,12.231976,11.997041,12.221112,12.221112,5624107
2012-04-26,12.221112,12.283035,12.192162,12.254007,12.254007,8241797
2012-04-27,12.254007,12.258769,11.962003,11.966654,11.966654,4770366
2012-04-30,11.966654,12.092218,11.928691,12.053978,12.053978,7905217
2012-05-01,12.053978,12.102538,11.921950,11.970172,11.970172,6526736
2012-05-02,11.970172,12.279496,11.888195,12.195973,12.195973,8274143
2012-05-03,12.195973,12.367176,12.111778,12.282384,12.282384,7321225
2012-05-04,12.282384,12.859464,12.182118,12.755337,12.755337,3413932
2012-05-07,12.755337,12.792479,12.752003,12.789136,12.789136,5424845
2012-05-08,12.789136,12.807825,12.551271,12.569640,12.569640,5070518
2012-05-09,12.569640,12.645134,12.032961,12.105668,12.105668,4147848
2012-05-10,12.105668,12.357776,12.051792,12.303021,12.303021,7615293
2012-05-11,12.303021,12.529649,12.266875,12.492944,12.492944,7160277
2012-05-14,12.492944,12.612099,12.456250,12.575163,12.575163,6508381
2012-05-15,12.575163,12.936384,12.494723,12.854158,12.854158,6040470
2012-05-16,12.854158,12.879986,12.791482,12.817236,12.817236,8233928
2012-05-17,12.817236,12.957108,12.752423,12.891917,12.891917,3874429
2012-05-18,12.891917,12.893015,12.597139,12.598213,12.598213,10855713
2012-05-21,12.598213,12.618838,12.567369,12.587978,12.587978,4123929
2012-05-22,12.587978,12.601865,12.527594,12.541431,12.541431,3229728
2012-05-23,12.541431,12.912663,12.460088,12.829453,12.829453,7353952
2012-05-24,12.829453,12.839777,12.797146,12.807452,12.807452,12050797
2012-05-25,12.807452,12.929067,12.798794,12.920333,12.920333,5118810
2012-05-28,12.920333,12.920345,12.853549,12.853560,12.853560,5689152
2012-05-29,12.853560,12.936225,12.610681,12.692309,12.692309,6045694
2012-05-30,12.692309,12.821543,12.607455,12.736394,12.736394,7126528
2012-05-31,12.736394,12.775298,12.166652,12.203930,12.203930,5932530
2012-06-01,12.203930,12.272292,12.123852,12.192148,12.192148,6533516
2012-06-04,12.192148,12.224885,12.172561,12.205277,12.205277,7647105
2012-06-05,12.205277,12.439504,12.183314,12.417159,12.417159,10543079
2012-06-06,12.417159,12.483534,12.404455,12.470776,12.470776,3885624
2012-06-07,12.470776,12.531689,12.215377,12.275336,12.275336,6216281
2012-06-08,12.275336,12.546757,12.248668,12.519558,12.519558,4958468
2012-06-11,12.519558,12.639924,12.450216,12.570302,12.570302,7335220
2012-06-12,12.570302,12.716929,12.532698,12.679001,12.679001,6853766
2012-06-13,12.679001,12.752992,12.576703,12.650528,12.650528,5439048
2012-06-14,12.650528,12.947562,12.637182,12.933917,12.933917,7719875
2012-06-15,12.933917,13.249380,12.863056,13.177186,13.177186,5330287
2012-06-18,13.177186,13.658936,13.007532,13.485315,13.485315,3880675
2012-06-19,13.485315,13.540672,13.348894,13.403917,13.403917,11687465
2012-06-20,13.403917,13.977297,13.335249,13.906058,13.906058,7824938
2012-06-21,13.906058,13.951108,13.758759,13.803477,13.803477,7241512
2012-06-22,13.803477,13.868408,13.786384,13.851256,13.851256,2807847
2012-06-25,13.851256,13.915121,13.622915,13.686018,13.686018,5998865
2012-06-26,13.686018,13.789692,13.366957,13.468986,13.468986,7089861
2012-06-27,13.468986,13.805332,13.456197,13.792235,13.792235,9491194
2012-06-28,13.792235,13.805904,13.680109,13.693680,13.693680,5650306
2012-06-29,13.693680,13.728051,13.472034,13.505935,13.505935,10296089
2012-07-02,13.505935,13.531279,13.293857,13.318850,13.318850,7882480
2012-07-03,13.318850,13.419411,13.016979,13.116008,13.116008,4652189
2012-07-04,13.116008,13.178070,12.962336,13.023962,13.023962,4574625
2012-07-05,13.023962,13.035192,12.989194,13.000404,13.000404,8419839
2012-07-06,13.000404,13.045830,12.799492,12.844373,12.844373,5312365
2012-07-09,12.844373,13.239276,12.821085,13.215315,13.215315,10746066
2012-07-10,13.215315,13.381015,13.164819,13.330081,13.330081,6669146
2012-07-11,13.330081,13.709876,13.311716,13.691015,13.691015,10800682
2012-07-12,13.691015,13.763925,13.353441,13.424934,13.424934,4052807
2012-07-13,13.424934,13.509484,13.404487,13.488940,13.488940,4222837
2012-07-16,13.488940,14.004379,13.437665,13.951347,13.951347,16818897
2012-07-17,13.951347,13.980738,13.943050,13.972429,13.972429,3688900
2012-07-18,13.972429,14.002098,13.914760,13.944369,13.944369,6820779
2012-07-19,13.944369,14.343100,13.912409,14.310301,14.310301,3936453
2012-07-20,14.310301,14.317267,14.143507,14.150396,14.150396,8902449
2012-07-23,14.150396,14.250649,14.093177,14.193258,14.193258,4586371
2012-07-24,14.193258,14.281773,13.743169,13.829415,13.829415,7442329
2012-07-25,13.829415,14.023340,13.757412,13.950705,13.950705,8599323
2012-07-26,13.950705,14.362116,13.902990,14.313161,14.313161,6381515
2012-07-27,14.313161,14.325212,14.186131,14.198085,14.198085,5280383
2012-07-30,14.198085,14.522141,14.103076,14.425610,14.425610,7394397
2012-07-31,14.425610,14.699236,14.282460,14.554804,14.554804,7728699
2012-08-01,14.554804,14.718085,14.211252,14.372487,14.372487,13095151
2012-08-02,14.372487,14.392094,14.133581,14.152888,14.152888,10854210
2012-08-03,14.152888,14.182439,13.964742,13.993960,13.993960,5493762
2012-08-06,13.993960,14.876286,13.988018,14.869972,14.869972,10745373
2012-08-07,14.869972,15.655690,14.763511,15.544401,15.544401,4465992
2012-08-08,15.544401,15.809153,15.527692,15.792178,15.792178,5542064
2012-08-09,15.792178,15.907853,15.212044,15.324293,15.324293,4714749
2012-08-10,15.324293,15.327716,15.186947,15.190340,15.190340,7454460
2012-08-13,15.190340,15.195754,14.848868,14.854163,14.854163,4387452
2012-08-14,14.854163,15.125428,14.822163,15.092914,15.092914,6900916
2012-08-15,15.092914,15.141838,14.969282,15.017963,15.017963,4484263
2012-08-16,15.017963,15.063271,14.886325,14.931372,14.931372,6234855
2012-08-17,14.931372,15.355378,14.814405,15.236024,15.236024,5990422
2012-08-20,15.236024,15.701009,15.235826,15.700805,15.700805,8889432
2012-08-21,15.700805,15.726614,15.697667,15.723472,15.723472,3818636
2012-08-22,15.723472,15.767977,15.404379,15.448105,15.448105,6840033
2012-08-23,15.448105,15.769166,15.407701,15.728030,15.728030,4766921
2012-08-24,15.728030,15.808645,15.581015,15.661288,15.661288,5131647
2012-08-27,15.661288,16.027007,15.549494,15.913413,15.913413,6707972
2012-08-28,15.913413,16.089991,15.772195,15.948462,15.948462,9634423
2012-08-29,15.948462,15.990271,15.924392,15.966174,15.966174,5316500
2012-08-30,15.966174,16.201226,15.952600,16.187464,16.187464,6170479
2012-08-31,16.187464,16.283926,16.048630,16.144838,16.144838,7063698
2012-09-03,16.144838,16.148616,15.698617,15.702292,15.702292,8258061
2012-09-04,15.702292,15.925053,15.570776,15.792779,15.792779,4491313
2012-09-05,15.792779,15.924624,15.782572,15.914339,15.914339,3957193
2012-09-06,15.914339,15.955777,15.476784,15.517189,15.517189,5324000
2012-09-07,15.517189,15.608655,15.450327,15.541688,15.541688,7519262
2012-09-10,15.541688,15.581039,15.159504,15.197985,15.197985,6494617
2012-09-11,15.197985,15.484017,15.124952,15.409965,15.409965,5306212
2012-09-12,15.409965,15.559078,15.364273,15.513079,15.513079,5064949
2012-09-13,15.513079,15.572310,15.434437,15.493592,15.493592,3986759
2012-09-14,15.493592,15.542143,15.352643,15.400903,15.400903,11239688
2012-09-17,15.400903,17.010467,15.279303,16.877211,16.877211,8700329
2012-09-18,16.877211,16.910266,15.980747,16.012107,16.012107,10677058
2012-09-19,16.012107,16.025908,15.997282,16.011082,16.011082,4594536
2012-09-20,16.011082,16.440329,16.005177,16.434269,16.434269,8958415
2012-09-21,16.434269,16.578589,15.950208,16.091519,16.091519,9102345
2012-09-24,16.091519,16.413978,16.088989,16.411399,16.411399,6568267
2012-09-25,16.411399,16.623864,16.395393,16.607667,16.607667,6301863
2012-09-26,16.607667,16.717405,16.395005,16.504059,16.504059,3764887
2012-09-27,16.504059,16.523440,16.488000,16.507378,16.507378,6343385
2012-09-28,16.507378,16.563882,16.322952,16.379017,16.379017,9246499
2012-10-01,16.379017,16.447875,15.659349,15.725459,15.725459,5085036
2012-10-02,15.725459,15.734161,15.658201,15.666871,15.666871,6824893
2012-10-03,15.666871,15.712595,15.353141,15.398080,15.398080,7797719
2012-10-04,15.398080,15.418225,15.211404,15.231332,15.231332,4353392
2012-10-05,15.231332,15.244982,14.951145,14.964556,14.964556,9230661
2012-10-08,14.964556,15.012555,14.888237,14.936144,14.936144,3970911
2012-10-09,14.936144,15.017604,14.874923,14.956300,14.956300,5717024
2012-10-10,14.956300,15.008489,14.882941,14.935055,14.935055,10050160
2012-10-11,14.935055,14.990681,14.490503,14.544675,14.544675,8263985
2012-10-12,14.544675,14.578716,14.455842,14.489754,14.489754,4796576
2012-10-15,14.489754,14.544822,14.301621,14.356181,14.356181,8123441
2012-10-16,14.356181,14.664273,14.305333,14.612517,14.612517,10743013
2012-10-17,14.612517,14.864120,14.537449,14.788150,14.788150,8701651
2012-10-18,14.788150,14.791011,14.565103,14.567922,14.567922,3784037
2012-10-19,14.567922,14.802665,14.537277,14.771592,14.771592,4069921
2012-10-22,14.771592,14.816368,14.677411,14.722037,14.722037,7506168
2012-10-23,14.722037,14.868759,14.682101,14.828534,14.828534,7084762
2012-10-24,14.828534,14.992539,14.765061,14.928638,14.928638,10607971
2012-10-25,14.928638,14.928701,14.920632,14.920696,14.920696,4007217
2012-10-26,14.920696,14.939542,14.625005,14.643501,14.643501,5522118
2012-10-29,14.643501,14.920215,14.630965,14.907452,14.907452,6337119
2012-10-30,14.907452,14.994067,14.877456,14.963957,14.963957,5793377
2012-10-31,14.963957,15.149858,14.940634,15.126282,15.126282,7698588
2012-11-01,15.126282,15.276804,15.111762,15.262153,15.262153,4712544
2012-11-02,15.262153,15.348547,15.085073,15.170952,15.170952,5230471
2012-11-05,15.170952,15.220878,15.002805,15.052341,15.052341,2493918
2012-11-06,15.052341,15.285716,14.981161,15.213773,15.213773,5606466
2012-11-07,15.213773,15.327020,15.176569,15.289631,15.289631,8822514
2012-11-08,15.289631,15.565666,15.208471,15.483477,15.483477,4303998
2012-11-09,15.483477,16.171743,15.462705,16.150077,16.150077,6519401
2012-11-12,16.150077,16.191820,15.567943,15.608286,15.608286,3633411
2012-11-13,15.608286,16.215406,15.470496,16.073509,16.073509,4782849
2012-11-14,16.073509,16.351628,15.941131,16.218060,16.218060,9275715
2012-11-15,16.218060,16.233567,15.976549,15.991840,15.991840,7188825
2012-11-16,15.991840,16.053178,15.889440,15.950619,15.950619,6815971
2012-11-19,15.950619,16.069953,15.741551,15.860208,15.860208,2791750
2012-11-20,15.860208,15.938513,15.690241,15.768090,15.768090,3422682
2012-11-21,15.768090,16.144694,15.685634,16.060708,16.060708,4715178
2012-11-22,16.060708,16.127594,16.054219,16.121081,16.121081,8431412
2012-11-23,16.121081,16.132625,15.881864,15.893245,15.893245,9134089
2012-11-26,15.893245,16.200741,15.828269,16.134778,16.134778,5788546
2012-11-27,16.134778,16.175957,15.833893,15.874407,15.874407,6403179
2012-11-28,15.874407,16.052677,15.853730,16.031795,16.031795,9320809
2012-11-29,16.031795,16.136036,15.958374,16.062475,16.062475,4438939
2012-11-30,16.062475,16.161221,15.485988,15.581778,15.581778,3847101
2012-12-03,15.581778,15.897477,15.519999,15.834695,15.834695,7771782
2012-12-04,15.834695,16.352032,15.812321,16.328960,16.328960,2819355
2012-12-05,16.328960,16.410610,15.595175,15.673548,15.673548,5506699
2012-12-06,15.673548,15.720864,15.638771,15.686059,15.686059,4430144
2012-12-07,15.686059,15.746351,15.387960,15.447334,15.447334,7271155
2012-12-10,15.447334,15.568893,15.441991,15.563510,15.563510,4782888
2012-12-11,15.563510,15.573746,15.454981,15.465153,15.465153,4824493
2012-12-12,15.465153,15.732567,15.411059,15.677730,15.677730,8934189
2012-12-13,15.677730,15.682678,15.381577,15.386434,15.386434,8398154
2012-12-14,15.386434,15.391542,15.049509,15.054507,15.054507,5989264
2012-12-17,15.054507,15.117370,15.005771,15.068590,15.068590,6617960
2012-12-18,15.068590,15.384552,15.035052,15.350387,15.350387,5589667
2012-12-19,15.350387,15.416650,15.259113,15.325268,15.325268,8020102
2012-12-20,15.325268,15.502057,15.254731,15.431033,15.431033,3408402
2012-12-21,15.431033,15.546511,15.302303,15.417681,15.417681,3467795
2012-12-24,15.417681,15.614160,15.394518,15.590737,15.590737,4534276
2012-12-25,15.590737,15.657782,14.677440,14.740829,14.740829,10558097
2012-12-26,14.740829,14.800571,14.398095,14.456685,14.456685,6841552
2012-12-27,14.456685,14.587228,14.400093,14.530348,14.530348,5925144
2012-12-28,14.530348,14.615444,14.233600,14.317449,14.317449,6952832
2012-12-31,14.317449,14.319644,14.182320,14.184495,14.184495,3558512
2013-01-01,14.184495,14.381698,14.171307,14.368339,14.368339,6249625
2013-01-02,14.368339,14.711898,14.245472,14.587160,14.587160,7355005
2013-01-03,14.587160,14.659866,14.450466,14.522852,14.522852,3200619
2013-01-04,14.522852,14.668847,14.372525,14.518477,14.518477,4863082
2013-01-07,14.518477,14.580744,14.387307,14.449277,14.449277,7409943
2013-01-08,14.449277,14.799758,14.340275,14.688948,14.688948,5526058
2013-01-09,14.688948,14.754238,14.629168,14.694436,14.694436,7798854
2013-01-10,14.694436,14.948572,14.638134,14.891515,14.891515,4520878
2013-01-11,14.891515,15.020708,14.573853,14.701396,14.701396,3537076
2013-01-14,14.701396,14.883799,14.611364,14.793204,14.793204,5025336
2013-01-15,14.793204,14.916047,14.433492,14.554351,14.554351,2488856
2013-01-16,14.554351,14.572384,14.407591,14.425464,14.425464,5363432
2013-01-17,14.425464,14.475542,14.030636,14.079513,14.079513,6529433
2013-01-18,14.079513,14.167101,14.057391,14.144876,14.144876,8521958
2013-01-21,14.144876,14.165522,14.128489,14.149131,14.149131,4059263
2013-01-22,14.149131,14.416807,14.124368,14.391619,14.391619,4501608
2013-01-23,14.391619,14.424961,14.146626,14.179476,14.179476,10228976
2013-01-24,14.179476,14.745611,14.124569,14.688732,14.688732,3135461
2013-01-25,14.688732,14.801675,14.672305,14.785141,14.785141,6701670
2013-01-28,14.785141,15.136888,14.715487,15.065912,15.065912,4513382
2013-01-29,15.065912,15.109225,14.523486,14.565359,14.565359,6324327
2013-01-30,14.565359,14.668034,14.531177,14.633692,14.633692,7391024
2013-01-31,14.633692,14.672532,14.520974,14.559618,14.559618,4618732
2013-02-01,14.559618,14.593785,14.536988,14.571137,14.571137,6160695
2013-02-04,14.571137,14.797114,14.523051,14.748443,14.748443,6163733
2013-02-05,14.748443,14.783362,14.655418,14.690199,14.690199,5643279
2013-02-06,14.690199,14.697076,14.095992,14.102593,14.102593,4220729
2013-02-07,14.102593,14.366986,14.094769,14.359020,14.359020,6807306
2013-02-08,14.359020,14.661950,14.316798,14.618965,14.618965,5694681
2013-02-11,14.618965,14.701945,14.257480,14.338870,14.338870,6867747
2013-02-12,14.338870,14.559037,14.165759,14.385365,14.385365,5734927
2013-02-13,14.385365,14.585034,14.342624,14.541828,14.541828,3466283
2013-02-14,14.541828,14.545109,14.323164,14.326395,14.326395,6245691
2013-02-15,14.326395,14.344061,14.030232,14.047554,14.047554,5928961
2013-02-18,14.047554,14.464830,13.923282,14.337989,14.337989,5338776
2013-02-19,14.337989,14.503616,14.219023,14.384266,14.384266,4840610
2013-02-20,14.384266,14.465123,13.905600,13.984208,13.984208,8076689
2013-02-21,13.984208,14.317411,13.965257,14.298034,14.298034,3483248
2013-02-22,14.298034,14.497167,14.214077,14.412538,14.412538,8465761
2013-02-25,14.412538,14.668918,14.393015,14.649074,14.649074,5240183
2013-02-26,14.649074,14.684317,14.491059,14.526006,14.526006,5750229
2013-02-27,14.526006,14.547397,14.426845,14.448121,14.448121,7555115
2013-02-28,14.448121,14.930245,14.379775,14.859951,14.859951,7049962
2013-03-01,14.859951,14.945014,14.764901,14.849906,14.849906,3977546
2013-03-04,14.849906,14.926840,14.512107,14.587682,14.587682,8065805
2013-03-05,14.587682,14.796095,14.475202,14.682881,14.682881,3347221
2013-03-06,14.682881,14.712487,14.647762,14.677356,14.677356,4624383
2013-03-07,14.677356,15.493014,14.656124,15.470634,15.470634,5703364
2013-03-08,15.470634,15.545998,15.441143,15.516419,15.516419,4392543
2013-03-11,15.516419,15.695835,15.495620,15.674824,15.674824,7875571
2013-03-12,15.674824,15.682785,15.439895,15.447741,15.447741,4745826
2013-03-13,15.447741,16.379043,15.425638,16.355642,16.355642,3732192
2013-03-14,16.355642,16.560347,16.326972,16.531369,16.531369,5989865
2013-03-15,16.531369,16.540310,15.951468,15.960100,15.960100,6336567
2013-03-18,15.960100,16.401983,15.878263,16.318309,16.318309,4485619
2013-03-19,16.318309,16.328427,15.993597,16.003520,16.003520,7333790
2013-03-20,16.003520,16.091971,15.904620,15.993013,15.993013,8768053
2013-03-21,15.993013,16.103556,15.759116,15.868801,15.868801,10560164
2013-03-22,15.868801,15.936710,15.608954,15.676038,15.676038,5239059
2013-03-25,15.676038,15.693489,15.294304,15.311349,15.311349,7238632
2013-03-26,15.311349,15.485740,15.289354,15.463527,15.463527,8314555
2013-03-27,15.463527,15.482619,15.010871,15.029427,15.029427,6874670
2013-03-28,15.029427,15.115137,14.525013,14.608322,14.608322,5304148
2013-03-29,14.608322,14.639271,14.426245,14.456873,14.456873,4293476
2013-04-01,14.456873,14.779955,14.382205,14.704011,14.704011,7207350
2013-04-02,14.704011,14.803760,14.458264,14.557016,14.557016,3939598
2013-04-03,14.557016,14.586821,14.522452,14.552247,14.552247,7293242
2013-04-04,14.552247,14.657731,14.373340,14.478289,14.478289,5430345
2013-04-05,14.478289,14.536061,14.433936,14.491667,14.491667,4302717
2013-04-08,14.491667,14.538333,14.337743,14.384062,14.384062,3415041
2013-04-09,14.384062,14.480130,13.760775,13.853298,13.853298,6289190
2013-04-10,13.853298,14.129728,13.847642,14.123962,14.123962,5051429
2013-04-11,14.123962,14.214921,14.115103,14.206010,14.206010,3758391
2013-04-12,14.206010,14.270743,14.176742,14.241402,14.241402,2452543
2013-04-15,14.241402,14.377392,14.150090,14.285795,14.285795,5666944
2013-04-16,14.285795,14.299115,14.003770,14.016839,14.016839,3939487
2013-04-17,14.016839,14.387264,13.964600,14.333844,14.333844,5336396
2013-04-18,14.333844,14.360686,13.992761,14.019013,14.019013,4122684
2013-04-19,14.019013,14.420781,13.878586,14.277763,14.277763,3938438
2013-04-22,14.277763,14.396572,14.037990,14.155783,14.155783,5996642
2013-04-23,14.155783,14.178382,13.988529,14.010896,14.010896,5903512
2013-04-24,14.010896,14.031829,13.608915,13.629278,13.629278,6507471
2013-04-25,13.629278,13.744189,13.587148,13.701834,13.701834,5016289
2013-04-26,13.701834,13.796769,12.464840,12.551807,12.551807,7768595
2013-04-29,12.551807,12.601978,12.327712,12.377185,12.377185,6219269
2013-04-30,12.377185,12.795037,12.322880,12.739143,12.739143,4256016
2013-05-01,12.739143,12.992246,12.732094,12.985060,12.985060,16419437
2013-05-02,12.985060,13.085766,12.945646,13.046165,13.046165,8136241
2013-05-03,13.046165,13.095506,12.597322,12.645146,12.645146,6301188
2013-05-06,12.645146,12.669246,12.546560,12.570518,12.570518,5914920
2013-05-07,12.570518,12.618013,12.441628,12.488814,12.488814,7815657
2013-05-08,12.488814,12.500339,12.193183,12.204445,12.204445,3229362
2013-05-09,12.204445,12.302267,12.052919,12.150306,12.150306,6170462
2013-05-10,12.150306,12.196624,12.137874,12.184157,12.184157,3903728
2013-05-13,12.184157,12.227108,12.138279,12.181219,12.181219,11340732
2013-05-14,12.181219,12.454817,12.162854,12.436068,12.436068,1934866
2013-05-15,12.436068,12.443521,12.106775,12.114035,12.114035,5789870
2013-05-16,12.114035,12.286530,12.081676,12.253798,12.253798,6470323
2013-05-17,12.253798,12.497634,12.203223,12.446265,12.446265,7065209
2013-05-20,12.446265,12.499055,12.342540,12.395113,12.395113,11053294
2013-05-21,12.395113,12.520570,12.352914,12.478089,12.478089,5673601
2013-05-22,12.478089,12.524802,12.334579,12.380929,12.380929,6073328
2013-05-23,12.380929,12.547280,12.343893,12.509859,12.509859,5394163
2013-05-24,12.509859,12.646446,12.497147,12.633608,12.633608,8293005
2013-05-27,12.633608,12.895457,12.629348,12.891110,12.891110,6981041
2013-05-28,12.891110,12.915870,12.863355,12.888109,12.888109,6638927
2013-05-29,12.888109,12.982920,12.879901,12.974657,12.974657,7171847
2013-05-30,12.974657,13.005832,12.936398,12.967557,12.967557,4722251
2013-05-31,12.967557,12.970669,12.923363,12.926466,12.926466,4866525
2013-06-03,12.926466,13.038418,12.440775,12.549461,12.549461,5987199
2013-06-04,12.549461,12.561941,12.356003,12.368302,12.368302,5408390
2013-06-05,12.368302,12.431336,12.119682,12.181765,12.181765,5954856
2013-06-06,12.181765,12.432270,12.144622,12.394478,12.394478,7081226
2013-06-07,12.394478,12.686785,12.367717,12.659452,12.659452,5284649
2013-06-10,12.659452,12.958943,12.647509,12.946730,12.946730,11985856
2013-06-11,12.946730,13.230427,12.927005,13.210300,13.210300,5997747
2013-06-12,13.210300,13.239224,13.191690,13.220598,13.220598,3983126
2013-06-13,13.220598,13.223486,13.151623,13.154496,13.154496,3725216
2013-06-14,13.154496,13.178260,13.117384,13.141124,13.141124,7071214
2013-06-17,13.141124,13.206230,13.099959,13.164990,13.164990,5283907
2013-06-18,13.164990,13.200784,12.756631,12.791410,12.791410,5639176
2013-06-19,12.791410,12.926099,12.734619,12.868964,12.868964,5945552
2013-06-20,12.868964,12.940238,12.762415,12.833492,12.833492,6576253
2013-06-21,12.833492,12.918778,12.442472,12.525712,12.525712,5122981
2013-06-24,12.525712,12.527887,12.216714,12.218835,12.218835,5726358
2013-06-25,12.218835,12.233947,11.995399,12.010254,12.010254,8555326
2013-06-26,12.010254,12.215907,11.990897,12.196250,12.196250,5263613
2013-06-27,12.196250,12.248985,11.885542,11.937156,11.937156,4368000
2013-06-28,11.937156,11.973266,11.812731,11.848573,11.848573,5792221
2013-07-01,11.848573,12.297629,11.748449,12.194581,12.194581,7184287
2013-07-02,12.194581,12.796148,12.111076,12.709120,12.709120,4540279
2013-07-03,12.709120,12.711007,12.685492,12.687376,12.687376,7114603
2013-07-04,12.687376,12.708256,12.683320,12.704195,12.704195,6106416
2013-07-05,12.704195,13.288065,12.643350,13.224726,13.224726,5239921
2013-07-08,13.224726,13.385456,13.218064,13.378716,13.378716,4386144
2013-07-09,13.378716,13.397924,12.994373,13.013056,13.013056,6840184
2013-07-10,13.013056,13.055768,12.930778,12.973360,12.973360,6384326
2013-07-11,12.973360,13.278679,12.894566,13.198517,13.198517,9827135
2013-07-12,13.198517,13.296786,12.649106,12.743990,12.743990,9791845
2013-07-15,12.743990,13.123356,12.721513,13.100250,13.100250,3479395
2013-07-16,13.100250,13.559805,13.087904,13.547037,13.547037,3630916
2013-07-17,13.547037,14.010121,13.468486,13.929352,13.929352,5454996
2013-07-18,13.929352,14.087015,13.903895,14.061316,14.061316,9007313
2013-07-19,14.061316,14.365512,14.038096,14.341828,14.341828,4086130
2013-07-22,14.341828,14.424319,13.993835,14.074790,14.074790,6497899
2013-07-23,14.074790,14.141992,13.989752,14.056869,14.056869,8121451
2013-07-24,14.056869,14.078220,13.655391,13.676163,13.676163,7660884
2013-07-25,13.676163,13.884440,13.627602,13.835313,13.835313,6246538
2013-07-26,13.835313,13.866387,13.737828,13.768752,13.768752,8633275
2013-07-29,13.768752,13.805297,13.546999,13.583051,13.583051,3499114
2013-07-30,13.583051,13.605998,13.487789,13.510614,13.510614,5653364
2013-07-31,13.510614,13.549368,13.021146,13.058604,13.058604,12462580
2013-08-01,13.058604,13.084216,12.991220,13.016750,13.016750,3579646
2013-08-02,13.016750,13.024027,12.803667,12.810829,12.810829,4278763
2013-08-05,12.810829,12.832409,12.706457,12.727897,12.727897,12435058
2013-08-06,12.727897,12.837652,12.412609,12.520576,12.520576,4394182
2013-08-07,12.520576,12.595811,12.277913,12.352136,12.352136,7434307
2013-08-08,12.352136,12.360940,12.343502,12.352307,12.352307,5479478
2013-08-09,12.352307,12.374603,12.091183,12.113047,12.113047,2734771
2013-08-12,12.113047,12.184552,12.011560,12.082887,12.082887,10027558
2013-08-13,12.082887,12.086061,11.969678,11.972823,11.972823,4848263
2013-08-14,11.972823,12.160220,11.261150,11.440210,11.440210,5133568
2013-08-15,11.440210,11.626475,11.360544,11.546072,11.546072,4810066
2013-08-16,11.546072,11.655682,11.483613,11.592969,11.592969,5997947
2013-08-19,11.592969,11.759237,11.557809,11.723680,11.723680,9019340
2013-08-20,11.723680,11.745087,11.608498,11.629734,11.629734,4409703
2013-08-21,11.629734,11.757399,11.610994,11.738483,11.738483,6231986
2013-08-22,11.738483,11.766299,11.469917,11.497161,11.497161,13411664
2013-08-23,11.497161,11.511068,11.435188,11.449036,11.449036,4356196
2013-08-26,11.449036,11.463908,11.342510,11.357262,11.357262,6475860
2013-08-27,11.357262,11.383058,11.324346,11.350126,11.350126,8546262
2013-08-28,11.350126,11.487063,11.299404,11.435957,11.435957,6782514
2013-08-29,11.435957,11.500980,11.320307,11.385040,11.385040,5598054
2013-08-30,11.385040,11.423954,11.231122,11.269642,11.269642,4877328
2013-09-02,11.269642,11.334150,10.578222,10.639120,10.639120,6042893
2013-09-03,10.639120,10.803835,10.620667,10.785128,10.785128,8352666
2013-09-04,10.785128,10.825838,10.747337,10.788037,10.788037,11398688
2013-09-05,10.788037,10.935024,10.765053,10.911777,10.911777,4960872
2013-09-06,10.911777,10.941569,10.724234,10.753595,10.753595,9907172
2013-09-09,10.753595,10.795360,10.657215,10.698768,10.698768,2846957
2013-09-10,10.698768,10.874736,10.691065,10.866912,10.866912,4178928
2013-09-11,10.866912,11.122447,10.837618,11.092545,11.092545,8847012
2013-09-12,11.092545,11.546863,11.051893,11.504701,11.504701,5254040
2013-09-13,11.504701,11.521728,11.353367,11.370194,11.370194,3297804
2013-09-16,11.370194,11.684190,11.366733,11.680634,11.680634,3661121
2013-09-17,11.680634,11.728614,11.662505,11.710438,11.710438,3610523
2013-09-18,11.710438,11.730469,11.441572,11.461176,11.461176,6300229
2013-09-19,11.461176,11.775963,11.454329,11.768932,11.768932,5026620
2013-09-20,11.768932,11.876069,11.716499,11.823393,11.823393,8012957
2013-09-23,11.823393,11.961758,11.798475,11.936601,11.936601,4595847
2013-09-24,11.936601,12.106654,11.880335,12.049855,12.049855,5844349
2013-09-25,12.049855,12.154881,11.801113,11.904875,11.904875,7922710
2013-09-26,11.904875,12.268737,11.829472,12.191518,12.191518,6602305
2013-09-27,12.191518,12.259441,12.121276,12.189185,12.189185,3034927
2013-09-30,12.189185,12.299369,12.138644,12.248582,12.248582,6120912
2013-10-01,12.248582,13.066133,12.162942,12.975412,12.975412,3447730
2013-10-02,12.975412,13.256893,12.936538,13.217295,13.217295,5523307
2013-10-03,13.217295,13.291959,13.060378,13.134574,13.134574,2832311
2013-10-04,13.134574,13.312892,13.053387,13.231108,13.231108,8018328
2013-10-07,13.231108,13.595789,13.175887,13.539282,13.539282,13145201
2013-10-08,13.539282,13.556652,13.450319,13.467596,13.467596,5279716
2013-10-09,13.467596,13.726326,13.417745,13.675704,13.675704,8139012
2013-10-10,13.675704,13.729714,13.517135,13.570730,13.570730,3942115
2013-10-11,13.570730,13.670561,13.555723,13.655459,13.655459,3278801
2013-10-14,13.655459,13.740438,13.299142,13.382421,13.382421,4125856
2013-10-15,13.382421,13.419758,13.184245,13.221132,13.221132,3386333
2013-10-16,13.221132,13.255957,13.194247,13.229056,13.229056,6846770
2013-10-17,13.229056,13.260383,13.053071,13.084054,13.084054,7132970
2013-10-18,13.084054,13.152745,12.838296,12.906052,12.906052,6362091
2013-10-21,12.906052,13.113937,12.897889,13.105647,13.105647,5554356
2013-10-22,13.105647,13.128484,12.793486,12.815818,12.815818,14884817
2013-10-23,12.815818,12.841524,12.438692,12.463693,12.463693,6368894
2013-10-24,12.463693,13.028954,12.384883,12.947089,12.947089,7628797
2013-10-25,12.947089,13.233780,12.932408,13.218792,13.218792,5081378
2013-10-28,13.218792,13.295986,12.864818,12.940387,12.940387,4981423
2013-10-29,12.940387,13.336614,12.859349,13.253614,13.253614,3902804
2013-10-30,13.253614,13.273226,13.054360,13.073706,13.073706,6410784
2013-10-31,13.073706,13.115258,13.069598,13.111138,13.111138,7813360
2013-11-01,13.111138,13.569738,13.105568,13.563975,13.563975,9851726
2013-11-04,13.563975,13.681944,13.537678,13.655470,13.655470,7047841
2013-11-05,13.655470,13.888722,13.645409,13.878496,13.878496,2918585
2013-11-06,13.878496,13.891946,13.803759,13.817150,13.817150,4262409
2013-11-07,13.817150,13.966655,13.758298,13.907418,13.907418,5719800
2013-11-08,13.907418,13.959862,13.769417,13.821536,13.821536,5269746
2013-11-11,13.821536,13.918305,13.776539,13.873140,13.873140,5049543
2013-11-12,13.873140,13.905102,13.780213,13.812034,13.812034,4961311
2013-11-13,13.812034,13.820658,13.702341,13.710902,13.710902,3816582
2013-11-14,13.710902,13.917552,13.548413,13.754546,13.754546,10322624
2013-11-15,13.754546,14.013920,13.625554,13.883716,13.883716,4491461
2013-11-18,13.883716,13.887442,13.821529,13.825238,13.825238,8461164
2013-11-19,13.825238,13.871012,13.687935,13.733405,13.733405,5111452
2013-11-20,13.733405,13.755685,13.721792,13.744063,13.744063,11479491
2013-11-21,13.744063,13.851257,13.730299,13.837399,13.837399,7658580
2013-11-22,13.837399,14.252753,13.789767,14.203859,14.203859,7074779
2013-11-25,14.203859,14.618259,14.164333,14.577693,14.577693,5758783
2013-11-26,14.577693,14.760578,14.546979,14.729544,14.729544,9394647
2013-11-27,14.729544,14.771840,14.445487,14.487087,14.487087,3258105
2013-11-28,14.487087,14.517596,14.094296,14.124042,14.124042,4866436
2013-11-29,14.124042,14.643994,14.098566,14.617629,14.617629,6901765
2013-12-02,14.617629,14.731010,14.548398,14.661572,14.661572,7010723
2013-12-03,14.661572,14.922026,14.651450,14.911731,14.911731,7308297
2013-12-04,14.911731,15.101582,14.776097,14.965459,14.965459,9930187
2013-12-05,14.965459,15.000758,14.819006,14.854043,14.854043,3869875
2013-12-06,14.854043,14.864270,14.731596,14.741746,14.741746,5698998
2013-12-09,14.741746,14.748856,14.684656,14.691741,14.691741,5589399
2013-12-10,14.691741,14.789709,14.646021,14.743828,14.743828,5145184
2013-12-11,14.743828,15.260167,14.671993,15.186177,15.186177,9198034
2013-12-12,15.186177,15.705491,15.038185,15.553914,15.553914,12329674
2013-12-13,15.553914,15.609206,15.506301,15.561570,15.561570,13487895
2013-12-16,15.561570,15.643543,15.316269,15.397377,15.397377,5996990
2013-12-17,15.397377,15.457295,15.174060,15.233339,15.233339,8097229
2013-12-18,15.233339,15.260795,15.212882,15.240329,15.240329,4794565
2013-12-19,15.240329,15.260834,15.199351,15.219829,15.219829,7622997
2013-12-20,15.219829,15.270681,14.308329,14.356297,14.356297,6718318
2013-12-23,14.356297,14.367124,13.960101,13.970638,13.970638,6057409
2013-12-24,13.970638,14.107487,13.922893,14.059439,14.059439,6469689
2013-12-25,14.059439,14.152292,13.986415,14.079166,14.079166,5703503
2013-12-26,14.079166,14.183058,14.006543,14.110274,14.110274,7986045
2013-12-27,14.110274,14.268860,14.057604,14.215797,14.215797,3974559
2013-12-30,14.215797,14.725003,14.114748,14.621074,14.621074,4644656
2013-12-31,14.621074,14.654938,14.354601,14.387924,14.387924,4840405
2014-01-01,14.387924,14.409379,13.793063,13.813661,13.813661,6912196
2014-01-02,13.813661,13.865794,13.686508,13.738356,13.738356,4518105
2014-01-03,13.738356,13.803309,13.470449,13.534438,13.534438,5879871
2014-01-06,13.534438,14.085340,13.498708,14.048253,14.048253,4969275
2014-01-07,14.048253,14.057112,13.825395,13.834119,13.834119,5833880
2014-01-08,13.834119,14.418037,13.794798,14.377173,14.377173,7957289
2014-01-09,14.377173,14.427305,14.256391,14.306276,14.306276,18502567
2014-01-10,14.306276,14.364145,14.263428,14.321251,14.321251,5956479
2014-01-13,14.321251,14.417791,14.320715,14.417251,14.417251,2126521
2014-01-14,14.417251,14.493378,14.415736,14.491855,14.491855,6415179
2014-01-15,14.491855,14.516007,14.405415,14.429463,14.429463,4014368
2014-01-16,14.429463,14.439273,14.340419,14.350176,14.350176,8041061
2014-01-17,14.350176,14.449843,14.169937,14.269041,14.269041,3372362
2014-01-20,14.269041,14.321421,14.269030,14.321411,14.321411,6132922
2014-01-21,14.321411,14.352201,14.134841,14.165296,14.165296,3594818
2014-01-22,14.165296,16.529267,14.162594,16.526116,16.526116,8845094
2014-01-23,16.526116,16.573389,16.279575,16.326276,16.326276,4530932
2014-01-24,16.326276,16.370775,16.285868,16.330357,16.330357,8502061
2014-01-27,16.330357,16.492712,16.291474,16.453536,16.453536,10795190
2014-01-28,16.453536,16.787415,16.362175,16.694715,16.694715,3474180
2014-01-29,16.694715,16.805937,16.625560,16.736608,16.736608,8852983
2014-01-30,16.736608,16.911699,16.695905,16.870670,16.870670,6175851
2014-01-31,16.870670,16.923089,16.778170,16.830464,16.830464,7984372
2014-02-03,16.830464,16.922857,16.711210,16.803454,16.803454,8820628
2014-02-04,16.803454,16.855940,16.769901,16.822349,16.822349,4619396
2014-02-05,16.822349,17.178773,16.807756,17.163884,17.163884,4103020
2014-02-06,17.163884,17.619411,17.134764,17.589568,17.589568,13537873
2014-02-07,17.589568,18.034182,17.490840,17.933523,17.933523,6205946
2014-02-10,17.933523,18.342269,17.889363,18.297212,18.297212,8143994
2014-02-11,18.297212,18.495726,18.257634,18.455804,18.455804,5831915
2014-02-12,18.455804,18.672563,18.303052,18.519286,18.519286,6543618
2014-02-13,18.519286,18.642587,18.354595,18.477619,18.477619,5382717
2014-02-14,18.477619,18.521888,18.306591,18.350555,18.350555,5988003
2014-02-17,18.350555,18.559375,18.226863,18.435114,18.435114,3701386
2014-02-18,18.435114,18.950858,18.427199,18.942725,18.942725,5505282
2014-02-19,18.942725,19.022628,18.797483,18.877108,18.877108,6105172
2014-02-20,18.877108,18.877491,18.739837,18.740217,18.740217,5352194
2014-02-21,18.740217,18.927778,18.712077,18.899399,18.899399,6789505
2014-02-24,18.899399,18.968307,18.727776,18.796308,18.796308,3906314
2014-02-25,18.796308,18.982685,18.784686,18.970954,18.970954,6258376
2014-02-26,18.970954,19.003277,18.624974,18.656761,18.656761,6327962
2014-02-27,18.656761,18.848671,18.612138,18.803696,18.803696,5856366
2014-02-28,18.803696,19.741878,18.785534,19.722828,19.722828,7168191
2014-03-03,19.722828,19.904812,19.524939,19.706774,19.706774,7084524
2014-03-04,19.706774,19.958216,19.610117,19.860803,19.860803,6094836
2014-03-05,19.860803,20.071365,19.358068,19.565499,19.565499,8770016
2014-03-06,19.565499,19.638204,17.869547,17.936197,17.936197,6112209
2014-03-07,17.936197,17.994316,17.575345,17.632479,17.632479,3308137
2014-03-10,17.632479,17.913712,17.573589,17.854082,17.854082,7212910
2014-03-11,17.854082,17.861279,17.636732,17.643845,17.643845,6879647
2014-03-12,17.643845,17.700856,17.402845,17.459260,17.459260,5454169
2014-03-13,17.459260,17.524459,17.258841,17.323533,17.323533,3020220
2014-03-14,17.323533,17.615495,17.225851,17.516724,17.516724,4974684
2014-03-17,17.516724,17.608532,17.480928,17.572622,17.572622,5679553
2014-03-18,17.572622,18.065813,17.453901,17.944579,17.944579,3348020
2014-03-19,17.944579,18.003655,17.858482,17.917468,17.917468,4589838
2014-03-20,17.917468,18.004774,17.909063,17.996331,17.996331,9743543
2014-03-21,17.996331,18.137192,17.994496,18.135343,18.135343,4765231
2014-03-24,18.135343,18.231826,17.656476,17.750914,17.750914,4350508
2014-03-25,17.750914,17.791619,17.504172,17.544404,17.544404,7537870
2014-03-26,17.544404,17.545547,17.063407,17.064519,17.064519,4307239
2014-03-27,17.064519,17.233876,16.991907,17.160854,17.160854,4473360
2014-03-28,17.160854,17.187358,16.796173,16.822154,16.822154,6697948
2014-03-31,16.822154,17.041866,16.713938,16.932937,16.932937,5431869
2014-04-01,16.932937,17.058738,16.845942,16.971544,16.971544,6263538
2014-04-02,16.971544,17.115345,16.946969,17.090597,17.090597,4288192
2014-04-03,17.090597,17.185362,17.065673,17.160336,17.160336,5643492
2014-04-04,17.160336,17.252508,17.005182,17.097013,17.097013,10423102
2014-04-07,17.097013,17.182710,16.399811,16.482427,16.482427,5454693
2014-04-08,16.482427,16.545661,16.199304,16.261691,16.261691,3544867
2014-04-09,16.261691,17.369635,16.083645,17.181517,17.181517,8675169
2014-04-10,17.181517,17.581455,17.104377,17.502872,17.502872,4653680
2014-04-11,17.502872,17.515896,17.318664,17.331560,17.331560,4628074
2014-04-14,17.331560,18.052581,17.293075,18.012584,18.012584,5428085
2014-04-15,18.012584,18.015413,17.598022,17.600787,17.600787,5364441
2014-04-16,17.600787,18.187833,17.557835,18.143556,18.143556,9915892
2014-04-17,18.143556,18.148308,17.876515,17.881198,17.881198,4114540
2014-04-18,17.881198,18.017126,17.855855,17.991627,17.991627,6612673
2014-04-21,17.991627,18.338131,17.934544,18.280132,18.280132,7509293
2014-04-22,18.280132,18.282139,18.082364,18.084349,18.084349,9317442
2014-04-23,18.084349,18.443074,18.062754,18.421077,18.421077,4720116
2014-04-24,18.421077,18.578153,18.377956,18.534765,18.534765,7341060
2014-04-25,18.534765,18.603272,18.053010,18.119983,18.119983,7896040
2014-04-28,18.119983,18.333367,18.119329,18.332705,18.332705,5264422
2014-04-29,18.332705,18.339849,18.329119,18.336262,18.336262,4000634
2014-04-30,18.336262,18.411896,18.121333,18.196391,18.196391,7740262
2014-05-01,18.196391,18.243592,18.055873,18.102832,18.102832,5050043
2014-05-02,18.102832,18.384570,18.087305,18.368814,18.368814,3365083
2014-05-05,18.368814,18.437432,18.003735,18.071241,18.071241,7076761
2014-05-06,18.071241,18.212265,18.066518,18.207506,18.207506,4712362
2014-05-07,18.207506,18.222213,18.168915,18.183602,18.183602,4317909
2014-05-08,18.183602,18.183856,18.173073,18.173328,18.173328,5074589
2014-05-09,18.173328,18.522718,18.060046,18.407974,18.407974,5868192
2014-05-12,18.407974,18.880928,18.359866,18.831713,18.831713,4740573
2014-05-13,18.831713,19.287703,18.748683,19.203036,19.203036,4751008
2014-05-14,19.203036,19.382752,19.161208,19.340625,19.340625,4147709
2014-05-15,19.340625,19.519890,19.332209,19.511399,19.511399,6440963
2014-05-16,19.511399,19.682041,19.477627,19.648033,19.648033,4925589
2014-05-19,19.648033,19.778366,18.960837,19.087452,19.087452,4571464
2014-05-20,19.087452,19.111779,18.952889,18.977076,18.977076,7668110
2014-05-21,18.977076,19.357116,18.891697,19.270417,19.270417,7067357
2014-05-22,19.270417,19.747493,19.208695,19.684445,19.684445,6074225
2014-05-23,19.684445,19.886914,19.664152,19.866433,19.866433,5380465
2014-05-26,19.866433,20.024465,19.808964,19.966706,19.966706,5639434
2014-05-27,19.966706,20.158485,19.529147,19.718543,19.718543,6148668
2014-05-28,19.718543,20.142770,19.643885,20.066794,20.066794,6827569
2014-05-29,20.066794,20.182213,20.059855,20.175236,20.175236,7192250
2014-05-30,20.175236,20.217743,19.967286,20.009443,20.009443,12808443
2014-06-02,20.009443,20.468382,19.973467,20.431647,20.431647,5003474
2014-06-03,20.431647,20.525242,19.982997,20.074959,20.074959,4109567
2014-06-04,20.074959,20.134487,20.052882,20.112370,20.112370,6067794
2014-06-05,20.112370,20.415183,19.990050,20.291772,20.291772,6265839
2014-06-06,20.291772,20.304681,20.036824,20.049579,20.049579,5806358
2014-06-09,20.049579,20.461463,19.988309,20.399125,20.399125,4713829
2014-06-10,20.399125,20.454339,20.329023,20.384197,20.384197,6376894
2014-06-11,20.384197,20.385462,20.155689,20.156941,20.156941,4186208
2014-06-12,20.156941,20.169629,19.677612,19.690007,19.690007,7216658
2014-06-13,19.690007,19.898743,19.607595,19.815805,19.815805,5339510
2014-06-16,19.815805,20.332383,19.797947,20.314077,20.314077,5955854
2014-06-17,20.314077,21.148696,20.299755,21.133796,21.133796,5415304
2014-06-18,21.133796,21.829994,21.082944,21.777593,21.777593,5208084
2014-06-19,21.777593,21.809877,21.182424,21.213873,21.213873,7904083
2014-06-20,21.213873,21.343603,21.163791,21.293333,21.293333,6629383
2014-06-23,21.293333,21.438325,20.359657,20.499242,20.499242,6980999
2014-06-24,20.499242,20.558885,18.938732,18.993995,18.993995,9581711
2014-06-25,18.993995,19.014873,18.716967,18.737563,18.737563,7185879
2014-06-26,18.737563,18.839139,18.216895,18.316187,18.316187,8824590
2014-06-27,18.316187,18.371761,17.991512,18.046266,18.046266,10367106
2014-06-30,18.046266,18.258253,17.629128,17.838677,17.838677,6163203
2014-07-01,17.838677,18.432323,17.755237,18.346508,18.346508,4334830
2014-07-02,18.346508,18.473155,18.114446,18.240361,18.240361,8809563
2014-07-03,18.240361,18.442053,18.169987,18.371174,18.371174,3703412
2014-07-04,18.371174,18.894619,18.244640,18.765369,18.765369,9664678
2014-07-07,18.765369,18.929785,18.686458,18.850515,18.850515,7555042
2014-07-08,18.850515,18.919131,17.862413,17.927670,17.927670,12767887
2014-07-09,17.927670,18.120822,17.894084,18.086939,18.086939,5533905
2014-07-10,18.086939,18.167691,17.805352,17.885204,17.885204,5819109
2014-07-11,17.885204,18.480664,17.736067,18.327836,18.327836,14738254
2014-07-14,18.327836,18.503462,17.987321,18.161352,18.161352,4383519
2014-07-15,18.161352,18.176793,18.134065,18.149497,18.149497,4862788
2014-07-16,18.149497,18.188345,17.733944,17.771984,17.771984,4061803
2014-07-17,17.771984,17.812340,17.170500,17.209579,17.209579,8731985
2014-07-18,17.209579,17.506217,17.140662,17.436393,17.436393,8708348
2014-07-21,17.436393,17.756401,17.405485,17.724983,17.724983,3706954
2014-07-22,17.724983,17.851519,17.668172,17.794485,17.794485,4926959
2014-07-23,17.794485,17.978466,17.331871,17.512940,17.512940,7089510
2014-07-24,17.512940,17.531050,17.168542,17.186314,17.186314,6436229
2014-07-25,17.186314,17.515938,17.145625,17.474567,17.474567,6609963
2014-07-28,17.474567,17.520539,17.276401,17.321972,17.321972,6410424
2014-07-29,17.321972,17.653106,17.245148,17.575160,17.575160,6501622
2014-07-30,17.575160,17.592860,17.214681,17.232036,17.232036,10773642
2014-07-31,17.232036,17.300755,17.049405,17.117668,17.117668,2910837
2014-08-01,17.117668,17.215992,16.294925,16.389063,16.389063,8542926
2014-08-04,16.389063,16.441848,15.795999,15.847038,15.847038,6611404
2014-08-05,15.847038,16.094567,15.829397,16.076670,16.076670,5970464
2014-08-06,16.076670,16.098236,16.005823,16.027323,16.027323,8758724
2014-08-07,16.027323,16.220662,15.998157,16.191197,16.191197,6479020
2014-08-08,16.191197,16.615052,16.136376,16.558986,16.558986,10747020
2014-08-11,16.558986,16.738844,16.557702,16.737546,16.737546,5872086
2014-08-12,16.737546,16.786737,16.413031,16.461410,16.461410,9716744
2014-08-13,16.461410,16.559861,16.396523,16.494842,16.494842,5164678
2014-08-14,16.494842,17.315081,16.394418,17.210301,17.210301,6562078
2014-08-15,17.210301,17.218531,17.103748,17.111931,17.111931,5064500
2014-08-18,17.111931,17.163924,16.830917,16.882211,16.882211,6108399
2014-08-19,16.882211,17.129365,16.788249,17.034555,17.034555,8967901
2014-08-20,17.034555,17.243018,16.988116,17.196138,17.196138,3349429
2014-08-21,17.196138,17.230030,16.779512,16.812647,16.812647,4135914
2014-08-22,16.812647,17.056694,16.679184,16.922360,16.922360,5687508
2014-08-25,16.922360,17.026124,16.911125,17.014828,17.014828,5552219
2014-08-26,17.014828,17.035705,16.249023,16.268985,16.268985,9039958
2014-08-27,16.268985,16.358231,16.258468,16.347663,16.347663,5030993
2014-08-28,16.347663,16.437363,15.673512,15.759987,15.759987,3924955
2014-08-29,15.759987,15.848907,15.007088,15.092240,15.092240,5914184
2014-09-01,15.092240,15.099265,14.823132,14.830034,14.830034,6783033
2014-09-02,14.830034,14.913282,14.508614,14.590517,14.590517,7185202
2014-09-03,14.590517,14.613656,14.173544,14.196057,14.196057,4627773
2014-09-04,14.196057,14.781665,14.128036,14.711176,14.711176,9423294
2014-09-05,14.711176,14.769562,14.708442,14.766818,14.766818,5252572
2014-09-08,14.766818,14.852353,14.657198,14.742592,14.742592,3959309
2014-09-09,14.742592,15.649171,14.641314,15.542398,15.542398,4102167
2014-09-10,15.542398,15.604897,15.283012,15.344717,15.344717,7655807
2014-09-11,15.344717,15.580134,15.289911,15.524686,15.524686,7592004
2014-09-12,15.524686,15.547090,15.451906,15.474238,15.474238,6794544
2014-09-15,15.474238,15.514425,15.125080,15.164462,15.164462,6725061
2014-09-16,15.164462,15.242655,14.971986,15.049587,15.049587,4204114
2014-09-17,15.049587,15.058814,14.801483,14.810563,14.810563,6779166
2014-09-18,14.810563,14.979719,14.803333,14.972410,14.972410,4291084
2014-09-19,14.972410,15.409962,14.911501,15.347527,15.347527,6542265
2014-09-22,15.347527,15.480620,15.336066,15.469068,15.469068,7747064
2014-09-23,15.469068,15.624455,15.415884,15.570921,15.570921,4494026
2014-09-24,15.570921,16.125601,15.498356,16.050800,16.050800,7297356
2014-09-25,16.050800,16.279535,16.021114,16.249482,16.249482,8259455
2014-09-26,16.249482,16.635611,16.204693,16.589884,16.589884,10947703
2014-09-29,16.589884,16.636863,16.559494,16.606442,16.606442,6791232
2014-09-30,16.606442,16.755531,16.597273,16.746285,16.746285,4751670
2014-10-01,16.746285,16.978236,16.691575,16.922948,16.922948,8288293
2014-10-02,16.922948,17.024981,16.888720,16.990616,16.990616,6802804
2014-10-03,16.990616,17.095649,16.773341,16.877675,16.877675,7013933
2014-10-06,16.877675,17.217065,16.836272,17.174933,17.174933,7621279
2014-10-07,17.174933,17.188505,17.171031,17.184601,17.184601,6461501
2014-10-08,17.184601,17.260832,17.047784,17.123745,17.123745,5287141
2014-10-09,17.123745,17.581759,17.052141,17.508545,17.508545,8374427
2014-10-10,17.508545,17.639081,17.461742,17.592054,17.592054,5623484
2014-10-13,17.592054,17.637446,17.451673,17.496819,17.496819,6973835
2014-10-14,17.496819,17.543560,17.239138,17.285313,17.285313,6368934
2014-10-15,17.285313,17.911837,17.226987,17.851599,17.851599,10615603
2014-10-16,17.851599,18.055066,17.840686,18.044035,18.044035,5057795
2014-10-17,18.044035,18.250957,18.013386,18.220009,18.220009,8159465
2014-10-20,18.220009,18.690382,18.194082,18.663823,18.663823,4666899
2014-10-21,18.663823,18.701758,18.605287,18.643180,18.643180,6583420
2014-10-22,18.643180,19.380808,18.525716,19.259461,19.259461,4310622
2014-10-23,19.259461,19.281939,19.077566,19.099857,19.099857,6828563
2014-10-24,19.099857,19.173698,18.943796,19.017317,19.017317,5217866
2014-10-27,19.017317,19.060222,18.715397,18.757717,18.757717,4753059
2014-10-28,18.757717,18.911392,18.726565,18.880037,18.880037,5459244
2014-10-29,18.880037,19.491327,18.728348,19.335974,19.335974,9058782
2014-10-30,19.335974,19.636058,19.316219,19.616016,19.616016,3657402
2014-10-31,19.616016,19.688071,19.575907,19.647897,19.647897,3321885
2014-11-03,19.647897,19.827100,19.324723,19.502600,19.502600,4623533
2014-11-04,19.502600,20.562358,19.372045,20.425623,20.425623,4796861
2014-11-05,20.425623,20.480828,20.290877,20.345867,20.345867,4294522
2014-11-06,20.345867,20.506263,20.275073,20.435159,20.435159,3336238
2014-11-07,20.435159,20.515908,20.417700,20.498396,20.498396,8256714
2014-11-10,20.498396,20.964443,20.338107,20.801781,20.801781,6890652
2014-11-11,20.801781,20.974842,20.778642,20.951537,20.951537,6378587
2014-11-12,20.951537,20.970191,20.803330,20.821869,20.821869,4544228
2014-11-13,20.821869,20.836561,20.399302,20.413705,20.413705,8264702
2014-11-14,20.413705,20.682306,20.399017,20.667435,20.667435,6992386
2014-11-17,20.667435,20.674940,20.366944,20.374343,20.374343,7341441
2014-11-18,20.374343,20.404179,19.879479,19.908633,19.908633,4750473
2014-11-19,19.908633,20.389628,19.885535,20.366000,20.366000,4957539
2014-11-20,20.366000,20.452895,20.220243,20.306887,20.306887,2855082
2014-11-21,20.306887,20.849191,20.289682,20.831541,20.831541,6470211
2014-11-24,20.831541,21.139999,20.795720,21.103709,21.103709,2857479
2014-11-25,21.103709,21.220145,21.047011,21.163286,21.163286,5672841
2014-11-26,21.163286,21.175958,21.163075,21.175746,21.175746,4985507
2014-11-27,21.175746,21.224920,20.557834,20.605684,20.605684,6853418
2014-11-28,20.605684,21.063906,20.502488,20.958940,20.958940,6119112
2014-12-01,20.958940,20.977072,20.023824,20.041161,20.041161,5074359
2014-12-02,20.041161,20.048463,19.931976,19.939241,19.939241,4705183
2014-12-03,19.939241,20.623215,19.768812,20.448433,20.448433,4404783
2014-12-04,20.448433,20.760278,20.340501,20.651275,20.651275,7229093
2014-12-05,20.651275,21.019321,20.470114,20.836534,20.836534,5675771
2014-12-08,20.836534,20.911273,20.695917,20.770419,20.770419,3987602
2014-12-09,20.770419,20.929046,20.404942,20.561977,20.561977,7906356
2014-12-10,20.561977,20.584785,20.431992,20.454681,20.454681,5171000
2014-12-11,20.454681,20.708987,20.443264,20.697434,20.697434,4978201
2014-12-12,20.697434,21.156343,20.630880,21.088531,21.088531,4131846
2014-12-15,21.088531,21.503175,21.028648,21.442287,21.442287,6314947
2014-12-16,21.442287,21.500910,21.068724,21.126483,21.126483,5890857
2014-12-17,21.126483,21.194526,21.093122,21.161111,21.161111,10757859
2014-12-18,21.161111,21.223993,20.847962,20.910099,20.910099,3281717
2014-12-19,20.910099,21.037901,20.755911,20.883551,20.883551,10154298
2014-12-22,20.883551,20.905022,20.741704,20.763051,20.763051,7350378
2014-12-23,20.763051,21.670698,20.658685,21.562314,21.562314,4675222
2014-12-24,21.562314,21.582565,20.625981,20.645372,20.645372,5306333
2014-12-25,20.645372,20.772207,20.609951,20.736630,20.736630,5313361
2014-12-26,20.736630,20.844823,20.687855,20.795908,20.795908,3641612
2014-12-29,20.795908,20.803343,20.527082,20.534424,20.534424,5331916
2014-12-30,20.534424,20.623831,20.526638,20.616015,20.616015,4799482
2014-12-31,20.616015,21.106908,20.522187,21.011281,21.011281,8238807
2015-01-01,21.011281,21.017197,20.537979,20.543763,20.543763,6927082
2015-01-02,20.543763,20.665265,20.498486,20.619821,20.619821,3680971
2015-01-05,20.619821,20.706686,20.567837,20.654615,20.654615,7696897
2015-01-06,20.654615,20.774216,20.607873,20.727310,20.727310,5038944
2015-01-07,20.727310,21.043146,20.631057,20.945877,20.945877,4420081
2015-01-08,20.945877,20.958622,20.623575,20.636132,20.636132,5817789
2015-01-09,20.636132,20.653121,20.419847,20.436672,20.436672,5822552
2015-01-12,20.436672,20.575544,19.929892,20.066247,20.066247,5046303
2015-01-13,20.066247,20.260601,19.674198,19.866618,19.866618,7235978
2015-01-14,19.866618,20.148891,19.857367,20.139513,20.139513,5280745
2015-01-15,20.139513,20.527703,20.051973,20.438862,20.438862,8528339
2015-01-16,20.438862,20.545995,20.332497,20.439625,20.439625,3779208
2015-01-19,20.439625,21.117121,20.322134,20.996429,20.996429,5495531
2015-01-20,20.996429,21.174563,20.891232,21.069002,21.069002,2599986
2015-01-21,21.069002,21.080619,20.831379,20.842871,20.842871,8239622
2015-01-22,20.842871,21.662172,20.724390,21.539730,21.539730,6421027
2015-01-23,21.539730,21.585815,21.033774,21.078874,21.078874,5586564
2015-01-26,21.078874,21.185000,20.826702,20.932089,20.932089,4783103
2015-01-27,20.932089,21.075407,20.929464,21.072766,21.072766,3164063
2015-01-28,21.072766,21.527646,21.060285,21.514903,21.514903,6764543
2015-01-29,21.514903,22.122742,21.463764,22.070282,22.070282,4330624
2015-01-30,22.070282,22.114648,21.986028,22.030314,22.030314,4737835
2015-02-02,22.030314,22.263763,21.937377,22.170236,22.170236,7006535
2015-02-03,22.170236,22.546732,22.095623,22.471107,22.471107,6204470
2015-02-04,22.471107,22.582004,22.316409,22.427088,22.427088,16039496
2015-02-05,22.427088,22.462623,22.127154,22.162269,22.162269,6435871
2015-02-06,22.162269,22.622243,22.004915,22.462755,22.462755,3429567
2015-02-09,22.462755,22.539845,21.991686,22.067420,22.067420,8105980
2015-02-10,22.067420,22.254419,21.996053,22.182680,22.182680,7713727
2015-02-11,22.182680,22.443470,22.180756,22.441523,22.441523,7667895
2015-02-12,22.441523,22.443458,22.222618,22.224534,22.224534,7027971
2015-02-13,22.224534,22.379811,21.839724,21.993386,21.993386,7702413
2015-02-16,21.993386,22.587227,21.976186,22.569577,22.569577,4682102
2015-02-17,22.569577,22.667146,22.494104,22.591600,22.591600,11036009
2015-02-18,22.591600,22.720887,22.265715,22.393872,22.393872,8724059
2015-02-19,22.393872,22.970965,22.155274,22.728799,22.728799,3979458
2015-02-20,22.728799,22.788075,22.147522,22.205433,22.205433,6862420
2015-02-23,22.205433,22.264306,21.923021,21.981300,21.981300,4262312
2015-02-24,21.981300,22.012579,21.817382,21.848472,21.848472,6334630
2015-02-25,21.848472,22.458412,21.842144,22.451909,22.451909,6700106
2015-02-26,22.451909,22.848672,22.441545,22.838129,22.838129,4380227
2015-02-27,22.838129,23.017491,22.282920,22.459307,22.459307,6954488
2015-03-02,22.459307,22.514296,21.835792,21.889386,21.889386,4922018
2015-03-03,21.889386,22.528173,21.882849,22.521447,22.521447,9630399
2015-03-04,22.521447,22.601733,22.364856,22.444868,22.444868,5331647
2015-03-05,22.444868,22.459848,22.049764,22.064489,22.064489,2870389
2015-03-06,22.064489,22.134584,21.966313,22.036318,22.036318,6216017
2015-03-09,22.036318,23.081449,21.861181,22.899453,22.899453,7145812
2015-03-10,22.899453,23.066211,22.408270,22.572648,22.572648,4651896
2015-03-11,22.572648,22.591947,22.326798,22.345903,22.345903,6533909
2015-03-12,22.345903,22.421351,22.155432,22.230490,22.230490,7145763
2015-03-13,22.230490,22.318892,21.195006,21.279627,21.279627,10694303
2015-03-16,21.279627,21.300488,20.999804,21.020411,21.020411,9360517
2015-03-17,21.020411,21.763508,20.881761,21.620898,21.620898,6214109
2015-03-18,21.620898,21.704373,21.587028,21.670425,21.670425,9047644
2015-03-19,21.670425,21.746665,21.196086,21.270920,21.270920,5150324
2015-03-20,21.270920,21.884372,21.217398,21.829445,21.829445,6584225
2015-03-23,21.829445,22.233380,21.762971,22.165882,22.165882,3876654
2015-03-24,22.165882,22.188422,21.917459,21.939769,21.939769,7028874
2015-03-25,21.939769,21.976932,21.715228,21.752074,21.752074,5631697
2015-03-26,21.752074,21.946847,21.621339,21.815730,21.815730,6850557
2015-03-27,21.815730,21.863114,21.725571,21.772861,21.772861,5504348
2015-03-30,21.772861,21.865338,21.498336,21.590036,21.590036,8010069
2015-03-31,21.590036,21.615517,21.488765,21.514156,21.514156,5249988
2015-04-01,21.514156,21.656346,21.414127,21.556122,21.556122,6192123
2015-04-02,21.556122,21.667527,21.509485,21.620751,21.620751,5380983
2015-04-03,21.620751,21.848358,21.568668,21.795853,21.795853,5351905
2015-04-06,21.795853,22.180397,21.754941,22.138841,22.138841,9852177
2015-04-07,22.138841,22.493652,21.986409,22.339836,22.339836,3262078
2015-04-08,22.339836,22.667184,22.310005,22.636957,22.636957,4571478
2015-04-09,22.636957,22.868412,22.547078,22.777973,22.777973,5817429
2015-04-10,22.777973,22.962437,22.659243,22.843366,22.843366,6043493
2015-04-13,22.843366,23.029152,22.803399,22.988930,22.988930,5336893
2015-04-14,22.988930,23.016423,22.594728,22.621781,22.621781,7165559
2015-04-15,22.621781,22.633459,22.375499,22.387055,22.387055,8379443
2015-04-16,22.387055,22.485248,22.343731,22.441819,22.441819,8838129
2015-04-17,22.441819,22.574806,22.305344,22.438311,22.438311,6998547
2015-04-20,22.438311,22.627614,22.311825,22.500776,22.500776,3986837
2015-04-21,22.500776,22.689219,21.964478,22.149983,22.149983,9694801
2015-04-22,22.149983,22.227937,21.902975,21.980332,21.980332,4720980
2015-04-23,21.980332,22.105126,21.931066,22.055691,22.055691,6949463
2015-04-24,22.055691,22.150642,21.994776,22.089633,22.089633,8852406
2015-04-27,22.089633,22.175249,21.949278,22.034681,22.034681,8642201
2015-04-28,22.034681,22.271100,21.913378,22.149167,22.149167,8541523
2015-04-29,22.149167,22.369190,21.526777,21.742763,21.742763,6686552
2015-04-30,21.742763,21.798349,21.568642,21.623924,21.623924,6240211
2015-05-01,21.623924,21.980528,21.611503,21.967909,21.967909,3312727
2015-05-04,21.967909,23.449677,21.952166,23.432884,23.432884,10370955
2015-05-05,23.432884,24.022413,23.308675,23.895750,23.895750,6744338
2015-05-06,23.895750,24.564904,23.792953,24.459681,24.459681,8812116
2015-05-07,24.459681,24.474010,24.251760,24.265975,24.265975,5646972
2015-05-08,24.265975,24.273717,23.639826,23.647371,23.647371,7985939
2015-05-11,23.647371,24.139518,23.637212,24.129152,24.129152,4681849
2015-05-12,24.129152,24.354384,24.108426,24.333482,24.333482,8344473
2015-05-13,24.333482,24.336939,24.321057,24.324513,24.324513,3367094
2015-05-14,24.324513,24.396479,23.576469,23.646429,23.646429,7021143
2015-05-15,23.646429,23.677812,23.286224,23.317170,23.317170,1770345
2015-05-18,23.317170,23.360655,23.240690,23.284114,23.284114,7362567
2015-05-19,23.284114,23.537863,23.232296,23.485598,23.485598,3960443
2015-05-20,23.485598,23.505490,22.888605,22.908008,22.908008,7789364
2015-05-21,22.908008,23.068102,22.861933,23.021799,23.021799,6801771
2015-05-22,23.021799,23.111554,22.999653,23.089343,23.089343,7564351
2015-05-25,23.089343,23.110026,22.762634,22.783043,22.783043,7235050
2015-05-26,22.783043,22.807913,22.419827,22.444327,22.444327,7539725
2015-05-27,22.444327,23.054596,22.411311,23.020732,23.020732,6017974
2015-05-28,23.020732,23.590635,23.017753,23.587583,23.587583,6724752
2015-05-29,23.587583,24.135943,23.503728,24.050443,24.050443,7373286
2015-06-01,24.050443,24.205722,23.334207,23.485841,23.485841,7531978
2015-06-02,23.485841,23.562166,23.301031,23.377002,23.377002,6288229
2015-06-03,23.377002,24.552283,23.244606,24.414014,24.414014,8814611
2015-06-04,24.414014,24.495475,23.719951,23.799362,23.799362,10775623
2015-06-05,23.799362,23.942244,23.770771,23.913516,23.913516,3176267
2015-06-08,23.913516,24.471177,23.846001,24.402281,24.402281,2584710
2015-06-09,24.402281,24.482583,24.173113,24.252924,24.252924,10647890
2015-06-10,24.252924,24.712098,24.132575,24.590077,24.590077,5490928
2015-06-11,24.590077,24.625140,24.412473,24.447333,24.447333,6550794
2015-06-12,24.447333,24.460095,24.271846,24.284524,24.284524,4980417
2015-06-15,24.284524,25.007604,24.119175,24.838483,24.838483,5109928
2015-06-16,24.838483,24.933452,24.792064,24.886942,24.886942,5394044
2015-06-17,24.886942,24.937503,24.665142,24.715355,24.715355,2778549
2015-06-18,24.715355,24.806548,24.697938,24.789079,24.789079,5847066
2015-06-19,24.789079,24.941246,24.034547,24.182993,24.182993,6221121
2015-06-22,24.182993,24.285433,23.728606,23.829549,23.829549,6207270
2015-06-23,23.829549,24.206399,23.734428,24.110158,24.110158,6610644
2015-06-24,24.110158,24.220083,24.081020,24.190848,24.190848,5850753
2015-06-25,24.190848,24.315028,24.111006,24.235039,24.235039,7534874
2015-06-26,24.235039,24.424276,24.103798,24.292722,24.292722,8460049
2015-06-29,24.292722,24.454449,24.239448,24.400938,24.400938,8627787
2015-06-30,24.400938,24.424236,24.195415,24.218539,24.218539,8609338
2015-07-01,24.218539,24.870812,24.194106,24.845746,24.845746,8253718
2015-07-02,24.845746,24.881219,24.542035,24.577125,24.577125,4583191
2015-07-03,24.577125,24.622588,24.287229,24.332239,24.332239,8100672
2015-07-06,24.332239,24.473938,23.741373,23.880441,23.880441,7861291
2015-07-07,23.880441,24.235825,23.753940,24.108118,24.108118,4541238
2015-07-08,24.108118,24.708878,24.033818,24.632960,24.632960,7199863
2015-07-09,24.632960,24.680194,23.978658,24.024726,24.024726,4796431
2015-07-10,24.024726,24.074298,23.912914,23.962358,23.962358,5525952
2015-07-13,23.962358,24.410399,23.898951,24.345977,24.345977,6346234
2015-07-14,24.345977,24.368647,24.329928,24.352593,24.352593,9981014
2015-07-15,24.352593,24.382489,23.977906,24.007378,24.007378,7763421
2015-07-16,24.007378,24.066266,23.883986,23.942715,23.942715,4686520
2015-07-17,23.942715,24.347979,23.758293,24.161869,24.161869,7525583
2015-07-20,24.161869,24.399590,24.103950,24.341242,24.341242,7231228
2015-07-21,24.341242,24.442518,24.214433,24.315602,24.315602,9233107
2015-07-22,24.315602,24.555514,24.282967,24.522601,24.522601,3401175
2015-07-23,24.522601,24.558301,24.409936,24.445525,24.445525,6464409
2015-07-24,24.445525,25.025408,24.391477,24.970200,24.970200,4496596
2015-07-27,24.970200,25.093952,24.914556,25.038156,25.038156,3958353
2015-07-28,25.038156,25.352625,25.007380,25.321501,25.321501,6012668
2015-07-29,25.321501,25.621495,25.273230,25.572744,25.572744,2837592
2015-07-30,25.572744,25.577125,24.797426,24.801674,24.801674,8528049
2015-07-31,24.801674,25.048406,24.735373,24.981624,24.981624,7021760
2015-08-03,24.981624,25.140202,24.380837,24.536589,24.536589,4078638
2015-08-04,24.536589,25.289006,24.416718,25.166059,25.166059,3498056
2015-08-05,25.166059,25.314541,25.059277,25.207583,25.207583,6556402
2015-08-06,25.207583,25.683962,25.179579,25.655461,25.655461,7560463
2015-08-07,25.655461,26.004789,25.541243,25.889529,25.889529,5716193
2015-08-10,25.889529,25.911510,25.282416,25.303899,25.303899,9328171
2015-08-11,25.303899,25.509845,24.997870,25.202995,25.202995,4190186
2015-08-12,25.202995,25.228659,25.079675,25.105239,25.105239,7394872
2015-08-13,25.105239,25.438452,25.062359,25.395077,25.395077,5417114
2015-08-14,25.395077,26.666413,25.232902,26.497200,26.497200,3927660
2015-08-17,26.497200,26.699319,26.436844,26.638641,26.638641,3820783
2015-08-18,26.638641,26.941903,26.581021,26.883753,26.883753,7659161
2015-08-19,26.883753,27.077303,26.519064,26.711373,26.711373,6461052
2015-08-20,26.711373,26.717739,26.651231,26.657584,26.657584,8761087
2015-08-21,26.657584,27.279694,26.539936,27.159829,27.159829,7244327
2015-08-24,27.159829,27.236072,26.963056,27.038960,27.038960,4493554
2015-08-25,27.038960,27.066629,26.337707,26.364686,26.364686,8490901
2015-08-26,26.364686,26.423225,25.975441,26.033244,26.033244,5495248
2015-08-27,26.033244,27.169302,25.910633,27.041940,27.041940,4378585
2015-08-28,27.041940,27.103478,26.635290,26.696041,26.696041,5568511
2015-08-31,26.696041,26.780875,26.275584,26.359348,26.359348,3721435
2015-09-01,26.359348,26.417023,26.136240,26.193551,26.193551,5383394
2015-09-02,26.193551,26.895682,25.875265,26.572787,26.572787,3479591
2015-09-03,26.572787,26.624852,26.362521,26.414275,26.414275,5884447
2015-09-04,26.414275,26.533548,26.039533,26.157647,26.157647,4263222
2015-09-07,26.157647,26.912054,26.028373,26.779706,26.779706,8343769
2015-09-08,26.779706,26.962461,26.308185,26.488956,26.488956,5233803
2015-09-09,26.488956,26.515663,26.224191,26.250658,26.250658,11025007
2015-09-10,26.250658,26.625288,26.148858,26.522434,26.522434,10854341
2015-09-11,26.522434,26.627693,25.751200,25.853805,25.853805,6975477
2015-09-14,25.853805,26.375147,25.743307,26.262900,26.262900,5523067
2015-09-15,26.262900,26.650467,26.070869,26.457016,26.457016,7011603
2015-09-16,26.457016,26.516469,25.422524,25.479780,25.479780,7581725
2015-09-17,25.479780,25.509120,25.224208,25.253287,25.253287,4939734
2015-09-18,25.253287,25.837375,25.179913,25.762521,25.762521,8081294
2015-09-21,25.762521,26.544212,25.717547,26.497954,26.497954,5600400
2015-09-22,26.497954,27.399962,26.438280,27.338395,27.338395,3395123
2015-09-23,27.338395,27.875160,27.329180,27.865766,27.865766,3946516
2015-09-24,27.865766,27.975122,27.630972,27.739834,27.739834,3500689
2015-09-25,27.739834,27.761423,27.674007,27.695561,27.695561,9721403
2015-09-28,27.695561,28.229868,27.597126,28.129889,28.129889,3502670
2015-09-29,28.129889,28.636127,28.006667,28.511235,28.511235,7740655
2015-09-30,28.511235,28.886388,28.269796,28.643826,28.643826,8731643
2015-10-01,28.643826,28.914952,28.512973,28.783461,28.783461,4846003
2015-10-02,28.783461,28.868014,27.893846,27.976027,27.976027,5557433
2015-10-05,27.976027,28.117369,27.974008,28.115340,28.115340,7152250
2015-10-06,28.115340,28.359185,28.112182,28.356000,28.356000,5548545
2015-10-07,28.356000,28.753037,28.156485,28.552141,28.552141,5815677
2015-10-08,28.552141,28.594130,28.043592,28.084894,28.084894,5236455
2015-10-09,28.084894,28.085551,28.037537,28.038194,28.038194,9107542
2015-10-12,28.038194,29.330918,28.029033,29.321338,29.321338,4536783
2015-10-13,29.321338,29.465505,29.061392,29.204986,29.204986,6005704
2015-10-14,29.204986,29.686719,29.099441,29.579819,29.579819,5840133
2015-10-15,29.579819,29.591705,29.500569,29.512428,29.512428,3281951
2015-10-16,29.512428,30.295268,29.503110,30.285705,30.285705,6188336
2015-10-19,30.285705,30.433461,29.214186,29.357414,29.357414,7263296
2015-10-20,29.357414,29.919792,29.222972,29.783399,29.783399,6184859
2015-10-21,29.783399,29.821664,29.585148,29.623207,29.623207,9559024
2015-10-22,29.623207,29.774697,28.868336,29.016723,29.016723,5365807
2015-10-23,29.016723,29.233643,28.880450,29.096993,29.096993,3703724
2015-10-26,29.096993,29.196307,28.101124,28.197367,28.197367,9425673
2015-10-27,28.197367,28.669871,28.151643,28.623456,28.623456,5838398
2015-10-28,28.623456,28.823132,28.516772,28.716103,28.716103,6174536
2015-10-29,28.716103,28.720345,28.556190,28.560409,28.560409,6662685
2015-10-30,28.560409,28.562805,28.414090,28.416475,28.416475,3990384
2015-11-02,28.416475,28.513009,27.130870,27.223351,27.223351,4633305
2015-11-03,27.223351,27.957288,27.187725,27.920748,27.920748,3826635
2015-11-04,27.920748,28.329089,27.861485,28.269086,28.269086,5876314
2015-11-05,28.269086,28.296422,27.627368,27.654109,27.654109,7770309
2015-11-06,27.654109,27.760289,27.573972,27.680078,27.680078,4358386
2015-11-09,27.680078,27.808867,27.114599,27.241346,27.241346,6438232
2015-11-10,27.241346,27.292298,27.056771,27.107471,27.107471,6540125
2015-11-11,27.107471,27.156849,27.065508,27.114874,27.114874,11668335
2015-11-12,27.114874,27.825875,27.097396,27.807951,27.807951,8681176
2015-11-13,27.807951,27.991840,27.443251,27.625937,27.625937,5974578
2015-11-16,27.625937,27.866569,27.034092,27.271638,27.271638,10038524
2015-11-17,27.271638,27.281602,26.856729,26.866545,26.866545,3268617
2015-11-18,26.866545,26.907424,26.753136,26.793904,26.793904,3778533
2015-11-19,26.793904,26.928354,26.672084,26.806476,26.806476,4801624
2015-11-20,26.806476,26.876508,26.702648,26.772592,26.772592,7795507
2015-11-23,26.772592,26.816150,25.745047,25.787002,25.787002,9628095
2015-11-24,25.787002,25.805538,25.543867,25.562241,25.562241,14760130
2015-11-25,25.562241,26.245580,25.479315,26.160713,26.160713,11438839
2015-11-26,26.160713,26.439962,26.029503,26.308012,26.308012,12752842
2015-11-27,26.308012,26.319666,25.959654,25.971159,25.971159,10510553
2015-11-30,25.971159,26.055728,25.924014,26.008515,26.008515,5380755
2015-12-01,26.008515,26.417619,25.768420,26.175977,26.175977,4573635
2015-12-02,26.175977,26.337491,25.832802,25.993188,25.993188,4855647
2015-12-03,25.993188,26.113830,24.949261,25.065597,25.065597,4457446
2015-12-04,25.065597,25.850071,24.971773,25.753671,25.753671,2882543
2015-12-07,25.753671,25.825525,24.755236,24.824498,24.824498,3153448
2015-12-08,24.824498,24.966112,24.597398,24.738521,24.738521,8035515
2015-12-09,24.738521,25.903462,24.697746,25.860837,25.860837,6825142
2015-12-10,25.860837,26.036787,25.842261,26.018099,26.018099,5593114
2015-12-11,26.018099,26.220276,25.363891,25.562528,25.562528,6984378
2015-12-14,25.562528,26.128234,25.471634,26.035658,26.035658,5572771
2015-12-15,26.035658,26.088673,25.960477,26.013446,26.013446,6876880
2015-12-16,26.013446,26.015862,25.958472,25.960884,25.960884,6887379
2015-12-17,25.960884,26.054903,25.563416,25.656332,25.656332,5380057
2015-12-18,25.656332,26.231859,25.519103,26.092298,26.092298,6715161
2015-12-21,26.092298,26.226448,25.539070,25.671054,25.671054,6503079
2015-12-22,25.671054,25.715007,25.582999,25.626877,25.626877,7486693
2015-12-23,25.626877,25.643486,25.369458,25.385911,25.385911,6276101
2015-12-24,25.385911,25.562247,25.379418,25.555711,25.555711,4762149
2015-12-25,25.555711,26.241577,25.418075,26.101004,26.101004,5327733
2015-12-28,26.101004,26.658517,25.953081,26.508285,26.508285,9110465
2015-12-29,26.508285,26.534111,26.482366,26.508192,26.508192,4453593
2015-12-30,26.508192,26.640858,26.061650,26.192738,26.192738,9405447
2015-12-31,26.192738,26.484332,25.828825,26.119605,26.119605,3771348
2016-01-01,26.119605,26.600417,26.078673,26.558797,26.558797,4606949
2016-01-04,26.558797,27.642096,26.424285,27.502804,27.502804,6991231
2016-01-05,27.502804,27.612180,26.908376,27.015816,27.015816,7337234
2016-01-06,27.015816,27.723965,26.843798,27.548556,27.548556,3605807
2016-01-07,27.548556,27.736204,27.530762,27.718301,27.718301,4170831
2016-01-08,27.718301,27.720418,27.337588,27.339676,27.339676,5891971
2016-01-11,27.339676,27.382674,27.205289,27.248144,27.248144,6912076
2016-01-12,27.248144,27.273214,25.883737,25.907574,25.907574,5735916
2016-01-13,25.907574,26.443607,25.899922,26.435799,26.435799,4923275
2016-01-14,26.435799,26.660481,25.993802,26.216621,26.216621,5615505
2016-01-15,26.216621,26.456155,26.122632,26.361646,26.361646,5605053
2016-01-18,26.361646,26.491972,25.855392,25.983850,25.983850,9262390
2016-01-19,25.983850,26.015435,25.866339,25.897820,25.897820,13110665
2016-01-20,25.897820,26.082566,25.864874,26.049427,26.049427,7392915
2016-01-21,26.049427,26.155971,25.116587,25.219737,25.219737,4363673
2016-01-22,25.219737,25.740774,25.112150,25.631430,25.631430,5927289
2016-01-25,25.631430,25.857674,25.204151,25.428604,25.428604,2837514
2016-01-26,25.428604,25.907610,25.366847,25.844842,25.844842,4400614
2016-01-27,25.844842,26.006129,25.757154,25.918191,25.918191,3620484
2016-01-28,25.918191,25.922565,25.785517,25.789869,25.789869,6984117
2016-01-29,25.789869,25.943743,25.387979,25.540364,25.540364,5353637
2016-02-01,25.540364,25.546859,25.473106,25.479586,25.479586,6552942
2016-02-02,25.479586,25.752869,25.416327,25.689090,25.689090,8805949
2016-02-03,25.689090,25.762136,25.568490,25.641400,25.641400,13198832
2016-02-04,25.641400,25.682122,25.328419,25.368709,25.368709,4733189
2016-02-05,25.368709,25.465685,24.997113,25.093036,25.093036,5017229
2016-02-08,25.093036,25.443733,25.009202,25.359010,25.359010,5831410
2016-02-09,25.359010,25.497408,25.142985,25.280957,25.280957,11941492
2016-02-10,25.280957,25.302903,24.848246,24.869835,24.869835,4065875
2016-02-11,24.869835,24.926932,24.333763,24.389758,24.389758,5678640
2016-02-12,24.389758,24.491320,24.332244,24.433702,24.433702,4996764
2016-02-15,24.433702,24.516307,22.965376,23.043281,23.043281,11361011
2016-02-16,23.043281,23.313982,22.997220,23.267473,23.267473,6305212
2016-02-17,23.267473,23.421439,22.533604,22.683708,22.683708,2698304
2016-02-18,22.683708,22.789397,21.722963,21.824650,21.824650,3347510
2016-02-19,21.824650,22.127083,21.797156,22.099244,22.099244,4994228
2016-02-22,22.099244,22.291124,22.032792,22.224296,22.224296,6015931
2016-02-23,22.224296,22.309403,22.004588,22.089177,22.089177,3659589
2016-02-24,22.089177,22.113324,21.778523,21.802357,21.802357,4149445
2016-02-25,21.802357,21.815141,21.509295,21.521914,21.521914,10331542
2016-02-26,21.521914,21.537143,21.130316,21.145278,21.145278,3834878
2016-02-29,21.145278,21.232229,20.475026,20.559569,20.559569,5977182
2016-03-01,20.559569,20.679517,20.232864,20.351599,20.351599,4612079
2016-03-02,20.351599,20.489023,19.993771,20.129697,20.129697,6506692
2016-03-03,20.129697,20.466196,19.989074,20.324214,20.324214,5078488
2016-03-04,20.324214,20.428592,20.099825,20.203582,20.203582,3558013
2016-03-07,20.203582,20.240473,20.155371,20.192241,20.192241,5090007
2016-03-08,20.192241,20.256284,20.048629,20.112419,20.112419,6408641
2016-03-09,20.112419,20.126648,19.769158,19.783154,19.783154,7366048
2016-03-10,19.783154,20.329306,19.780190,20.326261,20.326261,8136897
2016-03-11,20.326261,20.848390,20.234562,20.754757,20.754757,4322365
2016-03-14,20.754757,21.302298,20.637851,21.182980,21.182980,7457689
2016-03-15,21.182980,21.276126,21.179584,21.272717,21.272717,4996105
2016-03-16,21.272717,21.315844,20.895528,20.937977,20.937977,6536758
2016-03-17,20.937977,21.136333,20.757577,20.955780,20.955780,10464436
2016-03-18,20.955780,20.972597,20.857187,20.873938,20.873938,5334613
2016-03-21,20.873938,22.085065,20.817654,22.025675,22.025675,3330386
2016-03-22,22.025675,22.357422,21.909033,22.239647,22.239647,5869651
2016-03-23,22.239647,22.592827,22.191776,22.544300,22.544300,2987528
2016-03-24,22.544300,22.617944,21.150782,21.220100,21.220100,6563346
2016-03-25,21.220100,21.437265,21.205077,21.422099,21.422099,5924973
2016-03-28,21.422099,21.460977,21.316951,21.355709,21.355709,2972431
2016-03-29,21.355709,21.487894,21.296939,21.428924,21.428924,5112533
2016-03-30,21.428924,21.893512,21.384342,21.848058,21.848058,5574202
2016-03-31,21.848058,21.884211,21.632377,21.668233,21.668233,6373333
2016-04-01,21.668233,22.210667,21.580110,22.120704,22.120704,7503232
2016-04-04,22.120704,22.386406,22.044725,22.309777,22.309777,4556670
2016-04-05,22.309777,22.327866,21.834663,21.852381,21.852381,9753914
2016-04-06,21.852381,21.864957,21.205424,21.217635,21.217635,3851227
2016-04-07,21.217635,21.435320,21.088506,21.305656,21.305656,6876584
2016-04-08,21.305656,21.871904,21.169812,21.733333,21.733333,4945788
2016-04-11,21.733333,21.862842,21.671876,21.801192,21.801192,8795562
2016-04-12,21.801192,22.180888,21.676002,22.054244,22.054244,6513524
2016-04-13,22.054244,22.075253,21.573367,21.593937,21.593937,6717387
2016-04-14,21.593937,22.334949,21.575871,22.316279,22.316279,8936579
2016-04-15,22.316279,22.595414,22.235566,22.513987,22.513987,6685155
2016-04-18,22.513987,23.026870,22.394785,22.905595,22.905595,4453204
2016-04-19,22.905595,22.976105,22.345959,22.414959,22.414959,5067014
2016-04-20,22.414959,22.805755,22.366586,22.756645,22.756645,11189968
2016-04-21,22.756645,23.549707,22.734105,23.526405,23.526405,4148361
2016-04-22,23.526405,23.568741,23.069724,23.111313,23.111313,10141951
2016-04-25,23.111313,23.440083,22.915803,23.243455,23.243455,4562117
2016-04-26,23.243455,23.337730,22.959714,23.053217,23.053217,6394573
2016-04-27,23.053217,23.126594,22.798800,22.871598,22.871598,4169588
2016-04-28,22.871598,22.976243,22.531424,22.634986,22.634986,5011366
2016-04-29,22.634986,22.662817,22.630147,22.657973,22.657973,4391947
2016-05-02,22.657973,22.738020,22.465683,22.545332,22.545332,8053340
2016-05-03,22.545332,23.029267,22.513755,22.997058,22.997058,4220694
2016-05-04,22.997058,23.446843,22.936045,23.384801,23.384801,6078458
2016-05-05,23.384801,23.784870,23.371426,23.771275,23.771275,6462924
2016-05-06,23.771275,23.831359,23.526950,23.586568,23.586568,4192270
2016-05-09,23.586568,23.632354,23.281467,23.326749,23.326749,7045748
2016-05-10,23.326749,23.737995,23.181202,23.590801,23.590801,5657974
2016-05-11,23.590801,23.707476,22.749360,22.862433,22.862433,4154009
2016-05-12,22.862433,23.301672,22.755725,23.193419,23.193419,5045815
2016-05-13,23.193419,23.389325,23.041280,23.236901,23.236901,6129455
2016-05-16,23.236901,23.732468,23.158675,23.652842,23.652842,8181545
2016-05-17,23.652842,23.851219,23.255602,23.452297,23.452297,6217601
2016-05-18,23.452297,23.612307,23.006684,23.164732,23.164732,5095282
2016-05-19,23.164732,23.380926,23.157594,23.373723,23.373723,7267233
2016-05-20,23.373723,23.399334,23.259302,23.284816,23.284816,3877222
2016-05-23,23.284816,23.550794,23.202229,23.467559,23.467559,2910702
2016-05-24,23.467559,24.889303,23.328894,24.743102,24.743102,5311203
2016-05-25,24.743102,24.781296,24.414394,24.452139,24.452139,5646500
2016-05-26,24.452139,24.544785,24.358387,24.451028,24.451028,4389543
2016-05-27,24.451028,24.465060,24.324554,24.338522,24.338522,5304320
2016-05-30,24.338522,24.371563,24.102776,24.135541,24.135541,6464897
2016-05-31,24.135541,24.363462,24.132663,24.360557,24.360557,6457052
2016-06-01,24.360557,24.530617,24.048580,24.217642,24.217642,5151871
2016-06-02,24.217642,24.327108,24.008630,24.117643,24.117643,5842354
2016-06-03,24.117643,24.199608,23.903108,23.984621,23.984621,6311174
2016-06-06,23.984621,24.004138,23.695615,23.714913,23.714913,5172110
2016-06-07,23.714913,23.771937,23.475754,23.532339,23.532339,6343841
2016-06-08,23.532339,23.589226,23.531036,23.587919,23.587919,6357143
2016-06-09,23.587919,23.647969,23.398818,23.458538,23.458538,9723223
2016-06-10,23.458538,23.945256,23.357116,23.842176,23.842176,10135656
2016-06-13,23.842176,23.949944,23.526075,23.632897,23.632897,6043841
2016-06-14,23.632897,23.688405,23.546067,23.601501,23.601501,10426439
2016-06-15,23.601501,24.443348,23.546219,24.386228,24.386228,6293614
2016-06-16,24.386228,24.499815,24.298564,24.412058,24.412058,3530578
2016-06-17,24.412058,25.441145,24.407963,25.436878,25.436878,11918850
2016-06-20,25.436878,25.626286,25.379544,25.568655,25.568655,4718519
2016-06-21,25.568655,25.709949,25.430171,25.571449,25.571449,5887804
2016-06-22,25.571449,25.628960,24.932355,24.988555,24.988555,5447529
2016-06-23,24.988555,25.098617,24.356387,24.464140,24.464140,4446987
2016-06-24,24.464140,25.205233,24.277461,25.014356,25.014356,5813823
2016-06-27,25.014356,25.105662,24.851919,24.942965,24.942965,5153289
2016-06-28,24.942965,25.257079,24.876482,25.189938,25.189938,5854851
2016-06-29,25.189938,25.247208,24.702243,24.758532,24.758532,10852838
2016-06-30,24.758532,24.766213,22.979325,22.986457,22.986457,12387418
2016-07-01,22.986457,23.289992,22.958011,23.261206,23.261206,5818836
2016-07-04,23.261206,23.515503,22.361913,22.609081,22.609081,4088426
2016-07-05,22.609081,22.662055,22.018832,22.070544,22.070544,6006766
2016-07-06,22.070544,22.201852,21.925052,22.056276,22.056276,7317957
2016-07-07,22.056276,22.457340,22.039635,22.440409,22.440409,7964859
2016-07-08,22.440409,22.520588,22.057433,22.136526,22.136526,4498360
2016-07-11,22.136526,22.306442,21.785244,21.953758,21.953758,5629885
2016-07-12,21.953758,22.076385,21.927691,22.050204,22.050204,8697849
2016-07-13,22.050204,22.052912,21.863611,21.866296,21.866296,5969088
2016-07-14,21.866296,21.938192,21.827477,21.899314,21.899314,8706665
2016-07-15,21.899314,22.126349,21.874046,22.100848,22.100848,5227094
2016-07-18,22.100848,22.468727,22.085207,22.452838,22.452838,5828656
2016-07-19,22.452838,22.463785,22.142976,22.153777,22.153777,3168056
2016-07-20,22.153777,22.277359,21.527110,21.647870,21.647870,6465505
2016-07-21,21.647870,22.609930,21.415778,22.370096,22.370096,7769672
2016-07-22,22.370096,22.687105,22.343676,22.660343,22.660343,9233023
2016-07-25,22.660343,22.668350,22.442520,22.450453,22.450453,4885202
2016-07-26,22.450453,23.003268,22.376507,22.927750,22.927750,7698456
2016-07-27,22.927750,23.075169,22.856246,23.003429,23.003429,5297053
2016-07-28,23.003429,23.187261,22.924998,23.108472,23.108472,9832611
2016-07-29,23.108472,23.201722,21.763632,21.851811,21.851811,6569081
2016-08-01,21.851811,22.816633,21.756087,22.717118,22.717118,6093427
2016-08-02,22.717118,22.910903,22.711620,22.905359,22.905359,9871323
2016-08-03,22.905359,23.014437,22.783600,22.892617,22.892617,2600339
2016-08-04,22.892617,22.941560,22.680612,22.729205,22.729205,3815082
2016-08-05,22.729205,22.914808,22.596132,22.781428,22.781428,4827589
2016-08-08,22.781428,22.829001,22.480030,22.527072,22.527072,8584359
2016-08-09,22.527072,22.747181,22.524704,22.744790,22.744790,5990463
2016-08-10,22.744790,23.213850,22.506562,22.973229,22.973229,6368226
2016-08-11,22.973229,22.981089,22.658679,22.666434,22.666434,10552436
2016-08-12,22.666434,23.109687,22.608180,23.050446,23.050446,8542875
2016-08-15,23.050446,23.343348,22.951940,23.244015,23.244015,12733304
2016-08-16,23.244015,23.750598,23.133974,23.638690,23.638690,3500385
2016-08-17,23.638690,24.518480,23.500248,24.375722,24.375722,5027446
2016-08-18,24.375722,25.101234,24.352607,25.077454,25.077454,7547517
2016-08-19,25.077454,25.327078,24.919786,25.168837,25.168837,3622505
2016-08-22,25.168837,25.201227,24.879824,24.911883,24.911883,4852891
2016-08-23,24.911883,25.033348,24.689962,24.810934,24.810934,3237457
2016-08-24,24.810934,24.833791,24.217396,24.239727,24.239727,8969770
2016-08-25,24.239727,24.840454,24.219428,24.819670,24.819670,4716838
2016-08-26,24.819670,24.875954,24.715464,24.771639,24.771639,3770491
2016-08-29,24.771639,24.814424,24.350998,24.393129,24.393129,5018095
2016-08-30,24.393129,24.540563,24.323134,24.470347,24.470347,6729978
2016-08-31,24.470347,24.486064,24.367015,24.382676,24.382676,3786925
2016-09-01,24.382676,24.546252,23.754223,23.914659,23.914659,7380512
2016-09-02,23.914659,24.012920,23.873765,23.971928,23.971928,3186651
2016-09-05,23.971928,24.177720,23.955918,24.161583,24.161583,3344317
2016-09-06,24.161583,24.236653,23.816413,23.890640,23.890640,5627380
2016-09-07,23.890640,24.690994,23.725338,24.521328,24.521328,8240578
2016-09-08,24.521328,24.693028,24.322668,24.494177,24.494177,4251689
2016-09-09,24.494177,24.800036,24.428633,24.733850,24.733850,7076497
2016-09-12,24.733850,24.798998,23.547934,23.610122,23.610122,3155950
2016-09-13,23.610122,24.168265,23.549660,24.106533,24.106533,7999309
2016-09-14,24.106533,24.612829,24.001796,24.506356,24.506356,8790572
2016-09-15,24.506356,24.786144,24.450203,24.729480,24.729480,5434057
2016-09-16,24.729480,25.976141,24.409427,25.644250,25.644250,6184736
2016-09-19,25.644250,26.055419,25.587136,25.997519,25.997519,7955616
2016-09-20,25.997519,26.722454,25.990791,26.715540,26.715540,3623375
2016-09-21,26.715540,27.075413,26.581510,26.940255,26.940255,4907775
2016-09-22,26.940255,26.957106,26.884156,26.900983,26.900983,4896161
2016-09-23,26.900983,26.993894,26.788151,26.880993,26.880993,8567587
2016-09-26,26.880993,26.895917,25.874127,25.888500,25.888500,5026730
2016-09-27,25.888500,25.908624,25.630973,25.650912,25.650912,8085917
2016-09-28,25.650912,26.899474,25.587443,26.833079,26.833079,3526849
2016-09-29,26.833079,27.445184,26.763930,27.374638,27.374638,8082391
2016-09-30,27.374638,27.620155,26.822808,27.065553,27.065553,6939079
2016-10-03,27.065553,27.117102,26.810559,26.861720,26.861720,5624535
2016-10-04,26.861720,27.680374,26.681419,27.495818,27.495818,6453589
2016-10-05,27.495818,27.500072,27.187756,27.191963,27.191963,6720358
2016-10-06,27.191963,27.233406,26.646017,26.686690,26.686690,8196542
2016-10-07,26.686690,26.712028,26.553051,26.578286,26.578286,9774328
2016-10-10,26.578286,26.721345,26.309593,26.451971,26.451971,5730388
2016-10-11,26.451971,26.623297,25.539181,25.705674,25.705674,7062265
2016-10-12,25.705674,25.787393,25.355036,25.435898,25.435898,9468249
2016-10-13,25.435898,25.547304,25.412294,25.523619,25.523619,4936008
2016-10-14,25.523619,26.062327,25.510380,26.048816,26.048816,10455228
2016-10-17,26.048816,26.066166,25.889560,25.906816,25.906816,3683187
2016-10-18,25.906816,25.999920,25.554168,25.646336,25.646336,6504708
2016-10-19,25.646336,25.896946,25.536751,25.786761,25.786761,5111283
2016-10-20,25.786761,26.003992,25.761500,25.978543,25.978543,4562003
2016-10-21,25.978543,27.101500,25.959427,27.081573,27.081573,5477566
2016-10-24,27.081573,27.764799,27.013735,27.695423,27.695423,5340102
2016-10-25,27.695423,27.804859,27.271188,27.379376,27.379376,11171405
2016-10-26,27.379376,28.330694,27.292552,28.241137,28.241137,9777629
2016-10-27,28.241137,28.367665,27.737258,27.862087,27.862087,8122378
2016-10-28,27.862087,28.300797,27.811305,28.249310,28.249310,8737490
2016-10-31,28.249310,29.090663,28.058029,28.895010,28.895010,5865342
2016-11-01,28.895010,28.977414,28.688252,28.770300,28.770300,3983533
2016-11-02,28.770300,29.191469,28.706956,29.127339,29.127339,7468462
2016-11-03,29.127339,29.509535,28.619392,28.999916,28.999916,4249360
2016-11-04,28.999916,29.252529,28.122854,28.369981,28.369981,5427084
2016-11-07,28.369981,28.532650,28.361237,28.523859,28.523859,5170258
2016-11-08,28.523859,28.555874,27.903744,27.935098,27.935098,4263169
2016-11-09,27.935098,28.137080,27.843061,28.044681,28.044681,5777352
2016-11-10,28.044681,28.091246,27.983414,28.029955,28.029955,8966831
2016-11-11,28.029955,28.316611,27.879415,28.165344,28.165344,4496899
2016-11-14,28.165344,28.262994,27.535696,27.631495,27.631495,8797695
2016-11-15,27.631495,28.480704,27.569230,28.416669,28.416669,4321368
2016-11-16,28.416669,29.215059,28.266051,29.061025,29.061025,4984757
2016-11-17,29.061025,29.736302,29.048145,29.723128,29.723128,5435673
2016-11-18,29.723128,30.597601,29.519636,30.389546,30.389546,5401691
2016-11-21,30.389546,30.668718,30.381209,30.660306,30.660306,5537629
2016-11-22,30.660306,31.074802,30.490674,30.903822,30.903822,9256551
2016-11-23,30.903822,31.891956,30.737335,31.721066,31.721066,9721117
2016-11-24,31.721066,33.504668,31.521296,33.294986,33.294986,4012261
2016-11-25,33.294986,33.402329,33.202421,33.309723,33.309723,7670319
2016-11-28,33.309723,34.527603,33.171960,34.385391,34.385391,9158721
2016-11-29,34.385391,34.504301,33.802457,33.919758,33.919758,5450761
2016-11-30,33.919758,34.056926,33.899699,34.036798,34.036798,7688087
2016-12-01,34.036798,34.088319,33.584239,33.635153,33.635153,8080724
2016-12-02,33.635153,33.845784,33.524639,33.734942,33.734942,5729611
2016-12-05,33.734942,35.346117,33.461309,35.061722,35.061722,5561734
2016-12-06,35.061722,35.171793,34.931834,35.041843,35.041843,5608965
2016-12-07,35.041843,35.310892,34.442775,34.709271,34.709271,4387296
2016-12-08,34.709271,34.768977,33.689553,33.747605,33.747605,4659637
2016-12-09,33.747605,33.863386,33.573169,33.688748,33.688748,3453957
2016-12-12,33.688748,33.800462,33.632798,33.744420,33.744420,7778625
2016-12-13,33.744420,33.959785,32.919795,33.131247,33.131247,3698664
2016-12-14,33.131247,33.815991,33.064466,33.747968,33.747968,4956843
2016-12-15,33.747968,33.769019,32.998979,33.019576,33.019576,5982098
2016-12-16,33.019576,33.970914,32.868677,33.816374,33.816374,6320592
2016-12-19,33.816374,33.901153,32.962240,33.045086,33.045086,6687480
2016-12-20,33.045086,33.069823,32.575961,32.600365,32.600365,6277578
2016-12-21,32.600365,32.619896,32.478060,32.497530,32.497530,7721834
2016-12-22,32.497530,32.598362,30.824380,30.920319,30.920319,7084765
2016-12-23,30.920319,31.669389,30.914122,31.663043,31.663043,8055051
2016-12-26,31.663043,31.961407,31.642807,31.940994,31.940994,8003989
2016-12-27,31.940994,32.447127,31.793248,32.297731,32.297731,7064326
2016-12-28,32.297731,32.561905,31.974196,32.237880,32.237880,7115226
2016-12-29,32.237880,33.312773,32.096157,33.166965,33.166965,4347691
2016-12-30,33.166965,33.397300,32.677125,32.905645,32.905645,14795133
2017-01-02,32.905645,33.277696,32.832969,33.204360,33.204360,7972128
2017-01-03,33.204360,33.315903,33.185757,33.297247,33.297247,5065799
2017-01-04,33.297247,33.314672,32.623217,32.640298,32.640298,6955087
2017-01-05,32.640298,32.845487,32.305424,32.509792,32.509792,9246994
2017-01-06,32.509792,32.857685,32.503683,32.851512,32.851512,7363334
2017-01-09,32.851512,33.602057,32.715763,33.463778,33.463778,9991797
2017-01-10,33.463778,33.498358,33.418142,33.452711,33.452711,9461092
2017-01-11,33.452711,33.474548,33.321622,33.343389,33.343389,2779802
2017-01-12,33.343389,33.786910,33.289330,33.732221,33.732221,6504710
2017-01-13,33.732221,34.537508,33.497771,34.299119,34.299119,7096054
2017-01-16,34.299119,34.762618,33.901329,34.364075,34.364075,7106661
2017-01-17,34.364075,35.208279,34.341234,35.184893,35.184893,8918218
2017-01-18,35.184893,35.718524,35.090215,35.622668,35.622668,4847361
2017-01-19,35.622668,35.794127,35.266101,35.436664,35.436664,13109636
2017-01-20,35.436664,35.708944,35.407333,35.679411,35.679411,5074521
2017-01-23,35.679411,36.077775,35.678140,36.076489,36.076489,5056655
2017-01-24,36.076489,36.196045,35.624178,35.742628,35.742628,5923998
2017-01-25,35.742628,35.902003,35.675769,35.834972,35.834972,3851158
2017-01-26,35.834972,36.306484,35.636010,36.106018,36.106018,5609829
2017-01-27,36.106018,36.243487,35.600651,35.736714,35.736714,4870042
2017-01-30,35.736714,36.129459,35.732592,36.125292,36.125292,8352204
2017-01-31,36.125292,36.889581,36.102666,36.866491,36.866491,8698023
2017-02-01,36.866491,36.896880,36.544521,36.574670,36.574670,10227742
2017-02-02,36.574670,37.200115,36.530814,37.155563,37.155563,4992965
2017-02-03,37.155563,37.817555,37.042159,37.702481,37.702481,5625546
2017-02-06,37.702481,38.958450,37.610912,38.864060,38.864060,6331174
2017-02-07,38.864060,38.925993,38.718619,38.780419,38.780419,6503747
2017-02-08,38.780419,39.077906,38.664898,38.961844,38.961844,7975378
2017-02-09,38.961844,39.562212,38.912613,39.512285,39.512285,8076366
2017-02-10,39.512285,39.601659,39.093729,39.182356,39.182356,5944048
2017-02-13,39.182356,40.091110,39.007832,39.913330,39.913330,6054122
2017-02-14,39.913330,42.014897,39.729554,41.822331,41.822331,4635953
2017-02-15,41.822331,43.297802,41.819081,43.294438,43.294438,9343854
2017-02-16,43.294438,44.300141,43.261638,44.266604,44.266604,7485817
2017-02-17,44.266604,45.370613,43.881183,44.978990,44.978990,11838045
2017-02-20,44.978990,45.406843,44.847109,45.274096,45.274096,3568809
2017-02-21,45.274096,46.092845,45.083877,45.899997,45.899997,5820449
2017-02-22,45.899997,46.741439,45.781022,46.620597,46.620597,7841058
2017-02-23,46.620597,46.727785,44.384869,44.487153,44.487153,3982953
2017-02-24,44.487153,44.697523,44.463247,44.673517,44.673517,4274541
2017-02-27,44.673517,45.124730,44.640235,45.091138,45.091138,7556709
2017-02-28,45.091138,45.263530,44.866685,45.038877,45.038877,5685882
2017-03-01,45.038877,46.455636,44.694162,46.102779,46.102779,5085325
2017-03-02,46.102779,48.326291,45.707979,47.915964,47.915964,3970726
2017-03-03,47.915964,48.682259,47.831466,48.596561,48.596561,7851578
2017-03-06,48.596561,48.706708,48.395691,48.505632,48.505632,4648137
2017-03-07,48.505632,48.749472,48.301640,48.545312,48.545312,7565972
2017-03-08,48.545312,48.576925,47.927208,47.958438,47.958438,4854575
2017-03-09,47.958438,48.157744,46.700507,46.895396,46.895396,6662629
2017-03-10,46.895396,47.068194,45.540942,45.709370,45.709370,4940871
2017-03-13,45.709370,45.971328,45.683530,45.945354,45.945354,6472879
2017-03-14,45.945354,45.978484,45.351515,45.384241,45.384241,4168358
2017-03-15,45.384241,46.251338,45.226703,46.091345,46.091345,7760864
2017-03-16,46.091345,46.258374,45.640441,45.806436,45.806436,3857782
2017-03-17,45.806436,45.937015,45.003447,45.132103,45.132103,11100353
2017-03-20,45.132103,45.468065,44.990240,45.325594,45.325594,6512815
2017-03-21,45.325594,46.027841,45.169775,45.870149,45.870149,6062330
2017-03-22,45.870149,46.661491,45.677652,46.466491,46.466491,5981118
2017-03-23,46.466491,46.550701,46.199053,46.282931,46.282931,4644831
2017-03-24,46.282931,46.295729,44.820550,44.832946,44.832946,8196007
2017-03-27,44.832946,44.934883,44.614702,44.716374,44.716374,3779994
2017-03-28,44.716374,45.076128,44.162170,44.520348,44.520348,5486946
2017-03-29,44.520348,45.504604,44.491249,45.474881,45.474881,9474620
2017-03-30,45.474881,45.952250,45.430334,45.907280,45.907280,3566380
2017-03-31,45.907280,46.853245,45.823731,46.768130,46.768130,3808027
2017-04-03,46.768130,47.477808,46.514306,47.221523,47.221523,7647977
2017-04-04,47.221523,47.263800,46.600542,46.642300,46.642300,10826359
2017-04-05,46.642300,47.074567,46.332012,46.763472,46.763472,2426153
2017-04-06,46.763472,47.112299,46.005621,46.351374,46.351374,2916230
2017-04-07,46.351374,46.964259,46.235558,46.847204,46.847204,7729388
2017-04-10,46.847204,48.072578,46.723771,47.946250,47.946250,7581239
2017-04-11,47.946250,48.510851,47.944670,48.509253,48.509253,5265131
2017-04-12,48.509253,50.516032,48.141562,50.136011,50.136011,7155261
2017-04-13,50.136011,51.193636,50.028111,51.083696,51.083696,5638253
2017-04-14,51.083696,51.098377,49.757160,49.771464,49.771464,5419993
2017-04-17,49.771464,49.877661,49.571923,49.677920,49.677920,5135773
2017-04-18,49.677920,49.898725,49.419131,49.639766,49.639766,2435399
2017-04-19,49.639766,49.897925,48.987306,49.243404,49.243404,7473195
2017-04-20,49.243404,50.669692,49.110130,50.532928,50.532928,6850780
2017-04-21,50.532928,50.657600,48.633698,48.753980,48.753980,5242703
2017-04-24,48.753980,48.899015,48.220673,48.364549,48.364549,7570022
2017-04-25,48.364549,48.366132,47.999229,48.000800,48.000800,5674170
2017-04-26,48.000800,48.333906,47.345573,47.676428,47.676428,5799062
2017-04-27,47.676428,48.568354,47.559466,48.449496,48.449496,15443361
2017-04-28,48.449496,49.019110,48.381888,48.950802,48.950802,5448885
2017-05-01,48.950802,49.767025,48.860727,49.675616,49.675616,15520945
2017-05-02,49.675616,49.680406,49.416933,49.421699,49.421699,4827470
2017-05-03,49.421699,49.517869,49.040546,49.136160,49.136160,7589827
2017-05-04,49.136160,52.188047,48.909793,51.948723,51.948723,5435759
2017-05-05,51.948723,52.086093,51.773702,51.910972,51.910972,6408854
2017-05-08,51.910972,52.026926,51.114163,51.228592,51.228592,8346993
2017-05-09,51.228592,52.048676,51.040349,51.858119,51.858119,3900147
2017-05-10,51.858119,52.782147,51.798335,52.721367,52.721367,4977901
2017-05-11,52.721367,52.764472,51.763539,51.805896,51.805896,6182238
2017-05-12,51.805896,52.145453,51.529452,51.868675,51.868675,3365720
2017-05-15,51.868675,52.390003,51.670019,52.190116,52.190116,6841202
2017-05-16,52.190116,52.214095,52.005301,52.029206,52.029206,10658484
2017-05-17,52.029206,52.063382,50.894961,50.928414,50.928414,2837465
2017-05-18,50.928414,51.095730,50.845039,51.012217,51.012217,4497512
2017-05-19,51.012217,51.264643,49.252461,49.497391,49.497391,4037648
2017-05-22,49.497391,49.512237,49.323901,49.338700,49.338700,2960901
2017-05-23,49.338700,50.034478,49.283495,49.978557,49.978557,7833679
2017-05-24,49.978557,50.324249,49.956081,50.301627,50.301627,6859334
2017-05-25,50.301627,52.225366,49.977488,51.890986,51.890986,3689324
2017-05-26,51.890986,52.010394,50.948426,51.065936,51.065936,6530867
2017-05-29,51.065936,51.113825,49.836967,49.883747,49.883747,6092526
2017-05-30,49.883747,50.136038,49.628506,49.880782,49.880782,4760614
2017-05-31,49.880782,50.165779,49.301437,49.584743,49.584743,4356322
2017-06-01,49.584743,49.919308,48.486566,48.815944,48.815944,8039775
2017-06-02,48.815944,50.279781,48.752749,50.214774,50.214774,4893923
2017-06-05,50.214774,50.819225,50.152082,50.755857,50.755857,7243736
2017-06-06,50.755857,51.097454,50.521774,50.862877,50.862877,5400514
2017-06-07,50.862877,51.684021,50.702575,51.521643,51.521643,8512473
2017-06-08,51.521643,51.573046,50.874566,50.925374,50.925374,7885746
2017-06-09,50.925374,51.041645,50.011504,50.125950,50.125950,5493554
2017-06-12,50.125950,50.343262,49.117950,49.331820,49.331820,5819149
2017-06-13,49.331820,49.584878,49.239657,49.492415,49.492415,14060707
2017-06-14,49.492415,49.910418,47.481574,47.886010,47.886010,8111910
2017-06-15,47.886010,47.989322,47.776967,47.880267,47.880267,4434658
2017-06-16,47.880267,47.926407,46.858204,46.903403,46.903403,6442972
2017-06-19,46.903403,47.189544,45.955601,46.237682,46.237682,9075025
2017-06-20,46.237682,46.286302,45.404660,45.452455,45.452455,3994608
2017-06-21,45.452455,45.652329,44.640825,44.837997,44.837997,4784232
2017-06-22,44.837997,44.910906,44.536323,44.608860,44.608860,4206083
2017-06-23,44.608860,44.716452,42.290900,42.393149,42.393149,4101226
2017-06-26,42.393149,44.073924,42.262993,43.939022,43.939022,9292697
2017-06-27,43.939022,44.109789,42.648909,42.815309,42.815309,8564939
2017-06-28,42.815309,43.831158,42.699683,43.713108,43.713108,5878600
2017-06-29,43.713108,43.737576,43.670208,43.694666,43.694666,10049418
2017-06-30,43.694666,43.884168,43.183156,43.371255,43.371255,10858686
2017-07-03,43.371255,43.860098,43.193638,43.681211,43.681211,4274235
2017-07-04,43.681211,43.907758,42.784777,43.007831,43.007831,7638108
2017-07-05,43.007831,43.057264,42.908076,42.957451,42.957451,5917610
2017-07-06,42.957451,43.024997,41.391116,41.456301,41.456301,10547636
2017-07-07,41.456301,41.555787,40.136883,40.233433,40.233433,10598648
2017-07-10,40.233433,40.315412,39.969609,40.051216,40.051216,5106167
2017-07-11,40.051216,41.377363,39.693389,41.010962,41.010962,7590945
2017-07-12,41.010962,41.058160,40.469243,40.515872,40.515872,4515127
2017-07-13,40.515872,40.741989,40.030626,40.255289,40.255289,8648516
2017-07-14,40.255289,40.282158,39.180563,39.206733,39.206733,9155347
2017-07-17,39.206733,39.375452,37.869797,38.033468,38.033468,6719237
2017-07-18,38.033468,38.044623,38.013665,38.024817,38.024817,5297125
2017-07-19,38.024817,38.265910,37.976073,38.216920,38.216920,5299707
2017-07-20,38.216920,38.290270,38.101134,38.174403,38.174403,15455959
2017-07-21,38.174403,38.284871,37.721355,37.830829,37.830829,7653651
2017-07-24,37.830829,38.248609,37.703486,38.120292,38.120292,5478443
2017-07-25,38.120292,38.221389,37.606196,37.706195,37.706195,4927376
2017-07-26,37.706195,37.787927,36.973377,37.053695,37.053695,8388252
2017-07-27,37.053695,37.439905,36.821418,37.206670,37.206670,6085945
2017-07-28,37.206670,37.674830,37.004576,37.471299,37.471299,5628634
2017-07-31,37.471299,38.003166,37.333897,37.864323,37.864323,6639147
2017-08-01,37.864323,37.928307,35.570235,35.630444,35.630444,10331096
2017-08-02,35.630444,35.717451,35.440776,35.527532,35.527532,6421813
2017-08-03,35.527532,35.558144,35.068392,35.098634,35.098634,7210277
2017-08-04,35.098634,36.116436,34.981189,35.995988,35.995988,5109112
2017-08-07,35.995988,36.029047,34.875534,34.907594,34.907594,8305973
2017-08-08,34.907594,35.404821,34.894491,35.391537,35.391537,3994981
2017-08-09,35.391537,35.554098,35.104595,35.266583,35.266583,6554092
2017-08-10,35.266583,35.307373,34.023680,34.063079,34.063079,7313901
2017-08-11,34.063079,34.111748,33.183817,33.231297,33.231297,4268425
2017-08-14,33.231297,34.334170,33.207035,34.309121,34.309121,4967978
2017-08-15,34.309121,34.780912,34.248692,34.719759,34.719759,8930898
2017-08-16,34.719759,35.052798,34.521299,34.853573,34.853573,3218215
2017-08-17,34.853573,35.394576,34.779525,35.319538,35.319538,12769808
2017-08-18,35.319538,35.678591,34.733169,35.089887,35.089887,5088736
2017-08-21,35.089887,35.132436,34.834916,34.877208,34.877208,3453183
2017-08-22,34.877208,35.051473,34.658785,34.832828,34.832828,6932569
2017-08-23,34.832828,34.977342,33.410156,33.549344,33.549344,4983466
2017-08-24,33.549344,33.552547,33.354432,33.357616,33.357616,8606211
2017-08-25,33.357616,33.427242,32.875940,32.944704,32.944704,3869418
2017-08-28,32.944704,33.620150,32.514033,33.186321,33.186321,5302008
2017-08-29,33.186321,33.801253,33.128868,33.742836,33.742836,4061095
2017-08-30,33.742836,33.884712,33.431213,33.572372,33.572372,6462130
2017-08-31,33.572372,34.044283,33.495587,33.966596,33.966596,7614404
2017-09-01,33.966596,34.493164,33.848700,34.373854,34.373854,4404479
2017-09-04,34.373854,35.246631,34.211750,35.081192,35.081192,5605835
2017-09-05,35.081192,35.370667,34.417816,34.704181,34.704181,5819161
2017-09-06,34.704181,34.828629,34.645957,34.770295,34.770295,4454044
2017-09-07,34.770295,35.089904,34.630619,34.949508,34.949508,4577140
2017-09-08,34.949508,35.854386,34.711753,35.612123,35.612123,8434105
2017-09-11,35.612123,35.638670,35.083644,35.109817,35.109817,6037423
2017-09-12,35.109817,35.256502,34.950483,35.097115,35.097115,6689869
2017-09-13,35.097115,35.199630,34.533827,34.634993,34.634993,6887976
2017-09-14,34.634993,34.824287,34.061529,34.248713,34.248713,9174279
2017-09-15,34.248713,34.518309,33.416793,33.681928,33.681928,11157987
2017-09-18,33.681928,34.022254,33.629632,33.969512,33.969512,6127485
2017-09-19,33.969512,34.017074,33.861407,33.908883,33.908883,5324409
2017-09-20,33.908883,34.053286,33.693197,33.837295,33.837295,4493715
2017-09-21,33.837295,35.080337,33.576945,34.812485,34.812485,8250617
2017-09-22,34.812485,35.068783,34.654587,34.910441,34.910441,6819382
2017-09-25,34.910441,35.232468,34.877881,35.199638,35.199638,6928644
2017-09-26,35.199638,35.557333,34.942874,35.299838,35.299838,6261381
2017-09-27,35.299838,35.364401,34.775604,34.839324,34.839324,7328901
2017-09-28,34.839324,34.915962,33.550229,33.624194,33.624194,10076801
2017-09-29,33.624194,33.644833,33.320930,33.341395,33.341395,7174807
2017-10-02,33.341395,33.425189,33.252773,33.336555,33.336555,5091516
2017-10-03,33.336555,33.505707,32.375416,32.540529,32.540529,10227510
2017-10-04,32.540529,32.634541,31.973642,32.066284,32.066284,6223820
2017-10-05,32.066284,32.113007,31.613049,31.659179,31.659179,4099629
2017-10-06,31.659179,31.758284,31.442714,31.541451,31.541451,6432626
2017-10-09,31.541451,31.556241,31.246480,31.261138,31.261138,4994358
2017-10-10,31.261138,31.564012,30.497447,30.795812,30.795812,5522803
2017-10-11,30.795812,30.929252,30.257978,30.389658,30.389658,6391195
2017-10-12,30.389658,30.529042,30.336524,30.475757,30.475757,6119657
2017-10-13,30.475757,30.720086,30.473866,30.718180,30.718180,7506977
2017-10-16,30.718180,31.683106,30.657362,31.620502,31.620502,3383131
2017-10-17,31.620502,32.446954,31.495345,32.319032,32.319032,5429428
2017-10-18,32.319032,32.612415,32.306167,32.599438,32.599438,6692181
2017-10-19,32.599438,33.578763,32.554076,33.532104,33.532104,4948401
2017-10-20,33.532104,33.572078,33.228664,33.268324,33.268324,5788783
2017-10-23,33.268324,34.067101,33.169574,33.966280,33.966280,5108448
2017-10-24,33.966280,34.234404,33.887130,34.154816,34.154816,4393518
2017-10-25,34.154816,34.283794,33.490050,33.616997,33.616997,4754080
2017-10-26,33.616997,33.804886,32.969267,33.154572,33.154572,5957739
2017-10-27,33.154572,33.226215,33.011920,33.083410,33.083410,5338256
2017-10-30,33.083410,33.118563,33.072438,33.107583,33.107583,7933306
2017-10-31,33.107583,33.768266,32.892104,33.549907,33.549907,4949093
2017-11-01,33.549907,33.847483,33.455034,33.752038,33.752038,7045500
2017-11-02,33.752038,34.793778,33.536365,34.572860,34.572860,3672952
2017-11-03,34.572860,34.584518,34.090667,34.102166,34.102166,6336469
2017-11-06,34.102166,34.116490,33.978460,33.992738,33.992738,7669962
2017-11-07,33.992738,34.147615,33.063330,33.214663,33.214663,8594725
2017-11-08,33.214663,33.263705,32.783704,32.832181,32.832181,4703491
2017-11-09,32.832181,33.107306,32.699525,32.974076,32.974076,6791165
2017-11-10,32.974076,33.123332,32.766391,32.915381,32.915381,6420336
2017-11-13,32.915381,32.919416,32.902066,32.906099,32.906099,7490756
2017-11-14,32.906099,33.624941,32.871271,33.589390,33.589390,7084900
2017-11-15,33.589390,33.636216,31.969959,32.014590,32.014590,4879953
2017-11-16,32.014590,32.112698,31.140280,31.236001,31.236001,5133455
2017-11-17,31.236001,31.290783,30.424181,30.477632,30.477632,5815901
2017-11-20,30.477632,30.811439,30.448508,30.782024,30.782024,7201842
2017-11-21,30.782024,31.732555,30.623679,31.570156,31.570156,8210534
2017-11-22,31.570156,33.893850,31.528862,33.849575,33.849575,6498224
2017-11-23,33.849575,33.920109,33.180299,33.249584,33.249584,2617643
2017-11-24,33.249584,33.369916,32.406182,32.523888,32.523888,4145125
2017-11-27,32.523888,32.692013,31.693879,31.858564,31.858564,6076768
2017-11-28,31.858564,31.897095,31.530288,31.568468,31.568468,6710648
2017-11-29,31.568468,31.614068,31.184822,31.229933,31.229933,2474741
2017-11-30,31.229933,31.349915,31.082891,31.202768,31.202768,11524009
2017-12-01,31.202768,31.423323,31.121973,31.342167,31.342167,10544808
2017-12-04,31.342167,31.693013,31.338825,31.689634,31.689634,4808072
2017-12-05,31.689634,32.526454,31.687382,32.524143,32.524143,3169167
2017-12-06,32.524143,32.677305,32.357584,32.510683,32.510683,6405208
2017-12-07,32.510683,32.738472,32.500661,32.728382,32.728382,4801932
2017-12-08,32.728382,32.813295,32.355277,32.439440,32.439440,5520404
2017-12-11,32.439440,32.474064,32.161883,32.196247,32.196247,6681088
2017-12-12,32.196247,32.336674,32.125820,32.266094,32.266094,7666386
2017-12-13,32.266094,33.641856,32.250123,33.625211,33.625211,3486369
2017-12-14,33.625211,33.685222,33.500772,33.560668,33.560668,4098626
2017-12-15,33.560668,33.940267,33.519995,33.899184,33.899184,10229323
2017-12-18,33.899184,34.323693,33.788449,34.211937,34.211937,6587371
2017-12-19,34.211937,35.436813,34.153882,35.376781,35.376781,5908625
2017-12-20,35.376781,35.385006,35.217947,35.226137,35.226137,6725243
2017-12-21,35.226137,35.559769,35.160302,35.493435,35.493435,3314883
2017-12-22,35.493435,35.612793,34.360863,34.476802,34.476802,8154035
2017-12-25,34.476802,35.354218,34.434009,35.310390,35.310390,9626640
2017-12-26,35.310390,35.460011,35.021018,35.170044,35.170044,3887903
2017-12-27,35.170044,35.538807,35.012855,35.380677,35.380677,4945409
2017-12-28,35.380677,35.858904,35.280912,35.758074,35.758074,6134606
2017-12-29,35.758074,35.996385,35.647336,35.885254,35.885254,3775188
2018-01-01,35.885254,36.397361,35.871958,36.383880,36.383880,4461540
2018-01-02,36.383880,37.141391,36.306131,37.062192,37.062192,3556842
2018-01-03,37.062192,37.246566,36.651221,36.834462,36.834462,8814313
2018-01-04,36.834462,36.845791,35.946640,35.957699,35.957699,5926733
2018-01-05,35.957699,36.680360,35.766944,36.486798,36.486798,7919365
2018-01-08,36.486798,36.571003,35.157788,35.239114,35.239114,4587751
2018-01-09,35.239114,35.397697,35.027005,35.185346,35.185346,5475402
2018-01-10,35.185346,35.406970,35.083418,35.304697,35.304697,6469859
2018-01-11,35.304697,35.358616,35.149660,35.203424,35.203424,5095840
2018-01-12,35.203424,35.287647,34.238624,34.320734,34.320734,7487964
2018-01-15,34.320734,34.419094,34.100659,34.198669,34.198669,6852212
2018-01-16,34.198669,34.268373,34.015094,34.084566,34.084566,10773918
2018-01-17,34.084566,34.535314,34.056298,34.506697,34.506697,9071552
2018-01-18,34.506697,34.537768,34.051034,34.081723,34.081723,5509122
2018-01-19,34.081723,34.256163,34.064089,34.238448,34.238448,8511806
2018-01-22,34.238448,34.399330,33.717478,33.876661,33.876661,5596683
2018-01-23,33.876661,33.889372,33.454701,33.467259,33.467259,6766414
2018-01-24,33.467259,33.818460,33.328706,33.679030,33.679030,5124070
2018-01-25,33.679030,34.435532,33.599890,34.354804,34.354804,3998555
2018-01-26,34.354804,35.864491,34.311928,35.819787,35.819787,4859484
2018-01-29,35.819787,35.943522,35.611288,35.734729,35.734729,6349765
2018-01-30,35.734729,36.815005,35.620767,36.697971,36.697971,10311204
2018-01-31,36.697971,36.793111,36.276568,36.370859,36.370859,6794164
2018-02-01,36.370859,36.438740,35.866198,35.933262,35.933262,9271904
2018-02-02,35.933262,36.675920,35.632072,36.371061,36.371061,5814524
2018-02-05,36.371061,36.757747,36.209378,36.595067,36.595067,10187511
2018-02-06,36.595067,36.886571,36.533843,36.824962,36.824962,7376664
2018-02-07,36.824962,36.860150,34.671759,34.704921,34.704921,5712050
2018-02-08,34.704921,34.783178,33.680659,33.756778,33.756778,12082185
2018-02-09,33.756778,34.076312,33.588797,33.907581,33.907581,9371183
2018-02-12,33.907581,33.990728,33.740579,33.823521,33.823521,14109262
2018-02-13,33.823521,33.826976,33.405690,33.409103,33.409103,5898479
2018-02-14,33.409103,34.137932,33.382477,34.110745,34.110745,4912893
2018-02-15,34.110745,34.326927,34.091842,34.307915,34.307915,7730802
2018-02-16,34.307915,34.635341,34.238770,34.565677,34.565677,3948658
2018-02-19,34.565677,34.610549,34.354632,34.399288,34.399288,2499863
2018-02-20,34.399288,35.720917,34.237886,35.554097,35.554097,7409420
2018-02-21,35.554097,36.037789,35.464673,35.947375,35.947375,7642394
2018-02-22,35.947375,38.433921,35.828591,38.307338,38.307338,4796469
2018-02-23,38.307338,38.429221,37.385430,37.504759,37.504759,4717738
2018-02-26,37.504759,37.621236,35.727109,35.838410,35.838410,5697583
2018-02-27,35.838410,35.961009,34.799868,34.919323,34.919323,5382949
2018-02-28,34.919323,34.991818,34.616683,34.688699,34.688699,4187280
2018-03-01,34.688699,35.189296,34.488788,34.987662,34.987662,7187406
2018-03-02,34.987662,35.135551,34.304348,34.449964,34.449964,3181078
2018-03-05,34.449964,34.544543,34.203022,34.297182,34.297182,5515887
2018-03-06,34.297182,35.762303,34.048030,35.504382,35.504382,4322395
2018-03-07,35.504382,35.729373,34.639211,34.860119,34.860119,5656015
2018-03-08,34.860119,35.287387,34.851783,35.278950,35.278950,13471626
2018-03-09,35.278950,35.362600,34.902307,34.985260,34.985260,3888046
2018-03-12,34.985260,35.132764,34.202644,34.347459,34.347459,9528087
2018-03-13,34.347459,34.495535,33.605540,33.751045,33.751045,6445474
2018-03-14,33.751045,33.925608,33.639577,33.813932,33.813932,4279626
2018-03-15,33.813932,33.923812,33.417059,33.526003,33.526003,4423488
2018-03-16,33.526003,34.258980,33.485745,34.217892,34.217892,4699052
2018-03-19,34.217892,34.663960,34.058442,34.503181,34.503181,4343810
2018-03-20,34.503181,35.076910,34.422343,34.994920,34.994920,5355789
2018-03-21,34.994920,35.020141,34.744915,34.769974,34.769974,6793459
2018-03-22,34.769974,35.129579,34.761790,35.121312,35.121312,4200069
2018-03-23,35.121312,36.168157,35.033604,36.078059,36.078059,5304556
2018-03-26,36.078059,36.268310,35.350362,35.537763,35.537763,21734103
2018-03-27,35.537763,35.757552,35.519375,35.739060,35.739060,6363348
2018-03-28,35.739060,35.950617,35.126255,35.335423,35.335423,6157967
2018-03-29,35.335423,35.836108,35.253157,35.752870,35.752870,8916231
2018-03-30,35.752870,36.695635,35.752115,36.694860,36.694860,3989048
2018-04-02,36.694860,36.866044,36.577478,36.748491,36.748491,8323809
2018-04-03,36.748491,36.966180,35.786900,36.000156,36.000156,8273880
2018-04-04,36.000156,36.486406,35.941231,36.426783,36.426783,8311615
2018-04-05,36.426783,36.530733,35.360914,35.462111,35.462111,4272962
2018-04-06,35.462111,36.590063,35.298066,36.421579,36.421579,5807577
2018-04-09,36.421579,38.129415,36.410894,38.118232,38.118232,9135879
2018-04-10,38.118232,38.446257,37.938138,38.265467,38.265467,6149215
2018-04-11,38.265467,39.005737,38.193866,38.932887,38.932887,9649435
2018-04-12,38.932887,39.264527,38.741274,39.072228,39.072228,4656194
2018-04-13,39.072228,39.209539,38.654724,38.791047,38.791047,7805945
2018-04-16,38.791047,39.026870,37.625144,37.855278,37.855278,4930439
2018-04-17,37.855278,41.554488,37.829501,41.526212,41.526212,6341814
2018-04-18,41.526212,41.603697,41.321428,41.398675,41.398675,4239841
2018-04-19,41.398675,41.475408,41.319719,41.396448,41.396448,7215658
2018-04-20,41.396448,42.657565,41.217617,42.474079,42.474079,11592401
2018-04-23,42.474079,42.562997,42.150612,42.239039,42.239039,9878151
2018-04-24,42.239039,42.355739,41.824183,41.940057,41.940057,10070890
2018-04-25,41.940057,41.965164,41.037591,41.062173,41.062173,6228855
2018-04-26,41.062173,41.248784,40.807277,40.993576,40.993576,3660359
2018-04-27,40.993576,41.166049,39.707038,39.874803,39.874803,6162226
2018-04-30,39.874803,40.147120,39.813506,40.085500,40.085500,4340646
2018-05-01,40.085500,42.023382,39.913408,41.843742,41.843742,7353632
2018-05-02,41.843742,42.135017,41.709174,41.999946,41.999946,4956785
2018-05-03,41.999946,42.347248,41.455600,41.801258,41.801258,6696461
2018-05-04,41.801258,41.868144,41.791542,41.858414,41.858414,7351055
2018-05-07,41.858414,42.172507,41.214822,41.526423,41.526423,9416714
2018-05-08,41.526423,42.548328,41.332403,42.350458,42.350458,6770713
2018-05-09,42.350458,42.764862,41.719729,42.131995,42.131995,8388877
2018-05-10,42.131995,42.411540,42.038224,42.317357,42.317357,4811847
2018-05-11,42.317357,44.599062,42.123952,44.396157,44.396157,10712684
2018-05-14,44.396157,45.125518,44.230225,44.957488,44.957488,3150459
2018-05-15,44.957488,45.485547,44.219180,44.744741,44.744741,6482298
2018-05-16,44.744741,44.766369,43.986803,44.008075,44.008075,10213322
2018-05-17,44.008075,44.030644,42.913180,42.935199,42.935199,5538820
2018-05-18,42.935199,43.168878,42.031236,42.261248,42.261248,8174962
2018-05-21,42.261248,42.542793,41.448863,41.726849,41.726849,5460988
2018-05-22,41.726849,41.769618,41.529068,41.571678,41.571678,6846899
2018-05-23,41.571678,41.926845,41.187067,41.541980,41.541980,10408047
2018-05-24,41.541980,41.620766,41.175089,41.253328,41.253328,3379933
2018-05-25,41.253328,41.856714,41.053246,41.654685,41.654685,8400317
2018-05-28,41.654685,41.732056,41.542549,41.619855,41.619855,8425502
2018-05-29,41.619855,41.742950,41.036176,41.157905,41.157905,8023183
2018-05-30,41.157905,41.229567,40.280803,40.351060,40.351060,6049235
2018-05-31,40.351060,41.158652,40.257933,41.063880,41.063880,5548150
2018-06-01,41.063880,42.049756,41.039836,42.025149,42.025149,3377115
2018-06-04,42.025149,42.150626,41.900630,42.026104,42.026104,2983967
2018-06-05,42.026104,42.132591,40.037926,40.139633,40.139633,5833405
2018-06-06,40.139633,40.252559,39.334102,39.445074,39.445074,2649546
2018-06-07,39.445074,41.069735,39.439092,41.063508,41.063508,4385221
2018-06-08,41.063508,41.688377,41.028297,41.652661,41.652661,3582315
2018-06-11,41.652661,42.195265,41.462753,42.003757,42.003757,4507898
2018-06-12,42.003757,42.568674,41.829111,42.392412,42.392412,5634085
2018-06-13,42.392412,42.449004,42.019251,42.075420,42.075420,3694289
2018-06-14,42.075420,42.231802,41.920919,42.077294,42.077294,11526806
2018-06-15,42.077294,42.099327,41.238499,41.260104,41.260104,2139700
2018-06-18,41.260104,41.383133,40.167073,40.287201,40.287201,7667248
2018-06-19,40.287201,40.454049,39.929870,40.095926,40.095926,18056447
2018-06-20,40.095926,40.115287,39.097603,39.116491,39.116491,4096147
2018-06-21,39.116491,39.156133,37.589394,37.627527,37.627527,2876312
2018-06-22,37.627527,39.458467,37.599445,39.429041,39.429041,10765561
2018-06-25,39.429041,40.117638,39.030155,39.715850,39.715850,4603442
2018-06-26,39.715850,39.972043,39.181284,39.435669,39.435669,6169240
2018-06-27,39.435669,39.586215,39.240604,39.390979,39.390979,6166709
2018-06-28,39.390979,39.637097,38.427657,38.669265,38.669265,5484713
2018-06-29,38.669265,38.715152,38.565054,38.610872,38.610872,2406372
2018-07-02,38.610872,38.620009,38.442901,38.452001,38.452001,5418757
2018-07-03,38.452001,38.647754,37.631726,37.824283,37.824283,4589946
2018-07-04,37.824283,37.837140,37.215479,37.228133,37.228133,3317310
2018-07-05,37.228133,37.271785,35.796451,35.838475,35.838475,3765750
2018-07-06,35.838475,36.420381,35.769797,36.350721,36.350721,5827901
2018-07-09,36.350721,36.811882,35.095025,35.545976,35.545976,6631506
2018-07-10,35.545976,36.684436,35.485005,36.621620,36.621620,9428376
2018-07-11,36.621620,36.839243,36.514487,36.731787,36.731787,3102163
2018-07-12,36.731787,37.065979,36.438207,36.772076,36.772076,7265671
2018-07-13,36.772076,37.500079,36.702481,37.429240,37.429240,2942239
2018-07-16,37.429240,38.250343,37.403212,38.223763,38.223763,10586143
2018-07-17,38.223763,38.471163,37.109488,37.351240,37.351240,4112818
2018-07-18,37.351240,37.475066,36.879320,37.001989,37.001989,5700396
2018-07-19,37.001989,37.042303,36.990948,37.031254,37.031254,3934402
2018-07-20,37.031254,38.051972,36.944690,37.963230,37.963230,4208445
2018-07-23,37.963230,38.148134,37.366464,37.549352,37.549352,3627335
2018-07-24,37.549352,37.572747,37.437834,37.461174,37.461174,6885986
2018-07-25,37.461174,37.485599,36.244711,36.268357,36.268357,5313994
2018-07-26,36.268357,36.377032,34.262399,34.365371,34.365371,4926174
2018-07-27,34.365371,35.044089,34.233937,34.910570,34.910570,7302669
2018-07-30,34.910570,34.981461,33.782023,33.850762,33.850762,7954258
2018-07-31,33.850762,34.984186,33.810646,34.942776,34.942776,9189695
2018-08-01,34.942776,35.345019,34.867329,35.268868,35.268868,9679015
2018-08-02,35.268868,35.491300,35.203211,35.425351,35.425351,4932826
2018-08-03,35.425351,36.153660,35.424545,36.152837,36.152837,6255323
2018-08-06,36.152837,36.355485,35.490987,35.691046,35.691046,4331087
2018-08-07,35.691046,35.905697,35.590014,35.804343,35.804343,3246393
2018-08-08,35.804343,36.017855,34.698789,34.906949,34.906949,5070903
2018-08-09,34.906949,34.911654,34.637184,34.641853,34.641853,7518274
2018-08-10,34.641853,34.788750,34.405502,34.552019,34.552019,5553762
2018-08-13,34.552019,34.776870,34.109147,34.332570,34.332570,3403937
2018-08-14,34.332570,34.580771,34.288846,34.536786,34.536786,4417394
2018-08-15,34.536786,35.466230,34.423353,35.350126,35.350126,8684795
2018-08-16,35.350126,35.452256,35.153775,35.255633,35.255633,4170826
2018-08-17,35.255633,35.390974,35.055572,35.190664,35.190664,3561406
2018-08-20,35.190664,35.322873,34.681843,34.812632,34.812632,8661648
2018-08-21,34.812632,35.083540,34.791740,35.062498,35.062498,5645894
2018-08-22,35.062498,35.633836,35.028247,35.599061,35.599061,4770307
2018-08-23,35.599061,35.619509,35.300736,35.321024,35.321024,5848004
2018-08-24,35.321024,35.592089,34.780722,35.049704,35.049704,6061634
2018-08-27,35.049704,35.086672,34.887454,34.924290,34.924290,8192217
2018-08-28,34.924290,35.251979,34.757785,35.084709,35.084709,4799083
2018-08-29,35.084709,35.173272,34.946001,35.034436,35.034436,3977148
2018-08-30,35.034436,35.118751,34.730112,34.813896,34.813896,7092952
2018-08-31,34.813896,34.832072,34.438051,34.456040,34.456040,7930013
2018-09-03,34.456040,34.763412,34.408667,34.715682,34.715682,7200985
2018-09-04,34.715682,34.889112,34.541117,34.714541,34.714541,3359027
2018-09-05,34.714541,34.872180,34.699330,34.856907,34.856907,8690839
2018-09-06,34.856907,35.045085,34.765275,34.953200,34.953200,9487616
2018-09-07,34.953200,34.959659,34.836886,34.843325,34.843325,12542925
2018-09-10,34.843325,35.533248,34.762341,35.450852,35.450852,3047590
2018-09-11,35.450852,36.114569,35.028698,35.689572,35.689572,6127217
2018-09-12,35.689572,36.151287,35.545872,36.006311,36.006311,5579406
2018-09-13,36.006311,36.184950,35.454415,35.631193,35.631193,5001510
2018-09-14,35.631193,35.865086,35.498498,35.732015,35.732015,7912741
2018-09-17,35.732015,35.742950,35.515291,35.526163,35.526163,8733180
2018-09-18,35.526163,35.576052,34.643165,34.691882,34.691882,4594281
2018-09-19,34.691882,35.003599,34.580026,34.891101,34.891101,4309680
2018-09-20,34.891101,35.721170,34.762015,35.589499,35.589499,4600282
2018-09-21,35.589499,36.884751,35.543528,36.837168,36.837168,5888831
2018-09-24,36.837168,36.871383,36.399192,36.433031,36.433031,5877003
2018-09-25,36.433031,36.483662,35.884227,35.934164,35.934164,6274396
2018-09-26,35.934164,36.068650,35.912214,36.046631,36.046631,4351675
2018-09-27,36.046631,36.242724,35.391459,35.585041,35.585041,6866302
2018-09-28,35.585041,35.673438,35.209164,35.296845,35.296845,7481322
2018-10-01,35.296845,35.907198,35.251419,35.861045,35.861045,7878706
2018-10-02,35.861045,36.692170,35.801239,36.631080,36.631080,9599372
2018-10-03,36.631080,36.660036,36.178941,36.207562,36.207562,3943135
2018-10-04,36.207562,36.361131,35.820621,35.973196,35.973196,5646139
2018-10-05,35.973196,35.977969,35.656926,35.661657,35.661657,5605385
2018-10-08,35.661657,36.650505,35.562840,36.549229,36.549229,4236816
2018-10-09,36.549229,36.673279,35.678687,35.800195,35.800195,9704550
2018-10-10,35.800195,35.862765,34.650525,34.711192,34.711192,4000760
2018-10-11,34.711192,35.425783,34.632869,35.346027,35.346027,5343788
2018-10-12,35.346027,35.528760,34.978827,35.160600,35.160600,4069423
2018-10-15,35.160600,35.179705,34.990164,35.009186,35.009186,6738111
2018-10-16,35.009186,35.296612,34.158544,34.441306,34.441306,4355083
2018-10-17,34.441306,35.035518,34.386439,34.979793,34.979793,4350032
2018-10-18,34.979793,35.157474,34.505961,34.682129,34.682129,5162931
2018-10-19,34.682129,35.169090,34.679227,35.166148,35.166148,10944500
2018-10-22,35.166148,35.789635,34.843387,35.464139,35.464139,6644255
2018-10-23,35.464139,35.645304,35.247113,35.428094,35.428094,3376861
2018-10-24,35.428094,35.436688,35.162402,35.170934,35.170934,2424474
2018-10-25,35.170934,35.229612,34.753145,34.811223,34.811223,5752323
2018-10-26,34.811223,35.279433,34.596531,35.063187,35.063187,6207402
2018-10-29,35.063187,37.264299,34.995912,37.192938,37.192938,4113954
2018-10-30,37.192938,37.349684,37.126322,37.282907,37.282907,3898263
2018-10-31,37.282907,37.491331,35.914749,36.116653,36.116653,5789920
2018-11-01,36.116653,36.166862,35.974085,36.024165,36.024165,7506500
2018-11-02,36.024165,36.401698,35.964670,36.341678,36.341678,4859504
2018-11-05,36.341678,36.823030,36.284057,36.764739,36.764739,7666823
2018-11-06,36.764739,37.421430,36.700595,37.356254,37.356254,4701321
2018-11-07,37.356254,37.381132,37.319830,37.344700,37.344700,4056088
2018-11-08,37.344700,37.547595,36.893833,37.095374,37.095374,5515074
2018-11-09,37.095374,37.198686,37.024910,37.128160,37.128160,4552317
2018-11-12,37.128160,37.562955,37.117553,37.552227,37.552227,3979415
2018-11-13,37.552227,39.231229,37.341866,39.012688,39.012688,6560501
2018-11-14,39.012688,39.092739,38.520734,38.599939,38.599939,6438765
2018-11-15,38.599939,39.657076,38.462514,39.516388,39.516388,5769915
2018-11-16,39.516388,39.622121,38.668339,38.772081,38.772081,6060820
2018-11-19,38.772081,39.002413,38.325109,38.554147,38.554147,5813244
2018-11-20,38.554147,38.906223,37.668079,38.015234,38.015234,7250177
2018-11-21,38.015234,38.019185,36.328322,36.332098,36.332098,4295257
2018-11-22,36.332098,36.395063,35.963892,36.026327,36.026327,7114109
2018-11-23,36.026327,36.544990,35.977757,36.495787,36.495787,3816004
2018-11-26,36.495787,36.691805,35.725512,35.918429,35.918429,6818790
2018-11-27,35.918429,35.982662,35.477646,35.541204,35.541204,4834794
2018-11-28,35.541204,35.626620,34.934104,35.018264,35.018264,10253664
2018-11-29,35.018264,35.599458,34.838571,35.417716,35.417716,13448402
2018-11-30,35.417716,35.426283,35.290797,35.299335,35.299335,4197903
2018-12-03,35.299335,35.372871,33.817880,33.888477,33.888477,6777153
2018-12-04,33.888477,34.395052,33.788627,34.294008,34.294008,3951326
2018-12-05,34.294008,34.452155,34.110000,34.268027,34.268027,6318292
2018-12-06,34.268027,34.367588,34.211958,34.311448,34.311448,3742359
2018-12-07,34.311448,34.522679,33.125001,33.330191,33.330191,9750627
2018-12-10,33.330191,33.432608,32.890728,32.992105,32.992105,7752172
2018-12-11,32.992105,33.562295,32.915449,33.484494,33.484494,3906043
2018-12-12,33.484494,33.564976,33.200230,33.280221,33.280221,8641933
2018-12-13,33.280221,33.575879,33.052512,33.347708,33.347708,10730584
2018-12-14,33.347708,34.022650,33.301435,33.975507,33.975507,6249301
2018-12-17,33.975507,34.173315,33.956422,34.154129,34.154129,5632273
2018-12-18,34.154129,35.083321,34.079084,35.006404,35.006404,6088832
2018-12-19,35.006404,35.193512,34.912745,35.099604,35.099604,7705822
2018-12-20,35.099604,35.541327,35.057607,35.498853,35.498853,6945504
2018-12-21,35.498853,35.520555,35.322246,35.343853,35.343853,4890170
2018-12-24,35.343853,35.398878,35.092082,35.146800,35.146800,6334526
2018-12-25,35.146800,35.252690,35.061329,35.167169,35.167169,7778030
2018-12-26,35.167169,35.304184,34.666719,34.802313,34.802313,7457588
2018-12-27,34.802313,35.049434,34.597832,34.844704,34.844704,4227518
2018-12-28,34.844704,34.916745,33.900916,33.971151,33.971151,6313203
2018-12-31,33.971151,34.188692,33.605543,33.822130,33.822130,5684104
2019-01-01,33.822130,34.327922,33.707734,34.212207,34.212207,6287668
2019-01-02,34.212207,35.658875,33.743554,35.177005,35.177005,6674456
2019-01-03,35.177005,35.343243,34.954858,35.120831,35.120831,8369179
2019-01-04,35.120831,35.338039,34.590732,34.805992,34.805992,7307927
2019-01-07,34.805992,34.901154,34.624390,34.719315,34.719315,6099027
2019-01-08,34.719315,35.329874,34.591967,35.200760,35.200760,6009757
2019-01-09,35.200760,36.145586,35.054262,35.995780,35.995780,7476821
2019-01-10,35.995780,36.051891,35.616641,35.672249,35.672249,8093030
2019-01-11,35.672249,35.743065,35.115997,35.185848,35.185848,5052532
2019-01-14,35.185848,36.771838,35.110870,36.693648,36.693648,4929727
2019-01-15,36.693648,38.184450,36.341718,37.821701,37.821701,5870378
2019-01-16,37.821701,37.842292,37.483079,37.503497,37.503497,5629779
2019-01-17,37.503497,38.457688,37.368173,38.319420,38.319420,5861509
2019-01-18,38.319420,38.885550,38.174840,38.739386,38.739386,8460333
2019-01-21,38.739386,39.301984,38.533413,39.094125,39.094125,7569814
2019-01-22,39.094125,39.217309,38.718588,38.840975,38.840975,10183779
2019-01-23,38.840975,38.994695,38.334065,38.486382,38.486382,5116328
2019-01-24,38.486382,38.650202,38.044600,38.207232,38.207232,8226494
2019-01-25,38.207232,38.299049,37.031121,37.120327,37.120327,4063594
2019-01-28,37.120327,37.375033,35.750622,35.997625,35.997625,3963548
2019-01-29,35.997625,36.047654,35.996621,36.046648,36.046648,6825082
2019-01-30,36.046648,36.844351,36.006806,36.803672,36.803672,10282375
2019-01-31,36.803672,36.872350,36.373542,36.441545,36.441545,11006527
2019-02-01,36.441545,36.479726,35.935198,35.972889,35.972889,4733322
2019-02-04,35.972889,36.503450,35.809953,36.338857,36.338857,6225764
2019-02-05,36.338857,36.585559,36.310165,36.556695,36.556695,6060829
2019-02-06,36.556695,36.597433,35.761885,35.801782,35.801782,3292821
2019-02-07,35.801782,36.088914,35.278940,35.564167,35.564167,6007283
2019-02-08,35.564167,35.667987,35.554709,35.658505,35.658505,9206686
2019-02-11,35.658505,35.715006,34.546781,34.601608,34.601608,4055047
2019-02-12,34.601608,34.816325,33.875835,34.087360,34.087360,4966538
2019-02-13,34.087360,34.175291,33.009923,33.095295,33.095295,5233602
2019-02-14,33.095295,33.303917,32.444594,32.650411,32.650411,5616341
2019-02-15,32.650411,33.199739,32.544930,33.092828,33.092828,4339210
2019-02-18,33.092828,33.152172,32.778034,32.836919,32.836919,7488119
2019-02-19,32.836919,33.306248,32.566670,33.034374,33.034374,5705311
2019-02-20,33.034374,33.630105,33.031708,33.627391,33.627391,6011687
2019-02-21,33.627391,33.723107,31.580923,31.671070,31.671070,7695578
2019-02-22,31.671070,32.113202,31.608361,32.049743,32.049743,9587930
2019-02-25,32.049743,32.053634,31.843747,31.847613,31.847613,5134792
2019-02-26,31.847613,32.256016,31.786423,32.194160,32.194160,4942727
2019-02-27,32.194160,32.700040,32.187661,32.693440,32.693440,2827810
2019-02-28,32.693440,32.734755,32.011176,32.051679,32.051679,5187200
2019-03-01,32.051679,32.328197,31.633894,31.909182,31.909182,5037003
2019-03-04,31.909182,32.197308,31.788748,32.076243,32.076243,6570047
2019-03-05,32.076243,32.292790,31.980505,32.196692,32.196692,7327738
2019-03-06,32.196692,32.759679,32.183172,32.745929,32.745929,4797454
2019-03-07,32.745929,32.956791,32.660735,32.871271,32.871271,6882279
2019-03-08,32.871271,33.045734,32.811832,32.986088,32.986088,6798686
2019-03-11,32.986088,33.032022,32.089383,32.134131,32.134131,5848447
2019-03-12,32.134131,32.390070,31.770696,32.025773,32.025773,5965418
2019-03-13,32.025773,32.936533,31.897360,32.804996,32.804996,4704922
2019-03-14,32.804996,33.166217,32.738498,33.099123,33.099123,6509051
2019-03-15,33.099123,33.312817,33.093480,33.307139,33.307139,5493174
2019-03-18,33.307139,33.875518,33.019998,33.585973,33.585973,6333971
2019-03-19,33.585973,34.108988,33.427895,33.949201,33.949201,7467274
2019-03-20,33.949201,34.387200,33.909538,34.347073,34.347073,5575030
2019-03-21,34.347073,34.418342,34.337319,34.408572,34.408572,10134026
2019-03-22,34.408572,34.705394,34.395898,34.692615,34.692615,4984585
2019-03-25,34.692615,35.444680,34.515494,35.264639,35.264639,9781034
2019-03-26,35.264639,35.664884,35.135322,35.534578,35.534578,4035338
2019-03-27,35.534578,35.560458,35.290041,35.315761,35.315761,12841397
2019-03-28,35.315761,35.817209,35.243804,35.744378,35.744378,7662535
2019-03-29,35.744378,35.930692,35.602344,35.788483,35.788483,9489676
2019-04-01,35.788483,36.455111,35.485551,36.149127,36.149127,5793748
2019-04-02,36.149127,36.342267,36.056713,36.249596,36.249596,7817884
2019-04-03,36.249596,36.283517,35.998793,36.032510,36.032510,6795552
2019-04-04,36.032510,36.772699,35.905658,36.643696,36.643696,5038837
2019-04-05,36.643696,36.827739,35.013364,35.190107,35.190107,5868265
2019-04-08,35.190107,36.260231,35.081925,36.149101,36.149101,2853917
2019-04-09,36.149101,37.499689,36.015608,37.361717,37.361717,10306156
2019-04-10,37.361717,38.426315,37.037279,38.095505,38.095505,3092270
2019-04-11,38.095505,38.288866,37.901788,38.095148,38.095148,8026570
2019-04-12,38.095148,38.307619,36.821865,37.028386,37.028386,6753458
2019-04-15,37.028386,37.718318,37.022048,37.711863,37.711863,2408999
2019-04-16,37.711863,37.802150,36.647609,36.735558,36.735558,9201208
2019-04-17,36.735558,37.097743,36.126917,36.486647,36.486647,9591024
2019-04-18,36.486647,36.650915,36.044698,36.207710,36.207710,8920430
2019-04-19,36.207710,37.163280,36.006183,36.957580,36.957580,3570967
2019-04-22,36.957580,37.270039,36.845459,37.157312,37.157312,7235620
2019-04-23,37.157312,37.500654,37.042896,37.385535,37.385535,6287062
2019-04-24,37.385535,37.459340,37.254851,37.328542,37.328542,4534639
2019-04-25,37.328542,37.662440,37.139553,37.472720,37.472720,6357292
2019-04-26,37.472720,37.510754,37.423327,37.461349,37.461349,4760035
2019-04-29,37.461349,38.202364,37.194154,37.931813,37.931813,7730862
2019-04-30,37.931813,38.095519,37.786374,37.950011,37.950011,4180221
2019-05-01,37.950011,39.644277,37.879594,39.570853,39.570853,6474280
2019-05-02,39.570853,39.722280,38.031925,38.178023,38.178023,4133809
2019-05-03,38.178023,38.222312,37.412385,37.455836,37.455836,8063324
2019-05-06,37.455836,37.533176,37.385512,37.462839,37.462839,6780844
2019-05-07,37.462839,38.079494,37.138931,37.753077,37.753077,18722570
2019-05-08,37.753077,37.834679,37.285180,37.365945,37.365945,3717128
2019-05-09,37.365945,37.422654,36.743713,36.799562,36.799562,5013494
2019-05-10,36.799562,37.883801,36.775701,37.859253,37.859253,4027630
2019-05-13,37.859253,37.923209,37.234877,37.297885,37.297885,5940470
2019-05-14,37.297885,37.987690,37.115921,37.803261,37.803261,9086057
2019-05-15,37.803261,39.325280,37.501861,39.014226,39.014226,3030595
2019-05-16,39.014226,39.615779,38.974587,39.575570,39.575570,4714296
2019-05-17,39.575570,40.294599,39.530537,40.248800,40.248800,5397738
2019-05-20,40.248800,40.289605,39.763792,39.804146,39.804146,4008395
2019-05-21,39.804146,39.865341,39.407277,39.467955,39.467955,8185571
2019-05-22,39.467955,39.573448,38.749502,38.853351,38.853351,4007335
2019-05-23,38.853351,38.972986,38.023306,38.140747,38.140747,7503188
2019-05-24,38.140747,39.235200,38.065554,39.158002,39.158002,4965830
2019-05-27,39.158002,39.202770,39.093645,39.138391,39.138391,7819201
2019-05-28,39.138391,39.237667,38.466347,38.564167,38.564167,3608805
2019-05-29,38.564167,38.805915,38.404010,38.645421,38.645421,3479206
2019-05-30,38.645421,39.475266,38.584420,39.413053,39.413053,8465812
2019-05-31,39.413053,39.649323,39.359670,39.595692,39.595692,4372911
2019-06-03,39.595692,40.197923,39.485150,40.086013,40.086013,4624402
2019-06-04,40.086013,40.732420,40.012168,40.657522,40.657522,7801730
2019-06-05,40.657522,41.085272,40.439027,40.865658,40.865658,5010204
2019-06-06,40.865658,42.823041,40.570319,42.515777,42.515777,5394616
2019-06-07,42.515777,42.600174,42.353326,42.437567,42.437567,4522018
2019-06-10,42.437567,43.048989,42.306922,42.916868,42.916868,9697789
2019-06-11,42.916868,43.275597,42.869109,43.227492,43.227492,5580657
2019-06-12,43.227492,43.564776,42.979231,43.316007,43.316007,17098226
2019-06-13,43.316007,43.828865,43.302336,43.815037,43.815037,5879791
2019-06-14,43.815037,44.156261,43.565810,43.906514,43.906514,5044479
2019-06-17,43.906514,44.776058,43.494354,44.359643,44.359643,7141567
2019-06-18,44.359643,45.263735,44.193556,45.094895,45.094895,5931463
2019-06-19,45.094895,46.267412,44.985131,46.155068,46.155068,5767929
2019-06-20,46.155068,46.185200,46.086911,46.117019,46.117019,5706386
2019-06-21,46.117019,46.396937,46.027663,46.307213,46.307213,5910587
2019-06-24,46.307213,46.351700,45.988834,46.033057,46.033057,8444762
2019-06-25,46.033057,46.257863,46.016399,46.241130,46.241130,6354270
2019-06-26,46.241130,46.907572,46.170501,46.836035,46.836035,8119811
2019-06-27,46.836035,46.899660,44.712669,44.773492,44.773492,6679764
2019-06-28,44.773492,46.392702,44.642942,46.257824,46.257824,7817444
2019-07-01,46.257824,47.922907,45.990690,47.647747,47.647747,9571398
2019-07-02,47.647747,48.100014,46.603037,47.049627,47.049627,3311766
2019-07-03,47.049627,47.137632,46.728325,46.815893,46.815893,5979914
2019-07-04,46.815893,47.132172,45.998908,46.311781,46.311781,8542685
2019-07-05,46.311781,46.504980,45.700342,45.891789,45.891789,6644032
2019-07-08,45.891789,45.994842,45.749313,45.852278,45.852278,4311596
2019-07-09,45.852278,46.059746,44.674278,44.877334,44.877334,5545292
2019-07-10,44.877334,45.141247,44.705198,44.968760,44.968760,5568071
2019-07-11,44.968760,46.587642,44.695151,46.305898,46.305898,4325322
2019-07-12,46.305898,46.411539,45.477627,45.581616,45.581616,8909462
2019-07-15,45.581616,45.742736,45.436899,45.597967,45.597967,9200318
2019-07-16,45.597967,45.637320,45.304824,45.343959,45.343959,3112448
2019-07-17,45.343959,45.553090,43.863992,44.067234,44.067234,5073297
2019-07-18,44.067234,44.302440,43.279728,43.511970,43.511970,7711420
2019-07-19,43.511970,44.251015,43.275822,44.012153,44.012153,5728631
2019-07-22,44.012153,44.080523,43.323101,43.390506,43.390506,7030837
2019-07-23,43.390506,43.744654,43.211822,43.565251,43.565251,7262924
2019-07-24,43.565251,44.249545,43.311875,43.993678,43.993678,3773844
2019-07-25,43.993678,44.852851,43.888562,44.745938,44.745938,5693693
2019-07-26,44.745938,45.410846,44.663844,45.327684,45.327684,2936472
2019-07-29,45.327684,45.420975,44.553561,44.645448,44.645448,10228357
2019-07-30,44.645448,44.741719,43.958723,44.053719,44.053719,8190203
2019-07-31,44.053719,44.230534,43.979692,44.156335,44.156335,4684030
2019-08-01,44.156335,44.358714,43.683334,43.884467,43.884467,7309303
2019-08-02,43.884467,44.369740,43.773025,44.257351,44.257351,4470371
2019-08-05,44.257351,44.663722,42.365127,42.757728,42.757728,9538317
2019-08-06,42.757728,42.855981,42.430161,42.527885,42.527885,7413999
2019-08-07,42.527885,42.603404,41.599555,41.673558,41.673558,6680481
2019-08-08,41.673558,41.849940,40.670324,40.843192,40.843192,8755974
2019-08-09,40.843192,41.338188,40.648375,41.141946,41.141946,6228340
2019-08-12,41.141946,41.379116,41.043804,41.280644,41.280644,6449296
2019-08-13,41.280644,41.299925,40.916419,40.935539,40.935539,6182624
2019-08-14,40.935539,41.367350,40.765464,41.196192,41.196192,12117373
2019-08-15,41.196192,41.380595,40.603670,40.786238,40.786238,6395566
2019-08-16,40.786238,41.767721,40.477419,41.453847,41.453847,11603169
2019-08-19,41.453847,42.997323,41.192460,42.727902,42.727902,4229442
2019-08-20,42.727902,42.907571,42.583008,42.762558,42.762558,4613984
2019-08-21,42.762558,44.297947,42.714030,44.247733,44.247733,4784975
2019-08-22,44.247733,44.806331,44.166945,44.724673,44.724673,5513060
2019-08-23,44.724673,44.788419,44.198717,44.261803,44.261803,7608598
2019-08-26,44.261803,44.601677,43.850153,44.189472,44.189472,7220609
2019-08-27,44.189472,44.762093,44.019181,44.590257,44.590257,2955158
2019-08-28,44.590257,45.550085,44.018997,44.973910,44.973910,7985411
2019-08-29,44.973910,45.121124,44.659643,44.806309,44.806309,2750716
2019-08-30,44.806309,44.940149,44.259832,44.392435,44.392435,7251581
2019-09-02,44.392435,44.406657,43.463717,43.477646,43.477646,7351245
2019-09-03,43.477646,44.394996,43.365282,44.280557,44.280557,7738020
2019-09-04,44.280557,44.537693,43.713660,43.968987,43.968987,4380351
2019-09-05,43.968987,44.592768,43.823811,44.446017,44.446017,3661760
2019-09-06,44.446017,44.461333,44.342301,44.357586,44.357586,4114087
2019-09-09,44.357586,44.486617,43.969652,44.097927,44.097927,6214441
2019-09-10,44.097927,44.158793,43.609132,43.669406,43.669406,7522708
2019-09-11,43.669406,43.735723,42.802388,42.867488,42.867488,5336221
2019-09-12,42.867488,42.877324,42.333536,42.343251,42.343251,9605198
2019-09-13,42.343251,42.875769,42.289645,42.821558,42.821558,3956216
2019-09-16,42.821558,43.131196,42.813837,43.123421,43.123421,2997785
2019-09-17,43.123421,43.283554,42.293635,42.451272,42.451272,8195235
2019-09-18,42.451272,42.672248,42.284995,42.505757,42.505757,3425142
2019-09-19,42.505757,42.593490,42.141593,42.228755,42.228755,8243241
2019-09-20,42.228755,42.935009,41.829124,42.532504,42.532504,7843985
2019-09-23,42.532504,44.533936,42.193499,44.181786,44.181786,4254714
2019-09-24,44.181786,44.208784,43.896282,43.923122,43.923122,3701460
2019-09-25,43.923122,44.742445,43.724470,44.540999,44.540999,4735798
2019-09-26,44.540999,45.059521,44.407105,44.924475,44.924475,5688072
2019-09-27,44.924475,45.044416,44.830514,44.950400,44.950400,7099612
2019-09-30,44.950400,44.999885,44.698219,44.747480,44.747480,3785762
2019-10-01,44.747480,45.000555,44.116238,44.367162,44.367162,7439806
2019-10-02,44.367162,44.492284,43.948859,44.073152,44.073152,4254164
2019-10-03,44.073152,44.888586,43.777835,44.589807,44.589807,5420361
2019-10-04,44.589807,44.878985,43.902657,44.189237,44.189237,5970694
2019-10-07,44.189237,46.159693,44.059414,46.024478,46.024478,4509513
2019-10-08,46.024478,46.879422,45.973450,46.827503,46.827503,8707327
2019-10-09,46.827503,47.722888,46.787867,47.682529,47.682529,11005125
2019-10-10,47.682529,49.801534,47.253463,49.357397,49.357397,3585143
2019-10-11,49.357397,49.636036,49.213705,49.491952,49.491952,7942982
2019-10-14,49.491952,49.818864,49.351592,49.677976,49.677976,3461701
2019-10-15,49.677976,49.973749,49.585766,49.881162,49.881162,5257377
2019-10-16,49.881162,50.715774,49.814528,50.648115,50.648115,3593655
2019-10-17,50.648115,51.364276,50.429516,51.143538,51.143538,4609090
2019-10-18,51.143538,51.231847,50.764482,50.852287,50.852287,6949198
2019-10-21,50.852287,51.492868,50.825593,51.465851,51.465851,7881662
2019-10-22,51.465851,52.490174,51.106350,52.126061,52.126061,4195719
2019-10-23,52.126061,52.961114,51.996663,52.829969,52.829969,3406067
2019-10-24,52.829969,53.020005,52.680168,52.870090,52.870090,2563710
2019-10-25,52.870090,53.176081,52.257062,52.561265,52.561265,5020609
2019-10-28,52.561265,52.901554,51.504483,51.840103,51.840103,5505800
2019-10-29,51.840103,52.026211,50.858443,51.041685,51.041685,5180102
2019-10-30,51.041685,51.137376,50.937926,51.033602,51.033602,4503512
2019-10-31,51.033602,51.169255,49.525096,49.657090,49.657090,3201780
2019-11-01,49.657090,50.728283,49.651410,50.722482,50.722482,5832507
2019-11-04,50.722482,51.217155,50.703763,51.198261,51.198261,4358185
2019-11-05,51.198261,51.382898,50.940204,51.124575,51.124575,7611746
2019-11-06,51.124575,51.551941,51.011613,51.438286,51.438286,4016746
2019-11-07,51.438286,52.209798,51.239812,52.009121,52.009121,5381430
2019-11-08,52.009121,52.513644,51.847796,52.351257,52.351257,7949668
2019-11-11,52.351257,52.415635,51.283125,51.346267,51.346267,3299331
2019-11-12,51.346267,51.737905,50.275859,50.662280,50.662280,7904159
2019-11-13,50.662280,50.982231,50.625099,50.944843,50.944843,4978057
2019-11-14,50.944843,50.961305,50.141806,50.158014,50.158014,4312813
2019-11-15,50.158014,50.492516,49.517375,49.849821,49.849821,5728502
2019-11-18,49.849821,50.147879,49.595815,49.893650,49.893650,10383198
2019-11-19,49.893650,49.963738,49.504006,49.573645,49.573645,4305876
2019-11-20,49.573645,49.711290,49.253658,49.390795,49.390795,5351719
2019-11-21,49.390795,49.472912,49.389208,49.471322,49.471322,3918101
2019-11-22,49.471322,49.598956,48.342559,48.467603,48.467603,5429956
2019-11-25,48.467603,48.658895,47.182245,47.369202,47.369202,4316204
2019-11-26,47.369202,48.382903,47.357096,48.370541,48.370541,6056867
2019-11-27,48.370541,48.799493,48.092433,48.520522,48.520522,4073213
2019-11-28,48.520522,49.055454,48.235686,48.769158,48.769158,8628613
2019-11-29,48.769158,48.872401,47.776238,47.877593,47.877593,6745398
2019-12-02,47.877593,48.498402,47.717970,48.337247,48.337247,8089154
2019-12-03,48.337247,48.421818,47.611864,47.695312,47.695312,3973163
2019-12-04,47.695312,47.723692,47.677610,47.705986,47.705986,4516253
2019-12-05,47.705986,47.789768,46.478859,46.560629,46.560629,7697685
2019-12-06,46.560629,46.789857,46.391528,46.620538,46.620538,3216216
2019-12-09,46.620538,46.765905,43.500690,43.636753,43.636753,5602071
2019-12-10,43.636753,44.911820,43.524683,44.796771,44.796771,7075697
2019-12-11,44.796771,45.128637,44.787748,45.119549,45.119549,5808456
2019-12-12,45.119549,45.269778,44.687941,44.837230,44.837230,4602895
2019-12-13,44.837230,46.353685,44.791056,46.305999,46.305999,5262804
2019-12-16,46.305999,46.807683,46.190942,46.691669,46.691669,4642292
2019-12-17,46.691669,47.223916,46.364457,46.895278,46.895278,3477224
2019-12-18,46.895278,48.071554,46.828858,48.003564,48.003564,5354138
2019-12-19,48.003564,48.864650,47.738745,48.596559,48.596559,5959205
2019-12-20,48.596559,49.122913,48.431307,48.956437,48.956437,3270982
2019-12-23,48.956437,49.127485,48.856091,49.026993,49.026993,10109681
2019-12-24,49.026993,50.295718,48.643054,49.904903,49.904903,7220907
2019-12-25,49.904903,50.495748,49.859150,50.449496,50.449496,5356232
2019-12-26,50.449496,50.834188,49.905274,50.288741,50.288741,4341971
2019-12-27,50.288741,50.458449,49.363707,49.530857,49.530857,8617238
2019-12-30,49.530857,51.077093,49.342161,50.883245,50.883245,5639211
2019-12-31,50.883245,53.030167,50.574990,52.710839,52.710839,8064964
2020-01-01,52.710839,52.733829,52.236568,52.259360,52.259360,4218606
2020-01-02,52.259360,52.433676,52.127349,52.301558,52.301558,3043112
2020-01-03,52.301558,52.943352,52.127014,52.767254,52.767254,8866467
2020-01-06,52.767254,52.829166,51.645753,51.706420,51.706420,6669441
2020-01-07,51.706420,53.978400,51.626786,53.895394,53.895394,3608689
2020-01-08,53.895394,54.489722,53.646336,54.239075,54.239075,4629126
2020-01-09,54.239075,54.416149,52.534700,52.706771,52.706771,7298982
2020-01-10,52.706771,53.691196,52.613726,53.596580,53.596580,10263893
2020-01-13,53.596580,53.632258,51.648571,51.682976,51.682976,7051420
2020-01-14,51.682976,51.827783,51.053998,51.197445,51.197445,7456299
2020-01-15,51.197445,53.675378,51.106783,53.580496,53.580496,3893766
2020-01-16,53.580496,53.773986,53.178455,53.371190,53.371190,5260025
2020-01-17,53.371190,53.375207,53.221348,53.225354,53.225354,9627559
2020-01-20,53.225354,54.156863,53.089245,54.018724,54.018724,7408563
2020-01-21,54.018724,55.050334,53.611919,54.638859,54.638859,7286481
2020-01-22,54.638859,54.707870,54.537135,54.606104,54.606104,2840522
2020-01-23,54.606104,56.893941,54.479749,56.762596,56.762596,5902741
2020-01-24,56.762596,57.511859,56.510718,57.257784,57.257784,6860483
2020-01-27,57.257784,58.463334,57.082762,58.285172,58.285172,10799293
2020-01-28,58.285172,58.658651,58.271026,58.644418,58.644418,5373217
2020-01-29,58.644418,58.959800,57.766508,58.078849,58.078849,9905063
2020-01-30,58.078849,58.111738,56.923600,56.955854,56.955854,10091548
2020-01-31,56.955854,57.159909,56.653850,56.857554,56.857554,3400187
2020-02-03,56.857554,57.465401,56.454092,57.060499,57.060499,3840135
2020-02-04,57.060499,57.139814,55.888770,55.966565,55.966565,6495584
2020-02-05,55.966565,56.312939,55.952302,56.298591,56.298591,4134794
2020-02-06,56.298591,56.984179,56.185601,56.870042,56.870042,8706603
2020-02-07,56.870042,57.562033,56.632239,57.322339,57.322339,5781345
2020-02-10,57.322339,57.567982,56.713972,56.958054,56.958054,8035837
2020-02-11,56.958054,57.118714,56.867220,57.027769,57.027769,9995496
2020-02-12,57.027769,57.419853,56.943157,57.334786,57.334786,6346146
2020-02-13,57.334786,57.455365,56.803284,56.922997,56.922997,5807238
2020-02-14,56.922997,57.049581,56.298905,56.424380,56.424380,3025292
2020-02-17,56.424380,56.619040,54.394470,54.582776,54.582776,7254437
2020-02-18,54.582776,54.657736,53.501291,53.574866,53.574866,5262262
2020-02-19,53.574866,54.704860,53.552466,54.681997,54.681997,6793446
2020-02-20,54.681997,54.901641,53.796126,54.013083,54.013083,8683553
2020-02-21,54.013083,54.263816,51.778403,52.019883,52.019883,3143509
2020-02-24,52.019883,52.129975,48.236897,48.339198,48.339198,5461526
2020-02-25,48.339198,48.666482,41.753059,42.037678,42.037678,8184541
2020-02-26,42.037678,42.338940,38.718423,38.997901,38.997901,8581794
2020-02-27,38.997901,39.197008,37.755236,37.948988,37.948988,6052440
2020-02-28,37.948988,37.988472,34.637866,34.673942,34.673942,3998676
2020-03-02,34.673942,39.119224,34.445331,38.862994,38.862994,6029663
2020-03-03,38.862994,39.745535,38.821291,39.702930,39.702930,11215199
2020-03-04,39.702930,39.900072,37.162970,37.348420,37.348420,5200613
2020-03-05,37.348420,37.437172,36.007450,36.093219,36.093219,9150398
2020-03-06,36.093219,36.751978,36.079709,36.738226,36.738226,4558265
2020-03-09,36.738226,38.572898,36.696106,38.528725,38.528725,3627589
2020-03-10,38.528725,38.749395,37.177346,37.391503,37.391503,3953833
2020-03-11,37.391503,39.373912,37.228969,39.203501,39.203501,4136019
2020-03-12,39.203501,39.742455,39.186145,39.724869,39.724869,4089487
2020-03-13,39.724869,40.834306,39.616385,40.723096,40.723096,7687755
2020-03-16,40.723096,40.742848,39.978330,39.997729,39.997729,6697287
2020-03-17,39.997729,40.138796,37.719840,37.853343,37.853343,6867023
2020-03-18,37.853343,40.382760,37.828924,40.356725,40.356725,5048692
2020-03-19,40.356725,41.086593,40.346352,41.076035,41.076035,2815304
2020-03-20,41.076035,41.403247,39.413372,39.729860,39.729860,7310858
2020-03-23,39.729860,39.971894,35.870288,36.090149,36.090149,5913333
2020-03-24,36.090149,36.485567,36.008529,36.403239,36.403239,5405529
2020-03-25,36.403239,38.513961,36.381878,38.491375,38.491375,7178627
2020-03-26,38.491375,38.621055,37.798494,37.926270,37.926270,5313341
2020-03-27,37.926270,38.003072,36.113789,36.187069,36.187069,5226442
2020-03-30,36.187069,36.439163,36.162266,36.414204,36.414204,10399956
2020-03-31,36.414204,36.951104,36.395044,36.931672,36.931672,4730002
2020-04-01,36.931672,37.874825,36.774418,37.714238,37.714238,13494653
2020-04-02,37.714238,38.098389,37.647753,38.031345,38.031345,4466862
2020-04-03,38.031345,38.042051,37.832808,37.843462,37.843462,5115687
2020-04-06,37.843462,37.985327,35.804869,35.939598,35.939598,5171826
2020-04-07,35.939598,36.507965,35.799471,36.366175,36.366175,10430476
2020-04-08,36.366175,36.485345,36.006134,36.124513,36.124513,6759508
2020-04-09,36.124513,36.147312,35.825728,35.848353,35.848353,3491007
2020-04-10,35.848353,36.030125,35.147689,35.326817,35.326817,4002351
2020-04-13,35.326817,35.618890,35.200924,35.492407,35.492407,5563585
2020-04-14,35.492407,35.849360,35.478794,35.835616,35.835616,4305082
2020-04-15,35.835616,35.931344,35.752514,35.848213,35.848213,11186888
2020-04-16,35.848213,36.364288,35.825744,36.341509,36.341509,4245740
2020-04-17,36.341509,36.575022,35.920915,36.153218,36.153218,5774487
2020-04-20,36.153218,36.550494,35.916337,36.312570,36.312570,5701045
2020-04-21,36.312570,36.806178,36.153377,36.645525,36.645525,9898511
2020-04-22,36.645525,36.723091,35.958657,36.034931,36.034931,7267668
2020-04-23,36.034931,36.852570,35.913933,36.729240,36.729240,4700525
2020-04-24,36.729240,36.742443,36.710331,36.723532,36.723532,5025542
2020-04-27,36.723532,36.906834,36.366583,36.549014,36.549014,5869842
2020-04-28,36.549014,37.889819,36.362103,37.697037,37.697037,11948711
2020-04-29,37.697037,37.779475,37.435745,37.517791,37.517791,4253813
2020-04-30,37.517791,37.542885,37.199335,37.224232,37.224232,5140765
2020-05-01,37.224232,37.267488,36.984841,37.027869,37.027869,6755815
2020-05-04,37.027869,37.139112,36.977642,37.088803,37.088803,4047039
2020-05-05,37.088803,37.116693,37.066108,37.093994,37.093994,11938120
2020-05-06,37.093994,37.316599,36.927547,37.149901,37.149901,4374555
2020-05-07,37.149901,37.794952,36.827207,37.469481,37.469481,5960274
2020-05-08,37.469481,37.496801,36.165835,36.192224,36.192224,7385740
2020-05-11,36.192224,36.612321,36.115606,36.534978,36.534978,5706151
2020-05-12,36.534978,37.769685,36.479121,37.712028,37.712028,5138386
2020-05-13,37.712028,38.634834,37.478623,38.397188,38.397188,4326048
2020-05-14,38.397188,38.479579,38.058730,38.140571,38.140571,8313801
2020-05-15,38.140571,38.182875,37.439459,37.481032,37.481032,11896991
2020-05-18,37.481032,37.601389,36.889101,37.007939,37.007939,7430954
2020-05-19,37.007939,37.201446,36.959503,37.152821,37.152821,8795942
2020-05-20,37.152821,37.369357,36.843012,37.059002,37.059002,2720345
2020-05-21,37.059002,38.057419,37.033976,38.031736,38.031736,5736389
2020-05-22,38.031736,38.149663,37.698230,37.815486,37.815486,3015368
2020-05-25,37.815486,39.041388,37.648318,38.869560,38.869560,5346621
2020-05-26,38.869560,38.900467,38.380660,38.411204,38.411204,5823769
2020-05-27,38.411204,38.605173,38.277980,38.471739,38.471739,4184175
2020-05-28,38.471739,38.497877,38.459310,38.485444,38.485444,6428185
2020-05-29,38.485444,38.546095,37.515923,37.575139,37.575139,5805044
2020-06-01,37.575139,38.644972,37.573507,38.643293,38.643293,4391129
2020-06-02,38.643293,38.759407,37.841224,37.955270,37.955270,5961557
2020-06-03,37.955270,38.190148,36.238590,36.464241,36.464241,6984229
2020-06-04,36.464241,37.903272,36.447665,37.886049,37.886049,4195460
2020-06-05,37.886049,38.050242,36.835832,36.996168,36.996168,8324712
2020-06-08,36.996168,37.325815,36.944488,37.273748,37.273748,6893642
2020-06-09,37.273748,37.802630,37.196558,37.724507,37.724507,3185212
2020-06-10,37.724507,37.816132,36.412838,36.501493,36.501493,6097083
2020-06-11,36.501493,36.601517,36.473272,36.573241,36.573241,5575940
2020-06-12,36.573241,37.340699,36.560895,37.328098,37.328098,9684349
2020-06-15,37.328098,37.792209,37.103715,37.566393,37.566393,9037352
2020-06-16,37.566393,37.826541,36.653075,36.908668,36.908668,8046580
2020-06-17,36.908668,36.923991,36.694473,36.709713,36.709713,8142208
2020-06-18,36.709713,37.362539,36.538836,37.189428,37.189428,4484958
2020-06-19,37.189428,37.483799,36.308854,36.598548,36.598548,4908855
2020-06-22,36.598548,36.771097,36.501183,36.673533,36.673533,5611496
2020-06-23,36.673533,36.924347,36.655816,36.906517,36.906517,6259077
2020-06-24,36.906517,37.200582,36.396543,36.688873,36.688873,5238852
2020-06-25,36.688873,36.902309,35.823029,36.032647,36.032647,6157732
2020-06-26,36.032647,36.090777,34.631405,34.687365,34.687365,9591801
2020-06-29,34.687365,34.972253,34.625436,34.909927,34.909927,10742016
2020-06-30,34.909927,35.108472,34.414844,34.611692,34.611692,3646693
2020-07-01,34.611692,34.701121,34.341573,34.430534,34.430534,6332093
2020-07-02,34.430534,35.027415,34.336197,34.931704,34.931704,7659655
2020-07-03,34.931704,35.355656,34.842953,35.266055,35.266055,4047228
2020-07-06,35.266055,35.385250,34.830327,34.948450,34.948450,2560738
2020-07-07,34.948450,35.712654,34.832311,35.594369,35.594369,6220845
2020-07-08,35.594369,36.462977,35.212573,36.076015,36.076015,7403081
2020-07-09,36.076015,36.342121,36.065381,36.331411,36.331411,4706870
2020-07-10,36.331411,36.376927,35.623023,35.667707,35.667707,9277128
2020-07-13,35.667707,35.788367,35.530839,35.651443,35.651443,2760662
2020-07-14,35.651443,37.333940,35.516816,37.193490,37.193490,7348069
2020-07-15,37.193490,38.107552,37.066393,37.977775,37.977775,9169129
2020-07-16,37.977775,38.131886,37.914248,38.068207,38.068207,5855999
2020-07-17,38.068207,39.828711,37.982601,39.739347,39.739347,4945264
2020-07-20,39.739347,40.369932,39.684361,40.314151,40.314151,5806677
2020-07-21,40.314151,40.797192,40.261820,40.744303,40.744303,4282646
2020-07-22,40.744303,40.845625,40.304952,40.405431,40.405431,5583458
2020-07-23,40.405431,40.535017,39.685509,39.813195,39.813195,11723465
2020-07-24,39.813195,40.198206,39.576721,39.960855,39.960855,4955031
2020-07-27,39.960855,40.238894,39.263731,39.538834,39.538834,5495346
2020-07-28,39.538834,40.253125,39.382837,40.094934,40.094934,5388206
2020-07-29,40.094934,40.397994,40.042168,40.344900,40.344900,5995225
2020-07-30,40.344900,40.372517,40.240608,40.268173,40.268173,4136268
2020-07-31,40.268173,41.283625,40.050006,41.061161,41.061161,9316372
2020-08-03,41.061161,41.960323,40.868769,41.764635,41.764635,4954088
2020-08-04,41.764635,42.638142,41.707858,42.580257,42.580257,4459426
2020-08-05,42.580257,44.423000,42.499286,44.338686,44.338686,4027071
2020-08-06,44.338686,45.052812,44.036747,44.748086,44.748086,4985311
2020-08-07,44.748086,45.004346,44.336014,44.591377,44.591377,7901951
2020-08-10,44.591377,44.880720,44.512411,44.801383,44.801383,4404871
2020-08-11,44.801383,45.284886,44.773678,45.256899,45.256899,6367571
2020-08-12,45.256899,45.386444,44.986293,45.115433,45.115433,10078584
2020-08-13,45.115433,45.238010,43.908404,44.028027,44.028027,4473319
2020-08-14,44.028027,44.234071,43.246080,43.449417,43.449417,6239667
2020-08-17,43.449417,43.988139,43.176118,43.713181,43.713181,12383288
2020-08-18,43.713181,43.824559,43.703314,43.814670,43.814670,6504724
2020-08-19,43.814670,44.127524,43.549120,43.861689,43.861689,6850304
2020-08-20,43.861689,43.956895,43.654540,43.749502,43.749502,5037546
2020-08-21,43.749502,44.121400,42.086185,42.447010,42.447010,3334292
2020-08-24,42.447010,42.564528,42.442424,42.559929,42.559929,6824796
2020-08-25,42.559929,43.177081,42.213927,42.828892,42.828892,5772414
2020-08-26,42.828892,43.351388,40.931402,41.436916,41.436916,4391452
2020-08-27,41.436916,42.738656,41.293906,42.591661,42.591661,4928377
2020-08-28,42.591661,43.704574,42.528684,43.640047,43.640047,2654986
2020-08-31,43.640047,44.553156,43.477258,44.387579,44.387579,5633045
2020-09-01,44.387579,44.389866,43.561625,43.563869,43.563869,5705158
2020-09-02,43.563869,44.375611,43.362269,44.171201,44.171201,8800285
2020-09-03,44.171201,44.271240,43.373081,43.471536,43.471536,5632790
2020-09-04,43.471536,43.603798,43.161901,43.293622,43.293622,6603098
2020-09-07,43.293622,43.714533,43.185298,43.605429,43.605429,8544514
2020-09-08,43.605429,43.668639,42.942625,43.004965,43.004965,5577746
2020-09-09,43.004965,43.251623,42.773765,43.020340,43.020340,3166314
2020-09-10,43.020340,43.200865,42.901711,43.082065,43.082065,4342752
2020-09-11,43.082065,43.325499,42.797258,43.040457,43.040457,9694997
2020-09-14,43.040457,43.516505,42.948913,43.424144,43.424144,3150947
2020-09-15,43.424144,43.532405,41.415577,41.519088,41.519088,4107364
2020-09-16,41.519088,41.584803,40.375619,40.439626,40.439626,10931365
2020-09-17,40.439626,41.170493,40.427031,41.157674,41.157674,7180980
2020-09-18,41.157674,41.206399,40.532196,40.580238,40.580238,3991928
2020-09-21,40.580238,42.389538,40.369691,42.170738,42.170738,6546126
2020-09-22,42.170738,44.026093,41.913463,43.759127,43.759127,9133388
2020-09-23,43.759127,44.528719,43.684519,44.452928,44.452928,7230055
2020-09-24,44.452928,44.566831,43.766774,43.879206,43.879206,10025853
2020-09-25,43.879206,44.974605,43.653071,44.744013,44.744013,6725539
2020-09-28,44.744013,45.338134,44.674171,45.267475,45.267475,4313383
2020-09-29,45.267475,45.545511,45.262909,45.540917,45.540917,5305596
2020-09-30,45.540917,45.833517,44.985286,45.276185,45.276185,8422105
2020-10-01,45.276185,45.430946,44.514963,44.667643,44.667643,8010725
2020-10-02,44.667643,45.525599,44.431056,45.285738,45.285738,5482794
2020-10-05,45.285738,45.573470,45.043232,45.330723,45.330723,6806198
2020-10-06,45.330723,45.356640,45.224489,45.250360,45.250360,4966262
2020-10-07,45.250360,45.286008,44.335345,44.370299,44.370299,5352533
2020-10-08,44.370299,44.898927,44.308973,44.836956,44.836956,4816600
2020-10-09,44.836956,45.170040,44.644314,44.976798,44.976798,5660831
2020-10-12,44.976798,46.032140,44.728144,45.779051,45.779051,5116172
2020-10-13,45.779051,46.976097,45.589543,46.782435,46.782435,2771089
2020-10-14,46.782435,47.262612,46.504039,46.983023,46.983023,6608708
2020-10-15,46.983023,47.103812,46.220206,46.339341,46.339341,4630406
2020-10-16,46.339341,46.533698,45.661854,45.854176,45.854176,7212771
2020-10-19,45.854176,45.880207,45.679378,45.705324,45.705324,7297910
2020-10-20,45.705324,47.345824,45.571015,47.207102,47.207102,3775198
2020-10-21,47.207102,48.486887,47.184822,48.464014,48.464014,3527075
2020-10-22,48.464014,48.599286,47.879478,48.013492,48.013492,6704425
2020-10-23,48.013492,48.927599,47.495934,48.405812,48.405812,7702965
2020-10-26,48.405812,49.444429,48.389726,49.428003,49.428003,11218694
2020-10-27,49.428003,51.718826,48.938005,51.211152,51.211152,4160987
2020-10-28,51.211152,51.258556,50.767765,50.814802,50.814802,6130342
2020-10-29,50.814802,52.407306,50.644927,52.232691,52.232691,8845390
2020-10-30,52.232691,52.244064,51.135374,51.146511,51.146511,5836737
2020-11-02,51.146511,51.409353,50.991600,51.254116,51.254116,8323755
2020-11-03,51.254116,55.248941,51.047557,55.027177,55.027177,7022171
2020-11-04,55.027177,55.091535,54.436453,54.500195,54.500195,6669174
2020-11-05,54.500195,54.993383,54.301154,54.793271,54.793271,4536996
2020-11-06,54.793271,56.210144,54.730013,56.145325,56.145325,6203012
2020-11-09,56.145325,56.362730,55.115307,55.329553,55.329553,6769052
2020-11-10,55.329553,55.562099,54.990227,55.222322,55.222322,6193530
2020-11-11,55.222322,56.096241,55.109839,55.982210,55.982210,15634586
2020-11-12,55.982210,57.460947,55.796920,57.271390,57.271390,6950497
2020-11-13,57.271390,58.610172,56.879882,58.212232,58.212232,10950394
2020-11-16,58.212232,61.351064,58.065005,61.196289,61.196289,5111839
2020-11-17,61.196289,61.690905,58.631149,59.108893,59.108893,8712035
2020-11-18,59.108893,60.039936,59.047945,59.978092,59.978092,4931172
2020-11-19,59.978092,61.347185,59.558571,60.921068,60.921068,10129742
2020-11-20,60.921068,61.651296,60.695438,61.423804,61.423804,11258734
2020-11-23,61.423804,62.793829,61.060965,62.425076,62.425076,6229594
2020-11-24,62.425076,62.809399,62.247345,62.631082,62.631082,4449024
2020-11-25,62.631082,62.699940,62.389881,62.458549,62.458549,5402708
2020-11-26,62.458549,62.754016,62.191543,62.486889,62.486889,6932482
2020-11-27,62.486889,62.513771,61.655066,61.681602,61.681602,3393348
2020-11-30,61.681602,62.030166,60.110475,60.452091,60.452091,4215594
2020-12-01,60.452091,62.148139,60.354781,62.048260,62.048260,10660614
2020-12-02,62.048260,62.941315,61.702059,62.592080,62.592080,9940608
2020-12-03,62.592080,63.119779,62.452441,62.979277,62.979277,7391568
2020-12-04,62.979277,63.213065,62.341834,62.574118,62.574118,9231334
2020-12-07,62.574118,64.350876,62.258319,64.027742,64.027742,9930951
2020-12-08,64.027742,64.740618,63.567873,64.278945,64.278945,7398300
2020-12-09,64.278945,64.624598,64.059162,64.404385,64.404385,5493695
2020-12-10,64.404385,65.207732,64.098281,64.899276,64.899276,2729923
2020-12-11,64.899276,66.122593,64.566141,65.784912,65.784912,7966840
2020-12-14,65.784912,67.261542,65.580999,67.053696,67.053696,5401987
2020-12-15,67.053696,69.993402,66.404243,69.321980,69.321980,7315981
2020-12-16,69.321980,71.002222,69.033482,70.707956,70.707956,7169159
2020-12-17,70.707956,71.229155,70.397660,70.917937,70.917937,5670263
2020-12-18,70.917937,71.568890,70.696328,71.345943,71.345943,5164358
2020-12-21,71.345943,72.121183,71.147527,71.921168,71.921168,6355488
2020-12-22,71.921168,73.198553,71.735000,73.009567,73.009567,8618669
2020-12-23,73.009567,73.249784,71.471959,71.707893,71.707893,2843462
2020-12-24,71.707893,71.870609,71.048094,71.209679,71.209679,4107614
2020-12-25,71.209679,71.871684,68.983961,69.631293,69.631293,7957675
2020-12-28,69.631293,69.996438,68.034771,68.393425,68.393425,4981350
2020-12-29,68.393425,69.445402,67.995667,69.043861,69.043861,6976040
2020-12-30,69.043861,70.440947,68.455098,69.845349,69.845349,6721209
2020-12-31,69.845349,69.861113,67.180207,67.195372,67.195372,5074253
2021-01-01,67.195372,67.369136,65.362198,65.531660,65.531660,4675432
2021-01-04,65.531660,66.325395,65.379843,66.172094,66.172094,7367935
2021-01-05,66.172094,66.713172,65.959735,66.499761,66.499761,4970722
2021-01-06,66.499761,67.070403,66.307263,66.876814,66.876814,6447482
2021-01-07,66.876814,67.363844,64.239331,64.710586,64.710586,4067330
2021-01-08,64.710586,65.736709,64.626375,65.651274,65.651274,3159011
2021-01-11,65.651274,66.386063,65.182244,65.915147,65.915147,6899341
2021-01-12,65.915147,65.918029,63.833197,63.835988,63.835988,8217933
2021-01-13,63.835988,64.183149,63.667041,64.013732,64.013732,12978329
2021-01-14,64.013732,65.018172,63.369129,64.369982,64.369982,5217510
2021-01-15,64.369982,64.962099,64.367820,64.959918,64.959918,7935642
2021-01-18,64.959918,65.332495,64.793417,65.165467,65.165467,8236781
2021-01-19,65.165467,65.290453,63.551552,63.673677,63.673677,8889762
2021-01-20,63.673677,64.723216,63.622687,64.671426,64.671426,12080481
2021-01-21,64.671426,67.246376,64.211474,66.771488,66.771488,2963199
2021-01-22,66.771488,67.280967,64.022729,64.514990,64.514990,5434298
2021-01-25,64.514990,64.813885,62.792973,63.085243,63.085243,3781161
2021-01-26,63.085243,64.645967,62.896594,64.453227,64.453227,7118005
2021-01-27,64.453227,64.533054,64.280008,64.359719,64.359719,11714763
2021-01-28,64.359719,65.674498,64.278943,65.592175,65.592175,5405233
2021-01-29,65.592175,65.688429,65.214118,65.309958,65.309958,4611860
2021-02-01,65.309958,65.559933,64.450021,64.697653,64.697653,6537710
2021-02-02,64.697653,66.521391,64.516221,66.335366,66.335366,5296222
2021-02-03,66.335366,66.640738,65.962062,66.267119,66.267119,3589357
2021-02-04,66.267119,66.891877,66.089384,66.712946,66.712946,4732348
2021-02-05,66.712946,66.713042,65.783421,65.783516,65.783516,3232277
2021-02-08,65.783516,66.757708,65.655467,66.628014,66.628014,4424096
2021-02-09,66.628014,67.087501,63.801998,64.245051,64.245051,7796353
2021-02-10,64.245051,64.328574,62.682255,62.763852,62.763852,11263842
2021-02-11,62.763852,62.883910,62.324595,62.444042,62.444042,8261095
2021-02-12,62.444042,62.965196,61.405282,61.922079,61.922079,7140107
2021-02-15,61.922079,62.457212,61.597532,62.131567,62.131567,5582086
2021-02-16,62.131567,62.169937,61.247367,61.285215,61.285215,6720306
2021-02-17,61.285215,62.976472,61.123386,62.810615,62.810615,6045513
2021-02-18,62.810615,62.925329,61.728425,61.841369,61.841369,3960482
2021-02-19,61.841369,62.835439,61.676573,62.668439,62.668439,5654688
2021-02-22,62.668439,63.722890,62.407660,63.458821,63.458821,3160661
2021-02-23,63.458821,64.167520,63.400553,64.108655,64.108655,5445655
2021-02-24,64.108655,64.207258,63.603879,63.701856,63.701856,1992617
2021-02-25,63.701856,64.189688,63.451749,63.938652,63.938652,10433499
2021-02-26,63.938652,63.979798,63.681462,63.722469,63.722469,6028034
2021-03-01,63.722469,63.819866,62.615404,62.711255,62.711255,9205194
2021-03-02,62.711255,63.069584,58.818977,59.156997,59.156997,3216925
2021-03-03,59.156997,59.344225,57.976270,58.160343,58.160343,9025062
2021-03-04,58.160343,59.466354,57.892712,59.193966,59.193966,13236696
2021-03-05,59.193966,59.413702,58.823913,59.043089,59.043089,8094778
2021-03-08,59.043089,59.206680,58.790410,58.953753,58.953753,9104456
2021-03-09,58.953753,59.505125,57.384293,57.926052,57.926052,3339903
2021-03-10,57.926052,59.553035,57.549713,59.168624,59.168624,5471486
2021-03-11,59.168624,59.905271,59.092892,59.828694,59.828694,5823682
2021-03-12,59.828694,61.103573,59.588465,60.859205,60.859205,4906800
2021-03-15,60.859205,61.659582,60.766766,61.566070,61.566070,6660066
2021-03-16,61.566070,61.615971,61.277590,61.327298,61.327298,5634943
2021-03-17,61.327298,61.418960,60.606253,60.696973,60.696973,4359353
2021-03-18,60.696973,62.906592,60.337242,62.535962,62.535962,4799750
2021-03-19,62.535962,62.862644,62.462691,62.789076,62.789076,7562656
2021-03-22,62.789076,64.333588,62.688255,64.230453,64.230453,6966465
2021-03-23,64.230453,64.550311,62.629849,62.943297,62.943297,4189039
2021-03-24,62.943297,62.965676,62.284389,62.306541,62.306541,6036609
2021-03-25,62.306541,64.189441,61.866092,63.738866,63.738866,3894838
2021-03-26,63.738866,63.860903,62.616442,62.736560,62.736560,8279092
2021-03-29,62.736560,63.028074,61.560567,61.847952,61.847952,7744598
2021-03-30,61.847952,63.280624,61.472766,62.899062,62.899062,5212113
2021-03-31,62.899062,63.321671,62.821144,63.243326,63.243326,5845865
2021-04-01,63.243326,63.390948,62.105485,62.250791,62.250791,8183127
2021-04-02,62.250791,62.718433,62.159328,62.626418,62.626418,8459940
2021-04-05,62.626418,64.649963,62.226801,64.240049,64.240049,6465203
2021-04-06,64.240049,64.383672,61.488284,61.626063,61.626063,4426965
2021-04-07,61.626063,61.983873,61.621605,61.979389,61.979389,3941925
2021-04-08,61.979389,62.768743,61.742057,62.529305,62.529305,3440866
2021-04-09,62.529305,64.270295,62.342572,64.078933,64.078933,5025180
2021-04-12,64.078933,64.449520,62.832962,63.198457,63.198457,5440580
2021-04-13,63.198457,63.226215,63.100883,63.128610,63.128610,6131316
2021-04-14,63.128610,63.319122,62.743082,62.933004,62.933004,5666744
2021-04-15,62.933004,63.714114,61.825126,62.602130,62.602130,7490671
2021-04-16,62.602130,62.859457,62.545231,62.802376,62.802376,3399231
2021-04-19,62.802376,63.981127,62.684941,63.861711,63.861711,6886054
2021-04-20,63.861711,65.324416,63.446685,64.902625,64.902625,9609157
2021-04-21,64.902625,65.947256,64.899628,65.944211,65.944211,5599405
2021-04-22,65.944211,67.151823,65.542786,66.745520,66.745520,8703182
2021-04-23,66.745520,66.799355,65.774731,65.827826,65.827826,5075016
2021-04-26,65.827826,66.054600,64.611438,64.834791,64.834791,4960136
2021-04-27,64.834791,65.589579,64.778661,65.532845,65.532845,4762547
2021-04-28,65.532845,68.909447,65.255817,68.619371,68.619371,6297490
2021-04-29,68.619371,72.141737,68.139573,71.640813,71.640813,3942818
2021-04-30,71.640813,71.710270,71.358883,71.428134,71.428134,4690746
2021-05-03,71.428134,72.281538,71.036569,71.887455,71.887455,4162266
2021-05-04,71.887455,72.060275,71.728792,71.901581,71.901581,4631511
2021-05-05,71.901581,72.393217,71.793586,72.284647,72.284647,9393038
2021-05-06,72.284647,72.902761,72.003628,72.620436,72.620436,4085386
2021-05-07,72.620436,74.801632,72.410957,74.586482,74.586482,6604161
2021-05-10,74.586482,75.084329,74.229218,74.726395,74.726395,6416758
2021-05-11,74.726395,75.147029,74.693343,75.113805,75.113805,7141262
2021-05-12,75.113805,75.472814,74.902976,75.261570,75.261570,5052874
2021-05-13,75.261570,77.081994,74.929286,76.743169,76.743169,4169538
2021-05-14,76.743169,78.111254,76.644021,78.010469,78.010469,4694547
2021-05-17,78.010469,78.310124,77.594881,77.894089,77.894089,5108655
2021-05-18,77.894089,78.077171,75.765868,75.944367,75.944367,10842363
2021-05-19,75.944367,76.287553,74.617969,74.956691,74.956691,4517038
2021-05-20,74.956691,75.826287,74.821614,75.689888,75.689888,7880274
2021-05-21,75.689888,75.770561,75.459851,75.540364,75.540364,6304457
2021-05-24,75.540364,75.734583,71.781986,71.967018,71.967018,14143220
2021-05-25,71.967018,72.574684,70.981553,71.586003,71.586003,8005398
2021-05-26,71.586003,73.421259,71.454903,73.287043,73.287043,7679157
2021-05-27,73.287043,73.404813,72.807176,72.924362,72.924362,4559938
2021-05-28,72.924362,73.318976,71.503953,71.892985,71.892985,4307368
2021-05-31,71.892985,71.937059,71.050226,71.093810,71.093810,5744763
2021-06-01,71.093810,71.134414,69.579981,69.619743,69.619743,11393821
2021-06-02,69.619743,69.737056,65.874042,65.985230,65.985230,8578088
2021-06-03,65.985230,66.482339,64.178928,64.666099,64.666099,6117666
2021-06-04,64.666099,66.090178,64.547106,65.968789,65.968789,8080763
2021-06-07,65.968789,68.531978,65.758703,68.314421,68.314421,10517561
2021-06-08,68.314421,70.938941,68.037317,70.652353,70.652353,3908704
2021-06-09,70.652353,70.923174,68.350340,68.613344,68.613344,7746847
2021-06-10,68.613344,68.807449,68.173327,68.366734,68.366734,5940736
2021-06-11,68.366734,68.434373,67.800257,67.867403,67.867403,5862429
2021-06-14,67.867403,67.919455,67.111232,67.162744,67.162744,4733061
2021-06-15,67.162744,67.506870,66.601008,66.944013,66.944013,7273118
2021-06-16,66.944013,67.023682,65.410965,65.488902,65.488902,5696024
2021-06-17,65.488902,65.805118,65.278146,65.594024,65.594024,3407626
2021-06-18,65.594024,66.188599,65.474847,66.068559,66.068559,6367533
2021-06-21,66.068559,66.167696,63.768376,63.864205,63.864205,5562030
2021-06-22,63.864205,64.243471,63.786211,64.165110,64.165110,8225248
2021-06-23,64.165110,64.328510,63.449870,63.611861,63.611861,5679065
2021-06-24,63.611861,63.681661,62.854888,62.923933,62.923933,8397462
2021-06-25,62.923933,63.511853,62.884102,63.471676,63.471676,5470184
2021-06-28,63.471676,63.523131,63.058365,63.109527,63.109527,3146220
2021-06-29,63.109527,63.168305,62.811173,62.869729,62.869729,7200915
2021-06-30,62.869729,63.223037,62.401682,62.754342,62.754342,5393737
2021-07-01,62.754342,63.199836,62.715586,63.160829,63.160829,4921360
2021-07-02,63.160829,63.300183,60.338497,60.471919,60.471919,4844356
2021-07-05,60.471919,60.532480,59.836001,59.895985,59.895985,4645979
2021-07-06,59.895985,59.967787,59.008485,59.079308,59.079308,6336375
2021-07-07,59.079308,59.766824,58.915428,59.601496,59.601496,5079834
2021-07-08,59.601496,59.728144,59.314351,59.440658,59.440658,5171424
2021-07-09,59.440658,59.749321,56.940619,57.237843,57.237843,7147266
2021-07-12,57.237843,58.118627,57.197577,58.077769,58.077769,4785668
2021-07-13,58.077769,58.639516,58.009380,58.570547,58.570547,5201429
2021-07-14,58.570547,59.012341,57.056727,57.490373,57.490373,7361500
2021-07-15,57.490373,57.832689,57.094577,57.436572,57.436572,5170311
2021-07-16,57.436572,57.526816,57.236519,57.326590,57.326590,7527687
2021-07-19,57.326590,57.781430,57.282183,57.736705,57.736705,6535333
2021-07-20,57.736705,59.589809,57.612931,59.462336,59.462336,5201043
2021-07-21,59.462336,59.716990,59.377314,59.631726,59.631726,4178588
2021-07-22,59.631726,60.168968,59.433820,59.969940,59.969940,10144832
2021-07-23,59.969940,60.382483,56.755058,57.148190,57.148190,4175298
2021-07-26,57.148190,57.295135,55.398086,55.540898,55.540898,4181782
2021-07-27,55.540898,57.282988,55.493785,57.234439,57.234439,3530208
2021-07-28,57.234439,57.311881,55.877107,55.952815,55.952815,5757962
2021-07-29,55.952815,56.870034,55.694121,56.608309,56.608309,5708159
2021-07-30,56.608309,57.047814,56.601690,57.041144,57.041144,4568295
2021-08-02,57.041144,57.841678,56.837185,57.635594,57.635594,11181994
2021-08-03,57.635594,60.556977,57.454185,60.366971,60.366971,4738066
2021-08-04,60.366971,60.673973,58.969148,59.270574,59.270574,4152824
2021-08-05,59.270574,59.514479,59.004172,59.247984,59.247984,2765772
2021-08-06,59.247984,60.052860,58.976817,59.779261,59.779261,8326960
2021-08-09,59.779261,59.909529,58.607202,58.735194,58.735194,4967605
2021-08-10,58.735194,58.749031,57.776114,57.789728,57.789728,3243741
2021-08-11,57.789728,58.116726,56.175659,56.495334,56.495334,6542348
2021-08-12,56.495334,56.997611,56.297503,56.798718,56.798718,6644043
2021-08-13,56.798718,57.134692,54.749016,55.074792,55.074792,6114065
2021-08-16,55.074792,55.283947,54.895069,55.104128,55.104128,12497083
2021-08-17,55.104128,55.263036,54.633871,54.791879,54.791879,8280955
2021-08-18,54.791879,54.927062,53.559930,53.692400,53.692400,4278176
2021-08-19,53.692400,56.385974,53.621000,56.311091,56.311091,4656698
2021-08-20,56.311091,56.605621,55.193087,55.483288,55.483288,4500860
2021-08-23,55.483288,55.533104,54.636642,54.685742,54.685742,4285500
2021-08-24,54.685742,54.841445,53.006227,53.157579,53.157579,8722364
2021-08-25,53.157579,54.264355,53.015048,54.119245,54.119245,6784560
2021-08-26,54.119245,54.891644,53.824003,54.593813,54.593813,10537280
2021-08-27,54.593813,54.833427,53.627675,53.864087,53.864087,5708192
2021-08-30,53.864087,55.770369,53.635302,55.534489,55.534489,5407957
2021-08-31,55.534489,55.629849,53.734805,53.827233,53.827233,5539610
2021-09-01,53.827233,54.117457,53.412016,53.701563,53.701563,3597595
2021-09-02,53.701563,53.910389,52.776568,52.982598,52.982598,5264125
2021-09-03,52.982598,53.366982,52.782297,53.165988,53.165988,7418317
2021-09-06,53.165988,53.170976,52.459567,52.464490,52.464490,5105357
2021-09-07,52.464490,52.870850,51.913398,52.318628,52.318628,9447286
2021-09-08,52.318628,52.559707,51.364068,51.601843,51.601843,11386900
2021-09-09,51.601843,52.719216,51.173800,52.285502,52.285502,5803845
2021-09-10,52.285502,52.791950,52.235598,52.741610,52.741610,4175420
2021-09-13,52.741610,53.539417,52.689940,53.487017,53.487017,5231385
2021-09-14,53.487017,53.952440,52.742431,53.205403,53.205403,4810727
2021-09-15,53.205403,53.254287,53.020068,53.068827,53.068827,6413821
2021-09-16,53.068827,53.239313,50.403826,50.566273,50.566273,6189088
2021-09-17,50.566273,50.700959,45.880434,46.002966,46.002966,7533299
2021-09-20,46.002966,48.119286,45.973435,48.088416,48.088416,14597196
2021-09-21,48.088416,48.832447,47.995857,48.738636,48.738636,4460722
2021-09-22,48.738636,49.229419,48.464087,48.953659,48.953659,6773681
2021-09-23,48.953659,50.065910,48.829043,49.938786,49.938786,7006993
2021-09-24,49.938786,50.287962,49.910072,50.259064,50.259064,4152128
2021-09-27,50.259064,51.237829,50.010989,50.986165,50.986165,6240167
2021-09-28,50.986165,51.025450,50.554716,50.593697,50.593697,8257552
2021-09-29,50.593697,50.625110,49.863025,49.894003,49.894003,5995275
2021-09-30,49.894003,50.248486,49.170422,49.522264,49.522264,4914926
2021-10-01,49.522264,49.560235,48.745816,48.783220,48.783220,2712988
2021-10-04,48.783220,48.916508,48.369392,48.501912,48.501912,7457170
2021-10-05,48.501912,49.627584,48.202832,49.323438,49.323438,4513394
2021-10-06,49.323438,49.520252,49.264915,49.461566,49.461566,5018027
2021-10-07,49.461566,50.749155,49.088878,50.369626,50.369626,4021048
2021-10-08,50.369626,51.271940,50.190183,51.089932,51.089932,6511931
2021-10-11,51.089932,51.417649,50.341250,50.666250,50.666250,3090532
2021-10-12,50.666250,50.843059,50.564620,50.741278,50.741278,4167266
2021-10-13,50.741278,52.313184,50.604094,52.172132,52.172132,9089146
2021-10-14,52.172132,54.192754,52.050312,54.066510,54.066510,8178517
2021-10-15,54.066510,54.244869,53.671475,53.849117,53.849117,4290472
2021-10-18,53.849117,54.245985,53.361940,53.758138,53.758138,6911516
2021-10-19,53.758138,53.964499,53.384057,53.589772,53.589772,14060579
2021-10-20,53.589772,53.987032,53.475188,53.871845,53.871845,5968242
2021-10-21,53.871845,54.187743,52.286944,52.595357,52.595357,5328639
2021-10-22,52.595357,52.644489,52.300450,52.349353,52.349353,5810497
2021-10-25,52.349353,53.552207,52.257375,53.458281,53.458281,9308925
2021-10-26,53.458281,53.743465,53.248417,53.533306,53.533306,5320533
2021-10-27,53.533306,54.889256,53.518187,54.873759,54.873759,6925132
2021-10-28,54.873759,55.783300,54.853999,55.763220,55.763220,6889708
2021-10-29,55.763220,57.022200,55.758774,57.017654,57.017654,8726669
2021-11-01,57.017654,57.292765,57.002538,57.277580,57.277580,3544747
2021-11-02,57.277580,58.071379,57.073454,57.865159,57.865159,6010976
2021-11-03,57.865159,58.521968,57.594956,58.249968,58.249968,5124435
2021-11-04,58.249968,59.811392,57.981473,59.536965,59.536965,8050311
2021-11-05,59.536965,59.546615,58.714737,58.724255,58.724255,5310023
2021-11-08,58.724255,59.179973,58.361143,58.816292,58.816292,2752139
2021-11-09,58.816292,59.113856,58.602925,58.900185,58.900185,5880915
2021-11-10,58.900185,59.500727,57.905278,58.501757,58.501757,7197684
2021-11-11,58.501757,58.538801,57.004409,57.040528,57.040528,7664888
2021-11-12,57.040528,57.442870,56.954526,57.356391,57.356391,7029128
2021-11-15,57.356391,58.732603,57.255014,58.628976,58.628976,4836313
2021-11-16,58.628976,60.612903,58.229981,60.203195,60.203195,5757069
2021-11-17,60.203195,60.630296,60.021166,60.447528,60.447528,5201063
2021-11-18,60.447528,61.235365,60.321626,61.108087,61.108087,5133300
2021-11-19,61.108087,61.137051,58.838636,58.866538,58.866538,6047816
2021-11-22,58.866538,59.376564,58.496609,59.005760,59.005760,4584051
2021-11-23,59.005760,60.283546,58.946804,60.223374,60.223374,8109793
2021-11-24,60.223374,60.582478,57.969569,58.317308,58.317308,7407200
2021-11-25,58.317308,58.456179,57.874692,58.012838,58.012838,5750612
2021-11-26,58.012838,58.187856,56.915326,57.087552,57.087552,4333097
2021-11-29,57.087552,57.247685,56.923894,57.084016,57.084016,5601436
2021-11-30,57.084016,57.093534,55.444844,55.454091,55.454091,3237456
2021-12-01,55.454091,55.737830,54.929098,55.211597,55.211597,2660792
2021-12-02,55.211597,55.659030,54.764126,55.211559,55.211559,7070937
2021-12-03,55.211559,55.218495,54.591687,54.598545,54.598545,9238786
2021-12-06,54.598545,55.216367,54.448420,55.064959,55.064959,12088157
2021-12-07,55.064959,56.388350,54.956760,56.277768,56.277768,6324066
2021-12-08,56.277768,56.955985,56.113593,56.790314,56.790314,5801247
2021-12-09,56.790314,56.835281,56.279048,56.323645,56.323645,7614553
2021-12-10,56.323645,56.915430,56.261556,56.852757,56.852757,7980265
2021-12-13,56.852757,57.099318,56.714509,56.960807,56.960807,3873520
2021-12-14,56.960807,57.024920,56.195786,56.259109,56.259109,9188325
2021-12-15,56.259109,57.507190,55.895136,57.137535,57.137535,6109135
2021-12-16,57.137535,57.745973,57.050850,57.658497,57.658497,11811608
2021-12-17,57.658497,59.262974,57.550019,59.151687,59.151687,6784790
2021-12-20,59.151687,61.140195,58.755181,60.733089,60.733089,4144334
2021-12-21,60.733089,60.815866,60.572824,60.655495,60.655495,4055430
2021-12-22,60.655495,60.850885,59.189305,59.380588,59.380588,6748505
2021-12-23,59.380588,60.450607,59.358886,60.428522,60.428522,5661737
2021-12-24,60.428522,60.474098,59.071066,59.115652,59.115652,2509652
2021-12-27,59.115652,59.514147,58.985724,59.383630,59.383630,5884606
2021-12-28,59.383630,61.104037,59.332115,61.051075,61.051075,6221822
2021-12-29,61.051075,62.628992,60.854038,62.427512,62.427512,6026653
2021-12-30,62.427512,63.033235,62.042852,62.647220,62.647220,1949295
2021-12-31,62.647220,63.327463,62.370294,63.048761,63.048761,7042016
2022-01-03,63.048761,64.869184,62.796608,64.610784,64.610784,8027147
2022-01-04,64.610784,65.803933,64.239841,65.428297,65.428297,6422230
2022-01-05,65.428297,66.697078,65.268035,66.534107,66.534107,8504241
2022-01-06,66.534107,68.094445,66.462502,68.021240,68.021240,11077732
2022-01-07,68.021240,68.751369,67.785607,68.514030,68.514030,6745505
2022-01-10,68.514030,70.122298,68.202924,69.805328,69.805328,5993471
2022-01-11,69.805328,70.125233,66.087532,66.391793,66.391793,3607649
2022-01-12,66.391793,66.677512,65.705601,65.989589,65.989589,7590644
2022-01-13,65.989589,66.090972,65.612832,65.713791,65.713791,6617080
2022-01-14,65.713791,65.923167,64.154679,64.359741,64.359741,8901882
2022-01-17,64.359741,64.438588,61.274821,61.349981,61.349981,6476204
2022-01-18,61.349981,61.951057,60.757310,61.358305,61.358305,7359815
2022-01-19,61.358305,61.464339,55.766810,55.863348,55.863348,9413114
2022-01-20,55.863348,58.155717,55.828070,58.119015,58.119015,3600066
2022-01-21,58.119015,60.341180,57.362202,59.565530,59.565530,5716936
2022-01-24,59.565530,60.330242,59.536853,60.301210,60.301210,5211794
2022-01-25,60.301210,60.806344,59.452997,59.955232,59.955232,3358604
2022-01-26,59.955232,60.209051,59.714450,59.968218,59.968218,4317422
2022-01-27,59.968218,60.173430,58.729405,58.931069,58.931069,4688049
2022-01-28,58.931069,59.182530,57.612043,57.858929,57.858929,4426425
2022-01-31,57.858929,59.234525,57.576308,58.946591,58.946591,10098047
2022-02-01,58.946591,59.121877,58.449896,58.624222,58.624222,5793308
2022-02-02,58.624222,60.016585,58.605121,59.997036,59.997036,5848756
2022-02-03,59.997036,60.064281,59.628709,59.695616,59.695616,8357509
2022-02-04,59.695616,60.740316,59.471775,60.513409,60.513409,7546493
2022-02-07,60.513409,60.805666,58.530354,58.814406,58.814406,8387857
2022-02-08,58.814406,60.198544,58.709386,60.091244,60.091244,2363343
2022-02-09,60.091244,60.283185,59.231546,59.421347,59.421347,5122460
2022-02-10,59.421347,61.316585,59.318986,61.211140,61.211140,5437082
2022-02-11,61.211140,64.436163,60.984285,64.198237,64.198237,6053153
2022-02-14,64.198237,64.690792,62.518626,63.002004,63.002004,10536954
2022-02-15,63.002004,64.721243,62.593738,64.304537,64.304537,7289781
2022-02-16,64.304537,64.725196,63.377476,63.794801,63.794801,4819002
2022-02-17,63.794801,65.575904,63.589039,65.365078,65.365078,4651073
2022-02-18,65.365078,66.074463,64.844070,65.551965,65.551965,4521146
2022-02-21,65.551965,67.943869,65.230942,67.612754,67.612754,8648509
2022-02-22,67.612754,67.719125,65.472160,65.575326,65.575326,3732831
2022-02-23,65.575326,67.097284,65.348674,66.866170,66.866170,4498340
2022-02-24,66.866170,67.294635,66.693056,67.120862,67.120862,6852938
2022-02-25,67.120862,67.480205,65.071147,65.421392,65.421392,4947828
2022-02-28,65.421392,65.554890,64.909806,65.042531,65.042531,10596747
2022-03-01,65.042531,65.202078,64.587866,64.746687,64.746687,6492022
2022-03-02,64.746687,65.144886,63.699172,64.093352,64.093352,5056379
2022-03-03,64.093352,64.752534,63.791658,64.449165,64.449165,4633753
2022-03-04,64.449165,64.939665,61.618490,62.091044,62.091044,5413304
2022-03-07,62.091044,62.143851,60.855923,60.907724,60.907724,8939890
2022-03-08,60.907724,60.970375,58.382366,58.442481,58.442481,3888034
2022-03-09,58.442481,59.545593,58.350588,59.452113,59.452113,2835474
2022-03-10,59.452113,60.437942,59.309179,60.292986,60.292986,5018904
2022-03-11,60.292986,66.065324,60.150087,65.909114,65.909114,4711030
2022-03-14,65.909114,66.370572,65.698023,66.158682,66.158682,3803490
2022-03-15,66.158682,66.898354,66.108007,66.847152,66.847152,8253857
2022-03-16,66.847152,66.860142,66.697477,66.710441,66.710441,8825376
2022-03-17,66.710441,67.006194,66.097773,66.392116,66.392116,5254925
2022-03-18,66.392116,66.911683,66.227641,66.746330,66.746330,8956730
2022-03-21,66.746330,66.994410,63.809866,64.047916,64.047916,7754033
2022-03-22,64.047916,65.654025,63.904992,65.507843,65.507843,8307442
2022-03-23,65.507843,65.811797,65.202907,65.506857,65.506857,7220061
2022-03-24,65.506857,65.828381,63.564047,63.877575,63.877575,3367706
2022-03-25,63.877575,64.107753,63.850154,64.080246,64.080246,5081859
2022-03-28,64.080246,65.574372,63.973386,65.465203,65.465203,3076447
2022-03-29,65.465203,66.640095,65.413839,66.587850,66.587850,6999477
2022-03-30,66.587850,66.952701,66.548056,66.912712,66.912712,5694510
2022-03-31,66.912712,66.976235,62.226784,62.285914,62.285914,8798737
2022-04-01,62.285914,63.291984,62.268336,63.274127,63.274127,8515647
2022-04-04,63.274127,63.729936,63.069703,63.524702,63.524702,5452299
2022-04-05,63.524702,64.904523,62.939179,64.311746,64.311746,7717898
2022-04-06,64.311746,64.462614,62.243249,62.389608,62.389608,4469799
2022-04-07,62.389608,62.844015,61.944513,62.398854,62.398854,4429056
2022-04-08,62.398854,63.127866,62.299866,63.027881,63.027881,5336135
2022-04-11,63.027881,65.272617,62.746025,64.982023,64.982023,13484894
2022-04-12,64.982023,67.351448,64.594323,66.951995,66.951995,7981476
2022-04-13,66.951995,67.019004,64.819017,64.883957,64.883957,7776596
2022-04-14,64.883957,65.178836,61.903732,62.186352,62.186352,3832354
2022-04-15,62.186352,62.640486,58.430067,58.859909,58.859909,10747715
2022-04-18,58.859909,59.117302,55.188836,55.431236,55.431236,4819520
2022-04-19,55.431236,55.535791,54.346513,54.449216,54.449216,8609108
2022-04-20,54.449216,54.503688,51.080704,51.131857,51.131857,6693145
2022-04-21,51.131857,53.019301,51.071924,52.957228,52.957228,5708924
2022-04-22,52.957228,54.649683,52.820841,54.509299,54.509299,6585175
2022-04-25,54.509299,54.771328,54.286104,54.547974,54.547974,5275567
2022-04-26,54.547974,54.572583,54.408079,54.432636,54.432636,9140864
2022-04-27,54.432636,54.480682,53.133666,53.180607,53.180607,6267862
2022-04-28,53.180607,53.221441,52.918230,52.958893,52.958893,2128147
2022-04-29,52.958893,55.630018,52.943633,55.613992,55.613992,5851941
2022-05-02,55.613992,55.645177,54.867116,54.897900,54.897900,5721637
2022-05-03,54.897900,55.424757,54.581790,55.107440,55.107440,7637820
2022-05-04,55.107440,57.555222,54.773855,57.208916,57.208916,10269882
2022-05-05,57.208916,57.223799,54.747197,54.761443,54.761443,5870816
2022-05-06,54.761443,54.935434,54.640333,54.814207,54.814207,6411925
2022-05-09,54.814207,54.865559,53.354415,53.404447,53.404447,11875953
2022-05-10,53.404447,53.647883,52.514885,52.755362,52.755362,5503090
2022-05-11,52.755362,52.833084,51.760228,51.836596,51.836596,7366761
2022-05-12,51.836596,52.660051,51.775438,52.597995,52.597995,9690532
2022-05-13,52.597995,52.690682,51.384672,51.475381,51.475381,4309325
2022-05-16,51.475381,52.416713,51.340374,52.279597,52.279597,3742658
2022-05-17,52.279597,52.394897,51.636333,51.750467,51.750467,5518529
2022-05-18,51.750467,52.237902,51.734897,52.222191,52.222191,8861551
2022-05-19,52.222191,52.453619,51.814270,52.044913,52.044913,8932780
2022-05-20,52.044913,54.092963,51.958121,54.002906,54.002906,11774712
2022-05-23,54.002906,54.525624,53.927387,54.449480,54.449480,8181340
2022-05-24,54.449480,54.613529,52.761033,52.920475,52.920475,7758089
2022-05-25,52.920475,53.157624,51.499533,51.731353,51.731353,10178561
2022-05-26,51.731353,51.933210,51.566910,51.768649,51.768649,5771825
2022-05-27,51.768649,51.966100,50.731665,50.925902,50.925902,2664571
2022-05-30,50.925902,52.215249,50.661573,51.945626,51.945626,8376959
2022-05-31,51.945626,52.715261,51.799983,52.567873,52.567873,4017516
2022-06-01,52.567873,52.722651,51.591418,51.743769,51.743769,10776038
2022-06-02,51.743769,51.764875,51.340851,51.361800,51.361800,5867457
2022-06-03,51.361800,52.078335,51.236926,51.952026,51.952026,6235499
2022-06-06,51.952026,51.967109,51.425834,51.440769,51.440769,9618588
2022-06-07,51.440769,51.520392,50.486404,50.564671,50.564671,6121151
2022-06-08,50.564671,50.657312,49.305867,49.396368,49.396368,6754987
2022-06-09,49.396368,49.452679,48.614295,48.669777,48.669777,6906239
2022-06-10,48.669777,48.943059,46.757699,47.021727,47.021727,5988566
2022-06-13,47.021727,47.046215,46.937376,46.961833,46.961833,4330012
2022-06-14,46.961833,47.026031,44.939545,45.001063,45.001063,4597313
2022-06-15,45.001063,45.125374,43.816858,43.938234,43.938234,6138344
2022-06-16,43.938234,45.202693,43.882859,45.145796,45.145796,3240200
2022-06-17,45.145796,45.558215,45.070744,45.482603,45.482603,4411934
2022-06-20,45.482603,46.223184,45.468432,46.208787,46.208787,6365865
2022-06-21,46.208787,46.330782,44.370764,44.488217,44.488217,8647440
2022-06-22,44.488217,44.722878,43.688401,43.920065,43.920065,4289278
2022-06-23,43.920065,44.005926,43.357379,43.442306,43.442306,5562260
2022-06-24,43.442306,43.708990,42.633196,42.896529,42.896529,4298818
2022-06-27,42.896529,43.792975,42.672851,43.565807,43.565807,3815065
2022-06-28,43.565807,43.683262,43.057218,43.173615,43.173615,4931201
2022-06-29,43.173615,43.246848,42.914981,42.987898,42.987898,4527896
2022-06-30,42.987898,44.028356,42.819113,43.856162,43.856162,6950760
2022-07-01,43.856162,43.887074,43.853879,43.884789,43.884789,3970976
2022-07-04,43.884789,44.215319,43.697296,44.027218,44.027218,3856549
2022-07-05,44.027218,44.093499,43.923687,43.989912,43.989912,17326865
2022-07-06,43.989912,44.171099,42.861675,43.038944,43.038944,5726985
2022-07-07,43.038944,43.064769,41.854659,41.879788,41.879788,6100979
2022-07-08,41.879788,42.548649,41.866936,42.535596,42.535596,5273688
2022-07-11,42.535596,42.697650,39.868303,40.020776,40.020776,4316357
2022-07-12,40.020776,40.492431,39.813384,40.283677,40.283677,5051199
2022-07-13,40.283677,40.332105,40.227958,40.276378,40.276378,10855257
2022-07-14,40.276378,40.351217,39.421011,39.494397,39.494397,8882609
2022-07-15,39.494397,40.020561,39.376804,39.901755,39.901755,5085373
2022-07-18,39.901755,40.005707,39.648313,39.751874,39.751874,2630655
2022-07-19,39.751874,39.873050,39.279967,39.400071,39.400071,3348608
2022-07-20,39.400071,39.463867,38.498587,38.561025,38.561025,5857538
2022-07-21,38.561025,38.574188,38.277782,38.290853,38.290853,6888696
2022-07-22,38.290853,38.498016,37.340860,37.543983,37.543983,4758254
2022-07-25,37.543983,37.585263,37.204332,37.245284,37.245284,6309875
2022-07-26,37.245284,37.272007,36.835655,36.862103,36.862103,5613214
2022-07-27,36.862103,37.200894,36.053036,36.387465,36.387465,5374988
2022-07-28,36.387465,36.838018,36.378352,36.828795,36.828795,6985270
2022-07-29,36.828795,36.905452,35.883854,35.958700,35.958700,5177872
2022-08-01,35.958700,38.292715,35.710493,38.030210,38.030210,8839237
2022-08-02,38.030210,38.164745,37.949744,38.084165,38.084165,6832438
2022-08-03,38.084165,38.389809,37.903725,38.208778,38.208778,6214219
2022-08-04,38.208778,38.324765,37.823815,37.938983,37.938983,9470551
2022-08-05,37.938983,38.027427,37.383707,37.471060,37.471060,5804442
2022-08-08,37.471060,37.777423,36.670862,36.973154,36.973154,5460896
2022-08-09,36.973154,37.334687,36.900984,37.261954,37.261954,4834919
2022-08-10,37.261954,38.150565,37.147127,38.033362,38.033362,5091193
2022-08-11,38.033362,39.920406,37.966593,39.850447,39.850447,3271675
2022-08-12,39.850447,39.897364,39.233536,39.279781,39.279781,4904695
2022-08-15,39.279781,39.899399,39.242839,39.861909,39.861909,4771910
2022-08-16,39.861909,41.331609,39.849273,41.318511,41.318511,13504732
2022-08-17,41.318511,41.329254,39.716098,39.726427,39.726427,3053435
2022-08-18,39.726427,39.758835,39.567761,39.600066,39.600066,7320723
2022-08-19,39.600066,39.856047,39.592117,39.848048,39.848048,2670558
2022-08-22,39.848048,40.500116,39.773012,40.423995,40.423995,6292351
2022-08-23,40.423995,41.389311,40.294536,41.257183,41.257183,11072029
2022-08-24,41.257183,42.069476,41.193924,42.005069,42.005069,6121540
2022-08-25,42.005069,43.777009,41.988339,43.759580,43.759580,9931908
2022-08-26,43.759580,43.780340,40.636698,40.655986,40.655986,6077627
2022-08-29,40.655986,41.125653,40.025994,40.493787,40.493787,8664634
2022-08-30,40.493787,40.494621,40.010189,40.011013,40.011013,5533151
2022-08-31,40.011013,40.130641,39.164438,39.281887,39.281887,9340408
2022-09-01,39.281887,40.299238,39.091113,40.104469,40.104469,5042629
2022-09-02,40.104469,40.475003,39.859094,40.228867,40.228867,8022601
2022-09-05,40.228867,41.008103,40.017016,40.793280,40.793280,8016365
2022-09-06,40.793280,43.773011,40.405412,43.360731,43.360731,4647995
2022-09-07,43.360731,43.368393,40.533310,40.540474,40.540474,10328651
2022-09-08,40.540474,41.574405,40.376157,41.406577,41.406577,6346166
2022-09-09,41.406577,43.102139,41.366483,43.060443,43.060443,7139908
2022-09-12,43.060443,45.211145,43.038347,45.187958,45.187958,17223248
2022-09-13,45.187958,45.388432,43.779208,43.974298,43.974298,4802956
2022-09-14,43.974298,44.538415,43.926864,44.490424,44.490424,7875646
2022-09-15,44.490424,44.678713,44.015386,44.202455,44.202455,2422261
2022-09-16,44.202455,44.265464,43.965762,44.028523,44.028523,8245686
2022-09-19,44.028523,44.253638,43.433387,43.656601,43.656601,5932545
2022-09-20,43.656601,43.668740,43.136136,43.148134,43.148134,3604061
2022-09-21,43.148134,43.356006,42.459922,42.665468,42.665468,5011827
2022-09-22,42.665468,42.790475,41.882781,42.005855,42.005855,5353594
2022-09-23,42.005855,42.073354,41.657051,41.724097,41.724097,6388406
2022-09-26,41.724097,41.766754,40.656291,40.697899,40.697899,5570876
2022-09-27,40.697899,41.936951,40.635428,41.872676,41.872676,6957265
2022-09-28,41.872676,42.505802,41.719613,42.350990,42.350990,3415982
2022-09-29,42.350990,42.377388,42.046048,42.072272,42.072272,7289589
2022-09-30,42.072272,42.142087,41.133579,41.201950,41.201950,7983556
2022-10-03,41.201950,42.053714,40.960943,41.809155,41.809155,6649058
2022-10-04,41.809155,44.061312,41.587856,43.829320,43.829320,6092890
2022-10-05,43.829320,46.353111,43.822526,46.345927,46.345927,7005571
2022-10-06,46.345927,46.579221,46.201524,46.434542,46.434542,9388811
2022-10-07,46.434542,46.658922,44.132067,44.346357,44.346357,9869609
2022-10-10,44.346357,46.304929,44.313963,46.271128,46.271128,7529320
2022-10-11,46.271128,46.368452,45.490594,45.586477,45.586477,5982182
2022-10-12,45.586477,46.688783,45.549700,46.651146,46.651146,8481602
2022-10-13,46.651146,46.741458,45.950362,46.039490,46.039490,11405341
2022-10-14,46.039490,46.212546,45.296419,45.467324,45.467324,5882366
2022-10-17,45.467324,45.604905,43.643246,43.775708,43.775708,2370435
2022-10-18,43.775708,44.260983,43.622945,44.107064,44.107064,4818146
2022-10-19,44.107064,46.017240,43.938639,45.842189,45.842189,6974524
2022-10-20,45.842189,46.022864,45.374197,45.553734,45.553734,6364170
2022-10-21,45.553734,46.948599,45.340487,46.729846,46.729846,7137646
2022-10-24,46.729846,46.802664,46.706742,46.779536,46.779536,9364625
2022-10-25,46.779536,46.780562,46.256274,46.257288,46.257288,7917345
2022-10-26,46.257288,46.280087,45.862220,45.884835,45.884835,4161335
2022-10-27,45.884835,50.223462,45.794437,50.124711,50.124711,6070353
2022-10-28,50.124711,50.742424,49.963909,50.580161,50.580161,6915445
2022-10-31,50.580161,50.725232,49.551155,49.693684,49.693684,5225003
2022-11-01,49.693684,51.337573,49.612192,51.253524,51.253524,8222029
2022-11-02,51.253524,51.957887,51.055751,51.758166,51.758166,5211896
2022-11-03,51.758166,51.910413,49.720068,49.866751,49.866751,5194354
2022-11-04,49.866751,50.166535,48.983256,49.279510,49.279510,5784340
2022-11-07,49.279510,49.772794,48.949191,49.441390,49.441390,7798849
2022-11-08,49.441390,50.119886,49.323729,50.000893,50.000893,3341097
2022-11-09,50.000893,50.909304,49.929009,50.836219,50.836219,3578356
2022-11-10,50.836219,51.695596,50.816311,51.675359,51.675359,4547351
2022-11-11,51.675359,51.880399,51.541280,51.746136,51.746136,4131937
2022-11-14,51.746136,53.637705,51.593635,53.480094,53.480094,3897409
2022-11-15,53.480094,53.921748,52.876020,53.316322,53.316322,8590049
2022-11-16,53.316322,53.551702,52.415152,52.647579,52.647579,5643676
2022-11-17,52.647579,52.670045,52.529859,52.552284,52.552284,4564676
2022-11-18,52.552284,52.772784,52.488875,52.709185,52.709185,8571849
2022-11-21,52.709185,53.812458,52.691469,53.794378,53.794378,4688247
2022-11-22,53.794378,54.266729,53.531871,54.003204,54.003204,7441862
2022-11-23,54.003204,55.392468,53.816559,55.201681,55.201681,5659886
2022-11-24,55.201681,55.293000,54.908801,54.999786,54.999786,7730151
2022-11-25,54.999786,55.582230,54.969815,55.551958,55.551958,6372122
2022-11-28,55.551958,55.561236,54.854532,54.863694,54.863694,4819816
2022-11-29,54.863694,55.169143,54.744038,55.049082,55.049082,7851172
2022-11-30,55.049082,55.062943,54.428107,54.441815,54.441815,4335920
2022-12-01,54.441815,54.571845,53.953042,54.082214,54.082214,8152951
2022-12-02,54.082214,54.470265,53.943387,54.330800,54.330800,9635863
2022-12-05,54.330800,54.533095,53.916439,54.117942,54.117942,12225030
2022-12-06,54.117942,54.206677,53.959949,54.048570,54.048570,11729467
2022-12-07,54.048570,54.267120,52.195673,52.407588,52.407588,2658092
2022-12-08,52.407588,53.266242,52.196397,53.052453,53.052453,5038359
2022-12-09,53.052453,53.158540,52.700336,52.805931,52.805931,2849086
2022-12-12,52.805931,52.901023,51.512390,51.605321,51.605321,6223069
2022-12-13,51.605321,52.417469,51.227163,52.036154,52.036154,3399327
2022-12-14,52.036154,52.374759,51.769662,52.107899,52.107899,6555223
2022-12-15,52.107899,52.383134,51.914838,52.189769,52.189769,9598512
2022-12-16,52.189769,52.516708,51.802068,52.128624,52.128624,5724976
2022-12-19,52.128624,52.376776,51.485885,51.732150,51.732150,3909351
2022-12-20,51.732150,51.916936,51.533526,51.718262,51.718262,4123057
2022-12-21,51.718262,51.968618,50.400719,50.645883,50.645883,3574549
2022-12-22,50.645883,51.955019,50.624793,51.933393,51.933393,4225336
2022-12-23,51.933393,52.391669,51.550900,52.008622,52.008622,7109655
2022-12-26,52.008622,52.117790,50.853323,50.960291,50.960291,4441022
2022-12-27,50.960291,51.802265,50.752729,51.592130,51.592130,6198925
2022-12-28,51.592130,51.652543,51.538036,51.598443,51.598443,6344219
2022-12-29,51.598443,51.702357,50.572370,50.674423,50.674423,7188738
2022-12-30,50.674423,51.183924,50.507520,51.015897,51.015897,3449780
2023-01-02,51.015897,52.630831,50.737873,52.345561,52.345561,5860168
2023-01-03,52.345561,52.476359,51.867902,51.997831,51.997831,7342817
2023-01-04,51.997831,52.236687,51.830485,52.069111,52.069111,4234895
2023-01-05,52.069111,52.628835,51.805509,52.363741,52.363741,4143006
2023-01-06,52.363741,52.846363,51.431788,51.910231,51.910231,6568432
2023-01-09,51.910231,52.136479,51.775228,52.001239,52.001239,7976882
2023-01-10,52.001239,52.942226,51.855013,52.793771,52.793771,5746967
2023-01-11,52.793771,53.177280,52.751921,53.135158,53.135158,3774194
2023-01-12,53.135158,53.149982,52.259641,52.274224,52.274224,3431678
2023-01-13,52.274224,52.898612,52.223078,52.846905,52.846905,3192743
2023-01-16,52.846905,53.496793,52.793079,53.442360,53.442360,7218563
2023-01-17,53.442360,53.711587,52.684188,52.950939,52.950939,2443852
2023-01-18,52.950939,52.998564,52.709426,52.756877,52.756877,3479139
2023-01-19,52.756877,53.353166,52.678971,53.274496,53.274496,16312604
2023-01-20,53.274496,53.701831,52.303582,52.726523,52.726523,2956359
2023-01-23,52.726523,52.818654,52.406973,52.498706,52.498706,7997271
2023-01-24,52.498706,53.722175,52.429194,53.651137,53.651137,6475584
2023-01-25,53.651137,55.089385,53.527483,54.962708,54.962708,7453820
2023-01-26,54.962708,55.296717,54.697970,55.031646,55.031646,2826762
2023-01-27,55.031646,55.054175,54.755397,54.777822,54.777822,6126557
2023-01-30,54.777822,54.977599,54.326423,54.525280,54.525280,6859542
2023-01-31,54.525280,55.743437,54.395018,55.610582,55.610582,5133760
2023-02-01,55.610582,55.908355,55.588038,55.885699,55.885699,10738742
2023-02-02,55.885699,56.457440,55.700450,56.270914,56.270914,7585975
2023-02-03,56.270914,56.843439,53.881894,54.435747,54.435747,7504786
2023-02-06,54.435747,54.570568,54.389258,54.524004,54.524004,6224169
2023-02-07,54.524004,54.838780,51.808676,52.109514,52.109514,5698976
2023-02-08,52.109514,52.184167,51.969534,52.044093,52.044093,5027352
2023-02-09,52.044093,52.101358,49.901562,49.956530,49.956530,9360100
2023-02-10,49.956530,50.863004,49.683396,50.586426,50.586426,7099138
2023-02-13,50.586426,52.315037,50.159016,51.876725,51.876725,5766527
2023-02-14,51.876725,52.012711,49.536693,49.666887,49.666887,6206537
2023-02-15,49.666887,50.983287,49.592216,50.906752,50.906752,7180845
2023-02-16,50.906752,51.599335,50.885227,51.577526,51.577526,4585012
2023-02-17,51.577526,53.152842,51.396510,52.966949,52.966949,5428592
2023-02-20,52.966949,53.984472,52.866234,53.882016,53.882016,9884606
2023-02-21,53.882016,54.065847,52.484628,52.664304,52.664304,11030150
2023-02-22,52.664304,53.167095,51.399012,51.894453,51.894453,8488654
2023-02-23,51.894453,52.664841,51.733431,52.501934,52.501934,5888190
2023-02-24,52.501934,52.596960,51.950325,52.044524,52.044524,6090626
2023-02-27,52.044524,52.189729,50.919555,51.062018,51.062018,4116044
2023-02-28,51.062018,52.006100,50.947239,51.889460,51.889460,5140180
2023-03-01,51.889460,52.002061,51.335366,51.447006,51.447006,6192717
2023-03-02,51.447006,51.712806,50.400592,50.662338,50.662338,11317960
2023-03-03,50.662338,50.873407,50.598452,50.809336,50.809336,4393080
2023-03-06,50.809336,51.159414,50.763363,51.113166,51.113166,5509229
2023-03-07,51.113166,52.192367,50.910915,51.986659,51.986659,7846450
2023-03-08,51.986659,52.016573,48.161046,48.188774,48.188774,6724938
2023-03-09,48.188774,48.320056,47.323837,47.453115,47.453115,6560957
2023-03-10,47.453115,48.101412,47.366680,48.013956,48.013956,5494405
2023-03-13,48.013956,48.240029,47.614215,47.839467,47.839467,9145045
2023-03-14,47.839467,48.078435,47.172529,47.409349,47.409349,9384521
2023-03-15,47.409349,47.549962,47.365203,47.505727,47.505727,4671092
2023-03-16,47.505727,48.105272,46.743306,47.340769,47.340769,3899263
2023-03-17,47.340769,48.124353,47.289833,48.072630,48.072630,6337380
2023-03-20,48.072630,48.998771,47.990934,48.915643,48.915643,9108799
2023-03-21,48.915643,49.165908,47.658645,47.903732,47.903732,6558232
2023-03-22,47.903732,48.010784,47.249882,47.355709,47.355709,10526940
2023-03-23,47.355709,47.988988,47.153193,47.784637,47.784637,6868363
2023-03-24,47.784637,48.120650,47.701489,48.037063,48.037063,6474792
2023-03-27,48.037063,48.791515,47.870504,48.622924,48.622924,5380168
2023-03-28,48.622924,48.929484,47.803531,48.106837,48.106837,12752861
2023-03-29,48.106837,48.287051,47.613697,47.792734,47.792734,7076251
2023-03-30,47.792734,48.913054,47.621413,48.738342,48.738342,5350643
2023-03-31,48.738342,48.848484,48.312023,48.421448,48.421448,2907567
2023-04-03,48.421448,48.763875,47.731368,48.071318,48.071318,7341878
2023-04-04,48.071318,48.214087,47.913848,48.056573,48.056573,10774175
2023-04-05,48.056573,48.120770,48.044021,48.108204,48.108204,10660138
2023-04-06,48.108204,48.312880,47.053508,47.254553,47.254553,5700223
2023-04-07,47.254553,49.808220,47.161735,49.710578,49.710578,2826789
2023-04-10,49.710578,50.184500,48.925529,49.396457,49.396457,3549353
2023-04-11,49.396457,49.612230,49.308428,49.523974,49.523974,3239246
2023-04-12,49.523974,49.602025,49.502243,49.580270,49.580270,5471363
2023-04-13,49.580270,49.970722,49.539773,49.929940,49.929940,5180785
2023-04-14,49.929940,50.291659,49.150336,49.509005,49.509005,4325971
2023-04-17,49.509005,49.814672,49.206304,49.511953,49.511953,3896614
2023-04-18,49.511953,50.251533,49.445439,50.184117,50.184117,3003466
2023-04-19,50.184117,51.074520,50.183116,51.073501,51.073501,6144064
2023-04-20,51.073501,51.085257,50.253675,50.265245,50.265245,7519185
2023-04-21,50.265245,50.316382,50.107209,50.158237,50.158237,3586962
2023-04-24,50.158237,50.296038,49.728217,49.865213,49.865213,5978604
2023-04-25,49.865213,50.085871,49.538896,49.759084,49.759084,7672416
2023-04-26,49.759084,49.857496,49.129409,49.226768,49.226768,12498726
2023-04-27,49.226768,49.695233,49.019551,49.486921,49.486921,7854231
2023-04-28,49.486921,49.671827,48.179831,48.360528,48.360528,6989367
2023-05-01,48.360528,48.695832,47.438754,47.769964,47.769964,7094420
2023-05-02,47.769964,47.848264,47.408021,47.485854,47.485854,5703641
2023-05-03,47.485854,47.553214,46.624433,46.690665,46.690665,7680020
2023-05-04,46.690665,47.195525,46.647516,47.151950,47.151950,3756436
2023-05-05,47.151950,48.303275,47.063437,48.212771,48.212771,4510337
2023-05-08,48.212771,49.254170,47.900537,48.937244,48.937244,4117649
2023-05-09,48.937244,49.319579,48.776856,49.158466,49.158466,8560198
2023-05-10,49.158466,50.365830,49.134212,50.340993,50.340993,8877354
2023-05-11,50.340993,51.412839,50.281446,51.352096,51.352096,5590739
2023-05-12,51.352096,51.734020,51.243115,51.624461,51.624461,8131628
2023-05-15,51.624461,51.706565,51.612958,51.695047,51.695047,3836761
2023-05-16,51.695047,51.707884,51.023481,51.036154,51.036154,4721526
2023-05-17,51.036154,51.221132,49.872826,50.054245,50.054245,7089097
2023-05-18,50.054245,50.075720,49.755211,49.776567,49.776567,6590910
2023-05-19,49.776567,50.397130,49.707992,50.327796,50.327796,6782366
2023-05-22,50.327796,50.818981,50.236928,50.727392,50.727392,7598804
2023-05-23,50.727392,50.806771,50.257559,50.336326,50.336326,3916454
2023-05-24,50.336326,51.043867,50.053066,50.758233,50.758233,2805940
2023-05-25,50.758233,50.958625,50.113185,50.311815,50.311815,4363357
2023-05-26,50.311815,50.617141,50.153916,50.458782,50.458782,6291581
2023-05-29,50.458782,50.609733,50.141871,50.292324,50.292324,7451323
2023-05-30,50.292324,50.494016,49.308275,49.506817,49.506817,8001544
2023-05-31,49.506817,49.555518,48.614256,48.662126,48.662126,4274904
2023-06-01,48.662126,48.956326,48.113474,48.406126,48.406126,7766546
2023-06-02,48.406126,48.697305,48.008141,48.298673,48.298673,4697611
2023-06-05,48.298673,48.852191,48.213645,48.766339,48.766339,4245724
2023-06-06,48.766339,49.255747,48.553820,49.042027,49.042027,7213248
2023-06-07,49.042027,49.798785,48.937684,49.693056,49.693056,4676290
2023-06-08,49.693056,50.219497,49.502339,50.027496,50.027496,5186910
2023-06-09,50.027496,50.532096,49.930845,50.434658,50.434658,8979160
2023-06-12,50.434658,54.826214,50.275206,54.653425,54.653425,11845964
2023-06-13,54.653425,55.213529,54.355251,54.913934,54.913934,4713594
2023-06-14,54.913934,55.798300,54.899330,55.783464,55.783464,7161354
2023-06-15,55.783464,56.003087,55.451582,55.670762,55.670762,8017294
2023-06-16,55.670762,55.926175,54.684671,54.936717,54.936717,10129535
2023-06-19,54.936717,56.840638,54.617533,56.512299,56.512299,5982833
2023-06-20,56.512299,56.842164,55.744800,56.072094,56.072094,11596742
2023-06-21,56.072094,56.232195,55.836690,55.996575,55.996575,4638045
2023-06-22,55.996575,56.499951,54.202986,54.694659,54.694659,8746851
2023-06-23,54.694659,55.573180,54.565894,55.442655,55.442655,4919541
2023-06-26,55.442655,56.402259,55.101183,56.057004,56.057004,5731991
2023-06-27,56.057004,56.164903,54.901717,55.007596,55.007596,4488776
2023-06-28,55.007596,57.120616,54.943131,57.053754,57.053754,8520934
2023-06-29,57.053754,57.365105,55.437736,55.741929,55.741929,4756395
2023-06-30,55.741929,55.767577,55.453760,55.479287,55.479287,3642748
2023-07-03,55.479287,56.310415,55.144661,55.972812,55.972812,3450394
2023-07-04,55.972812,56.240065,55.415218,55.681078,55.681078,4802159
2023-07-05,55.681078,55.765298,54.857413,54.940513,54.940513,5746635
2023-07-06,54.940513,56.545012,54.753827,56.353524,56.353524,6681961
2023-07-07,56.353524,56.420800,55.826045,55.892771,55.892771,4291611
2023-07-10,55.892771,56.341064,55.822366,56.270183,56.270183,5569279
2023-07-11,56.270183,56.721766,56.233120,56.684430,56.684430,9738727
2023-07-12,56.684430,56.753146,55.433706,55.500987,55.500987,5738866
2023-07-13,55.500987,55.824307,54.972201,55.294317,55.294317,5535482
2023-07-14,55.294317,56.000289,55.087055,55.791165,55.791165,2397423
2023-07-17,55.791165,57.649666,55.747892,57.604987,57.604987,7469448
2023-07-18,57.604987,58.270835,57.306375,57.970328,57.970328,4529857
2023-07-19,57.970328,58.297474,57.608571,57.935520,57.935520,5535994
2023-07-20,57.935520,58.465764,53.723592,54.219828,54.219828,5625583
2023-07-21,54.219828,55.761757,54.083251,55.621649,55.621649,4839496
2023-07-24,55.621649,55.870278,55.454893,55.703278,55.703278,5457321
2023-07-25,55.703278,56.286965,55.247645,55.830293,55.830293,4703004
2023-07-26,55.830293,56.223573,54.896354,55.285798,55.285798,4549821
2023-07-27,55.285798,55.737367,55.224833,55.675972,55.675972,5523545
2023-07-28,55.675972,55.738893,54.658344,54.720184,54.720184,3033131
2023-07-31,54.720184,56.279201,54.595070,56.150817,56.150817,4260887
2023-08-01,56.150817,56.535629,54.765578,55.143487,55.143487,4719996
2023-08-02,55.143487,55.217661,54.692224,54.765891,54.765891,8794578
2023-08-03,54.765891,54.844186,53.293140,53.369439,53.369439,9895084
2023-08-04,53.369439,53.806996,53.102405,53.539113,53.539113,9800751
2023-08-07,53.539113,55.232474,53.178393,54.862836,54.862836,9091668
2023-08-08,54.862836,56.077814,54.526549,55.736173,55.736173,5070063
2023-08-09,55.736173,55.954439,55.233011,55.450156,55.450156,10923301
2023-08-10,55.450156,55.934344,55.179061,55.662213,55.662213,7332821
2023-08-11,55.662213,55.778321,55.175042,55.290374,55.290374,5098739
2023-08-14,55.290374,55.510064,53.932169,54.147317,54.147317,6746867
2023-08-15,54.147317,54.431211,54.045817,54.329370,54.329370,6015410
2023-08-16,54.329370,54.356319,53.850702,53.877426,53.877426,5567208
2023-08-17,53.877426,53.951757,53.099680,53.173039,53.173039,7981925
2023-08-18,53.173039,53.674583,53.114280,53.615335,53.615335,6072671
2023-08-21,53.615335,54.391903,53.544233,54.319867,54.319867,2995482
2023-08-22,54.319867,54.564901,53.053762,53.294169,53.294169,15322310
2023-08-23,53.294169,53.466825,51.988602,52.157577,52.157577,7151341
2023-08-24,52.157577,52.330038,51.685194,51.856660,51.856660,5251049
2023-08-25,51.856660,52.569558,51.724725,52.436148,52.436148,7685655
2023-08-28,52.436148,52.561979,52.410881,52.536664,52.536664,7083421
2023-08-29,52.536664,52.734734,51.899308,52.095715,52.095715,6214831
2023-08-30,52.095715,52.294352,51.332806,51.529283,51.529283,4571398
2023-08-31,51.529283,51.858148,51.134679,51.463122,51.463122,6984743
2023-09-01,51.463122,51.573645,51.461457,51.571977,51.571977,5918773
2023-09-04,51.571977,51.796621,50.581220,50.802512,50.802512,4293268
2023-09-05,50.802512,51.433051,49.779344,50.404947,50.404947,7373344
2023-09-06,50.404947,50.626794,49.923238,50.143936,50.143936,7081739
2023-09-07,50.143936,52.045190,49.700846,51.589328,51.589328,8464441
2023-09-08,51.589328,53.012371,51.563271,52.985609,52.985609,4853516
2023-09-11,52.985609,52.988207,52.006936,52.009486,52.009486,8842822
2023-09-12,52.009486,52.547271,51.936607,52.473741,52.473741,9034745
2023-09-13,52.473741,53.231988,52.157541,52.913140,52.913140,5427112
2023-09-14,52.913140,54.724481,52.817790,54.626044,54.626044,4126301
2023-09-15,54.626044,55.662414,54.408531,55.441654,55.441654,8796673
2023-09-18,55.441654,55.652679,55.301144,55.511991,55.511991,6859153
2023-09-19,55.511991,55.526549,55.098824,55.113277,55.113277,5897829
2023-09-20,55.113277,55.313172,53.921580,54.117865,54.117865,5183397
2023-09-21,54.117865,54.326358,51.833058,52.033521,52.033521,7292199
2023-09-22,52.033521,52.162118,50.858177,50.984181,50.984181,5706783
2023-09-25,50.984181,51.753829,50.645549,51.412354,51.412354,3480852
2023-09-26,51.412354,52.414821,51.066101,52.064178,52.064178,2684143
2023-09-27,52.064178,52.106050,51.181045,51.222240,51.222240,6906701
2023-09-28,51.222240,51.235377,50.237488,50.250375,50.250375,10992982
2023-09-29,50.250375,50.252193,49.399166,49.400953,49.400953,5407511
2023-10-02,49.400953,49.439963,47.628310,47.665949,47.665949,5610104
2023-10-03,47.665949,48.327899,47.599584,48.260705,48.260705,3139636
2023-10-04,48.260705,48.338257,47.443782,47.520144,47.520144,9817204
2023-10-05,47.520144,49.918648,47.289873,49.677921,49.677921,6276917
2023-10-06,49.677921,49.684601,49.275155,49.281781,49.281781,3899613
2023-10-09,49.281781,49.329882,48.309944,48.357142,48.357142,9104847
2023-10-10,48.357142,48.954633,48.135389,48.731165,48.731165,6549356
2023-10-11,48.731165,48.745970,48.407647,48.422358,48.422358,5409885
2023-10-12,48.422358,49.162171,48.371938,49.111034,49.111034,6174110
2023-10-13,49.111034,49.126338,49.024317,49.039599,49.039599,6061755
2023-10-16,49.039599,49.422029,48.928812,49.310630,49.310630,3510975
2023-10-17,49.310630,49.472017,49.101969,49.263201,49.263201,6515554
2023-10-18,49.263201,49.597117,49.121976,49.455342,49.455342,8136433
2023-10-19,49.455342,50.348857,49.317748,50.209165,50.209165,5531077
2023-10-20,50.209165,50.603285,49.972579,50.365960,50.365960,6329049
2023-10-23,50.365960,54.558829,50.265823,54.450571,54.450571,14240924
2023-10-24,54.450571,54.708317,54.204645,54.462338,54.462338,9047500
2023-10-25,54.462338,54.930794,54.273520,54.741010,54.741010,4663294
2023-10-26,54.741010,54.994953,53.504723,53.754088,53.754088,5484273
2023-10-27,53.754088,53.880255,53.206376,53.331551,53.331551,8950125
2023-10-30,53.331551,55.314357,53.176660,55.154172,55.154172,6702789
2023-10-31,55.154172,55.450941,53.873258,54.164703,54.164703,6273340
2023-11-01,54.164703,54.372130,53.358408,53.563533,53.563533,3903947
2023-11-02,53.563533,54.074301,53.441865,53.951751,53.951751,5421117
2023-11-03,53.951751,54.833175,53.738689,54.617484,54.617484,3815779
2023-11-06,54.617484,54.904855,52.954228,53.234322,53.234322,5921389
2023-11-07,53.234322,53.307587,51.773554,51.844907,51.844907,6291342
2023-11-08,51.844907,51.852369,50.596954,50.604237,50.604237,10473853
2023-11-09,50.604237,51.497222,50.457081,51.347903,51.347903,5260042
2023-11-10,51.347903,51.352191,49.442738,49.446867,49.446867,5226630
2023-11-13,49.446867,49.548522,48.240953,48.340332,48.340332,6952232
2023-11-14,48.340332,48.362155,47.450933,47.472364,47.472364,5252184
2023-11-15,47.472364,47.642436,47.328641,47.498634,47.498634,6901829
2023-11-16,47.498634,48.674005,47.407962,48.581267,48.581267,4938602
2023-11-17,48.581267,49.443869,48.508308,49.369727,49.369727,2280063
2023-11-20,49.369727,49.407690,47.645269,47.681935,47.681935,3811277
2023-11-21,47.681935,47.963693,47.662193,47.943842,47.943842,3405067
2023-11-22,47.943842,47.994929,47.738432,47.789355,47.789355,3253635
2023-11-23,47.789355,48.400609,47.755886,48.366736,48.366736,7199868
2023-11-24,48.366736,48.391929,47.351605,47.376282,47.376282,6625344
2023-11-27,47.376282,47.448376,46.737292,46.808522,46.808522,9984253
2023-11-28,46.808522,46.881408,45.867763,45.939296,45.939296,8072588
2023-11-29,45.939296,45.982395,45.111205,45.153567,45.153567,8255381
2023-11-30,45.153567,45.600799,45.139249,45.586344,45.586344,4193613
2023-12-01,45.586344,46.036756,45.358928,45.808233,45.808233,3821476
2023-12-04,45.808233,47.320691,45.762315,47.273304,47.273304,8415027
2023-12-05,47.273304,47.350830,44.262465,44.335172,44.335172,11022559
2023-12-06,44.335172,44.573046,43.780597,44.016762,44.016762,6120338
2023-12-07,44.016762,44.051590,43.796628,43.831310,43.831310,4841879
2023-12-08,43.831310,44.552072,43.796932,44.517156,44.517156,5988694
2023-12-11,44.517156,44.602952,43.059560,43.142707,43.142707,7047027
2023-12-12,43.142707,43.231823,43.043257,43.132352,43.132352,5725886
2023-12-13,43.132352,45.295580,43.038664,45.197407,45.197407,6850063
2023-12-14,45.197407,45.480762,45.170028,45.453228,45.453228,7192873
2023-12-15,45.453228,46.232927,45.288079,46.065553,46.065553,3497226
2023-12-18,46.065553,46.992422,46.059579,46.986329,46.986329,5100303
2023-12-19,46.986329,48.164042,46.775725,47.949122,47.949122,5454250
2023-12-20,47.949122,48.025443,47.778112,47.854282,47.854282,7354474
2023-12-21,47.854282,48.277107,47.354852,47.776994,47.776994,7158157
2023-12-22,47.776994,47.879375,47.714713,47.817042,47.817042,11595024
2023-12-25,47.817042,49.056320,47.586610,48.821049,48.821049,8269207
2023-12-26,48.821049,50.039824,48.813586,50.032175,50.032175,4259806
2023-12-27,50.032175,51.275827,49.884154,51.124574,51.124574,4374524
2023-12-28,51.124574,51.260701,48.287144,48.416059,48.416059,6894852
2023-12-29,48.416059,49.757206,48.184440,49.520304,49.520304,7666261
2024-01-01,49.520304,50.107077,49.138183,49.723389,49.723389,8103734
2024-01-02,49.723389,50.368421,49.677379,50.321858,50.321858,7205640
2024-01-03,50.321858,50.540765,50.176676,50.395372,50.395372,9503428
2024-01-04,50.395372,50.798764,50.193864,50.596452,50.596452,9885220
2024-01-05,50.596452,50.664343,50.044266,50.111506,50.111506,7229055
2024-01-08,50.111506,50.989414,49.802206,50.676626,50.676626,4842394
2024-01-09,50.676626,52.849914,50.457992,52.622883,52.622883,9192180
2024-01-10,52.622883,52.920066,52.191284,52.487704,52.487704,6954325
2024-01-11,52.487704,52.522653,52.000853,52.035501,52.035501,7136597
2024-01-12,52.035501,52.997224,51.601110,52.558467,52.558467,6714803
2024-01-15,52.558467,52.834022,51.548851,51.820537,51.820537,8818232
2024-01-16,51.820537,51.967580,51.288408,51.434355,51.434355,5621036
2024-01-17,51.434355,51.569812,50.480323,50.613618,50.613618,4081647
2024-01-18,50.613618,51.944607,50.282732,51.607225,51.607225,6757807
2024-01-19,51.607225,51.929068,50.242989,50.558290,50.558290,4901820
2024-01-22,50.558290,51.761074,50.202058,51.398919,51.398919,11288945
2024-01-23,51.398919,51.516383,51.206331,51.323624,51.323624,3437573
2024-01-24,51.323624,53.096519,51.310175,53.082609,53.082609,7519807
2024-01-25,53.082609,53.280307,53.037545,53.235113,53.235113,9280563
2024-01-26,53.235113,54.866050,53.135532,54.763610,54.763610,4865754
2024-01-29,54.763610,54.894424,53.517593,53.645737,53.645737,3956467
2024-01-30,53.645737,54.573278,53.189603,54.113170,54.113170,7329343
2024-01-31,54.113170,54.116141,53.654233,53.657179,53.657179,4595836
2024-02-01,53.657179,54.087508,53.507252,53.936801,53.936801,7214096
2024-02-02,53.936801,54.665425,53.689125,54.415551,54.415551,7525361
2024-02-05,54.415551,54.583740,54.170071,54.338020,54.338020,8127639
2024-02-06,54.338020,54.360993,53.535001,53.557643,53.557643,17092926
2024-02-07,53.557643,54.543411,53.495503,54.480200,54.480200,5048442
2024-02-08,54.480200,54.514818,54.285701,54.320216,54.320216,4949638
2024-02-09,54.320216,54.712251,52.839642,53.223763,53.223763,3782314
2024-02-12,53.223763,53.312064,52.959450,53.047458,53.047458,3179463
2024-02-13,53.047458,54.488211,52.733938,54.168068,54.168068,6709985
2024-02-14,54.168068,54.401283,53.636527,53.868452,53.868452,4672500
2024-02-15,53.868452,55.022602,53.655968,54.806418,54.806418,3763392
2024-02-16,54.806418,55.074657,52.938635,53.199007,53.199007,9894317
2024-02-19,53.199007,53.654000,53.040317,53.494429,53.494429,7269609
2024-02-20,53.494429,53.930862,53.340690,53.776313,53.776313,7258280
2024-02-21,53.776313,57.876539,53.693986,57.788070,57.788070,5611855
2024-02-22,57.788070,57.986134,57.198854,57.395573,57.395573,5516859
2024-02-23,57.395573,57.919583,56.754294,57.277223,57.277223,6412872
2024-02-26,57.277223,57.474930,56.588610,56.784617,56.784617,6160840
2024-02-27,56.784617,57.394364,56.616941,57.225386,57.225386,3655455
2024-02-28,57.225386,57.544085,56.991503,57.309856,57.309856,3106757
2024-02-29,57.309856,58.113860,57.108205,57.910097,57.910097,8872059
2024-03-01,57.910097,57.933636,56.923257,56.946405,56.946405,9678629
2024-03-04,56.946405,57.928494,56.810594,57.790669,57.790669,7322546
2024-03-05,57.790669,57.892135,56.692846,56.792559,56.792559,6614033
2024-03-06,56.792559,56.877361,56.701230,56.786022,56.786022,4066759
2024-03-07,56.786022,57.375311,56.584128,57.172044,57.172044,8669135
2024-03-08,57.172044,59.008099,56.623700,58.447522,58.447522,5270166
2024-03-11,58.447522,59.688412,58.410805,59.650939,59.650939,11018161
2024-03-12,59.650939,59.759025,58.685671,58.792201,58.792201,6516863
2024-03-13,58.792201,58.903074,58.119467,58.229278,58.229278,4916641
2024-03-14,58.229278,58.255469,57.018354,57.044012,57.044012,6261136
2024-03-15,57.044012,57.089793,56.781731,56.827339,56.827339,5873013
2024-03-18,56.827339,57.704019,56.607340,57.481488,57.481488,5730573
2024-03-19,57.481488,60.417397,57.152984,60.074076,60.074076,5791051
2024-03-20,60.074076,60.247249,59.015645,59.186259,59.186259,4588519
2024-03-21,59.186259,59.700758,59.094082,59.607925,59.607925,7648052
2024-03-22,59.607925,61.130897,59.590110,61.112633,61.112633,6316800
2024-03-25,61.112633,61.616188,60.937458,61.440075,61.440075,7911685
2024-03-26,61.440075,61.932505,61.200795,61.692243,61.692243,2866833
2024-03-27,61.692243,61.964764,61.578439,61.850667,61.850667,3427049
2024-03-28,61.850667,62.092194,60.586151,60.823666,60.823666,4228645
2024-03-29,60.823666,62.691052,60.615302,62.477023,62.477023,2418678
2024-04-01,62.477023,62.532533,61.937955,61.993035,61.993035,5136827
2024-04-02,61.993035,62.171727,60.883755,61.059757,61.059757,8968344
2024-04-03,61.059757,61.149479,60.271980,60.360674,60.360674,8473180
2024-04-04,60.360674,60.369688,59.027712,59.036528,59.036528,4498533
2024-04-05,59.036528,59.262922,58.128093,58.351861,58.351861,7517277
2024-04-08,58.351861,61.173477,58.326867,61.147285,61.147285,2999751
2024-04-09,61.147285,61.460669,61.063356,61.376425,61.376425,3033172
2024-04-10,61.376425,62.233286,60.944092,61.797983,61.797983,8767600
2024-04-11,61.797983,63.748260,61.481488,63.423440,63.423440,4369960
2024-04-12,63.423440,63.522052,61.011911,61.106921,61.106921,5149512
2024-04-15,61.106921,62.261011,60.980215,62.132180,62.132180,2329986
2024-04-16,62.132180,62.461328,60.913200,61.237609,61.237609,7416112
2024-04-17,61.237609,61.633864,59.909240,60.299424,60.299424,3587156
2024-04-18,60.299424,60.435478,60.235332,60.371309,60.371309,11007805
2024-04-19,60.371309,61.610495,60.294579,61.532289,61.532289,8564446
2024-04-22,61.532289,61.570030,58.472705,58.508591,58.508591,4315642
2024-04-23,58.508591,59.929910,58.430501,59.850029,59.850029,6056592
2024-04-24,59.850029,60.587988,59.792947,60.530257,60.530257,5686812
2024-04-25,60.530257,60.625052,59.046642,59.139258,59.139258,6318756
2024-04-26,59.139258,59.273331,59.069424,59.203421,59.203421,7312630
2024-04-29,59.203421,59.307913,59.052245,59.156656,59.156656,4512871
2024-04-30,59.156656,59.338255,58.037377,58.216089,58.216089,3551760
2024-05-01,58.216089,60.016268,58.152191,59.950466,59.950466,7725904
2024-05-02,59.950466,60.136307,59.943167,60.128987,60.128987,3354301
2024-05-03,60.128987,60.603465,59.769842,60.243636,60.243636,12430241
2024-05-06,60.243636,60.437709,58.596419,58.785796,58.785796,11560766
2024-05-07,58.785796,58.956424,58.324588,58.494370,58.494370,4404033
2024-05-08,58.494370,58.570686,58.069271,58.145131,58.145131,4790134
2024-05-09,58.145131,58.371851,57.846838,58.073279,58.073279,2874544
2024-05-10,58.073279,59.219296,58.055898,59.201577,59.201577,5534565
2024-05-13,59.201577,59.513355,57.549903,57.854586,57.854586,2854616
2024-05-14,57.854586,58.278949,57.740163,58.163914,58.163914,7604965
2024-05-15,58.163914,59.194561,56.319187,57.335148,57.335148,3644722
2024-05-16,57.335148,57.544264,57.312067,57.521108,57.521108,5230844
2024-05-17,57.521108,57.539678,55.344898,55.362771,55.362771,3948295
2024-05-20,55.362771,55.725206,55.121070,55.482980,55.482980,6035154
2024-05-21,55.482980,55.659732,55.347861,55.524511,55.524511,11563339
2024-05-22,55.524511,56.060973,55.361573,55.896941,55.896941,4552843
2024-05-23,55.896941,56.173198,54.864962,55.137466,55.137466,5679237
2024-05-24,55.137466,55.175167,54.789013,54.826501,54.826501,5738632
2024-05-27,54.826501,55.061806,54.072865,54.305936,54.305936,7488264
2024-05-28,54.305936,54.860074,54.104273,54.657107,54.657107,7890518
2024-05-29,54.657107,55.171390,52.908682,53.411241,53.411241,6180349
2024-05-30,53.411241,54.852357,53.108185,54.542879,54.542879,3845387
2024-05-31,54.542879,54.764612,53.951871,54.172096,54.172096,4965940
2024-06-03,54.172096,54.627046,53.045125,53.494383,53.494383,5395582
2024-06-04,53.494383,54.283491,53.461622,54.250267,54.250267,12254174
2024-06-05,54.250267,54.440368,52.340573,52.524628,52.524628,6804767
2024-06-06,52.524628,52.636129,51.130701,51.239474,51.239474,2488914
2024-06-07,51.239474,51.442860,50.460059,50.661150,50.661150,7563087
2024-06-10,50.661150,52.384248,50.413265,52.129180,52.129180,10362408
2024-06-11,52.129180,53.116313,51.928046,52.912158,52.912158,10949807
2024-06-12,52.912158,52.998967,50.817530,50.901040,50.901040,5180579
2024-06-13,50.901040,51.443906,50.884156,51.426848,51.426848,11483277
2024-06-14,51.426848,51.429223,51.122849,51.125210,51.125210,4196010
2024-06-17,51.125210,54.398920,51.088792,54.360197,54.360197,5631861
2024-06-18,54.360197,54.767912,54.359109,54.766817,54.766817,6717585
2024-06-19,54.766817,55.118457,54.078339,54.427803,54.427803,8341708
2024-06-20,54.427803,55.299045,54.194269,55.062787,55.062787,4731353
2024-06-21,55.062787,55.229227,54.235121,54.399556,54.399556,6630021
2024-06-24,54.399556,54.677645,53.794418,54.070827,54.070827,6124726
2024-06-25,54.070827,54.940850,53.781127,54.648057,54.648057,5645757
2024-06-26,54.648057,55.115371,54.398423,54.864747,54.864747,5268244
2024-06-27,54.864747,55.770316,54.852216,55.757582,55.757582,3523725
2024-06-28,55.757582,58.356109,55.685605,58.280875,58.280875,7180361
2024-07-01,58.280875,58.431912,58.103766,58.254735,58.254735,5923119
2024-07-02,58.254735,58.513448,57.607005,57.863982,57.863982,7877153
2024-07-03,57.863982,60.899824,57.627778,60.652238,60.652238,4498960
2024-07-04,60.652238,60.760163,60.612746,60.720627,60.720627,6059579
2024-07-05,60.720627,60.730745,59.366678,59.376572,59.376572,4312309
2024-07-08,59.376572,60.133083,59.352642,60.108857,60.108857,5856489
2024-07-09,60.108857,61.194771,60.023844,61.108344,61.108344,5468067
2024-07-10,61.108344,62.668247,60.803214,62.356883,62.356883,7281149
2024-07-11,62.356883,63.221083,61.898569,62.759808,62.759808,11176525
2024-07-12,62.759808,62.857809,62.645885,62.743861,62.743861,7769871
2024-07-15,62.743861,64.786047,62.523232,64.559035,64.559035,7369197
2024-07-16,64.559035,64.592781,63.904615,63.938036,63.938036,3421816
2024-07-17,63.938036,64.454243,63.914392,64.430417,64.430417,5546238
2024-07-18,64.430417,65.091738,64.128409,64.788054,64.788054,10333703
2024-07-19,64.788054,64.881678,63.846062,63.938459,63.938459,9564238
2024-07-22,63.938459,64.006684,63.107308,63.174718,63.174718,3199314
2024-07-23,63.174718,63.220920,63.035103,63.081237,63.081237,5596882
2024-07-24,63.081237,64.924543,63.040931,64.883086,64.883086,5794852
2024-07-25,64.883086,65.342567,64.716594,65.175325,65.175325,6442231
2024-07-26,65.175325,65.304323,63.949444,64.076267,64.076267,6623813
2024-07-29,64.076267,65.163093,63.844690,64.928436,64.928436,4070622
2024-07-30,64.928436,64.952732,64.762112,64.786355,64.786355,3964453
2024-07-31,64.786355,65.159261,62.741042,63.104266,63.104266,5357604
2024-08-01,63.104266,64.347307,62.839751,64.078707,64.078707,5557404
2024-08-02,64.078707,64.117472,63.983418,64.022148,64.022148,10039370
2024-08-05,64.022148,64.430008,63.953563,64.361060,64.361060,5278549
2024-08-06,64.361060,64.748537,64.232491,64.619452,64.619452,5935424
2024-08-07,64.619452,65.690750,64.396366,65.464746,65.464746,5255899
2024-08-08,65.464746,66.178026,65.389397,66.101944,66.101944,6813692
2024-08-09,66.101944,68.797840,65.503784,68.180867,68.180867,9287576
2024-08-12,68.180867,68.704130,67.643852,68.167009,68.167009,13141152
2024-08-13,68.167009,68.208063,67.335262,67.375840,67.375840,3955419
2024-08-14,67.375840,68.267467,67.012693,67.901488,67.901488,7408419
2024-08-15,67.901488,69.879157,67.864252,69.840858,69.840858,3760965
2024-08-16,69.840858,69.888979,68.692073,68.739436,68.739436,5186051
2024-08-19,68.739436,69.026288,66.708044,66.987586,66.987586,8362977
2024-08-20,66.987586,68.434226,66.904560,68.349512,68.349512,7016319
2024-08-21,68.349512,68.552274,67.082904,67.282501,67.282501,5134969
2024-08-22,67.282501,68.450561,66.982023,68.146225,68.146225,7154672
2024-08-23,68.146225,68.781776,67.998798,68.633295,68.633295,4962139
2024-08-26,68.633295,68.860676,67.650288,67.875157,67.875157,4743535
2024-08-27,67.875157,67.960406,66.792894,66.876890,66.876890,4234885
2024-08-28,66.876890,67.077112,65.571032,65.767934,65.767934,6068483
2024-08-29,65.767934,66.114329,65.361659,65.707737,65.707737,8159712
2024-08-30,65.707737,65.821408,64.796478,64.908767,64.908767,4638374
2024-09-02,64.908767,66.424856,64.679899,66.191465,66.191465,7560984
2024-09-03,66.191465,67.474988,66.175441,67.458657,67.458657,5070611
2024-09-04,67.458657,68.026384,66.587344,67.152495,67.152495,4907341
2024-09-05,67.152495,67.327646,66.094573,66.267415,66.267415,6628762
2024-09-06,66.267415,66.871268,65.802727,66.405610,66.405610,8395640
2024-09-09,66.405610,66.946477,66.177287,66.717084,66.717084,4916990
2024-09-10,66.717084,67.068667,65.287704,65.633578,65.633578,6229909
2024-09-11,65.633578,67.411362,65.429972,67.202888,67.202888,6039010
2024-09-12,67.202888,67.711345,66.470557,66.977307,66.977307,5560082
2024-09-13,66.977307,67.058402,66.481293,66.561885,66.561885,10848506
2024-09-16,66.561885,67.589479,66.297965,67.322543,67.322543,4368241
2024-09-17,67.322543,67.495606,66.556287,66.727821,66.727821,5777790
2024-09-18,66.727821,67.847837,66.063524,67.179048,67.179048,7242439
2024-09-19,67.179048,68.065279,66.972464,67.856612,67.856612,6834280
2024-09-20,67.856612,69.553280,67.326660,69.014288,69.014288,5014199
2024-09-23,69.014288,69.019568,68.073824,68.079033,68.079033,3667179
2024-09-24,68.079033,68.142774,67.616878,67.680245,67.680245,7435578
2024-09-25,67.680245,68.056501,67.529801,67.905556,67.905556,4310607
2024-09-26,67.905556,69.133442,67.791906,69.017930,69.017930,11234579
2024-09-27,69.017930,69.528939,68.338274,68.848025,68.848025,4568217
2024-09-30,68.848025,68.898541,67.967895,68.017802,68.017802,5574789
2024-10-01,68.017802,69.266287,67.678309,68.922280,68.922280,3696785
2024-10-02,68.922280,69.223256,68.149064,68.447969,68.447969,7249655
2024-10-03,68.447969,68.938002,67.783921,68.272699,68.272699,5414885
2024-10-04,68.272699,68.413712,66.144465,66.281364,66.281364,3817200
2024-10-07,66.281364,66.386104,65.590474,65.694286,65.694286,7238671
2024-10-08,65.694286,68.501887,65.521420,68.322107,68.322107,6466344
2024-10-09,68.322107,68.328935,67.729266,67.736035,67.736035,9190740
2024-10-10,67.736035,68.208561,67.150092,67.621820,67.621820,7603532
2024-10-11,67.621820,68.100349,67.005498,67.483044,67.483044,4926502
2024-10-14,67.483044,68.152334,66.909658,67.578139,67.578139,3776476
2024-10-15,67.578139,67.982016,67.541716,67.945395,67.945395,5418440
2024-10-16,67.945395,68.576436,67.831308,68.461483,68.461483,4964537
2024-10-17,68.461483,68.628152,68.091529,68.257703,68.257703,7457960
2024-10-18,68.257703,69.240127,67.891656,68.870792,68.870792,4822905
2024-10-21,68.870792,69.427882,68.715959,69.272147,69.272147,4890485
2024-10-22,69.272147,70.818838,69.184589,70.729438,70.729438,5292123
2024-10-23,70.729438,70.861002,70.000301,70.130751,70.130751,8154008
2024-10-24,70.130751,72.407452,69.509430,71.771594,71.771594,6409004
2024-10-25,71.771594,72.133540,71.590403,71.951894,71.951894,6348013
2024-10-28,71.951894,73.712599,71.894150,73.653490,73.653490,6320150
2024-10-29,73.653490,74.055399,72.112050,72.507707,72.507707,6571364
2024-10-30,72.507707,73.714949,72.141561,73.344577,73.344577,3500025
2024-10-31,73.344577,74.192938,73.258402,74.105868,74.105868,4356010
2024-11-01,74.105868,74.248979,73.361484,73.503432,73.503432,9409648
2024-11-04,73.503432,74.083695,72.263314,72.838327,72.838327,6862509
2024-11-05,72.838327,73.017377,71.587122,71.763530,71.763530,9243979
2024-11-06,71.763530,72.539554,71.542676,72.316998,72.316998,7193800
2024-11-07,72.316998,72.554484,72.295364,72.532785,72.532785,9171312
2024-11-08,72.532785,73.472904,72.360850,73.299152,73.299152,4469664
2024-11-11,73.299152,73.340035,72.791741,72.832363,72.832363,5609128
2024-11-12,72.832363,76.354608,72.543238,76.052698,76.052698,4294125
2024-11-13,76.052698,76.751746,75.769601,76.467106,76.467106,4479197
2024-11-14,76.467106,77.022920,76.425066,76.980597,76.980597,6529228
2024-11-15,76.980597,78.604754,76.719594,78.339145,78.339145,2569068
2024-11-18,78.339145,78.605806,77.290665,77.554657,77.554657,8150757
2024-11-19,77.554657,78.156728,76.332497,76.929717,76.929717,6505600
2024-11-20,76.929717,78.098699,76.487661,77.652491,77.652491,6949284
2024-11-21,77.652491,78.015261,77.429695,77.792065,77.792065,7364928
2024-11-22,77.792065,77.908999,70.676861,70.783260,70.783260,5170768
2024-11-25,70.783260,71.687836,70.581957,71.484539,71.484539,4630326
2024-11-26,71.484539,71.883511,68.908978,69.295734,69.295734,8345371
2024-11-27,69.295734,69.344710,66.034530,66.081234,66.081234,7106665
2024-11-28,66.081234,66.313374,65.657816,65.889282,65.889282,5928233
2024-11-29,65.889282,66.081610,64.125259,64.312985,64.312985,8062382
2024-12-02,64.312985,64.645227,64.220441,64.552338,64.552338,7849750
2024-12-03,64.552338,64.693213,63.322516,63.461009,63.461009,5806501
2024-12-04,63.461009,63.751567,63.339600,63.629835,63.629835,8759860
2024-12-05,63.629835,63.799245,62.349064,62.515508,62.515508,5027319
2024-12-06,62.515508,62.613020,61.427920,61.523885,61.523885,3179283
2024-12-09,61.523885,61.789144,60.189959,60.450591,60.450591,8901395
2024-12-10,60.450591,60.783534,58.133659,58.455614,58.455614,10088422
2024-12-11,58.455614,58.460829,56.717040,56.722101,56.722101,3563435
2024-12-12,56.722101,57.145661,55.624261,56.042747,56.042747,6224924
2024-12-13,56.042747,56.091767,55.235664,55.284020,55.284020,7146279
2024-12-16,55.284020,55.717013,55.070976,55.503125,55.503125,5523509
2024-12-17,55.503125,55.919231,55.308734,55.724066,55.724066,8367064
2024-12-18,55.724066,55.756770,54.665972,54.698074,54.698074,8041943
2024-12-19,54.698074,55.414449,54.507315,55.221863,55.221863,5137926
2024-12-20,55.221863,55.472962,54.386210,54.634639,54.634639,4311284
2024-12-23,54.634639,59.611522,54.409174,59.366530,59.366530,8643136
2024-12-24,59.366530,60.393413,59.271234,60.296624,60.296624,6835748
2024-12-25,60.296624,61.447332,60.179059,61.327756,61.327756,6416221
2024-12-26,61.327756,61.442856,60.268497,60.381821,60.381821,7712317
2024-12-27,60.381821,60.571960,59.668142,59.856627,59.856627,5879413
2024-12-30,59.856627,60.002081,59.325235,59.469749,59.469749,6993569
2024-12-31,59.469749,59.842593,59.310954,59.683229,59.683229,4114834
