date,open,high,low,close,adjusted_close,volume
2007-01-01,110.000000,110.232341,108.325965,108.555254,108.555254,5274125
2007-01-02,108.555254,110.913343,108.312199,110.665564,110.665564,6970432
2007-01-03,110.665564,110.918000,110.516916,110.769213,110.769213,5356823
2007-01-04,110.769213,111.779634,110.505815,111.514463,111.514463,5881996
2007-01-05,111.514463,112.393461,109.938308,110.811767,110.811767,7760604
2007-01-08,110.811767,112.681309,110.468704,112.333535,112.333535,12965095
2007-01-09,112.333535,113.194879,109.736694,110.584628,110.584628,7308727
2007-01-10,110.584628,112.365116,110.040596,111.815031,111.815031,5125418
2007-01-11,111.815031,114.154579,111.768285,114.106874,114.106874,5947807
2007-01-12,114.106874,114.853398,113.392618,114.138941,114.138941,2271084
2007-01-15,114.138941,115.284753,113.834896,114.978472,114.978472,4361966
2007-01-16,114.978472,115.586598,113.100270,113.701644,113.701644,9793670
2007-01-17,113.701644,115.170794,113.430778,114.897081,114.897081,5081982
2007-01-18,114.897081,116.889945,114.755406,116.745990,116.745990,5115907
2007-01-19,116.745990,117.058532,113.305319,113.609464,113.609464,9461897
2007-01-22,113.609464,114.147612,107.702961,108.215559,108.215559,5111535
2007-01-23,108.215559,108.925599,106.256299,106.958088,106.958088,5733823
2007-01-24,106.958088,108.992292,106.942565,108.976476,108.976476,7591978
2007-01-25,108.976476,110.017547,108.144681,109.184167,109.184167,3004250
2007-01-26,109.184167,110.455484,108.967981,110.237212,110.237212,5390258
2007-01-29,110.237212,111.063778,109.908090,110.733174,110.733174,5552496
2007-01-30,110.733174,110.829265,109.811263,109.906637,109.906637,5671401
2007-01-31,109.906637,112.391381,109.634760,112.114043,112.114043,5870914
2007-02-01,112.114043,112.295776,107.768456,107.943428,107.943428,4770325
2007-02-02,107.943428,109.023370,106.335987,107.410597,107.410597,6516152
2007-02-05,107.410597,107.490189,105.517271,105.595518,105.595518,4706980
2007-02-06,105.595518,105.931274,103.921277,104.252764,104.252764,5456031
2007-02-07,104.252764,104.548452,103.776784,104.071959,104.071959,6970079
2007-02-08,104.071959,104.889789,103.351296,104.168457,104.168457,5050019
2007-02-09,104.168457,107.313310,104.057633,107.199262,107.199262,10374314
2007-02-12,107.199262,107.311201,107.107554,107.219476,107.219476,8567960
2007-02-13,107.219476,107.314608,106.709358,106.804121,106.804121,8156338
2007-02-14,106.804121,108.032335,105.954989,107.180213,107.180213,5117600
2007-02-15,107.180213,108.027744,106.906278,107.752347,107.752347,8759427
2007-02-16,107.752347,109.889154,107.396289,109.527231,109.527231,8830015
2007-02-19,109.527231,114.531058,109.315944,114.310543,114.310543,7827701
2007-02-20,114.310543,118.709148,114.285652,118.683305,118.683305,6373932
2007-02-21,118.683305,119.363876,117.276362,117.952743,117.952743,7101037
2007-02-22,117.952743,118.112000,115.783965,115.940506,115.940506,6720387
2007-02-23,115.940506,115.949193,113.751205,113.759728,113.759728,5370231
2007-02-26,113.759728,114.690817,111.128602,112.045661,112.045661,6265824
2007-02-27,112.045661,112.119349,111.592664,111.666102,111.666102,5464634
2007-02-28,111.666102,114.060503,111.050422,113.435070,113.435070,4359743
2007-03-01,113.435070,114.544349,113.096727,114.203714,114.203714,2881943
2007-03-02,114.203714,114.275726,114.000507,114.072437,114.072437,5870037
2007-03-05,114.072437,114.318508,113.442890,113.688132,113.688132,5447789
2007-03-06,113.688132,113.742073,111.712968,111.765997,111.765997,5119610
2007-03-07,111.765997,111.967814,110.068513,110.267626,110.267626,5398608
2007-03-08,110.267626,110.571139,108.396661,108.695848,108.695848,5877700
2007-03-09,108.695848,108.939212,102.348974,102.578641,102.578641,3392782
2007-03-12,102.578641,103.230637,102.026418,102.677879,102.677879,5922775
2007-03-13,102.677879,103.360661,101.643450,102.323877,102.323877,8506790
2007-03-14,102.323877,102.535053,101.058630,101.267625,101.267625,4216434
2007-03-15,101.267625,101.403916,99.797380,99.931872,99.931872,7803551
2007-03-16,99.931872,101.888141,99.915513,101.871464,101.871464,10877269
2007-03-19,101.871464,103.274934,101.814403,103.217119,103.217119,4897254
2007-03-20,103.217119,103.505662,101.646152,101.931101,101.931101,7202804
2007-03-21,101.931101,103.452792,101.912609,103.434027,103.434027,9065815
2007-03-22,103.434027,104.340696,103.058769,103.963517,103.963517,11111752
2007-03-23,103.963517,104.136347,102.266647,102.436940,102.436940,8048667
2007-03-26,102.436940,103.332438,101.851774,102.745510,102.745510,4697826
2007-03-27,102.745510,106.722262,102.168050,106.125804,106.125804,7541727
2007-03-28,106.125804,107.696373,105.817579,107.384492,107.384492,7951844
2007-03-29,107.384492,108.806435,106.946699,108.364646,108.364646,5199077
2007-03-30,108.364646,111.649108,108.110888,111.388269,111.388269,6065968
2007-04-02,111.388269,111.799381,110.723457,111.133630,111.133630,11124351
2007-04-03,111.133630,112.145135,111.102885,112.114119,112.114119,4507251
2007-04-04,112.114119,112.465115,110.428483,110.775288,110.775288,5983149
2007-04-05,110.775288,111.119456,109.837486,110.179804,110.179804,3995770
2007-04-06,110.179804,110.334001,110.179296,110.333493,110.333493,8338717
2007-04-09,110.333493,112.755415,110.160692,112.579097,112.579097,5414416
2007-04-10,112.579097,116.246640,112.374549,116.035811,116.035811,5226000
2007-04-11,116.035811,117.815576,115.416506,117.190110,117.190110,3710647
2007-04-12,117.190110,117.364582,113.526541,113.695811,113.695811,7097910
2007-04-13,113.695811,115.567747,113.057220,114.922267,114.922267,8185502
2007-04-16,114.922267,115.463203,114.183373,114.723373,114.723373,6119376
2007-04-17,114.723373,114.900176,111.091860,111.263330,111.263330,2849313
2007-04-18,111.263330,111.999119,111.200402,111.935812,111.935812,5806762
2007-04-19,111.935812,114.993443,111.914517,114.971571,114.971571,4072180
2007-04-20,114.971571,116.337326,114.644707,116.007517,116.007517,7454206
2007-04-23,116.007517,117.334111,115.555760,116.878960,116.878960,6027243
2007-04-24,116.878960,117.179266,115.591600,115.889362,115.889362,9588320
2007-04-25,115.889362,116.345817,113.754124,114.203940,114.203940,6642386
2007-04-26,114.203940,114.615428,113.879934,114.291175,114.291175,3836363
2007-04-27,114.291175,114.479613,113.326879,113.514035,113.514035,5482595
2007-04-30,113.514035,113.562651,112.906554,112.954931,112.954931,4525614
2007-05-01,112.954931,115.516458,112.469597,115.022241,115.022241,6327518
2007-05-02,115.022241,119.920602,114.559626,119.440218,119.440218,5939702
2007-05-03,119.440218,119.737011,117.148420,117.440243,117.440243,4614875
2007-05-04,117.440243,119.166500,117.069777,118.791771,118.791771,4776982
2007-05-07,118.791771,118.840824,117.756144,117.804789,117.804789,11934646
2007-05-08,117.804789,119.203203,117.526755,118.922531,118.922531,7286548
2007-05-09,118.922531,119.018730,116.766186,116.860717,116.860717,5768671
2007-05-10,116.860717,120.438542,116.176060,119.737033,119.737033,7515965
2007-05-11,119.737033,122.573141,119.388681,122.217572,122.217572,3453637
2007-05-14,122.217572,125.814878,122.117503,125.711948,125.711948,11894901
2007-05-15,125.711948,126.854798,125.235489,126.375823,126.375823,4674884
2007-05-16,126.375823,126.606116,125.608044,125.837356,125.837356,3242080
2007-05-17,125.837356,126.117899,124.283869,124.561568,124.561568,4924159
2007-05-18,124.561568,130.870687,124.341620,130.640006,130.640006,5513872
2007-05-21,130.640006,130.935258,130.294778,130.589918,130.589918,4900233
2007-05-22,130.589918,131.139668,130.561079,131.110715,131.110715,8484998
2007-05-23,131.110715,132.527816,131.076184,132.492921,132.492921,3113606
2007-05-24,132.492921,132.536327,131.619570,131.662704,131.662704,7288147
2007-05-25,131.662704,139.937348,131.593584,139.863923,139.863923,3869551
2007-05-28,139.863923,140.425889,139.740247,140.301826,140.301826,5309711
2007-05-29,140.301826,142.222759,138.850376,140.766502,140.766502,6924573
2007-05-30,140.766502,141.655101,139.559992,140.446571,140.446571,4400056
2007-05-31,140.446571,141.268579,139.492794,140.314026,140.314026,7210882
2007-06-01,140.314026,142.647966,140.008784,142.338320,142.338320,4107274
2007-06-04,142.338320,148.315513,141.895847,147.855888,147.855888,3915799
2007-06-05,147.855888,150.352629,147.796500,150.292263,150.292263,5999356
2007-06-06,150.292263,150.544063,148.983856,149.233884,149.233884,6526164
2007-06-07,149.233884,155.621743,149.075356,155.456605,155.456605,6003525
2007-06-08,155.456605,158.834975,155.078416,158.449505,158.449505,4961193
2007-06-11,158.449505,159.056912,157.614418,158.220949,158.220949,8331724
2007-06-12,158.220949,158.701966,153.276597,153.744003,153.744003,6231045
2007-06-13,153.744003,155.902127,153.380161,155.534049,155.534049,6748239
2007-06-14,155.534049,156.151444,154.221564,154.836189,154.836189,8434344
2007-06-15,154.836189,156.237403,154.188491,155.586566,155.586566,3858015
2007-06-18,155.586566,158.492121,154.985026,157.881708,157.881708,8382811
2007-06-19,157.881708,160.749771,157.605038,160.468567,160.468567,7569562
2007-06-20,160.468567,163.521350,159.974526,163.019455,163.019455,6010491
2007-06-21,163.019455,163.574500,154.246953,154.773923,154.773923,9161705
2007-06-22,154.773923,155.266621,153.932255,154.423839,154.423839,4941653
2007-06-25,154.423839,157.394505,153.898649,156.861026,156.861026,3576297
2007-06-26,156.861026,157.451074,153.463252,154.042698,154.042698,5696074
2007-06-27,154.042698,155.788836,153.594890,155.337264,155.337264,6165694
2007-06-28,155.337264,155.803444,151.350607,151.806190,151.806190,6690053
2007-06-29,151.806190,154.793158,151.474339,154.455516,154.455516,4391642
2007-07-02,154.455516,156.074048,153.791403,155.405849,155.405849,8296822
2007-07-03,155.405849,155.996310,152.889316,153.472431,153.472431,6544571
2007-07-04,153.472431,154.068807,153.038632,153.634549,153.634549,7621279
2007-07-05,153.634549,155.063670,153.055447,154.481375,154.481375,10760260
2007-07-06,154.481375,154.631456,153.124909,153.273817,153.273817,2142737
2007-07-09,153.273817,153.633814,149.607643,149.959856,149.959856,6000189
2007-07-10,149.959856,150.359886,147.245016,147.638854,147.638854,8553017
2007-07-11,147.638854,148.893208,146.714675,147.966975,147.966975,2916498
2007-07-12,147.966975,148.311351,146.729858,147.072152,147.072152,2638823
2007-07-13,147.072152,149.188433,146.908752,149.022866,149.022866,4095431
2007-07-16,149.022866,150.802186,148.396042,150.170535,150.170535,5316979
2007-07-17,150.170535,152.890359,150.043694,152.761330,152.761330,8006240
2007-07-18,152.761330,154.054904,151.945902,153.236937,153.236937,6819218
2007-07-19,153.236937,155.342906,152.177063,154.275846,154.275846,8189759
2007-07-20,154.275846,154.854317,153.041195,153.617196,153.617196,9797546
2007-07-23,153.617196,159.569648,153.344849,159.287249,159.287249,4223046
2007-07-24,159.287249,161.370630,158.814499,160.893114,160.893114,2909857
2007-07-25,160.893114,165.337692,160.031816,164.457315,164.457315,6419282
2007-07-26,164.457315,165.929494,163.761633,165.230542,165.230542,6520985
2007-07-27,165.230542,165.347744,163.032882,163.148608,163.148608,8025331
2007-07-30,163.148608,164.811709,162.560387,164.219626,164.219626,7323417
2007-07-31,164.219626,166.147787,163.990556,165.916350,165.916350,5002924
2007-08-01,165.916350,166.185162,162.323518,162.586936,162.586936,4193526
2007-08-02,162.586936,164.991441,162.500351,164.903622,164.903622,6831323
2007-08-03,164.903622,166.009975,164.118176,165.223007,165.223007,4776307
2007-08-06,165.223007,165.232799,158.953595,158.963016,158.963016,3656736
2007-08-07,158.963016,168.087294,158.334642,167.425468,167.425468,4085000
2007-08-08,167.425468,172.506827,166.856424,171.922498,171.922498,6798109
2007-08-09,171.922498,173.365443,171.622483,173.063437,173.063437,9397636
2007-08-10,173.063437,174.458179,171.576714,172.970708,172.970708,11194051
2007-08-13,172.970708,173.763980,166.224073,166.989916,166.989916,4985335
2007-08-14,166.989916,167.596999,162.880877,163.475182,163.475182,8090403
2007-08-15,163.475182,163.617956,163.090019,163.232581,163.232581,8787797
2007-08-16,163.232581,164.129353,157.914461,158.786808,158.786808,9735541
2007-08-17,158.786808,159.920653,158.419230,159.551305,159.551305,3535902
2007-08-20,159.551305,160.942094,153.395098,154.743982,154.743982,5625313
2007-08-21,154.743982,154.908914,153.120642,153.284018,153.284018,7129505
2007-08-22,153.284018,153.744531,151.669911,152.126948,152.126948,9718241
2007-08-23,152.126948,157.063194,151.098839,156.008850,156.008850,4347014
2007-08-24,156.008850,156.379001,155.776989,156.146936,156.146936,4405399
2007-08-27,156.146936,156.722894,152.987504,153.553898,153.553898,6738628
2007-08-28,153.553898,158.467751,153.033336,157.932345,157.932345,3964027
2007-08-29,157.932345,158.511213,151.864944,152.423621,152.423621,10091538
2007-08-30,152.423621,156.059349,151.974652,155.601021,155.601021,7648543
2007-08-31,155.601021,155.685277,153.536493,153.619676,153.619676,4280819
2007-09-03,153.619676,155.454741,151.967638,153.800755,153.800755,8977347
2007-09-04,153.800755,155.018010,153.305799,154.520736,154.520736,5240898
2007-09-05,154.520736,155.640375,153.884354,155.002012,155.002012,7350245
2007-09-06,155.002012,157.450363,154.942647,157.390083,157.390083,3843710
2007-09-07,157.390083,158.648383,156.909133,158.165065,158.165065,4089047
2007-09-10,158.165065,160.491619,157.247392,159.565819,159.565819,6784776
2007-09-11,159.565819,159.690344,158.023212,158.146629,158.146629,22164694
2007-09-12,158.146629,158.544003,150.663509,151.043034,151.043034,4473445
2007-09-13,151.043034,151.306854,150.802384,151.066166,151.066166,10426981
2007-09-14,151.066166,155.835217,151.033612,155.801643,155.801643,6789139
2007-09-17,155.801643,157.336148,155.707821,157.241459,157.241459,4236888
2007-09-18,157.241459,157.729229,155.243905,155.726977,155.726977,7189977
2007-09-19,155.726977,159.276948,154.782981,158.317250,158.317250,5244717
2007-09-20,158.317250,164.127357,157.129669,162.905360,162.905360,4384921
2007-09-21,162.905360,163.255477,162.343932,162.693595,162.693595,3404203
2007-09-24,162.693595,163.421658,160.982066,161.705708,161.705708,3105951
2007-09-25,161.705708,161.736985,160.774844,160.805947,160.805947,10622328
2007-09-26,160.805947,163.513445,160.726546,163.432747,163.432747,5036835
2007-09-27,163.432747,171.849796,161.973418,170.328889,170.328889,5409217
2007-09-28,170.328889,171.810898,169.542504,171.021317,171.021317,5055586
2007-10-01,171.021317,174.728876,170.900004,174.605022,174.605022,7422998
2007-10-02,174.605022,175.129857,173.176153,173.698263,173.698263,5915275
2007-10-03,173.698263,173.906408,168.466409,168.668527,168.668527,15560853
2007-10-04,168.668527,171.621981,168.036404,170.981191,170.981191,5484556
2007-10-05,170.981191,171.886513,169.113275,170.013473,170.013473,7916770
2007-10-08,170.013473,174.193073,169.298685,173.463779,173.463779,8880622
2007-10-09,173.463779,189.456676,172.202549,188.089107,188.089107,3700995
2007-10-10,188.089107,195.553524,187.165538,194.597994,194.597994,7598072
2007-10-11,194.597994,194.813901,187.362799,187.570909,187.570909,7000111
2007-10-12,187.570909,188.157266,180.655222,181.221732,181.221732,15014977
2007-10-15,181.221732,181.472071,179.833374,180.082138,180.082138,6395320
2007-10-16,180.082138,180.194631,179.006671,179.118562,179.118562,8947797
2007-10-17,179.118562,179.791490,178.471831,179.144664,179.144664,5705569
2007-10-18,179.144664,180.496963,176.150096,177.489903,177.489903,7924308
2007-10-19,177.489903,180.687650,177.058783,180.249826,180.249826,4293052
2007-10-22,180.249826,180.765168,175.774062,176.278048,176.278048,6332825
2007-10-23,176.278048,176.504698,172.820431,173.042921,173.042921,3018182
2007-10-24,173.042921,178.714712,172.800811,178.465015,178.465015,3292650
2007-10-25,178.465015,179.456350,172.910298,173.876142,173.876142,6784799
2007-10-26,173.876142,174.114892,159.619463,159.838938,159.838938,7203993
2007-10-29,159.838938,160.085874,153.820820,154.058827,154.058827,4611970
2007-10-30,154.058827,155.776199,152.900068,154.613270,154.613270,12219417
2007-10-31,154.613270,155.376182,154.195398,154.957379,154.957379,4728574
2007-11-01,154.957379,159.484627,154.200184,158.709098,158.709098,4831280
2007-11-02,158.709098,160.169732,158.644793,160.104862,160.104862,2489730
2007-11-05,160.104862,162.374359,159.765932,162.031350,162.031350,2850063
2007-11-06,162.031350,163.508543,156.733897,158.175941,158.175941,6354758
2007-11-07,158.175941,158.216390,155.169419,155.209109,155.209109,10855626
2007-11-08,155.209109,177.957130,155.133874,177.870909,177.870909,6231511
2007-11-09,177.870909,178.147357,170.806742,171.072623,171.072623,9128442
2007-11-12,171.072623,171.137618,160.344891,160.405833,160.405833,6067467
2007-11-13,160.405833,161.727691,147.286047,148.509874,148.509874,7647096
2007-11-14,148.509874,152.119746,148.171876,151.774318,151.774318,4846351
2007-11-15,151.774318,152.225521,148.124086,148.565750,148.565750,5189326
2007-11-16,148.565750,149.061825,143.969230,144.451568,144.451568,5325639
2007-11-19,144.451568,145.166913,142.114097,142.821370,142.821370,10801590
2007-11-20,142.821370,143.142190,135.637570,135.942939,135.942939,9876657
2007-11-21,135.942939,139.917693,135.254956,139.213160,139.213160,4209643
2007-11-22,139.213160,143.797871,138.648636,143.217111,143.217111,6910300
2007-11-23,143.217111,144.945884,142.166865,143.890698,143.890698,7423385
2007-11-26,143.890698,155.341671,143.465386,154.883865,154.883865,3750179
2007-11-27,154.883865,157.767975,154.752957,157.634741,157.634741,3590751
2007-11-28,157.634741,158.933841,151.922917,153.185348,153.185348,4320598
2007-11-29,153.185348,154.783190,152.692694,154.286993,154.286993,4515064
2007-11-30,154.286993,156.518601,153.965139,156.192771,156.192771,3395284
2007-12-03,156.192771,156.444417,147.284498,147.522174,147.522174,3835344
2007-12-04,147.522174,148.029280,145.733174,146.235858,146.235858,8627972
2007-12-05,146.235858,158.135372,145.535229,157.381344,157.381344,5650312
2007-12-06,157.381344,157.667195,155.052424,155.334557,155.334557,5812665
2007-12-07,155.334557,156.076689,153.951718,154.690773,154.690773,4936478
2007-12-10,154.690773,154.989772,151.387934,151.681115,151.681115,4618884
2007-12-11,151.681115,157.261721,151.390236,156.960716,156.960716,4437863
2007-12-12,156.960716,157.722304,155.955133,156.715530,156.715530,3682301
2007-12-13,156.715530,157.515477,155.401425,156.198734,156.198734,5682847
2007-12-14,156.198734,156.695107,149.211448,149.687128,149.687128,6806807
2007-12-17,149.687128,150.431862,145.552059,146.279841,146.279841,10443074
2007-12-18,146.279841,151.425908,146.058140,151.196755,151.196755,5155659
2007-12-19,151.196755,162.984054,150.798474,162.555851,162.555851,10026648
2007-12-20,162.555851,162.807950,147.111062,147.339563,147.339563,3779837
2007-12-21,147.339563,154.720795,146.248951,153.583961,153.583961,6617530
2007-12-24,153.583961,153.924670,142.627337,142.944444,142.944444,5826431
2007-12-25,142.944444,143.272593,137.574039,137.890586,137.890586,5993118
2007-12-26,137.890586,138.198798,137.566101,137.874276,137.874276,6160374
2007-12-27,137.874276,149.634373,137.467824,149.194549,149.194549,4433662
2007-12-28,149.194549,157.829856,148.817210,157.431683,157.431683,7491111
2007-12-31,157.431683,160.751421,157.239474,160.555398,160.555398,6290941
2008-01-01,160.555398,168.748054,159.408268,167.550941,167.550941,3439262
2008-01-02,167.550941,168.315736,166.753260,167.517905,167.517905,3349591
2008-01-03,167.517905,167.994621,158.228592,158.680158,158.680158,5841478
2008-01-04,158.680158,162.826154,158.626920,162.771544,162.771544,6691088
2008-01-07,162.771544,168.026865,162.432727,167.677836,167.677836,9219332
2008-01-08,167.677836,168.863277,161.378519,162.527549,162.527549,4007920
2008-01-09,162.527549,162.673206,159.917066,160.060512,160.060512,10325480
2008-01-10,160.060512,160.661047,156.024008,156.611603,156.611603,6828894
2008-01-11,156.611603,157.169133,150.082024,150.618218,150.618218,4725435
2008-01-14,150.618218,158.611123,149.951816,157.912448,157.912448,4902263
2008-01-15,157.912448,158.460995,149.359809,149.880455,149.880455,5817766
2008-01-16,149.880455,150.244927,146.002799,146.358706,146.358706,12854417
2008-01-17,146.358706,148.291877,146.090670,148.020796,148.020796,7289797
2008-01-18,148.020796,148.525042,144.504147,144.998096,144.998096,8779333
2008-01-21,144.998096,146.258772,134.862770,136.045610,136.045610,7220269
2008-01-22,136.045610,148.069140,134.756907,146.679705,146.679705,3097535
2008-01-23,146.679705,148.113980,142.477272,143.884212,143.884212,8372216
2008-01-24,143.884212,144.398401,137.366089,137.858745,137.858745,5436025
2008-01-25,137.858745,138.063694,137.186403,137.390656,137.390656,8239588
2008-01-28,137.390656,139.615539,137.324236,139.548076,139.548076,3898143
2008-01-29,139.548076,140.405662,131.999025,132.815235,132.815235,4894329
2008-01-30,132.815235,133.176779,131.198316,131.556433,131.556433,5706083
2008-01-31,131.556433,131.943878,126.031701,126.403971,126.403971,13734102
2008-02-01,126.403971,126.559857,117.242163,117.386929,117.386929,6445575
2008-02-04,117.386929,119.536777,117.272919,119.420791,119.420791,5113162
2008-02-05,119.420791,120.094149,116.308083,116.967609,116.967609,3369123
2008-02-06,116.967609,117.345019,114.760019,115.131506,115.131506,6468763
2008-02-07,115.131506,115.482280,106.543063,106.868663,106.868663,2990228
2008-02-08,106.868663,107.234605,106.841151,107.207005,107.207005,4405184
2008-02-11,107.207005,107.818921,105.864017,106.471736,106.471736,14592129
2008-02-12,106.471736,106.486781,102.998145,103.012702,103.012702,7349733
2008-02-13,103.012702,103.139226,102.950128,103.076614,103.076614,4623363
2008-02-14,103.076614,106.119884,102.884211,105.922169,105.922169,5834232
2008-02-15,105.922169,106.392822,98.556703,98.996584,98.996584,4013111
2008-02-18,98.996584,106.660820,98.799627,106.449035,106.449035,5412802
2008-02-19,106.449035,109.067767,106.166334,108.778878,108.778878,6493136
2008-02-20,108.778878,110.360392,108.459432,110.037250,110.037250,4010811
2008-02-21,110.037250,111.603516,109.817851,111.381437,111.381437,7018443
2008-02-22,111.381437,111.887905,105.844114,106.327602,106.327602,5766029
2008-02-25,106.327602,108.977622,106.008518,108.651564,108.651564,6222010
2008-02-26,108.651564,109.117904,103.694819,104.141802,104.141802,3258069
2008-02-27,104.141802,104.388059,91.846406,92.064103,92.064103,10011683
2008-02-28,92.064103,96.372183,92.047438,96.354741,96.354741,5902704
2008-02-29,96.354741,96.709092,89.693978,90.025051,90.025051,7411376
2008-03-03,90.025051,96.149636,89.544725,95.639355,95.639355,6765773
2008-03-04,95.639355,95.753674,90.662469,90.770969,90.770969,7248497
2008-03-05,90.770969,92.314632,90.593965,92.134969,92.134969,6307013
2008-03-06,92.134969,92.359763,86.986634,87.199387,87.199387,5000910
2008-03-07,87.199387,87.662547,77.972755,78.389120,78.389120,4358274
2008-03-10,78.389120,84.039541,78.088620,83.718611,83.718611,8078851
2008-03-11,83.718611,83.758964,83.501157,83.541425,83.541425,8705488
2008-03-12,83.541425,87.109851,83.431287,86.995159,86.995159,5012345
2008-03-13,86.995159,87.083836,81.806198,81.889670,81.889670,7169196
2008-03-14,81.889670,82.009886,81.834370,81.954541,81.954541,5059068
2008-03-17,81.954541,82.289368,78.970127,79.294084,79.294084,7876065
2008-03-18,79.294084,79.567783,79.154386,79.427849,79.427849,5058180
2008-03-19,79.427849,85.666838,79.252251,85.477865,85.477865,6637107
2008-03-20,85.477865,90.002981,85.298597,89.814618,89.814618,8219211
2008-03-21,89.814618,90.961634,89.400785,90.544438,90.544438,9285115
2008-03-24,90.544438,92.759112,90.303911,92.513355,92.513355,5515452
2008-03-25,92.513355,92.901598,85.565611,85.926210,85.926210,7090376
2008-03-26,85.926210,86.277340,84.105151,84.450250,84.450250,5182152
2008-03-27,84.450250,84.752430,82.268202,82.563631,82.563631,4028563
2008-03-28,82.563631,82.670552,82.517901,82.624788,82.624788,4304861
2008-03-31,82.624788,87.012580,82.567268,86.952047,86.952047,4026779
2008-04-01,86.952047,87.430554,83.349889,83.811111,83.811111,5486558
2008-04-02,83.811111,86.359394,83.659153,86.203099,86.203099,7305302
2008-04-03,86.203099,86.387036,85.304516,85.486925,85.486925,8599834
2008-04-04,85.486925,87.396380,84.908983,86.809496,86.809496,4691921
2008-04-07,86.809496,86.895951,83.589640,83.672972,83.672972,4810161
2008-04-08,83.672972,86.164631,82.940116,85.416505,85.416505,6128700
2008-04-09,85.416505,87.812053,85.039767,87.426450,87.426450,10150418
2008-04-10,87.426450,89.778685,87.328200,89.677904,89.677904,5922025
2008-04-11,89.677904,90.324961,89.401674,90.047592,90.047592,12405942
2008-04-14,90.047592,97.530859,89.333170,96.763157,96.763157,7409229
2008-04-15,96.763157,96.986480,89.824091,90.031879,90.031879,4142791
2008-04-16,90.031879,91.099581,90.016655,91.084180,91.084180,5387262
2008-04-17,91.084180,91.215671,89.139539,89.268410,89.268410,5028355
2008-04-18,89.268410,91.377086,88.922817,91.024694,91.024694,4903783
2008-04-21,91.024694,93.153504,90.701106,92.823521,92.823521,7429087
2008-04-22,92.823521,93.918498,89.946536,91.020240,91.020240,12769252
2008-04-23,91.020240,91.436398,89.702246,90.114261,90.114261,3082783
2008-04-24,90.114261,90.335724,83.669079,83.875209,83.875209,3229771
2008-04-25,83.875209,84.318581,76.437117,76.843318,76.843318,7963515
2008-04-28,76.843318,77.265737,74.170336,74.580316,74.580316,6729200
2008-04-29,74.580316,74.773033,73.440862,73.631127,73.631127,12938310
2008-04-30,73.631127,73.996289,68.495976,68.837363,68.837363,9636976
2008-05-01,68.837363,71.545598,68.360539,71.053424,71.053424,4224740
2008-05-02,71.053424,74.973363,70.883688,74.794690,74.794690,4673339
2008-05-05,74.794690,75.146718,67.842417,68.163234,68.163234,7218421
2008-05-06,68.163234,69.337633,68.108978,69.282486,69.282486,4324641
2008-05-07,69.282486,71.987768,69.205672,71.908043,71.908043,4156066
2008-05-08,71.908043,72.102763,71.676681,71.871301,71.871301,6702056
2008-05-09,71.871301,72.560506,71.379651,72.067513,72.067513,4402147
2008-05-12,72.067513,72.471860,69.841582,70.235651,70.235651,2893894
2008-05-13,70.235651,73.181124,69.928254,72.862231,72.862231,9036017
2008-05-14,72.862231,73.603427,72.407777,73.147195,73.147195,8109851
2008-05-15,73.147195,73.440715,68.127877,68.402357,68.402357,5601835
2008-05-16,68.402357,68.405504,66.319072,66.322124,66.322124,11734359
2008-05-19,66.322124,66.484846,65.504178,65.665288,65.665288,4997932
2008-05-20,65.665288,65.689592,64.171766,64.195526,64.195526,4456054
2008-05-21,64.195526,64.325002,61.162863,61.286472,61.286472,4678549
2008-05-22,61.286472,66.684786,61.233639,66.627349,66.627349,4332830
2008-05-23,66.627349,66.694050,64.742198,64.807076,64.807076,3680933
2008-05-26,64.807076,68.669475,64.207760,68.040260,68.040260,6048893
2008-05-27,68.040260,68.187864,65.129422,65.271019,65.271019,9275456
2008-05-28,65.271019,65.622233,65.188943,65.539820,65.539820,3672808
2008-05-29,65.539820,65.586819,62.850312,62.895415,62.895415,4631984
2008-05-30,62.895415,63.126623,59.905243,60.126272,60.126272,9460396
2008-06-02,60.126272,60.563170,59.505397,59.940949,59.940949,8227363
2008-06-03,59.940949,60.469541,59.916473,60.444860,60.444860,5710385
2008-06-04,60.444860,69.886840,60.261374,69.675335,69.675335,5599614
2008-06-05,69.675335,71.550861,69.280706,71.147892,71.147892,5501414
2008-06-06,71.147892,71.152748,67.395227,67.399827,67.399827,5222164
2008-06-09,67.399827,73.880603,67.036349,73.484311,73.484311,8080008
2008-06-10,73.484311,73.760850,73.398777,73.675093,73.675093,3334011
2008-06-11,73.675093,76.732315,73.498229,76.548553,76.548553,4694148
2008-06-12,76.548553,79.501409,76.290560,79.234364,79.234364,2970881
2008-06-13,79.234364,88.787548,78.905793,88.420883,88.420883,4936994
2008-06-16,88.420883,89.088943,86.022841,86.677731,86.677731,3032859
2008-06-17,86.677731,87.447116,78.184888,78.885103,78.885103,7362308
2008-06-18,78.885103,79.069693,77.143456,77.324393,77.324393,6175569
2008-06-19,77.324393,77.356799,73.253548,73.284261,73.284261,5942569
2008-06-20,73.284261,73.571158,73.160786,73.447409,73.447409,3719595
2008-06-23,73.447409,73.468724,71.106610,71.127252,71.127252,4353351
2008-06-24,71.127252,75.511635,70.994125,75.370566,75.370566,3379032
2008-06-25,75.370566,75.716824,73.383293,73.721977,73.721977,6964219
2008-06-26,73.721977,76.360546,73.387217,76.015373,76.015373,6781983
2008-06-27,76.015373,76.054446,74.931721,74.970257,74.970257,8073403
2008-06-30,74.970257,83.418662,74.896063,83.336189,83.336189,6198129
2008-07-01,83.336189,83.346320,82.471258,82.481286,82.481286,7272651
2008-07-02,82.481286,82.567153,78.608024,78.689943,78.689943,4626927
2008-07-03,78.689943,83.478746,78.160095,82.920413,82.920413,8547451
2008-07-04,82.920413,83.027920,82.592084,82.699305,82.699305,7631171
2008-07-07,82.699305,83.035873,79.520875,79.845830,79.845830,11183401
2008-07-08,79.845830,81.444042,79.830067,81.427967,81.427967,14912024
2008-07-09,81.427967,83.375688,81.372412,83.318843,83.318843,7069778
2008-07-10,83.318843,83.735858,80.350317,80.754497,80.754497,6558695
2008-07-11,80.754497,82.361105,80.341275,81.941808,81.941808,8124137
2008-07-14,81.941808,82.749907,81.587768,82.393915,82.393915,7205057
2008-07-15,82.393915,84.485916,82.050480,84.135224,84.135224,7857430
2008-07-16,84.135224,84.793408,79.107904,79.731640,79.731640,4148584
2008-07-17,79.731640,80.074957,79.304862,79.647818,79.647818,3719938
2008-07-18,79.647818,80.224299,76.410927,76.968011,76.968011,3669838
2008-07-21,76.968011,82.484970,76.723788,82.224069,82.224069,4115279
2008-07-22,82.224069,89.820228,81.694640,89.245588,89.245588,4839361
2008-07-23,89.245588,89.370971,82.015202,82.130589,82.130589,4235774
2008-07-24,82.130589,82.157669,80.945221,80.971920,80.971920,7237772
2008-07-25,80.971920,82.559339,80.612717,82.194711,82.194711,7964455
2008-07-28,82.194711,82.487501,79.990110,80.276065,80.276065,5274363
2008-07-29,80.276065,80.313050,71.843421,71.876536,71.876536,6547042
2008-07-30,71.876536,72.117661,70.046906,70.282684,70.282684,5078443
2008-07-31,70.282684,72.891991,70.151313,72.755997,72.755997,5702402
2008-08-01,72.755997,72.794150,70.254898,70.291758,70.291758,4962034
2008-08-04,70.291758,72.147996,69.963575,71.812712,71.812712,5064310
2008-08-05,71.812712,72.015315,68.735536,68.930006,68.930006,1558042
2008-08-06,68.930006,69.726892,68.496030,69.290645,69.290645,10286557
2008-08-07,69.290645,77.420422,69.201450,77.320890,77.320890,6527175
2008-08-08,77.320890,77.550794,76.137647,76.364709,76.364709,4744688
2008-08-11,76.364709,76.765383,75.982130,76.382714,76.382714,5010993
2008-08-12,76.382714,76.695170,71.285948,71.578753,71.578753,5344375
2008-08-13,71.578753,71.956607,70.883961,71.260133,71.260133,7128676
2008-08-14,71.260133,73.232874,70.975840,72.941871,72.941871,6656624
2008-08-15,72.941871,73.501401,72.884683,73.443819,73.443819,4635676
2008-08-18,73.443819,74.435141,73.088932,74.077193,74.077193,5146925
2008-08-19,74.077193,74.337563,72.860963,73.117961,73.117961,8571041
2008-08-20,73.117961,75.757881,72.862540,75.494160,75.494160,8534431
2008-08-21,75.494160,76.214942,75.416010,76.136128,76.136128,8589636
2008-08-22,76.136128,80.364352,75.879749,80.094643,80.094643,4715219
2008-08-25,80.094643,80.515897,72.052368,72.433327,72.433327,5892447
2008-08-26,72.433327,74.581395,71.768073,73.902646,73.902646,10422083
2008-08-27,73.902646,74.107374,71.259123,71.457076,71.457076,9867176
2008-08-28,71.457076,71.545061,66.184194,66.265787,66.265787,7198886
2008-08-29,66.265787,66.414700,65.503680,65.651212,65.651212,3915195
2008-09-01,65.651212,66.728152,65.566538,66.642201,66.642201,5669012
2008-09-02,66.642201,66.850733,65.294262,65.499219,65.499219,6629727
2008-09-03,65.499219,65.558706,64.377582,64.436104,64.436104,5436882
2008-09-04,64.436104,64.501456,62.689986,62.753632,62.753632,3626591
2008-09-05,62.753632,62.954605,62.302578,62.502747,62.502747,5377869
2008-09-08,62.502747,62.756008,56.706563,56.937273,56.937273,6045869
2008-09-09,56.937273,57.144093,55.970953,56.175005,56.175005,5917633
2008-09-10,56.175005,56.485793,54.421862,54.724626,54.724626,12082600
2008-09-11,54.724626,54.815225,54.487289,54.577645,54.577645,6853430
2008-09-12,54.577645,54.808852,52.950110,53.175377,53.175377,4149709
2008-09-15,53.175377,63.144026,52.921731,62.844259,62.844259,9561154
2008-09-16,62.844259,65.289316,62.515185,64.949219,64.949219,1943817
2008-09-17,64.949219,65.056555,61.110496,61.211654,61.211654,3994172
2008-09-18,61.211654,61.356059,60.089586,60.231679,60.231679,4861577
2008-09-19,60.231679,61.254585,60.132188,61.153572,61.153572,9134251
2008-09-22,61.153572,61.341432,59.191732,59.374125,59.374125,6731863
2008-09-23,59.374125,59.553778,57.894986,58.070695,58.070695,5350702
2008-09-24,58.070695,59.615320,57.993638,59.536318,59.536318,7255629
2008-09-25,59.536318,60.123500,59.435890,60.022252,60.022252,5325561
2008-09-26,60.022252,62.315818,59.721954,62.005597,62.005597,6167268
2008-09-29,62.005597,66.050068,61.841973,65.876231,65.876231,4320682
2008-09-30,65.876231,67.061972,65.781166,66.965336,66.965336,4185500
2008-10-01,66.965336,68.635400,66.768620,68.434369,68.434369,6649613
2008-10-02,68.434369,71.364619,68.198881,71.119890,71.119890,3868665
2008-10-03,71.119890,71.275960,67.524921,67.673428,67.673428,4989416
2008-10-06,67.673428,68.014166,62.665553,62.982673,62.982673,5047620
2008-10-07,62.982673,63.081187,61.091838,61.187544,61.187544,9203351
2008-10-08,61.187544,62.339874,61.080522,62.231028,62.231028,3318380
2008-10-09,62.231028,62.749304,58.758746,59.252214,59.252214,5060606
2008-10-10,59.252214,59.410309,58.876441,59.033954,59.033954,4801322
2008-10-13,59.033954,59.138618,58.423738,58.527504,58.527504,6609290
2008-10-14,58.527504,62.824547,58.063532,62.330427,62.330427,3100841
2008-10-15,62.330427,63.282489,62.198586,63.148916,63.148916,5631843
2008-10-16,63.148916,63.957103,62.942342,63.748567,63.748567,7837790
2008-10-17,63.748567,66.531590,63.589337,66.365822,66.365822,5017239
2008-10-20,66.365822,66.607246,65.973314,66.214187,66.214187,7406683
2008-10-21,66.214187,66.341886,62.762520,62.883796,62.883796,4957568
2008-10-22,62.883796,63.187043,60.833577,61.128359,61.128359,5065410
2008-10-23,61.128359,61.460211,58.886891,59.208319,59.208319,5521222
2008-10-24,59.208319,64.037985,58.744070,63.539773,63.539773,5643513
2008-10-27,63.539773,63.653289,58.820535,58.925808,58.925808,6338698
2008-10-28,58.925808,62.104877,58.889026,62.066135,62.066135,4319621
2008-10-29,62.066135,62.147822,61.952550,62.034194,62.034194,8355522
2008-10-30,62.034194,63.365319,61.936019,63.265195,63.265195,6025039
2008-10-31,63.265195,63.909367,61.766450,62.401830,62.401830,11351344
2008-11-03,62.401830,62.461900,60.802289,60.860875,60.860875,4665138
2008-11-04,60.860875,60.937352,59.099670,59.174027,59.174027,3965515
2008-11-05,59.174027,59.293065,58.528466,58.646443,58.646443,4438090
2008-11-06,58.646443,58.910588,57.654456,57.915308,57.915308,7644944
2008-11-07,57.915308,58.245020,54.245062,54.555648,54.555648,7068792
2008-11-10,54.555648,57.275997,54.100239,56.801839,56.801839,5438801
2008-11-11,56.801839,63.075168,56.604102,62.856355,62.856355,3905423
2008-11-12,62.856355,63.021757,61.456364,61.618508,61.618508,6231996
2008-11-13,61.618508,62.241551,61.237488,61.859043,61.859043,6785839
2008-11-14,61.859043,62.655246,61.473248,62.266907,62.266907,5349387
2008-11-17,62.266907,62.857086,62.040849,62.629711,62.629711,4195686
2008-11-18,62.629711,63.027957,60.662463,61.050668,61.050668,2891369
2008-11-19,61.050668,61.321473,60.915843,61.186348,61.186348,9158073
2008-11-20,61.186348,61.295220,57.702022,57.804877,57.804877,8867503
2008-11-21,57.804877,58.259772,56.009159,56.453419,56.453419,5845112
2008-11-24,56.453419,68.111627,56.369049,68.009985,68.009985,4436199
2008-11-25,68.009985,68.274515,66.996480,67.258086,67.258086,6203024
2008-11-26,67.258086,67.927737,67.123583,67.792166,67.792166,6521244
2008-11-27,67.792166,68.034437,66.999198,67.239493,67.239493,3166435
2008-11-28,67.239493,67.501735,57.004542,57.227736,57.227736,4272826
2008-12-01,57.227736,57.364716,54.827701,54.959251,54.959251,8265677
2008-12-02,54.959251,55.041727,53.035552,53.115261,53.115261,8480173
2008-12-03,53.115261,53.237731,52.986286,53.108741,53.108741,6026450
2008-12-04,53.108741,54.766866,52.953331,54.607071,54.607071,7204484
2008-12-05,54.607071,54.697926,50.786125,50.870764,50.870764,4023109
2008-12-08,50.870764,51.167494,47.520764,47.799579,47.799579,5800824
2008-12-09,47.799579,47.884991,46.214404,46.297131,46.297131,6290166
2008-12-10,46.297131,46.690540,46.279681,46.672949,46.672949,7792812
2008-12-11,46.672949,47.326117,46.524219,47.175784,47.175784,5284527
2008-12-12,47.175784,47.395660,45.619693,45.833313,45.833313,5530250
2008-12-15,45.833313,47.232938,45.741594,47.138607,47.138607,8512676
2008-12-16,47.138607,50.707990,46.969626,50.526863,50.526863,2537914
2008-12-17,50.526863,52.668637,50.196265,52.326265,52.326265,3150451
2008-12-18,52.326265,54.903237,52.297920,54.873513,54.873513,5842230
2008-12-19,54.873513,58.052032,54.844152,58.020988,58.020988,8521550
2008-12-22,58.020988,58.242129,57.933719,58.154659,58.154659,7805316
2008-12-23,58.154659,58.359556,56.780353,56.981115,56.981115,3675607
2008-12-24,56.981115,57.138836,55.459285,55.613220,55.613220,4964676
2008-12-25,55.613220,55.725187,52.772376,52.878838,52.878838,5863141
2008-12-26,52.878838,52.936175,49.678771,49.732696,49.732696,5178569
2008-12-29,49.732696,51.963959,49.445922,51.666036,51.666036,4509938
2008-12-30,51.666036,51.738223,50.320283,50.390688,50.390688,6907123
2008-12-31,50.390688,50.563922,49.083544,49.252867,49.252867,8466048
2009-01-01,49.252867,49.494589,46.750914,46.981489,46.981489,4318342
2009-01-02,46.981489,47.181351,45.451576,45.645756,45.645756,8731825
2009-01-05,45.645756,45.916011,44.816423,45.083348,45.083348,3745760
2009-01-06,45.083348,46.492412,45.072794,46.481531,46.481531,7374257
2009-01-07,46.481531,47.146461,46.053381,46.716149,46.716149,9257617
2009-01-08,46.716149,49.820745,46.274986,49.354665,49.354665,4187221
2009-01-09,49.354665,50.892105,49.354330,50.891759,50.891759,6787555
2009-01-12,50.891759,50.914120,49.729647,49.751507,49.751507,7519652
2009-01-13,49.751507,49.871327,49.276466,49.395428,49.395428,7313047
2009-01-14,49.395428,50.598375,49.221017,50.420345,50.420345,5193979
2009-01-15,50.420345,50.762726,49.772730,50.113025,50.113025,4840371
2009-01-16,50.113025,51.011255,50.031001,50.927898,50.927898,6289419
2009-01-19,50.927898,51.108491,50.774907,50.955419,50.955419,5346430
2009-01-20,50.955419,52.713215,50.579323,52.326996,52.326996,8456166
2009-01-21,52.326996,53.423222,52.253772,53.348568,53.348568,11048103
2009-01-22,53.348568,53.480898,50.674875,50.800885,50.800885,6556855
2009-01-23,50.800885,52.217031,50.585350,51.996425,51.996425,10684092
2009-01-26,51.996425,55.156758,51.786447,54.934914,54.934914,2337669
2009-01-27,54.934914,56.912742,54.840464,56.815060,56.815060,5990126
2009-01-28,56.815060,57.066365,56.105083,56.354350,56.354350,8030318
2009-01-29,56.354350,65.752963,56.319015,65.711762,65.711762,5255729
2009-01-30,65.711762,65.837941,65.689482,65.815626,65.815626,7304690
2009-02-02,65.815626,66.935911,65.467467,66.583689,66.583689,5005111
2009-02-03,66.583689,66.712779,64.501615,64.626912,64.626912,11430293
2009-02-04,64.626912,66.055891,64.585529,66.013621,66.013621,4808478
2009-02-05,66.013621,66.075817,65.146271,65.207708,65.207708,5345618
2009-02-06,65.207708,66.156521,64.994397,65.940813,65.940813,4955343
2009-02-09,65.940813,66.298709,65.700001,66.057472,66.057472,6054663
2009-02-10,66.057472,66.587222,64.780110,65.303817,65.303817,14269550
2009-02-11,65.303817,66.269094,65.158161,66.121614,66.121614,5053772
2009-02-12,66.121614,69.891471,66.093385,69.861644,69.861644,7863869
2009-02-13,69.861644,69.906525,69.377962,69.422561,69.422561,3130339
2009-02-16,69.422561,74.124785,68.908953,73.580416,73.580416,4550094
2009-02-17,73.580416,77.627806,73.119766,77.144841,77.144841,5216252
2009-02-18,77.144841,84.994999,76.979508,84.813232,84.813232,6712191
2009-02-19,84.813232,85.717611,84.778359,85.682381,85.682381,12344988
2009-02-20,85.682381,85.761262,85.392296,85.470982,85.470982,2779292
2009-02-23,85.470982,89.858057,85.088806,89.458052,89.458052,6190381
2009-02-24,89.458052,91.531476,89.206473,91.274787,91.274787,7634070
2009-02-25,91.274787,91.794474,81.719376,82.187322,82.187322,6633680
2009-02-26,82.187322,84.585860,81.912282,84.303738,84.303738,7820473
2009-02-27,84.303738,84.353440,82.850588,82.899462,82.899462,4710464
2009-03-02,82.899462,83.123076,80.949594,81.168538,81.168538,4159742
2009-03-03,81.168538,81.277349,80.976796,81.085495,81.085495,3236536
2009-03-04,81.085495,81.247958,78.796614,78.954807,78.954807,5062794
2009-03-05,78.954807,79.048541,76.980451,77.071949,77.071949,4815578
2009-03-06,77.071949,85.620357,76.730898,85.243147,85.243147,4425110
2009-03-09,85.243147,87.330428,84.895672,86.975890,86.975890,6206828
2009-03-10,86.975890,87.224851,85.989551,86.236395,86.236395,13529295
2009-03-11,86.236395,86.779074,84.779668,85.316558,85.316558,4059312
2009-03-12,85.316558,85.435069,84.213830,84.330972,84.330972,8299117
2009-03-13,84.330972,84.379478,82.598607,82.646144,82.646144,3939377
2009-03-16,82.646144,85.426282,82.514407,85.290330,85.290330,5113671
2009-03-17,85.290330,86.067088,84.733082,85.508415,85.508415,3483530
2009-03-18,85.508415,86.885128,85.232366,86.605537,86.605537,11613372
2009-03-19,86.605537,88.696566,86.534579,88.623954,88.623954,6050957
2009-03-20,88.623954,90.049129,87.857237,89.276764,89.276764,4357040
2009-03-23,89.276764,89.367745,89.033170,89.123996,89.123996,5160664
2009-03-24,89.123996,90.854249,88.830690,90.556230,90.556230,8195984
2009-03-25,90.556230,90.563483,90.145084,90.152304,90.152304,7056440
2009-03-26,90.152304,90.960094,89.962642,90.769134,90.769134,4760159
2009-03-27,90.769134,90.803044,90.471825,90.505636,90.505636,5218176
2009-03-30,90.505636,90.656881,89.881010,90.031463,90.031463,3649708
2009-03-31,90.031463,90.098349,88.008211,88.073643,88.073643,7322508
2009-04-01,88.073643,89.147488,87.774855,88.846080,88.846080,6098716
2009-04-02,88.846080,89.361843,86.678087,87.184202,87.184202,9939426
2009-04-03,87.184202,89.003094,86.345220,88.154773,88.154773,9060001
2009-04-06,88.154773,88.813364,87.787786,88.445168,88.445168,3507593
2009-04-07,88.445168,88.553634,87.152223,87.259234,87.259234,8113997
2009-04-08,87.259234,87.280813,86.668887,86.690325,86.690325,5448386
2009-04-09,86.690325,86.786448,84.885857,84.980083,84.980083,3892895
2009-04-10,84.980083,85.196095,84.954221,85.170174,85.170174,4300796
2009-04-13,85.170174,85.607616,84.799715,85.236866,85.236866,3624160
2009-04-14,85.236866,85.711878,84.623127,85.097361,85.097361,8010132
2009-04-15,85.097361,87.043195,85.014107,86.958121,86.958121,3968556
2009-04-16,86.958121,88.398524,86.363127,87.797786,87.797786,12704419
2009-04-17,87.797786,93.978730,87.570612,93.736190,93.736190,14372168
2009-04-20,93.736190,93.782957,92.047030,92.092978,92.092978,6925191
2009-04-21,92.092978,92.634333,90.984108,91.522107,91.522107,6017272
2009-04-22,91.522107,91.652636,91.338547,91.469001,91.469001,4562435
2009-04-23,91.469001,94.287973,91.153233,93.963593,93.963593,5392793
2009-04-24,93.963593,94.097313,93.539201,93.672507,93.672507,5308928
2009-04-27,93.672507,93.700727,93.193945,93.222030,93.222030,3320027
2009-04-28,93.222030,93.403685,91.867727,92.047092,92.047092,5560286
2009-04-29,92.047092,92.475488,91.867939,92.295851,92.295851,7073984
2009-04-30,92.295851,94.573080,91.752814,94.019899,94.019899,5408614
2009-05-01,94.019899,94.360553,92.264516,92.600025,92.600025,6605749
2009-05-04,92.600025,94.622489,92.491318,94.511538,94.511538,10905540
2009-05-05,94.511538,95.917541,94.369362,95.773467,95.773467,7419458
2009-05-06,95.773467,96.689123,95.309931,96.223409,96.223409,6402948
2009-05-07,96.223409,96.297798,95.530291,95.604201,95.604201,4782790
2009-05-08,95.604201,95.947040,94.505872,94.845992,94.845992,5194411
2009-05-11,94.845992,95.252146,94.589388,94.995138,94.995138,3435906
2009-05-12,94.995138,95.022009,93.233812,93.260192,93.260192,8099578
2009-05-13,93.260192,100.001444,92.739930,99.446670,99.446670,8366500
2009-05-14,99.446670,100.052004,95.637134,96.222843,96.222843,7456855
2009-05-15,96.222843,96.606503,96.131535,96.514917,96.514917,4751319
2009-05-18,96.514917,97.603047,96.453372,97.540847,97.540847,5151157
2009-05-19,97.540847,98.559042,96.079107,97.092623,97.092623,9523033
2009-05-20,97.092623,97.246845,94.826396,94.977257,94.977257,6014175
2009-05-21,94.977257,95.086365,94.168075,94.276378,94.276378,3732259
2009-05-22,94.276378,94.610820,93.518497,93.851431,93.851431,9486895
2009-05-25,93.851431,94.070709,91.606537,91.821072,91.821072,3620624
2009-05-26,91.821072,93.405251,91.088161,92.665599,92.665599,9136454
2009-05-27,92.665599,93.889515,92.348271,93.569092,93.569092,3828952
2009-05-28,93.569092,93.774421,92.062205,92.264672,92.264672,5825195
2009-05-29,92.264672,92.523797,89.498950,89.751015,89.751015,6219435
2009-06-01,89.751015,90.206796,89.073856,89.528507,89.528507,7664887
2009-06-02,89.528507,92.019250,89.078254,91.558787,91.558787,5081659
2009-06-03,91.558787,93.185063,91.542718,93.168712,93.168712,5357938
2009-06-04,93.168712,95.282678,92.299902,94.402365,94.402365,5296461
2009-06-05,94.402365,94.959224,92.414592,92.962960,92.962960,8834926
2009-06-08,92.962960,93.422383,91.635954,92.091068,92.091068,4450799
2009-06-09,92.091068,92.360869,91.568147,91.837204,91.837204,5718754
2009-06-10,91.837204,92.671130,91.798847,92.632440,92.632440,5186577
2009-06-11,92.632440,92.711301,92.053306,92.131741,92.131741,4256247
2009-06-12,92.131741,92.401410,92.026778,92.296259,92.296259,11501749
2009-06-15,92.296259,92.785503,91.137080,91.622754,91.622754,11550079
2009-06-16,91.622754,91.710031,91.134830,91.221725,91.221725,6078820
2009-06-17,91.221725,91.577456,89.144073,89.493063,89.493063,10137230
2009-06-18,89.493063,92.709444,88.648906,91.843120,91.843120,5214713
2009-06-19,91.843120,92.362115,91.607735,92.126005,92.126005,6807807
2009-06-22,92.126005,92.261646,91.182905,91.317356,91.317356,6012899
2009-06-23,91.317356,92.552732,91.270854,92.505626,92.505626,6912223
2009-06-24,92.505626,93.559936,92.047069,93.098441,93.098441,8065391
2009-06-25,93.098441,93.543346,93.007995,93.452557,93.452557,8380857
2009-06-26,93.452557,93.986281,93.236369,93.769360,93.769360,5317129
2009-06-29,93.769360,93.941364,92.876649,93.047328,93.047328,9608761
2009-06-30,93.047328,93.755034,92.767729,93.474153,93.474153,7548254
2009-07-01,93.474153,93.817156,93.371442,93.714181,93.714181,5482888
2009-07-02,93.714181,94.278131,91.949057,92.505735,92.505735,7668445
2009-07-03,92.505735,92.810165,89.679715,89.975819,89.975819,6961460
2009-07-06,89.975819,91.308138,89.781479,91.111345,91.111345,3215330
2009-07-07,91.111345,93.656290,90.719577,93.255303,93.255303,9519851
2009-07-08,93.255303,93.516314,92.674574,92.934689,92.934689,8077692
2009-07-09,92.934689,92.990662,92.165156,92.220699,92.220699,5161317
2009-07-10,92.220699,92.231904,91.868791,91.879954,91.879954,3939808
2009-07-13,91.879954,92.466729,90.914178,91.498517,91.498517,6620893
2009-07-14,91.498517,92.640631,91.219515,92.359004,92.359004,6152212
2009-07-15,92.359004,92.607106,91.558870,91.805484,91.805484,7845661
2009-07-16,91.805484,92.119144,90.829063,91.140451,91.140451,6392116
2009-07-17,91.140451,92.512811,90.684097,92.051894,92.051894,7082676
2009-07-20,92.051894,92.130013,91.582407,91.660194,91.660194,5123671
2009-07-21,91.660194,91.779134,89.167177,89.283032,89.283032,6192932
2009-07-22,89.283032,90.893534,88.490160,90.093465,90.093465,5434718
2009-07-23,90.093465,92.217482,89.960924,92.082015,92.082015,5096827
2009-07-24,92.082015,93.309318,91.548825,92.772132,92.772132,10877892
2009-07-27,92.772132,92.849897,90.630283,90.706316,90.706316,7029553
2009-07-28,90.706316,92.111538,90.361616,91.762824,91.762824,4747128
2009-07-29,91.762824,93.766738,91.349736,93.346521,93.346521,6355107
2009-07-30,93.346521,95.084988,93.010473,94.743909,94.743909,5981398
2009-07-31,94.743909,95.950114,94.501911,95.705659,95.705659,4326764
2009-08-03,95.705659,96.028114,95.153832,95.475512,95.475512,5460887
2009-08-04,95.475512,97.994118,95.388802,97.905200,97.905200,6080842
2009-08-05,97.905200,100.018562,97.471052,99.577001,99.577001,5060696
2009-08-06,99.577001,100.210113,97.687255,98.312326,98.312326,5395856
2009-08-07,98.312326,98.660616,96.058582,96.400098,96.400098,3131691
2009-08-10,96.400098,97.043896,91.056033,91.668230,91.668230,3149627
2009-08-11,91.668230,94.236862,91.131745,93.688553,93.688553,5440925
2009-08-12,93.688553,93.692033,93.007492,93.010946,93.010946,5991860
2009-08-13,93.010946,93.489016,92.610512,93.088249,93.088249,7625180
2009-08-14,93.088249,93.259071,92.875298,93.046043,93.046043,2641332
2009-08-17,93.046043,94.030597,92.756860,93.739260,93.739260,13726990
2009-08-18,93.739260,93.908179,93.482294,93.651054,93.651054,8152089
2009-08-19,93.651054,98.542614,92.948333,97.808695,97.808695,4227284
2009-08-20,97.808695,98.708579,97.495629,98.393641,98.393641,6546986
2009-08-21,98.393641,105.124169,97.914030,104.614237,104.614237,7822592
2009-08-24,104.614237,104.790798,104.567681,104.744184,104.744184,6339750
2009-08-25,104.744184,107.042153,104.729899,107.027557,107.027557,4125024
2009-08-26,107.027557,107.062965,104.668195,104.702834,104.702834,3587524
2009-08-27,104.702834,105.848323,104.649599,105.794532,105.794532,9858303
2009-08-28,105.794532,106.253209,103.696427,104.147965,104.147965,3047673
2009-08-31,104.147965,104.257808,103.050548,103.159348,103.159348,6211309
2009-09-01,103.159348,104.290515,103.156852,104.287992,104.287992,6954606
2009-09-02,104.287992,104.382015,103.487522,103.580908,103.580908,4867063
2009-09-03,103.580908,103.791323,101.549296,101.756004,101.756004,7996468
2009-09-04,101.756004,104.011323,101.326677,103.574324,103.574324,4293077
2009-09-07,103.574324,104.209829,103.494821,104.129900,104.129900,3202666
2009-09-08,104.129900,104.604670,104.040052,104.514491,104.514491,5832220
2009-09-09,104.514491,106.459330,104.480207,106.424419,106.424419,7931184
2009-09-10,106.424419,108.126350,105.868823,107.564800,107.564800,7263149
2009-09-11,107.564800,107.900576,106.997726,107.332777,107.332777,6852694
2009-09-14,107.332777,110.011887,106.284638,108.947975,108.947975,5350531
2009-09-15,108.947975,108.948952,108.338518,108.339489,108.339489,5442584
2009-09-16,108.339489,110.584556,108.241804,110.484936,110.484936,6699260
2009-09-17,110.484936,110.514581,109.777645,109.807109,109.807109,3171615
2009-09-18,109.807109,110.246432,107.142395,107.572779,107.572779,3792333
2009-09-21,107.572779,108.445003,105.441916,106.303851,106.303851,10064619
2009-09-22,106.303851,106.728152,106.150701,106.574612,106.574612,5438466
2009-09-23,106.574612,107.888129,106.332613,107.643702,107.643702,2714166
2009-09-24,107.643702,107.711347,105.871380,105.937953,105.937953,5305613
2009-09-25,105.937953,106.790912,105.745349,106.597110,106.597110,5481522
2009-09-28,106.597110,107.583118,106.211688,107.195533,107.195533,5244274
2009-09-29,107.195533,108.315563,106.592826,107.709963,107.709963,8319453
2009-09-30,107.709963,109.037041,107.039829,108.362844,108.362844,7326221
2009-10-01,108.362844,108.413663,106.517286,106.567263,106.567263,9016542
2009-10-02,106.567263,107.884075,106.174137,107.487553,107.487553,3536934
2009-10-05,107.487553,109.551852,106.842417,108.898249,108.898249,6821023
2009-10-06,108.898249,109.097590,108.339730,108.538413,108.538413,9370020
2009-10-07,108.538413,109.797482,108.415812,109.673599,109.673599,6635146
2009-10-08,109.673599,110.335827,106.828207,107.477173,107.477173,4218842
2009-10-09,107.477173,107.960855,105.856460,106.335002,106.335002,5180454
2009-10-12,106.335002,108.182018,105.648041,107.487610,107.487610,6465876
2009-10-13,107.487610,107.783790,105.278484,105.569378,105.569378,4305205
2009-10-14,105.569378,111.223689,104.837551,110.457973,110.457973,7813516
2009-10-15,110.457973,112.676418,109.809468,112.018749,112.018749,3793788
2009-10-16,112.018749,113.019040,111.870514,112.869679,112.869679,5807645
2009-10-19,112.869679,113.687895,110.239030,111.044012,111.044012,4254779
2009-10-20,111.044012,112.132011,110.638511,111.724027,111.724027,4815221
2009-10-21,111.724027,114.537267,111.312657,114.117086,114.117086,9308592
2009-10-22,114.117086,115.242096,113.875205,114.998347,114.998347,5038028
2009-10-23,114.998347,116.981077,114.546525,116.523263,116.523263,5385165
2009-10-26,116.523263,116.642760,114.831317,114.949201,114.949201,12686515
2009-10-27,114.949201,115.164251,113.615652,113.828607,113.828607,5293175
2009-10-28,113.828607,117.091046,113.425573,116.677923,116.677923,5092168
2009-10-29,116.677923,118.460786,116.515612,118.296223,118.296223,3970230
2009-10-30,118.296223,121.723797,117.980843,121.400141,121.400141,8543567
2009-11-02,121.400141,121.569008,119.887369,120.054363,120.054363,4882244
2009-11-03,120.054363,120.493116,119.873827,120.312192,120.312192,5093638
2009-11-04,120.312192,120.918898,119.888239,120.494304,120.494304,3493816
2009-11-05,120.494304,121.422269,120.046300,120.972487,120.972487,4125648
2009-11-06,120.972487,122.834960,120.493320,122.350336,122.350336,6922008
2009-11-09,122.350336,122.616527,122.044218,122.310323,122.310323,5722075
2009-11-10,122.310323,123.648083,122.127316,123.463351,123.463351,4168685
2009-11-11,123.463351,124.834023,122.791258,124.158148,124.158148,10194095
2009-11-12,124.158148,126.376998,123.812311,126.025958,126.025958,4591630
2009-11-13,126.025958,127.105347,125.305738,126.383085,126.383085,9061439
2009-11-16,126.383085,128.912097,126.372654,128.901458,128.901458,8188670
2009-11-17,128.901458,129.408663,124.323072,124.814195,124.814195,7642140
2009-11-18,124.814195,124.947886,121.723869,121.854390,121.854390,6345513
2009-11-19,121.854390,122.038773,120.818295,121.001387,121.001387,5559912
2009-11-20,121.001387,121.488377,120.382081,120.868537,120.868537,6448955
2009-11-23,120.868537,122.135765,120.576836,121.841715,121.841715,4422237
2009-11-24,121.841715,125.284683,121.366346,124.797780,124.797780,5770512
2009-11-25,124.797780,125.113698,124.455902,124.771753,124.771753,5753760
2009-11-26,124.771753,124.922120,123.680723,123.829954,123.829954,2930941
2009-11-27,123.829954,124.208483,121.335177,121.707217,121.707217,4901889
2009-11-30,121.707217,123.075652,121.056332,122.420950,122.420950,9543795
2009-12-01,122.420950,122.531791,122.290117,122.400940,122.400940,4294748
2009-12-02,122.400940,123.215387,117.224388,118.009615,118.009615,11088164
2009-12-03,118.009615,124.166869,117.712642,123.855184,123.855184,6812790
2009-12-04,123.855184,124.209456,119.085000,119.426604,119.426604,10163251
2009-12-07,119.426604,120.460118,118.695243,119.726918,119.726918,6269665
2009-12-08,119.726918,120.763618,119.595976,120.631686,120.631686,5352588
2009-12-09,120.631686,123.544782,120.216584,123.121113,123.121113,3458309
2009-12-10,123.121113,123.783132,121.952047,122.611325,122.611325,4268584
2009-12-11,122.611325,124.384868,122.165929,123.934666,123.934666,4091024
2009-12-14,123.934666,124.323011,122.469455,122.854415,122.854415,7312151
2009-12-15,122.854415,124.352472,122.170986,123.664535,123.664535,4882566
2009-12-16,123.664535,124.121290,122.996821,123.452793,123.452793,3918877
2009-12-17,123.452793,126.513193,122.863649,125.912312,125.912312,5079549
2009-12-18,125.912312,127.181090,125.556141,126.822345,126.822345,6743563
2009-12-21,126.822345,128.202775,126.259023,127.635840,127.635840,6589395
2009-12-22,127.635840,128.059173,127.356915,127.779932,127.779932,8850047
2009-12-23,127.779932,128.670753,127.116220,128.005867,128.005867,7636360
2009-12-24,128.005867,128.082162,126.383507,126.458879,126.458879,4922909
2009-12-25,126.458879,126.521303,125.339862,125.401764,125.401764,4555195
2009-12-28,125.401764,125.506132,123.312193,123.414907,123.414907,4259193
2009-12-29,123.414907,125.243008,123.285450,125.111771,125.111771,5970556
2009-12-30,125.111771,126.623373,124.690482,126.198425,126.198425,7283745
2009-12-31,126.198425,128.454475,125.747753,127.997379,127.997379,6416257
2010-01-01,127.997379,128.272738,127.244210,127.518539,127.518539,5528093
2010-01-04,127.518539,127.956476,126.605501,127.041801,127.041801,5721454
2010-01-05,127.041801,127.832463,126.147172,126.937183,126.937183,9130512
2010-01-06,126.937183,127.703253,124.589018,125.345482,125.345482,3745870
2010-01-07,125.345482,126.872477,125.306413,126.832945,126.832945,4901422
2010-01-08,126.832945,127.672053,116.988685,117.767820,117.767820,6714671
2010-01-11,117.767820,117.934316,116.648116,116.813263,116.813263,4635035
2010-01-12,116.813263,117.264757,114.904792,115.350633,115.350633,4379530
2010-01-13,115.350633,126.449100,114.881043,125.936416,125.936416,6985850
2010-01-14,125.936416,126.032811,124.850627,124.946265,124.946265,8445981
2010-01-15,124.946265,125.321302,122.448061,122.816706,122.816706,4804746
2010-01-18,122.816706,123.298428,121.854291,122.334120,122.334120,3360609
2010-01-19,122.334120,124.138534,122.250689,124.053930,124.053930,7609105
2010-01-20,124.053930,125.128086,123.605238,124.677141,124.677141,3908627
2010-01-21,124.677141,125.181861,124.010819,124.514883,124.514883,4839356
2010-01-22,124.514883,124.868739,124.371097,124.724711,124.724711,9373851
2010-01-25,124.724711,128.669825,124.547069,128.486825,128.486825,5911302
2010-01-26,128.486825,131.272513,127.210523,129.981365,129.981365,5325879
2010-01-27,129.981365,130.892490,129.757766,130.667711,130.667711,6416310
2010-01-28,130.667711,131.382057,130.614949,131.329028,131.329028,6296338
2010-01-29,131.329028,132.409779,129.605784,130.681204,130.681204,3979207
2010-02-01,130.681204,130.705680,130.091527,130.115897,130.115897,8205592
2010-02-02,130.115897,130.166539,129.720825,129.771333,129.771333,8240689
2010-02-03,129.771333,130.041343,124.895886,125.156293,125.156293,5396954
2010-02-04,125.156293,125.285897,121.112433,121.237979,121.237979,4476066
2010-02-05,121.237979,121.293080,119.421755,119.476056,119.476056,6421207
2010-02-08,119.476056,119.637717,119.217757,119.379287,119.379287,6662969
2010-02-09,119.379287,120.994834,118.476442,120.086639,120.086639,8891363
2010-02-10,120.086639,120.090400,119.946382,119.950139,119.950139,5157733
2010-02-11,119.950139,120.526907,118.538813,119.111548,119.111548,6250836
2010-02-12,119.111548,120.502840,118.710887,120.098858,120.098858,6206423
2010-02-15,120.098858,120.204089,118.711297,118.815404,118.815404,10932925
2010-02-16,118.815404,119.266484,118.104231,118.554320,118.554320,5873597
2010-02-17,118.554320,118.985060,118.318212,118.748564,118.748564,5930138
2010-02-18,118.748564,119.660781,118.123129,119.033843,119.033843,7803520
2010-02-19,119.033843,127.103265,118.313291,126.338495,126.338495,4842647
2010-02-22,126.338495,127.283682,124.059938,124.995075,124.995075,4795948
2010-02-23,124.995075,127.334124,124.498651,126.830411,126.830411,6723705
2010-02-24,126.830411,127.324466,126.077583,126.570626,126.570626,4052691
2010-02-25,126.570626,126.873436,124.922789,125.222373,125.222373,13061035
2010-02-26,125.222373,125.760240,124.231054,124.766965,124.766965,5951613
2010-03-01,124.766965,127.273140,124.369260,126.868736,126.868736,7930215
2010-03-02,126.868736,129.619847,126.809558,129.559415,129.559415,7172941
2010-03-03,129.559415,129.683381,127.191426,127.313243,127.313243,4845381
2010-03-04,127.313243,127.330819,127.082672,127.100218,127.100218,6309053
2010-03-05,127.100218,133.566560,126.563708,133.005125,133.005125,7477686
2010-03-08,133.005125,134.285397,132.262817,133.540103,133.540103,6444247
2010-03-09,133.540103,134.156161,132.277800,132.890862,132.890862,12577981
2010-03-10,132.890862,133.109979,132.673139,132.892253,132.892253,12471008
2010-03-11,132.892253,137.408668,132.612206,137.119713,137.119713,10372634
2010-03-12,137.119713,137.712859,135.158908,135.746113,135.746113,3911223
2010-03-15,135.746113,137.915545,135.046504,137.208401,137.208401,7066630
2010-03-16,137.208401,138.798624,136.652610,138.238660,138.238660,4887572
2010-03-17,138.238660,141.497748,138.007716,141.261753,141.261753,6107671
2010-03-18,141.261753,142.098961,138.442188,139.267577,139.267577,6214488
2010-03-19,139.267577,139.394879,139.036948,139.164155,139.164155,2895915
2010-03-22,139.164155,140.393494,138.938854,140.166570,140.166570,8126948
2010-03-23,140.166570,144.613644,139.704880,144.138870,144.138870,11893188
2010-03-24,144.138870,144.329819,143.613689,143.804195,143.804195,5086754
2010-03-25,143.804195,146.200525,143.081966,145.469929,145.469929,3753385
2010-03-26,145.469929,152.329515,145.233222,152.082049,152.082049,5416952
2010-03-29,152.082049,155.264975,150.836359,154.003546,154.003546,9680686
2010-03-30,154.003546,154.057274,153.036167,153.089576,153.089576,3807743
2010-03-31,153.089576,153.405712,150.252810,150.563729,150.563729,7973784
2010-04-01,150.563729,150.807911,148.908282,149.150171,149.150171,3698355
2010-04-02,149.150171,152.103652,148.640006,151.585158,151.585158,2750325
2010-04-05,151.585158,151.720428,150.801380,150.936071,150.936071,4231632
2010-04-06,150.936071,152.342993,147.629004,149.018048,149.018048,5857680
2010-04-07,149.018048,149.345410,146.544767,146.867405,146.867405,4265334
2010-04-08,146.867405,147.042031,146.337012,146.511215,146.511215,7252148
2010-04-09,146.511215,147.469973,146.393397,147.351479,147.351479,4698584
2010-04-12,147.351479,147.602403,144.211330,144.457325,144.457325,6732602
2010-04-13,144.457325,144.575448,142.833300,142.950190,142.950190,4788967
2010-04-14,142.950190,143.636722,142.675827,143.361569,143.361569,7537493
2010-04-15,143.361569,146.373351,143.181369,146.189596,146.189596,5102730
2010-04-16,146.189596,148.576132,145.892030,148.274322,148.274322,10616800
2010-04-19,148.274322,148.509695,147.598361,147.833033,147.833033,5487105
2010-04-20,147.833033,151.100637,147.732957,150.998418,150.998418,5363912
2010-04-21,150.998418,151.964084,149.488360,150.450522,150.450522,3845476
2010-04-22,150.450522,151.134561,149.104035,149.785049,149.785049,6728886
2010-04-23,149.785049,149.941352,149.756703,149.912982,149.912982,4172569
2010-04-26,149.912982,152.388310,149.757144,152.230064,152.230064,3858747
2010-04-27,152.230064,154.908680,151.377671,154.046118,154.046118,8346719
2010-04-28,154.046118,156.468845,153.207481,155.621630,155.621630,5582673
2010-04-29,155.621630,155.818153,153.496780,153.690864,153.690864,3306131
2010-04-30,153.690864,157.155927,153.602553,157.065676,157.065676,4047233
2010-05-03,157.065676,158.147576,156.434564,157.514660,157.514660,5275060
2010-05-04,157.514660,157.788974,154.155889,154.424822,154.424822,7434347
2010-05-05,154.424822,157.438638,153.214547,156.214337,156.214337,10915629
2010-05-06,156.214337,156.525303,151.886471,152.189424,152.189424,4029354
2010-05-07,152.189424,153.071565,150.708967,151.587619,151.587619,3296953
2010-05-10,151.587619,157.653129,151.228732,157.280763,157.280763,5416265
2010-05-11,157.280763,158.949569,156.923507,158.589341,158.589341,14396256
2010-05-12,158.589341,159.102248,157.924905,158.437320,158.437320,5810148
2010-05-13,158.437320,162.450609,158.408658,162.421226,162.421226,5500128
2010-05-14,162.421226,162.431742,161.534372,161.544831,161.544831,4800028
2010-05-17,161.544831,162.682054,161.448501,162.585104,162.585104,3479524
2010-05-18,162.585104,171.128401,161.212266,169.695525,169.695525,5666819
2010-05-19,169.695525,170.914339,168.110867,169.327034,169.327034,5457882
2010-05-20,169.327034,170.771863,169.152190,170.595709,170.595709,6952259
2010-05-21,170.595709,171.200788,169.188445,169.790669,169.790669,5890268
2010-05-24,169.790669,170.768597,168.998977,169.976041,169.976041,6827168
2010-05-25,169.976041,170.468586,169.738212,170.230401,170.230401,6810367
2010-05-26,170.230401,171.383636,166.837451,167.975409,167.975409,6351175
2010-05-27,167.975409,168.793922,162.213714,163.008022,163.008022,6058082
2010-05-28,163.008022,165.688122,162.824724,165.502020,165.502020,8175459
2010-05-31,165.502020,170.498885,164.649397,169.625021,169.625021,5571893
2010-06-01,169.625021,169.851855,162.106833,162.323903,162.323903,4378598
2010-06-02,162.323903,164.022562,161.573893,163.268188,163.268188,6283315
2010-06-03,163.268188,169.821135,162.500218,169.026081,169.026081,7765583
2010-06-04,169.026081,169.610962,168.791937,169.376333,169.376333,8215205
2010-06-07,169.376333,169.693196,167.603306,167.917440,167.917440,13203808
2010-06-08,167.917440,168.889806,164.019280,164.974604,164.974604,3627629
2010-06-09,164.974604,165.183932,163.813389,164.021507,164.021507,6680223
2010-06-10,164.021507,167.049008,163.992018,167.018980,167.018980,6681553
2010-06-11,167.018980,171.220455,166.534300,170.725021,170.725021,9941455
2010-06-14,170.725021,172.441592,170.638491,172.354237,172.354237,11637258
2010-06-15,172.354237,173.323132,170.093959,171.055554,171.055554,8037542
2010-06-16,171.055554,173.811103,170.548393,173.297296,173.297296,4763101
2010-06-17,173.297296,175.426643,172.699113,174.823192,174.823192,9467596
2010-06-18,174.823192,179.953435,174.496003,179.617273,179.617273,5447113
2010-06-21,179.617273,180.600165,176.492022,177.463125,177.463125,4632047
2010-06-22,177.463125,177.490691,175.435812,175.463067,175.463067,6691596
2010-06-23,175.463067,175.721775,174.861945,175.120148,175.120148,5736527
2010-06-24,175.120148,175.882673,175.024922,175.787085,175.787085,5145703
2010-06-25,175.787085,176.136683,172.448184,172.791825,172.791825,6470362
2010-06-28,172.791825,176.796899,172.040682,176.031672,176.031672,4081700
2010-06-29,176.031672,176.512915,171.169370,171.638603,171.638603,5651246
2010-06-30,171.638603,175.004543,171.485369,174.848444,174.848444,6242908
2010-07-01,174.848444,175.672256,173.824913,174.647780,174.647780,9584873
2010-07-02,174.647780,176.438256,174.533750,176.323132,176.323132,9521512
2010-07-05,176.323132,176.337099,174.085419,174.099210,174.099210,4300638
2010-07-06,174.099210,174.335803,171.203510,171.436484,171.436484,6315876
2010-07-07,171.436484,174.989064,170.383065,173.920382,173.920382,5215188
2010-07-08,173.920382,175.032186,172.186408,173.294209,173.294209,7744724
2010-07-09,173.294209,174.980580,171.050246,172.731137,172.731137,8028300
2010-07-12,172.731137,177.037475,172.319684,176.616766,176.616766,7231561
2010-07-13,176.616766,179.858693,175.652540,178.882100,178.882100,2665929
2010-07-14,178.882100,180.249730,177.548408,178.915787,178.915787,8683145
2010-07-15,178.915787,179.748920,176.867435,177.694884,177.694884,5539844
2010-07-16,177.694884,179.456680,177.241489,178.999955,178.999955,3491094
2010-07-19,178.999955,179.319558,178.867470,179.186935,179.186935,10198828
2010-07-20,179.186935,179.885964,173.132187,173.810241,173.810241,8467753
2010-07-21,173.810241,178.134754,173.332109,177.646071,177.646071,3082279
2010-07-22,177.646071,179.935827,177.385799,179.672587,179.672587,6829549
2010-07-23,179.672587,188.137176,179.237425,187.682614,187.682614,4297570
2010-07-26,187.682614,187.732434,187.338646,187.388387,187.388387,10493188
2010-07-27,187.388387,188.596769,186.877725,188.084211,188.084211,5180937
2010-07-28,188.084211,191.608013,187.473504,190.987878,190.987878,5894814
2010-07-29,190.987878,191.647972,190.443244,191.103010,191.103010,5808789
2010-07-30,191.103010,195.275464,189.448000,193.598840,193.598840,4265262
2010-08-02,193.598840,193.609558,190.615958,190.626512,190.626512,10192608
2010-08-03,190.626512,196.213434,189.741965,195.307168,195.307168,7364157
2010-08-04,195.307168,195.744515,188.808939,189.232683,189.232683,4308197
2010-08-05,189.232683,190.038138,186.163410,186.959189,186.959189,5018036
2010-08-06,186.959189,188.616953,183.699060,185.342490,185.342490,9527714
2010-08-09,185.342490,188.974057,184.642694,188.263233,188.263233,15521958
2010-08-10,188.263233,189.080979,184.047851,184.850775,184.850775,8126219
2010-08-11,184.850775,186.406823,184.249939,185.802893,185.802893,8108857
2010-08-12,185.802893,186.877603,182.368024,183.429003,183.429003,4389527
2010-08-13,183.429003,187.702847,183.371885,187.644417,187.644417,3709069
2010-08-16,187.644417,188.279159,187.118661,187.753099,187.753099,10548457
2010-08-17,187.753099,187.798919,187.404502,187.450248,187.450248,4748277
2010-08-18,187.450248,188.424697,187.028966,188.002175,188.002175,3774406
2010-08-19,188.002175,189.220507,187.086406,188.303272,188.303272,9996457
2010-08-20,188.303272,189.667606,183.640189,184.980448,184.980448,6193031
2010-08-23,184.980448,185.747138,182.394942,183.154063,183.154063,3556039
2010-08-24,183.154063,183.942086,182.886860,183.674125,183.674125,6263756
2010-08-25,183.674125,184.092839,182.752936,183.170502,183.170502,6819896
2010-08-26,183.170502,185.588964,183.075344,185.492600,185.492600,4374050
2010-08-27,185.492600,188.921578,184.964448,188.385191,188.385191,5071869
2010-08-30,188.385191,188.438492,187.049215,187.102154,187.102154,5625357
2010-08-31,187.102154,193.814074,187.034900,193.744433,193.744433,3973313
2010-09-01,193.744433,198.015008,192.919491,197.175458,197.175458,5769142
2010-09-02,197.175458,201.646593,196.898302,201.363551,201.363551,13419432
2010-09-03,201.363551,202.906699,195.286421,196.794554,196.794554,7401913
2010-09-06,196.794554,201.843196,196.627323,201.671820,201.671820,10055870
2010-09-07,201.671820,203.493105,200.209294,202.027996,202.027996,4367430
2010-09-08,202.027996,202.483074,190.322681,190.752361,190.752361,6528645
2010-09-09,190.752361,190.786256,189.400864,189.434525,189.434525,4482259
2010-09-10,189.434525,192.407023,188.615646,191.578875,191.578875,5139098
2010-09-13,191.578875,192.479807,191.207935,192.107842,192.107842,4709090
2010-09-14,192.107842,192.434035,190.095196,190.418521,190.418521,6203754
2010-09-15,190.418521,190.946650,187.489287,188.010738,188.010738,6463444
2010-09-16,188.010738,190.057721,187.750406,189.794918,189.794918,4319433
2010-09-17,189.794918,190.819901,184.424057,185.425442,185.425442,8514165
2010-09-20,185.425442,188.938771,184.798967,188.302575,188.302575,5470575
2010-09-21,188.302575,190.529331,186.988928,189.209357,189.209357,4986132
2010-09-22,189.209357,191.270907,188.959291,191.018450,191.018450,6674809
2010-09-23,191.018450,192.195090,185.085903,186.233065,186.233065,3757492
2010-09-24,186.233065,186.512806,185.871595,186.151213,186.151213,4002211
2010-09-27,186.151213,186.257595,186.040507,186.146888,186.146888,4823117
2010-09-28,186.146888,187.024882,183.013769,183.881076,183.881076,3183436
2010-09-29,183.881076,186.511850,182.943905,185.566092,185.566092,4326620
2010-09-30,185.566092,186.756218,184.876280,186.064554,186.064554,5786860
2010-10-01,186.064554,186.245754,183.990466,184.169821,184.169821,8179399
2010-10-04,184.169821,187.729886,183.544676,187.094812,187.094812,4722067
2010-10-05,187.094812,187.228498,185.225033,185.357478,185.357478,5155089
2010-10-06,185.357478,190.469713,184.441089,189.532682,189.532682,4881505
2010-10-07,189.532682,195.317599,189.164545,194.938961,194.938961,4478967
2010-10-08,194.938961,196.550483,189.755609,191.337357,191.337357,5495856
2010-10-11,191.337357,191.524185,190.848319,191.034851,191.034851,9268862
2010-10-12,191.034851,197.268708,190.060062,196.267220,196.267220,5069388
2010-10-13,196.267220,206.337467,196.024396,206.082500,206.082500,10283523
2010-10-14,206.082500,209.090131,206.047109,209.054229,209.054229,5595527
2010-10-15,209.054229,210.959616,208.491632,210.393415,210.393415,9717370
2010-10-18,210.393415,215.435706,210.141058,215.177611,215.177611,8642742
2010-10-19,215.177611,215.197466,213.747169,213.766894,213.766894,5036923
2010-10-20,213.766894,213.800329,206.659452,206.691780,206.691780,9765147
2010-10-21,206.691780,215.631935,206.624679,215.561954,215.561954,4343068
2010-10-22,215.561954,216.430313,215.454115,216.322094,216.322094,4059762
2010-10-25,216.322094,221.002527,215.569925,220.236747,220.236747,11738658
2010-10-26,220.236747,221.027749,217.539371,218.323501,218.323501,6715648
2010-10-27,218.323501,221.598676,217.890947,221.160501,221.160501,4819316
2010-10-28,221.160501,222.269051,220.762280,221.869554,221.869554,4309233
2010-10-29,221.869554,222.836803,213.057453,213.990353,213.990353,4508198
2010-11-01,213.990353,214.864951,213.242097,214.116254,214.116254,5447153
2010-11-02,214.116254,217.188438,213.723493,216.790771,216.790771,5004070
2010-11-03,216.790771,220.345289,215.454225,218.995153,218.995153,10894269
2010-11-04,218.995153,219.879673,218.825526,219.709493,219.709493,9933106
2010-11-05,219.709493,220.055425,217.566215,217.909313,217.909313,6606328
2010-11-08,217.909313,218.315759,217.230621,217.636558,217.636558,4882179
2010-11-09,217.636558,220.553296,217.116166,220.027188,220.027188,4704794
2010-11-10,220.027188,227.571541,219.893740,227.433601,227.433601,4687938
2010-11-11,227.433601,228.578754,221.530051,222.651124,222.651124,6052986
2010-11-12,222.651124,224.895855,221.591572,223.830689,223.830689,6278330
2010-11-15,223.830689,227.119625,223.173005,226.454233,226.454233,4808664
2010-11-16,226.454233,229.242946,224.914935,227.695213,227.695213,4968304
2010-11-17,227.695213,230.115640,226.153605,228.568122,228.568122,10513138
2010-11-18,228.568122,232.460056,227.850575,231.732575,231.732575,3855097
2010-11-19,231.732575,236.180383,229.842003,234.269117,234.269117,4670465
2010-11-22,234.269117,242.101885,232.401636,240.187228,240.187228,5956571
2010-11-23,240.187228,251.796084,238.880440,250.433549,250.433549,7669757
2010-11-24,250.433549,254.575241,248.803689,252.929139,252.929139,3669636
2010-11-25,252.929139,253.342402,243.776429,244.175389,244.175389,6424278
2010-11-26,244.175389,250.528365,243.179794,249.511015,249.511015,6690056
2010-11-29,249.511015,251.007432,246.680370,248.168736,248.168736,4914819
2010-11-30,248.168736,249.697552,244.366567,245.881291,245.881291,5494688
2010-12-01,245.881291,255.841544,245.619958,255.569914,255.569914,3983797
2010-12-02,255.569914,255.952350,253.037057,253.416270,253.416270,4080137
2010-12-03,253.416270,256.920012,253.207163,256.708188,256.708188,2993954
2010-12-06,256.708188,258.528270,254.083728,255.898066,255.898066,4118116
2010-12-07,255.898066,257.716784,254.739223,256.554966,256.554966,5417811
2010-12-08,256.554966,257.314404,251.120530,251.866087,251.866087,5315883
2010-12-09,251.866087,254.103220,250.832299,253.064514,253.064514,8037735
2010-12-10,253.064514,257.489161,252.727558,257.146771,257.146771,9528744
2010-12-13,257.146771,257.174843,255.452508,255.480399,255.480399,10992000
2010-12-14,255.480399,263.756634,255.211167,263.478972,263.478972,6046666
2010-12-15,263.478972,263.577215,261.208333,261.305765,261.305765,7488546
2010-12-16,261.305765,261.790469,260.693239,261.177705,261.177705,6717073
2010-12-17,261.177705,262.858450,260.610143,262.288474,262.288474,4740185
2010-12-20,262.288474,266.076722,261.896518,265.679698,265.679698,10091806
2010-12-21,265.679698,266.841897,264.996523,266.157493,266.157493,8086120
2010-12-22,266.157493,266.200649,262.633037,262.675629,262.675629,6709007
2010-12-23,262.675629,265.009070,261.566513,263.894807,263.894807,5246966
2010-12-24,263.894807,264.681076,260.356527,261.134572,261.134572,6926185
2010-12-27,261.134572,262.502205,259.202834,260.567497,260.567497,5123048
2010-12-28,260.567497,260.770053,260.307399,260.509910,260.509910,14933625
2010-12-29,260.509910,262.340062,253.684536,255.479347,255.479347,3747499
2010-12-30,255.479347,258.663775,255.068471,258.248447,258.248447,5731206
2010-12-31,258.248447,258.297856,251.621657,251.669807,251.669807,5819194
2011-01-03,251.669807,257.185787,251.293427,256.801731,256.801731,7059669
2011-01-04,256.801731,258.462097,249.384717,251.007621,251.007621,5840411
2011-01-05,251.007621,251.444448,242.440021,242.862674,242.862674,7628021
2011-01-06,242.862674,245.555506,241.398321,244.083791,244.083791,5908448
2011-01-07,244.083791,244.225745,243.103774,243.245241,243.245241,4182535
2011-01-10,243.245241,244.228694,242.940936,243.923540,243.923540,5982358
2011-01-11,243.923540,245.304176,240.072129,241.438700,241.438700,4578364
2011-01-12,241.438700,242.622715,238.459661,239.634830,239.634830,5347813
2011-01-13,239.634830,241.237004,239.439437,241.040464,241.040464,8273656
2011-01-14,241.040464,242.632524,239.147790,240.737851,240.737851,3294963
2011-01-17,240.737851,241.088728,239.867954,240.218073,240.218073,4206024
2011-01-18,240.218073,242.214760,239.963595,241.958439,241.958439,10312015
2011-01-19,241.958439,246.871120,241.109311,246.007781,246.007781,4096910
2011-01-20,246.007781,247.481158,243.621470,245.089346,245.089346,11247568
2011-01-21,245.089346,248.988291,244.396846,248.286757,248.286757,4428587
2011-01-24,248.286757,252.906879,246.783224,251.384586,251.384586,4699633
2011-01-25,251.384586,252.903133,245.912000,247.406516,247.406516,3964985
2011-01-26,247.406516,248.040719,235.325427,235.930211,235.930211,7353226
2011-01-27,235.930211,243.127957,233.452060,240.600748,240.600748,4167789
2011-01-28,240.600748,241.008952,239.081671,239.487988,239.487988,4136297
2011-01-31,239.487988,245.071496,239.115619,244.691038,244.691038,5501739
2011-02-01,244.691038,246.765994,240.833152,242.892860,242.892860,5613984
2011-02-02,242.892860,243.859929,233.379332,234.312237,234.312237,3159594
2011-02-03,234.312237,236.531709,223.926314,226.067691,226.067691,8744232
2011-02-04,226.067691,226.997981,221.515555,222.430878,222.430878,2677181
2011-02-07,222.430878,226.050690,220.883168,224.488662,224.488662,10449866
2011-02-08,224.488662,224.984599,223.377080,223.871653,223.871653,7150300
2011-02-09,223.871653,225.534518,219.976722,221.622883,221.622883,3630304
2011-02-10,221.622883,226.704498,221.250324,226.324036,226.324036,9417478
2011-02-11,226.324036,227.483197,224.675838,225.832480,225.832480,9881740
2011-02-14,225.832480,226.149425,220.741620,221.051856,221.051856,8034712
2011-02-15,221.051856,233.341138,220.799033,233.074565,233.074565,6044619
2011-02-16,233.074565,235.884615,232.190908,234.993682,234.993682,7105420
2011-02-17,234.993682,236.359865,234.970366,236.336415,236.336415,2152474
2011-02-18,236.336415,237.260285,232.983830,233.898168,233.898168,8843296
2011-02-21,233.898168,239.338074,233.544184,238.976404,238.976404,4068021
2011-02-22,238.976404,240.860133,238.712774,240.594718,240.594718,6070661
2011-02-23,240.594718,240.957683,236.676231,237.033824,237.033824,3960737
2011-02-24,237.033824,237.358778,234.204143,234.525658,234.525658,3914533
2011-02-25,234.525658,236.228819,233.065720,234.767376,234.767376,7439994
2011-02-28,234.767376,239.404394,233.598087,238.217918,238.217918,8200879
2011-03-01,238.217918,241.508271,230.076553,233.298964,233.298964,4755469
2011-03-02,233.298964,233.503944,228.817637,229.018857,229.018857,5225758
2011-03-03,229.018857,232.743517,228.395317,232.111556,232.111556,4373902
2011-03-04,232.111556,245.602449,230.987491,244.418782,244.418782,3730039
2011-03-07,244.418782,246.168807,242.386598,244.134588,244.134588,7645187
2011-03-08,244.134588,245.504022,239.841100,241.194040,241.194040,7933877
2011-03-09,241.194040,243.262933,239.680474,241.745904,241.745904,15944871
2011-03-10,241.745904,248.492207,241.433246,248.171239,248.171239,5862615
2011-03-11,248.171239,260.682652,247.834346,260.329256,260.329256,6666283
2011-03-14,260.329256,261.131099,255.335598,256.124491,256.124491,6068027
2011-03-15,256.124491,256.870676,251.157960,251.891814,251.891814,6738432
2011-03-16,251.891814,252.471611,247.798652,248.370343,248.370343,8444042
2011-03-17,248.370343,252.975590,247.246371,251.835935,251.835935,3578491
2011-03-18,251.835935,253.581645,250.981121,252.723818,252.723818,5415647
2011-03-21,252.723818,253.581618,247.061258,247.902695,247.902695,7142170
2011-03-22,247.902695,255.146074,245.069022,252.262565,252.262565,6106823
2011-03-23,252.262565,253.002703,247.732160,248.461144,248.461144,4176411
2011-03-24,248.461144,249.460958,247.611094,248.610397,248.610397,8181230
2011-03-25,248.610397,257.279572,247.711113,256.352283,256.352283,6562213
2011-03-28,256.352283,257.833721,253.426308,254.899349,254.899349,4144735
2011-03-29,254.899349,260.126148,253.085704,258.288390,258.288390,6372684
2011-03-30,258.288390,258.975734,257.951325,258.638213,258.638213,9910784
2011-03-31,258.638213,259.885274,251.645359,252.864582,252.864582,5957117
2011-04-01,252.864582,253.192093,247.410054,247.730916,247.730916,7899970
2011-04-04,247.730916,248.545684,246.819853,247.634303,247.634303,6401253
2011-04-05,247.634303,248.343236,244.692579,245.395101,245.395101,7188977
2011-04-06,245.395101,249.651152,243.990994,248.230820,248.230820,5369628
2011-04-07,248.230820,249.351926,245.161787,246.274056,246.274056,3616809
2011-04-08,246.274056,252.743962,244.159391,250.592218,250.592218,6415764
2011-04-11,250.592218,253.036456,250.277348,252.718913,252.718913,6474644
2011-04-12,252.718913,263.097148,251.023463,261.343835,261.343835,6833564
2011-04-13,261.343835,261.789460,260.342696,260.787372,260.787372,8200751
2011-04-14,260.787372,261.340966,252.022288,252.558414,252.558414,9251818
2011-04-15,252.558414,253.131178,251.921933,252.494552,252.494552,6454490
2011-04-18,252.494552,253.877012,248.785535,250.155186,250.155186,10442766
2011-04-19,250.155186,251.896645,243.010708,244.714289,244.714289,5496175
2011-04-20,244.714289,250.668712,244.484987,250.434050,250.434050,10591234
2011-04-21,250.434050,251.758655,248.982805,250.306736,250.306736,3509284
2011-04-22,250.306736,252.241207,247.300565,249.226689,249.226689,6695260
2011-04-25,249.226689,250.136668,248.759016,249.668166,249.668166,5507211
2011-04-26,249.668166,251.111463,242.367482,243.776721,243.776721,5358287
2011-04-27,243.776721,245.968390,243.537166,245.726919,245.726919,9495442
2011-04-28,245.726919,246.144429,245.363705,245.781135,245.781135,9806789
2011-04-29,245.781135,245.943192,245.127395,245.289127,245.289127,7641492
2011-05-02,245.289127,245.843472,244.624584,245.178678,245.178678,5419978
2011-05-03,245.178678,245.407993,243.655527,243.883630,243.883630,4500183
2011-05-04,243.883630,247.627879,242.957128,246.690713,246.690713,4081418
2011-05-05,246.690713,246.742589,246.078999,246.130757,246.130757,10775589
2011-05-06,246.130757,247.114629,245.756069,246.739015,246.739015,12365681
2011-05-09,246.739015,247.738894,241.145284,242.126471,242.126471,5969339
2011-05-10,242.126471,242.168819,235.615853,235.657069,235.657069,5030808
2011-05-11,235.657069,235.918465,234.590798,234.851301,234.851301,4398320
2011-05-12,234.851301,242.472317,234.405057,242.012465,242.012465,6965993
2011-05-13,242.012465,244.818276,241.943215,244.748243,244.748243,8647280
2011-05-16,244.748243,244.980103,241.795507,242.024787,242.024787,14682289
2011-05-17,242.024787,243.004494,237.808954,238.775507,238.775507,8916405
2011-05-18,238.775507,244.673742,238.495727,244.387386,244.387386,2456951
2011-05-19,244.387386,244.603760,238.730871,238.942424,238.942424,3209935
2011-05-20,238.942424,240.632057,232.367075,234.021914,234.021914,6116730
2011-05-23,234.021914,236.228429,233.893300,236.098675,236.098675,3968418
2011-05-24,236.098675,244.555583,234.876383,243.296031,243.296031,9669675
2011-05-25,243.296031,243.302383,224.565412,224.571276,224.571276,4663681
2011-05-26,224.571276,233.624459,223.873304,232.900600,232.900600,11499792
2011-05-27,232.900600,234.272727,232.300771,233.670914,233.670914,9809643
2011-05-30,233.670914,234.495237,233.488776,234.312599,234.312599,4679617
2011-05-31,234.312599,234.885402,234.055260,234.627717,234.627717,6507738
2011-06-01,234.627717,236.110503,230.352966,231.817995,231.817995,7459666
2011-06-02,231.817995,232.611800,229.323066,230.111026,230.111026,5183173
2011-06-03,230.111026,234.796873,229.426331,234.100308,234.100308,8087308
2011-06-06,234.100308,235.570281,231.423735,232.886084,232.886084,7013058
2011-06-07,232.886084,233.454994,225.790064,226.342991,226.342991,6766422
2011-06-08,226.342991,227.715002,222.173112,223.528060,223.528060,7634794
2011-06-09,223.528060,228.278957,223.042978,227.784638,227.784638,4552499
2011-06-10,227.784638,228.829982,223.928711,224.961098,224.961098,9377270
2011-06-13,224.961098,225.178055,219.645861,219.857897,219.857897,7362951
2011-06-14,219.857897,227.470693,218.695445,226.274315,226.274315,6507439
2011-06-15,226.274315,227.105471,224.163476,224.989914,224.989914,11004659
2011-06-16,224.989914,227.085087,224.715180,226.808133,226.808133,3519882
2011-06-17,226.808133,229.288798,226.202317,228.677988,228.677988,4909954
2011-06-20,228.677988,228.749120,225.690907,225.761131,225.761131,6157139
2011-06-21,225.761131,225.839974,224.342596,224.420970,224.420970,5820198
2011-06-22,224.420970,227.295504,223.411308,226.277489,226.277489,7375750
2011-06-23,226.277489,226.278839,223.121071,223.122402,223.122402,7731710
2011-06-24,223.122402,223.539956,221.781761,222.197585,222.197585,6616714
2011-06-27,222.197585,222.793051,218.128839,218.714972,218.714972,5363809
2011-06-28,218.714972,221.776717,217.605929,220.657822,220.657822,11095255
2011-06-29,220.657822,222.451558,220.529114,222.321880,222.321880,2913057
2011-06-30,222.321880,222.514839,217.453469,217.642368,217.642368,5218447
2011-07-01,217.642368,217.660904,217.473668,217.492191,217.492191,6457365
2011-07-04,217.492191,217.589850,215.232441,215.329129,215.329129,7026265
2011-07-05,215.329129,217.851938,214.300986,216.816692,216.816692,7005977
2011-07-06,216.816692,218.295052,213.253311,214.717356,214.717356,10580319
2011-07-07,214.717356,215.697263,214.520602,215.499792,215.499792,8270005
2011-07-08,215.499792,220.239916,215.356081,220.093142,220.093142,7822584
2011-07-11,220.093142,220.884281,217.298511,218.082422,218.082422,8799427
2011-07-12,218.082422,218.403503,216.056732,216.375299,216.375299,7576693
2011-07-13,216.375299,219.552142,215.721356,218.890596,218.890596,4766410
2011-07-14,218.890596,218.986130,217.215548,217.310392,217.310392,5244005
2011-07-15,217.310392,217.479895,215.179977,215.347949,215.347949,5087532
2011-07-18,215.347949,216.538235,211.867522,213.045079,213.045079,10388621
2011-07-19,213.045079,213.128536,207.761716,207.843136,207.843136,5802506
2011-07-20,207.843136,209.390624,204.910953,206.448054,206.448054,2836623
2011-07-21,206.448054,207.380402,205.220155,206.151162,206.151162,5830719
2011-07-22,206.151162,209.937958,206.014716,209.799098,209.799098,4126229
2011-07-25,209.799098,211.618423,208.437980,210.254351,210.254351,5879004
2011-07-26,210.254351,212.684644,209.448407,211.872497,211.872497,5920213
2011-07-27,211.872497,213.300629,211.224845,212.650598,212.650598,7419545
2011-07-28,212.650598,213.358859,211.970505,212.678676,212.678676,6295895
2011-07-29,212.678676,214.236174,208.757499,210.297559,210.297559,4525088
2011-08-01,210.297559,211.755699,208.175539,209.629044,209.629044,4682452
2011-08-02,209.629044,210.680720,200.860068,201.872832,201.872832,5685930
2011-08-03,201.872832,204.098859,201.557695,203.780743,203.780743,5915562
2011-08-04,203.780743,204.310204,198.754171,199.271917,199.271917,3461844
2011-08-05,199.271917,204.430471,198.737404,203.883588,203.883588,9316063
2011-08-08,203.883588,213.620578,203.146003,212.850554,212.850554,4250339
2011-08-09,212.850554,214.027033,212.214841,213.389710,213.389710,6026292
2011-08-10,213.389710,220.804870,213.177646,220.585655,220.585655,9184462
2011-08-11,220.585655,222.985289,220.580785,222.980366,222.980366,7559060
2011-08-12,222.980366,223.527236,222.866146,223.412794,223.412794,6695387
2011-08-15,223.412794,223.572732,219.642665,219.800016,219.800016,5958599
2011-08-16,219.800016,221.075784,219.662633,220.937690,220.937690,6477932
2011-08-17,220.937690,222.112686,220.655212,221.829069,221.829069,6772848
2011-08-18,221.829069,239.057493,220.023231,237.127119,237.127119,3924231
2011-08-19,237.127119,238.322847,236.437994,237.632254,237.632254,5520067
2011-08-22,237.632254,241.426805,236.055347,239.835279,239.835279,10329111
2011-08-23,239.835279,241.461907,237.399423,239.020526,239.020526,6256520
2011-08-24,239.020526,239.781127,237.948492,238.708100,238.708100,9769260
2011-08-25,238.708100,238.785259,232.437443,232.512600,232.512600,6158590
2011-08-26,232.512600,232.551631,230.863710,230.902471,230.902471,6581608
2011-08-29,230.902471,234.167036,230.695905,233.957736,233.957736,3669599
2011-08-30,233.957736,234.415432,230.203411,230.654645,230.654645,3516006
2011-08-31,230.654645,234.861790,229.135351,233.324908,233.324908,4552194
2011-09-01,233.324908,238.195427,232.272376,237.125749,237.125749,3495435
2011-09-02,237.125749,237.891824,234.485843,235.245844,235.245844,5209041
2011-09-05,235.245844,235.407602,232.068688,232.228371,232.228371,5823211
2011-09-06,232.228371,235.239651,230.831794,233.833421,233.833421,8991525
2011-09-07,233.833421,239.168659,233.581325,238.911088,238.911088,5472484
2011-09-08,238.911088,245.661068,237.158295,243.871880,243.871880,4143597
2011-09-09,243.871880,244.212330,243.776754,244.117109,244.117109,5988106
2011-09-12,244.117109,252.696336,243.429012,251.986058,251.986058,15679380
2011-09-13,251.986058,253.897681,251.691332,253.601066,253.601066,5826680
2011-09-14,253.601066,256.684712,252.035853,255.110184,255.110184,2890322
2011-09-15,255.110184,255.790772,251.537217,252.210068,252.210068,5413612
2011-09-16,252.210068,254.526424,251.378909,253.690386,253.690386,2459769
2011-09-19,253.690386,255.231805,248.676654,250.196846,250.196846,5492399
2011-09-20,250.196846,250.513964,246.458978,246.771755,246.771755,5945534
2011-09-21,246.771755,249.309354,245.282885,247.814195,247.814195,6348907
2011-09-22,247.814195,248.217657,247.612248,248.015546,248.015546,6067455
2011-09-23,248.015546,248.563796,247.357716,247.905722,247.905722,8371462
2011-09-26,247.905722,248.536212,246.485771,247.114247,247.114247,5722696
2011-09-27,247.114247,252.686478,245.674713,251.223008,251.223008,4842302
2011-09-28,251.223008,252.253979,251.041202,252.071559,252.071559,5344018
2011-09-29,252.071559,253.539244,249.395646,250.856255,250.856255,5921337
2011-09-30,250.856255,257.801777,249.727956,256.647431,256.647431,4366728
2011-10-03,256.647431,260.388195,255.908586,259.640733,259.640733,4534796
2011-10-04,259.640733,261.895060,251.490457,253.693144,253.693144,4546189
2011-10-05,253.693144,257.827437,252.974988,257.099638,257.099638,4987302
2011-10-06,257.099638,257.382952,256.925711,257.208951,257.208951,7138999
2011-10-07,257.208951,260.300465,256.814975,259.902364,259.902364,6164764
2011-10-10,259.902364,260.291897,256.517440,256.902477,256.902477,4926241
2011-10-11,256.902477,269.075068,254.755820,266.845329,266.845329,6861678
2011-10-12,266.845329,267.119088,266.775011,267.048716,267.048716,9026485
2011-10-13,267.048716,270.256254,259.435222,262.589196,262.589196,6715254
2011-10-14,262.589196,263.473958,262.363552,263.247748,263.247748,5108917
2011-10-17,263.247748,267.332567,262.709321,266.786901,266.786901,7327774
2011-10-18,266.786901,270.516773,265.512487,269.230685,269.230685,8297769
2011-10-19,269.230685,269.532573,267.527418,267.827733,267.827733,6902931
2011-10-20,267.827733,268.709818,262.426444,263.293596,263.293596,6919656
2011-10-21,263.293596,263.983701,261.555862,262.243214,262.243214,8927537
2011-10-24,262.243214,271.574714,261.335775,270.638225,270.638225,5935789
2011-10-25,270.638225,271.928593,269.965866,271.254702,271.254702,6778320
2011-10-26,271.254702,273.891940,269.153696,271.786812,271.786812,6630784
2011-10-27,271.786812,272.980238,269.455278,270.643684,270.643684,4168764
2011-10-28,270.643684,271.074688,269.810672,270.241036,270.241036,5153365
2011-10-31,270.241036,271.380606,270.183441,271.322781,271.322781,4952755
2011-11-01,271.322781,272.288224,267.297298,268.251814,268.251814,3092277
2011-11-02,268.251814,271.148088,267.683903,270.575258,270.575258,7388578
2011-11-03,270.575258,270.653915,265.390113,265.467286,265.467286,5241856
2011-11-04,265.467286,267.926730,264.175960,266.629750,266.629750,6204910
2011-11-07,266.629750,277.364130,266.184641,276.901872,276.901872,6681027
2011-11-08,276.901872,277.626675,269.616118,270.323702,270.323702,4172308
2011-11-09,270.323702,272.742145,270.129924,272.546774,272.546774,7257741
2011-11-10,272.546774,273.212488,269.876393,270.537198,270.537198,3113901
2011-11-11,270.537198,275.699284,267.715363,272.853290,272.853290,7788320
2011-11-14,272.853290,278.329871,272.267051,277.733147,277.733147,5208592
2011-11-15,277.733147,282.725996,275.880166,280.852205,280.852205,6115154
2011-11-16,280.852205,284.484870,279.341801,282.963113,282.963113,5038424
2011-11-17,282.963113,287.186637,281.651502,285.861591,285.861591,4390861
2011-11-18,285.861591,286.331942,278.838090,279.297640,279.297640,3688028
2011-11-21,279.297640,279.934604,278.985219,279.621821,279.621821,12139559
2011-11-22,279.621821,279.926564,279.097994,279.402498,279.402498,3982011
2011-11-23,279.402498,281.690813,278.865004,281.149957,281.149957,8195456
2011-11-24,281.149957,288.914413,279.674978,287.406609,287.406609,8980391
2011-11-25,287.406609,290.046656,270.882785,273.394116,273.394116,5176363
2011-11-28,273.394116,274.315891,272.621121,273.542477,273.542477,3896424
2011-11-29,273.542477,273.803523,267.922744,268.178671,268.178671,5813567
2011-11-30,268.178671,269.321947,264.979716,266.114190,266.114190,8657818
2011-12-01,266.114190,266.786820,259.697246,260.355319,260.355319,4700067
2011-12-02,260.355319,262.326111,260.057545,262.026426,262.026426,6563321
2011-12-05,262.026426,262.204809,255.233616,255.407493,255.407493,8298976
2011-12-06,255.407493,255.645916,252.427007,252.662868,252.662868,4083744
2011-12-07,252.662868,260.254878,251.431528,258.992691,258.992691,11419376
2011-12-08,258.992691,262.158290,258.955201,262.120348,262.120348,4293308
2011-12-09,262.120348,268.195527,260.253949,266.299371,266.299371,10753394
2011-12-12,266.299371,266.638672,261.669912,262.003739,262.003739,3190735
2011-12-13,262.003739,263.545969,260.297719,261.838979,261.838979,5858126
2011-12-14,261.838979,264.804903,261.201384,264.161653,264.161653,6279396
2011-12-15,264.161653,266.786335,263.460380,266.079970,266.079970,10122280
2011-12-16,266.079970,266.254336,264.709664,264.883246,264.883246,6691806
2011-12-19,264.883246,266.703832,263.923279,265.740759,265.740759,5327166
2011-12-20,265.740759,270.110935,264.785621,269.143567,269.143567,4993197
2011-12-21,269.143567,269.614066,265.150466,265.614797,265.614797,9660337
2011-12-22,265.614797,272.922802,265.184074,272.480945,272.480945,5227696
2011-12-23,272.480945,272.928226,270.138493,270.582658,270.582658,9291242
2011-12-26,270.582658,271.285867,270.020433,270.723349,270.723349,5004070
2011-12-27,270.723349,271.888400,270.330426,271.494358,271.494358,10456639
2011-12-28,271.494358,272.739065,269.800123,271.042759,271.042759,4446734
2011-12-29,271.042759,271.936100,269.596590,270.488102,270.488102,7435384
2011-12-30,270.488102,271.472922,264.930681,265.898792,265.898792,6232212
2012-01-02,265.898792,274.784036,265.307268,274.174102,274.174102,4685305
2012-01-03,274.174102,278.182537,271.953621,275.947693,275.947693,7729796
2012-01-04,275.947693,277.043020,270.688805,271.767540,271.767540,8468072
2012-01-05,271.767540,277.360920,270.905540,276.483961,276.483961,5703630
2012-01-06,276.483961,276.516191,265.778128,265.809114,265.809114,3739257
2012-01-09,265.809114,266.925768,260.204952,261.302675,261.302675,8068969
2012-01-10,261.302675,261.391403,260.746992,260.835562,260.835562,5738268
2012-01-11,260.835562,262.440581,260.022824,261.625382,261.625382,5460888
2012-01-12,261.625382,262.099659,251.566833,252.023705,252.023705,7210097
2012-01-13,252.023705,254.292874,251.648199,253.914552,253.914552,7622407
2012-01-16,253.914552,255.028653,252.066403,253.177270,253.177270,5343721
2012-01-17,253.177270,256.233338,252.672054,255.723041,255.723041,4742557
2012-01-18,255.723041,255.915674,254.057941,254.249463,254.249463,12171273
2012-01-19,254.249463,257.650583,252.641171,256.031021,256.031021,6661509
2012-01-20,256.031021,257.557450,252.956034,254.473175,254.473175,7961332
2012-01-23,254.473175,260.048611,254.150739,259.719528,259.719528,3615129
2012-01-24,259.719528,263.057853,257.383978,260.713366,260.713366,7140365
2012-01-25,260.713366,262.795152,258.293778,260.372844,260.372844,8015268
2012-01-26,260.372844,265.374557,260.080549,265.076981,265.076981,5446755
2012-01-27,265.076981,266.348901,262.773402,264.040348,264.040348,13909106
2012-01-30,264.040348,264.404494,258.762365,259.119725,259.119725,7091959
2012-01-31,259.119725,259.617286,257.335565,257.830651,257.830651,3411733
2012-02-01,257.830651,260.182937,256.348649,258.695961,258.695961,9978692
2012-02-02,258.695961,261.159263,258.252719,260.712565,260.712565,12613688
2012-02-03,260.712565,264.556917,258.787067,262.617351,262.617351,5739252
2012-02-06,262.617351,263.802067,259.064112,260.238094,260.238094,5073515
2012-02-07,260.238094,262.018871,259.175793,260.953649,260.953649,3720394
2012-02-08,260.953649,263.780752,260.440465,263.263027,263.263027,7710058
2012-02-09,263.263027,263.675499,260.060400,260.468494,260.468494,6457515
2012-02-10,260.468494,260.816543,258.177092,258.522540,258.522540,4902247
2012-02-13,258.522540,264.457827,257.078753,262.989095,262.989095,7282705
2012-02-14,262.989095,265.784178,253.123589,255.842719,255.842719,4328215
2012-02-15,255.842719,263.997136,254.741060,262.865238,262.865238,5386359
2012-02-16,262.865238,264.812669,259.436105,261.372476,261.372476,5571503
2012-02-17,261.372476,261.985571,255.928732,256.530469,256.530469,5076140
2012-02-20,256.530469,257.441489,252.632292,253.532666,253.532666,5527737
2012-02-21,253.532666,254.772706,248.841400,250.064477,250.064477,4099316
2012-02-22,250.064477,252.358029,239.516908,241.734054,241.734054,5756402
2012-02-23,241.734054,241.803913,240.395386,240.464878,240.464878,6756473
2012-02-24,240.464878,241.339719,237.490751,238.357927,238.357927,2776642
2012-02-27,238.357927,241.118425,237.332354,240.085419,240.085419,9790328
2012-02-28,240.085419,241.023277,232.139423,233.049797,233.049797,6755141
2012-02-29,233.049797,233.100150,230.838072,230.887958,230.887958,3789379
2012-03-01,230.887958,235.566445,230.036920,234.701351,234.701351,5436064
2012-03-02,234.701351,235.728424,230.509113,231.522274,231.522274,6648256
2012-03-05,231.522274,234.129241,230.242456,232.842127,232.842127,8704143
2012-03-06,232.842127,233.419530,231.961359,232.538008,232.538008,10738009
2012-03-07,232.538008,236.085551,231.924581,235.464404,235.464404,4480810
2012-03-08,235.464404,238.640001,234.180061,237.345398,237.345398,6069361
2012-03-09,237.345398,238.810438,235.636318,237.099843,237.099843,6766592
2012-03-12,237.099843,245.206982,236.580825,244.671390,244.671390,6766801
2012-03-13,244.671390,244.724764,242.260389,242.313250,242.313250,10694211
2012-03-14,242.313250,248.011996,242.092356,247.786114,247.786114,5468713
2012-03-15,247.786114,249.797669,243.463597,245.456237,245.456237,4435113
2012-03-16,245.456237,246.036482,241.123067,241.694419,241.694419,5066592
2012-03-19,241.694419,241.796626,235.860390,235.960171,235.960171,11898399
2012-03-20,235.960171,242.206973,234.438965,240.655496,240.655496,7644804
2012-03-21,240.655496,246.423043,240.050652,245.805256,245.805256,3720304
2012-03-22,245.805256,246.617285,242.381960,243.185334,243.185334,2815202
2012-03-23,243.185334,243.773447,242.826782,243.414556,243.414556,13117205
2012-03-26,243.414556,245.427661,239.654375,241.652910,241.652910,8915632
2012-03-27,241.652910,241.705894,235.269151,235.320747,235.320747,6608987
2012-03-28,235.320747,236.822483,231.620771,233.108389,233.108389,7238722
2012-03-29,233.108389,235.411698,233.065189,235.368079,235.368079,3943178
2012-03-30,235.368079,236.520837,226.354808,227.468878,227.468878,6567146
2012-04-02,227.468878,227.773451,226.909316,227.213547,227.213547,10953876
2012-04-03,227.213547,228.313014,222.487247,223.569079,223.569079,9393403
2012-04-04,223.569079,231.219019,222.826901,230.453985,230.453985,7821811
2012-04-05,230.453985,237.086853,229.493978,236.103313,236.103313,13201526
2012-04-06,236.103313,237.690790,231.705558,233.274012,233.274012,10258971
2012-04-09,233.274012,237.859443,231.565548,236.130062,236.130062,6468428
2012-04-10,236.130062,238.245144,235.139595,237.249980,237.249980,3940715
2012-04-11,237.249980,237.977753,233.774907,234.494227,234.494227,11304627
2012-04-12,234.494227,235.464770,232.198562,233.163598,233.163598,4545162
2012-04-13,233.163598,233.211162,230.522954,230.569989,230.569989,7954735
2012-04-16,230.569989,233.300170,230.452697,233.181550,233.181550,5026339
2012-04-17,233.181550,234.420605,226.782935,227.994427,227.994427,4391264
2012-04-18,227.994427,229.877904,226.684900,228.565098,228.565098,6195312
2012-04-19,228.565098,230.668380,227.986944,230.086377,230.086377,4539135
2012-04-20,230.086377,231.190098,224.877405,225.961338,225.961338,4927073
2012-04-23,225.961338,227.344290,225.781403,227.163398,227.163398,6764576
2012-04-24,227.163398,229.053237,226.933924,228.822087,228.822087,7215838
2012-04-25,228.822087,229.871836,225.040933,226.078093,226.078093,4623666
2012-04-26,226.078093,228.857336,224.316620,227.087994,227.087994,5422353
2012-04-27,227.087994,239.261562,226.408412,238.547686,238.547686,2185921
2012-04-30,238.547686,245.194617,237.743356,244.370653,244.370653,5735595
2012-05-01,244.370653,253.393515,243.954054,252.962269,252.962269,10891942
2012-05-02,252.962269,259.637419,251.930560,258.582788,258.582788,4368166
2012-05-03,258.582788,265.338027,258.042298,264.784575,264.784575,5375888
2012-05-04,264.784575,265.166520,263.253060,263.633345,263.633345,5608429
2012-05-07,263.633345,267.344292,263.381072,267.088712,267.088712,10232596
2012-05-08,267.088712,269.255055,265.478932,267.641940,267.641940,7594284
2012-05-09,267.641940,269.892579,265.990913,268.237876,268.237876,3847337
2012-05-10,268.237876,270.261606,267.916766,269.938460,269.938460,6782975
2012-05-11,269.938460,270.178484,264.268785,264.503976,264.503976,4779543
2012-05-14,264.503976,265.707715,262.402134,263.601767,263.601767,5615110
2012-05-15,263.601767,264.561820,257.199427,258.139585,258.139585,8349317
2012-05-16,258.139585,259.295904,252.671834,253.808753,253.808753,5895839
2012-05-17,253.808753,253.971773,252.389196,252.551408,252.551408,4734514
2012-05-18,252.551408,253.013614,249.706871,250.164709,250.164709,4885398
2012-05-21,250.164709,253.297250,249.580089,252.706690,252.706690,5382109
2012-05-22,252.706690,253.107678,247.755716,248.149474,248.149474,7469868
2012-05-23,248.149474,249.467281,247.122317,248.438925,248.438925,3843107
2012-05-24,248.438925,249.063399,240.108240,240.713295,240.713295,6647088
2012-05-25,240.713295,242.569121,240.269291,242.122517,242.122517,8175599
2012-05-28,242.122517,243.372732,241.472658,242.721265,242.721265,3999751
2012-05-29,242.721265,243.696681,242.351537,243.326031,243.326031,6025402
2012-05-30,243.326031,243.891330,238.149037,238.703597,238.703597,8922920
2012-05-31,238.703597,246.409460,238.200563,245.891279,245.891279,5448158
2012-06-01,245.891279,253.611262,244.261282,251.941160,251.941160,3820508
2012-06-04,251.941160,254.723175,250.041771,252.817182,252.817182,4837648
2012-06-05,252.817182,254.219777,245.198212,246.566127,246.566127,8886008
2012-06-06,246.566127,250.261792,246.287174,249.978977,249.978977,4549170
2012-06-07,249.978977,254.046847,248.961178,253.016681,253.016681,7052625
2012-06-08,253.016681,254.715247,246.105094,247.768427,247.768427,7499239
2012-06-11,247.768427,248.734138,242.534121,243.483130,243.483130,3332459
2012-06-12,243.483130,244.820273,241.401527,242.734560,242.734560,11121744
2012-06-13,242.734560,244.143621,231.649178,233.001742,233.001742,4238026
2012-06-14,233.001742,237.076532,232.749427,236.820083,236.820083,5598185
2012-06-15,236.820083,237.096806,236.683087,236.959729,236.959729,6696954
2012-06-18,236.959729,239.976845,236.505979,239.518197,239.518197,4966211
2012-06-19,239.518197,239.537654,238.745394,238.764791,238.764791,6408337
2012-06-20,238.764791,239.223548,235.640193,236.093819,236.093819,7311579
2012-06-21,236.093819,253.045301,236.052942,253.001497,253.001497,8082744
2012-06-22,253.001497,254.645040,252.324250,253.965213,253.965213,6341065
2012-06-25,253.965213,257.423265,253.526659,256.979505,256.979505,5253411
2012-06-26,256.979505,261.064655,255.811235,259.883184,259.883184,6163794
2012-06-27,259.883184,260.547480,258.253446,258.915268,258.915268,11709510
2012-06-28,258.915268,274.704096,258.073541,273.813934,273.813934,5067770
2012-06-29,273.813934,277.760105,271.982217,275.914337,275.914337,4133728
2012-07-02,275.914337,277.240570,273.623874,274.945450,274.945450,6513937
2012-07-03,274.945450,280.380945,273.928376,279.347586,279.347586,5357531
2012-07-04,279.347586,281.076815,277.993817,279.721235,279.721235,5512069
2012-07-05,279.721235,298.759160,279.670314,298.704784,298.704784,5322798
2012-07-06,298.704784,312.521530,297.606945,311.377116,311.377116,4499695
2012-07-09,311.377116,312.960042,309.263160,310.843374,310.843374,5345305
2012-07-10,310.843374,315.897739,310.385100,315.432700,315.432700,4222205
2012-07-11,315.432700,317.511389,314.085190,316.160769,316.160769,3679731
2012-07-12,316.160769,316.193229,310.691127,310.723029,310.723029,3849107
2012-07-13,310.723029,315.740772,309.876095,314.882500,314.882500,9948121
2012-07-16,314.882500,315.576664,314.593362,315.287154,315.287154,7125195
2012-07-17,315.287154,319.385642,315.256394,319.354484,319.354484,7193054
2012-07-18,319.354484,326.983411,318.786409,326.402798,326.402798,5081416
2012-07-19,326.402798,327.905712,319.279252,320.756167,320.756167,3197122
2012-07-20,320.756167,322.079775,312.940347,314.237053,314.237053,6525214
2012-07-23,314.237053,320.381159,312.988347,319.113077,319.113077,5415756
2012-07-24,319.113077,319.166620,312.448326,312.500760,312.500760,6013334
2012-07-25,312.500760,313.065333,311.265370,311.828729,311.828729,6500824
2012-07-26,311.828729,322.507226,311.347597,322.010385,322.010385,8152880
2012-07-27,322.010385,322.273350,321.190107,321.452617,321.452617,4641393
2012-07-30,321.452617,322.157042,313.204068,313.891924,313.891924,12637562
2012-07-31,313.891924,314.931973,304.612350,305.625007,305.625007,8480241
2012-08-01,305.625007,306.517309,303.762887,304.652349,304.652349,5695404
2012-08-02,304.652349,304.851050,304.161937,304.360447,304.360447,7116051
2012-08-03,304.360447,304.504029,300.232890,300.374591,300.374591,10238655
2012-08-06,300.374591,306.993117,299.551133,306.153815,306.153815,10791793
2012-08-07,306.153815,308.549375,296.257227,298.593630,298.593630,5381474
2012-08-08,298.593630,302.622498,297.610353,301.629224,301.629224,5090066
2012-08-09,301.629224,303.008705,300.781078,302.159070,302.159070,3888569
2012-08-10,302.159070,304.529353,300.806776,303.172524,303.172524,6171852
2012-08-13,303.172524,305.378200,302.050978,304.252658,304.252658,9008665
2012-08-14,304.252658,304.315989,303.930184,303.993461,303.993461,5982720
2012-08-15,303.993461,305.356147,303.089941,304.451266,304.451266,5107955
2012-08-16,304.451266,304.830106,302.176173,302.552650,302.552650,9620136
2012-08-17,302.552650,305.753171,300.606750,303.799254,303.799254,5782531
2012-08-20,303.799254,311.296678,303.106401,310.588341,310.588341,2503312
2012-08-21,310.588341,313.293562,310.418234,313.122067,313.122067,8935546
2012-08-22,313.122067,314.023133,309.327750,310.220466,310.220466,5255520
2012-08-23,310.220466,312.151011,306.810604,308.731885,308.731885,6511328
2012-08-24,308.731885,309.290680,304.738779,305.291347,305.291347,5581267
2012-08-27,305.291347,306.700785,304.629639,306.037460,306.037460,10655919
2012-08-28,306.037460,309.382074,305.865452,309.208284,309.208284,4660206
2012-08-29,309.208284,309.639713,301.005942,301.426514,301.426514,5374022
2012-08-30,301.426514,304.156041,293.984256,296.670717,296.670717,4879615
2012-08-31,296.670717,297.713846,290.534611,291.559770,291.559770,4768433
2012-09-03,291.559770,292.606712,290.931385,291.977428,291.977428,7865433
2012-09-04,291.977428,292.344510,282.211921,282.567173,282.567173,9497629
2012-09-05,282.567173,286.929584,281.387899,285.737081,285.737081,6268560
2012-09-06,285.737081,289.634730,283.411344,287.296302,287.296302,7340455
2012-09-07,287.296302,288.016550,284.829235,285.545092,285.545092,5194697
2012-09-10,285.545092,291.287008,284.436320,290.160316,290.160316,7789861
2012-09-11,290.160316,292.353806,289.567182,291.757408,291.757408,5323632
2012-09-12,291.757408,295.605225,290.519853,294.356645,294.356645,13502999
2012-09-13,294.356645,297.195022,292.766705,295.598376,295.598376,4579306
2012-09-14,295.598376,296.804972,295.160701,296.366161,296.366161,4433340
2012-09-17,296.366161,299.320560,295.004976,297.952091,297.952091,7089696
2012-09-18,297.952091,307.302209,296.892071,306.212800,306.212800,5800983
2012-09-19,306.212800,307.067667,298.109067,298.943641,298.943641,9679434
2012-09-20,298.943641,303.623728,298.507071,303.180969,303.180969,4003915
2012-09-21,303.180969,304.014826,303.075090,303.908692,303.908692,8940785
2012-09-24,303.908692,306.381806,297.400542,299.840551,299.840551,5576547
2012-09-25,299.840551,301.546363,298.855559,300.559012,300.559012,8604550
2012-09-26,300.559012,305.865314,300.268176,305.569629,305.569629,4853891
2012-09-27,305.569629,308.204596,304.972463,307.603455,307.603455,9461155
2012-09-28,307.603455,308.841192,306.150832,307.387701,307.387701,9634283
2012-10-01,307.387701,315.871175,306.686282,315.152039,315.152039,2960844
2012-10-02,315.152039,315.739263,315.104209,315.691351,315.691351,11389267
2012-10-03,315.691351,318.493600,315.278238,318.077365,318.077365,5064165
2012-10-04,318.077365,338.839812,317.198600,337.906266,337.906266,4554338
2012-10-05,337.906266,339.615120,333.084265,334.777296,334.777296,4852782
2012-10-08,334.777296,337.925190,333.502401,336.643190,336.643190,2492999
2012-10-09,336.643190,347.136341,336.343806,346.827900,346.827900,7441697
2012-10-10,346.827900,349.599111,335.904159,338.609705,338.609705,9564706
2012-10-11,338.609705,344.710952,338.450016,344.548462,344.548462,6374176
2012-10-12,344.548462,344.562278,344.281823,344.295628,344.295628,10215888
2012-10-15,344.295628,347.497180,338.298061,341.473369,341.473369,5251661
2012-10-16,341.473369,341.546775,333.020948,333.092552,333.092552,6987957
2012-10-17,333.092552,333.686032,327.435891,328.020334,328.020334,9261693
2012-10-18,328.020334,334.845295,326.431926,333.231651,333.231651,4460531
2012-10-19,333.231651,334.780777,328.654295,330.189277,330.189277,5897668
2012-10-22,330.189277,332.657853,323.718284,326.156711,326.156711,14194618
2012-10-23,326.156711,327.367065,319.468850,320.658801,320.658801,4785301
2012-10-24,320.658801,321.215810,317.697961,318.250787,318.250787,5576681
2012-10-25,318.250787,322.848966,316.215059,320.796951,320.796951,5953889
2012-10-26,320.796951,325.578647,319.166859,323.932622,323.932622,7531373
2012-10-29,323.932622,332.785724,323.781751,332.630801,332.630801,7367938
2012-10-30,332.630801,338.024343,331.713922,337.095159,337.095159,4986431
2012-10-31,337.095159,337.531171,335.024970,335.458867,335.458867,9011560
2012-11-01,335.458867,338.048017,334.853737,337.439315,337.439315,6025977
2012-11-02,337.439315,343.163261,335.712130,341.415722,341.415722,11112083
2012-11-05,341.415722,342.613376,338.908541,340.101585,340.101585,4585731
2012-11-06,340.101585,341.097735,334.673518,335.656650,335.656650,5393249
2012-11-07,335.656650,342.984470,335.028394,342.343698,342.343698,5914994
2012-11-08,342.343698,342.912702,332.686414,333.240288,333.240288,7292081
2012-11-09,333.240288,335.801226,327.535435,330.072025,330.072025,6381226
2012-11-12,330.072025,330.153883,325.695505,325.776298,325.776298,4869160
2012-11-13,325.776298,329.207395,320.582328,323.994660,323.994660,7491500
2012-11-14,323.994660,326.127030,317.514202,319.617765,319.617765,6137484
2012-11-15,319.617765,319.949280,312.109844,312.433908,312.433908,5410787
2012-11-16,312.433908,315.263107,310.114575,312.940017,312.940017,5411465
2012-11-19,312.940017,313.146711,308.153318,308.356985,308.356985,6097911
2012-11-20,308.356985,312.563676,307.158770,311.353816,311.353816,4443716
2012-11-21,311.353816,319.838864,310.900433,319.373803,319.373803,5600687
2012-11-22,319.373803,327.565243,318.736681,326.913081,326.913081,4435258
2012-11-23,326.913081,327.073070,322.796605,322.954657,322.954657,4231670
2012-11-26,322.954657,323.260247,313.608045,313.905073,313.905073,3973833
2012-11-27,313.905073,317.331941,313.814065,317.239967,317.239967,5775533
2012-11-28,317.239967,319.686112,316.179096,318.620624,318.620624,4338402
2012-11-29,318.620624,323.585979,318.441792,323.404462,323.404462,4643753
2012-11-30,323.404462,328.270426,321.416060,326.264441,326.264441,2286092
2012-12-03,326.264441,327.032995,320.534603,321.291442,321.291442,6418083
2012-12-04,321.291442,323.001166,316.696307,318.390594,318.390594,7109201
2012-12-05,318.390594,320.126320,313.643836,315.363057,315.363057,5559299
2012-12-06,315.363057,317.348859,312.387224,314.366753,314.366753,7152977
2012-12-07,314.366753,315.602588,309.942507,311.165758,311.165758,10716819
2012-12-10,311.165758,312.008008,285.236500,286.010661,286.010661,3326706
2012-12-11,286.010661,294.863854,285.070337,293.897600,293.897600,5354323
2012-12-12,293.897600,294.939921,290.966065,292.001662,292.001662,4425209
2012-12-13,292.001662,299.362474,290.387893,297.717118,297.717118,9432728
2012-12-14,297.717118,301.602266,297.020311,300.898014,300.898014,4438452
2012-12-17,300.898014,307.634525,300.678130,307.409881,307.409881,5383015
2012-12-18,307.409881,314.699162,306.306443,313.573599,313.573599,11942667
2012-12-19,313.573599,314.540523,310.592574,311.553268,311.553268,7963801
2012-12-20,311.553268,322.035270,311.539258,322.020789,322.020789,4018343
2012-12-21,322.020789,323.043238,310.375479,311.364092,311.364092,4523683
2012-12-24,311.364092,313.436664,294.138163,296.109192,296.109192,5428518
2012-12-25,296.109192,296.462413,294.246970,294.598389,294.598389,3722166
2012-12-26,294.598389,295.531037,294.480415,295.412737,295.412737,5253582
2012-12-27,295.412737,302.134434,293.461188,300.151579,300.151579,6344002
2012-12-28,300.151579,307.094216,299.987910,306.926852,306.926852,5574924
2012-12-31,306.926852,311.830496,305.982706,310.874208,310.874208,4276373
2013-01-01,310.874208,314.670660,309.096312,312.881285,312.881285,4518969
2013-01-02,312.881285,323.508340,311.361024,321.944044,321.944044,5563147
2013-01-03,321.944044,323.066934,316.529998,317.637869,317.637869,5239484
2013-01-04,317.637869,320.141378,316.831763,319.330976,319.330976,2354535
2013-01-07,319.330976,321.490585,309.116900,311.221666,311.221666,4866219
2013-01-08,311.221666,311.226582,306.962105,306.966953,306.966953,2661650
2013-01-09,306.966953,316.591271,305.452287,315.036786,315.036786,13630205
2013-01-10,315.036786,316.772820,314.971951,316.707641,316.707641,7903904
2013-01-11,316.707641,327.855205,315.374678,326.481107,326.481107,3807768
2013-01-14,326.481107,332.465213,325.071080,331.035517,331.035517,2693606
2013-01-15,331.035517,336.441587,330.872929,336.276425,336.276425,6492256
2013-01-16,336.276425,345.931274,336.204852,345.857663,345.857663,9154690
2013-01-17,345.857663,346.107948,345.405802,345.655942,345.655942,5753357
2013-01-18,345.655942,347.928601,343.598161,345.869549,345.869549,10921743
2013-01-21,345.869549,347.809977,343.361036,345.298259,345.298259,6999593
2013-01-22,345.298259,345.560456,343.457625,343.718622,343.718622,3804189
2013-01-23,343.718622,344.648697,336.104443,337.016382,337.016382,7292458
2013-01-24,337.016382,340.188764,334.601267,337.768261,337.768261,6731648
2013-01-25,337.768261,343.815043,337.389076,343.429503,343.429503,7064726
2013-01-28,343.429503,344.413181,336.561337,337.528111,337.528111,5389325
2013-01-29,337.528111,339.713745,335.672832,337.856660,337.856660,4822393
2013-01-30,337.856660,340.644769,329.404480,332.145458,332.145458,5277405
2013-01-31,332.145458,332.256157,329.357670,329.467478,329.467478,5268994
2013-02-01,329.467478,342.282611,328.763376,341.552683,341.552683,8354916
2013-02-04,341.552683,342.139942,339.848657,340.433992,340.433992,9691160
2013-02-05,340.433992,342.820674,339.789413,342.172802,342.172802,11151115
2013-02-06,342.172802,342.937336,336.320087,337.073226,337.073226,13146753
2013-02-07,337.073226,337.676832,326.449058,327.034689,327.034689,4517820
2013-02-08,327.034689,331.771275,325.884199,330.608214,330.608214,8225322
2013-02-11,330.608214,330.771538,327.317374,327.479152,327.479152,5867493
2013-02-12,327.479152,328.940902,326.068610,327.530141,327.530141,6658734
2013-02-13,327.530141,328.945528,322.756701,324.157513,324.157513,5585195
2013-02-14,324.157513,327.022807,323.624962,326.486430,326.486430,5080474
2013-02-15,326.486430,329.233044,325.416303,328.157440,328.157440,5641685
2013-02-18,328.157440,335.465009,326.235230,333.511437,333.511437,7933297
2013-02-19,333.511437,339.475808,330.217876,336.156130,336.156130,2850288
2013-02-20,336.156130,336.243485,334.801191,334.888217,334.888217,5545612
2013-02-21,334.888217,335.076538,327.542535,327.726829,327.726829,4233306
2013-02-22,327.726829,329.379980,326.434663,328.086396,328.086396,4890854
2013-02-25,328.086396,331.578606,326.875516,330.359337,330.359337,8251508
2013-02-26,330.359337,339.514382,329.849022,338.990734,338.990734,5582934
2013-02-27,338.990734,345.125641,337.812068,343.929803,343.929803,6255049
2013-02-28,343.929803,348.123445,343.737462,347.928868,347.928868,7884324
2013-03-01,347.928868,356.780668,346.849818,355.677587,355.677587,8743107
2013-03-04,355.677587,356.376372,352.041503,352.734506,352.734506,10648295
2013-03-05,352.734506,365.654159,349.428113,362.258492,362.258492,4582233
2013-03-06,362.258492,362.884879,354.262366,354.875987,354.875987,7811661
2013-03-07,354.875987,355.532650,353.747862,354.403651,354.403651,6389840
2013-03-08,354.403651,354.538587,353.488437,353.623076,353.623076,3169630
2013-03-11,353.623076,357.195127,352.581283,356.145902,356.145902,5654363
2013-03-12,356.145902,361.165752,355.383591,360.394347,360.394347,3813217
2013-03-13,360.394347,377.675932,357.655927,374.827840,374.827840,8505389
2013-03-14,374.827840,376.600309,373.777492,375.547943,375.547943,4233335
2013-03-15,375.547943,377.057924,370.231670,371.726284,371.726284,5930940
2013-03-18,371.726284,374.032918,370.991209,373.294741,373.294741,3983844
2013-03-19,373.294741,373.828917,366.014149,366.538656,366.538656,8787356
2013-03-20,366.538656,370.535490,364.599645,368.585650,368.585650,6753215
2013-03-21,368.585650,373.125446,367.747234,372.278630,372.278630,4933782
2013-03-22,372.278630,373.487425,366.635903,367.830254,367.830254,6156490
2013-03-25,367.830254,368.641162,362.455012,363.255835,363.255835,4631969
2013-03-26,363.255835,364.515205,361.094446,362.350678,362.350678,7067756
2013-03-27,362.350678,370.383739,360.001751,367.998202,367.998202,9046645
2013-03-28,367.998202,372.473660,367.508029,371.978185,371.978185,5399734
2013-03-29,371.978185,373.212892,368.623741,369.851388,369.851388,4109823
2013-04-01,369.851388,370.739316,360.471458,361.338950,361.338950,13620729
2013-04-02,361.338950,361.358105,354.398646,354.417434,354.417434,6943182
2013-04-03,354.417434,355.717039,345.770835,347.043400,347.043400,6039632
2013-04-04,347.043400,347.760801,345.434103,346.149657,346.149657,6127055
2013-04-05,346.149657,348.016915,345.737564,347.603091,347.603091,8016647
2013-04-08,347.603091,355.852395,345.851494,354.068220,354.068220,4329876
2013-04-09,354.068220,363.582756,352.613894,362.095459,362.095459,10407327
2013-04-10,362.095459,367.359360,359.710734,364.955798,364.955798,3327534
2013-04-11,364.955798,369.422959,363.609901,368.065594,368.065594,6405191
2013-04-12,368.065594,377.763826,367.242716,376.921150,376.921150,4779883
2013-04-15,376.921150,377.415676,361.433746,361.908575,361.908575,5844592
2013-04-16,361.908575,362.453337,357.059206,357.597478,357.597478,5730678
2013-04-17,357.597478,368.401684,357.320106,368.116153,368.116153,6099264
2013-04-18,368.116153,372.120238,366.969330,370.964541,370.964541,3773077
2013-04-19,370.964541,377.434842,370.002349,376.458400,376.458400,6380317
2013-04-22,376.458400,378.680864,371.418958,373.624693,373.624693,10126725
2013-04-23,373.624693,383.468286,372.978818,382.806538,382.806538,5127868
2013-04-24,382.806538,389.120504,378.660780,384.951516,384.951516,7419301
2013-04-25,384.951516,385.693843,384.541837,385.283810,385.283810,4685506
2013-04-26,385.283810,386.457624,381.523249,382.689158,382.689158,6885125
2013-04-29,382.689158,385.303955,372.513811,375.076595,375.076595,8884072
2013-04-30,375.076595,378.193639,373.892533,377.003494,377.003494,4459737
2013-05-01,377.003494,378.144175,376.761289,377.901394,377.901394,6928057
2013-05-02,377.901394,382.209538,367.457508,371.694897,371.694897,5610258
2013-05-03,371.694897,374.337163,366.896473,369.523302,369.523302,7285811
2013-05-06,369.523302,378.526507,368.121677,377.096158,377.096158,9873817
2013-05-07,377.096158,377.530236,368.497799,368.922468,368.922468,7511494
2013-05-08,368.922468,371.653671,368.261982,370.989483,370.989483,5762760
2013-05-09,370.989483,373.703749,369.071900,371.782070,371.782070,9228824
2013-05-10,371.782070,373.662166,368.847561,370.722298,370.722298,8566179
2013-05-13,370.722298,385.996049,370.559076,385.826177,385.826177,3771205
2013-05-14,385.826177,389.174279,383.663873,387.005366,387.005366,8588814
2013-05-15,387.005366,390.170766,385.740664,388.899873,388.899873,7163116
2013-05-16,388.899873,392.896110,387.684791,391.672366,391.672366,5991385
2013-05-17,391.672366,393.643519,379.739642,381.660409,381.660409,5554747
2013-05-20,381.660409,382.202727,378.241811,378.780036,378.780036,5296571
2013-05-21,378.780036,381.564077,376.717396,379.497530,379.497530,6721478
2013-05-22,379.497530,381.364958,377.996330,379.862315,379.862315,5082573
2013-05-23,379.862315,379.978615,378.259019,378.374864,378.374864,4274749
2013-05-24,378.374864,378.473110,372.848525,372.945362,372.945362,4818927
2013-05-27,372.945362,376.931844,371.259836,375.235966,375.235966,5204964
2013-05-28,375.235966,376.227308,370.260484,371.241272,371.241272,6102426
2013-05-29,371.241272,372.454054,363.978398,365.171351,365.171351,5608933
2013-05-30,365.171351,370.146197,365.123487,370.097688,370.097688,3711618
2013-05-31,370.097688,371.178844,369.663485,370.743883,370.743883,5826075
2013-06-03,370.743883,379.405983,368.865138,377.493037,377.493037,4405385
2013-06-04,377.493037,388.541179,377.375805,388.420553,388.420553,5578887
2013-06-05,388.420553,399.137102,386.486269,397.159300,397.159300,3619876
2013-06-06,397.159300,400.520838,397.144084,400.505493,400.505493,14513993
2013-06-07,400.505493,409.396651,398.576923,407.434715,407.434715,6912788
2013-06-10,407.434715,411.842003,405.924895,410.321486,410.321486,5310549
2013-06-11,410.321486,411.342433,406.732078,407.746618,407.746618,3950349
2013-06-12,407.746618,409.666940,405.870966,407.791083,407.791083,5521192
2013-06-13,407.791083,409.793107,401.835782,403.818302,403.818302,5193529
2013-06-14,403.818302,405.938693,402.203218,404.321596,404.321596,6821444
2013-06-17,404.321596,405.012910,397.039346,397.719371,397.719371,3771339
2013-06-18,397.719371,399.962670,396.739135,398.979329,398.979329,5981388
2013-06-19,398.979329,399.280409,398.044756,398.345358,398.345358,5068400
2013-06-20,398.345358,401.296308,398.237975,401.188158,401.188158,5423890
2013-06-21,401.188158,402.883318,395.899148,397.579058,397.579058,3142324
2013-06-24,397.579058,398.096791,393.670164,394.183475,394.183475,5112888
2013-06-25,394.183475,394.823401,391.367505,392.003892,392.003892,5915430
2013-06-26,392.003892,393.389243,391.459809,392.843994,392.843994,4119180
2013-06-27,392.843994,399.577062,390.625475,397.333191,397.333191,10737962
2013-06-28,397.333191,403.525565,396.683403,402.866728,402.866728,5289790
2013-07-01,402.866728,403.186503,402.529394,402.849155,402.849155,7010011
2013-07-02,402.849155,405.569327,396.287675,398.981734,398.981734,5358775
2013-07-03,398.981734,399.388243,395.025064,395.427952,395.427952,4561942
2013-07-04,395.427952,399.657132,393.842301,398.060922,398.060922,5713865
2013-07-05,398.060922,400.747216,391.391217,394.050446,394.050446,7039202
2013-07-08,394.050446,394.666771,392.001281,392.615361,392.615361,4880929
2013-07-09,392.615361,394.874948,392.306627,394.564681,394.564681,7952154
2013-07-10,394.564681,404.361290,393.117270,402.883364,402.883364,5872511
2013-07-11,402.883364,405.942360,401.267968,404.321199,404.321199,8889657
2013-07-12,404.321199,409.403973,402.539882,407.608174,407.608174,7866814
2013-07-15,407.608174,416.104035,405.513926,413.977064,413.977064,3342554
2013-07-16,413.977064,417.183609,401.541985,404.676491,404.676491,6905159
2013-07-17,404.676491,409.318116,404.322682,408.960562,408.960562,3935800
2013-07-18,408.960562,415.071093,407.628286,413.723301,413.723301,4471285
2013-07-19,413.723301,415.302799,410.855250,412.429809,412.429809,3739949
2013-07-22,412.429809,418.234125,412.419883,418.224058,418.224058,6618185
2013-07-23,418.224058,420.507064,410.723177,412.977543,412.977543,6277358
2013-07-24,412.977543,415.289602,412.751100,415.062016,415.062016,3939907
2013-07-25,415.062016,417.013069,413.399078,415.348981,415.348981,7618770
2013-07-26,415.348981,419.807155,413.452741,417.899272,417.899272,4828259
2013-07-29,417.899272,423.965899,415.351054,421.396356,421.396356,5730244
2013-07-30,421.396356,437.356190,420.032943,435.945703,435.945703,8210035
2013-07-31,435.945703,436.253956,429.796778,430.100899,430.100899,10237249
2013-08-01,430.100899,431.144970,429.075922,430.119948,430.119948,4805076
2013-08-02,430.119948,430.967298,428.709574,429.555813,429.555813,4400272
2013-08-05,429.555813,437.555174,426.078609,434.041658,434.041658,2871813
2013-08-06,434.041658,441.871462,431.539978,439.339249,439.339249,10887182
2013-08-07,439.339249,443.564821,438.084834,442.301946,442.301946,6161799
2013-08-08,442.301946,455.244534,441.867813,454.798136,454.798136,6515151
2013-08-09,454.798136,456.559111,454.485963,456.245944,456.245944,5347090
2013-08-12,456.245944,468.979943,455.851163,468.574493,468.574493,5419194
2013-08-13,468.574493,470.863758,466.107081,468.395471,468.395471,5827213
2013-08-14,468.395471,469.484546,466.623078,467.710561,467.710561,3615965
2013-08-15,467.710561,467.988441,467.706190,467.984067,467.984067,6133362
2013-08-16,467.984067,472.707978,466.913848,471.629422,471.629422,10609954
2013-08-19,471.629422,476.599595,470.700146,475.662373,475.662373,4017590
2013-08-20,475.662373,476.879339,471.312851,472.521782,472.521782,14476790
2013-08-21,472.521782,474.747111,462.408845,464.596851,464.596851,8265830
2013-08-22,464.596851,464.786500,462.746106,462.935077,462.935077,8718084
2013-08-23,462.935077,464.461722,453.151311,454.650636,454.650636,5458792
2013-08-26,454.650636,467.478414,453.793597,466.598852,466.598852,6568825
2013-08-27,466.598852,470.487893,466.249665,470.136059,470.136059,5948767
2013-08-28,470.136059,471.987409,462.611240,464.440161,464.440161,3827588
2013-08-29,464.440161,469.048573,462.207425,466.804471,466.804471,7162385
2013-08-30,466.804471,487.564445,463.988415,484.640790,484.640790,6730698
2013-09-02,484.640790,484.954501,469.962140,470.266547,470.266547,5651139
2013-09-03,470.266547,470.441738,460.277172,460.448706,460.448706,6611440
2013-09-04,460.448706,465.895235,458.610491,464.042672,464.042672,4444232
2013-09-05,464.042672,465.100728,460.265528,461.317370,461.317370,2965885
2013-09-06,461.317370,463.616826,460.136191,462.432790,462.432790,5512718
2013-09-09,462.432790,463.797289,457.979316,459.334673,459.334673,12047618
2013-09-10,459.334673,464.178636,450.980571,455.787123,455.787123,10123972
2013-09-11,455.787123,457.471013,443.018503,444.661288,444.661288,5970723
2013-09-12,444.661288,446.791192,440.130262,442.248610,442.248610,3822097
2013-09-13,442.248610,444.939821,437.666036,440.345667,440.345667,12535535
2013-09-16,440.345667,448.022055,440.194787,447.868598,447.868598,11812716
2013-09-17,447.868598,457.697617,445.849760,455.643731,455.643731,5964714
2013-09-18,455.643731,459.504448,454.095397,457.948282,457.948282,3066030
2013-09-19,457.948282,458.159157,446.807876,447.013717,447.013717,7451768
2013-09-20,447.013717,448.470997,444.986271,446.441687,446.441687,8679336
2013-09-23,446.441687,449.762224,444.195076,447.510236,447.510236,3909147
2013-09-24,447.510236,449.415336,441.313051,443.199802,443.199802,2625386
2013-09-25,443.199802,444.735480,442.192087,443.726567,443.726567,7631039
2013-09-26,443.726567,444.073796,442.076012,442.422220,442.422220,12257588
2013-09-27,442.422220,450.144865,440.193288,447.888394,447.888394,5352113
2013-09-30,447.888394,450.853766,447.476496,450.439521,450.439521,5156355
2013-10-01,450.439521,460.598620,447.682828,457.796900,457.796900,7696199
2013-10-02,457.796900,458.065384,444.354377,444.615130,444.615130,3836303
2013-10-03,444.615130,453.934905,443.542656,452.842585,452.842585,7491254
2013-10-04,452.842585,454.372136,443.192634,444.694665,444.694665,27288075
2013-10-07,444.694665,447.369869,444.613239,447.287967,447.287967,13093337
2013-10-08,447.287967,454.026115,447.227489,453.964734,453.964734,4545857
2013-10-09,453.964734,457.316826,453.736689,457.087212,457.087212,5889210
2013-10-10,457.087212,459.326964,438.653265,440.813273,440.813273,6951622
2013-10-11,440.813273,442.716344,432.624686,434.500504,434.500504,7995194
2013-10-14,434.500504,437.379144,421.490833,424.301906,424.301906,6329603
2013-10-15,424.301906,427.381659,418.384249,421.443253,421.443253,3854098
2013-10-16,421.443253,421.948277,418.510323,419.012434,419.012434,4073917
2013-10-17,419.012434,424.824347,418.104175,423.905482,423.905482,5713490
2013-10-18,423.905482,425.744073,411.990857,413.785555,413.785555,4834201
2013-10-21,413.785555,415.861730,413.701029,415.776797,415.776797,10017711
2013-10-22,415.776797,418.056534,414.386074,416.662847,416.662847,6410793
2013-10-23,416.662847,423.884084,416.004361,423.215244,423.215244,4336644
2013-10-24,423.215244,426.082687,421.392526,424.255489,424.255489,4601783
2013-10-25,424.255489,429.302009,423.885434,428.927878,428.927878,3506776
2013-10-28,428.927878,431.360788,427.395167,429.824871,429.824871,10467032
2013-10-29,429.824871,440.480514,428.500890,439.127876,439.127876,6488507
2013-10-30,439.127876,439.820378,422.921132,423.589130,423.589130,6058336
2013-10-31,423.589130,424.051777,418.336887,418.794298,418.794298,6075941
2013-11-01,418.794298,433.067422,417.825637,432.068060,432.068060,6658683
2013-11-04,432.068060,433.110578,426.973651,428.006369,428.006369,5925453
2013-11-05,428.006369,429.481977,420.895084,422.351195,422.351195,11947691
2013-11-06,422.351195,429.316644,420.345054,427.287058,427.287058,4540642
2013-11-07,427.287058,428.650489,424.275971,425.634128,425.634128,6357643
2013-11-08,425.634128,434.512698,424.285138,433.139920,433.139920,9148639
2013-11-11,433.139920,434.568427,431.539098,432.967035,432.967035,10009255
2013-11-12,432.967035,435.802580,419.954334,422.722789,422.722789,10764826
2013-11-13,422.722789,427.887848,421.819356,426.975326,426.975326,6769898
2013-11-14,426.975326,427.874165,426.794229,427.692764,427.692764,5251150
2013-11-15,427.692764,429.735709,413.910793,415.897396,415.897396,7036208
2013-11-18,415.897396,416.805952,415.649159,416.557321,416.557321,7631268
2013-11-19,416.557321,423.798848,415.028799,422.249440,422.249440,3923495
2013-11-20,422.249440,425.040980,412.253804,414.997400,414.997400,4182866
2013-11-21,414.997400,415.383870,404.998380,405.375890,405.375890,4551466
2013-11-22,405.375890,412.850637,404.109531,411.564943,411.564943,3792772
2013-11-25,411.564943,415.672387,411.336215,415.441505,415.441505,4540982
2013-11-26,415.441505,415.582587,414.381656,414.522426,414.522426,6695515
2013-11-27,414.522426,421.263752,412.417057,419.134955,419.134955,6986802
2013-11-28,419.134955,419.929466,406.705777,407.478192,407.478192,2560369
2013-11-29,407.478192,411.622579,407.204963,411.346756,411.346756,3292403
2013-12-02,411.346756,415.549683,405.915631,410.105879,410.105879,5151604
2013-12-03,410.105879,413.174749,408.224663,411.288109,411.288109,3174850
2013-12-04,411.288109,412.450719,407.175002,408.329247,408.329247,7028973
2013-12-05,408.329247,409.498925,407.193855,408.363438,408.363438,5506400
2013-12-06,408.363438,411.824435,405.785556,409.241013,409.241013,6985669
2013-12-09,409.241013,410.720310,406.869927,408.345988,408.345988,7074652
2013-12-10,408.345988,415.639963,407.430260,414.709964,414.709964,6347057
2013-12-11,414.709964,417.548107,412.979384,415.812924,415.812924,6579451
2013-12-12,415.812924,418.665787,413.341688,416.192296,416.192296,9286025
2013-12-13,416.192296,416.389826,414.778666,414.975619,414.975619,9544360
2013-12-16,414.975619,421.195692,413.842951,420.049176,420.049176,7854409
2013-12-17,420.049176,424.749962,417.823556,422.511297,422.511297,5769665
2013-12-18,422.511297,427.988364,421.653318,427.121024,427.121024,11888376
2013-12-19,427.121024,443.168073,426.224865,442.240191,442.240191,3613862
2013-12-20,442.240191,443.541045,434.926915,436.210031,436.210031,4453678
2013-12-23,436.210031,441.359811,435.714357,440.858855,440.858855,5839282
2013-12-24,440.858855,445.333621,440.284178,444.753867,444.753867,11834207
2013-12-25,444.753867,448.451338,441.893050,445.585173,445.585173,6185011
2013-12-26,445.585173,448.548782,439.551953,442.495009,442.495009,11292247
2013-12-27,442.495009,443.074254,442.155320,442.734381,442.734381,6989205
2013-12-30,442.734381,444.159236,442.636404,444.060966,444.060966,17513304
2013-12-31,444.060966,446.944431,443.833415,446.715520,446.715520,7311797
2014-01-01,446.715520,450.667597,446.419326,450.368979,450.368979,7733409
2014-01-02,450.368979,450.452367,449.445876,449.529108,449.529108,5322142
2014-01-03,449.529108,451.593972,449.226761,451.290440,451.290440,9755771
2014-01-06,451.290440,482.215054,450.068401,480.912800,480.912800,4767946
2014-01-07,480.912800,486.331406,480.076252,485.486901,485.486901,10826889
2014-01-08,485.486901,485.646367,483.280616,483.439410,483.439410,3501152
2014-01-09,483.439410,485.004127,476.679583,478.227431,478.227431,4088252
2014-01-10,478.227431,480.691353,476.477562,478.938881,478.938881,1583070
2014-01-13,478.938881,484.464131,476.861017,482.371376,482.371376,6263279
2014-01-14,482.371376,500.104913,482.169048,499.895235,499.895235,3654297
2014-01-15,499.895235,501.472921,488.007497,489.552541,489.552541,5688621
2014-01-16,489.552541,490.751414,484.541037,485.730549,485.730549,7091107
2014-01-17,485.730549,505.401953,482.974850,502.550827,502.550827,8211271
2014-01-20,502.550827,503.067004,490.014663,490.518481,490.518481,6068540
2014-01-21,490.518481,496.018817,490.179743,495.676517,495.676517,5550043
2014-01-22,495.676517,497.848855,489.162155,491.315381,491.315381,8038750
2014-01-23,491.315381,493.836704,488.850044,491.371088,491.371088,4159593
2014-01-24,491.371088,491.812882,484.375268,484.811164,484.811164,5171056
2014-01-27,484.811164,487.290259,482.674176,485.151769,485.151769,6861071
2014-01-28,485.151769,486.644928,475.814094,477.283036,477.283036,6053316
2014-01-29,477.283036,483.958926,475.364491,482.021335,482.021335,6313479
2014-01-30,482.021335,491.747404,481.973854,491.698970,491.698970,3908742
2014-01-31,491.698970,495.983634,484.547218,488.806680,488.806680,5059353
2014-02-03,488.806680,492.001969,487.751563,490.942242,490.942242,10553580
2014-02-04,490.942242,504.933811,488.148633,502.076843,502.076843,8163660
2014-02-05,502.076843,503.020086,499.239559,500.179238,500.179238,8264494
2014-02-06,500.179238,509.892921,496.922713,506.594628,506.594628,5262930
2014-02-07,506.594628,507.063981,504.916314,505.384546,505.384546,8715782
2014-02-10,505.384546,507.405586,483.644360,485.586227,485.586227,7298744
2014-02-11,485.586227,487.469566,473.968360,475.813796,475.813796,5037960
2014-02-12,475.813796,496.388213,473.749540,494.243999,494.243999,3286837
2014-02-13,494.243999,500.790257,491.357177,497.882184,497.882184,7295228
2014-02-14,497.882184,499.760447,486.679710,488.522664,488.522664,5335005
2014-02-17,488.522664,488.583607,476.959617,477.019125,477.019125,5818179
2014-02-18,477.019125,480.574219,474.946814,478.495494,478.495494,8395473
2014-02-19,478.495494,479.694150,469.728028,470.907676,470.907676,8725685
2014-02-20,470.907676,477.351972,469.519498,475.948932,475.948932,10389749
2014-02-21,475.948932,483.698762,472.719703,480.439068,480.439068,6369563
2014-02-24,480.439068,481.061136,454.867623,455.457345,455.457345,4858410
2014-02-25,455.457345,463.067057,455.199596,462.805151,462.805151,3795708
2014-02-26,462.805151,471.316262,462.636711,471.144787,471.144787,6015423
2014-02-27,471.144787,485.423375,470.556032,484.817534,484.817534,6615886
2014-02-28,484.817534,489.028307,481.714231,485.917960,485.917960,4160524
2014-03-03,485.917960,487.501012,478.417574,479.981285,479.981285,5856995
2014-03-04,479.981285,492.387761,475.835496,488.171232,488.171232,5090816
2014-03-05,488.171232,495.720118,487.987836,495.533956,495.533956,3882407
2014-03-06,495.533956,498.561810,494.130335,497.153601,497.153601,10709780
2014-03-07,497.153601,497.482219,494.691254,495.018461,495.018461,4474356
2014-03-10,495.018461,501.466006,493.239110,499.669935,499.669935,5584601
2014-03-11,499.669935,507.117815,499.020363,506.459417,506.459417,7084610
2014-03-12,506.459417,514.944320,505.600810,514.072806,514.072806,4959014
2014-03-13,514.072806,520.203015,512.975690,519.095180,519.095180,7115618
2014-03-14,519.095180,521.316250,506.867217,509.045286,509.045286,8924520
2014-03-17,509.045286,509.603525,503.613854,504.166743,504.166743,5793526
2014-03-18,504.166743,504.468160,503.730328,504.031664,504.031664,3703003
2014-03-19,504.031664,504.952052,493.009349,493.911256,493.911256,5532144
2014-03-20,493.911256,495.075868,489.061867,490.217770,490.217770,2633412
2014-03-21,490.217770,490.552248,486.415902,486.748013,486.748013,6584671
2014-03-24,486.748013,489.829667,485.607777,488.684894,488.684894,4838592
2014-03-25,488.684894,490.141113,484.438003,485.885881,485.885881,9292156
2014-03-26,485.885881,486.299284,479.104047,479.512027,479.512027,6044851
2014-03-27,479.512027,487.841966,479.219733,487.544775,487.544775,3927938
2014-03-28,487.544775,497.063276,486.921912,496.429063,496.429063,6019888
2014-03-31,496.429063,496.487437,495.426006,495.484269,495.484269,5979391
2014-04-01,495.484269,496.285274,492.555813,493.353373,493.353373,4229310
2014-04-02,493.353373,496.090357,492.359490,495.092970,495.092970,12958815
2014-04-03,495.092970,498.798201,492.063666,495.764786,495.764786,12061690
2014-04-04,495.764786,498.547875,486.318901,489.064376,489.064376,7996259
2014-04-07,489.064376,493.109834,488.849144,492.892916,492.892916,8623679
2014-04-08,492.892916,495.229968,483.051601,485.352902,485.352902,5948055
2014-04-09,485.352902,494.787660,482.745979,492.144259,492.144259,4956313
2014-04-10,492.144259,493.883674,485.891133,487.614538,487.614538,6202462
2014-04-11,487.614538,488.187825,486.865919,487.439000,487.439000,8804609
2014-04-14,487.439000,489.254035,485.166222,486.979547,486.979547,4283175
2014-04-15,486.979547,494.374745,486.688653,494.079610,494.079610,7781284
2014-04-16,494.079610,494.762209,488.672931,489.348995,489.348995,3617452
2014-04-17,489.348995,490.213099,477.496269,478.340935,478.340935,5731141
2014-04-18,478.340935,479.958423,472.051768,473.653405,473.653405,10517146
2014-04-21,473.653405,486.564373,471.125222,483.981065,483.981065,6095456
2014-04-22,483.981065,494.905636,481.122066,491.999271,491.999271,6961339
2014-04-23,491.999271,492.186596,481.819820,482.003339,482.003339,16210850
2014-04-24,482.003339,485.621838,481.011019,484.624122,484.624122,8011767
2014-04-25,484.624122,486.344173,479.687447,481.396040,481.396040,4996523
2014-04-28,481.396040,483.349943,474.158152,476.090520,476.090520,9045168
2014-04-29,476.090520,481.679976,474.309295,479.884556,479.884556,5821974
2014-04-30,479.884556,481.199372,473.523173,474.824124,474.824124,7515141
2014-05-01,474.824124,486.004394,474.454321,485.626178,485.626178,5067408
2014-05-02,485.626178,492.392415,483.011622,489.755626,489.755626,9047737
2014-05-05,489.755626,496.119741,487.621552,493.967316,493.967316,9722859
2014-05-06,493.967316,497.904278,492.417045,496.346540,496.346540,4458427
2014-05-07,496.346540,515.912615,495.631855,515.170825,515.170825,6894216
2014-05-08,515.170825,517.185941,513.746245,515.759732,515.759732,3514903
2014-05-09,515.759732,524.029281,512.412562,520.650372,520.650372,5196572
2014-05-12,520.650372,522.190360,511.540989,513.058522,513.058522,3483876
2014-05-13,513.058522,519.541013,511.320282,517.786754,517.786754,8766468
2014-05-14,517.786754,518.821543,510.709204,511.731894,511.731894,8349201
2014-05-15,511.731894,520.332190,507.751367,516.316006,516.316006,4782699
2014-05-16,516.316006,517.336097,515.085378,516.105052,516.105052,6031176
2014-05-19,516.105052,524.901562,514.639766,523.415520,523.415520,6970222
2014-05-20,523.415520,523.838527,515.615837,516.032877,516.032877,6417537
2014-05-21,516.032877,521.171697,513.733922,518.860146,518.860146,5430159
2014-05-22,518.860146,524.809423,518.052974,523.994263,523.994263,9338979
2014-05-23,523.994263,525.745682,515.951777,517.682098,517.682098,4354381
2014-05-26,517.682098,518.556150,514.425001,515.295023,515.295023,7070450
2014-05-27,515.295023,515.489593,513.803359,513.997439,513.997439,7544316
2014-05-28,513.997439,515.362475,512.557255,513.922091,513.922091,5158211
2014-05-29,513.922091,515.339569,511.600077,513.015054,513.015054,6223313
2014-05-30,513.015054,522.010558,512.818813,521.810952,521.810952,5497963
2014-06-02,521.810952,552.461713,519.337368,549.855189,549.855189,6363593
2014-06-03,549.855189,563.702141,545.756373,559.531197,559.531197,5921937
2014-06-04,559.531197,573.987989,557.451824,571.862789,571.862789,7479472
2014-06-05,571.862789,572.638121,555.568647,556.322910,556.322910,5542453
2014-06-06,556.322910,558.741754,555.683711,558.100512,558.100512,6563533
2014-06-09,558.100512,563.966010,555.489963,561.340306,561.340306,4039110
2014-06-10,561.340306,566.894596,544.475963,549.917225,549.917225,9009336
2014-06-11,549.917225,554.398259,532.596298,536.971845,536.971845,5291964
2014-06-12,536.971845,538.637376,526.559754,528.198072,528.198072,3781146
2014-06-13,528.198072,538.903481,525.716385,536.383336,536.383336,4743085
2014-06-16,536.383336,541.513457,524.186689,529.248571,529.248571,10915795
2014-06-17,529.248571,539.002962,528.284259,538.022664,538.022664,5029467
2014-06-18,538.022664,539.952427,530.737989,532.648477,532.648477,5774724
2014-06-19,532.648477,543.570864,530.041078,540.922959,540.922959,4048077
2014-06-20,540.922959,543.945937,531.236768,534.222298,534.222298,6705589
2014-06-23,534.222298,534.287298,533.773465,533.838418,533.838418,8237788
2014-06-24,533.838418,536.688915,527.254564,530.085019,530.085019,3981690
2014-06-25,530.085019,530.794342,514.057961,514.746759,514.746759,7559469
2014-06-26,514.746759,516.145119,513.330271,514.728582,514.728582,4964570
2014-06-27,514.728582,526.489524,513.650417,525.389030,525.389030,4066199
2014-06-30,525.389030,526.887956,522.984338,524.480673,524.480673,3857491
2014-07-01,524.480673,533.126586,524.315282,532.958521,532.958521,2969077
2014-07-02,532.958521,533.835090,518.325609,519.179515,519.179515,5198524
2014-07-03,519.179515,525.493007,518.510234,524.816459,524.816459,3670869
2014-07-04,524.816459,528.097947,515.290483,518.532681,518.532681,4650640
2014-07-07,518.532681,518.978739,510.805143,511.244932,511.244932,9267817
2014-07-08,511.244932,518.547803,511.048621,518.348763,518.348763,5132011
2014-07-09,518.348763,529.940854,517.691079,529.269314,529.269314,6636475
2014-07-10,529.269314,529.603307,528.051298,528.384733,528.384733,3843281
2014-07-11,528.384733,537.653949,527.143174,536.393571,536.393571,4013445
2014-07-14,536.393571,555.007642,535.206923,553.782525,553.782525,6580882
2014-07-15,553.782525,555.178383,550.314632,551.705254,551.705254,6311627
2014-07-16,551.705254,554.206373,541.751377,544.218556,544.218556,7359929
2014-07-17,544.218556,544.769091,541.163798,541.711797,541.711797,5186350
2014-07-18,541.711797,544.730551,529.569170,532.536796,532.536796,3003003
2014-07-21,532.536796,536.608834,529.744098,533.809462,533.809462,7976997
2014-07-22,533.809462,535.898817,527.275376,529.347265,529.347265,8526790
2014-07-23,529.347265,531.046065,524.884277,526.574178,526.574178,5315910
2014-07-24,526.574178,538.034248,525.284899,536.720128,536.720128,4265305
2014-07-25,536.720128,537.709579,530.146581,531.125718,531.125718,5874377
2014-07-28,531.125718,532.506959,525.163804,526.533102,526.533102,4566610
2014-07-29,526.533102,528.622687,513.686728,515.733454,515.733454,3786331
2014-07-30,515.733454,518.989209,510.355545,513.597818,513.597818,6944978
2014-07-31,513.597818,526.471856,511.002666,523.825027,523.825027,5413803
2014-08-01,523.825027,526.412050,521.480101,524.066045,524.066045,3116989
2014-08-04,524.066045,526.105786,506.095038,508.072530,508.072530,6606586
2014-08-05,508.072530,508.589680,502.848364,503.360719,503.360719,4401289
2014-08-06,503.360719,505.429663,502.847109,504.914467,504.914467,5057398
2014-08-07,504.914467,505.152192,496.115688,496.349380,496.349380,6734327
2014-08-08,496.349380,506.300931,492.546909,502.451710,502.451710,7148954
2014-08-11,502.451710,509.874127,497.842728,505.239571,505.239571,5293754
2014-08-12,505.239571,506.072560,490.393283,491.203129,491.203129,3595451
2014-08-13,491.203129,494.174816,489.244839,492.212501,492.212501,5171862
2014-08-14,492.212501,497.667234,490.451415,495.892980,495.892980,4985866
2014-08-15,495.892980,502.979512,492.590461,499.651959,499.651959,7504454
2014-08-18,499.651959,513.750012,498.792487,512.867807,512.867807,3927332
2014-08-19,512.867807,523.215518,511.755597,522.083323,522.083323,5770215
2014-08-20,522.083323,537.818535,520.182548,535.867575,535.867575,7057114
2014-08-21,535.867575,538.599627,524.217065,526.903414,526.903414,7577752
2014-08-22,526.903414,527.700350,517.030610,517.813797,517.813797,11443939
2014-08-25,517.813797,528.328991,513.760700,524.225706,524.225706,6662849
2014-08-26,524.225706,540.822601,521.057890,537.574124,537.574124,7249413
2014-08-27,537.574124,539.524576,526.132430,528.048320,528.048320,4872271
2014-08-28,528.048320,528.065461,525.430731,525.447787,525.447787,6423913
2014-08-29,525.447787,527.230550,521.206907,522.981302,522.981302,5149792
2014-09-01,522.981302,541.451843,516.697833,535.023689,535.023689,5536555
2014-09-02,535.023689,537.036823,532.867681,534.880276,534.880276,7751661
2014-09-03,534.880276,541.787440,533.718024,540.612731,540.612731,5839318
2014-09-04,540.612731,545.837515,538.253435,543.465768,543.465768,7742801
2014-09-05,543.465768,545.872597,543.207837,545.613647,545.613647,8155888
2014-09-08,545.613647,552.039943,545.293347,551.716061,551.716061,4235435
2014-09-09,551.716061,566.650038,551.235892,566.157301,566.157301,4237820
2014-09-10,566.157301,566.549004,566.089209,566.480873,566.480873,4682581
2014-09-11,566.480873,591.774563,564.597895,589.814026,589.814026,13180414
2014-09-12,589.814026,590.642871,580.870016,581.687441,581.687441,5328218
2014-09-15,581.687441,581.705416,578.691864,578.709747,578.709747,4216870
2014-09-16,578.709747,579.916318,576.292292,577.496334,577.496334,7805960
2014-09-17,577.496334,580.619109,563.845324,566.910859,566.910859,3511772
2014-09-18,566.910859,568.369277,563.877921,565.332278,565.332278,6816863
2014-09-19,565.332278,570.746692,564.108876,569.514240,569.514240,6475730
2014-09-22,569.514240,591.584440,568.825352,590.869720,590.869720,5192542
2014-09-23,590.869720,595.410403,585.094317,589.625438,589.625438,5074066
2014-09-24,589.625438,592.364752,560.621312,563.238033,563.238033,3585403
2014-09-25,563.238033,567.207408,559.548195,563.515751,563.515751,6295384
2014-09-26,563.515751,569.767567,563.172110,569.420326,569.420326,11306889
2014-09-29,569.420326,576.443691,566.282411,573.284483,573.284483,3573098
2014-09-30,573.284483,584.100400,573.058560,583.870306,583.870306,3019671
2014-10-01,583.870306,595.400288,582.805500,594.316432,594.316432,6915459
2014-10-02,594.316432,597.790075,585.018092,588.457491,588.457491,6239026
2014-10-03,588.457491,606.449618,587.238538,605.195992,605.195992,6650387
2014-10-06,605.195992,610.392344,603.270432,608.456411,608.456411,7816993
2014-10-07,608.456411,615.460196,607.393644,614.387071,614.387071,7310139
2014-10-08,614.387071,617.161217,605.479593,608.225920,608.225920,6719313
2014-10-09,608.225920,611.512942,605.107845,608.394006,608.394006,2798184
2014-10-10,608.394006,609.891017,600.223048,601.703597,601.703597,4156828
2014-10-13,601.703597,604.232202,598.420246,600.945666,600.945666,8408787
2014-10-14,600.945666,603.227018,597.544444,599.821529,599.821529,7826015
2014-10-15,599.821529,600.455420,599.642220,600.275975,600.275975,4973824
2014-10-16,600.275975,603.828950,595.058589,598.601654,598.601654,5297672
2014-10-17,598.601654,598.986831,597.652759,598.037573,598.037573,9322298
2014-10-20,598.037573,598.243195,592.311874,592.515597,592.515597,5439144
2014-10-21,592.515597,594.468869,568.353208,570.233024,570.233024,7047781
2014-10-22,570.233024,572.570354,566.581546,568.913469,568.913469,8211795
2014-10-23,568.913469,580.875273,567.306115,579.238747,579.238747,3666209
2014-10-24,579.238747,589.805043,576.645627,587.176388,587.176388,3361359
2014-10-27,587.176388,589.391326,573.741638,575.914093,575.914093,6539766
2014-10-28,575.914093,581.913811,573.207853,579.192168,579.192168,12592311
2014-10-29,579.192168,580.097898,567.319522,568.208075,568.208075,7652027
2014-10-30,568.208075,571.763300,566.647114,570.196876,570.196876,5652596
2014-10-31,570.196876,579.431799,568.105854,577.314675,577.314675,7561357
2014-11-03,577.314675,591.252173,577.278465,591.215092,591.215092,4949197
2014-11-04,591.215092,601.112304,591.212312,601.109478,601.109478,2696332
2014-11-05,601.109478,604.439939,600.032154,603.358585,603.358585,5040005
2014-11-06,603.358585,603.627884,596.368614,596.634912,596.634912,11037838
2014-11-07,596.634912,597.235403,591.494895,592.090813,592.090813,8440530
2014-11-10,592.090813,597.980256,588.367671,594.243577,594.243577,8847473
2014-11-11,594.243577,599.858389,593.693176,599.303301,599.303301,5714570
2014-11-12,599.303301,607.433664,596.976830,605.084749,605.084749,15135670
2014-11-13,605.084749,610.719699,602.643413,608.265529,608.265529,4461890
2014-11-14,608.265529,611.801101,595.140374,598.619880,598.619880,3181525
2014-11-17,598.619880,602.716394,591.866708,595.944917,595.944917,4273956
2014-11-18,595.944917,596.329260,578.843367,579.216921,579.216921,3457396
2014-11-19,579.216921,586.859873,579.147957,586.790007,586.790007,3746537
2014-11-20,586.790007,594.907454,585.223550,593.323556,593.323556,5775465
2014-11-21,593.323556,601.328590,591.983921,599.973939,599.973939,3463065
2014-11-24,599.973939,599.986972,595.693547,595.706487,595.706487,12811890
2014-11-25,595.706487,596.920508,593.043986,594.255050,594.255050,5946361
2014-11-26,594.255050,597.852555,576.925950,580.439820,580.439820,5893711
2014-11-27,580.439820,582.486946,566.448383,568.453234,568.453234,4498224
2014-11-28,568.453234,568.990488,566.692602,567.228699,567.228699,5332927
2014-12-01,567.228699,575.601487,562.877214,571.219388,571.219388,7036409
2014-12-02,571.219388,581.505186,568.095116,578.341958,578.341958,5463467
2014-12-03,578.341958,579.038052,573.380359,574.071313,574.071313,3754146
2014-12-04,574.071313,577.211388,559.799991,562.878846,562.878846,11160570
2014-12-05,562.878846,571.046228,561.873840,570.028457,570.028457,4727375
2014-12-08,570.028457,572.202652,563.467354,565.624752,565.624752,5510491
2014-12-09,565.624752,570.361761,562.761630,567.489202,567.489202,6279264
2014-12-10,567.489202,580.942341,566.229222,579.655350,579.655350,6482371
2014-12-11,579.655350,586.965204,573.410132,580.708638,580.708638,6557186
2014-12-12,580.708638,584.704726,561.235130,565.123974,565.123974,3029876
2014-12-15,565.123974,566.382196,564.855337,566.113090,566.113090,5772384
2014-12-16,566.113090,567.424312,563.111568,564.418866,564.418866,6408636
2014-12-17,564.418866,568.751892,561.819348,566.144427,566.144427,5066905
2014-12-18,566.144427,568.943304,554.007493,556.759976,556.759976,4989128
2014-12-19,556.759976,558.288716,550.050083,551.564558,551.564558,11400225
2014-12-22,551.564558,556.613250,550.447848,555.488596,555.488596,4800552
2014-12-23,555.488596,559.818927,550.535910,554.861353,554.861353,4664168
2014-12-24,554.861353,567.812124,553.492822,566.415096,566.415096,3829905
2014-12-25,566.415096,574.662317,564.181924,572.405527,572.405527,6904392
2014-12-26,572.405527,572.440761,565.043977,565.078760,565.078760,4165971
2014-12-29,565.078760,565.113819,560.322542,560.357308,560.357308,6817439
2014-12-30,560.357308,563.375958,551.674614,554.662586,554.662586,7188078
2014-12-31,554.662586,554.967307,539.663288,539.959932,539.959932,6606706
2015-01-01,539.959932,540.535467,538.539099,539.113732,539.113732,8925407
2015-01-02,539.113732,547.462898,537.943735,546.277355,546.277355,5822295
2015-01-05,546.277355,546.859037,544.039823,544.619740,544.619740,6000838
2015-01-06,544.619740,550.335335,544.535282,550.250003,550.250003,6483853
2015-01-07,550.250003,550.589636,547.369217,547.707281,547.707281,7479797
2015-01-08,547.707281,551.304810,545.932147,549.523790,549.523790,6038144
2015-01-09,549.523790,553.159926,537.222861,540.801282,540.801282,3573647
2015-01-12,540.801282,541.780213,532.479982,533.445599,533.445599,5464146
2015-01-13,533.445599,535.117614,520.793999,522.431493,522.431493,3910382
2015-01-14,522.431493,525.802453,518.986750,522.357231,522.357231,5261550
2015-01-15,522.357231,523.063820,512.374026,513.068049,513.068049,6481016
2015-01-16,513.068049,516.499545,508.914643,512.341277,512.341277,6757462
2015-01-19,512.341277,512.547097,503.365180,503.567475,503.567475,6931890
2015-01-20,503.567475,504.080362,479.363338,479.852071,479.852071,5528138
2015-01-21,479.852071,483.918829,477.649357,481.707598,481.707598,5663300
2015-01-22,481.707598,503.140601,478.770058,500.090956,500.090956,3949031
2015-01-23,500.090956,502.871082,494.589812,497.354727,497.354727,9137931
2015-01-26,497.354727,506.766830,497.326791,506.738366,506.738366,8547454
2015-01-27,506.738366,513.701356,505.743504,512.694800,512.694800,3759025
2015-01-28,512.694800,515.460099,506.620043,509.367396,509.367396,6927181
2015-01-29,509.367396,512.971867,503.435407,507.023290,507.023290,5032494
2015-01-30,507.023290,511.351866,506.899742,511.227294,511.227294,5315044
2015-02-02,511.227294,512.134662,510.502743,511.409851,511.409851,3039004
2015-02-03,511.409851,511.946538,498.127326,498.650623,498.650623,5383387
2015-02-04,498.650623,499.551549,492.961552,493.853812,493.853812,6820868
2015-02-05,493.853812,500.932532,492.091308,499.151122,499.151122,9942999
2015-02-06,499.151122,499.715066,493.478173,494.036338,494.036338,3798693
2015-02-09,494.036338,496.453882,487.031091,489.426075,489.426075,5881831
2015-02-10,489.426075,491.178748,488.002991,489.754709,489.754709,9596882
2015-02-11,489.754709,492.256333,488.998683,491.497616,491.497616,6419620
2015-02-12,491.497616,494.743088,486.043063,489.273850,489.273850,5771514
2015-02-13,489.273850,490.696676,478.779379,480.175747,480.175747,8318325
2015-02-16,480.175747,481.531385,477.275016,478.626279,478.626279,4369442
2015-02-17,478.626279,481.084640,457.545546,459.907762,459.907762,7058957
2015-02-18,459.907762,461.663460,451.379589,453.109334,453.109334,2908499
2015-02-19,453.109334,458.136888,437.992479,442.906830,442.906830,8277842
2015-02-20,442.906830,460.125844,442.901856,460.120677,460.120677,3144858
2015-02-23,460.120677,460.799091,457.697117,458.372954,458.372954,7780248
2015-02-24,458.372954,466.714366,457.753818,466.084814,466.084814,5333079
2015-02-25,466.084814,468.658271,465.722375,468.294114,468.294114,5717217
2015-02-26,468.294114,471.722967,467.113389,470.536588,470.536588,3231207
2015-02-27,470.536588,471.472126,459.540781,460.456278,460.456278,5388019
2015-03-02,460.456278,461.162284,454.438387,455.136236,455.136236,8604525
2015-03-03,455.136236,458.994105,453.010325,456.860142,456.860142,3982215
2015-03-04,456.860142,458.576096,448.004469,449.693506,449.693506,5115591
2015-03-05,449.693506,449.787762,437.217547,437.309208,437.309208,6119915
2015-03-06,437.309208,439.255801,432.911232,434.846865,434.846865,5481244
2015-03-09,434.846865,438.781714,433.807522,437.735467,437.735467,12165056
2015-03-10,437.735467,442.219136,436.855756,441.332196,441.332196,7215458
2015-03-11,441.332196,448.329620,440.558960,447.545497,447.545497,4630575
2015-03-12,447.545497,449.103629,446.612148,448.168979,448.168979,6616917
2015-03-13,448.168979,449.776748,439.940147,441.524078,441.524078,8121894
2015-03-16,441.524078,451.647925,441.004674,451.117236,451.117236,3269872
2015-03-17,451.117236,453.097906,449.265573,451.245716,451.245716,4841315
2015-03-18,451.245716,462.248642,448.926061,459.884579,459.884579,5252551
2015-03-19,459.884579,461.206725,450.557433,451.856499,451.856499,4639088
2015-03-20,451.856499,463.424283,450.655034,462.195327,462.195327,5624026
2015-03-23,462.195327,462.672583,453.463472,453.932196,453.932196,13153755
2015-03-24,453.932196,462.865226,453.632872,462.560213,462.560213,5103393
2015-03-25,462.560213,462.856625,462.512122,462.808508,462.808508,4347250
2015-03-26,462.808508,470.442258,461.201565,468.814461,468.814461,6140756
2015-03-27,468.814461,469.318964,462.375190,462.873299,462.873299,8392305
2015-03-30,462.873299,466.699146,455.112972,458.906027,458.906027,8508219
2015-03-31,458.906027,459.807673,446.716152,447.595575,447.595575,4323750
2015-04-01,447.595575,451.430982,441.599899,445.416635,445.416635,6321543
2015-04-02,445.416635,454.456826,444.714787,453.741860,453.741860,4083913
2015-04-03,453.741860,456.937094,450.753033,453.946916,453.946916,5733851
2015-04-06,453.946916,454.979939,449.940063,450.966303,450.966303,5082457
2015-04-07,450.966303,452.929609,448.546035,450.507343,450.507343,6145817
2015-04-08,450.507343,452.789249,443.898183,446.158060,446.158060,5402778
2015-04-09,446.158060,451.329019,442.128778,447.289519,447.289519,4571099
2015-04-10,447.289519,450.073682,447.089704,449.872714,449.872714,5340141
2015-04-13,449.872714,452.648887,435.752743,438.458478,438.458478,3983229
2015-04-14,438.458478,446.563099,437.262029,445.347851,445.347851,6890150
2015-04-15,445.347851,459.621845,440.069674,454.238301,454.238301,10836798
2015-04-16,454.238301,455.932454,444.381041,446.044635,446.044635,4242212
2015-04-17,446.044635,452.437071,444.600200,450.976665,450.976665,5743795
2015-04-20,450.976665,453.919695,436.009657,438.873704,438.873704,15460260
2015-04-21,438.873704,440.279104,434.304996,435.700234,435.700234,4890245
2015-04-22,435.700234,445.515195,433.401113,443.176622,443.176622,4436068
2015-04-23,443.176622,449.120681,442.886337,448.826694,448.826694,4907568
2015-04-24,448.826694,451.888003,437.193075,440.195514,440.195514,7297458
2015-04-27,440.195514,441.176556,438.275570,439.254515,439.254515,5088915
2015-04-28,439.254515,439.849088,437.546846,438.139910,438.139910,12229544
2015-04-29,438.139910,443.915227,437.888090,443.660235,443.660235,3828660
2015-04-30,443.660235,444.405879,436.077906,436.812040,436.812040,6061164
2015-05-01,436.812040,437.065387,430.658890,430.908813,430.908813,4704330
2015-05-04,430.908813,440.125809,428.562649,437.742437,437.742437,6792065
2015-05-05,437.742437,440.443948,437.335620,440.034999,440.034999,7984060
2015-05-06,440.034999,447.332507,437.680049,444.951245,444.951245,3801500
2015-05-07,444.951245,455.856062,442.930897,453.795556,453.795556,12656527
2015-05-08,453.795556,454.079776,451.787286,452.070426,452.070426,2982718
2015-05-11,452.070426,454.497528,445.373476,447.777530,447.777530,6882517
2015-05-12,447.777530,460.142906,444.029922,456.323772,456.323772,7904395
2015-05-13,456.323772,459.504384,455.744698,458.922012,458.922012,4911884
2015-05-14,458.922012,466.589491,458.228860,465.885821,465.885821,4710757
2015-05-15,465.885821,466.294990,459.014315,459.417804,459.417804,10854361
2015-05-18,459.417804,461.418345,454.003368,455.988978,455.988978,3595978
2015-05-19,455.988978,459.021613,451.772078,454.796783,454.796783,2750276
2015-05-20,454.796783,455.302964,451.444720,451.947730,451.947730,4602164
2015-05-21,451.947730,454.495654,449.822013,452.367961,452.367961,4551124
2015-05-22,452.367961,455.245243,451.808035,454.682453,454.682453,9399110
2015-05-25,454.682453,455.875028,447.060339,448.236006,448.236006,5644315
2015-05-26,448.236006,451.630807,440.182936,443.542188,443.542188,5151981
2015-05-27,443.542188,443.866818,442.523657,442.847778,442.847778,4115354
2015-05-28,442.847778,445.331088,440.042625,442.524120,442.524120,3675874
2015-05-29,442.524120,442.905912,438.475209,438.853834,438.853834,4626825
2015-06-01,438.853834,439.477287,437.075482,437.697292,437.697292,8193486
2015-06-02,437.697292,438.427929,434.635451,435.362190,435.362190,4793876
2015-06-03,435.362190,438.655023,434.300091,437.587495,437.587495,6582206
2015-06-04,437.587495,437.682551,432.648228,432.742232,432.742232,7933478
2015-06-05,432.742232,443.015684,432.685427,442.957538,442.957538,7599378
2015-06-08,442.957538,453.948490,442.475988,453.455528,453.455528,7131942
2015-06-09,453.455528,455.504786,450.941337,452.988485,452.988485,4951418
2015-06-10,452.988485,460.811251,450.055898,457.847210,457.847210,6110901
2015-06-11,457.847210,460.027390,448.656044,450.802680,450.802680,5742471
2015-06-12,450.802680,452.971611,450.484786,452.652413,452.652413,7049042
2015-06-15,452.652413,455.795012,447.343463,450.470917,450.470917,6351207
2015-06-16,450.470917,454.008225,447.308424,450.843119,450.843119,3067521
2015-06-17,450.843119,465.590915,449.131936,463.830439,463.830439,3666763
2015-06-18,463.830439,465.418625,461.907319,463.494355,463.494355,8078432
2015-06-19,463.494355,463.672233,456.598384,456.773683,456.773683,5868451
2015-06-22,456.773683,457.331748,443.434327,443.976757,443.976757,5762415
2015-06-23,443.976757,446.969668,442.349784,445.337707,445.337707,8878892
2015-06-24,445.337707,457.431333,442.220488,454.251719,454.251719,6866750
2015-06-25,454.251719,457.273210,439.561879,442.505237,442.505237,7572955
2015-06-26,442.505237,445.891194,440.993971,444.373548,444.373548,6839240
2015-06-29,444.373548,448.060067,443.609166,447.290667,447.290667,6336608
2015-06-30,447.290667,447.633572,446.733032,447.075773,447.075773,3535157
2015-07-01,447.075773,449.158796,432.911300,434.937770,434.937770,4725586
2015-07-02,434.937770,436.593809,423.027789,424.644637,424.644637,8578804
2015-07-03,424.644637,429.332339,423.144457,427.820938,427.820938,4670801
2015-07-06,427.820938,432.943815,425.267231,430.374863,430.374863,4482337
2015-07-07,430.374863,432.020866,429.785641,431.430199,431.430199,4732795
2015-07-08,431.430199,431.676794,424.739065,424.981974,424.981974,4304937
2015-07-09,424.981974,426.324790,423.218247,424.559728,424.559728,7410960
2015-07-10,424.559728,429.708227,415.473469,420.573629,420.573629,8394764
2015-07-13,420.573629,430.080808,420.541384,430.047837,430.047837,2944949
2015-07-14,430.047837,434.077402,428.335924,432.356300,432.356300,6427887
2015-07-15,432.356300,432.532211,427.542472,427.716496,427.716496,5100287
2015-07-16,427.716496,430.281094,419.963890,422.497193,422.497193,4553713
2015-07-17,422.497193,430.316992,421.427653,429.230407,429.230407,6788476
2015-07-20,429.230407,431.944519,419.578403,422.248366,422.248366,6511458
2015-07-21,422.248366,432.021950,419.851869,429.583821,429.583821,4248342
2015-07-22,429.583821,431.120758,424.292720,425.816178,425.816178,6862673
2015-07-23,425.816178,433.216496,423.555139,430.928311,430.928311,3928055
2015-07-24,430.928311,438.197834,430.879909,438.148620,438.148620,3754089
2015-07-27,438.148620,442.756417,436.025759,440.621574,440.621574,4514114
2015-07-28,440.621574,444.359715,436.815850,440.553413,440.553413,6967490
2015-07-29,440.553413,440.699245,440.018950,440.164653,440.164653,2702700
2015-07-30,440.164653,447.897667,438.937932,446.652864,446.652864,7844611
2015-07-31,446.652864,456.854380,445.687701,455.869302,455.869302,7751540
2015-08-03,455.869302,456.555073,453.504132,454.187373,454.187373,12823261
2015-08-04,454.187373,462.966078,452.332982,461.083531,461.083531,12631095
2015-08-05,461.083531,466.238849,457.741549,462.883818,462.883818,12183832
2015-08-06,462.883818,475.660924,461.393404,474.134285,474.134285,7303608
2015-08-07,474.134285,474.178422,472.267752,472.311720,472.311720,9164090
2015-08-10,472.311720,480.342614,470.766634,478.776379,478.776379,7705514
2015-08-11,478.776379,478.886018,466.810891,466.917814,466.917814,7893171
2015-08-12,466.917814,471.989313,451.690150,456.650124,456.650124,6146393
2015-08-13,456.650124,457.360700,454.553144,455.261559,455.261559,6361320
2015-08-14,455.261559,460.010049,441.682230,446.337642,446.337642,5806024
2015-08-17,446.337642,450.278814,445.131739,449.065541,449.065541,5024005
2015-08-18,449.065541,452.077510,428.625956,431.520245,431.520245,4413798
2015-08-19,431.520245,441.311816,430.344515,440.112675,440.112675,6794807
2015-08-20,440.112675,447.783723,438.573831,446.223512,446.223512,8324122
2015-08-21,446.223512,448.088933,441.240561,443.092894,443.092894,5689405
2015-08-24,443.092894,444.110940,437.625573,438.633373,438.633373,6458818
2015-08-25,438.633373,449.778178,437.960051,449.088806,449.088806,8476750
2015-08-26,449.088806,451.824383,442.936548,445.651184,445.651184,3666832
2015-08-27,445.651184,446.042777,441.101615,441.489551,441.489551,10766479
2015-08-28,441.489551,442.404031,433.600692,434.500696,434.500696,8189671
2015-08-31,434.500696,434.627220,434.314645,434.441152,434.441152,10369052
2015-09-01,434.441152,452.245458,434.224332,452.019864,452.019864,9779469
2015-09-02,452.019864,452.923454,442.939949,443.827162,443.827162,7663839
2015-09-03,443.827162,450.617435,443.544877,450.331014,450.331014,10336714
2015-09-04,450.331014,451.736336,444.302430,445.693279,445.693279,5489193
2015-09-07,445.693279,447.282883,439.010181,440.581553,440.581553,6221086
2015-09-08,440.581553,440.866901,435.047879,435.329826,435.329826,6850882
2015-09-09,435.329826,436.312733,431.269939,432.245883,432.245883,5675233
2015-09-10,432.245883,432.398234,424.499318,424.648992,424.648992,7202484
2015-09-11,424.648992,425.935161,418.056763,419.326812,419.326812,4628764
2015-09-14,419.326812,423.129218,417.921317,421.715715,421.715715,3038641
2015-09-15,421.715715,422.520262,415.260751,416.054498,416.054498,6129025
2015-09-16,416.054498,419.381212,415.035931,418.357009,418.357009,4782067
2015-09-17,418.357009,418.925687,414.049520,414.613110,414.613110,5992001
2015-09-18,414.613110,418.146871,413.040262,416.566613,416.566613,4567387
2015-09-21,416.566613,417.058739,407.652744,408.134909,408.134909,7463066
2015-09-22,408.134909,412.606820,407.112019,411.575307,411.575307,4687731
2015-09-23,411.575307,413.721226,410.462582,412.605715,412.605715,7568279
2015-09-24,412.605715,418.816186,410.474225,416.663733,416.663733,6410654
2015-09-25,416.663733,420.597507,415.806267,419.733723,419.733723,10404289
2015-09-28,419.733723,421.347084,407.058630,408.629309,408.629309,3673705
2015-09-29,408.629309,410.301945,401.485178,403.135326,403.135326,3872306
2015-09-30,403.135326,403.329952,389.949678,390.138029,390.138029,5051801
2015-10-01,390.138029,408.131587,389.869496,407.850863,407.850863,5223851
2015-10-02,407.850863,418.152676,405.856948,416.118343,416.118343,2797489
2015-10-05,416.118343,420.281080,415.369527,419.526131,419.526131,10304446
2015-10-06,419.526131,420.802180,416.732380,418.003799,418.003799,3456533
2015-10-07,418.003799,419.884473,416.939627,418.818228,418.818228,9141459
2015-10-08,418.818228,421.867397,416.801294,419.845516,419.845516,3917980
2015-10-09,419.845516,424.329453,418.692784,423.167600,423.167600,5107682
2015-10-12,423.167600,425.725439,421.484723,424.039097,424.039097,8196287
2015-10-13,424.039097,425.677799,414.517010,416.125128,416.125128,6651683
2015-10-14,416.125128,416.848123,413.420740,414.140286,414.140286,4766489
2015-10-15,414.140286,415.414470,403.794879,405.041066,405.041066,5596360
2015-10-16,405.041066,405.320614,401.801962,402.079466,402.079466,8360040
2015-10-19,402.079466,411.294697,401.444776,410.646484,410.646484,3754202
2015-10-20,410.646484,413.620897,410.028746,412.999619,412.999619,5516781
2015-10-21,412.999619,416.597682,409.733722,413.329179,413.329179,9286480
2015-10-22,413.329179,418.140780,410.761555,415.559302,415.559302,6398475
2015-10-23,415.559302,420.148860,414.975905,419.559847,419.559847,7247472
2015-10-26,419.559847,421.325159,412.655182,414.398779,414.398779,4071055
2015-10-27,414.398779,414.761821,406.832173,407.188898,407.188898,5288062
2015-10-28,407.188898,408.504377,401.639366,402.941122,402.941122,7947982
2015-10-29,402.941122,405.765588,393.962579,396.743603,396.743603,4426656
2015-10-30,396.743603,408.553748,395.645567,407.426147,407.426147,4529374
2015-11-02,407.426147,410.889251,400.077625,403.507420,403.507420,5954982
2015-11-03,403.507420,410.750493,402.585636,409.814302,409.814302,4848953
2015-11-04,409.814302,410.022970,409.499726,409.708340,409.708340,2833815
2015-11-05,409.708340,412.422730,400.067526,402.735720,402.735720,7752914
2015-11-06,402.735720,402.893888,401.813413,401.971280,401.971280,3402778
2015-11-09,401.971280,403.860586,401.499520,403.387163,403.387163,7871389
2015-11-10,403.387163,403.969645,398.086413,398.662072,398.662072,9573753
2015-11-11,398.662072,401.750352,390.402478,393.450385,393.450385,4753238
2015-11-12,393.450385,399.565901,393.337578,399.451374,399.451374,7979696
2015-11-13,399.451374,409.748416,398.118131,408.385355,408.385355,6368952
2015-11-16,408.385355,409.675855,400.210011,401.478687,401.478687,3784798
2015-11-17,401.478687,403.504894,398.732263,400.754817,400.754817,5884888
2015-11-18,400.754817,405.936889,400.286203,405.462769,405.462769,3013842
2015-11-19,405.462769,407.392909,405.232286,407.161460,407.161460,5078026
2015-11-20,407.161460,409.891377,403.961438,406.688182,406.688182,3372476
2015-11-23,406.688182,419.131983,405.906789,418.328225,418.328225,4770018
2015-11-24,418.328225,421.243409,412.896334,415.793858,415.793858,8237197
2015-11-25,415.793858,424.551178,413.091339,421.809559,421.809559,7714448
2015-11-26,421.809559,421.906425,420.801696,420.898352,420.898352,5177918
2015-11-27,420.898352,430.604224,418.618043,428.283902,428.283902,6341937
2015-11-30,428.283902,430.553718,423.497520,425.753928,425.753928,5941491
2015-12-01,425.753928,427.075383,420.812006,422.122189,422.122189,5613034
2015-12-02,422.122189,423.048498,419.997632,420.921306,420.921306,5065930
2015-12-03,420.921306,434.656621,419.030596,432.712945,432.712945,4730087
2015-12-04,432.712945,436.006544,424.882090,428.140888,428.140888,6895373
2015-12-07,428.140888,434.510524,428.002085,434.369702,434.369702,5131682
2015-12-08,434.369702,437.029830,427.913188,430.549924,430.549924,3020847
2015-12-09,430.549924,433.536198,427.340609,430.325325,430.325325,6641008
2015-12-10,430.325325,444.937398,429.171703,443.747793,443.747793,8196137
2015-12-11,443.747793,447.027308,442.989260,446.264474,446.264474,7530074
2015-12-14,446.264474,447.948337,434.260196,435.904970,435.904970,7151781
2015-12-15,435.904970,437.438164,430.309417,431.828272,431.828272,6612830
2015-12-16,431.828272,433.306713,426.355078,427.819794,427.819794,6245720
2015-12-17,427.819794,433.816464,427.090483,433.078188,433.078188,8869014
2015-12-18,433.078188,437.212933,431.655035,435.780898,435.780898,13900699
2015-12-21,435.780898,436.189281,426.309616,426.709498,426.709498,6261268
2015-12-22,426.709498,430.176754,425.576673,429.037747,429.037747,8042513
2015-12-23,429.037747,439.925443,428.982115,439.868406,439.868406,7888787
2015-12-24,439.868406,442.051493,426.447480,428.574515,428.574515,6591982
2015-12-25,428.574515,440.788939,427.001814,439.177330,439.177330,7259158
2015-12-28,439.177330,442.606888,434.397884,437.816818,437.816818,3909995
2015-12-29,437.816818,439.531417,428.231323,429.914976,429.914976,8251765
2015-12-30,429.914976,430.742340,429.641940,430.468952,430.468952,3389149
2015-12-31,430.468952,430.476024,422.339410,422.346349,422.346349,6913367
2016-01-01,422.346349,422.417096,415.398066,415.467660,415.467660,8010332
2016-01-04,415.467660,416.323262,412.698247,413.549900,413.549900,12399922
2016-01-05,413.549900,416.296880,393.118738,395.747467,395.747467,6237021
2016-01-06,395.747467,401.059841,394.134208,399.431564,399.431564,4934850
2016-01-07,399.431564,406.775142,396.311469,403.622311,403.622311,13409469
2016-01-08,403.622311,406.506210,392.294906,395.118042,395.118042,6825520
2016-01-11,395.118042,397.582925,385.184079,387.602075,387.602075,7121611
2016-01-12,387.602075,390.149365,387.250006,389.795304,389.795304,7567721
2016-01-13,389.795304,404.423112,389.221602,403.828757,403.828757,4359743
2016-01-14,403.828757,405.548721,402.615106,404.333554,404.333554,3417859
2016-01-15,404.333554,410.850101,404.217094,410.731798,410.731798,6378288
2016-01-18,410.731798,412.214651,408.592150,410.072623,410.072623,6765561
2016-01-19,410.072623,412.617489,402.469957,404.983239,404.983239,8792437
2016-01-20,404.983239,408.396109,401.519725,404.932166,404.932166,4483395
2016-01-21,404.932166,406.187861,392.519856,393.740847,393.740847,6800906
2016-01-22,393.740847,395.577742,391.886559,393.723372,393.723372,7953407
2016-01-25,393.723372,394.374039,384.892931,385.530058,385.530058,10076173
2016-01-26,385.530058,386.085863,371.879242,372.416140,372.416140,3378049
2016-01-27,372.416140,380.224321,372.067980,379.869194,379.869194,5472372
2016-01-28,379.869194,382.445592,379.061620,381.634266,381.634266,5089212
2016-01-29,381.634266,382.816273,379.177247,380.355292,380.355292,4650041
2016-02-01,380.355292,391.199728,379.098426,389.911285,389.911285,10639803
2016-02-02,389.911285,391.389855,384.540685,386.004440,386.004440,5529545
2016-02-03,386.004440,386.389810,384.868595,385.253215,385.253215,3064562
2016-02-04,385.253215,386.428774,378.559494,379.718163,379.718163,10640143
2016-02-05,379.718163,382.596029,379.604495,382.481534,382.481534,6187112
2016-02-08,382.481534,383.026294,380.104135,380.646282,380.646282,2546470
2016-02-09,380.646282,381.221149,380.400285,380.974940,380.974940,7224730
2016-02-10,380.974940,383.183813,379.482387,381.688464,381.688464,9630836
2016-02-11,381.688464,385.038439,381.615769,384.965120,384.965120,4160108
2016-02-12,384.965120,385.761869,378.171970,378.956283,378.956283,6198043
2016-02-15,378.956283,382.587696,378.488714,382.116229,382.116229,6889751
2016-02-16,382.116229,382.724189,376.316697,376.916384,376.916384,7829918
2016-02-17,376.916384,379.143682,374.421470,376.647176,376.647176,7170741
2016-02-18,376.647176,383.780939,376.422426,383.552068,383.552068,4367276
2016-02-19,383.552068,392.605930,383.006568,392.048347,392.048347,6258970
2016-02-22,392.048347,400.017365,390.795502,398.743127,398.743127,3435340
2016-02-23,398.743127,398.956480,396.298768,396.510927,396.510927,5487274
2016-02-24,396.510927,399.178030,385.006990,387.614250,387.614250,7810061
2016-02-25,387.614250,398.163187,386.371197,396.890386,396.890386,4802367
2016-02-26,396.890386,397.931154,393.278085,394.312092,394.312092,3310601
2016-02-29,394.312092,397.059477,391.273476,394.018818,394.018818,4553318
2016-03-01,394.018818,394.838177,389.413015,390.224484,390.224484,5791394
2016-03-02,390.224484,392.121280,385.276553,387.158447,387.158447,3537778
2016-03-03,387.158447,391.969727,385.481967,390.279731,390.279731,3896419
2016-03-04,390.279731,391.349800,384.573214,385.630536,385.630536,4011005
2016-03-07,385.630536,388.631356,385.191734,388.189642,388.189642,14183920
2016-03-08,388.189642,389.967452,387.350595,389.126380,389.126380,6232814
2016-03-09,389.126380,389.285840,386.999248,387.157901,387.157901,6436328
2016-03-10,387.157901,389.050823,378.031132,379.888512,379.888512,5949425
2016-03-11,379.888512,380.105896,379.238100,379.455235,379.455235,3068530
2016-03-14,379.455235,379.769317,370.510595,370.817527,370.817527,3575995
2016-03-15,370.817527,375.959834,370.353616,375.490078,375.490078,4997813
2016-03-16,375.490078,375.954519,373.650331,374.113069,374.113069,6904954
2016-03-17,374.113069,375.402175,360.359881,361.605889,361.605889,8815169
2016-03-18,361.605889,368.568879,360.663282,367.610619,367.610619,4865175
2016-03-21,367.610619,368.368340,364.899946,365.653634,365.653634,7674525
2016-03-22,365.653634,365.854420,364.695346,364.895716,364.895716,3913692
2016-03-23,364.895716,365.569219,361.044133,361.711759,361.711759,6759326
2016-03-24,361.711759,364.269235,359.880871,362.434687,362.434687,7485773
2016-03-25,362.434687,362.800131,358.951015,359.313312,359.313312,4527906
2016-03-28,359.313312,360.540836,349.505031,350.703140,350.703140,4341853
2016-03-29,350.703140,352.599665,338.804572,340.646714,340.646714,7047028
2016-03-30,340.646714,351.090807,340.309192,350.743282,350.743282,7084469
2016-03-31,350.743282,355.647865,350.000327,354.896114,354.896114,5109605
2016-04-01,354.896114,356.084122,349.290884,350.464057,350.464057,4565447
2016-04-04,350.464057,352.599937,347.491735,349.622487,349.622487,7336408
2016-04-05,349.622487,356.412807,348.954414,355.733058,355.733058,7191428
2016-04-06,355.733058,359.564453,353.851928,357.673064,357.673064,6334878
2016-04-07,357.673064,359.663693,350.854647,352.818257,352.818257,6435857
2016-04-08,352.818257,359.632477,350.367876,357.151998,357.151998,4863281
2016-04-11,357.151998,357.704275,350.964871,351.508422,351.508422,6042129
2016-04-12,351.508422,352.235573,345.433311,346.149376,346.149376,8731030
2016-04-13,346.149376,347.026714,345.812848,346.689661,346.689661,8087481
2016-04-14,346.689661,348.763013,342.937206,345.000456,345.000456,4973863
2016-04-15,345.000456,346.372899,340.609482,341.969869,341.969869,2865799
2016-04-18,341.969869,343.032611,325.878567,326.894459,326.894459,6127255
2016-04-19,326.894459,327.784291,326.023989,326.913770,326.913770,10683634
2016-04-20,326.913770,329.250303,324.148914,326.482363,326.482363,6759571
2016-04-21,326.482363,331.599100,326.275693,331.389324,331.389324,11655410
2016-04-22,331.389324,333.760560,329.483862,331.852435,331.852435,7657942
2016-04-25,331.852435,333.764040,331.035269,332.944187,332.944187,7170537
2016-04-26,332.944187,336.913046,331.496589,335.454534,335.454534,5531935
2016-04-27,335.454534,335.596163,330.740652,330.880350,330.880350,5878145
2016-04-28,330.880350,331.527976,314.260034,314.876336,314.876336,8939585
2016-04-29,314.876336,316.436620,307.538150,309.069661,309.069661,7682548
2016-05-02,309.069661,321.681897,308.651447,321.247205,321.247205,9321816
2016-05-03,321.247205,323.732275,319.769042,322.249499,322.249499,6604321
2016-05-04,322.249499,323.139259,322.233527,323.123244,323.123244,3522467
2016-05-05,323.123244,331.488572,322.706693,331.061788,331.061788,5757997
2016-05-06,331.061788,331.386531,329.704768,330.028497,330.028497,5019002
2016-05-09,330.028497,332.720619,329.421933,332.110228,332.110228,7681176
2016-05-10,332.110228,333.875554,327.789422,329.541091,329.541091,11003421
2016-05-11,329.541091,329.917472,328.594265,328.969994,328.969994,4065633
2016-05-12,328.969994,330.550785,327.247644,328.827752,328.827752,6171964
2016-05-13,328.827752,330.146044,326.571869,327.886387,327.886387,8774077
2016-05-16,327.886387,330.499303,321.599330,324.182731,324.182731,6215311
2016-05-17,324.182731,324.826350,313.780242,314.404448,314.404448,3973265
2016-05-18,314.404448,314.715912,313.914438,314.225725,314.225725,6445582
2016-05-19,314.225725,314.231623,313.027505,313.033380,313.033380,9377192
2016-05-20,313.033380,313.427078,306.546882,306.932908,306.932908,6831653
2016-05-23,306.932908,309.683103,305.326597,308.070837,308.070837,6760612
2016-05-24,308.070837,308.332798,307.442608,307.704257,307.704257,9449568
2016-05-25,307.704257,315.548864,307.260373,315.094320,315.094320,4723078
2016-05-26,315.094320,319.078242,314.270055,318.245733,318.245733,4134257
2016-05-27,318.245733,319.319601,317.194224,318.268018,318.268018,8850989
2016-05-30,318.268018,318.381619,314.907400,315.019842,315.019842,7891711
2016-05-31,315.019842,318.984389,312.795886,316.748231,316.748231,6019336
2016-06-01,316.748231,316.933415,316.506172,316.691322,316.691322,12376831
2016-06-02,316.691322,317.902443,313.298370,314.501115,314.501115,4760807
2016-06-03,314.501115,317.163153,313.352254,316.008785,316.008785,11773927
2016-06-06,316.008785,317.079366,315.319174,316.388926,316.388926,3377371
2016-06-07,316.388926,316.912570,313.455394,313.975043,313.975043,5128920
2016-06-08,313.975043,320.276444,313.269091,319.557939,319.557939,5402266
2016-06-09,319.557939,320.023085,315.730185,316.190430,316.190430,5733680
2016-06-10,316.190430,320.090054,314.483191,318.371042,318.371042,6604685
2016-06-13,318.371042,322.862510,317.310995,321.791076,321.791076,3933409
2016-06-14,321.791076,322.971128,319.025077,320.199292,320.199292,5976296
2016-06-15,320.199292,324.727101,319.072056,323.587935,323.587935,7547724
2016-06-16,323.587935,325.602725,321.672183,323.686391,323.686391,3360293
2016-06-17,323.686391,326.661230,322.556297,325.524718,325.524718,5701144
2016-06-20,325.524718,326.937403,318.967779,320.358043,320.358043,4631312
2016-06-21,320.358043,321.144487,319.461734,320.247908,320.247908,8439323
2016-06-22,320.247908,320.544494,318.975692,319.271375,319.271375,5946810
2016-06-23,319.271375,324.849833,318.633009,324.201610,324.201610,3570593
2016-06-24,324.201610,326.494130,316.418006,318.671421,318.671421,2814132
2016-06-27,318.671421,326.450197,317.429519,325.182919,325.182919,6929090
2016-06-28,325.182919,325.985782,323.072533,323.872160,323.872160,4278279
2016-06-29,323.872160,324.686414,319.324670,320.129514,320.129514,5209691
2016-06-30,320.129514,322.808403,311.328976,313.956206,313.956206,8829501
2016-07-01,313.956206,319.810593,310.785533,316.613088,316.613088,4467313
2016-07-04,316.613088,320.084130,315.080114,318.541817,318.541817,9549345
2016-07-05,318.541817,320.613343,316.973891,319.042951,319.042951,5014729
2016-07-06,319.042951,319.586762,317.236143,317.777797,317.777797,3065990
2016-07-07,317.777797,319.538182,313.180897,314.925481,314.925481,5425791
2016-07-08,314.925481,316.698698,314.255819,316.026695,316.026695,5994541
2016-07-11,316.026695,323.152566,314.641248,321.742063,321.742063,3861677
2016-07-12,321.742063,324.024438,319.339744,321.621262,321.621262,6871471
2016-07-13,321.621262,327.982229,320.917204,327.265815,327.265815,8102676
2016-07-14,327.265815,327.810026,319.132916,319.664487,319.664487,4014257
2016-07-15,319.664487,320.087865,313.954147,314.370513,314.370513,7954717
2016-07-18,314.370513,314.924179,304.719722,305.257338,305.257338,6009532
2016-07-19,305.257338,309.769501,303.756343,308.253772,308.253772,8002060
2016-07-20,308.253772,309.497674,305.852099,307.091310,307.091310,8510823
2016-07-21,307.091310,307.962078,298.710756,299.560169,299.560169,6453232
2016-07-22,299.560169,300.104697,296.510186,297.050152,297.050152,8686508
2016-07-25,297.050152,298.335467,293.276896,294.551398,294.551398,14129257
2016-07-26,294.551398,299.785195,294.455339,299.687461,299.687461,6237047
2016-07-27,299.687461,300.238412,289.394329,289.927336,289.927336,4437043
2016-07-28,289.927336,291.166432,286.223836,287.452355,287.452355,4687485
2016-07-29,287.452355,291.597582,286.747966,290.884782,290.884782,2798117
2016-08-01,290.884782,291.407315,286.260033,286.775184,286.775184,8077433
2016-08-02,286.775184,287.108700,283.897984,284.228538,284.228538,5283848
2016-08-03,284.228538,286.986923,283.833420,286.588524,286.588524,5109044
2016-08-04,286.588524,291.117339,285.549912,290.066123,290.066123,4131453
2016-08-05,290.066123,290.241215,286.593315,286.766415,286.766415,8525167
2016-08-08,286.766415,287.020370,283.031324,283.282193,283.282193,5782342
2016-08-09,283.282193,285.320064,282.371872,284.406131,284.406131,7446449
2016-08-10,284.406131,290.183522,282.987780,288.743540,288.743540,7724527
2016-08-11,288.743540,290.282744,287.929037,289.466203,289.466203,10816868
2016-08-12,289.466203,290.486148,288.730628,289.749852,289.749852,5376183
2016-08-15,289.749852,289.915097,288.212943,288.377405,288.377405,5306680
2016-08-16,288.377405,293.691684,286.075431,291.365854,291.365854,3987587
2016-08-17,291.365854,294.147084,291.266969,294.047289,294.047289,3468900
2016-08-18,294.047289,301.759383,292.368615,300.046461,300.046461,7088337
2016-08-19,300.046461,301.748908,299.705771,301.406673,301.406673,4311806
2016-08-22,301.406673,303.422411,296.561662,298.558351,298.558351,4143861
2016-08-23,298.558351,299.995968,296.636375,298.071648,298.071648,6831569
2016-08-24,298.071648,311.748360,297.621954,311.278741,311.278741,6197510
2016-08-25,311.278741,324.012489,309.599595,322.274030,322.274030,10490001
2016-08-26,322.274030,322.991095,317.156553,317.863805,317.863805,8458638
2016-08-29,317.863805,319.446887,311.110453,312.667656,312.667656,7034172
2016-08-30,312.667656,314.160893,308.248276,309.727472,309.727472,5226546
2016-08-31,309.727472,310.012244,306.946552,307.229027,307.229027,7345021
2016-09-01,307.229027,308.236681,305.328365,306.333080,306.333080,4141310
2016-09-02,306.333080,311.323892,305.233201,310.210092,310.210092,5225373
2016-09-05,310.210092,314.141598,309.360703,313.283792,313.283792,7193228
2016-09-06,313.283792,315.720369,312.289233,314.721246,314.721246,5124177
2016-09-07,314.721246,317.831779,313.046335,316.149268,316.149268,5506968
2016-09-08,316.149268,321.407112,315.806304,321.058823,321.058823,5637991
2016-09-09,321.058823,324.851636,319.851137,323.634263,323.634263,5411058
2016-09-12,323.634263,325.428708,321.896659,323.690800,323.690800,3875002
2016-09-13,323.690800,326.603240,323.575137,326.486577,326.486577,8000834
2016-09-14,326.486577,326.939881,323.937720,324.388110,324.388110,10845004
2016-09-15,324.388110,324.448889,320.840868,320.900994,320.900994,4711439
2016-09-16,320.900994,323.979214,319.011062,322.082325,322.082325,6519465
2016-09-19,322.082325,322.425013,317.060855,317.398560,317.398560,10751770
2016-09-20,317.398560,317.549904,310.919710,311.068036,311.068036,4223863
2016-09-21,311.068036,314.525088,310.175961,313.625679,313.625679,6985560
2016-09-22,313.625679,314.263205,311.406238,312.040543,312.040543,8356785
2016-09-23,312.040543,312.421711,305.256221,305.629558,305.629558,6256607
2016-09-26,305.629558,311.561959,305.494240,311.424075,311.424075,4497576
2016-09-27,311.424075,317.918180,310.697055,317.177728,317.177728,6392270
2016-09-28,317.177728,320.879314,315.617671,319.308775,319.308775,9482830
2016-09-29,319.308775,335.391646,317.273605,333.267508,333.267508,7399796
2016-09-30,333.267508,335.326859,333.191498,335.250398,335.250398,5383839
2016-10-03,335.250398,337.068899,329.802829,331.601538,331.601538,3042088
2016-10-04,331.601538,331.708262,320.434151,320.537314,320.537314,7244274
2016-10-05,320.537314,324.377422,320.464221,324.303470,324.303470,4424690
2016-10-06,324.303470,326.726598,318.207354,320.602832,320.602832,4718406
2016-10-07,320.602832,320.878398,315.643610,315.915146,315.915146,6684829
2016-10-10,315.915146,317.485653,309.865840,311.413970,311.413970,7367119
2016-10-11,311.413970,314.637376,309.237556,312.453696,312.453696,4786511
2016-10-12,312.453696,313.715524,310.977375,312.238333,312.238333,6938257
2016-10-13,312.238333,313.057711,311.523231,312.342370,312.342370,3525816
2016-10-14,312.342370,314.036719,309.037968,310.723535,310.723535,3693876
2016-10-17,310.723535,311.731043,300.364045,301.341131,301.341131,5728631
2016-10-18,301.341131,301.510041,298.567540,298.734989,298.734989,10763378
2016-10-19,298.734989,299.477612,295.260211,295.996025,295.996025,2847201
2016-10-20,295.996025,296.899795,289.917744,290.805666,290.805666,3180180
2016-10-21,290.805666,291.415357,283.650386,284.246325,284.246325,6882128
2016-10-24,284.246325,284.609794,282.760945,283.122978,283.122978,4323423
2016-10-25,283.122978,283.914467,282.935465,283.726555,283.726555,6228678
2016-10-26,283.726555,283.749096,281.058480,281.080810,281.080810,3587377
2016-10-27,281.080810,282.150005,277.993902,279.055393,279.055393,4123891
2016-10-28,279.055393,297.032328,278.809926,296.771277,296.771277,3588027
2016-10-31,296.771277,296.899309,293.097618,293.224120,293.224120,5643065
2016-11-01,293.224120,294.556768,286.226556,287.533340,287.533340,11736943
2016-11-02,287.533340,289.049115,276.371457,277.836112,277.836112,7757594
2016-11-03,277.836112,281.928461,276.554276,280.633719,280.633719,7357095
2016-11-04,280.633719,284.560690,277.837799,281.753612,281.753612,6015769
2016-11-07,281.753612,283.300411,278.333466,279.869924,279.869924,7954332
2016-11-08,279.869924,281.186193,274.402436,275.699089,275.699089,5506988
2016-11-09,275.699089,276.857459,273.287096,274.440177,274.440177,3976783
2016-11-10,274.440177,277.291153,272.998202,275.841814,275.841814,4887323
2016-11-11,275.841814,283.566165,274.856708,282.557077,282.557077,6544633
2016-11-14,282.557077,287.903499,280.802637,286.126894,286.126894,4793893
2016-11-15,286.126894,289.413773,285.007899,288.286333,288.286333,4731281
2016-11-16,288.286333,289.088528,284.253110,285.046290,285.046290,6957929
2016-11-17,285.046290,291.723667,283.140866,289.786557,289.786557,6249914
2016-11-18,289.786557,290.258266,286.329885,286.796728,286.796728,5587505
2016-11-21,286.796728,287.332540,280.293540,280.818184,280.818184,4783294
2016-11-22,280.818184,281.794356,277.382414,278.350007,278.350007,8167603
2016-11-23,278.350007,280.862593,274.406249,276.905798,276.905798,5176756
2016-11-24,276.905798,281.789666,275.729484,280.597669,280.597669,9135568
2016-11-25,280.597669,281.151308,279.199923,279.751893,279.751893,5662005
2016-11-28,279.751893,283.703394,279.374677,283.321364,283.321364,13434840
2016-11-29,283.321364,284.438267,277.582324,278.680934,278.680934,7986932
2016-11-30,278.680934,280.756333,277.208029,279.280260,279.280260,5994229
2016-12-01,279.280260,285.169711,278.490675,284.365748,284.365748,8952551
2016-12-02,284.365748,284.439504,272.480989,272.551681,272.551681,3667719
2016-12-05,272.551681,274.212749,271.484701,273.143451,273.143451,4473596
2016-12-06,273.143451,278.123061,272.957584,277.933934,277.933934,6439022
2016-12-07,277.933934,278.113415,271.099526,271.274707,271.274707,5218156
2016-12-08,271.274707,271.535408,270.181854,270.441754,270.441754,7834802
2016-12-09,270.441754,271.857342,268.149301,269.560274,269.560274,2919799
2016-12-12,269.560274,272.936711,269.078958,272.450234,272.450234,9898585
2016-12-13,272.450234,276.838039,271.797062,276.175936,276.175936,4934948
2016-12-14,276.175936,278.331891,275.058219,277.209990,277.209990,8414831
2016-12-15,277.209990,279.798960,275.144500,277.729598,277.729598,5818667
2016-12-16,277.729598,278.924016,272.317688,273.493889,273.493889,3979628
2016-12-19,273.493889,274.172919,272.780645,273.459590,273.459590,5659201
2016-12-20,273.459590,277.826988,272.740289,277.098116,277.098116,5552632
2016-12-21,277.098116,278.778668,276.918434,278.598014,278.598014,15121670
2016-12-22,278.598014,279.603498,278.030509,279.035104,279.035104,6977120
2016-12-23,279.035104,286.520142,277.471266,284.923304,284.923304,5317480
2016-12-26,284.923304,286.511432,282.334839,283.917360,283.917360,4532909
2016-12-27,283.917360,285.867064,278.061104,279.983796,279.983796,5605083
2016-12-28,279.983796,280.476617,279.918665,280.411387,280.411387,4409312
2016-12-29,280.411387,280.746753,268.621729,268.943380,268.943380,8306693
2016-12-30,268.943380,271.798178,268.321221,271.170866,271.170866,7231641
2017-01-02,271.170866,272.756957,270.013469,271.597739,271.597739,5487711
2017-01-03,271.597739,271.614809,259.980219,259.996560,259.996560,2670877
2017-01-04,259.996560,262.390149,259.671062,262.062065,262.062065,14363901
2017-01-05,262.062065,268.597668,261.769281,268.297917,268.297917,8663437
2017-01-06,268.297917,273.505178,266.842856,272.029876,272.029876,6795851
2017-01-09,272.029876,273.906151,271.527202,273.400943,273.400943,7979396
2017-01-10,273.400943,273.794372,273.335883,273.729234,273.729234,6091176
2017-01-11,273.729234,284.001744,273.217782,283.472087,283.472087,6921536
2017-01-12,283.472087,284.805600,283.430271,284.763594,284.763594,10015271
2017-01-13,284.763594,287.143694,281.082812,283.451949,283.451949,5327619
2017-01-16,283.451949,283.591729,283.239708,283.379453,283.379453,5740774
2017-01-17,283.379453,286.819355,282.815331,286.249521,286.249521,8994475
2017-01-18,286.249521,287.069114,285.084628,285.903230,285.903230,6914224
2017-01-19,285.903230,286.952774,285.432005,286.480597,286.480597,5926087
2017-01-20,286.480597,288.317211,276.747226,278.532887,278.532887,5374085
2017-01-23,278.532887,278.851598,276.481041,276.797766,276.797766,8458877
2017-01-24,276.797766,277.383723,274.397267,274.979375,274.979375,3350072
2017-01-25,274.979375,276.277835,273.151635,274.447584,274.447584,6056432
2017-01-26,274.447584,277.129496,274.199050,276.878761,276.878761,5066811
2017-01-27,276.878761,277.438200,273.184388,273.737481,273.737481,4838595
2017-01-30,273.737481,275.804033,271.013093,273.074641,273.074641,11497392
2017-01-31,273.074641,278.968170,271.002564,276.867315,276.867315,8740813
2017-02-01,276.867315,277.186853,275.391305,275.709507,275.709507,6497635
2017-02-02,275.709507,277.467644,273.100006,274.852679,274.852679,6708817
2017-02-03,274.852679,287.886823,274.368831,287.380920,287.380920,6808460
2017-02-06,287.380920,287.456598,280.006246,280.080001,280.080001,4943800
2017-02-07,280.080001,288.894266,277.605356,286.364098,286.364098,6486590
2017-02-08,286.364098,292.834574,285.012938,291.459372,291.459372,5638848
2017-02-09,291.459372,296.396082,291.275146,296.208854,296.208854,4008278
2017-02-10,296.208854,305.177902,295.268999,304.212652,304.212652,7826016
2017-02-13,304.212652,305.702018,303.534890,305.022452,305.022452,5462870
2017-02-14,305.022452,312.065089,302.415683,309.420732,309.420732,4521323
2017-02-15,309.420732,311.511040,305.616992,307.695646,307.695646,5518364
2017-02-16,307.695646,310.020655,306.448339,308.768996,308.768996,8180618
2017-02-17,308.768996,314.916879,306.279188,312.397809,312.397809,7350673
2017-02-20,312.397809,316.773683,310.105638,314.466334,314.466334,4688467
2017-02-21,314.466334,316.290375,313.669752,315.491196,315.491196,6590068
2017-02-22,315.491196,315.602939,314.891865,315.003435,315.003435,5050427
2017-02-23,315.003435,315.610386,308.832470,309.428680,309.428680,9174528
2017-02-24,309.428680,310.725790,304.394025,305.675402,305.675402,5744127
2017-02-27,305.675402,309.111404,304.731178,308.159507,308.159507,5083795
2017-02-28,308.159507,309.335965,304.617386,305.784778,305.784778,9917926
2017-03-01,305.784778,308.045689,295.987262,298.192034,298.192034,7695380
2017-03-02,298.192034,300.116598,297.864297,299.787107,299.787107,3780351
2017-03-03,299.787107,304.646100,299.645890,304.502661,304.502661,7629660
2017-03-06,304.502661,304.638511,298.638513,298.771806,298.771806,4326515
2017-03-07,298.771806,305.491794,297.566303,304.264130,304.264130,6815580
2017-03-08,304.264130,304.514408,298.109750,298.355168,298.355168,6460648
2017-03-09,298.355168,300.689889,297.586400,299.917096,299.917096,5435975
2017-03-10,299.917096,301.175403,295.187418,296.431101,296.431101,6134344
2017-03-13,296.431101,297.311077,294.909947,295.788014,295.788014,7666395
2017-03-14,295.788014,296.141730,293.813044,294.164820,294.164820,5177778
2017-03-15,294.164820,298.938284,293.150255,297.910799,297.910799,5947078
2017-03-16,297.910799,302.063159,297.538239,301.685878,301.685878,3400367
2017-03-17,301.685878,302.538008,300.003608,300.853387,300.853387,4892104
2017-03-20,300.853387,302.142772,298.550727,299.835752,299.835752,4584604
2017-03-21,299.835752,301.460026,299.086289,300.708383,300.708383,8317363
2017-03-22,300.708383,301.170444,295.781288,296.236478,296.236478,2459204
2017-03-23,296.236478,302.664400,294.423680,300.823533,300.823533,6729249
2017-03-24,300.823533,303.507574,296.368148,299.036243,299.036243,8659851
2017-03-27,299.036243,306.508430,298.867277,306.335339,306.335339,9339188
2017-03-28,306.335339,307.131596,302.912010,303.701421,303.701421,5828026
2017-03-29,303.701421,305.435598,301.377982,303.108776,303.108776,9040976
2017-03-30,303.108776,303.849457,302.409020,303.149607,303.149607,5127013
2017-03-31,303.149607,308.531808,302.909612,308.287745,308.287745,2404294
2017-04-03,308.287745,311.353661,307.063255,310.121885,310.121885,5243851
2017-04-04,310.121885,315.743845,308.596643,314.198554,314.198554,5610091
2017-04-05,314.198554,314.410662,308.822493,309.031113,309.031113,6194965
2017-04-06,309.031113,310.555816,299.782184,301.268588,301.268588,4661196
2017-04-07,301.268588,301.566941,291.706025,291.995194,291.995194,10079977
2017-04-10,291.995194,293.476688,291.950531,293.431805,293.431805,3830186
2017-04-11,293.431805,295.768773,292.559465,294.892091,294.892091,7522840
2017-04-12,294.892091,295.229188,290.493118,290.825567,290.825567,3395013
2017-04-13,290.825567,291.840241,288.886170,289.897607,289.897607,8403898
2017-04-14,289.897607,294.277205,289.266814,293.638273,293.638273,5791126
2017-04-17,293.638273,294.878067,279.369414,280.553964,280.553964,7524301
2017-04-18,280.553964,281.236098,279.797447,280.479400,280.479400,5756324
2017-04-19,280.479400,281.991441,275.300496,276.792663,276.792663,7345329
2017-04-20,276.792663,278.153254,268.510150,269.836548,269.836548,7484779
2017-04-21,269.836548,272.727684,268.683101,271.566840,271.566840,4408926
2017-04-24,271.566840,276.039434,269.408634,273.862979,273.862979,5683273
2017-04-25,273.862979,274.111553,269.507228,269.752071,269.752071,4541804
2017-04-26,269.752071,271.439964,266.924137,268.604852,268.604852,8813829
2017-04-27,268.604852,275.645073,268.442060,275.478115,275.478115,10501328
2017-04-28,275.478115,287.903592,274.504214,286.889349,286.889349,5371914
2017-05-01,286.889349,287.260779,281.975203,282.340744,282.340744,4882569
2017-05-02,282.340744,286.707376,282.189436,286.553811,286.553811,11136062
2017-05-03,286.553811,292.484934,285.298346,291.209074,291.209074,5519953
2017-05-04,291.209074,293.374205,290.111376,292.272499,292.272499,6218329
2017-05-05,292.272499,292.375552,289.661363,289.763531,289.763531,7484502
2017-05-08,289.763531,290.646845,288.543494,289.425778,289.425778,6367971
2017-05-09,289.425778,290.690272,284.889013,286.139147,286.139147,5143499
2017-05-10,286.139147,289.790338,286.088674,289.739230,289.739230,6567495
2017-05-11,289.739230,290.388220,289.420547,290.069174,290.069174,8138428
2017-05-12,290.069174,294.571023,289.965227,294.465501,294.465501,6085183
2017-05-15,294.465501,295.127780,293.575933,294.237699,294.237699,7155784
2017-05-16,294.237699,295.988786,292.956743,294.705793,294.705793,5985970
2017-05-17,294.705793,295.970026,290.378433,291.629470,291.629470,6611256
2017-05-18,291.629470,292.946462,287.319784,288.623200,288.623200,4068044
2017-05-19,288.623200,291.190454,286.980498,289.542520,289.542520,6823813
2017-05-22,289.542520,292.322608,289.255946,292.033568,292.033568,5415238
2017-05-23,292.033568,293.076825,291.284030,292.326535,292.326535,5164317
2017-05-24,292.326535,293.850005,286.876175,288.379072,288.379072,3651259
2017-05-25,288.379072,292.127036,287.309877,291.047946,291.047946,4166331
2017-05-26,291.047946,291.406420,289.636953,289.994128,289.994128,8079118
2017-05-29,289.994128,293.467509,289.636801,293.106348,293.106348,6476411
2017-05-30,293.106348,298.120481,291.843148,296.841185,296.841185,7183683
2017-05-31,296.841185,304.298605,296.254612,303.698481,303.698481,5790687
2017-06-01,303.698481,309.163817,302.528278,307.977127,307.977127,8452369
2017-06-02,307.977127,312.843891,306.996721,311.851152,311.851152,3136259
2017-06-05,311.851152,312.558671,305.659739,306.354788,306.354788,5872683
2017-06-06,306.354788,306.483207,305.910407,306.038693,306.038693,3585254
2017-06-07,306.038693,313.393814,305.278124,312.616897,312.616897,4345771
2017-06-08,312.616897,315.143982,311.473759,313.995802,313.995802,5967846
2017-06-09,313.995802,317.756821,313.710232,317.468094,317.468094,5774074
2017-06-12,317.468094,317.519135,313.700854,313.751298,313.751298,5604881
2017-06-13,313.751298,316.755479,313.068420,316.067559,316.067559,7060659
2017-06-14,316.067559,322.682356,315.637529,322.243923,322.243923,5137490
2017-06-15,322.243923,324.133071,321.316199,323.202588,323.202588,5771176
2017-06-16,323.202588,324.226828,320.218964,321.236976,321.236976,4564560
2017-06-19,321.236976,321.312790,317.085125,317.159977,317.159977,8484452
2017-06-20,317.159977,319.104639,314.555792,316.496385,316.496385,4195518
2017-06-21,316.496385,324.360877,316.061762,323.916066,323.916066,5141821
2017-06-22,323.916066,324.799810,320.875022,321.752864,321.752864,9811317
2017-06-23,321.752864,321.823884,319.253568,319.324052,319.324052,5169803
2017-06-26,319.324052,326.698778,317.055360,324.394065,324.394065,3740569
2017-06-27,324.394065,325.468357,318.306626,319.364261,319.364261,4180632
2017-06-28,319.364261,320.270149,311.740553,312.627332,312.627332,5206309
2017-06-29,312.627332,316.252774,311.931530,315.550466,315.550466,8543573
2017-06-30,315.550466,321.292552,314.584630,320.312142,320.312142,5915346
2017-07-03,320.312142,327.551252,320.275977,327.514275,327.514275,3179680
2017-07-04,327.514275,328.186559,324.474337,325.141751,325.141751,6859641
2017-07-05,325.141751,328.847258,323.935733,327.632003,327.632003,4992133
2017-07-06,327.632003,340.709690,327.238740,340.301219,340.301219,7750365
2017-07-07,340.301219,342.663064,337.362024,339.719833,339.719833,6028837
2017-07-10,339.719833,340.394263,337.877274,338.549380,338.549380,4888445
2017-07-11,338.549380,345.753588,337.711761,344.900256,344.900256,5230347
2017-07-12,344.900256,346.599280,335.926818,337.589830,337.589830,7367415
2017-07-13,337.589830,338.380186,335.850528,336.638657,336.638657,5622665
2017-07-14,336.638657,338.596347,335.664854,337.619706,337.619706,6814922
2017-07-17,337.619706,338.008250,326.774039,327.150535,327.150535,8222217
2017-07-18,327.150535,338.141585,324.496617,335.420578,335.420578,2964682
2017-07-19,335.420578,337.363236,330.885606,332.813162,332.813162,3641400
2017-07-20,332.813162,333.703264,324.240828,325.110329,325.110329,5101694
2017-07-21,325.110329,326.065199,319.528476,320.469717,320.469717,8478159
2017-07-24,320.469717,327.408526,320.201009,327.134231,327.134231,9725339
2017-07-25,327.134231,327.395629,327.099854,327.361228,327.361228,5817996
2017-07-26,327.361228,333.860470,326.305596,332.787341,332.787341,3412714
2017-07-27,332.787341,336.535999,331.861410,335.602237,335.602237,3405191
2017-07-28,335.602237,335.984690,331.805750,332.184307,332.184307,6775995
2017-07-31,332.184307,338.001822,327.025629,332.833069,332.833069,9046907
2017-08-01,332.833069,334.317970,328.073111,329.543336,329.543336,4554751
2017-08-02,329.543336,341.562947,328.310108,340.289505,340.289505,8134111
2017-08-03,340.289505,340.589961,338.723608,339.022946,339.022946,3868023
2017-08-04,339.022946,345.564305,337.229086,343.745457,343.745457,7283202
2017-08-07,343.745457,351.689005,340.929369,348.831253,348.831253,4433173
2017-08-08,348.831253,354.584655,348.338350,354.084329,354.084329,9038191
2017-08-09,354.084329,358.456229,352.200533,356.559265,356.559265,6325613
2017-08-10,356.559265,369.972620,355.362019,368.734492,368.734492,8891949
2017-08-11,368.734492,382.709681,368.614004,382.584668,382.584668,5438959
2017-08-14,382.584668,384.063680,379.574169,381.047237,381.047237,3609304
2017-08-15,381.047237,382.303313,378.303510,379.554666,379.554666,3662335
2017-08-16,379.554666,393.389025,378.367060,392.161972,392.161972,6861184
2017-08-17,392.161972,399.949627,391.005822,398.773984,398.773984,4177643
2017-08-18,398.773984,408.333615,397.887742,407.428140,407.428140,8069380
2017-08-21,407.428140,419.266583,407.156837,418.987583,418.987583,4491460
2017-08-22,418.987583,420.974033,413.124014,415.091995,415.091995,10576512
2017-08-23,415.091995,417.687916,407.645336,410.210730,410.210730,6036784
2017-08-24,410.210730,411.582691,394.108869,395.431401,395.431401,7936709
2017-08-25,395.431401,400.749002,394.030589,399.334365,399.334365,4930322
2017-08-28,399.334365,402.487363,398.655802,401.804603,401.804603,6458994
2017-08-29,401.804603,427.020793,401.747950,426.960593,426.960593,7979207
2017-08-30,426.960593,428.086611,424.515069,425.637598,425.637598,9028633
2017-08-31,425.637598,426.341991,414.229476,414.916126,414.916126,12386269
2017-09-01,414.916126,422.165376,413.266544,420.493619,420.493619,4539285
2017-09-04,420.493619,420.749097,415.093301,415.345651,415.345651,6204887
2017-09-05,415.345651,421.240949,413.358034,419.234720,419.234720,2302816
2017-09-06,419.234720,421.442280,409.701578,411.870359,411.870359,4741503
2017-09-07,411.870359,414.574501,406.036007,408.719462,408.719462,5527631
2017-09-08,408.719462,410.972855,401.004375,403.227490,403.227490,8800931
2017-09-11,403.227490,407.318695,401.440126,405.521164,405.521164,5541464
2017-09-12,405.521164,409.196032,404.859185,408.529144,408.529144,10736911
2017-09-13,408.529144,409.057107,400.594107,401.112485,401.112485,4988532
2017-09-14,401.112485,402.214030,396.231435,397.322572,397.322572,5473109
2017-09-15,397.322572,398.726203,395.726192,397.129140,397.129140,4394477
2017-09-18,397.129140,408.836669,396.197274,407.879577,407.879577,6046589
2017-09-19,407.879577,425.456372,405.273349,422.755094,422.755094,5481282
2017-09-20,422.755094,423.025091,418.405865,418.673255,418.673255,15127379
2017-09-21,418.673255,420.354007,413.795056,415.462921,415.462921,8939472
2017-09-22,415.462921,416.106134,413.676396,414.317836,414.317836,7844481
2017-09-25,414.317836,417.892092,408.777150,412.334294,412.334294,5047749
2017-09-26,412.334294,414.026820,409.824715,411.513873,411.513873,8514528
2017-09-27,411.513873,416.927477,411.204406,416.614174,416.614174,4849911
2017-09-28,416.614174,417.141799,415.923341,416.450758,416.450758,4492812
2017-09-29,416.450758,419.114019,409.860281,412.498265,412.498265,4616578
2017-10-02,412.498265,415.022380,405.199741,407.694461,407.694461,8894273
2017-10-03,407.694461,412.855778,407.460602,412.619094,412.619094,7073745
2017-10-04,412.619094,416.619344,394.463821,398.325498,398.325498,3473500
2017-10-05,398.325498,398.848468,393.366718,393.883857,393.883857,4885411
2017-10-06,393.883857,402.487200,391.770569,400.339278,400.339278,5354595
2017-10-09,400.339278,402.055482,384.773706,386.430284,386.430284,6842731
2017-10-10,386.430284,386.665115,382.509858,382.742447,382.742447,4651260
2017-10-11,382.742447,405.513692,380.869545,403.539025,403.539025,6159381
2017-10-12,403.539025,404.003867,382.397643,382.838640,382.838640,8786035
2017-10-13,382.838640,387.957121,381.891420,386.999606,386.999606,5165553
2017-10-16,386.999606,387.985231,383.997936,384.978412,384.978412,5718443
2017-10-17,384.978412,385.505594,377.617089,378.134899,378.134899,5279367
2017-10-18,378.134899,379.806760,364.477206,366.095838,366.095838,5836770
2017-10-19,366.095838,368.312707,365.587307,367.801806,367.801806,4359191
2017-10-20,367.801806,370.512156,367.637148,370.346359,370.346359,4396785
2017-10-23,370.346359,372.477058,365.304155,367.418007,367.418007,6416785
2017-10-24,367.418007,369.713526,363.463090,365.748176,365.748176,6132517
2017-10-25,365.748176,369.392323,365.596818,369.239520,369.239520,5677991
2017-10-26,369.239520,374.656391,367.870878,373.272799,373.272799,5766776
2017-10-27,373.272799,377.886125,373.246294,377.859294,377.859294,9023105
2017-10-30,377.859294,396.944988,377.285158,396.342767,396.342767,4839670
2017-10-31,396.342767,398.181607,395.999895,397.837442,397.837442,7940410
2017-11-01,397.837442,398.169574,394.922961,395.252936,395.252936,3623343
2017-11-02,395.252936,397.946766,391.843105,394.532021,394.532021,6033866
2017-11-03,394.532021,397.854354,386.015296,389.293517,389.293517,8659157
2017-11-06,389.293517,393.226644,388.512725,392.439542,392.439542,5071253
2017-11-07,392.439542,393.941692,390.954567,392.456652,392.456652,5187402
2017-11-08,392.456652,395.059951,380.152832,382.691355,382.691355,4777753
2017-11-09,382.691355,390.474542,382.001111,389.771528,389.771528,12271998
2017-11-10,389.771528,392.788282,384.906708,387.909046,387.909046,8330933
2017-11-13,387.909046,401.158817,385.402558,398.583356,398.583356,3129964
2017-11-14,398.583356,405.144508,395.555070,402.089583,402.089583,4695431
2017-11-15,402.089583,409.226226,399.405373,406.512491,406.512491,4816311
2017-11-16,406.512491,413.945611,405.125033,412.537589,412.537589,3500820
2017-11-17,412.537589,414.424799,407.885775,409.760279,409.760279,5730227
2017-11-20,409.760279,411.300936,389.124515,390.593105,390.593105,5027143
2017-11-21,390.593105,392.220114,388.380206,390.004765,390.004765,6838311
2017-11-22,390.004765,396.586628,388.983434,395.550773,395.550773,9508139
2017-11-23,395.550773,397.322193,387.068739,388.809970,388.809970,4742474
2017-11-24,388.809970,401.275226,386.260934,398.661602,398.661602,4960048
2017-11-27,398.661602,399.845774,398.584863,399.768822,399.768822,6384607
2017-11-28,399.768822,409.147299,398.645797,408.001147,408.001147,8441711
2017-11-29,408.001147,409.741497,397.821931,399.526131,399.526131,3669929
2017-11-30,399.526131,406.615014,398.046603,405.114790,405.114790,3043961
2017-12-01,405.114790,415.556735,404.564117,414.992634,414.992634,7969765
2017-12-04,414.992634,418.347976,408.902053,412.235099,412.235099,3560237
2017-12-05,412.235099,419.259397,409.588828,416.585201,416.585201,7461551
2017-12-06,416.585201,419.651859,402.587295,405.572886,405.572886,5064377
2017-12-07,405.572886,406.626135,403.040105,404.089502,404.089502,5513879
2017-12-08,404.089502,407.806457,402.634528,406.343369,406.343369,5907195
2017-12-11,406.343369,407.560989,402.948266,404.159342,404.159342,3860141
2017-12-12,404.159342,409.549095,402.466893,407.841228,407.841228,6725117
2017-12-13,407.841228,409.331329,399.605015,401.070379,401.070379,5151277
2017-12-14,401.070379,405.663807,398.565856,403.146320,403.146320,11942217
2017-12-15,403.146320,407.581278,402.270629,406.697872,406.697872,5392572
2017-12-18,406.697872,410.104209,406.661053,410.067085,410.067085,2693739
2017-12-19,410.067085,413.443894,402.998210,406.344363,406.344363,6252041
2017-12-20,406.344363,410.523520,404.914511,409.084028,409.084028,7673955
2017-12-21,409.084028,409.112941,408.966061,408.994969,408.994969,3963912
2017-12-22,408.994969,409.215408,407.426582,407.646294,407.646294,6549294
2017-12-25,407.646294,415.517850,405.836361,413.681122,413.681122,7666415
2017-12-26,413.681122,418.040047,408.467652,412.817477,412.817477,5415756
2017-12-27,412.817477,414.669494,401.977255,403.788767,403.788767,6987111
2017-12-28,403.788767,411.633759,402.595234,410.420624,410.420624,4676390
2017-12-29,410.420624,419.574531,407.933357,417.047106,417.047106,4994664
2018-01-01,417.047106,419.839991,415.144889,417.933731,417.933731,5424867
2018-01-02,417.933731,423.854759,415.700516,421.601943,421.601943,6477390
2018-01-03,421.601943,433.854932,420.298281,432.517518,432.517518,5716158
2018-01-04,432.517518,432.655713,426.575208,426.711548,426.711548,9976281
2018-01-05,426.711548,427.322093,425.772423,426.382497,426.382497,13038835
2018-01-08,426.382497,426.484222,421.488996,421.589579,421.589579,8826817
2018-01-09,421.589579,421.747538,410.239416,410.393179,410.393179,7572909
2018-01-10,410.393179,417.276238,407.068457,413.922919,413.922919,4160519
2018-01-11,413.922919,420.228992,410.180238,416.463341,416.463341,5134240
2018-01-12,416.463341,425.977426,415.448943,424.942375,424.942375,5877061
2018-01-15,424.942375,430.314600,424.284613,429.649551,429.649551,6166019
2018-01-16,429.649551,433.353268,427.327006,431.023296,431.023296,4757019
2018-01-17,431.023296,431.054529,429.424854,429.455973,429.455973,8521311
2018-01-18,429.455973,432.683679,428.006075,431.227799,431.227799,9132420
2018-01-19,431.227799,440.376499,429.633589,438.754464,438.754464,7735269
2018-01-22,438.754464,440.281290,428.711646,430.208734,430.208734,11011445
2018-01-23,430.208734,437.083911,428.870213,435.728217,435.728217,7859476
2018-01-24,435.728217,435.728383,435.606647,435.606812,435.606812,4870110
2018-01-25,435.606812,447.037249,434.643726,446.051072,446.051072,4632448
2018-01-26,446.051072,447.985069,445.290387,447.222386,447.222386,9691219
2018-01-29,447.222386,453.035789,443.386360,449.182946,449.182946,7242856
2018-01-30,449.182946,450.165935,434.676877,435.630207,435.630207,7801385
2018-01-31,435.630207,435.995932,425.079440,425.436607,425.436607,6636128
2018-02-01,425.436607,431.528576,423.923725,429.999469,429.999469,7290571
2018-02-02,429.999469,430.291110,423.355293,423.642623,423.642623,4313701
2018-02-05,423.642623,431.724491,423.453751,431.532102,431.532102,5589755
2018-02-06,431.532102,437.979612,428.007185,434.431015,434.431015,2099426
2018-02-07,434.431015,439.113831,433.073882,437.746341,437.746341,3404692
2018-02-08,437.746341,444.706764,435.125065,442.059660,442.059660,8667631
2018-02-09,442.059660,443.307450,436.277822,437.512779,437.512779,5094839
2018-02-12,437.512779,442.615482,437.063100,442.161026,442.161026,3160148
2018-02-13,442.161026,446.172094,440.675557,444.678169,444.678169,8451523
2018-02-14,444.678169,446.589035,437.732548,439.621685,439.621685,6317230
2018-02-15,439.621685,445.547060,437.919588,443.828675,443.828675,8163913
2018-02-16,443.828675,444.868134,434.919312,435.940296,435.940296,4749708
2018-02-19,435.940296,455.753551,435.880285,455.690821,455.690821,6104450
2018-02-20,455.690821,457.896202,441.237991,443.383810,443.383810,7512673
2018-02-21,443.383810,444.798626,441.743817,443.157912,443.157912,4561526
2018-02-22,443.157912,451.284963,443.056160,451.181370,451.181370,4944350
2018-02-23,451.181370,473.777691,448.968035,471.464852,471.464852,5284664
2018-02-26,471.464852,475.355665,458.369995,462.184219,462.184219,4731768
2018-02-27,462.184219,462.620169,458.265488,458.698150,458.698150,6358754
2018-02-28,458.698150,463.360644,457.994376,462.650806,462.650806,5578638
2018-03-01,462.650806,464.701083,459.311358,461.355896,461.355896,4003067
2018-03-02,461.355896,469.932236,461.057337,469.628324,469.628324,6037168
2018-03-05,469.628324,471.165989,466.810942,468.344404,468.344404,3169732
2018-03-06,468.344404,474.558566,466.284304,472.480274,472.480274,4372919
2018-03-07,472.480274,475.756800,453.640103,456.807946,456.807946,8798442
2018-03-08,456.807946,458.119459,455.695424,457.006454,457.006454,9926568
2018-03-09,457.006454,460.213020,450.865081,454.050910,454.050910,8174756
2018-03-12,454.050910,458.590483,452.223548,456.752249,456.752249,12473017
2018-03-13,456.752249,461.060046,455.581878,459.881656,459.881656,2768238
2018-03-14,459.881656,463.654364,452.331079,456.072538,456.072538,8465815
2018-03-15,456.072538,463.649053,453.498725,461.047165,461.047165,5328067
2018-03-16,461.047165,465.495489,456.994553,461.439429,461.439429,6808998
2018-03-19,461.439429,465.429654,461.058389,465.045636,465.045636,6364352
2018-03-20,465.045636,481.289544,460.985323,477.123777,477.123777,3403249
2018-03-21,477.123777,477.367107,469.462593,469.702138,469.702138,5140967
2018-03-22,469.702138,469.830061,462.881714,463.007814,463.007814,6034446
2018-03-23,463.007814,463.372555,457.037921,457.398243,457.398243,6637837
2018-03-26,457.398243,463.939178,456.451319,462.980697,462.980697,9951819
2018-03-27,462.980697,465.687370,456.887055,459.573811,459.573811,5289418
2018-03-28,459.573811,460.627167,459.057274,460.110027,460.110027,6704890
2018-03-29,460.110027,462.705961,452.574843,455.142752,455.142752,6951946
2018-03-30,455.142752,456.253953,449.017253,450.116182,450.116182,2996655
2018-04-02,450.116182,462.775346,449.237556,461.873769,461.873769,10534864
2018-04-03,461.873769,462.790202,460.956307,461.872738,461.872738,3335208
2018-04-04,461.872738,481.397847,459.747670,479.193088,479.193088,10477971
2018-04-05,479.193088,479.245097,475.302515,475.354107,475.354107,8409104
2018-04-06,475.354107,479.199222,471.709359,475.552949,475.552949,6810848
2018-04-09,475.552949,478.872625,469.346533,472.645916,472.645916,5784225
2018-04-10,472.645916,474.589172,462.581408,464.491136,464.491136,3293574
2018-04-11,464.491136,464.658746,462.397302,462.564217,462.564217,5094523
2018-04-12,462.564217,462.734650,456.580525,456.748815,456.748815,4070853
2018-04-13,456.748815,459.602138,452.875749,455.722662,455.722662,4550328
2018-04-16,455.722662,456.562576,449.476560,450.306492,450.306492,4241893
2018-04-17,450.306492,457.207546,450.056047,456.953404,456.953404,3082928
2018-04-18,456.953404,459.033437,456.623222,458.701992,458.701992,3970183
2018-04-19,458.701992,464.751114,457.485013,463.521349,463.521349,3423526
2018-04-20,463.521349,464.202881,456.728153,457.400685,457.400685,4341330
2018-04-23,457.400685,465.527070,454.832107,462.927456,462.927456,8377692
2018-04-24,462.927456,473.928411,461.176129,472.142224,472.142224,5255008
2018-04-25,472.142224,473.098058,471.420402,472.375879,472.375879,4657921
2018-04-26,472.375879,473.201142,469.214530,470.035704,470.035704,7955649
2018-04-27,470.035704,472.442243,459.225082,461.588371,461.588371,3398550
2018-04-30,461.588371,462.526932,443.417352,444.320802,444.320802,4246312
2018-05-01,444.320802,447.473848,444.085640,447.237142,447.237142,5675163
2018-05-02,447.237142,454.598996,446.693801,454.047381,454.047381,9624113
2018-05-03,454.047381,459.029039,451.898126,456.866440,456.866440,8627268
2018-05-04,456.866440,457.939087,452.796187,453.861779,453.861779,5798479
2018-05-07,453.861779,457.306277,453.599864,457.042526,457.042526,10126741
2018-05-08,457.042526,457.702279,446.828123,447.474064,447.474064,9157381
2018-05-09,447.474064,452.867197,447.374908,452.766868,452.766868,5237228
2018-05-10,452.766868,460.977017,452.547797,460.754081,460.754081,8216388
2018-05-11,460.754081,461.548025,453.083502,453.865576,453.865576,6577509
2018-05-14,453.865576,453.958371,452.845849,452.938454,452.938454,7035968
2018-05-15,452.938454,464.652817,449.338860,460.989241,460.989241,3253702
2018-05-16,460.989241,477.010232,460.773356,476.786949,476.786949,4700264
2018-05-17,476.786949,485.108340,475.236341,483.535783,483.535783,3891947
2018-05-18,483.535783,486.074642,475.811975,478.323465,478.323465,5252246
2018-05-21,478.323465,479.335402,476.914341,477.925436,477.925436,5003431
2018-05-22,477.925436,478.493436,471.356213,471.917072,471.917072,6336025
2018-05-23,471.917072,472.520856,468.413752,469.013822,469.013822,6253114
2018-05-24,469.013822,469.519929,467.607262,468.112397,468.112397,4403922
2018-05-25,468.112397,469.981553,462.037447,463.889742,463.889742,7841605
2018-05-28,463.889742,472.562751,463.008634,471.666871,471.666871,10347392
2018-05-29,471.666871,473.040436,450.393510,451.708955,451.708955,9827719
2018-05-30,451.708955,452.221815,447.266641,447.775035,447.775035,4875557
2018-05-31,447.775035,453.871689,447.741884,453.838090,453.838090,6172499
2018-06-01,453.838090,455.909266,441.970386,443.996649,443.996649,5997383
2018-06-04,443.996649,447.157935,443.416426,446.574343,446.574343,6980558
2018-06-05,446.574343,450.276739,445.203250,448.898510,448.898510,5658666
2018-06-06,448.898510,459.157764,447.004034,457.228135,457.228135,5680275
2018-06-07,457.228135,457.924793,448.775352,449.460175,449.460175,5185920
2018-06-08,449.460175,452.165023,437.941613,440.593100,440.593100,4494066
2018-06-11,440.593100,441.119358,434.569542,435.089226,435.089226,5261033
2018-06-12,435.089226,440.269114,430.743470,435.915108,435.915108,7501143
2018-06-13,435.915108,436.893777,434.746385,435.724626,435.724626,5953696
2018-06-14,435.724626,436.445601,431.883439,432.599243,432.599243,9542916
2018-06-15,432.599243,434.484172,429.435710,431.315044,431.315044,7897985
2018-06-18,431.315044,432.549387,429.044115,430.275484,430.275484,5078113
2018-06-19,430.275484,432.870797,430.234298,432.829367,432.829367,7256408
2018-06-20,432.829367,434.310248,428.042523,429.512054,429.512054,5840982
2018-06-21,429.512054,433.063266,420.793334,424.301465,424.301465,5987544
2018-06-22,424.301465,425.623478,424.086735,425.408188,425.408188,5402091
2018-06-25,425.408188,427.285449,410.310234,412.128896,412.128896,5119939
2018-06-26,412.128896,413.978729,411.859426,413.708227,413.708227,7022907
2018-06-27,413.708227,414.156101,406.675235,407.115973,407.115973,6974078
2018-06-28,407.115973,410.981149,400.073819,403.908544,403.908544,5183261
2018-06-29,403.908544,405.684887,402.117666,403.893945,403.893945,8493242
2018-07-02,403.893945,404.087705,403.738182,403.931927,403.931927,5012647
2018-07-03,403.931927,406.443853,399.417618,401.917014,401.917014,4069746
2018-07-04,401.917014,406.569501,399.323524,403.962810,403.962810,8580338
2018-07-05,403.962810,404.405364,401.904726,402.345509,402.345509,7769625
2018-07-06,402.345509,404.794303,394.775528,397.192963,397.192963,7772623
2018-07-09,397.192963,402.454326,395.695919,400.943147,400.943147,5000922
2018-07-10,400.943147,401.957109,400.899590,401.913447,401.913447,6858961
2018-07-11,401.913447,405.319641,396.903535,400.296021,400.296021,5669167
2018-07-12,400.296021,410.686714,398.682537,409.037994,409.037994,13144397
2018-07-13,409.037994,410.547692,398.633351,400.110098,400.110098,4885922
2018-07-16,400.110098,402.830431,396.948300,399.665611,399.665611,9137517
2018-07-17,399.665611,407.860667,396.388883,404.543943,404.543943,7327545
2018-07-18,404.543943,404.690679,394.294257,394.437327,394.437327,7087590
2018-07-19,394.437327,402.028195,392.670052,400.234943,400.234943,6728831
2018-07-20,400.234943,400.757951,397.288907,397.808744,397.808744,6334881
2018-07-23,397.808744,403.881430,395.914475,401.967359,401.967359,6926280
2018-07-24,401.967359,403.835880,400.373926,402.241360,402.241360,8825631
2018-07-25,402.241360,403.348095,400.389751,401.494431,401.494431,6118605
2018-07-26,401.494431,404.439289,394.912296,397.830279,397.830279,4912207
2018-07-27,397.830279,399.417784,397.086498,398.672429,398.672429,7867355
2018-07-30,398.672429,398.931897,393.593794,393.850124,393.850124,4568645
2018-07-31,393.850124,395.539445,386.504323,388.169277,388.169277,4068784
2018-08-01,388.169277,390.712111,387.765884,390.306497,390.306497,5567505
2018-08-02,390.306497,390.737521,388.179556,388.608705,388.608705,6161025
2018-08-03,388.608705,395.686670,386.834934,393.888798,393.888798,5918030
2018-08-06,393.888798,395.392147,384.606846,386.080393,386.080393,3080810
2018-08-07,386.080393,386.946571,380.121936,380.976664,380.976664,5659641
2018-08-08,380.976664,381.032817,378.538790,378.594592,378.594592,4612761
2018-08-09,378.594592,380.063173,375.904158,377.367981,377.367981,5012995
2018-08-10,377.367981,379.017878,376.062465,377.711174,377.711174,5859659
2018-08-13,377.711174,379.076064,375.433975,376.795557,376.795557,5217540
2018-08-14,376.795557,379.705786,370.224863,373.106600,373.106600,4960889
2018-08-15,373.106600,375.144551,369.781119,371.811998,371.811998,6245803
2018-08-16,371.811998,372.056696,370.323118,370.566996,370.566996,6270628
2018-08-17,370.566996,371.614554,366.655508,367.694946,367.694946,4548776
2018-08-20,367.694946,369.298160,363.962818,365.556708,365.556708,6072104
2018-08-21,365.556708,368.371882,355.896210,358.658258,358.658258,7762011
2018-08-22,358.658258,364.344497,358.454054,364.137174,364.137174,3804621
2018-08-23,364.137174,368.736935,363.686576,368.281209,368.281209,2276155
2018-08-24,368.281209,373.269598,366.565881,371.539096,371.539096,8236040
2018-08-27,371.539096,377.579304,370.581963,376.609110,376.609110,12299087
2018-08-28,376.609110,389.091439,375.163777,387.603909,387.603909,10847222
2018-08-29,387.603909,387.901719,386.837683,387.135132,387.135132,5948498
2018-08-30,387.135132,401.490505,386.331046,400.658331,400.658331,6239023
2018-08-31,400.658331,405.399928,400.333615,405.071634,405.071634,7118183
2018-09-03,405.071634,406.556990,392.565234,394.010027,394.010027,4991872
2018-09-04,394.010027,404.973450,392.745689,403.678088,403.678088,4236178
2018-09-05,403.678088,410.676418,402.655292,409.638519,409.638519,6174845
2018-09-06,409.638519,411.586871,403.055225,404.981426,404.981426,8836251
2018-09-07,404.981426,415.193975,401.222660,411.375859,411.375859,7669333
2018-09-10,411.375859,412.459115,406.955758,408.030203,408.030203,5620521
2018-09-11,408.030203,422.061507,406.778726,420.770953,420.770953,8959455
2018-09-12,420.770953,420.907129,418.641881,418.777412,418.777412,6265612
2018-09-13,418.777412,425.031915,416.269980,422.502181,422.502181,9985120
2018-09-14,422.502181,423.372193,417.351564,418.212744,418.212744,7382524
2018-09-17,418.212744,418.348657,415.128297,415.263252,415.263252,5599960
2018-09-18,415.263252,420.173763,413.707601,418.605591,418.605591,7161952
2018-09-19,418.605591,419.857955,416.468250,417.717958,417.717958,6338289
2018-09-20,417.717958,431.089785,415.753103,429.071526,429.071526,3415673
2018-09-21,429.071526,431.221295,428.085692,430.232792,430.232792,6420585
2018-09-24,430.232792,445.952798,428.933606,444.610196,444.610196,4453067
2018-09-25,444.610196,447.662548,442.022556,445.072219,445.072219,4011668
2018-09-26,445.072219,447.706448,445.069802,447.704017,447.704017,6587743
2018-09-27,447.704017,462.310740,445.778080,460.330486,460.330486,5850232
2018-09-28,460.330486,463.596849,459.534163,462.796261,462.796261,5319947
2018-10-01,462.796261,463.303438,452.157378,452.653439,452.653439,5309327
2018-10-02,452.653439,456.127227,451.495496,454.963374,454.963374,8592743
2018-10-03,454.963374,459.360200,452.982731,457.369084,457.369084,3719746
2018-10-04,457.369084,485.752741,454.528353,482.754342,482.754342,8944873
2018-10-05,482.754342,484.395222,466.703093,468.294825,468.294825,8478758
2018-10-08,468.294825,471.877644,458.040492,461.571875,461.571875,4858040
2018-10-09,461.571875,467.144092,461.472003,467.043036,467.043036,4419247
2018-10-10,467.043036,488.728683,466.897204,488.576127,488.576127,5765535
2018-10-11,488.576127,497.414630,487.344209,496.163580,496.163580,5541711
2018-10-12,496.163580,508.765004,495.515203,508.101028,508.101028,3902506
2018-10-15,508.101028,516.943317,507.540582,516.373746,516.373746,6723258
2018-10-16,516.373746,520.519567,514.238761,518.376302,518.376302,6007994
2018-10-17,518.376302,519.514414,517.517781,518.655431,518.655431,5074695
2018-10-18,518.655431,520.707244,498.324836,500.304050,500.304050,8917698
2018-10-19,500.304050,503.108727,496.799596,499.600328,499.600328,5670584
2018-10-22,499.600328,504.314102,499.370249,504.081959,504.081959,6418475
2018-10-23,504.081959,516.991514,499.692048,512.528048,512.528048,5494122
2018-10-24,512.528048,514.360159,509.537075,511.365028,511.365028,5417605
2018-10-25,511.365028,511.718581,510.347967,510.701062,510.701062,6752364
2018-10-26,510.701062,521.126191,506.190024,516.563372,516.563372,3052869
2018-10-29,516.563372,520.460311,512.612726,516.509257,516.509257,3329551
2018-10-30,516.509257,529.720402,512.300521,525.438903,525.438903,2893193
2018-10-31,525.438903,526.353583,513.091537,513.986280,513.986280,5637041
2018-11-01,513.986280,515.671294,506.525854,508.191872,508.191872,5304623
2018-11-02,508.191872,513.413388,507.302655,512.516603,512.516603,4745335
2018-11-05,512.516603,515.169582,509.425381,512.076080,512.076080,3768591
2018-11-06,512.076080,515.134492,510.559886,513.613745,513.613745,8341057
2018-11-07,513.613745,523.101653,513.013886,522.491426,522.491426,13909694
2018-11-08,522.491426,523.702197,521.072530,522.282818,522.282818,5956669
2018-11-09,522.282818,537.567777,519.847643,535.072967,535.072967,4791688
2018-11-12,535.072967,538.351036,526.105118,529.348114,529.348114,6482570
2018-11-13,529.348114,536.833506,527.284399,534.748735,534.748735,7380409
2018-11-14,534.748735,537.431332,525.152490,527.800229,527.800229,2449664
2018-11-15,527.800229,529.118847,516.475078,517.768633,517.768633,7241814
2018-11-16,517.768633,524.739883,516.927330,523.888635,523.888635,7114867
2018-11-19,523.888635,525.244745,515.884692,517.223549,517.223549,4019109
2018-11-20,517.223549,517.308751,500.912103,500.994632,500.994632,4489893
2018-11-21,500.994632,517.428263,499.874608,516.274080,516.274080,7156724
2018-11-22,516.274080,518.604798,515.818070,518.147133,518.147133,4536903
2018-11-23,518.147133,530.060563,514.937651,526.797501,526.797501,6765216
2018-11-26,526.797501,526.878736,516.029374,516.108961,516.108961,3329417
2018-11-27,516.108961,517.452550,507.718424,509.043620,509.043620,5530112
2018-11-28,509.043620,513.606349,506.546793,511.099437,511.099437,4191970
2018-11-29,511.099437,511.712496,502.207391,502.810507,502.810507,5077994
2018-11-30,502.810507,512.354479,501.622757,511.147036,511.147036,7481972
2018-12-03,511.147036,518.510910,509.723751,517.071129,517.071129,5040839
2018-12-04,517.071129,519.813704,508.270657,510.980929,510.980929,4707048
2018-12-05,510.980929,512.219421,490.391319,491.582795,491.582795,9667578
2018-12-06,491.582795,492.251524,488.684850,489.350543,489.350543,8865568
2018-12-07,489.350543,492.765949,486.528380,489.940384,489.940384,4994626
2018-12-10,489.940384,495.111738,476.759410,481.845320,481.845320,3595168
2018-12-11,481.845320,483.767918,481.829669,483.752206,483.752206,7637514
2018-12-12,483.752206,485.820161,475.938479,477.981767,477.981767,6645159
2018-12-13,477.981767,493.267258,476.977594,492.233145,492.233145,6320118
2018-12-14,492.233145,493.817247,491.390254,492.973090,492.973090,9242760
2018-12-17,492.973090,494.998479,480.949902,482.934045,482.934045,6230653
2018-12-18,482.934045,483.332457,480.730229,481.127150,481.127150,5416264
2018-12-19,481.127150,481.505483,473.952417,474.325401,474.325401,5153058
2018-12-20,474.325401,482.168346,472.907045,480.730836,480.730836,6350153
2018-12-21,480.730836,505.386247,479.865463,504.478126,504.478126,7485343
2018-12-24,504.478126,509.321878,503.146356,507.980861,507.980861,4443621
2018-12-25,507.980861,522.085421,505.721253,519.773358,519.773358,6181745
2018-12-26,519.773358,520.810652,509.181754,510.199943,510.199943,8930000
2018-12-27,510.199943,523.378684,509.219035,522.374370,522.374370,4402299
2018-12-28,522.374370,540.004945,522.150377,539.773492,539.773492,3354775
2018-12-31,539.773492,540.932605,527.210109,528.344680,528.344680,6461089
2019-01-01,528.344680,536.482370,528.263411,536.399861,536.399861,8070387
2019-01-02,536.399861,548.637543,535.822656,548.047804,548.047804,4545573
2019-01-03,548.047804,550.516730,543.559350,546.019137,546.019137,5367001
2019-01-04,546.019137,546.357120,539.475051,539.809190,539.809190,2554542
2019-01-07,539.809190,548.259889,535.812321,544.230286,544.230286,10517801
2019-01-08,544.230286,549.456708,538.840785,544.065626,544.065626,8465642
2019-01-09,544.065626,548.480867,541.636027,546.042440,546.042440,7055736
2019-01-10,546.042440,547.947842,540.836227,542.730071,542.730071,5490834
2019-01-11,542.730071,543.592702,540.477861,541.338280,541.338280,13291771
2019-01-14,541.338280,543.127378,532.300186,534.065247,534.065247,5083939
2019-01-15,534.065247,536.926546,533.691788,536.551348,536.551348,5848073
2019-01-16,536.551348,537.443675,533.427768,534.316379,534.316379,6252649
2019-01-17,534.316379,555.528507,532.018665,553.149804,553.149804,3533908
2019-01-18,553.149804,561.774163,552.834436,561.454061,561.454061,6619323
2019-01-21,561.454061,563.059856,551.225428,552.806490,552.806490,8722543
2019-01-22,552.806490,553.526449,537.543439,538.244434,538.244434,3250075
2019-01-23,538.244434,543.332624,536.245232,541.321991,541.321991,3490269
2019-01-24,541.321991,544.137151,522.781425,525.514377,525.514377,11116183
2019-01-25,525.514377,529.568467,504.667465,508.590999,508.590999,3841510
2019-01-28,508.590999,510.518106,500.827554,502.732462,502.732462,3477945
2019-01-29,502.732462,503.422638,502.020755,502.710901,502.710901,6800936
2019-01-30,502.710901,506.169978,502.254195,505.710547,505.710547,6738121
2019-01-31,505.710547,510.915997,505.699620,510.904958,510.904958,4861846
2019-02-01,510.904958,525.184175,508.439808,522.662294,522.662294,6199612
2019-02-04,522.662294,526.743782,511.157540,515.180603,515.180603,4102962
2019-02-05,515.180603,525.029272,514.701425,524.541388,524.541388,6059241
2019-02-06,524.541388,525.107978,520.088228,520.650614,520.650614,6237119
2019-02-07,520.650614,527.969867,516.150594,523.445689,523.445689,4755114
2019-02-08,523.445689,524.241665,510.211861,510.988895,510.988895,5842226
2019-02-11,510.988895,513.205873,505.004357,507.204918,507.204918,3345145
2019-02-12,507.204918,509.443702,503.803680,506.037310,506.037310,4896542
2019-02-13,506.037310,506.513953,502.132973,502.606383,502.606383,8341261
2019-02-14,502.606383,502.867406,502.202648,502.463596,502.463596,11757908
2019-02-15,502.463596,505.586333,491.661929,494.736644,494.736644,9691497
2019-02-18,494.736644,495.274554,487.552746,488.083422,488.083422,7717782
2019-02-19,488.083422,493.987824,486.160725,492.049504,492.049504,3937791
2019-02-20,492.049504,494.210815,488.386748,490.541435,490.541435,2921255
2019-02-21,490.541435,491.028192,480.709296,481.186771,481.186771,3823295
2019-02-22,481.186771,491.086268,479.136100,489.002290,489.002290,5144620
2019-02-25,489.002290,491.613741,487.462902,490.070989,490.070989,8058922
2019-02-26,490.070989,490.955067,488.478498,489.361295,489.361295,6723919
2019-02-27,489.361295,489.509521,472.816844,472.960102,472.960102,4838784
2019-02-28,472.960102,477.535534,470.250279,474.815082,474.815082,6063372
2019-03-01,474.815082,478.191932,466.311538,469.651666,469.651666,6232632
2019-03-04,469.651666,473.029448,469.499133,472.875868,472.875868,3905506
2019-03-05,472.875868,473.254824,468.042989,468.418373,468.418373,6570054
2019-03-06,468.418373,470.057350,467.549090,469.186641,469.186641,8820702
2019-03-07,469.186641,470.789604,458.780393,460.353177,460.353177,3375638
2019-03-08,460.353177,471.725509,459.035431,470.379064,470.379064,5861990
2019-03-11,470.379064,471.395351,460.633417,461.630802,461.630802,7347842
2019-03-12,461.630802,463.311199,461.131183,462.810303,462.810303,9288840
2019-03-13,462.810303,463.341299,451.053579,451.571681,451.571681,8211751
2019-03-14,451.571681,451.759809,442.948141,443.132753,443.132753,4023144
2019-03-15,443.132753,443.472784,439.413344,439.750781,439.750781,5142208
2019-03-18,439.750781,443.729396,439.283657,443.258546,443.258546,4639154
2019-03-19,443.258546,443.694843,436.428124,436.858121,436.858121,5917872
2019-03-20,436.858121,436.984065,431.504296,431.628732,431.628732,7510243
2019-03-21,431.628732,438.846847,431.589040,438.806494,438.806494,3261407
2019-03-22,438.806494,442.344171,436.748699,440.279468,440.279468,6048472
2019-03-25,440.279468,450.276847,439.568245,449.550648,449.550648,8667157
2019-03-26,449.550648,450.607964,446.279977,447.332076,447.332076,4358296
2019-03-27,447.332076,451.628332,446.387955,450.677152,450.677152,8567692
2019-03-28,450.677152,462.769924,448.027236,460.064809,460.064809,6951303
2019-03-29,460.064809,460.514689,455.544009,455.989904,455.989904,8672940
2019-04-01,455.989904,456.191547,454.279405,454.480380,454.480380,6593211
2019-04-02,454.480380,458.976379,452.891544,457.377415,457.377415,7607626
2019-04-03,457.377415,460.860387,438.280196,441.643352,441.643352,5778758
2019-04-04,441.643352,442.830438,435.211358,436.384309,436.384309,7508528
2019-04-05,436.384309,436.589140,435.943889,436.148611,436.148611,6889502
2019-04-08,436.148611,436.848355,430.194708,430.886009,430.886009,9478118
2019-04-09,430.886009,432.290552,424.397297,425.785213,425.785213,4710711
2019-04-10,425.785213,429.239759,425.205555,428.656193,428.656193,4802680
2019-04-11,428.656193,442.123057,423.152051,436.517966,436.517966,4340975
2019-04-12,436.517966,437.290237,429.674675,430.436186,430.436186,2760935
2019-04-15,430.436186,432.219830,422.909478,424.669225,424.669225,3691019
2019-04-16,424.669225,432.148288,423.823149,431.289024,431.289024,6538521
2019-04-17,431.289024,446.330651,428.636834,443.602738,443.602738,6962500
2019-04-18,443.602738,446.236949,442.886443,445.517562,445.517562,5722709
2019-04-19,445.517562,446.537660,443.707393,444.725677,444.725677,4317840
2019-04-22,444.725677,450.368360,443.435612,449.065704,449.065704,4545700
2019-04-23,449.065704,460.618754,446.492290,457.994174,457.994174,5177231
2019-04-24,457.994174,460.328654,457.477121,459.809552,459.809552,5512940
2019-04-25,459.809552,469.061849,458.903842,468.139732,468.139732,3271374
2019-04-26,468.139732,475.992391,466.046891,473.873916,473.873916,5756269
2019-04-29,473.873916,476.158182,472.225186,474.507248,474.507248,3737201
2019-04-30,474.507248,479.129808,472.902237,477.514625,477.514625,4354307
2019-05-01,477.514625,480.295372,468.355443,471.098828,471.098828,8633662
2019-05-02,471.098828,472.531678,467.797219,469.224368,469.224368,7481725
2019-05-03,469.224368,473.169841,461.558923,465.472851,465.472851,3189564
2019-05-06,465.472851,467.535141,459.902996,461.949676,461.949676,10733152
2019-05-07,461.949676,465.134231,454.148833,457.301343,457.301343,5058661
2019-05-08,457.301343,462.085780,456.976999,461.758275,461.758275,3706152
2019-05-09,461.758275,470.843969,459.946043,469.003303,469.003303,6986865
2019-05-10,469.003303,469.823524,462.447500,463.257672,463.257672,5125063
2019-05-13,463.257672,466.547582,462.825277,466.112522,466.112522,6965965
2019-05-14,466.112522,466.611097,463.978525,464.475349,464.475349,4233925
2019-05-15,464.475349,472.653427,461.793990,469.940518,469.940518,7683717
2019-05-16,469.940518,470.663265,467.394734,468.114672,468.114672,4682044
2019-05-17,468.114672,475.289273,464.689316,471.836682,471.836682,5455379
2019-05-20,471.836682,475.217834,465.737027,469.098558,469.098558,7266240
2019-05-21,469.098558,470.045165,467.006152,467.950442,467.950442,9153099
2019-05-22,467.950442,475.688141,467.049565,474.774128,474.774128,3664578
2019-05-23,474.774128,475.925639,470.788784,471.933406,471.933406,3810358
2019-05-24,471.933406,472.993230,468.154614,469.208318,469.208318,1909518
2019-05-27,469.208318,471.132072,457.821169,459.705964,459.705964,9053360
2019-05-28,459.705964,460.703762,454.276385,455.264543,455.264543,3360289
2019-05-29,455.264543,456.742450,451.813937,453.285419,453.285419,4787150
2019-05-30,453.285419,458.305075,451.582032,456.589273,456.589273,9697876
2019-05-31,456.589273,470.975797,453.970893,468.290316,468.290316,5249392
2019-06-03,468.290316,470.851683,442.355496,444.788316,444.788316,4114314
2019-06-04,444.788316,446.598301,440.317891,442.117005,442.117005,11395863
2019-06-05,442.117005,443.015396,435.147851,436.033881,436.033881,4636617
2019-06-06,436.033881,444.378437,433.698920,442.011467,442.011467,6931971
2019-06-07,442.011467,445.492450,441.221932,444.698116,444.698116,2644546
2019-06-10,444.698116,447.606663,437.287989,440.166899,440.166899,10636944
2019-06-11,440.166899,446.242228,437.345065,443.399669,443.399669,3979058
2019-06-12,443.399669,444.552168,442.309021,443.461368,443.461368,5311458
2019-06-13,443.461368,443.651467,440.728686,440.917694,440.917694,9108887
2019-06-14,440.917694,449.419529,439.468627,447.947358,447.947358,5413890
2019-06-17,447.947358,448.781444,435.049323,435.860903,435.860903,7930955
2019-06-18,435.860903,448.999413,433.430847,446.509986,446.509986,7899071
2019-06-19,446.509986,448.913656,435.399343,437.755888,437.755888,3641372
2019-06-20,437.755888,440.468521,426.372635,429.031204,429.031204,6077092
2019-06-21,429.031204,429.541866,425.649678,426.156919,426.156919,3445607
2019-06-24,426.156919,426.450301,423.244630,423.536208,423.536208,7932585
2019-06-25,423.536208,427.425334,422.613606,426.496285,426.496285,4298702
2019-06-26,426.496285,427.851571,413.958677,415.278316,415.278316,7778848
2019-06-27,415.278316,422.515864,413.300735,420.513354,420.513354,3695992
2019-06-28,420.513354,421.383098,417.647284,418.512891,418.512891,7337700
2019-07-01,418.512891,419.174238,410.486952,411.136643,411.136643,4996666
2019-07-02,411.136643,412.447204,410.810054,412.119835,412.119835,4483458
2019-07-03,412.119835,414.923645,410.486131,413.285321,413.285321,10916275
2019-07-04,413.285321,413.476858,411.420706,411.611468,411.611468,3671066
2019-07-05,411.611468,420.117157,410.200251,418.681699,418.681699,3169204
2019-07-08,418.681699,428.047659,417.489207,426.831952,426.831952,6979227
2019-07-09,426.831952,437.167369,424.971566,435.270204,435.270204,3783133
2019-07-10,435.270204,436.194291,421.296603,422.192927,422.192927,5347724
2019-07-11,422.192927,425.484509,412.818358,416.062142,416.062142,6398118
2019-07-12,416.062142,423.930309,414.115846,421.956440,421.956440,4915390
2019-07-15,421.956440,422.320880,414.772838,415.131384,415.131384,6659548
2019-07-16,415.131384,415.141893,414.579053,414.589549,414.589549,5252458
2019-07-17,414.589549,416.797778,414.352849,416.559953,416.559953,4688436
2019-07-18,416.559953,416.581382,400.876798,400.897421,400.897421,6322331
2019-07-19,400.897421,402.157133,397.538729,398.791824,398.791824,6016185
2019-07-22,398.791824,403.405303,398.347918,402.956761,402.956761,6705089
2019-07-23,402.956761,424.661028,402.496588,424.176623,424.176623,3897714
2019-07-24,424.176623,424.182022,411.797308,411.802550,411.802550,8797896
2019-07-25,411.802550,412.147981,408.927938,409.271246,409.271246,5087496
2019-07-26,409.271246,410.867252,408.650703,410.245232,410.245232,6404528
2019-07-29,410.245232,411.042353,401.632278,402.414183,402.414183,3627191
2019-07-30,402.414183,411.724503,396.742105,406.001856,406.001856,9578265
2019-07-31,406.001856,406.726356,401.824428,402.542756,402.542756,4220110
2019-08-01,402.542756,408.636207,402.474655,408.567086,408.567086,5046444
2019-08-02,408.567086,408.600823,405.670452,405.703952,405.703952,8319479
2019-08-05,405.703952,406.444572,394.103317,394.824075,394.824075,7566463
2019-08-06,394.824075,400.262844,393.644691,399.070775,399.070775,8218708
2019-08-07,399.070775,409.612401,396.622968,407.115251,407.115251,4474896
2019-08-08,407.115251,412.213636,407.092148,412.190245,412.190245,5285275
2019-08-09,412.190245,413.728570,400.585711,402.086328,402.086328,4735235
2019-08-12,402.086328,403.896986,400.875916,402.684773,402.684773,4582673
2019-08-13,402.684773,405.287979,402.669908,405.273018,405.273018,14659024
2019-08-14,405.273018,407.795721,402.811800,405.334132,405.334132,5186045
2019-08-15,405.334132,407.109544,405.123505,406.898104,406.898104,4897627
2019-08-16,406.898104,409.520485,396.580517,399.152981,399.152981,5338256
2019-08-19,399.152981,399.205507,398.585697,398.638155,398.638155,12461066
2019-08-20,398.638155,399.701188,386.309726,387.342638,387.342638,4677339
2019-08-21,387.342638,387.725594,382.336627,382.715008,382.715008,7983670
2019-08-22,382.715008,383.196650,376.658411,377.133027,377.133027,8587612
2019-08-23,377.133027,378.312313,376.851386,378.030001,378.030001,5535613
2019-08-26,378.030001,380.031568,376.708862,378.708058,378.708058,8148037
2019-08-27,378.708058,379.207010,373.110325,373.602550,373.602550,7535668
2019-08-28,373.602550,379.678549,373.437165,379.510549,379.510549,6681327
2019-08-29,379.510549,381.322122,377.700284,379.511851,379.511851,3777000
2019-08-30,379.511851,380.724872,377.674083,378.885101,378.885101,11538200
2019-09-02,378.885101,380.432976,376.990111,378.536562,378.536562,5331158
2019-09-03,378.536562,380.295939,375.463353,377.216595,377.216595,4567560
2019-09-04,377.216595,377.937255,375.891133,376.610635,376.610635,6425303
2019-09-05,376.610635,377.584430,370.936687,371.898298,371.898298,7287462
2019-09-06,371.898298,382.536386,370.827406,381.438024,381.438024,4384988
2019-09-09,381.438024,382.794854,371.918725,373.246416,373.246416,8020930
2019-09-10,373.246416,377.847173,372.191868,376.782634,376.782634,6921410
2019-09-11,376.782634,388.009029,373.493069,384.650770,384.650770,4047127
2019-09-12,384.650770,386.214553,384.550107,386.113508,386.113508,4626989
2019-09-13,386.113508,387.825860,380.110607,381.803846,381.803846,3753371
2019-09-16,381.803846,382.495056,380.108335,380.797723,380.797723,4983416
2019-09-17,380.797723,380.811907,378.089005,378.103088,378.103088,10609970
2019-09-18,378.103088,378.646587,376.594306,377.136416,377.136416,5503352
2019-09-19,377.136416,378.146321,376.717436,377.726685,377.726685,8484043
2019-09-20,377.726685,384.782663,377.584985,384.638371,384.638371,3523587
2019-09-23,384.638371,387.722334,379.323162,382.389092,382.389092,7258478
2019-09-24,382.389092,387.844231,379.937504,385.373509,385.373509,2719488
2019-09-25,385.373509,388.227392,384.457112,387.306398,387.306398,10873853
2019-09-26,387.306398,389.918763,386.579733,389.188567,389.188567,6094294
2019-09-27,389.188567,392.371765,386.679093,389.857974,389.857974,7353735
2019-09-30,389.857974,390.833323,389.575448,390.550295,390.550295,4728096
2019-10-01,390.550295,393.845969,387.318214,390.613366,390.613366,6465209
2019-10-02,390.613366,393.825152,383.392534,386.571083,386.571083,6468936
2019-10-03,386.571083,386.902648,377.818062,378.142398,378.142398,8039001
2019-10-04,378.142398,379.919923,377.630414,379.406228,379.406228,6379544
2019-10-07,379.406228,384.945352,378.645120,384.174679,384.174679,7578295
2019-10-08,384.174679,384.644462,375.007853,375.466989,375.466989,4630832
2019-10-09,375.466989,376.987839,374.412353,375.931897,375.931897,4310305
2019-10-10,375.931897,379.131281,374.091557,377.284320,377.284320,6968584
2019-10-11,377.284320,383.756965,375.068424,381.516213,381.516213,7538182
2019-10-14,381.516213,383.757107,370.959073,373.150832,373.150832,5157001
2019-10-15,373.150832,374.378528,368.130343,369.345519,369.345519,8151248
2019-10-16,369.345519,371.259307,361.556774,363.439962,363.439962,3873853
2019-10-17,363.439962,364.339857,362.172951,363.071935,363.071935,4598628
2019-10-18,363.071935,370.856207,362.685142,370.461541,370.461541,2630774
2019-10-21,370.461541,370.497624,357.624287,357.659123,357.659123,9508945
2019-10-22,357.659123,361.048846,357.586006,360.975051,360.975051,6011242
2019-10-23,360.975051,362.417335,358.514321,359.952520,359.952520,7631204
2019-10-24,359.952520,360.431829,355.634449,356.108640,356.108640,12270510
2019-10-25,356.108640,365.645218,355.105221,364.617823,364.617823,6175580
2019-10-28,364.617823,377.664142,363.720558,376.737054,376.737054,7832342
2019-10-29,376.737054,386.433145,374.690559,384.345322,384.345322,9692935
2019-10-30,384.345322,394.113555,383.250690,392.994291,392.994291,5836322
2019-10-31,392.994291,404.952147,392.632824,404.580023,404.580023,7480699
2019-11-01,404.580023,415.882398,403.422610,414.696044,414.696044,5097931
2019-11-04,414.696044,420.068739,412.959125,418.316655,418.316655,4934016
2019-11-05,418.316655,424.746959,418.183077,424.611371,424.611371,4865213
2019-11-06,424.611371,427.654229,421.534192,424.576803,424.576803,5112585
2019-11-07,424.576803,427.826099,407.502773,410.645452,410.645452,4420640
2019-11-08,410.645452,415.830272,406.593606,411.767356,411.767356,4897869
2019-11-11,411.767356,412.986797,405.067986,406.271151,406.271151,6682279
2019-11-12,406.271151,406.640665,405.819893,406.189332,406.189332,4986554
2019-11-13,406.189332,410.144713,404.969089,408.916277,408.916277,6422077
2019-11-14,408.916277,416.865489,407.526421,415.453414,415.453414,8350761
2019-11-15,415.453414,420.819419,414.534065,419.890252,419.890252,3534988
2019-11-18,419.890252,425.689043,419.376822,425.169158,425.169158,6367925
2019-11-19,425.169158,426.598455,417.698577,419.107497,419.107497,5081771
2019-11-20,419.107497,427.161098,416.266936,424.285443,424.285443,8121300
2019-11-21,424.285443,438.505171,420.772729,434.904540,434.904540,6484537
2019-11-22,434.904540,442.641678,434.066000,441.789863,441.789863,6518068
2019-11-25,441.789863,443.340720,436.156959,437.693436,437.693436,5400066
2019-11-26,437.693436,444.660652,437.570024,444.535310,444.535310,7890240
2019-11-27,444.535310,445.089345,443.146669,443.699662,443.699662,4652242
2019-11-28,443.699662,447.735855,439.763574,443.798887,443.798887,6798668
2019-11-29,443.798887,449.246174,443.223678,448.664659,448.664659,4742781
2019-12-02,448.664659,451.571108,441.200006,444.076734,444.076734,9188046
2019-12-03,444.076734,466.853587,442.431361,465.130208,465.130208,7050378
2019-12-04,465.130208,470.683072,456.978165,462.499625,462.499625,6074720
2019-12-05,462.499625,479.409284,461.949509,478.839733,478.839733,6362202
2019-12-06,478.839733,481.855158,475.713224,478.727945,478.727945,3988799
2019-12-09,478.727945,480.879327,468.828355,470.944760,470.944760,3314272
2019-12-10,470.944760,471.047467,454.430702,454.529828,454.529828,4672844
2019-12-11,454.529828,462.071918,454.270976,461.808921,461.808921,5293227
2019-12-12,461.808921,465.506769,442.819381,446.393796,446.393796,4857037
2019-12-13,446.393796,446.702990,443.749767,444.057343,444.057343,3529586
2019-12-16,444.057343,446.872392,440.323651,443.132838,443.132838,5280653
2019-12-17,443.132838,444.982607,441.842502,443.690646,443.690646,4448159
2019-12-18,443.690646,458.116575,442.970494,457.374213,457.374213,7418095
2019-12-19,457.374213,468.835998,455.600321,467.024677,467.024677,11134186
2019-12-20,467.024677,492.745053,466.820727,492.529964,492.529964,4560366
2019-12-23,492.529964,495.331313,485.649337,488.427351,488.427351,8112663
2019-12-24,488.427351,490.714513,485.147584,487.430076,487.430076,6230145
2019-12-25,487.430076,488.184709,479.939846,480.684035,480.684035,5629669
2019-12-26,480.684035,481.986915,467.872422,469.144024,469.144024,7894409
2019-12-27,469.144024,481.088417,467.828639,479.743315,479.743315,7055520
2019-12-30,479.743315,480.272464,467.748628,468.265117,468.265117,7323341
2019-12-31,468.265117,470.851786,463.364152,465.937967,465.937967,6470342
2020-01-01,465.937967,468.335331,452.522405,454.862785,454.862785,9870435
2020-01-02,454.862785,469.710581,454.525659,469.362708,469.362708,8684572
2020-01-03,469.362708,479.043708,465.526204,475.159819,475.159819,4832648
2020-01-06,475.159819,476.672176,461.288767,462.761663,462.761663,8707971
2020-01-07,462.761663,463.915168,457.573459,458.716882,458.716882,4013366
2020-01-08,458.716882,459.409229,452.869282,453.553837,453.553837,8840105
2020-01-09,453.553837,454.271841,449.327086,450.039527,450.039527,7877192
2020-01-10,450.039527,458.999946,448.654899,457.592081,457.592081,6919448
2020-01-13,457.592081,458.290242,444.961391,445.641318,445.641318,4270694
2020-01-14,445.641318,452.370717,443.159015,449.864888,449.864888,5120528
2020-01-15,449.864888,451.315006,447.364739,448.811462,448.811462,7043572
2020-01-16,448.811462,461.468085,446.353992,458.955073,458.955073,3154337
2020-01-17,458.955073,462.257144,458.767126,462.067922,462.067922,7706480
2020-01-20,462.067922,463.676963,458.549830,460.152199,460.152199,5885296
2020-01-21,460.152199,469.005630,458.520235,467.348145,467.348145,9345752
2020-01-22,467.348145,481.818370,465.411540,479.830043,479.830043,7822870
2020-01-23,479.830043,482.005632,471.837812,473.986907,473.986907,7938223
2020-01-24,473.986907,478.286081,473.380726,477.675183,477.675183,7793473
2020-01-27,477.675183,485.212676,475.325297,482.837394,482.837394,5546479
2020-01-28,482.837394,483.363003,481.720072,482.245036,482.245036,15006566
2020-01-29,482.245036,485.134704,481.911026,484.798924,484.798924,8428013
2020-01-30,484.798924,495.437450,482.241397,492.837516,492.837516,7002804
2020-01-31,492.837516,494.567174,483.981583,485.686142,485.686142,5286989
2020-02-03,485.686142,491.580449,482.816499,488.693039,488.693039,9570773
2020-02-04,488.693039,489.083969,482.689276,483.075713,483.075713,7186672
2020-02-05,483.075713,488.165228,481.181593,486.258628,486.258628,6424257
2020-02-06,486.258628,486.389639,469.611658,469.738218,469.738218,8832162
2020-02-07,469.738218,471.608513,463.124176,464.975508,464.975508,5449322
2020-02-10,464.975508,466.797186,460.101730,461.911404,461.911404,7083454
2020-02-11,461.911404,466.922151,460.927611,465.929800,465.929800,4984589
2020-02-12,465.929800,469.470535,463.580202,467.114961,467.114961,5366367
2020-02-13,467.114961,469.820765,466.918538,469.623287,469.623287,7328765
2020-02-14,469.623287,476.172713,469.081279,475.623780,475.623780,8306595
2020-02-17,475.623780,477.549167,474.623614,476.547059,476.547059,4097896
2020-02-18,476.547059,477.553663,476.473706,477.480168,477.480168,6389971
2020-02-19,477.480168,490.375577,474.843815,487.682891,487.682891,7201665
2020-02-20,487.682891,501.217953,486.047074,499.542356,499.542356,9123245
2020-02-21,499.542356,499.994878,423.875569,424.259894,424.259894,9685286
2020-02-24,424.259894,426.282526,418.361550,420.365616,420.365616,4986377
2020-02-25,420.365616,421.027113,417.094666,417.752051,417.752051,9009362
2020-02-26,417.752051,418.425983,358.561538,359.140917,359.140917,3981975
2020-02-27,359.140917,360.687099,351.427568,352.947085,352.947085,4282584
2020-02-28,352.947085,353.273543,326.762902,327.065421,327.065421,6209588
2020-03-02,327.065421,345.873112,326.309074,345.075117,345.075117,6228530
2020-03-03,345.075117,350.271480,345.069421,350.265698,350.265698,4048214
2020-03-04,350.265698,351.174952,303.522500,304.312464,304.312464,4833555
2020-03-05,304.312464,304.394145,263.571007,263.641772,263.641772,10102958
2020-03-06,263.641772,265.758779,243.233328,245.202269,245.202269,4489931
2020-03-09,245.202269,245.631123,206.545724,206.907602,206.907602,3638401
2020-03-10,206.907602,268.035319,205.819968,266.633728,266.633728,3341290
2020-03-11,266.633728,266.728841,259.443970,259.536552,259.536552,9444775
2020-03-12,259.536552,259.596390,246.593529,246.650396,246.650396,5902664
2020-03-13,246.650396,248.702235,246.083940,248.132375,248.132375,4899390
2020-03-16,248.132375,248.565260,241.828813,242.251439,242.251439,4070984
2020-03-17,242.251439,242.258791,232.010612,232.017654,232.017654,9468857
2020-03-18,232.017654,232.178660,215.004108,215.153412,215.153412,7954608
2020-03-19,215.153412,223.299945,214.187259,222.301693,222.301693,6008726
2020-03-20,222.301693,223.806587,220.063544,221.563441,221.563441,8116892
2020-03-23,221.563441,222.344694,191.919273,192.598392,192.598392,3878216
2020-03-24,192.598392,193.056406,188.188988,188.637582,188.637582,5373370
2020-03-25,188.637582,190.272459,188.130088,189.761940,189.761940,4425104
2020-03-26,189.761940,190.427747,182.935753,183.579870,183.579870,5287868
2020-03-27,183.579870,185.388695,182.455617,184.260274,184.260274,4354170
2020-03-30,184.260274,184.366614,181.052481,181.157030,181.157030,7584531
2020-03-31,181.157030,183.282567,180.702748,182.824104,182.824104,3263427
2020-04-01,182.824104,185.564852,182.209248,184.942870,184.942870,8886181
2020-04-02,184.942870,185.511451,183.249857,183.814970,183.814970,4391509
2020-04-03,183.814970,183.940664,181.224032,181.348039,181.348039,7564083
2020-04-06,181.348039,181.819860,176.080405,176.539716,176.539716,4186627
2020-04-07,176.539716,185.589516,175.900669,184.920133,184.920133,3625128
2020-04-08,184.920133,185.139329,180.017039,180.230676,180.230676,5109187
2020-04-09,180.230676,180.678093,174.883217,175.318439,175.318439,7006966
2020-04-10,175.318439,175.605587,173.583306,173.868079,173.868079,5123153
2020-04-13,173.868079,177.868223,173.639538,177.634731,177.634731,4437323
2020-04-14,177.634731,177.704965,176.322233,176.391976,176.391976,12469538
2020-04-15,176.391976,176.945188,175.082300,175.633133,175.633133,4739396
2020-04-16,175.633133,178.900433,175.015684,178.273701,178.273701,5569661
2020-04-17,178.273701,179.840922,177.241256,178.805399,178.805399,6097936
2020-04-20,178.805399,181.115703,178.642062,180.950408,180.950408,3931505
2020-04-21,180.950408,181.625415,178.016820,178.683370,178.683370,7242821
2020-04-22,178.683370,179.506587,177.886116,178.709218,178.709218,5139873
2020-04-23,178.709218,180.778151,177.994703,180.058243,180.058243,6756712
2020-04-24,180.058243,183.695841,179.820071,183.453178,183.453178,9410373
2020-04-27,183.453178,184.080843,183.179241,183.806378,183.806378,5572748
2020-04-28,183.806378,184.598322,181.767748,182.554298,182.554298,5407962
2020-04-29,182.554298,185.705767,180.357930,183.498044,183.498044,3725946
2020-04-30,183.498044,183.924828,182.302996,182.727988,182.727988,5542780
2020-05-01,182.727988,186.192290,181.070993,184.519054,184.519054,4986051
2020-05-04,184.519054,184.524059,183.367414,183.372388,183.372388,4117525
2020-05-05,183.372388,183.800304,180.874198,181.297271,181.297271,4697459
2020-05-06,181.297271,181.369333,179.204099,179.275358,179.275358,5273124
2020-05-07,179.275358,181.077477,178.422408,180.220032,180.220032,4180391
2020-05-08,180.220032,181.061971,180.144505,180.986123,180.986123,4706654
2020-05-11,180.986123,181.681443,180.487930,181.182708,181.182708,4270083
2020-05-12,181.182708,181.257667,177.001226,177.074485,177.074485,3322876
2020-05-13,177.074485,177.378177,173.470041,173.768062,173.768062,10561637
2020-05-14,173.768062,173.989570,173.403431,173.624757,173.624757,7256392
2020-05-15,173.624757,176.852904,173.612993,176.840922,176.840922,5421836
2020-05-18,176.840922,180.730666,176.742228,180.629858,180.629858,5822951
2020-05-19,180.629858,181.622784,179.563773,180.556294,180.556294,3958144
2020-05-20,180.556294,182.481323,180.111030,182.032418,182.032418,8786633
2020-05-21,182.032418,182.764832,181.132154,181.863889,181.863889,5635621
2020-05-22,181.863889,182.792073,179.674060,180.595772,180.595772,3874095
2020-05-25,180.595772,180.975191,176.144100,176.514947,176.514947,6688171
2020-05-26,176.514947,180.441138,176.200805,180.120579,180.120579,9142870
2020-05-27,180.120579,183.784565,178.298626,181.944166,181.944166,7373816
2020-05-28,181.944166,181.962903,180.384256,180.402834,180.402834,5576766
2020-05-29,180.402834,180.810579,179.626966,180.033876,180.033876,7282547
2020-06-01,180.033876,180.980031,176.919466,177.854165,177.854165,5064849
2020-06-02,177.854165,178.992745,174.088702,175.210357,175.210357,9520311
2020-06-03,175.210357,175.216562,171.637912,171.643991,171.643991,5093656
2020-06-04,171.643991,173.156713,165.877515,167.352415,167.352415,6216114
2020-06-05,167.352415,167.548992,166.228381,166.423868,166.423868,3299762
2020-06-08,166.423868,166.778769,164.581448,164.933170,164.933170,7271236
2020-06-09,164.933170,167.340836,164.085985,166.485677,166.485677,14222334
2020-06-10,166.485677,166.743856,163.169045,163.422474,163.422474,4869188
2020-06-11,163.422474,163.503444,162.109551,162.189911,162.189911,5678680
2020-06-12,162.189911,165.412722,161.592970,164.806151,164.806151,6875455
2020-06-15,164.806151,165.284946,162.310011,162.782928,162.782928,7834909
2020-06-16,162.782928,172.496881,161.462276,171.108682,171.108682,7529490
2020-06-17,171.108682,172.480826,168.267636,169.627905,169.627905,4833669
2020-06-18,169.627905,169.631732,166.353476,166.357230,166.357230,5031266
2020-06-19,166.357230,166.542515,165.987738,166.172818,166.172818,3986327
2020-06-22,166.172818,170.464052,165.373131,169.647643,169.647643,5555214
2020-06-23,169.647643,173.102688,169.640327,173.095224,173.095224,4609819
2020-06-24,173.095224,173.658915,170.895478,171.453824,171.453824,7048705
2020-06-25,171.453824,179.198637,170.783379,178.500636,178.500636,4988532
2020-06-26,178.500636,179.602958,178.236105,179.337187,179.337187,3521240
2020-06-29,179.337187,185.239677,178.616420,184.498168,184.498168,5163208
2020-06-30,184.498168,184.901946,182.631376,183.031946,183.031946,6713868
2020-07-01,183.031946,183.485861,181.627642,182.079194,182.079194,6580437
2020-07-02,182.079194,185.009469,181.773992,184.699874,184.699874,6402014
2020-07-03,184.699874,189.935545,184.325828,189.551673,189.551673,8000623
2020-07-06,189.551673,192.584081,188.694860,191.717477,191.717477,9282575
2020-07-07,191.717477,194.266379,190.653586,193.194293,193.194293,3092693
2020-07-08,193.194293,196.308391,192.804332,195.912942,195.912942,8601327
2020-07-09,195.912942,197.223545,190.881889,192.167435,192.167435,3546845
2020-07-10,192.167435,193.677040,190.744226,192.253196,192.253196,4139925
2020-07-13,192.253196,194.227882,190.972081,192.942176,192.942176,10248832
2020-07-14,192.942176,193.720961,191.729006,192.506031,192.506031,5986114
2020-07-15,192.506031,192.820285,189.317903,189.627457,189.627457,4135057
2020-07-16,189.627457,192.177751,188.797331,191.340128,191.340128,5887155
2020-07-17,191.340128,192.245288,190.806577,191.710705,191.710705,5538371
2020-07-20,191.710705,192.373266,190.667608,191.328849,191.328849,6947353
2020-07-21,191.328849,193.483388,191.145355,193.298005,193.298005,4766920
2020-07-22,193.298005,196.184576,192.783069,195.663339,195.663339,6528361
2020-07-23,195.663339,197.303415,195.274767,196.912363,196.912363,5587644
2020-07-24,196.912363,198.576788,196.770931,198.434262,198.434262,5459348
2020-07-27,198.434262,205.235195,197.172290,203.938219,203.938219,6667032
2020-07-28,203.938219,205.344346,202.152531,203.556022,203.556022,6727238
2020-07-29,203.556022,206.311011,202.648971,205.395762,205.395762,5653737
2020-07-30,205.395762,215.096618,203.475907,213.104707,213.104707,3986984
2020-07-31,213.104707,216.946786,212.408199,216.240030,216.240030,4896952
2020-08-03,216.240030,220.815582,215.214814,219.773613,219.773613,13168119
2020-08-04,219.773613,227.799067,219.526424,227.543140,227.543140,5958888
2020-08-05,227.543140,228.389995,227.119632,227.965701,227.965701,9632316
2020-08-06,227.965701,229.120407,225.904190,227.054279,227.054279,5990929
2020-08-07,227.054279,227.160166,225.506771,225.611986,225.611986,5334909
2020-08-10,225.611986,227.350288,225.199993,226.935878,226.935878,6178919
2020-08-11,226.935878,229.965652,226.598514,229.624291,229.624291,9053544
2020-08-12,229.624291,230.608451,226.123169,227.096495,227.096495,6069176
2020-08-13,227.096495,227.512903,224.906994,225.320146,225.320146,3327340
2020-08-14,225.320146,227.225681,224.305160,226.206701,226.206701,5419665
2020-08-17,226.206701,226.574587,224.627844,224.993757,224.993757,13244127
2020-08-18,224.993757,225.061471,223.610437,223.677756,223.677756,5964852
2020-08-19,223.677756,224.040812,220.696089,221.054889,221.054889,6250288
2020-08-20,221.054889,226.088760,219.779567,224.791878,224.791878,3612395
2020-08-21,224.791878,225.558433,221.538407,222.296452,222.296452,9574298
2020-08-24,222.296452,222.864042,221.978510,222.545743,222.545743,7655753
2020-08-25,222.545743,224.256248,222.541624,224.252097,224.252097,8442892
2020-08-26,224.252097,229.743418,224.063693,229.550562,229.550562,4584073
2020-08-27,229.550562,231.963322,229.254740,231.664776,231.664776,5803631
2020-08-28,231.664776,232.825854,227.469362,228.615156,228.615156,4651019
2020-08-31,228.615156,232.654805,228.149742,232.182130,232.182130,4080715
2020-09-01,232.182130,233.025383,228.528091,229.361098,229.361098,6393105
2020-09-02,229.361098,235.223975,229.260199,235.120542,235.120542,4571973
2020-09-03,235.120542,236.117749,234.536435,235.532619,235.532619,5023362
2020-09-04,235.532619,236.687560,233.170750,234.319744,234.319744,8395166
2020-09-07,234.319744,236.257511,234.162452,236.099024,236.099024,5741826
2020-09-08,236.099024,243.298725,236.036676,243.234493,243.234493,13955290
2020-09-09,243.234493,243.756695,243.174103,243.696191,243.696191,5603801
2020-09-10,243.696191,244.934201,240.894003,242.124026,242.124026,7608845
2020-09-11,242.124026,243.494863,239.312244,240.674876,240.674876,6773570
2020-09-14,240.674876,241.272071,237.962910,238.554844,238.554844,9408229
2020-09-15,238.554844,238.597624,238.241374,238.284105,238.284105,4209297
2020-09-16,238.284105,240.357453,232.015855,234.052382,234.052382,5528851
2020-09-17,234.052382,234.335724,234.022142,234.305452,234.305452,7511847
2020-09-18,234.305452,238.768601,233.670093,238.122891,238.122891,3025057
2020-09-21,238.122891,242.879969,236.636044,241.372829,241.372829,6876744
2020-09-22,241.372829,246.316881,241.319451,246.262422,246.262422,5255327
2020-09-23,246.262422,253.126328,244.686651,251.516936,251.516936,3479804
2020-09-24,251.516936,254.542706,250.816583,253.835896,253.835896,4395537
2020-09-25,253.835896,254.903612,251.414939,252.476938,252.476938,6488071
2020-09-28,252.476938,265.082207,252.301293,264.897920,264.897920,4582445
2020-09-29,264.897920,264.956486,260.849546,260.907230,260.907230,8293756
2020-09-30,260.907230,261.014887,252.585380,252.689646,252.689646,5950191
2020-10-01,252.689646,253.325953,246.574202,247.196677,247.196677,11539393
2020-10-02,247.196677,248.974631,246.595716,248.370815,248.370815,3422786
2020-10-05,248.370815,251.990201,247.733272,251.345023,251.345023,9801592
2020-10-06,251.345023,253.256457,245.688530,247.571265,247.571265,7788649
2020-10-07,247.571265,247.929541,247.064480,247.422541,247.422541,4677835
2020-10-08,247.422541,255.245922,246.085837,253.874362,253.874362,3305623
2020-10-09,253.874362,255.144223,243.812457,245.038119,245.038119,7878213
2020-10-12,245.038119,245.637717,243.618489,244.216076,244.216076,6989671
2020-10-13,244.216076,247.079058,243.101853,245.956893,245.956893,5558780
2020-10-14,245.956893,246.122902,233.333680,233.491276,233.491276,5577913
2020-10-15,233.491276,234.066640,222.241718,222.790713,222.790713,5270915
2020-10-16,222.790713,223.081433,222.500185,222.790905,222.790905,8723798
2020-10-19,222.790905,223.406253,219.284731,219.892073,219.892073,4150343
2020-10-20,219.892073,221.340927,218.625867,220.073675,220.073675,12433127
2020-10-21,220.073675,221.207695,217.682290,218.809797,218.809797,10271433
2020-10-22,218.809797,220.051200,217.520506,218.761636,218.761636,7534716
2020-10-23,218.761636,224.270993,217.596226,223.082565,223.082565,5229019
2020-10-26,223.082565,223.123480,221.852886,221.893583,221.893583,2673777
2020-10-27,221.893583,225.174024,221.642230,224.919244,224.919244,3951839
2020-10-28,224.919244,226.381500,224.490985,225.951275,225.951275,4825616
2020-10-29,225.951275,226.263728,225.291133,225.603104,225.603104,7539004
2020-10-30,225.603104,229.804707,224.319238,228.504331,228.504331,6489325
2020-11-02,228.504331,228.858028,227.917066,228.270400,228.270400,5538896
2020-11-03,228.270400,228.820898,221.890331,222.426736,222.426736,5508033
2020-11-04,222.426736,222.706775,221.759453,222.039004,222.039004,3455199
2020-11-05,222.039004,222.126553,219.334629,219.421146,219.421146,5644481
2020-11-06,219.421146,219.937152,215.848252,216.357052,216.357052,7734513
2020-11-09,216.357052,218.226027,216.327822,218.196549,218.196549,4043398
2020-11-10,218.196549,218.681452,210.705591,211.174889,211.174889,5521035
2020-11-11,211.174889,216.535369,210.187866,215.527999,215.527999,11374181
2020-11-12,215.527999,219.662403,215.144211,219.271948,219.271948,4412467
2020-11-13,219.271948,221.021353,217.914968,219.661959,219.661959,3818088
2020-11-16,219.661959,225.340352,218.143124,223.792953,223.792953,6123912
2020-11-17,223.792953,228.306826,223.576929,228.086657,228.086657,6399324
2020-11-18,228.086657,228.305346,225.911864,226.128675,226.128675,7044483
2020-11-19,226.128675,228.806652,225.382879,228.054504,228.054504,6608618
2020-11-20,228.054504,229.173058,227.287447,228.404823,228.404823,10268746
2020-11-23,228.404823,229.970131,227.710261,229.272930,229.272930,4684375
2020-11-24,229.272930,229.480219,228.758462,228.965473,228.965473,6209180
2020-11-25,228.965473,234.444343,228.660945,234.132942,234.132942,7407690
2020-11-26,234.132942,234.769814,233.701621,234.338115,234.338115,4235000
2020-11-27,234.338115,236.343786,233.075940,235.077628,235.077628,7253942
2020-11-30,235.077628,235.507753,233.130612,233.557957,233.557957,3413711
2020-12-01,233.557957,234.776976,230.570728,231.780470,231.780470,5375314
2020-12-02,231.780470,231.875995,223.571521,223.663701,223.663701,6751088
2020-12-03,223.663701,225.146080,222.843545,224.323505,224.323505,6790646
2020-12-04,224.323505,224.977679,220.100421,220.744157,220.744157,7328743
2020-12-07,220.744157,222.701979,220.191183,222.145494,222.145494,5751164
2020-12-08,222.145494,222.493187,217.156780,217.497198,217.497198,11903384
2020-12-09,217.497198,226.367200,215.111895,223.911550,223.911550,3897804
2020-12-10,223.911550,224.316533,219.576509,219.974371,219.974371,6275177
2020-12-11,219.974371,222.388023,218.561692,220.968956,220.968956,6011649
2020-12-14,220.968956,221.319333,218.902617,219.250268,219.250268,3954364
2020-12-15,219.250268,219.657544,218.853496,219.260753,219.260753,5612514
2020-12-16,219.260753,222.486797,219.151748,222.376244,222.376244,9015960
2020-12-17,222.376244,224.206845,221.426239,223.253094,223.253094,13479773
2020-12-18,223.253094,227.950099,223.144092,227.838859,227.838859,3330981
2020-12-21,227.838859,231.417702,226.231133,229.796165,229.796165,7613937
2020-12-22,229.796165,233.014233,228.099740,231.306657,231.306657,6446169
2020-12-23,231.306657,234.387815,230.303937,233.376124,233.376124,5539292
2020-12-24,233.376124,233.765658,229.058620,229.441587,229.441587,6358360
2020-12-25,229.441587,237.798055,228.934278,237.273429,237.273429,5655977
2020-12-28,237.273429,240.904249,235.861060,239.478752,239.478752,10064679
2020-12-29,239.478752,239.510088,238.102879,238.134039,238.134039,6080578
2020-12-30,238.134039,241.957949,237.911130,241.731672,241.731672,4796872
2020-12-31,241.731672,244.347822,240.801097,243.410783,243.410783,5822532
2021-01-01,243.410783,251.529955,242.078552,250.160780,250.160780,4896908
2021-01-04,250.160780,250.251868,246.315455,246.405175,246.405175,10829361
2021-01-05,246.405175,247.459684,239.228565,240.256761,240.256761,8356192
2021-01-06,240.256761,241.758954,239.552376,241.052237,241.052237,3935561
2021-01-07,241.052237,241.622750,239.575365,240.143728,240.143728,2517284
2021-01-08,240.143728,240.943922,232.948587,233.727401,233.727401,6018420
2021-01-11,233.727401,235.520415,231.906628,233.699427,233.699427,4328046
2021-01-12,233.699427,236.846904,232.515164,235.652742,235.652742,4728960
2021-01-13,235.652742,239.024006,234.695696,238.057194,238.057194,6052859
2021-01-14,238.057194,238.692417,235.916633,236.547828,236.547828,8189397
2021-01-15,236.547828,238.573371,236.438756,238.463416,238.463416,5550729
2021-01-18,238.463416,243.099389,237.949128,242.576231,242.576231,6868716
2021-01-19,242.576231,244.925893,241.838605,244.183380,244.183380,5661432
2021-01-20,244.183380,247.915127,243.940351,247.668630,247.668630,9131613
2021-01-21,247.668630,248.484954,247.505868,248.321762,248.321762,4396941
2021-01-22,248.321762,249.070553,245.055588,245.796765,245.796765,4845882
2021-01-25,245.796765,246.486539,242.382934,243.065041,243.065041,9574806
2021-01-26,243.065041,243.672373,243.043420,243.650700,243.650700,7475400
2021-01-27,243.650700,247.549134,241.972764,245.856010,245.856010,7465523
2021-01-28,245.856010,250.408779,244.900451,249.439292,249.439292,6686740
2021-01-29,249.439292,250.269158,244.485757,245.301858,245.301858,5591802
2021-02-01,245.301858,245.945811,242.956426,243.595900,243.595900,5080328
2021-02-02,243.595900,249.395748,242.778853,248.562044,248.562044,5059674
2021-02-03,248.562044,257.129416,246.893966,255.415345,255.415345,8399634
2021-02-04,255.415345,256.776229,254.706129,256.065208,256.065208,10287675
2021-02-05,256.065208,256.821442,252.434329,253.182048,253.182048,3942921
2021-02-08,253.182048,253.714039,249.520444,250.045844,250.045844,6820338
2021-02-09,250.045844,252.556403,248.673505,251.177851,251.177851,6639885
2021-02-10,251.177851,251.292906,250.634093,250.748951,250.748951,4275137
2021-02-11,250.748951,251.130437,248.705557,249.084511,249.084511,5961944
2021-02-12,249.084511,250.771892,244.470807,246.138229,246.138229,6239514
2021-02-15,246.138229,248.768361,245.175623,247.799260,247.799260,3743321
2021-02-16,247.799260,253.836261,247.360406,253.387510,253.387510,4570991
2021-02-17,253.387510,253.905467,252.071894,252.588218,252.588218,5957353
2021-02-18,252.588218,253.371036,251.006940,251.787275,251.787275,4601837
2021-02-19,251.787275,257.537778,251.493313,257.237452,257.237452,2797823
2021-02-22,257.237452,257.806156,255.924672,256.491728,256.491728,6531665
2021-02-23,256.491728,256.755734,254.100653,254.362467,254.362467,4438129
2021-02-24,254.362467,257.247435,253.178674,256.055761,256.055761,10888898
2021-02-25,256.055761,256.121617,252.275844,252.340745,252.340745,4001693
2021-02-26,252.340745,252.722598,250.266020,250.645308,250.645308,5154006
2021-03-01,250.645308,252.375928,244.173861,245.871519,245.871519,7421282
2021-03-02,245.871519,247.914764,245.547821,247.588805,247.588805,3182272
2021-03-03,247.588805,252.884705,245.087343,250.355292,250.355292,4639129
2021-03-04,250.355292,250.996288,247.197005,247.831539,247.831539,5049201
2021-03-05,247.831539,252.834411,245.829186,250.808009,250.808009,5141037
2021-03-08,250.808009,251.078897,248.731540,249.000476,249.000476,5964284
2021-03-09,249.000476,250.735684,246.483571,248.213292,248.213292,8805820
2021-03-10,248.213292,248.783564,244.909828,245.473806,245.473806,4997262
2021-03-11,245.473806,249.298403,243.996318,247.806872,247.806872,4194332
2021-03-12,247.806872,249.877217,242.944823,244.991647,244.991647,9762227
2021-03-15,244.991647,254.594138,243.384063,252.934436,252.934436,5214283
2021-03-16,252.934436,253.615563,246.521495,247.187146,247.187146,9903647
2021-03-17,247.187146,248.841910,241.405535,243.032485,243.032485,7330471
2021-03-18,243.032485,243.793053,239.877427,240.630478,240.630478,4534727
2021-03-19,240.630478,243.013902,240.085245,242.464514,242.464514,6786314
2021-03-22,242.464514,243.913237,241.697400,243.143973,243.143973,6574932
2021-03-23,243.143973,247.248481,242.603520,246.700123,246.700123,5180277
2021-03-24,246.700123,247.315877,245.152475,245.765897,245.765897,7593547
2021-03-25,245.765897,248.885257,244.830094,247.941171,247.941171,5702814
2021-03-26,247.941171,252.845239,247.064326,251.954202,251.954202,5907982
2021-03-29,251.954202,252.118344,248.438683,248.600640,248.600640,5336153
2021-03-30,248.600640,249.905780,243.498254,244.783354,244.783354,8022499
2021-03-31,244.783354,248.213720,244.312529,247.737215,247.737215,7913567
2021-04-01,247.737215,247.930909,240.476042,240.664206,240.664206,10015206
2021-04-02,240.664206,241.032439,237.558388,237.922425,237.922425,5011386
2021-04-05,237.922425,241.382140,236.229341,239.676572,239.676572,2773404
2021-04-06,239.676572,240.222163,233.908567,234.442242,234.442242,3902295
2021-04-07,234.442242,235.903618,231.833775,233.287956,233.287956,3014047
2021-04-08,233.287956,233.588283,233.234996,233.535267,233.535267,9797196
2021-04-09,233.535267,241.404652,232.444831,240.282710,240.282710,4286403
2021-04-12,240.282710,241.378512,240.189475,241.284887,241.284887,4400369
2021-04-13,241.284887,241.909506,239.648258,240.270250,240.270250,5096590
2021-04-14,240.270250,247.493802,239.008582,246.200991,246.200991,9218571
2021-04-15,246.200991,251.095290,246.182900,251.076841,251.076841,5569689
2021-04-16,251.076841,251.385445,240.005099,240.300458,240.300458,6201238
2021-04-19,240.300458,240.655776,239.214252,239.568488,239.568488,7035572
2021-04-20,239.568488,240.777216,237.101062,238.303407,238.303407,6767289
2021-04-21,238.303407,239.061372,232.038941,232.779336,232.779336,10328619
2021-04-22,232.779336,233.897084,229.463818,230.570963,230.570963,6145342
2021-04-23,230.570963,234.832452,229.861168,234.111757,234.111757,6041395
2021-04-26,234.111757,239.186058,233.800369,238.868343,238.868343,9093019
2021-04-27,238.868343,240.099135,236.980779,238.208169,238.208169,5658939
2021-04-28,238.208169,246.619357,236.450618,244.813073,244.813073,3935905
2021-04-29,244.813073,245.555445,239.910815,240.640534,240.640534,6338026
2021-04-30,240.640534,241.016482,237.273060,237.644327,237.644327,2916068
2021-05-03,237.644327,238.760053,234.791835,235.899369,235.899369,6602662
2021-05-04,235.899369,236.631868,232.975586,233.701259,233.701259,4897894
2021-05-05,233.701259,233.958070,225.740257,225.988592,225.988592,8058273
2021-05-06,225.988592,226.901644,225.653021,226.565216,226.565216,7837734
2021-05-07,226.565216,230.179117,226.020462,229.627001,229.627001,10629818
2021-05-10,229.627001,230.590814,225.775711,226.727352,226.727352,5944459
2021-05-11,226.727352,231.544067,224.499955,229.291480,229.291480,6621305
2021-05-12,229.291480,229.845501,228.237906,228.790717,228.790717,12574277
2021-05-13,228.790717,230.435885,228.275550,229.918179,229.918179,4772833
2021-05-14,229.918179,230.889079,227.452592,228.417153,228.417153,8202236
2021-05-17,228.417153,229.661778,221.023594,222.234531,222.234531,5891157
2021-05-18,222.234531,223.185085,219.488580,220.431422,220.431422,5064630
2021-05-19,220.431422,221.773603,214.890413,216.206871,216.206871,6151316
2021-05-20,216.206871,216.885972,214.840038,215.516972,215.516972,6570402
2021-05-21,215.516972,215.868358,212.899588,213.247274,213.247274,6161763
2021-05-24,213.247274,214.210257,205.904167,206.838207,206.838207,2406610
2021-05-25,206.838207,209.394866,205.517277,208.066094,208.066094,11553664
2021-05-26,208.066094,210.811677,207.873789,210.617014,210.617014,3749140
2021-05-27,210.617014,211.052213,206.478445,206.905976,206.905976,4554623
2021-05-28,206.905976,208.150504,204.301624,205.537923,205.537923,5400867
2021-05-31,205.537923,206.498707,204.685040,205.645379,205.645379,5384369
2021-06-01,205.645379,206.080894,200.752154,201.178209,201.178209,4205723
2021-06-02,201.178209,203.096761,200.513201,202.427623,202.427623,5272490
2021-06-03,202.427623,208.836026,201.017286,207.391107,207.391107,6792421
2021-06-04,207.391107,211.162094,206.128741,209.884551,209.884551,5845345
2021-06-07,209.884551,215.789969,209.684152,215.584128,215.584128,11405889
2021-06-08,215.584128,217.072971,215.440419,216.928365,216.928365,2326924
2021-06-09,216.928365,217.537669,212.453315,213.051731,213.051731,8542905
2021-06-10,213.051731,213.653701,212.522870,213.124659,213.124659,7450188
2021-06-11,213.124659,213.856143,212.991763,213.722875,213.722875,6414778
2021-06-14,213.722875,218.762219,213.312663,218.343139,218.343139,5752042
2021-06-15,218.343139,219.746138,217.498272,218.899119,218.899119,5892286
2021-06-16,218.899119,220.664067,218.556318,220.319042,220.319042,4359340
2021-06-17,220.319042,224.926059,219.961828,224.561966,224.561966,4910961
2021-06-18,224.561966,227.084041,223.832500,226.348771,226.348771,7608235
2021-06-21,226.348771,226.556027,223.364141,223.568852,223.568852,5128989
2021-06-22,223.568852,226.389568,222.105195,224.917085,224.917085,12718964
2021-06-23,224.917085,226.311055,221.302087,222.682206,222.682206,4027997
2021-06-24,222.682206,223.170525,216.537180,217.013067,217.013067,8067555
2021-06-25,217.013067,221.733007,216.566946,221.278117,221.278117,3358190
2021-06-28,221.278117,221.575151,219.351953,219.646796,219.646796,4571052
2021-06-29,219.646796,220.155139,218.688493,219.195792,219.195792,6650775
2021-06-30,219.195792,221.740012,219.177978,221.721992,221.721992,6253930
2021-07-01,221.721992,223.873443,219.444494,221.594710,221.594710,6594502
2021-07-02,221.594710,224.479784,220.919048,223.797406,223.797406,9519576
2021-07-05,223.797406,227.680036,223.374053,227.250152,227.250152,7056265
2021-07-06,227.250152,227.555388,225.612244,225.915688,225.915688,7798121
2021-07-07,225.915688,229.531241,225.607852,229.218904,229.218904,2991274
2021-07-08,229.218904,237.274289,227.917726,235.934986,235.934986,4898761
2021-07-09,235.934986,237.923740,231.193002,233.158351,233.158351,5761803
2021-07-12,233.158351,240.889342,232.880169,240.602278,240.602278,11010373
2021-07-13,240.602278,240.814063,240.200431,240.412048,240.412048,11543491
2021-07-14,240.412048,240.562012,238.718822,238.867822,238.867822,6191053
2021-07-15,238.867822,240.113077,235.643377,236.878259,236.878259,4902439
2021-07-16,236.878259,238.266241,235.533905,236.921641,236.921641,7106964
2021-07-19,236.921641,240.906960,236.859666,240.843959,240.843959,10388832
2021-07-20,240.843959,242.019858,236.989181,238.151936,238.151936,10493806
2021-07-21,238.151936,238.391545,237.069876,237.308636,237.308636,3392862
2021-07-22,237.308636,243.134135,236.353760,242.159739,242.159739,6844959
2021-07-23,242.159739,244.023835,241.567132,243.428124,243.428124,8203819
2021-07-26,243.428124,246.076319,242.747469,245.390178,245.390178,10930360
2021-07-27,245.390178,252.270571,244.335489,251.190950,251.190950,6446424
2021-07-28,251.190950,252.118763,244.651564,245.558573,245.558573,6946059
2021-07-29,245.558573,251.708814,244.323708,250.449354,250.449354,7488885
2021-07-30,250.449354,254.594406,249.765213,253.900836,253.900836,14965885
2021-08-02,253.900836,254.672395,249.387051,250.147203,250.147203,2835676
2021-08-03,250.147203,251.122188,247.240166,248.207591,248.207591,5771049
2021-08-04,248.207591,248.274692,243.488020,243.553863,243.553863,4017149
2021-08-05,243.553863,244.419792,239.348396,240.202409,240.202409,6701621
2021-08-06,240.202409,240.977299,236.268387,237.033053,237.033053,5559089
2021-08-09,237.033053,238.712905,231.291188,232.942047,232.942047,5265718
2021-08-10,232.942047,232.979529,229.363793,229.400705,229.400705,4174565
2021-08-11,229.400705,229.690237,228.487744,228.776487,228.776487,4953438
2021-08-12,228.776487,229.907032,228.186179,229.315334,229.315334,8008312
2021-08-13,229.315334,229.901206,223.463026,224.035408,224.035408,14197882
2021-08-16,224.035408,224.523276,222.096427,222.581128,222.581128,9662045
2021-08-17,222.581128,224.339263,215.969318,217.688808,217.688808,5351082
2021-08-18,217.688808,220.583002,217.142684,220.031002,220.031002,6760957
2021-08-19,220.031002,220.106390,210.431050,210.503174,210.503174,6037516
2021-08-20,210.503174,217.676123,209.715216,216.864354,216.864354,6041625
2021-08-23,216.864354,217.401335,216.029767,216.566010,216.566010,9159900
2021-08-24,216.566010,216.971434,213.577653,213.978233,213.978233,3773043
2021-08-25,213.978233,214.267453,212.199621,212.486825,212.486825,5356673
2021-08-26,212.486825,212.634778,205.361653,205.504745,205.504745,9454670
2021-08-27,205.504745,209.311884,205.361358,209.165943,209.165943,3670224
2021-08-30,209.165943,211.051293,201.231503,203.061832,203.061832,9527254
2021-08-31,203.061832,207.734885,202.939944,207.610267,207.610267,5264836
2021-09-01,207.610267,208.184630,202.054700,202.615244,202.615244,4227754
2021-09-02,202.615244,203.216167,198.524222,199.114763,199.114763,7824075
2021-09-03,199.114763,199.167509,198.385277,198.437844,198.437844,6957864
2021-09-06,198.437844,198.472334,197.300196,197.334494,197.334494,3581835
2021-09-07,197.334494,201.951592,196.691039,201.295223,201.295223,5684891
2021-09-08,201.295223,201.948370,198.390941,199.036760,199.036760,5737964
2021-09-09,199.036760,200.791103,199.007603,200.761694,200.761694,5113124
2021-09-10,200.761694,207.633155,200.296906,207.153569,207.153569,9173322
2021-09-13,207.153569,208.315416,206.312490,207.473039,207.473039,5775454
2021-09-14,207.473039,207.831268,206.834023,207.191765,207.191765,3296167
2021-09-15,207.191765,207.489893,206.059798,206.356724,206.356724,5043064
2021-09-16,206.356724,206.634103,203.472363,203.746233,203.746233,7186763
2021-09-17,203.746233,204.057650,198.156684,198.460021,198.460021,4108806
2021-09-20,198.460021,199.163953,197.834943,198.538628,198.538628,4692551
2021-09-21,198.538628,202.677249,198.124674,202.255545,202.255545,8039119
2021-09-22,202.255545,208.146393,201.005053,206.867387,206.867387,5684450
2021-09-23,206.867387,207.930993,205.188988,206.249418,206.249418,5095570
2021-09-24,206.249418,207.029621,202.028066,202.795203,202.795203,6395287
2021-09-27,202.795203,208.249950,202.278969,207.721177,207.721177,5266353
2021-09-28,207.721177,209.272795,207.389562,208.939236,208.939236,4068598
2021-09-29,208.939236,209.329942,208.930905,209.321596,209.321596,4905493
2021-09-30,209.321596,210.178737,206.162144,207.009819,207.009819,7259132
2021-10-01,207.009819,209.825589,205.963164,208.770034,208.770034,7610341
2021-10-04,208.770034,212.504300,208.670757,212.403294,212.403294,6480127
2021-10-05,212.403294,215.371040,211.443652,214.402365,214.402365,4228013
2021-10-06,214.402365,216.491724,213.112707,215.197285,215.197285,9041950
2021-10-07,215.197285,216.163208,213.078955,214.039682,214.039682,7455540
2021-10-08,214.039682,219.540892,212.903692,218.381856,218.381856,5964956
2021-10-11,218.381856,219.610537,218.128399,219.355949,219.355949,4691191
2021-10-12,219.355949,229.460168,219.304168,229.406014,229.406014,3143313
2021-10-13,229.406014,230.276435,223.983587,224.836671,224.836671,4332631
2021-10-14,224.836671,229.323673,224.804055,229.290410,229.290410,5676225
2021-10-15,229.290410,232.676268,227.806030,231.179658,231.179658,5552972
2021-10-18,231.179658,231.816244,225.075026,225.696514,225.696514,7659369
2021-10-19,225.696514,232.085959,225.611122,231.998184,231.998184,5219284
2021-10-20,231.998184,234.294382,231.131475,233.422353,233.422353,4014968
2021-10-21,233.422353,234.407763,231.917934,232.901144,232.901144,5131092
2021-10-22,232.901144,233.891495,226.587658,227.555277,227.555277,4361696
2021-10-25,227.555277,230.508679,224.390045,227.340662,227.340662,6431427
2021-10-26,227.340662,228.175565,219.591345,220.400761,220.400761,4883123
2021-10-27,220.400761,221.595647,219.825334,221.018608,221.018608,4334356
2021-10-28,221.018608,225.862618,220.551429,225.386208,225.386208,9519548
2021-10-29,225.386208,226.214603,225.268595,226.096619,226.096619,5233025
2021-11-01,226.096619,228.239466,225.793920,227.934308,227.934308,3747857
2021-11-02,227.934308,228.081658,225.005782,225.151334,225.151334,4916886
2021-11-03,225.151334,226.805649,224.579328,226.230901,226.230901,4769586
2021-11-04,226.230901,230.029353,225.767170,229.558801,229.558801,7173202
2021-11-05,229.558801,231.298950,229.286523,231.024933,231.024933,4379186
2021-11-08,231.024933,231.575181,227.008763,227.550736,227.550736,4675141
2021-11-09,227.550736,230.990470,226.551772,229.980837,229.980837,5644643
2021-11-10,229.980837,234.979200,229.278393,234.263675,234.263675,6056005
2021-11-11,234.263675,235.405062,230.467316,231.595704,231.595704,3902486
2021-11-12,231.595704,231.918689,231.232669,231.555598,231.555598,4078619
2021-11-15,231.555598,232.913972,229.306586,230.659704,230.659704,3413928
2021-11-16,230.659704,232.396803,229.763417,231.497261,231.497261,7550614
2021-11-17,231.497261,232.465318,229.795610,230.760588,230.760588,4889312
2021-11-18,230.760588,231.368176,229.321978,229.927373,229.927373,4898413
2021-11-19,229.927373,230.320150,227.767329,228.157082,228.157082,6060790
2021-11-22,228.157082,235.184157,227.516209,234.525395,234.525395,6390096
2021-11-23,234.525395,236.749417,233.951629,236.171623,236.171623,4360062
2021-11-24,236.171623,236.340485,235.276931,235.445273,235.445273,4477928
2021-11-25,235.445273,237.014637,230.982317,232.532264,232.532264,3917056
2021-11-26,232.532264,232.641200,230.083907,230.191747,230.191747,5234252
2021-11-29,230.191747,231.250463,227.509935,228.561152,228.561152,5142099
2021-11-30,228.561152,228.979967,227.053958,227.470775,227.470775,7623743
2021-12-01,227.470775,228.744199,223.751922,225.011578,225.011578,7591650
2021-12-02,225.011578,226.266380,218.574174,219.799913,219.799913,4098427
2021-12-03,219.799913,219.941325,218.113184,218.253602,218.253602,9967173
2021-12-06,218.253602,218.725998,214.601676,215.067175,215.067175,3976333
2021-12-07,215.067175,215.215388,208.885962,209.030014,209.030014,7386378
2021-12-08,209.030014,209.480394,207.911742,208.360680,208.360680,4694796
2021-12-09,208.360680,208.435924,207.114236,207.189057,207.189057,11675255
2021-12-10,207.189057,210.662611,206.281759,209.744125,209.744125,8796212
2021-12-13,209.744125,211.344023,209.429657,211.027631,211.027631,9195974
2021-12-14,211.027631,214.124100,210.908279,214.003065,214.003065,7634431
2021-12-15,214.003065,214.750233,213.833808,214.580519,214.580519,5678380
2021-12-16,214.580519,215.934601,212.635448,213.985777,213.985777,4876448
2021-12-17,213.985777,214.499809,209.346708,209.850807,209.850807,2568801
2021-12-20,209.850807,211.182559,209.781726,211.113063,211.113063,5903448
2021-12-21,211.113063,211.757305,204.594464,205.220724,205.220724,4857483
2021-12-22,205.220724,208.901687,204.849346,208.524331,208.524331,7564762
2021-12-23,208.524331,208.625837,207.638327,207.739451,207.739451,5016125
2021-12-24,207.739451,209.394403,207.631199,209.285345,209.285345,9671160
2021-12-27,209.285345,214.033740,208.535895,213.270021,213.270021,4752439
2021-12-28,213.270021,213.383550,211.855072,211.967908,211.967908,5454049
2021-12-29,211.967908,212.763166,211.451386,212.245966,212.245966,8131828
2021-12-30,212.245966,212.575648,203.419484,203.735947,203.735947,4844775
2021-12-31,203.735947,205.403197,202.724374,204.388385,204.388385,5758813
2022-01-03,204.388385,205.138917,196.956999,197.682909,197.682909,8972870
2022-01-04,197.682909,202.587450,196.726104,201.611630,201.611630,7806279
2022-01-05,201.611630,202.345827,192.119066,192.821252,192.821252,4479488
2022-01-06,192.821252,193.023964,188.649268,188.847803,188.847803,4955060
2022-01-07,188.847803,201.852603,188.429741,201.406739,201.406739,3315024
2022-01-10,201.406739,208.582735,200.772891,207.928362,207.928362,3745851
2022-01-11,207.928362,211.943047,207.698695,211.709203,211.709203,9966768
2022-01-12,211.709203,214.622300,210.999268,213.905001,213.905001,8178207
2022-01-13,213.905001,214.674349,202.042283,202.771587,202.771587,5797491
2022-01-14,202.771587,203.162046,197.313531,197.694213,197.694213,5194142
2022-01-17,197.694213,201.106575,196.729930,200.130409,200.130409,6741012
2022-01-18,200.130409,204.258569,199.293431,203.407884,203.407884,8331612
2022-01-19,203.407884,205.376306,197.153763,199.080306,199.080306,4502791
2022-01-20,199.080306,200.264432,192.744775,193.898076,193.898076,3411083
2022-01-21,193.898076,207.606803,192.703870,206.335992,206.335992,8441014
2022-01-24,206.335992,206.765286,198.085746,198.498734,198.498734,3636565
2022-01-25,198.498734,198.969933,193.694526,194.155415,194.155415,6655856
2022-01-26,194.155415,197.573301,193.977309,197.392226,197.392226,7460173
2022-01-27,197.392226,198.707503,188.708429,189.974278,189.974278,3694424
2022-01-28,189.974278,195.950310,189.223439,195.178901,195.178901,5598824
2022-01-31,195.178901,195.370418,189.371448,189.557449,189.557449,3555104
2022-02-01,189.557449,193.365603,189.223099,193.025136,193.025136,5036295
2022-02-02,193.025136,193.688834,192.661237,193.324371,193.324371,9596374
2022-02-03,193.324371,198.950236,192.456463,198.061063,198.061063,5740021
2022-02-04,198.061063,198.143303,193.890395,193.970936,193.970936,5395032
2022-02-07,193.970936,195.198081,192.129170,193.352402,193.352402,4230518
2022-02-08,193.352402,193.808317,192.643136,193.098452,193.098452,8419692
2022-02-09,193.098452,195.892097,192.945092,195.736642,195.736642,6885860
2022-02-10,195.736642,197.669088,194.913937,196.841739,196.841739,9437140
2022-02-11,196.841739,197.537961,196.172760,196.868890,196.868890,4371872
2022-02-14,196.868890,197.258367,192.761383,193.143491,193.143491,4446897
2022-02-15,193.143491,195.632419,191.865070,194.346038,194.346038,9436314
2022-02-16,194.346038,195.735661,188.346046,189.702466,189.702466,3346913
2022-02-17,189.702466,195.766575,189.568931,195.628868,195.628868,4902084
2022-02-18,195.628868,202.587750,195.109398,202.051225,202.051225,3720861
2022-02-21,202.051225,202.302030,195.554717,195.797760,195.797760,6745412
2022-02-22,195.797760,200.553415,194.918696,199.657024,199.657024,9457411
2022-02-23,199.657024,200.310822,199.107870,199.761381,199.761381,7385814
2022-02-24,199.761381,203.304358,199.296744,202.832577,202.832577,5950706
2022-02-25,202.832577,203.375646,201.147519,201.687522,201.687522,6030784
2022-02-28,201.687522,204.145302,197.423520,199.859018,199.859018,3265532
2022-03-01,199.859018,199.905867,193.906372,193.951837,193.951837,4992710
2022-03-02,193.951837,194.171947,188.425211,188.639292,188.639292,11979867
2022-03-03,188.639292,196.878485,187.748763,195.953427,195.953427,7212944
2022-03-04,195.953427,203.830332,195.316031,203.169464,203.169464,7641340
2022-03-07,203.169464,203.757530,199.631083,200.210584,200.210584,4473881
2022-03-08,200.210584,201.162495,199.610913,200.561772,200.561772,5758440
2022-03-09,200.561772,200.674810,200.518489,200.631512,200.631512,2193439
2022-03-10,200.631512,200.681125,191.561505,191.608887,191.608887,6360515
2022-03-11,191.608887,192.238426,183.997386,184.603910,184.603910,7766479
2022-03-14,184.603910,184.997738,178.409358,178.790783,178.790783,3613396
2022-03-15,178.790783,180.493880,173.566023,175.235251,175.235251,5463991
2022-03-16,175.235251,176.276510,174.842305,175.882113,175.882113,5736846
2022-03-17,175.882113,176.431932,169.446285,169.977647,169.977647,6033149
2022-03-18,169.977647,171.329471,169.474575,170.823894,170.823894,6985002
2022-03-21,170.823894,171.554234,169.533610,170.261546,170.261546,4987832
2022-03-22,170.261546,177.857766,169.730961,177.305232,177.305232,2879326
2022-03-23,177.305232,178.868926,167.314651,168.803366,168.803366,3833087
2022-03-24,168.803366,170.229576,168.460751,169.884766,169.884766,8276226
2022-03-25,169.884766,172.105727,169.458307,171.674774,171.674774,9727375
2022-03-28,171.674774,171.964739,166.931350,167.213780,167.213780,6282596
2022-03-29,167.213780,173.211956,166.909753,172.897594,172.897594,5064585
2022-03-30,172.897594,173.149370,170.655652,170.904525,170.904525,5295238
2022-03-31,170.904525,175.357384,170.630993,175.077174,175.077174,4362142
2022-04-01,175.077174,175.559826,168.464268,168.929973,168.929973,3585232
2022-04-04,168.929973,170.061539,168.827491,169.958434,169.958434,11461845
2022-04-05,169.958434,172.952830,169.460116,172.447215,172.447215,4908437
2022-04-06,172.447215,177.156159,172.259953,176.963992,176.963992,4476029
2022-04-07,176.963992,177.697154,175.063400,175.791705,175.791705,3840125
2022-04-08,175.791705,180.512245,175.637514,180.354053,180.354053,4677064
2022-04-11,180.354053,180.387199,178.051759,178.084488,178.084488,6479521
2022-04-12,178.084488,178.469262,175.953853,176.334846,176.334846,8114606
2022-04-13,176.334846,177.342078,171.261506,172.245379,172.245379,11113271
2022-04-14,172.245379,183.120034,171.467216,182.296463,182.296463,5248060
2022-04-15,182.296463,187.981367,181.611652,187.277843,187.277843,7795605
2022-04-18,187.277843,187.432771,180.921549,181.071343,181.071343,4938384
2022-04-19,181.071343,184.804347,179.966092,183.683153,183.683153,7148370
2022-04-20,183.683153,184.452700,177.741220,178.489006,178.489006,5113600
2022-04-21,178.489006,178.895394,171.724799,172.116678,172.116678,4373175
2022-04-22,172.116678,172.768550,170.998305,171.648404,171.648404,5654745
2022-04-25,171.648404,172.057124,169.370175,169.774433,169.774433,6292033
2022-04-26,169.774433,171.947119,169.302612,171.470585,171.470585,6609954
2022-04-27,171.470585,172.643281,166.357039,167.502598,167.502598,5906035
2022-04-28,167.502598,177.356630,166.852973,176.671446,176.671446,2817586
2022-04-29,176.671446,178.021242,176.666969,178.016731,178.016731,6156967
2022-05-02,178.016731,178.717713,177.587538,178.287867,178.287867,4946840
2022-05-03,178.287867,178.656844,176.138357,176.503642,176.503642,8980294
2022-05-04,176.503642,177.861245,174.724094,176.078426,176.078426,5056720
2022-05-05,176.078426,176.494561,175.020425,175.435040,175.435040,4370332
2022-05-06,175.435040,175.712679,168.386290,168.653196,168.653196,8725411
2022-05-09,168.653196,168.722619,166.745501,166.814167,166.814167,4359178
2022-05-10,166.814167,167.635819,165.844075,166.664992,166.664992,4447784
2022-05-11,166.664992,174.568799,166.473446,174.368399,174.368399,6426653
2022-05-12,174.368399,174.516348,169.262717,169.406455,169.406455,7570383
2022-05-13,169.406455,169.768163,168.027017,168.386547,168.386547,4123720
2022-05-16,168.386547,168.723678,162.793187,163.119773,163.119773,8199225
2022-05-17,163.119773,164.147985,158.453539,159.458673,159.458673,5267112
2022-05-18,159.458673,160.058071,154.885441,155.469845,155.469845,5370805
2022-05-19,155.469845,155.977244,148.313243,148.798870,148.798870,4019568
2022-05-20,148.798870,149.080973,146.414391,146.692501,146.692501,4602741
2022-05-23,146.692501,149.309720,146.380784,148.993114,148.993114,3806085
2022-05-24,148.993114,149.542684,145.747562,146.287151,146.287151,7068950
2022-05-25,146.287151,152.489681,145.815657,151.999774,151.999774,8305964
2022-05-26,151.999774,156.220457,151.519833,155.728741,155.728741,6172162
2022-05-27,155.728741,155.873393,151.480332,151.621168,151.621168,9317532
2022-05-30,151.621168,152.560639,145.677707,146.585979,146.585979,5680010
2022-05-31,146.585979,149.576994,146.146169,149.129553,149.129553,6194998
2022-06-01,149.129553,149.380833,147.643831,147.893028,147.893028,4209541
2022-06-02,147.893028,153.654545,147.605260,153.356147,153.356147,7677652
2022-06-03,153.356147,156.954181,152.225697,155.805675,155.805675,4190451
2022-06-06,155.805675,156.844662,153.699474,154.731297,154.731297,3796300
2022-06-07,154.731297,155.609655,154.419628,155.296847,155.296847,11197450
2022-06-08,155.296847,155.940063,154.177216,154.818451,154.818451,2527241
2022-06-09,154.818451,155.015723,150.081409,150.272889,150.272889,8866735
2022-06-10,150.272889,150.513698,148.977319,149.216435,149.216435,5141962
2022-06-13,149.216435,149.981700,147.862161,148.624389,148.624389,3275114
2022-06-14,148.624389,150.437080,148.026938,149.834763,149.834763,8429987
2022-06-15,149.834763,152.571780,149.459349,152.190463,152.190463,6800706
2022-06-16,152.190463,152.780410,150.869722,151.456825,151.456825,18388680
2022-06-17,151.456825,152.542547,151.233971,152.318425,152.318425,9650140
2022-06-20,152.318425,153.226712,152.191094,153.098729,153.098729,4951714
2022-06-21,153.098729,159.159547,151.748514,157.768151,157.768151,5187139
2022-06-22,157.768151,160.961775,157.220619,160.405091,160.405091,5425398
2022-06-23,160.405091,160.856221,157.439730,157.883769,157.883769,4818856
2022-06-24,157.883769,157.976735,157.136858,157.229440,157.229440,9121435
2022-06-27,157.229440,158.355394,156.332497,157.457153,157.457153,4135557
2022-06-28,157.457153,158.028250,144.999028,145.526854,145.526854,5876372
2022-06-29,145.526854,146.719203,139.512737,140.665254,140.665254,7001148
2022-06-30,140.665254,141.644652,135.534418,136.484708,136.484708,5029705
2022-07-01,136.484708,137.656074,135.822568,136.991475,136.991475,7681437
2022-07-04,136.991475,140.631059,136.673496,140.305388,140.305388,9009721
2022-07-05,140.305388,140.584547,133.966257,134.233334,134.233334,4892092
2022-07-06,134.233334,135.437393,124.948555,126.079474,126.079474,5010297
2022-07-07,126.079474,126.337073,124.858711,125.114338,125.114338,4901982
2022-07-08,125.114338,125.418846,120.533166,120.827241,120.827241,9089150
2022-07-11,120.827241,121.521540,116.343524,117.015923,117.015923,5513756
2022-07-12,117.015923,117.564402,113.441689,113.975920,113.975920,5584665
2022-07-13,113.975920,114.266702,110.201753,110.483626,110.483626,8388183
2022-07-14,110.483626,110.689087,106.826241,107.025271,107.025271,4784193
2022-07-15,107.025271,109.276490,106.479844,108.722415,108.722415,3244268
2022-07-18,108.722415,108.856656,105.780226,105.910995,105.910995,6734084
2022-07-19,105.910995,108.837485,105.649507,108.569433,108.569433,4180860
2022-07-20,108.569433,112.902133,108.423294,112.750366,112.750366,5732473
2022-07-21,112.750366,114.913458,112.720904,114.883438,114.883438,7933553
2022-07-22,114.883438,114.936152,112.474463,112.526094,112.526094,4381710
2022-07-25,112.526094,115.151096,112.311587,114.932002,114.932002,5576350
2022-07-26,114.932002,115.249227,114.149289,114.465226,114.465226,4630888
2022-07-27,114.465226,114.576117,114.167865,114.278576,114.278576,5521116
2022-07-28,114.278576,115.684542,113.651471,115.053187,115.053187,5370341
2022-07-29,115.053187,115.419105,114.338251,114.703056,114.703056,11692021
2022-08-01,114.703056,117.548629,114.515220,117.356448,117.356448,8093403
2022-08-02,117.356448,118.127388,116.589366,117.360281,117.360281,5883862
2022-08-03,117.360281,119.912999,117.338537,119.890785,119.890785,6512492
2022-08-04,119.890785,127.074309,119.785830,126.963162,126.963162,8082074
2022-08-05,126.963162,127.029487,123.002427,123.066717,123.066717,4310993
2022-08-08,123.066717,123.823703,120.778172,121.525680,121.525680,7834412
2022-08-09,121.525680,122.419765,121.138558,122.031033,122.031033,3413068
2022-08-10,122.031033,122.210857,120.731978,120.910150,120.910150,2865257
2022-08-11,120.910150,121.542853,117.886156,118.506279,118.506279,3709041
2022-08-12,118.506279,118.608729,109.637513,109.732378,109.732378,4653943
2022-08-15,109.732378,110.583755,107.901110,108.744825,108.744825,3908371
2022-08-16,108.744825,108.905081,105.665874,105.821822,105.821822,8987364
2022-08-17,105.821822,111.478170,105.466263,111.104861,111.104861,7277853
2022-08-18,111.104861,111.265113,106.097365,106.250616,106.250616,7380050
2022-08-19,106.250616,106.545773,105.365055,105.658567,105.658567,3408876
2022-08-22,105.658567,106.106956,105.621927,106.070173,106.070173,6214379
2022-08-23,106.070173,106.418893,104.171564,104.515172,104.515172,5618015
2022-08-24,104.515172,115.327415,104.045268,114.811219,114.811219,7427325
2022-08-25,114.811219,114.861372,113.071614,113.121028,113.121028,6350425
2022-08-26,113.121028,115.078256,112.931999,114.886277,114.886277,3478401
2022-08-29,114.886277,115.698369,112.221234,113.020135,113.020135,11399048
2022-08-30,113.020135,113.556949,112.731358,113.267540,113.267540,3983472
2022-08-31,113.267540,116.127250,112.511339,115.357098,115.357098,5598448
2022-09-01,115.357098,116.296451,114.819701,115.757190,115.757190,4670589
2022-09-02,115.757190,118.458044,115.501994,118.197468,118.197468,3441842
2022-09-05,118.197468,124.564696,118.077491,124.438385,124.438385,3545647
2022-09-06,124.438385,125.090931,121.497450,122.137932,122.137932,3647250
2022-09-07,122.137932,125.629602,121.917304,125.403076,125.403076,5842426
2022-09-08,125.403076,125.456352,118.114196,118.164397,118.164397,5245808
2022-09-09,118.164397,120.164492,117.385863,119.377962,119.377962,6625076
2022-09-12,119.377962,119.531200,118.462632,118.614890,118.614890,6059849
2022-09-13,118.614890,118.979046,118.351046,118.714979,118.714979,8298640
2022-09-14,118.714979,118.947579,117.740169,117.971312,117.971312,5642028
2022-09-15,117.971312,118.146382,114.219262,114.389016,114.389016,8498383
2022-09-16,114.389016,114.780613,114.368242,114.759771,114.759771,6347758
2022-09-19,114.759771,119.185138,114.245899,118.653829,118.653829,4389827
2022-09-20,118.653829,123.079641,118.318886,122.733183,122.733183,4159224
2022-09-21,122.733183,123.445499,120.883521,121.589198,121.589198,7281295
2022-09-22,121.589198,124.449933,121.149811,124.001827,124.001827,5458688
2022-09-23,124.001827,128.120575,123.952425,128.069553,128.069553,7429285
2022-09-26,128.069553,129.159427,127.295423,128.383400,128.383400,6938357
2022-09-27,128.383400,128.483466,124.669639,124.766887,124.766887,6116199
2022-09-28,124.766887,124.793166,123.280915,123.306887,123.306887,14749890
2022-09-29,123.306887,123.752156,120.812183,121.250024,121.250024,4649907
2022-09-30,121.250024,121.486319,120.281926,120.516791,120.516791,3757624
2022-10-03,120.516791,120.745962,119.211125,119.438245,119.438245,6450123
2022-10-04,119.438245,119.728294,117.321147,117.606748,117.606748,9905639
2022-10-05,117.606748,117.665223,117.110068,117.168324,117.168324,6371334
2022-10-06,117.168324,117.272968,116.885844,116.990329,116.990329,3641634
2022-10-07,116.990329,117.031920,112.239028,112.278944,112.278944,3770925
2022-10-10,112.278944,112.477806,110.511855,110.707934,110.707934,3504355
2022-10-11,110.707934,112.813922,110.618702,112.723066,112.723066,8011471
2022-10-12,112.723066,114.016642,112.364016,113.654625,113.654625,10456155
2022-10-13,113.654625,117.302078,113.337134,116.975310,116.975310,5647325
2022-10-14,116.975310,118.194666,116.938545,118.157529,118.157529,10741763
2022-10-17,118.157529,118.542000,116.963176,117.345003,117.345003,5561724
2022-10-18,117.345003,119.002342,117.182861,118.838137,118.838137,3912584
2022-10-19,118.838137,119.311387,118.146673,118.619051,118.619051,5299754
2022-10-20,118.619051,119.220123,118.558714,119.159512,119.159512,14462219
2022-10-21,119.159512,119.393819,118.148092,118.380867,118.380867,3091173
2022-10-24,118.380867,122.701517,118.107700,122.419032,122.419032,6764248
2022-10-25,122.419032,122.618511,121.447112,121.645331,121.645331,4925186
2022-10-26,121.645331,121.710511,120.412567,120.477121,120.477121,4944564
2022-10-27,120.477121,121.952357,120.467861,121.942985,121.942985,6619772
2022-10-28,121.942985,126.462343,121.119235,125.613796,125.613796,6928978
2022-10-31,125.613796,130.354571,125.276408,130.005387,130.005387,4295324
2022-11-01,130.005387,130.185362,126.520611,126.696005,126.696005,5111989
2022-11-02,126.696005,127.133380,125.576534,126.011547,126.011547,9737183
2022-11-03,126.011547,126.508234,125.125920,125.621068,125.621068,6617616
2022-11-04,125.621068,126.245581,121.917509,122.526638,122.526638,3404686
2022-11-07,122.526638,122.739595,120.631915,120.841943,120.841943,5845380
2022-11-08,120.841943,123.478772,120.708892,123.342966,123.342966,5589069
2022-11-09,123.342966,124.419124,122.671572,123.745538,123.745538,6059873
2022-11-10,123.745538,123.753303,123.151364,123.159092,123.159092,4456614
2022-11-11,123.159092,123.453696,120.198233,120.486444,120.486444,6248942
2022-11-14,120.486444,121.110537,117.638614,118.251129,118.251129,6462883
2022-11-15,118.251129,123.471326,118.139372,123.354746,123.354746,3817033
2022-11-16,123.354746,123.448991,122.217522,122.310969,122.310969,10167454
2022-11-17,122.310969,123.251497,122.141433,123.080893,123.080893,7802451
2022-11-18,123.080893,124.822463,122.575779,124.312294,124.312294,8834913
2022-11-21,124.312294,124.570927,121.033736,121.286072,121.286072,5512547
2022-11-22,121.286072,122.808412,120.987317,122.506651,122.506651,5304606
2022-11-23,122.506651,122.656467,121.463689,121.612411,121.612411,8259947
2022-11-24,121.612411,121.962110,116.222136,116.557299,116.557299,8623126
2022-11-25,116.557299,119.549725,115.429522,118.404079,118.404079,2783863
2022-11-28,118.404079,118.614569,116.904738,117.112933,117.112933,9100081
2022-11-29,117.112933,117.729539,114.129194,114.733270,114.733270,8270184
2022-11-30,114.733270,117.462190,113.588041,116.301310,116.301310,3609509
2022-12-01,116.301310,116.855477,115.531979,116.085117,116.085117,6627790
2022-12-02,116.085117,116.574797,114.969502,115.456531,115.456531,4168791
2022-12-05,115.456531,115.975683,115.447516,115.966629,115.966629,3849212
2022-12-06,115.966629,116.786549,115.389311,116.208029,116.208029,6499016
2022-12-07,116.208029,116.659090,111.558329,111.993030,111.993030,7028374
2022-12-08,111.993030,112.290506,111.278404,111.574769,111.574769,4114461
2022-12-09,111.574769,112.186612,109.045964,109.647236,109.647236,8148571
2022-12-12,109.647236,110.737287,107.622610,108.703275,108.703275,6931666
2022-12-13,108.703275,110.556367,108.661333,110.513726,110.513726,10016227
2022-12-14,110.513726,110.749280,109.770346,110.004815,110.004815,5745287
2022-12-15,110.004815,110.269712,109.528836,109.793224,109.793224,4068098
2022-12-16,109.793224,110.432811,109.642907,110.281825,110.281825,6519356
2022-12-19,110.281825,110.487407,108.452606,108.655155,108.655155,4885720
2022-12-20,108.655155,109.611317,108.484017,109.438944,109.438944,2970581
2022-12-21,109.438944,109.612776,108.376844,108.549263,108.549263,6865697
2022-12-22,108.549263,109.323856,105.195590,105.951646,105.951646,5785166
2022-12-23,105.951646,107.471782,105.360947,106.875930,106.875930,4655029
2022-12-26,106.875930,108.161049,106.417126,107.698713,107.698713,6944712
2022-12-27,107.698713,108.421122,105.722201,106.436141,106.436141,5963615
2022-12-28,106.436141,106.943969,100.975939,101.460024,101.460024,3456890
2022-12-29,101.460024,101.626518,101.191875,101.358202,101.358202,4064577
2022-12-30,101.358202,102.603432,100.497616,101.739608,101.739608,3093006
2023-01-02,101.739608,102.778349,101.707022,102.745441,102.745441,4027326
2023-01-03,102.745441,103.403507,102.279153,102.936352,102.936352,6059185
2023-01-04,102.936352,103.956831,102.735819,103.754703,103.754703,6231233
2023-01-05,103.754703,105.787102,103.226813,105.251595,105.251595,7487975
2023-01-06,105.251595,106.687158,104.656432,106.087269,106.087269,5619628
2023-01-09,106.087269,107.241364,105.708674,106.860011,106.860011,4087460
2023-01-10,106.860011,106.950409,103.321896,103.409375,103.409375,5326278
2023-01-11,103.409375,103.924641,101.242503,101.749498,101.749498,4278330
2023-01-12,101.749498,105.215900,101.387768,104.843172,104.843172,5061895
2023-01-13,104.843172,106.095320,104.521883,105.771187,105.771187,4437615
2023-01-16,105.771187,111.084978,105.431999,110.729888,110.729888,6643009
2023-01-17,110.729888,110.735845,109.395577,109.401462,109.401462,3778883
2023-01-18,109.401462,110.209552,107.910516,108.713525,108.713525,3594975
2023-01-19,108.713525,108.856114,108.690791,108.833355,108.833355,12425810
2023-01-20,108.833355,109.621886,108.754947,109.542966,109.542966,4956564
2023-01-23,109.542966,109.682286,108.527825,108.666029,108.666029,4028343
2023-01-24,108.666029,112.039664,108.461963,111.829657,111.829657,3325723
2023-01-25,111.829657,111.943752,111.398524,111.512296,111.512296,7797143
2023-01-26,111.512296,112.205370,109.249855,109.933115,109.933115,5090586
2023-01-27,109.933115,111.074582,109.611799,110.750876,110.750876,6627231
2023-01-30,110.750876,112.277605,110.165082,111.686860,111.686860,9080287
2023-01-31,111.686860,112.141417,111.571926,112.026134,112.026134,5524976
2023-02-01,112.026134,113.525472,111.600745,113.096020,113.096020,13246547
2023-02-02,113.096020,116.096964,112.491109,115.479305,115.479305,4820220
2023-02-03,115.479305,116.119476,115.225094,115.864417,115.864417,3665201
2023-02-06,115.864417,116.540571,114.280301,114.951125,114.951125,3514852
2023-02-07,114.951125,119.337077,114.488808,118.859043,118.859043,6272785
2023-02-08,118.859043,122.724552,118.504135,122.359193,122.359193,5628980
2023-02-09,122.359193,125.409940,121.755942,124.794681,124.794681,4787811
2023-02-10,124.794681,124.834349,124.712427,124.752081,124.752081,13149086
2023-02-13,124.752081,127.474798,124.624767,127.344838,127.344838,6565240
2023-02-14,127.344838,127.509447,125.764037,125.926812,125.926812,8831808
2023-02-15,125.926812,126.022803,123.145769,123.239712,123.239712,5422623
2023-02-16,123.239712,123.416318,120.740201,120.913473,120.913473,3349268
2023-02-17,120.913473,123.085058,120.688994,122.856971,122.856971,4894052
2023-02-20,122.856971,123.645366,122.577093,123.364332,123.364332,4570674
2023-02-21,123.364332,123.697079,119.073883,119.395925,119.395925,5558440
2023-02-22,119.395925,119.565917,119.196494,119.366444,119.366444,4350497
2023-02-23,119.366444,119.719341,117.002090,117.349023,117.349023,3887828
2023-02-24,117.349023,120.816983,116.990958,120.449458,120.449458,4628641
2023-02-27,120.449458,121.905843,120.305957,121.760780,121.760780,10290659
2023-02-28,121.760780,124.968547,121.078988,124.272690,124.272690,7404215
2023-03-01,124.272690,124.846183,122.309809,122.876860,122.876860,5777958
2023-03-02,122.876860,123.918148,122.441273,123.480423,123.480423,7194951
2023-03-03,123.480423,125.993263,123.294757,125.804103,125.804103,6981328
2023-03-06,125.804103,128.885849,125.602606,128.679746,128.679746,5531749
2023-03-07,128.679746,129.185824,128.252991,128.758807,128.758807,6481696
2023-03-08,128.758807,131.843372,128.335459,131.411303,131.411303,6922290
2023-03-09,131.411303,132.792861,130.520990,131.899243,131.899243,6379245
2023-03-10,131.899243,133.413398,131.378872,132.889122,132.889122,6780191
2023-03-13,132.889122,135.145082,132.177130,134.424862,134.424862,8912704
2023-03-14,134.424862,136.670036,134.081489,136.321818,136.321818,4961192
2023-03-15,136.321818,138.545592,135.663440,137.879690,137.879690,4343124
2023-03-16,137.879690,138.040744,137.572749,137.733633,137.733633,4049156
2023-03-17,137.733633,139.529276,137.626177,139.420505,139.420505,9906706
2023-03-20,139.420505,143.253571,138.964231,142.786282,142.786282,3664709
2023-03-21,142.786282,145.400335,142.778303,145.392210,145.392210,4379851
2023-03-22,145.392210,145.852607,141.164620,141.613049,141.613049,4414471
2023-03-23,141.613049,142.102241,138.558543,139.038842,139.038842,6536223
2023-03-24,139.038842,140.445862,138.835887,140.241153,140.241153,7042837
2023-03-27,140.241153,140.709883,139.034067,139.500321,139.500321,4160471
2023-03-28,139.500321,139.591568,136.548231,136.637606,136.637606,6830655
2023-03-29,136.637606,137.976249,134.472557,135.803023,135.803023,4279518
2023-03-30,135.803023,136.392312,135.767468,136.356611,136.356611,6100153
2023-03-31,136.356611,137.270871,134.119585,135.024915,135.024915,5838834
2023-04-03,135.024915,138.692809,134.930019,138.595404,138.595404,5505038
2023-04-04,138.595404,139.862170,138.427156,139.692590,139.692590,6355272
2023-04-05,139.692590,140.620531,139.661224,140.588964,140.588964,4167216
2023-04-06,140.588964,142.085253,140.493365,141.988702,141.988702,5390327
2023-04-07,141.988702,146.383128,141.894626,146.286204,146.286204,11245054
2023-04-10,146.286204,147.204618,139.419795,140.300630,140.300630,11796064
2023-04-11,140.300630,140.982175,140.121969,140.802875,140.802875,3465567
2023-04-12,140.802875,146.859368,140.095640,146.125399,146.125399,6039957
2023-04-13,146.125399,146.258470,145.244465,145.376854,145.376854,7117684
2023-04-14,145.376854,147.102374,143.851216,145.574660,145.574660,8950189
2023-04-17,145.574660,146.699927,145.512959,146.637775,146.637775,6544342
2023-04-18,146.637775,148.446793,146.435904,148.242713,148.242713,8054937
2023-04-19,148.242713,148.365487,146.909602,147.031373,147.031373,5965731
2023-04-20,147.031373,148.745194,146.723760,148.434645,148.434645,5441798
2023-04-21,148.434645,148.453347,147.413679,147.432254,147.432254,6863337
2023-04-24,147.432254,147.440626,145.831482,145.839764,145.839764,6793216
2023-04-25,145.839764,151.228628,145.754561,151.140328,151.140328,9363198
2023-04-26,151.140328,151.673507,150.665353,151.198350,151.198350,5610843
2023-04-27,151.198350,151.693572,149.897845,150.390421,150.390421,4957979
2023-04-28,150.390421,157.643376,150.088837,157.327879,157.327879,6447155
2023-05-01,157.327879,163.411901,156.129729,162.176823,162.176823,5792670
2023-05-02,162.176823,163.961475,162.100736,163.884587,163.884587,7563279
2023-05-03,163.884587,166.743641,163.045406,165.894170,165.894170,7498029
2023-05-04,165.894170,165.975280,165.833205,165.914307,165.914307,7460828
2023-05-05,165.914307,166.328168,164.215114,164.625761,164.625761,5503815
2023-05-08,164.625761,166.866241,164.169222,166.404768,166.404768,9985542
2023-05-09,166.404768,168.941715,166.352455,168.888621,168.888621,3022988
2023-05-10,168.888621,175.438078,168.326838,174.856444,174.856444,2677436
2023-05-11,174.856444,176.997894,174.410202,176.547337,176.547337,5712134
2023-05-12,176.547337,176.649393,175.652544,175.754141,175.754141,7256293
2023-05-15,175.754141,175.871430,174.848363,174.965125,174.965125,3540803
2023-05-16,174.965125,188.255416,174.372668,187.620107,187.620107,4297058
2023-05-17,187.620107,188.450520,186.486783,187.315850,187.315850,6935323
2023-05-18,187.315850,189.588189,187.109495,189.379561,189.379561,3472403
2023-05-19,189.379561,190.029803,189.055138,189.704823,189.704823,5300608
2023-05-22,189.704823,189.842900,184.983720,185.118458,185.118458,5679321
2023-05-23,185.118458,185.336043,183.349634,183.565393,183.565393,4595185
2023-05-24,183.565393,193.729256,183.216274,193.361505,193.361505,4875167
2023-05-25,193.361505,194.485521,186.717814,187.809557,187.809557,5522651
2023-05-26,187.809557,189.371808,184.406656,185.953467,185.953467,11204288
2023-05-29,185.953467,188.379202,185.557723,187.979147,187.979147,6921045
2023-05-30,187.979147,189.610026,183.081633,184.683924,184.683924,6067939
2023-05-31,184.683924,186.415072,183.895959,185.623099,185.623099,4173636
2023-06-01,185.623099,186.265684,177.964390,178.582603,178.582603,11313369
2023-06-02,178.582603,180.870497,177.738632,180.019735,180.019735,4039017
2023-06-05,180.019735,180.268637,176.370465,176.614659,176.614659,10720546
2023-06-06,176.614659,176.796724,176.022807,176.204449,176.204449,5070465
2023-06-07,176.204449,176.776345,175.582210,176.153943,176.153943,5027778
2023-06-08,176.153943,180.046105,175.559158,179.440224,179.440224,2908414
2023-06-09,179.440224,180.318423,173.416944,174.269838,174.269838,4975564
2023-06-12,174.269838,174.619231,171.926666,172.272054,172.272054,10569184
2023-06-13,172.272054,176.263053,171.995768,175.980819,175.980819,3170709
2023-06-14,175.980819,180.562589,175.368816,179.936829,179.936829,5004606
2023-06-15,179.936829,182.425722,179.258454,181.740547,181.740547,3854678
2023-06-16,181.740547,186.826186,181.414169,186.491277,186.491277,4585711
2023-06-19,186.491277,186.856129,185.776337,186.140503,186.140503,4741194
2023-06-20,186.140503,188.638822,184.768185,187.258262,187.258262,5929148
2023-06-21,187.258262,188.748966,187.111139,188.600788,188.600788,10856008
2023-06-22,188.600788,190.259226,187.407583,189.063096,189.063096,9379259
2023-06-23,189.063096,190.304853,187.975137,189.216014,189.216014,4119641
2023-06-26,189.216014,190.836101,187.233958,188.850919,188.850919,3819272
2023-06-27,188.850919,191.073711,188.791530,191.013643,191.013643,5031487
2023-06-28,191.013643,191.131233,187.784153,187.899826,187.899826,6836503
2023-06-29,187.899826,188.057054,184.598609,184.753204,184.753204,5562115
2023-06-30,184.753204,186.373445,183.370675,184.989151,184.989151,6469676
2023-07-03,184.989151,193.817053,183.580039,192.351858,192.351858,6162101
2023-07-04,192.351858,193.485971,188.586060,189.704564,189.704564,10351124
2023-07-05,189.704564,190.043324,186.792247,187.126403,187.126403,6877576
2023-07-06,187.126403,188.629997,185.824797,187.326996,187.326996,4322729
2023-07-07,187.326996,190.490220,186.206232,189.357309,189.357309,4155240
2023-07-10,189.357309,190.606428,188.425119,189.672685,189.672685,5498090
2023-07-11,189.672685,189.714323,185.615964,185.656721,185.656721,9370284
2023-07-12,185.656721,185.710606,185.203646,185.257416,185.257416,6560400
2023-07-13,185.257416,186.485214,182.087860,183.302702,183.302702,6549069
2023-07-14,183.302702,184.567275,182.711771,183.974179,183.974179,8240830
2023-07-17,183.974179,185.208323,183.322069,184.554157,184.554157,6632096
2023-07-18,184.554157,186.393840,183.581924,185.417061,185.417061,6268908
2023-07-19,185.417061,189.579801,185.172354,189.329930,189.329930,7707071
2023-07-20,189.329930,195.950477,188.993552,195.602954,195.602954,6298226
2023-07-21,195.602954,198.041296,195.564118,198.001983,198.001983,10403808
2023-07-24,198.001983,199.532854,192.353812,193.852601,193.852601,9769877
2023-07-25,193.852601,196.863871,193.122014,196.124721,196.124721,5380725
2023-07-26,196.124721,198.379120,195.836289,198.087801,198.087801,5764945
2023-07-27,198.087801,202.154594,197.639735,201.698361,201.698361,4746637
2023-07-28,201.698361,204.270965,201.620607,204.192250,204.192250,4493290
2023-07-31,204.192250,205.080673,204.075329,204.963310,204.963310,7892115
2023-08-01,204.963310,206.397803,204.725769,206.158876,206.158876,4099485
2023-08-02,206.158876,206.556572,205.797068,206.194700,206.194700,3063435
2023-08-03,206.194700,207.599326,205.939197,207.342400,207.342400,3697137
2023-08-04,207.342400,207.400388,205.807862,205.865437,205.865437,5100284
2023-08-07,205.865437,210.421997,205.548400,210.098440,210.098440,12870297
2023-08-08,210.098440,211.623385,210.042023,211.566574,211.566574,9002525
2023-08-09,211.566574,212.307057,210.059894,210.797686,210.797686,7370477
2023-08-10,210.797686,212.444215,206.495246,208.120866,208.120866,9152859
2023-08-11,208.120866,208.432674,204.353285,204.659907,204.659907,10582189
2023-08-14,204.659907,206.383652,204.265048,205.986234,205.986234,4531378
2023-08-15,205.986234,207.817160,205.478511,207.306184,207.306184,4263849
2023-08-16,207.306184,207.435083,204.131640,204.258644,204.258644,8007324
2023-08-17,204.258644,206.392894,204.117024,206.249893,206.249893,4471140
2023-08-18,206.249893,206.271350,204.590834,204.612120,204.612120,4010910
2023-08-21,204.612120,206.681488,203.292453,205.357017,205.357017,6148905
2023-08-22,205.357017,206.512601,201.126463,202.264646,202.264646,6828124
2023-08-23,202.264646,204.837296,198.328562,200.883646,200.883646,5697032
2023-08-24,200.883646,201.446101,198.640701,199.198437,199.198437,2270290
2023-08-25,199.198437,202.024499,198.311279,201.128744,201.128744,3524162
2023-08-28,201.128744,201.840771,200.044958,200.755664,200.755664,9710227
2023-08-29,200.755664,201.621583,200.665192,201.530762,201.530762,6996553
2023-08-30,201.530762,203.168431,198.082155,199.704989,199.704989,9066663
2023-08-31,199.704989,203.396792,199.166156,202.849475,202.849475,3461932
2023-09-01,202.849475,204.658791,199.562783,201.358802,201.358802,4468992
2023-09-04,201.358802,210.491455,200.066686,209.149347,209.149347,6846944
2023-09-05,209.149347,212.532350,208.615768,211.991520,211.991520,9066941
2023-09-06,211.991520,213.964970,209.260953,211.227289,211.227289,5326793
2023-09-07,211.227289,216.035412,210.852128,215.652392,215.652392,10069193
2023-09-08,215.652392,218.611185,215.246779,218.200779,218.200779,4901442
2023-09-11,218.200779,220.242040,218.117877,220.158395,220.158395,5563510
2023-09-12,220.158395,232.028378,217.926519,229.699775,229.699775,5704394
2023-09-13,229.699775,238.925543,228.411696,237.593200,237.593200,6279970
2023-09-14,237.593200,239.103941,234.524917,236.025692,236.025692,4746329
2023-09-15,236.025692,236.435417,235.340579,235.749826,235.749826,4555724
2023-09-18,235.749826,236.468508,225.313030,226.001996,226.001996,5376031
2023-09-19,226.001996,226.297667,224.678292,224.972617,224.972617,8504768
2023-09-20,224.972617,227.805550,223.778863,226.603144,226.603144,6712750
2023-09-21,226.603144,227.071592,225.066106,225.532341,225.532341,7378078
2023-09-22,225.532341,225.902800,225.488028,225.858423,225.858423,6800510
2023-09-25,225.858423,227.150429,224.820474,226.111318,226.111318,5747695
2023-09-26,226.111318,229.041890,225.387535,228.311066,228.311066,4014252
2023-09-27,228.311066,239.076467,227.974784,238.724847,238.724847,7381796
2023-09-28,238.724847,239.577802,234.728848,235.570533,235.570533,8060483
2023-09-29,235.570533,241.580797,234.675309,240.666209,240.666209,4604733
2023-10-02,240.666209,246.095781,240.353266,245.776195,245.776195,5462118
2023-10-03,245.776195,247.816791,245.003652,247.040275,247.040275,5547065
2023-10-04,247.040275,247.118575,244.775425,244.853031,244.853031,4499928
2023-10-05,244.853031,245.311936,243.257285,243.714055,243.714055,4365331
2023-10-06,243.714055,243.820520,241.345373,241.450849,241.450849,5790124
2023-10-09,241.450849,242.463804,234.687037,235.675764,235.675764,5550173
2023-10-10,235.675764,236.357970,234.075798,234.755341,234.755341,4044474
2023-10-11,234.755341,235.671605,229.072842,229.970431,229.970431,6911404
2023-10-12,229.970431,230.423512,226.027055,226.473246,226.473246,5493906
2023-10-13,226.473246,226.742391,220.985384,221.248319,221.248319,7509426
2023-10-16,221.248319,222.488211,219.655068,220.892969,220.892969,7877706
2023-10-17,220.892969,221.149513,219.823666,220.079266,220.079266,4057745
2023-10-18,220.079266,221.598529,219.391815,220.908488,220.908488,3781279
2023-10-19,220.908488,220.971167,219.979287,220.041720,220.041720,3889559
2023-10-20,220.041720,221.382648,216.813905,218.143263,218.143263,13790584
2023-10-23,218.143263,218.883979,216.833702,217.572479,217.572479,7623906
2023-10-24,217.572479,222.102283,216.499927,221.012771,221.012771,5478678
2023-10-25,221.012771,223.201098,220.779505,222.965770,222.965770,4683272
2023-10-26,222.965770,227.096938,222.469569,226.592666,226.592666,10538845
2023-10-27,226.592666,228.571003,226.148986,228.124324,228.124324,6743311
2023-10-30,228.124324,228.137901,227.251206,227.264733,227.264733,5072045
2023-10-31,227.264733,228.676558,219.691157,221.064465,221.064465,3033403
2023-11-01,221.064465,221.914368,218.679807,219.523787,219.523787,8352739
2023-11-02,219.523787,223.100769,217.702645,221.265181,221.265181,3376207
2023-11-03,221.265181,221.518148,216.467271,216.715036,216.715036,6245335
2023-11-06,216.715036,217.286275,214.065529,214.631275,214.631275,8867837
2023-11-07,214.631275,215.188007,213.835029,214.391139,214.391139,9465166
2023-11-08,214.391139,220.835991,212.119006,218.520100,218.520100,5149416
2023-11-09,218.520100,219.678657,212.821646,213.956005,213.956005,5207341
2023-11-10,213.956005,214.938981,211.687698,212.664741,212.664741,9504611
2023-11-13,212.664741,213.756540,210.179813,211.264423,211.264423,4895470
2023-11-14,211.264423,211.766057,210.172287,210.672516,210.672516,9737875
2023-11-15,210.672516,210.980884,207.427042,207.731105,207.731105,10623583
2023-11-16,207.731105,207.763503,203.048937,203.080610,203.080610,7841391
2023-11-17,203.080610,208.262032,201.727313,206.883394,206.883394,4869222
2023-11-20,206.883394,207.020860,204.455123,204.591066,204.591066,5958189
2023-11-21,204.591066,206.384423,200.425699,202.198080,202.198080,7908078
2023-11-22,202.198080,205.801208,201.218591,204.809071,204.809071,6504889
2023-11-23,204.809071,206.905131,203.999245,206.090239,206.090239,4315147
2023-11-24,206.090239,207.740566,206.068193,207.718345,207.718345,7168528
2023-11-27,207.718345,209.838708,207.594257,209.713428,209.713428,6525677
2023-11-28,209.713428,210.633679,203.166051,204.061501,204.061501,4992532
2023-11-29,204.061501,204.890036,201.924710,202.747912,202.747912,5396086
2023-11-30,202.747912,205.823781,201.398113,204.462567,204.462567,6117597
2023-12-01,204.462567,204.827281,201.322972,201.682728,201.682728,6747654
2023-12-04,201.682728,206.498629,200.677706,205.474711,205.474711,4515916
2023-12-05,205.474711,205.774308,204.684426,204.983307,204.983307,3776766
2023-12-06,204.983307,208.073125,203.659699,206.738187,206.738187,6087502
2023-12-07,206.738187,208.215676,204.156012,205.625550,205.625550,4920587
2023-12-08,205.625550,206.050665,205.405265,205.830161,205.830161,8104240
2023-12-11,205.830161,206.803536,204.134660,205.104603,205.104603,5249874
2023-12-12,205.104603,206.535638,201.030084,202.442546,202.442546,6694046
2023-12-13,202.442546,203.540271,198.099625,199.179658,199.179658,4344783
2023-12-14,199.179658,201.173037,197.920559,199.909327,199.909327,6114404
2023-12-15,199.909327,202.018825,199.187590,201.292097,201.292097,8722920
2023-12-18,201.292097,204.732551,199.500171,202.926079,202.926079,8589550
2023-12-19,202.926079,205.777705,201.784678,204.626738,204.626738,3488125
2023-12-20,204.626738,204.741195,204.505407,204.619860,204.619860,4311542
2023-12-21,204.619860,205.264528,201.103753,201.739345,201.739345,6516729
2023-12-22,201.739345,201.999000,194.242324,194.492651,194.492651,6408060
2023-12-25,194.492651,194.545691,187.982020,188.033298,188.033298,9877129
2023-12-26,188.033298,189.618723,183.680861,185.242758,185.242758,5121588
2023-12-27,185.242758,186.088641,182.270881,183.107011,183.107011,3439115
2023-12-28,183.107011,187.611431,182.317006,186.805470,186.805470,3736431
2023-12-29,186.805470,187.177583,184.945817,185.314961,185.314961,5693997
2024-01-01,185.314961,185.377619,183.060031,183.121947,183.121947,7820207
2024-01-02,183.121947,185.635972,182.748931,185.258604,185.258604,8916273
2024-01-03,185.258604,185.604127,184.520466,184.865255,184.865255,4582163
2024-01-04,184.865255,189.364381,184.780480,189.277584,189.277584,2738193
2024-01-05,189.277584,190.279986,188.292910,189.295221,189.295221,9755525
2024-01-08,189.295221,190.288602,187.602244,188.591934,188.591934,4849231
2024-01-09,188.591934,190.597409,187.886546,189.887176,189.887176,4869262
2024-01-10,189.887176,190.037152,186.415801,186.563152,186.563152,5493234
2024-01-11,186.563152,190.040039,185.659518,189.124002,189.124002,6413332
2024-01-12,189.124002,189.450254,187.916800,188.241529,188.241529,8715730
2024-01-15,188.241529,189.257931,186.591313,187.604274,187.604274,5156262
2024-01-16,187.604274,188.106702,186.713712,187.215099,187.215099,6030393
2024-01-17,187.215099,187.403494,184.294575,184.480218,184.480218,2686031
2024-01-18,184.480218,184.532739,180.364943,180.416308,180.416308,6410817
2024-01-19,180.416308,183.804269,179.757293,183.135323,183.135323,2612423
2024-01-22,183.135323,183.878006,183.056355,183.798752,183.798752,5011749
2024-01-23,183.798752,185.200482,180.825949,182.215605,182.215605,4011557
2024-01-24,182.215605,182.720819,180.538870,181.040827,181.040827,5820580
2024-01-25,181.040827,183.433478,179.645262,182.030286,182.030286,3136400
2024-01-26,182.030286,182.918362,181.839540,182.726886,182.726886,6072684
2024-01-29,182.726886,183.236542,180.991098,181.497326,181.497326,6597268
2024-01-30,181.497326,182.488791,174.541891,175.500599,175.500599,5441392
2024-01-31,175.500599,176.464079,174.448057,175.411045,175.411045,7146359
2024-02-01,175.411045,180.930848,174.892527,180.397589,180.397589,15297233
2024-02-02,180.397589,184.312008,179.943107,183.848831,183.848831,3146928
2024-02-05,183.848831,184.906404,180.756503,181.802304,181.802304,4063910
2024-02-06,181.802304,183.406407,181.381352,182.982722,182.982722,4634151
2024-02-07,182.982722,185.600641,182.766525,185.381609,185.381609,6050221
2024-02-08,185.381609,185.710202,181.859237,182.182159,182.182159,6186687
2024-02-09,182.182159,184.573301,180.884889,183.268297,183.268297,4024054
2024-02-12,183.268297,183.771176,183.097988,183.600558,183.600558,3720583
2024-02-13,183.600558,184.840712,181.635032,182.870253,182.870253,4588343
2024-02-14,182.870253,186.574672,182.034458,185.725825,185.725825,4847530
2024-02-15,185.725825,185.897836,180.653784,180.821252,180.821252,7991156
2024-02-16,180.821252,181.782245,180.018115,180.978411,180.978411,7217716
2024-02-19,180.978411,181.099756,179.608043,179.728550,179.728550,5676561
2024-02-20,179.728550,182.663404,179.396483,182.326537,182.326537,5746295
2024-02-21,182.326537,182.336583,178.581888,178.591728,178.591728,2602365
2024-02-22,178.591728,179.261719,177.321044,177.988773,177.988773,4462354
2024-02-23,177.988773,179.195966,177.647345,178.852880,178.852880,5062880
2024-02-26,178.852880,179.459585,175.825121,176.423586,176.423586,6151541
2024-02-27,176.423586,177.048949,175.658579,176.283446,176.283446,5955636
2024-02-28,176.283446,176.589227,175.433657,175.738493,175.738493,5345807
2024-02-29,175.738493,176.254058,170.162267,170.662941,170.662941,3552540
2024-03-01,170.662941,171.555594,168.452727,169.338453,169.338453,9202463
2024-03-04,169.338453,172.609838,168.900409,172.164483,172.164483,4590917
2024-03-05,172.164483,172.940855,170.322586,171.094131,171.094131,3340676
2024-03-06,171.094131,173.867120,170.767165,173.535489,173.535489,4624268
2024-03-07,173.535489,173.992240,168.314659,168.758838,168.758838,6326973
2024-03-08,168.758838,169.964922,167.703663,168.908809,168.908809,2876295
2024-03-11,168.908809,169.532228,166.813842,167.431809,167.431809,7509847
2024-03-12,167.431809,168.412078,166.651301,167.630643,167.630643,3067179
2024-03-13,167.630643,168.752530,167.531025,168.652305,168.652305,5680630
2024-03-14,168.652305,169.915779,168.345005,169.606739,169.606739,8083052
2024-03-15,169.606739,173.976346,169.443160,173.808714,173.808714,9921057
2024-03-18,173.808714,177.673467,173.578393,177.438336,177.438336,7320321
2024-03-19,177.438336,181.001173,177.394253,180.956217,180.956217,8102264
2024-03-20,180.956217,182.324897,180.742576,182.109894,182.109894,8167169
2024-03-21,182.109894,182.121436,180.275543,180.286969,180.286969,6160945
2024-03-22,180.286969,180.602316,176.877379,177.187304,177.187304,4188492
2024-03-25,177.187304,179.599861,177.011411,179.421750,179.421750,5736766
2024-03-26,179.421750,180.469466,176.214130,177.249159,177.249159,11886405
2024-03-27,177.249159,177.633796,176.665216,177.049420,177.049420,6178242
2024-03-28,177.049420,178.659041,170.887675,172.455532,172.455532,11357301
2024-03-29,172.455532,173.960971,171.940559,173.443048,173.443048,8976590
2024-04-01,173.443048,173.781564,172.665996,173.003655,173.003655,2282100
2024-04-02,173.003655,173.331776,169.885420,170.208239,170.208239,5324349
2024-04-03,170.208239,170.998417,166.855873,167.634100,167.634100,6589910
2024-04-04,167.634100,178.911326,166.828120,178.055242,178.055242,4472517
2024-04-05,178.055242,179.251597,177.409997,178.604363,178.604363,6476974
2024-04-08,178.604363,181.166403,178.254241,180.811954,180.811954,6178407
2024-04-09,180.811954,180.895656,178.157234,178.239745,178.239745,5327120
2024-04-10,178.239745,178.558126,177.732815,178.050858,178.050858,9246550
2024-04-11,178.050858,180.250831,177.077184,179.270487,179.270487,4093271
2024-04-12,179.270487,179.684031,176.727934,177.136556,177.136556,3992031
2024-04-15,177.136556,177.771304,173.598993,174.223302,174.223302,5307119
2024-04-16,174.223302,174.223322,174.007214,174.007235,174.007235,11851630
2024-04-17,174.007235,174.710484,172.113397,172.811815,172.811815,6118476
2024-04-18,172.811815,173.227120,172.009405,172.423778,172.423778,3659798
2024-04-19,172.423778,176.643356,171.762804,175.968793,175.968793,5596374
2024-04-22,175.968793,177.471040,173.628920,175.123955,175.123955,6205619
2024-04-23,175.123955,177.668784,174.791746,177.332386,177.332386,7697038
2024-04-24,177.332386,188.203434,176.618305,187.448617,187.448617,13035569
2024-04-25,187.448617,188.561001,184.063394,185.162210,185.162210,5444674
2024-04-26,185.162210,186.639806,184.683662,186.158682,186.158682,4624697
2024-04-29,186.158682,193.682252,184.797028,192.275854,192.275854,4773705
2024-04-30,192.275854,192.448025,190.920987,191.092098,191.092098,4831305
2024-05-01,191.092098,191.636688,188.611919,189.150977,189.150977,5806225
2024-05-02,189.150977,190.793427,188.601698,190.240983,190.240983,4346077
2024-05-03,190.240983,190.612723,187.941546,188.309511,188.309511,8727957
2024-05-06,188.309511,189.159550,185.461042,186.302019,186.302019,4014509
2024-05-07,186.302019,190.456782,185.422882,189.562260,189.562260,4846114
2024-05-08,189.562260,190.723734,188.840801,190.000607,190.000607,4021951
2024-05-09,190.000607,192.115332,189.807392,191.920166,191.920166,4245188
2024-05-10,191.920166,192.527979,187.003219,187.597342,187.597342,5872643
2024-05-13,187.597342,188.345807,176.141379,176.846953,176.846953,4455497
2024-05-14,176.846953,182.261290,175.973934,181.365962,181.365962,5985425
2024-05-15,181.365962,182.291568,180.758034,181.682579,181.682579,5575273
2024-05-16,181.682579,182.061083,181.375892,181.754274,181.754274,3797976
2024-05-17,181.754274,182.651169,178.316518,179.200812,179.200812,7124614
2024-05-20,179.200812,182.800693,178.231562,181.817291,181.817291,3710234
2024-05-21,181.817291,182.149345,179.131609,179.459356,179.459356,5602466
2024-05-22,179.459356,180.202109,173.403050,174.123719,174.123719,7775161
2024-05-23,174.123719,175.032507,171.560787,172.460896,172.460896,6042295
2024-05-24,172.460896,173.442742,169.245786,170.214845,170.214845,3289414
2024-05-27,170.214845,170.438656,164.578445,164.795130,164.795130,3513195
2024-05-28,164.795130,170.270262,164.127767,169.583508,169.583508,7337448
2024-05-29,169.583508,169.956360,165.003143,165.366724,165.366724,6539501
2024-05-30,165.366724,166.948628,165.087712,166.667421,166.667421,7744710
2024-05-31,166.667421,170.795672,164.352290,168.455701,168.455701,5751721
2024-06-03,168.455701,170.352683,168.016426,169.909616,169.909616,4787961
2024-06-04,169.909616,172.045053,169.597925,171.730022,171.730022,4309020
2024-06-05,171.730022,172.278457,171.427349,171.975351,171.975351,5754300
2024-06-06,171.975351,173.882695,171.936408,173.843329,173.843329,7690675
2024-06-07,173.843329,174.918128,172.802382,173.876980,173.876980,6099106
2024-06-10,173.876980,175.528068,173.054555,174.701743,174.701743,3348912
2024-06-11,174.701743,175.467361,172.488851,173.248099,173.248099,3290266
2024-06-12,173.248099,176.610984,171.726654,175.073508,175.073508,7557801
2024-06-13,175.073508,176.406883,174.990498,176.323279,176.323279,4814208
2024-06-14,176.323279,177.766776,175.701131,177.141739,177.141739,2368058
2024-06-17,177.141739,178.709626,174.339063,175.895922,175.895922,5537819
2024-06-18,175.895922,176.572982,175.150718,175.827514,175.827514,6618391
2024-06-19,175.827514,178.017078,175.776704,177.965650,177.965650,5387205
2024-06-20,177.965650,178.759449,177.922729,178.716348,178.716348,9573484
2024-06-21,178.716348,179.278200,175.810019,176.364477,176.364477,5973050
2024-06-24,176.364477,180.863794,175.801739,180.288534,180.288534,4346732
2024-06-25,180.288534,180.922065,178.418932,179.048104,179.048104,5528434
2024-06-26,179.048104,180.819193,177.655692,179.423858,179.423858,9077440
2024-06-27,179.423858,179.679495,177.629007,177.882447,177.882447,13626719
2024-06-28,177.882447,177.987693,175.157124,175.260818,175.260818,4702799
2024-07-01,175.260818,176.365533,174.954618,176.057940,176.057940,3971720
2024-07-02,176.057940,176.652825,172.737233,173.322876,173.322876,3332792
2024-07-03,173.322876,174.610296,173.178976,174.465447,174.465447,5129083
2024-07-04,174.465447,174.489417,174.237149,174.261090,174.261090,5420788
2024-07-05,174.261090,175.295779,171.491837,172.516166,172.516166,4145887
2024-07-08,172.516166,173.969072,172.230045,173.681020,173.681020,8828994
2024-07-09,173.681020,177.358112,173.137987,176.805311,176.805311,5128832
2024-07-10,176.805311,178.031720,176.718605,177.944455,177.944455,7709560
2024-07-11,177.944455,178.495678,176.685726,177.234751,177.234751,8140458
2024-07-12,177.234751,177.525921,173.151116,173.436045,173.436045,7090547
2024-07-15,173.436045,175.867142,172.837327,175.262120,175.262120,11115225
2024-07-16,175.262120,179.432668,175.096763,179.263535,179.263535,2997591
2024-07-17,179.263535,181.068863,178.738139,180.539727,180.539727,9838722
2024-07-18,180.539727,184.173172,180.434912,184.066309,184.066309,5015506
2024-07-19,184.066309,184.535685,181.832931,182.297796,182.297796,4393350
2024-07-22,182.297796,185.001216,182.080337,184.780794,184.780794,7347822
2024-07-23,184.780794,189.894169,184.480391,189.585954,189.585954,7587032
2024-07-24,189.585954,190.726684,182.676595,183.782406,183.782406,3971426
2024-07-25,183.782406,184.720376,182.169135,183.103641,183.103641,6799108
2024-07-26,183.103641,185.416922,182.881301,185.192046,185.192046,6568651
2024-07-29,185.192046,185.286029,183.579767,183.672979,183.672979,4255896
2024-07-30,183.672979,185.442913,183.392680,185.160344,185.160344,3879616
2024-07-31,185.160344,186.257296,184.736717,185.832132,185.832132,5375514
2024-08-01,185.832132,192.514230,185.607231,192.281524,192.281524,8540186
2024-08-02,192.281524,193.171653,190.242594,191.127380,191.127380,8395560
2024-08-05,191.127380,192.018725,191.054163,191.945195,191.945195,6595812
2024-08-06,191.945195,193.344899,191.256946,192.654108,192.654108,15432974
2024-08-07,192.654108,196.875422,191.753170,195.959029,195.959029,3564477
2024-08-08,195.959029,197.636384,193.332228,195.001387,195.001387,7518569
2024-08-09,195.001387,201.747920,194.284250,201.008690,201.008690,4913000
2024-08-12,201.008690,201.090772,199.902740,199.984404,199.984404,5882247
2024-08-13,199.984404,201.517751,198.955569,200.486334,200.486334,4990791
2024-08-14,200.486334,202.041150,194.076796,195.593668,195.593668,2720963
2024-08-15,195.593668,199.167419,194.842467,198.405418,198.405418,4082710
2024-08-16,198.405418,200.028888,195.280755,196.891840,196.891840,4099696
2024-08-19,196.891840,197.289612,196.247919,196.645193,196.645193,3852205
2024-08-20,196.645193,201.932628,196.573603,201.859140,201.859140,4334766
2024-08-21,201.859140,202.524188,194.370861,195.013355,195.013355,7222975
2024-08-22,195.013355,197.162255,194.429897,196.574127,196.574127,4658099
2024-08-23,196.574127,197.493969,194.431932,195.346027,195.346027,3445918
2024-08-26,195.346027,201.152053,194.705564,200.494709,200.494709,8675126
2024-08-27,200.494709,201.471378,199.551965,200.528475,200.528475,4532159
2024-08-28,200.528475,203.436049,200.283428,203.187753,203.187753,9022870
2024-08-29,203.187753,203.276405,202.877729,202.966285,202.966285,6372643
2024-08-30,202.966285,204.889564,200.647182,202.566675,202.566675,2952261
2024-09-02,202.566675,206.915851,202.388635,206.734149,206.734149,5331333
2024-09-03,206.734149,208.094895,206.264556,207.623282,207.623282,8467654
2024-09-04,207.623282,212.284156,206.552484,211.194938,211.194938,4380977
2024-09-05,211.194938,213.003169,210.899249,212.705367,212.705367,8393515
2024-09-06,212.705367,215.315877,212.460357,215.068146,215.068146,4795907
2024-09-09,215.068146,216.143236,214.071664,215.146390,215.146390,5962830
2024-09-10,215.146390,216.331395,214.001486,215.186279,215.186279,11065062
2024-09-11,215.186279,222.799109,214.686669,222.283022,222.283022,9279708
2024-09-12,222.283022,237.249015,221.662791,236.588867,236.588867,5922049
2024-09-13,236.588867,245.925808,236.491629,245.824774,245.824774,3891094
2024-09-16,245.824774,248.853688,245.256456,248.279695,248.279695,7714492
2024-09-17,248.279695,250.060014,247.639076,249.416462,249.416462,11323321
2024-09-18,249.416462,250.260289,246.117288,246.952780,246.952780,5827164
2024-09-19,246.952780,255.927250,245.950978,254.893237,254.893237,3453123
2024-09-20,254.893237,255.348933,253.022227,253.475389,253.475389,7008668
2024-09-23,253.475389,258.378503,253.289864,258.189528,258.189528,5711571
2024-09-24,258.189528,258.769726,246.286124,246.840820,246.840820,3956540
2024-09-25,246.840820,248.104735,245.997303,247.259786,247.259786,5733950
2024-09-26,247.259786,251.239515,247.054861,251.031464,251.031464,7042990
2024-09-27,251.031464,251.335708,250.563566,250.867612,250.867612,7602649
2024-09-30,250.867612,251.679423,249.204427,250.013474,250.013474,5723027
2024-10-01,250.013474,250.229155,246.933382,247.146590,247.146590,4284083
2024-10-02,247.146590,251.887777,244.098413,248.818974,248.818974,4546552
2024-10-03,248.818974,249.112321,246.162139,246.452696,246.452696,7295137
2024-10-04,246.452696,247.191325,231.297906,231.993199,231.993199,7591847
2024-10-07,231.993199,237.915061,231.325858,237.232649,237.232649,7342190
2024-10-08,237.232649,241.499983,236.472414,240.728545,240.728545,4370032
2024-10-09,240.728545,245.729142,240.609268,245.607447,245.607447,3664315
2024-10-10,245.607447,265.576937,244.911767,264.826819,264.826819,7067345
2024-10-11,264.826819,267.562081,263.824610,266.553338,266.553338,4242042
2024-10-14,266.553338,266.849437,265.995494,266.291301,266.291301,6233081
2024-10-15,266.291301,266.535140,264.505119,264.747544,264.747544,6953070
2024-10-16,264.747544,265.748622,263.616394,264.616978,264.616978,4841098
2024-10-17,264.616978,264.956886,262.188024,262.525246,262.525246,3712663
2024-10-18,262.525246,268.614716,259.292714,265.347434,265.347434,4088180
2024-10-21,265.347434,266.545626,264.728579,265.925424,265.925424,5622975
2024-10-22,265.925424,271.594779,265.630640,271.294045,271.294045,4535553
2024-10-23,271.294045,275.621528,271.124660,275.449549,275.449549,5202139
2024-10-24,275.449549,276.940438,274.743992,276.232875,276.232875,5669896
2024-10-25,276.232875,276.573777,268.481182,268.812926,268.812926,9168142
2024-10-28,268.812926,272.344759,267.926988,271.450129,271.450129,3661129
2024-10-29,271.450129,273.604678,266.300724,268.431313,268.431313,8124448
2024-10-30,268.431313,268.958082,261.334754,261.848605,261.848605,4359166
2024-10-31,261.848605,262.569806,259.899736,260.617546,260.617546,7284651
2024-11-01,260.617546,260.723309,257.249382,257.353819,257.353819,7309552
2024-11-04,257.353819,257.420999,253.315916,253.382058,253.382058,6225182
2024-11-05,253.382058,253.458002,253.262141,253.338072,253.338072,4822393
2024-11-06,253.338072,261.502316,252.464178,260.603360,260.603360,4238380
2024-11-07,260.603360,260.812261,257.302895,257.509315,257.509315,5193861
2024-11-08,257.509315,259.738499,256.622681,258.847258,258.847258,8230226
2024-11-11,258.847258,259.802908,257.232243,258.185449,258.185449,4504233
2024-11-12,258.185449,265.547130,257.031261,264.365315,264.365315,6521813
2024-11-13,264.365315,268.950083,262.020461,266.585536,266.585536,4831057
2024-11-14,266.585536,267.231740,262.243334,262.880558,262.880558,6658960
2024-11-15,262.880558,264.005523,257.351083,258.457119,258.457119,5620455
2024-11-18,258.457119,259.897632,257.041777,258.482153,258.482153,4513131
2024-11-19,258.482153,264.176421,258.004714,263.689364,263.689364,5739394
2024-11-20,263.689364,264.148025,252.504853,252.944825,252.944825,3458871
2024-11-21,252.944825,253.179285,251.997381,252.231180,252.231180,5702181
2024-11-22,252.231180,256.087489,251.805618,255.656148,255.656148,5839717
2024-11-25,255.656148,256.019363,249.443058,249.797950,249.797950,5104485
2024-11-26,249.797950,254.246602,246.847438,251.278601,251.278601,6916037
2024-11-27,251.278601,254.659555,251.051876,254.429987,254.429987,5906144
2024-11-28,254.429987,255.860110,251.389974,252.810997,252.810997,6215439
2024-11-29,252.810997,253.112495,251.318832,251.618908,251.618908,3563996
2024-12-02,251.618908,251.729062,245.640154,245.747738,245.747738,5558079
2024-12-03,245.747738,247.969427,230.400297,232.502240,232.502240,11040847
2024-12-04,232.502240,233.764602,232.018588,233.279333,233.279333,6337832
2024-12-05,233.279333,233.677386,233.142865,233.540765,233.540765,4464961
2024-12-06,233.540765,235.316839,231.409495,233.182847,233.182847,6182814
2024-12-09,233.182847,233.434995,231.986072,232.237197,232.237197,5696260
2024-12-10,232.237197,232.293400,232.221342,232.277542,232.277542,7293679
2024-12-11,232.277542,234.276150,228.793207,230.778920,230.778920,9157800
2024-12-12,230.778920,234.013226,229.409180,232.632484,232.632484,3734951
2024-12-13,232.632484,236.529698,232.006594,235.895030,235.895030,6445551
2024-12-16,235.895030,242.488535,235.483805,242.066551,242.066551,3717372
2024-12-17,242.066551,248.125283,241.343445,247.386286,247.386286,8319727
2024-12-18,247.386286,254.997338,246.597258,254.186621,254.186621,10863183
2024-12-19,254.186621,254.310449,251.623441,251.746080,251.746080,10527607
2024-12-20,251.746080,251.929554,249.868887,250.051126,250.051126,7931705
2024-12-23,250.051126,256.486610,249.996670,256.430764,256.430764,4825459
2024-12-24,256.430764,260.721411,255.826538,260.108518,260.108518,6592238
2024-12-25,260.108518,264.156108,258.740606,262.774177,262.774177,4281835
2024-12-26,262.774177,263.645510,257.784364,258.641995,258.641995,3142610
2024-12-27,258.641995,259.693491,253.968662,255.005374,255.005374,6075939
2024-12-30,255.005374,256.878508,245.814819,247.633806,247.633806,5104981
2024-12-31,247.633806,257.208166,247.055892,256.609305,256.609305,6079808
