date,open,high,low,close,adjusted_close,volume
2007-01-01,230.000000,230.331162,225.335718,225.660632,225.660632,7230240
2007-01-02,225.660632,229.018691,224.692684,228.040535,228.040535,5267010
2007-01-03,228.040535,228.525952,225.512226,225.993285,225.993285,3366237
2007-01-04,225.993285,230.173369,224.442637,228.604802,228.604802,11171350
2007-01-05,228.604802,228.888916,220.323013,220.597175,220.597175,8278753
2007-01-08,220.597175,222.667230,219.488741,221.553989,221.553989,5559173
2007-01-09,221.553989,225.167889,221.113024,224.720621,224.720621,4126729
2007-01-10,224.720621,228.823033,223.435971,227.522367,227.522367,5613397
2007-01-11,227.522367,229.247778,227.332326,229.056455,229.056455,7272687
2007-01-12,229.056455,229.992519,224.860897,225.783585,225.783585,7302701
2007-01-15,225.783585,231.560334,222.827906,228.568203,228.568203,6964331
2007-01-16,228.568203,230.467347,227.162638,229.058766,229.058766,4814265
2007-01-17,229.058766,229.730414,228.225136,228.896308,228.896308,6815842
2007-01-18,228.896308,228.927981,228.166849,228.198425,228.198425,6230052
2007-01-19,228.198425,228.646983,220.004527,220.437830,220.437830,6222287
2007-01-22,220.437830,221.529855,214.695038,215.763909,215.763909,6318674
2007-01-23,215.763909,216.908647,213.738944,214.878987,214.878987,3978480
2007-01-24,214.878987,215.388103,210.229745,210.729029,210.729029,7077694
2007-01-25,210.729029,215.881356,210.671729,215.822671,215.822671,6293231
2007-01-26,215.822671,216.631469,215.278720,216.086853,216.086853,6463422
2007-01-29,216.086853,217.260131,214.935095,216.108260,216.108260,10053506
2007-01-30,216.108260,216.846908,212.328042,213.056258,213.056258,5328049
2007-01-31,213.056258,217.335729,212.717239,216.990449,216.990449,5684345
2007-02-01,216.990449,217.841379,213.412619,214.252814,214.252814,3622960
2007-02-02,214.252814,216.518957,207.530653,209.749161,209.749161,2734306
2007-02-05,209.749161,210.775451,206.874682,207.891884,207.891884,3856012
2007-02-06,207.891884,208.903525,203.541541,204.536856,204.536856,6924047
2007-02-07,204.536856,206.729280,204.029867,206.218124,206.218124,3681151
2007-02-08,206.218124,207.448052,200.851388,202.056496,202.056496,5551010
2007-02-09,202.056496,205.705490,200.401668,204.034463,204.034463,3463684
2007-02-12,204.034463,205.047499,202.215676,203.224692,203.224692,11026016
2007-02-13,203.224692,207.085176,202.459075,206.307943,206.307943,7248976
2007-02-14,206.307943,206.377191,206.008031,206.077201,206.077201,7016034
2007-02-15,206.077201,208.829195,204.003199,206.748437,206.748437,6163700
2007-02-16,206.748437,210.804124,206.666802,210.720921,210.720921,5311700
2007-02-19,210.720921,215.457222,210.669989,215.405158,215.405158,4387006
2007-02-20,215.405158,220.881706,215.259784,220.732736,220.732736,2881120
2007-02-21,220.732736,221.421862,218.719636,219.404616,219.404616,6766387
2007-02-22,219.404616,224.510146,218.401873,223.488738,223.488738,10464478
2007-02-23,223.488738,223.960388,215.107835,215.562758,215.562758,4462722
2007-02-26,215.562758,216.135925,210.364600,210.925436,210.925436,10750332
2007-02-27,210.925436,211.738288,205.853744,206.650120,206.650120,4164218
2007-02-28,206.650120,207.819245,203.068563,204.223963,204.223963,3979564
2007-03-01,204.223963,207.223802,203.630002,206.622865,206.622865,2790279
2007-03-02,206.622865,207.678924,205.821916,206.876990,206.876990,3368070
2007-03-05,206.876990,209.392156,206.782582,209.296644,209.296644,8290534
2007-03-06,209.296644,209.740450,205.773745,206.211007,206.211007,4189586
2007-03-07,206.211007,206.547201,205.264809,205.600007,205.600007,14401849
2007-03-08,205.600007,207.040108,205.590121,207.030153,207.030153,8272061
2007-03-09,207.030153,207.497073,198.656892,199.105941,199.105941,4027736
2007-03-12,199.105941,199.615861,193.029326,193.524953,193.524953,7372258
2007-03-13,193.524953,198.925809,193.343212,198.739170,198.739170,8239764
2007-03-14,198.739170,200.157162,198.597100,200.014180,200.014180,5753227
2007-03-15,200.014180,200.851897,196.693220,197.520492,197.520492,7581625
2007-03-16,197.520492,201.325255,197.475045,201.278943,201.278943,6141593
2007-03-19,201.278943,203.045427,199.722435,201.487308,201.487308,4647007
2007-03-20,201.487308,205.619009,201.290640,205.418503,205.418503,4577288
2007-03-21,205.418503,207.236834,203.027703,204.840921,204.840921,9475994
2007-03-22,204.840921,216.552424,204.479515,216.171028,216.171028,4770487
2007-03-23,216.171028,216.747204,211.045121,211.609139,211.609139,6858734
2007-03-26,211.609139,217.213908,210.592989,216.175828,216.175828,4495066
2007-03-27,216.175828,219.040867,215.418451,218.276131,218.276131,13849500
2007-03-28,218.276131,221.770933,217.935809,221.425700,221.425700,5881392
2007-03-29,221.425700,227.653745,221.312995,227.537928,227.537928,7129420
2007-03-30,227.537928,235.992312,227.220209,235.663248,235.663248,4389427
2007-04-02,235.663248,238.345712,234.111389,236.786457,236.786457,6310931
2007-04-03,236.786457,236.853212,236.474182,236.540868,236.540868,11761644
2007-04-04,236.540868,239.657563,235.971504,239.082082,239.082082,3972088
2007-04-05,239.082082,241.703474,238.170431,240.785328,240.785328,6000454
2007-04-06,240.785328,240.794742,236.898572,236.907835,236.907835,4883023
2007-04-09,236.907835,241.283714,235.833588,240.194565,240.194565,6441458
2007-04-10,240.194565,247.249306,239.586978,246.625452,246.625452,4494375
2007-04-11,246.625452,251.297828,245.505351,250.161667,250.161667,4703571
2007-04-12,250.161667,250.678451,247.981639,248.494979,248.494979,4187662
2007-04-13,248.494979,254.281566,247.532078,253.300046,253.300046,7579322
2007-04-16,253.300046,255.125605,252.925476,254.748892,254.748892,5389867
2007-04-17,254.748892,255.135583,244.923667,245.296010,245.296010,10393367
2007-04-18,245.296010,245.326648,241.343786,241.373934,241.373934,4451758
2007-04-19,241.373934,245.649260,241.198849,245.471203,245.471203,10994728
2007-04-20,245.471203,245.895751,240.475235,240.891863,240.891863,7800218
2007-04-23,240.891863,244.189920,240.753002,244.049239,244.049239,10560164
2007-04-24,244.049239,244.146424,242.502156,242.598763,242.598763,3349510
2007-04-25,242.598763,244.466671,236.314407,238.148047,238.148047,9147708
2007-04-26,238.148047,238.725425,237.919458,238.496501,238.496501,3148157
2007-04-27,238.496501,239.493291,232.582706,233.558859,233.558859,5999666
2007-04-30,233.558859,235.705368,232.934961,235.077414,235.077414,6901924
2007-05-01,235.077414,237.831870,233.843512,236.590028,236.590028,11072038
2007-05-02,236.590028,242.929590,234.407748,240.709314,240.709314,5012294
2007-05-03,240.709314,241.777052,237.920010,238.980077,238.980077,3561250
2007-05-04,238.980077,240.233029,237.214324,238.464573,238.464573,5658952
2007-05-07,238.464573,239.048688,237.951684,238.535646,238.535646,3875403
2007-05-08,238.535646,238.774063,234.861768,235.096749,235.096749,3983530
2007-05-09,235.096749,236.110279,231.324201,232.325786,232.325786,7384406
2007-05-10,232.325786,233.964758,231.566405,233.202512,233.202512,6670286
2007-05-11,233.202512,234.202957,231.406152,232.403168,232.403168,5456802
2007-05-14,232.403168,235.297979,228.498183,231.380252,231.380252,5594612
2007-05-15,231.380252,231.693004,230.951865,231.264460,231.264460,5954997
2007-05-16,231.264460,231.422639,228.155159,228.311318,228.311318,5196202
2007-05-17,228.311318,228.778617,225.218527,225.680441,225.680441,5685165
2007-05-18,225.680441,233.942970,225.512617,233.769131,233.769131,3330372
2007-05-21,233.769131,238.588751,233.311192,238.122285,238.122285,7265200
2007-05-22,238.122285,238.834231,228.248240,228.932711,228.932711,8778806
2007-05-23,228.932711,234.522158,228.560840,234.141826,234.141826,3996321
2007-05-24,234.141826,234.212977,233.318963,233.389885,233.389885,8725490
2007-05-25,233.389885,244.672397,232.515255,243.758909,243.758909,6335524
2007-05-28,243.758909,247.419305,242.483027,246.131006,246.131006,6645652
2007-05-29,246.131006,248.313880,245.212194,247.390367,247.390367,10964341
2007-05-30,247.390367,247.967652,245.713391,246.288104,246.288104,2850353
2007-05-31,246.288104,247.566960,245.358476,246.636018,246.636018,8586517
2007-06-01,246.636018,246.804640,244.659739,244.827124,244.827124,4623046
2007-06-04,244.827124,248.808901,244.142677,248.115262,248.115262,11693155
2007-06-05,248.115262,249.721647,247.572792,249.176856,249.176856,2486060
2007-06-06,249.176856,250.430292,247.849383,249.102444,249.102444,5013785
2007-06-07,249.102444,254.033952,248.215516,253.132673,253.132673,6782631
2007-06-08,253.132673,260.530388,252.187485,259.561196,259.561196,5238481
2007-06-11,259.561196,259.568403,256.784573,256.791704,256.791704,8797742
2007-06-12,256.791704,257.023817,250.665419,250.892200,250.892200,4148810
2007-06-13,250.892200,256.820969,250.561576,256.482978,256.482978,5522749
2007-06-14,256.482978,257.146290,255.546883,256.209488,256.209488,4493678
2007-06-15,256.209488,256.873202,252.826699,253.483351,253.483351,5371932
2007-06-18,253.483351,258.173353,253.451778,258.141200,258.141200,4598575
2007-06-19,258.141200,261.980517,256.672147,260.498050,260.498050,5658358
2007-06-20,260.498050,261.171897,258.002232,258.671353,258.671353,3304618
2007-06-21,258.671353,260.451697,248.953662,250.678997,250.678997,2908267
2007-06-22,250.678997,252.208680,244.549076,246.050515,246.050515,6996065
2007-06-25,246.050515,247.521500,245.884577,247.354683,247.354683,4231813
2007-06-26,247.354683,248.629432,246.067506,247.342190,247.342190,5862012
2007-06-27,247.342190,258.757559,247.295835,258.709074,258.709074,11811175
2007-06-28,258.709074,259.018049,253.503009,253.806128,253.806128,9338428
2007-06-29,253.806128,254.613410,250.560757,251.360259,251.360259,3208799
2007-07-02,251.360259,253.731971,250.299435,252.665637,252.665637,5496944
2007-07-03,252.665637,253.402067,247.036021,247.758147,247.758147,4743538
2007-07-04,247.758147,248.240183,245.252792,245.730884,245.730884,4279583
2007-07-05,245.730884,247.431671,244.979943,246.677836,246.677836,6255540
2007-07-06,246.677836,257.542925,245.673099,256.498189,256.498189,7879747
2007-07-09,256.498189,257.664432,252.857824,254.012766,254.012766,9417244
2007-07-10,254.012766,254.049723,252.875189,252.911986,252.911986,2464190
2007-07-11,252.911986,253.152864,243.632224,243.864485,243.864485,4689725
2007-07-12,243.864485,244.766328,235.903046,236.778685,236.778685,4066755
2007-07-13,236.778685,238.432489,233.600026,235.243105,235.243105,5782275
2007-07-16,235.243105,237.461187,234.610790,236.824622,236.824622,6291457
2007-07-17,236.824622,237.254357,231.886034,232.307573,232.307573,7000881
2007-07-18,232.307573,234.792270,231.559006,234.038127,234.038127,11150239
2007-07-19,234.038127,239.678792,233.611354,239.242530,239.242530,4746746
2007-07-20,239.242530,240.329895,238.862796,239.949040,239.949040,7464465
2007-07-23,239.949040,240.123655,236.536350,236.708606,236.708606,9108571
2007-07-24,236.708606,236.768890,230.783978,230.842768,230.842768,3025399
2007-07-25,230.842768,231.981780,229.971624,231.109629,231.109629,8330416
2007-07-26,231.109629,233.506130,230.369141,232.760353,232.760353,5278167
2007-07-27,232.760353,239.233471,231.999597,238.454106,238.454106,6384906
2007-07-30,238.454106,239.580394,236.934215,238.058635,238.058635,6590443
2007-07-31,238.058635,238.164113,235.742492,235.846989,235.846989,4634222
2007-08-01,235.846989,236.662156,231.584348,232.387558,232.387558,5100784
2007-08-02,232.387558,238.570161,232.370028,238.552166,238.552166,5148710
2007-08-03,238.552166,240.241358,237.159561,238.847031,238.847031,6524441
2007-08-06,238.847031,239.905397,232.159685,233.192996,233.192996,5789591
2007-08-07,233.192996,239.492000,233.122346,239.419462,239.419462,2593199
2007-08-08,239.419462,246.783872,238.877881,246.226892,246.226892,5693663
2007-08-09,246.226892,248.809716,244.501124,247.077983,247.077983,5370494
2007-08-10,247.077983,247.147926,244.355990,244.425183,244.425183,4214143
2007-08-13,244.425183,248.691784,243.761479,248.018323,248.018323,6625031
2007-08-14,248.018323,252.302199,247.089265,251.360621,251.360621,5259696
2007-08-15,251.360621,252.972100,251.021052,252.630816,252.630816,5467038
2007-08-16,252.630816,252.849680,249.590663,249.807081,249.807081,5691516
2007-08-17,249.807081,252.596444,243.094032,245.839088,245.839088,11729403
2007-08-20,245.839088,246.308581,244.683339,245.151519,245.151519,5976717
2007-08-21,245.151519,246.127454,236.315960,237.260482,237.260482,4380778
2007-08-22,237.260482,238.358560,235.723695,236.819734,236.819734,8241994
2007-08-23,236.819734,243.190298,235.416619,241.757925,241.757925,7500213
2007-08-24,241.757925,243.234638,239.826206,241.300122,241.300122,5072464
2007-08-27,241.300122,242.695898,241.199187,242.594421,242.594421,5374784
2007-08-28,242.594421,246.100528,241.831931,245.329442,245.329442,6179602
2007-08-29,245.329442,245.759204,232.129782,232.537135,232.537135,6314945
2007-08-30,232.537135,235.793358,232.492355,235.747960,235.747960,10279306
2007-08-31,235.747960,236.771680,234.255206,235.276880,235.276880,9278104
2007-09-03,235.276880,237.859955,234.164900,236.741055,236.741055,5088018
2007-09-04,236.741055,237.583975,235.295848,236.136617,236.136617,4779294
2007-09-05,236.136617,239.065829,235.436952,238.359577,238.359577,6217049
2007-09-06,238.359577,243.458561,236.899499,241.976328,241.976328,7929776
2007-09-07,241.976328,242.697671,238.685195,239.398854,239.398854,7722808
2007-09-10,239.398854,241.011439,236.877561,238.483984,238.483984,4121012
2007-09-11,238.483984,245.287844,237.380915,244.158528,244.158528,4227282
2007-09-12,244.158528,244.331683,242.307074,242.479037,242.479037,6432951
2007-09-13,242.479037,244.429345,242.190268,244.138599,244.138599,5530863
2007-09-14,244.138599,249.071700,243.461723,248.383056,248.383056,5525694
2007-09-17,248.383056,248.512935,245.664893,245.793419,245.793419,5978651
2007-09-18,245.793419,246.762229,243.279701,244.242398,244.242398,6116041
2007-09-19,244.242398,246.895379,244.191394,246.843831,246.843831,4254935
2007-09-20,246.843831,254.497263,245.958554,253.587800,253.587800,5020810
2007-09-21,253.587800,257.168514,252.905780,256.478720,256.478720,3731564
2007-09-24,256.478720,259.788830,254.825591,258.125090,258.125090,3824792
2007-09-25,258.125090,262.248215,256.524713,260.632293,260.632293,6623794
2007-09-26,260.632293,262.378321,253.979015,255.691947,255.691947,6311252
2007-09-27,255.691947,256.813319,254.049046,255.168122,255.168122,6247510
2007-09-28,255.168122,258.066428,254.738383,257.632538,257.632538,7031971
2007-10-01,257.632538,259.090478,255.640373,257.095272,257.095272,8509634
2007-10-02,257.095272,258.371690,247.054034,248.286720,248.286720,5379394
2007-10-03,248.286720,249.760598,247.161467,248.633772,248.633772,6971505
2007-10-04,248.633772,249.679421,245.536274,246.573256,246.573256,7624810
2007-10-05,246.573256,247.546587,245.057924,246.029108,246.029108,6773765
2007-10-08,246.029108,248.819225,245.792999,248.580668,248.580668,5324920
2007-10-09,248.580668,260.681388,246.515686,258.533725,258.533725,6162322
2007-10-10,258.533725,264.059598,257.992636,263.508098,263.508098,5242492
2007-10-11,263.508098,264.158545,256.487400,257.122084,257.122084,5181604
2007-10-12,257.122084,257.482983,255.835376,256.194974,256.194974,9876263
2007-10-15,256.194974,257.676190,253.443760,254.917590,254.917590,9613986
2007-10-16,254.917590,255.582721,252.427038,253.087393,253.087393,4802563
2007-10-17,253.087393,254.147913,246.921731,247.960768,247.960768,9476660
2007-10-18,247.960768,248.763392,241.932910,242.718566,242.718566,4374610
2007-10-19,242.718566,246.862634,242.552611,246.693962,246.693962,5510658
2007-10-22,246.693962,248.555829,242.641869,244.487080,244.487080,6163832
2007-10-23,244.487080,245.094610,242.817290,243.422173,243.422173,9202909
2007-10-24,243.422173,247.299187,243.035426,246.906903,246.906903,5429011
2007-10-25,246.906903,247.615573,245.472975,246.179557,246.179557,9145360
2007-10-26,246.179557,246.733222,232.370069,232.893854,232.893854,4169715
2007-10-29,232.893854,233.834722,226.169204,227.086611,227.086611,5773758
2007-10-30,227.086611,228.207982,219.417658,220.506536,220.506536,7253511
2007-10-31,220.506536,220.948739,217.477504,217.914509,217.914509,7359853
2007-11-01,217.914509,221.637461,217.703287,221.422839,221.422839,6950869
2007-11-02,221.422839,222.174808,214.175659,214.905495,214.905495,9179046
2007-11-05,214.905495,220.292459,214.606771,219.986672,219.986672,7671583
2007-11-06,219.986672,220.455397,217.692805,218.157633,218.157633,4584761
2007-11-07,218.157633,218.782392,214.733239,215.349957,215.349957,13547180
2007-11-08,215.349957,229.184884,214.308054,228.081384,228.081384,3263489
2007-11-09,228.081384,230.209108,220.812798,222.892112,222.892112,6713626
2007-11-12,222.892112,222.986907,217.423301,217.515809,217.515809,10387924
2007-11-13,217.515809,217.684127,210.512561,210.675586,210.675586,4006553
2007-11-14,210.675586,211.686322,209.299106,210.308079,210.308079,3176885
2007-11-15,210.308079,210.786631,207.465945,207.939106,207.939106,6221613
2007-11-16,207.939106,208.148131,198.896461,199.096596,199.096596,8516532
2007-11-19,199.096596,199.530463,194.692542,195.117739,195.117739,7471825
2007-11-20,195.117739,195.958325,194.770480,195.610190,195.610190,5100822
2007-11-21,195.610190,199.606466,194.161121,198.138666,198.138666,7740109
2007-11-22,198.138666,199.285640,197.798648,198.944240,198.944240,5193175
2007-11-23,198.944240,199.976030,198.804546,199.835711,199.835711,3766913
2007-11-26,199.835711,200.238187,197.081709,197.479439,197.479439,6309050
2007-11-27,197.479439,199.074974,197.247580,198.841515,198.841515,6098977
2007-11-28,198.841515,198.990163,196.846909,196.994176,196.994176,5804375
2007-11-29,196.994176,199.826367,196.562368,199.389308,199.389308,4899818
2007-11-30,199.389308,200.727486,199.227247,200.564469,200.564469,5983456
2007-12-03,200.564469,201.119695,196.456970,197.002334,197.002334,4880349
2007-12-04,197.002334,199.136877,196.477587,198.607853,198.607853,8811635
2007-12-05,198.607853,209.866759,198.520837,209.774850,209.774850,5330049
2007-12-06,209.774850,211.320708,209.500861,211.045059,211.045059,6847864
2007-12-07,211.045059,214.965579,209.439850,213.342892,213.342892,8963113
2007-12-10,213.342892,214.724518,210.713093,212.086583,212.086583,7369451
2007-12-11,212.086583,216.315322,211.132589,215.346663,215.346663,5696495
2007-12-12,215.346663,216.525728,210.947209,212.108544,212.108544,5010287
2007-12-13,212.108544,212.121573,209.708950,209.721832,209.721832,7903409
2007-12-14,209.721832,210.535139,206.245163,207.048101,207.048101,6846608
2007-12-17,207.048101,208.683035,206.959452,208.593725,208.593725,6126105
2007-12-18,208.593725,214.561129,206.855946,212.788404,212.788404,8337902
2007-12-19,212.788404,224.631979,212.493035,224.320601,224.320601,5691713
2007-12-20,224.320601,224.339115,209.644056,209.661360,209.661360,5078934
2007-12-21,209.661360,214.679859,209.555615,214.571638,214.571638,3837120
2007-12-24,214.571638,215.011532,210.013639,210.445074,210.445074,4527713
2007-12-25,210.445074,210.884136,205.730899,206.161023,206.161023,12062735
2007-12-26,206.161023,208.586833,206.075876,208.500719,208.500719,9680529
2007-12-27,208.500719,217.522668,208.325642,217.340169,217.340169,4637664
2007-12-28,217.340169,217.706495,216.503126,216.868658,216.868658,5192720
2007-12-31,216.868658,221.763401,215.598167,220.471801,220.471801,4549880
2008-01-01,220.471801,226.806745,219.665126,225.979917,225.979917,8620954
2008-01-02,225.979917,226.008220,224.920841,224.949015,224.949015,6836633
2008-01-03,224.949015,225.186542,215.030862,215.258156,215.258156,8417930
2008-01-04,215.258156,218.691089,214.909830,218.337780,218.337780,7966214
2008-01-07,218.337780,222.088362,217.449258,221.188240,221.188240,3772890
2008-01-08,221.188240,221.528265,218.403738,218.739999,218.739999,6025704
2008-01-09,218.739999,219.342230,214.363015,214.954824,214.954824,6413231
2008-01-10,214.954824,215.387626,211.000551,211.426248,211.426248,3034368
2008-01-11,211.426248,211.806945,208.338623,208.714437,208.714437,4478628
2008-01-14,208.714437,211.401882,207.843152,210.523047,210.523047,4534134
2008-01-15,210.523047,211.852692,203.198053,204.489592,204.489592,4152789
2008-01-16,204.489592,206.239883,203.976072,205.723265,205.723265,9833786
2008-01-17,205.723265,207.056764,204.131643,205.463458,205.463458,5423879
2008-01-18,205.463458,205.500699,203.780676,203.817619,203.817619,6314208
2008-01-21,203.817619,205.715286,196.842744,198.692695,198.692695,7414982
2008-01-22,198.692695,208.821100,197.305111,207.372898,207.372898,4177504
2008-01-23,207.372898,207.509131,198.455024,198.585484,198.585484,5190049
2008-01-24,198.585484,199.887392,198.430227,199.731240,199.731240,4221794
2008-01-25,199.731240,205.936885,199.371946,205.567093,205.567093,4741411
2008-01-28,205.567093,210.815621,205.521091,210.768455,210.768455,6520031
2008-01-29,210.768455,211.910429,202.470580,203.573571,203.573571,8654683
2008-01-30,203.573571,203.997418,199.944248,200.361407,200.361407,9072489
2008-01-31,200.361407,201.668888,195.078642,196.360011,196.360011,10487525
2008-02-01,196.360011,196.882339,191.559823,192.070741,192.070741,8288219
2008-02-04,192.070741,194.134274,191.868758,193.930335,193.930335,10503487
2008-02-05,193.930335,193.965954,192.482948,192.518307,192.518307,3885297
2008-02-06,192.518307,196.108203,191.147463,194.721669,194.721669,4355518
2008-02-07,194.721669,194.806512,189.301593,189.384109,189.384109,6778489
2008-02-08,189.384109,190.334241,187.640964,188.587097,188.587097,10137747
2008-02-11,188.587097,189.287337,183.313219,183.996412,183.996412,5080467
2008-02-12,183.996412,184.978855,176.597354,177.545351,177.545351,5585394
2008-02-13,177.545351,179.811575,177.366262,179.630383,179.630383,6457949
2008-02-14,179.630383,181.184182,177.973845,179.526748,179.526748,4877861
2008-02-15,179.526748,179.885521,177.012847,177.367305,177.367305,7013127
2008-02-18,177.367305,187.617251,176.395325,186.594705,186.594705,6514474
2008-02-19,186.594705,186.907848,184.308812,184.618639,184.618639,6876156
2008-02-20,184.618639,186.848523,183.646396,185.869691,185.869691,4242792
2008-02-21,185.869691,186.602627,184.331506,185.061253,185.061253,5189281
2008-02-22,185.061253,185.864353,177.150305,177.922425,177.922425,4947548
2008-02-25,177.922425,180.950485,176.983606,180.000700,180.000700,3338919
2008-02-26,180.000700,180.376873,176.602624,176.972468,176.972468,5407001
2008-02-27,176.972468,176.979666,168.355520,168.362368,168.362368,9436120
2008-02-28,168.362368,173.850225,167.859486,173.332498,173.332498,7601380
2008-02-29,173.332498,174.808142,172.001681,173.476222,173.476222,10538769
2008-03-03,173.476222,178.139846,173.139636,177.794880,177.794880,5459158
2008-03-04,177.794880,178.373729,173.800133,174.367825,174.367825,3056161
2008-03-05,174.367825,175.871798,173.884751,175.385904,175.385904,4304164
2008-03-06,175.385904,176.245731,170.653883,171.494633,171.494633,3754714
2008-03-07,171.494633,171.855483,166.480240,166.831277,166.831277,5655225
2008-03-10,166.831277,173.163228,165.829239,172.129368,172.129368,9881041
2008-03-11,172.129368,172.762782,171.825171,172.458004,172.458004,6575177
2008-03-12,172.458004,173.810153,172.168960,173.519331,173.519331,5065991
2008-03-13,173.519331,173.985614,165.730106,166.176659,166.176659,7131982
2008-03-14,166.176659,167.656816,161.769050,163.222898,163.222898,5034166
2008-03-17,163.222898,164.635451,158.518969,159.902789,159.902789,9829049
2008-03-18,159.902789,166.245386,159.365962,165.689132,165.689132,7676972
2008-03-19,165.689132,171.229378,165.539829,171.075222,171.075222,5676134
2008-03-20,171.075222,175.701045,170.460499,175.071961,175.071961,12858780
2008-03-21,175.071961,177.445739,174.722056,177.091797,177.091797,6337483
2008-03-24,177.091797,181.030691,175.715325,179.634455,179.634455,5196387
2008-03-25,179.634455,180.228106,173.956131,174.532922,174.532922,3703961
2008-03-26,174.532922,174.923731,169.425983,169.806208,169.806208,5118313
2008-03-27,169.806208,171.409548,169.308948,170.909058,170.909058,5500109
2008-03-28,170.909058,172.121962,169.649122,170.861690,170.861690,6057387
2008-03-31,170.861690,172.424663,167.354320,168.899342,168.899342,11123984
2008-04-01,168.899342,168.948547,161.658609,161.705718,161.705718,5848690
2008-04-02,161.705718,163.237487,161.200592,162.729164,162.729164,5733785
2008-04-03,162.729164,163.386835,159.096522,159.742121,159.742121,3506819
2008-04-04,159.742121,161.389821,159.473255,161.118639,161.118639,4862624
2008-04-07,161.118639,161.324465,159.949827,160.154421,160.154421,3519475
2008-04-08,160.154421,160.211836,160.087195,160.144607,160.144607,6527185
2008-04-09,160.144607,163.355543,158.641190,161.836245,161.836245,6770102
2008-04-10,161.836245,164.231726,161.175370,163.563797,163.563797,12346849
2008-04-11,163.563797,168.208269,162.418117,167.038253,167.038253,6211727
2008-04-14,167.038253,174.586231,166.649213,174.180557,174.180557,6032048
2008-04-15,174.180557,175.022196,168.452401,169.270314,169.270314,3306160
2008-04-16,169.270314,170.097976,164.069828,164.876003,164.876003,7345757
2008-04-17,164.876003,166.583730,164.528331,166.233195,166.233195,11267945
2008-04-18,166.233195,170.790326,165.939184,170.488788,170.488788,6705505
2008-04-21,170.488788,171.245122,168.531900,169.282884,169.282884,6181391
2008-04-22,169.282884,169.762983,167.592752,168.069409,168.069409,6668429
2008-04-23,168.069409,168.083860,165.768927,165.783181,165.783181,4218945
2008-04-24,165.783181,165.934561,161.198123,161.345450,161.345450,12091563
2008-04-25,161.345450,161.928521,155.018483,155.580721,155.580721,5091251
2008-04-28,155.580721,156.795260,155.355525,156.568633,156.568633,3895713
2008-04-29,156.568633,157.801823,155.453738,156.686092,156.686092,10197572
2008-04-30,156.686092,157.140895,153.630036,154.077267,154.077267,4740074
2008-05-01,154.077267,156.407631,153.982184,156.311169,156.311169,9804116
2008-05-02,156.311169,159.509473,155.686433,158.874492,158.874492,5187224
2008-05-05,158.874492,159.145135,155.927367,156.193443,156.193443,4780069
2008-05-06,156.193443,156.805095,154.442355,155.049526,155.049526,4992749
2008-05-07,155.049526,157.487839,154.290096,156.720226,156.720226,5452371
2008-05-08,156.720226,159.004513,156.570075,158.852319,158.852319,3893029
2008-05-09,158.852319,159.564101,155.947334,156.649244,156.649244,6706373
2008-05-12,156.649244,157.283072,153.062639,153.684471,153.684471,5459985
2008-05-13,153.684471,154.292146,152.715150,153.321389,153.321389,6103741
2008-05-14,153.321389,154.366768,150.812859,151.848193,151.848193,6437599
2008-05-15,151.848193,152.066023,150.602852,150.819205,150.819205,4004388
2008-05-16,150.819205,150.949712,146.629605,146.756597,146.756597,6955470
2008-05-19,146.756597,147.616317,146.679345,147.538653,147.538653,6016049
2008-05-20,147.538653,147.727221,145.373864,145.559902,145.559902,8146363
2008-05-21,145.559902,145.716387,141.285126,141.437179,141.437179,6060113
2008-05-22,141.437179,147.019247,141.223593,146.797566,146.797566,8099654
2008-05-23,146.797566,147.637816,140.634767,141.444376,141.444376,6213697
2008-05-26,141.444376,147.202203,141.392506,147.148241,147.148241,5305284
2008-05-27,147.148241,147.643506,144.153236,144.640059,144.640059,4293475
2008-05-28,144.640059,145.801328,144.155624,145.314633,145.314633,6644689
2008-05-29,145.314633,148.125042,144.692720,147.493803,147.493803,7819686
2008-05-30,147.493803,147.627188,143.960376,144.090683,144.090683,7110022
2008-06-02,144.090683,144.155824,143.472340,143.537231,143.537231,5031338
2008-06-03,143.537231,143.570579,141.035560,141.068334,141.068334,4592730
2008-06-04,141.068334,150.150680,140.646005,149.702502,149.702502,7717251
2008-06-05,149.702502,151.929810,149.463876,151.688019,151.688019,6261349
2008-06-06,151.688019,152.115354,150.424494,150.849468,150.849468,6163364
2008-06-09,150.849468,162.571025,149.770595,161.416577,161.416577,4328795
2008-06-10,161.416577,161.582968,160.201574,160.366883,160.366883,2730054
2008-06-11,160.366883,162.290745,159.784123,161.703129,161.703129,7377820
2008-06-12,161.703129,164.282259,161.459246,164.034860,164.034860,5852113
2008-06-13,164.034860,172.249725,164.017420,172.231414,172.231414,7415427
2008-06-16,172.231414,172.510423,169.596796,169.871984,169.871984,8944623
2008-06-17,169.871984,170.225451,163.524019,163.864987,163.864987,5116631
2008-06-18,163.864987,163.873185,159.066931,159.074890,159.074890,7612784
2008-06-19,159.074890,159.861574,147.990176,148.725680,148.725680,9809453
2008-06-20,148.725680,149.737136,147.770347,148.781445,148.781445,6498151
2008-06-23,148.781445,148.986372,145.252164,145.452505,145.452505,6587400
2008-06-24,145.452505,150.855271,144.941202,150.326833,150.326833,8729901
2008-06-25,150.326833,150.443931,149.116454,149.232700,149.232700,6075081
2008-06-26,149.232700,149.879757,148.229317,148.874823,148.874823,5980760
2008-06-27,148.874823,149.812129,146.245340,147.171925,147.171925,3924028
2008-06-30,147.171925,155.375229,146.527950,154.698321,154.698321,6966354
2008-07-01,154.698321,154.848278,151.011367,151.157893,151.157893,6072524
2008-07-02,151.157893,151.546509,147.459786,147.839872,147.839872,5980095
2008-07-03,147.839872,152.241436,146.762945,151.140465,151.140465,4620779
2008-07-04,151.140465,152.116917,150.434022,151.409217,151.409217,9044871
2008-07-07,151.409217,152.245779,146.336965,147.149994,147.149994,6436655
2008-07-08,147.149994,148.541509,146.451066,147.839306,147.839306,4044508
2008-07-09,147.839306,151.403742,147.696379,151.257510,151.257510,5770106
2008-07-10,151.257510,152.135245,145.508640,146.357944,146.357944,5261763
2008-07-11,146.357944,146.689301,144.138999,144.466073,144.466073,4390132
2008-07-14,144.466073,144.726407,144.354524,144.614743,144.614743,3334082
2008-07-15,144.614743,144.974582,143.211039,143.568274,143.568274,8769366
2008-07-16,143.568274,143.844858,141.792133,142.065823,142.065823,8956765
2008-07-17,142.065823,143.110586,140.893401,141.937218,141.937218,6735910
2008-07-18,141.937218,142.052383,138.714892,138.827533,138.827533,7932542
2008-07-21,138.827533,143.907459,138.047752,143.103659,143.103659,6837634
2008-07-22,143.103659,150.487051,141.856544,149.186922,149.186922,8126463
2008-07-23,149.186922,149.231439,143.662185,143.705066,143.705066,12417484
2008-07-24,143.705066,143.965803,142.039153,142.297336,142.297336,5299818
2008-07-25,142.297336,142.660676,141.080403,141.441558,141.441558,5402411
2008-07-28,141.441558,141.763529,137.987487,138.302312,138.302312,5947376
2008-07-29,138.302312,138.518455,132.033070,132.239739,132.239739,9833411
2008-07-30,132.239739,132.353872,131.690512,131.804270,131.804270,7776692
2008-07-31,131.804270,136.454101,130.892962,135.517122,135.517122,8265112
2008-08-01,135.517122,135.810278,131.779880,132.065569,132.065569,4883670
2008-08-04,132.065569,132.590217,131.658519,132.182805,132.182805,5400150
2008-08-05,132.182805,132.461986,131.552778,131.831216,131.831216,3994268
2008-08-06,131.831216,134.299881,131.356723,133.818235,133.818235,5651441
2008-08-07,133.818235,140.419220,133.348989,139.928547,139.928547,8364732
2008-08-08,139.928547,140.481401,139.690425,140.242744,140.242744,3803572
2008-08-11,140.242744,141.594309,139.647114,140.995483,140.995483,5965644
2008-08-12,140.995483,141.981677,137.546502,138.515349,138.515349,8368773
2008-08-13,138.515349,138.814871,137.979416,138.278426,138.278426,4747434
2008-08-14,138.278426,140.191759,138.146444,140.058078,140.058078,9662656
2008-08-15,140.058078,140.141306,136.797562,136.878900,136.878900,8692035
2008-08-18,136.878900,138.362410,136.775253,138.257719,138.257719,6934904
2008-08-19,138.257719,138.591556,136.076198,136.405563,136.405563,4775161
2008-08-20,136.405563,138.399354,135.591629,137.578422,137.578422,5381621
2008-08-21,137.578422,137.663220,134.852510,134.935680,134.935680,4400944
2008-08-22,134.935680,140.703310,133.832333,139.562133,139.562133,8394621
2008-08-25,139.562133,140.244209,131.891997,132.539752,132.539752,5891906
2008-08-26,132.539752,133.087702,132.493455,133.041230,133.041230,4727520
2008-08-27,133.041230,133.905339,130.035771,130.885881,130.885881,9703614
2008-08-28,130.885881,130.890571,127.355010,127.359574,127.359574,4875372
2008-08-29,127.359574,127.687316,123.945975,124.265755,124.265755,8595483
2008-09-01,124.265755,125.712307,123.813057,125.256001,125.256001,6053141
2008-09-02,125.256001,125.613406,124.005550,124.360399,124.360399,4667338
2008-09-03,124.360399,125.258890,123.549659,124.447581,124.447581,6988193
2008-09-04,124.447581,124.603533,123.868068,124.023488,124.023488,3920091
2008-09-05,124.023488,124.096081,123.002239,123.074276,123.074276,3624643
2008-09-08,123.074276,123.452462,118.753429,119.119463,119.119463,7553251
2008-09-09,119.119463,120.141101,118.683222,119.702725,119.702725,8584766
2008-09-10,119.702725,120.114729,119.396607,119.808341,119.808341,4584565
2008-09-11,119.808341,120.313258,118.048242,118.547846,118.547846,3783348
2008-09-12,118.547846,119.465465,116.130725,117.036646,117.036646,5248052
2008-09-15,117.036646,130.028406,116.506883,129.442488,129.442488,8618708
2008-09-16,129.442488,129.897662,129.206200,129.660975,129.660975,5603256
2008-09-17,129.660975,129.856999,126.680746,126.872555,126.872555,5474624
2008-09-18,126.872555,127.469271,123.724528,124.309187,124.309187,4633998
2008-09-19,124.309187,124.739889,124.097583,124.527913,124.527913,4410645
2008-09-22,124.527913,124.717256,123.375317,123.563193,123.563193,5237503
2008-09-23,123.563193,124.226477,122.373313,123.033755,123.033755,5824540
2008-09-24,123.033755,124.470774,122.700578,124.134616,124.134616,3289106
2008-09-25,124.134616,124.297403,123.691437,123.853856,123.853856,4452577
2008-09-26,123.853856,130.840244,123.555227,130.525529,130.525529,4913347
2008-09-29,130.525529,131.673062,130.394088,131.540599,131.540599,3104658
2008-09-30,131.540599,137.177216,131.019171,136.635590,136.635590,5392530
2008-10-01,136.635590,138.177736,136.420218,137.960275,137.960275,5619034
2008-10-02,137.960275,138.366584,137.879709,138.285827,138.285827,3891888
2008-10-03,138.285827,139.364007,134.366467,135.422321,135.422321,4383988
2008-10-06,135.422321,135.492856,133.094943,133.164301,133.164301,5058018
2008-10-07,133.164301,133.440154,131.923620,132.197470,132.197470,5686521
2008-10-08,132.197470,132.669095,131.372754,131.843115,131.843115,6200009
2008-10-09,131.843115,132.737694,128.207934,129.083791,129.083791,6629335
2008-10-10,129.083791,129.414074,129.038954,129.369137,129.369137,8603562
2008-10-13,129.369137,129.568630,128.866321,129.065346,129.065346,8026885
2008-10-14,129.065346,131.866287,128.579616,131.371877,131.371877,6932508
2008-10-15,131.371877,131.778206,129.043327,129.443692,129.443692,3065328
2008-10-16,129.443692,130.204472,129.305154,130.065269,130.065269,4035645
2008-10-17,130.065269,133.757713,129.476289,133.154744,133.154744,10035128
2008-10-20,133.154744,133.609074,131.514531,131.964801,131.964801,4704212
2008-10-21,131.964801,132.781748,127.380817,128.174298,128.174298,4404353
2008-10-22,128.174298,128.378086,124.369309,124.567362,124.567362,4098382
2008-10-23,124.567362,124.836805,120.368368,120.629293,120.629293,9076086
2008-10-24,120.629293,124.898127,120.598250,124.865994,124.865994,4691028
2008-10-27,124.865994,125.442885,121.671692,122.236434,122.236434,7361537
2008-10-28,122.236434,125.003756,121.849893,124.609710,124.609710,8083943
2008-10-29,124.609710,125.914193,124.598401,125.902767,125.902767,6537233
2008-10-30,125.902767,128.615413,125.107014,127.807621,127.807621,5901836
2008-10-31,127.807621,128.046705,123.895233,124.127433,124.127433,7470198
2008-11-03,124.127433,126.140951,123.923842,125.934396,125.934396,6735921
2008-11-04,125.934396,126.081645,125.823753,125.970970,125.970970,8165524
2008-11-05,125.970970,127.111139,125.258337,126.396101,126.396101,4009850
2008-11-06,126.396101,126.583409,125.051187,125.236777,125.236777,5082219
2008-11-07,125.236777,126.148862,120.623475,121.508406,121.508406,4392436
2008-11-10,121.508406,125.184424,120.937728,124.599229,124.599229,10231140
2008-11-11,124.599229,134.338832,124.360658,134.082104,134.082104,9213347
2008-11-12,134.082104,134.857831,129.024473,129.775283,129.775283,4462248
2008-11-13,129.775283,130.089267,129.536980,129.850826,129.850826,6852617
2008-11-14,129.850826,130.622836,126.785986,127.544283,127.544283,5933889
2008-11-17,127.544283,127.738818,126.042721,126.235259,126.235259,7568688
2008-11-18,126.235259,126.933345,125.790441,126.487638,126.487638,5511165
2008-11-19,126.487638,127.196291,125.817510,126.525960,126.525960,5560455
2008-11-20,126.525960,126.778074,123.525642,123.772269,123.772269,5745995
2008-11-21,123.772269,123.964616,122.847641,123.038848,123.038848,5167836
2008-11-24,123.038848,132.879744,122.703488,132.518546,132.518546,8060108
2008-11-25,132.518546,132.882690,127.005196,127.355152,127.355152,4647648
2008-11-26,127.355152,128.107921,125.651325,126.398439,126.398439,4643227
2008-11-27,126.398439,126.643656,117.201777,117.429594,117.429594,6130800
2008-11-28,117.429594,117.626137,110.136923,110.321570,110.321570,5291255
2008-12-01,110.321570,110.434451,108.998252,109.109893,109.109893,7431886
2008-12-02,109.109893,109.506342,104.468889,104.849859,104.849859,5285631
2008-12-03,104.849859,106.325510,104.821939,106.297204,106.297204,7964837
2008-12-04,106.297204,110.417684,106.143238,110.257981,110.257981,9164727
2008-12-05,110.257981,110.471100,105.080248,105.283753,105.283753,7464189
2008-12-08,105.283753,105.896322,103.650363,104.256958,104.256958,8151970
2008-12-09,104.256958,104.372434,101.562040,101.674656,101.674656,6086300
2008-12-10,101.674656,105.041758,101.672437,105.039465,105.039465,5514484
2008-12-11,105.039465,105.546238,103.921662,104.425473,104.425473,5514595
2008-12-12,104.425473,105.123916,102.737303,103.429082,103.429082,7191838
2008-12-15,103.429082,106.681618,102.944189,106.183810,106.183810,6467941
2008-12-16,106.183810,109.330578,105.797941,108.934712,108.934712,5663817
2008-12-17,108.934712,111.344268,108.890784,111.299386,111.299386,2956255
2008-12-18,111.299386,113.695915,110.782026,113.169860,113.169860,4542955
2008-12-19,113.169860,118.976915,113.077376,118.879764,118.879764,4534492
2008-12-22,118.879764,119.190641,117.291123,117.598650,117.598650,4539798
2008-12-23,117.598650,117.926669,117.298142,117.626090,117.626090,4840106
2008-12-24,117.626090,117.758791,116.400249,116.531714,116.531714,3541438
2008-12-25,116.531714,116.681530,114.130377,114.277294,114.277294,4136810
2008-12-26,114.277294,114.595680,109.771541,110.078227,110.078227,3604033
2008-12-29,110.078227,112.223953,109.786325,111.927147,111.927147,2225816
2008-12-30,111.927147,112.558041,108.762238,109.378768,109.378768,3376494
2008-12-31,109.378768,109.422192,107.869074,107.911917,107.911917,6162502
2009-01-01,107.911917,108.574083,105.861378,106.514972,106.514972,3020086
2009-01-02,106.514972,107.028993,102.922826,103.421920,103.421920,4679121
2009-01-05,103.421920,103.726278,101.581896,101.881721,101.881721,4879496
2009-01-06,101.881721,103.682001,101.551429,103.346959,103.346959,6710100
2009-01-07,103.346959,103.486327,101.658820,101.796097,101.796097,5518883
2009-01-08,101.796097,105.215118,101.151051,104.552604,104.552604,5344175
2009-01-09,104.552604,105.806471,104.398061,105.650305,105.650305,5525315
2009-01-12,105.650305,106.235779,104.618395,105.201381,105.201381,7663333
2009-01-13,105.201381,105.782680,104.801451,105.382063,105.382063,4031933
2009-01-14,105.382063,108.500693,104.661385,107.763727,107.763727,9847003
2009-01-15,107.763727,108.068312,107.543956,107.848368,107.848368,6385140
2009-01-16,107.848368,109.270508,107.720547,109.141155,109.141155,5063601
2009-01-19,109.141155,109.284007,106.970194,107.110388,107.110388,4427439
2009-01-20,107.110388,107.163967,104.926654,104.979167,104.979167,8012984
2009-01-21,104.979167,105.528698,101.917707,102.454019,102.454019,4347091
2009-01-22,102.454019,102.538627,99.887607,99.970163,99.970163,6202497
2009-01-23,99.970163,101.657866,99.931871,101.618942,101.618942,8454153
2009-01-26,101.618942,104.990457,101.457327,104.823745,104.823745,6377041
2009-01-27,104.823745,110.082890,104.458554,109.700709,109.700709,7806345
2009-01-28,109.700709,110.727191,109.628949,110.654807,110.654807,6286289
2009-01-29,110.654807,118.592800,110.320364,118.235446,118.235446,6089070
2009-01-30,118.235446,118.320205,115.112697,115.195276,115.195276,4335076
2009-02-02,115.195276,116.548672,114.984696,116.336006,116.336006,4772321
2009-02-03,116.336006,116.651405,112.610834,112.916963,112.916963,6991946
2009-02-04,112.916963,114.063019,112.572811,113.716431,113.716431,5789364
2009-02-05,113.716431,114.163476,112.568541,113.012820,113.012820,7690058
2009-02-06,113.012820,114.848156,112.893217,114.726740,114.726740,2661875
2009-02-09,114.726740,115.290483,112.840984,113.398199,113.398199,9949126
2009-02-10,113.398199,114.468470,112.672879,113.740958,113.740958,7737194
2009-02-11,113.740958,115.238637,113.691182,115.188227,115.188227,6534923
2009-02-12,115.188227,115.876316,114.992009,115.679262,115.679262,5571096
2009-02-13,115.679262,116.045316,114.269344,114.632085,114.632085,4722496
2009-02-16,114.632085,121.549966,114.571564,121.485826,121.485826,8202244
2009-02-17,121.485826,122.916860,121.313855,122.743109,122.743109,3948211
2009-02-18,122.743109,125.983764,122.509498,125.744441,125.744441,6733356
2009-02-19,125.744441,127.897326,124.419496,126.563749,126.563749,9261046
2009-02-20,126.563749,126.772875,126.257526,126.466492,126.466492,4070239
2009-02-23,126.466492,128.100065,126.344868,127.976989,127.976989,8416770
2009-02-24,127.976989,129.962968,127.874786,129.859262,129.859262,8172761
2009-02-25,129.859262,129.876612,123.295039,123.311514,123.311514,12284180
2009-02-26,123.311514,123.904372,122.342720,122.933762,122.933762,8250288
2009-02-27,122.933762,123.435718,121.446225,121.944140,121.944140,4743805
2009-03-02,121.944140,121.992955,121.126054,121.174561,121.174561,11000829
2009-03-03,121.174561,122.849588,120.987135,122.659865,122.659865,3568798
2009-03-04,122.659865,123.712381,122.344536,123.395162,123.395162,3727986
2009-03-05,123.395162,123.494625,122.372412,122.471130,122.471130,5811774
2009-03-06,122.471130,129.502642,122.173201,129.188372,129.188372,4516455
2009-03-09,129.188372,130.542118,128.457796,129.808038,129.808038,9452291
2009-03-10,129.808038,132.397587,129.790065,132.379259,132.379259,7502695
2009-03-11,132.379259,133.068066,130.812593,131.496809,131.496809,7831143
2009-03-12,131.496809,132.012375,130.428661,130.942051,130.942051,6242316
2009-03-13,130.942051,131.346239,130.404803,130.808578,130.808578,5393217
2009-03-16,130.808578,131.832641,130.405397,131.427551,131.427551,6485299
2009-03-17,131.427551,131.669262,130.326850,130.566978,130.566978,5296883
2009-03-18,130.566978,134.353571,130.102286,133.877097,133.877097,6840155
2009-03-19,133.877097,136.568241,133.258899,135.940515,135.940515,4215050
2009-03-20,135.940515,136.543533,135.910382,136.513272,136.513272,6548645
2009-03-23,136.513272,136.730231,135.974084,136.190530,136.190530,5373463
2009-03-24,136.190530,137.188657,134.993464,135.990123,135.990123,2947675
2009-03-25,135.990123,136.279285,135.283590,135.571863,135.571863,11876596
2009-03-26,135.571863,135.841548,135.548983,135.818627,135.818627,5305805
2009-03-27,135.818627,136.954109,134.505189,135.639171,135.639171,12224346
2009-03-30,135.639171,136.830704,135.365765,136.555451,136.555451,6661396
2009-03-31,136.555451,137.145128,135.971823,136.561474,136.561474,7074106
2009-04-01,136.561474,137.134690,135.024306,135.593458,135.593458,8122549
2009-04-02,135.593458,135.748139,132.185434,132.336399,132.336399,5774670
2009-04-03,132.336399,132.794418,130.185386,130.637526,130.637526,10869412
2009-04-06,130.637526,131.577198,126.849824,127.768863,127.768863,6312535
2009-04-07,127.768863,130.161701,127.197381,129.582109,129.582109,6776707
2009-04-08,129.582109,133.325792,128.460010,132.181186,132.181186,5054061
2009-04-09,132.181186,132.300117,130.909440,131.027333,131.027333,5456853
2009-04-10,131.027333,131.665273,127.274455,127.897155,127.897155,5911874
2009-04-13,127.897155,128.170996,125.443304,125.712467,125.712467,4473812
2009-04-14,125.712467,126.559291,125.203630,126.049091,126.049091,4718457
2009-04-15,126.049091,126.471526,124.010688,124.427690,124.427690,10585952
2009-04-16,124.427690,129.238800,123.956467,128.751204,128.751204,5478443
2009-04-17,128.751204,139.501483,127.684044,138.354725,138.354725,5677523
2009-04-20,138.354725,138.447075,138.135523,138.227788,138.227788,5318930
2009-04-21,138.227788,138.748174,137.663402,138.183622,138.183622,11011627
2009-04-22,138.183622,139.109111,135.841787,136.757726,136.757726,8438431
2009-04-23,136.757726,138.269251,135.857336,137.364863,137.364863,7345271
2009-04-24,137.364863,138.300687,135.803238,136.734769,136.734769,3952183
2009-04-27,136.734769,137.383793,134.086605,134.726094,134.726094,4922757
2009-04-28,134.726094,135.322423,130.928451,131.510547,131.510547,9163601
2009-04-29,131.510547,131.784022,130.424128,130.695909,130.695909,5474155
2009-04-30,130.695909,135.637568,130.082594,135.004036,135.004036,18793502
2009-05-01,135.004036,136.031685,134.549338,135.575063,135.575063,3435245
2009-05-04,135.575063,138.695331,134.936332,138.044963,138.044963,5602789
2009-05-05,138.044963,138.612811,138.038228,138.606049,138.606049,5468522
2009-05-06,138.606049,139.420488,137.001052,137.810818,137.810818,5829337
2009-05-07,137.810818,137.874899,137.576813,137.640815,137.640815,7252236
2009-05-08,137.640815,138.439242,135.397497,136.187494,136.187494,5356228
2009-05-11,136.187494,137.386110,134.455716,135.649598,135.649598,4312293
2009-05-12,135.649598,136.008965,134.188918,134.545359,134.545359,5922007
2009-05-13,134.545359,139.268117,134.257941,138.971245,138.971245,12474158
2009-05-14,138.971245,139.044255,135.817189,135.888580,135.888580,9261630
2009-05-15,135.888580,140.067001,135.658246,139.829987,139.829987,3130349
2009-05-18,139.829987,140.637268,137.141970,137.938330,137.938330,5230580
2009-05-19,137.938330,138.869199,136.234102,137.159717,137.159717,6355327
2009-05-20,137.159717,137.582089,135.252219,135.670004,135.670004,7441535
2009-05-21,135.670004,136.151344,133.073061,133.546869,133.546869,4683433
2009-05-22,133.546869,134.724172,133.111381,134.286273,134.286273,5202166
2009-05-25,134.286273,134.744059,128.591085,129.030956,129.030956,6908727
2009-05-26,129.030956,131.083474,128.568430,130.615269,130.615269,3996787
2009-05-27,130.615269,130.699388,130.133392,130.217254,130.217254,8459007
2009-05-28,130.217254,130.305633,130.155101,130.243468,130.243468,7477212
2009-05-29,130.243468,130.472987,123.165107,123.382535,123.382535,3533354
2009-06-01,123.382535,123.393552,121.760167,121.771040,121.771040,10347387
2009-06-02,121.771040,123.508680,121.707129,123.443891,123.443891,6158349
2009-06-03,123.443891,125.061861,122.901751,124.515018,124.515018,8992239
2009-06-04,124.515018,126.370468,124.253272,126.105379,126.105379,5368492
2009-06-05,126.105379,126.549630,125.253666,125.696476,125.696476,4811849
2009-06-08,125.696476,126.240711,125.282258,125.826066,125.826066,3075511
2009-06-09,125.826066,126.171849,124.474040,124.817051,124.817051,7804945
2009-06-10,124.817051,126.046249,124.415266,125.641809,125.641809,11483420
2009-06-11,125.641809,126.561519,125.377500,126.295834,126.295834,7003882
2009-06-12,126.295834,127.222998,125.636764,126.562537,126.562537,10002382
2009-06-15,126.562537,129.763539,126.537416,129.737789,129.737789,4475218
2009-06-16,129.737789,130.075879,128.896291,129.233066,129.233066,3578059
2009-06-17,129.233066,129.263889,127.594860,127.625300,127.625300,6332752
2009-06-18,127.625300,128.227912,126.705586,127.306694,127.306694,3002876
2009-06-19,127.306694,129.147818,126.898070,128.734611,128.734611,10025999
2009-06-22,128.734611,128.752768,126.570243,126.588097,126.588097,8548444
2009-06-23,126.588097,128.286439,125.554229,127.247188,127.247188,7680596
2009-06-24,127.247188,127.956241,127.234685,127.943669,127.943669,4226951
2009-06-25,127.943669,128.287617,127.323656,127.666860,127.666860,7219440
2009-06-26,127.666860,128.180701,126.270948,126.781224,126.781224,10947490
2009-06-29,126.781224,128.096544,126.659500,127.973674,127.973674,5567974
2009-06-30,127.973674,128.008507,126.932533,126.967091,126.967091,5448394
2009-07-01,126.967091,129.004243,126.578645,128.610768,128.610768,8811707
2009-07-02,128.610768,129.250045,126.420389,127.051919,127.051919,4439360
2009-07-03,127.051919,128.759423,127.024043,128.731179,128.731179,4468071
2009-07-06,128.731179,128.768148,127.702824,127.739509,127.739509,5554895
2009-07-07,127.739509,131.450424,127.325364,131.025626,131.025626,4002985
2009-07-08,131.025626,131.061274,129.300545,129.335733,129.335733,10411216
2009-07-09,129.335733,129.760897,126.407759,126.824667,126.824667,4912401
2009-07-10,126.824667,128.007766,126.701175,127.883244,127.883244,4122403
2009-07-13,127.883244,128.141775,123.663216,123.913723,123.913723,5277234
2009-07-14,123.913723,124.294314,123.224107,123.603746,123.603746,8579729
2009-07-15,123.603746,123.625995,123.546721,123.568964,123.568964,6421847
2009-07-16,123.568964,123.671564,122.580947,122.682812,122.682812,5716043
2009-07-17,122.682812,126.362376,122.442717,126.115562,126.115562,3819552
2009-07-20,126.115562,126.395940,125.991261,126.271485,126.271485,3323650
2009-07-21,126.271485,126.465742,125.315213,125.508296,125.508296,4275259
2009-07-22,125.508296,125.724072,124.998289,125.213559,125.213559,11533843
2009-07-23,125.213559,126.335243,125.110204,126.231049,126.231049,3851894
2009-07-24,126.231049,127.516156,125.841363,127.123714,127.123714,7435656
2009-07-27,127.123714,127.459410,125.889766,126.223084,126.223084,4587172
2009-07-28,126.223084,129.917683,125.808995,129.492867,129.492867,4376549
2009-07-29,129.492867,133.096867,128.387031,131.969878,131.969878,4208515
2009-07-30,131.969878,132.362938,130.056556,130.445074,130.445074,8185562
2009-07-31,130.445074,132.098929,130.065809,131.715969,131.715969,5670710
2009-08-03,131.715969,132.158457,129.303971,129.739820,129.739820,5835653
2009-08-04,129.739820,132.072701,129.593244,131.923657,131.923657,5641923
2009-08-05,131.923657,133.962350,131.801963,133.838890,133.838890,3810385
2009-08-06,133.838890,134.024182,132.534058,132.717798,132.717798,3455404
2009-08-07,132.717798,132.739416,132.508540,132.530127,132.530127,5687634
2009-08-10,132.530127,132.815726,127.626015,127.901639,127.901639,7830344
2009-08-11,127.901639,128.880109,125.260980,126.226636,126.226636,6657320
2009-08-12,126.226636,127.146073,125.519084,126.437339,126.437339,8151543
2009-08-13,126.437339,127.310481,125.470933,126.343426,126.343426,5648081
2009-08-14,126.343426,127.419872,124.670313,125.741632,125.741632,7042019
2009-08-17,125.741632,125.932935,125.048040,125.238577,125.238577,4289195
2009-08-18,125.238577,125.280652,124.663407,124.705302,124.705302,5250570
2009-08-19,124.705302,125.500140,124.344764,125.138351,125.138351,5122635
2009-08-20,125.138351,125.885734,122.862441,123.600640,123.600640,5487116
2009-08-21,123.600640,128.169432,123.445863,128.009134,128.009134,6928502
2009-08-24,128.009134,133.553423,127.140879,132.653664,132.653664,7958369
2009-08-25,132.653664,134.219994,132.563736,134.129065,134.129065,5110264
2009-08-26,134.129065,134.943967,131.660326,132.465119,132.465119,8608750
2009-08-27,132.465119,132.743440,132.447559,132.725846,132.725846,4204765
2009-08-28,132.725846,132.886586,131.754420,131.914177,131.914177,3749876
2009-08-31,131.914177,132.540852,131.867561,132.494031,132.494031,16736342
2009-09-01,132.494031,133.504125,131.410810,132.420343,132.420343,4081860
2009-09-02,132.420343,133.111493,130.716952,131.402791,131.402791,7356181
2009-09-03,131.402791,131.592016,130.157946,130.345649,130.345649,4461964
2009-09-04,130.345649,131.821229,130.344447,131.820013,131.820013,6259449
2009-09-07,131.820013,133.376718,128.039762,129.569894,129.569894,6082654
2009-09-08,129.569894,130.236460,129.406309,130.072241,130.072241,9303150
2009-09-09,130.072241,132.476474,129.124270,131.517967,131.517967,3415184
2009-09-10,131.517967,132.641012,131.042123,132.162835,132.162835,10541355
2009-09-11,132.162835,132.965793,130.084380,130.879541,130.879541,7786633
2009-09-14,130.879541,132.211735,130.268989,131.597832,131.597832,7366639
2009-09-15,131.597832,132.801494,130.161909,131.363427,131.363427,4189429
2009-09-16,131.363427,133.519074,131.238326,133.392041,133.392041,3835584
2009-09-17,133.392041,133.752628,130.384367,130.737779,130.737779,4470209
2009-09-18,130.737779,131.705905,130.444975,131.411592,131.411592,4440611
2009-09-21,131.411592,131.570513,130.118821,130.276369,130.276369,7338601
2009-09-22,130.276369,131.987560,129.626655,131.332579,131.332579,4847757
2009-09-23,131.332579,132.384246,130.828397,131.877970,131.877970,4375595
2009-09-24,131.877970,132.167311,130.163688,130.449896,130.449896,4888814
2009-09-25,130.449896,130.581047,129.988002,130.118821,130.118821,4045388
2009-09-28,130.118821,131.242769,127.684655,128.797186,128.797186,4296528
2009-09-29,128.797186,130.241817,126.166328,127.597503,127.597503,16818547
2009-09-30,127.597503,127.730802,126.940895,127.073647,127.073647,3649244
2009-10-01,127.073647,128.033826,125.953163,126.912121,126.912121,6728910
2009-10-02,126.912121,127.959402,125.313946,126.356643,126.356643,6549521
2009-10-05,126.356643,126.838924,126.057191,126.539040,126.539040,7118031
2009-10-06,126.539040,127.478021,123.594408,124.518395,124.518395,6237630
2009-10-07,124.518395,124.859183,122.857548,123.194713,123.194713,8494631
2009-10-08,123.194713,123.354750,122.533509,122.692894,122.692894,4951160
2009-10-09,122.692894,123.857638,121.176680,122.338055,122.338055,6360574
2009-10-12,122.338055,123.577923,121.930796,123.167902,123.167902,5627679
2009-10-13,123.167902,125.051978,122.914324,124.795050,124.795050,3809109
2009-10-14,124.795050,129.624509,124.480244,129.298343,129.298343,7560015
2009-10-15,129.298343,130.897117,128.918606,130.513809,130.513809,3154709
2009-10-16,130.513809,134.303939,129.268908,133.034990,133.034990,2949500
2009-10-19,133.034990,133.427484,132.531061,132.923225,132.923225,5173430
2009-10-20,132.923225,133.050276,132.640125,132.767026,132.767026,3526234
2009-10-21,132.767026,134.699864,132.542981,134.472940,134.472940,5646657
2009-10-22,134.472940,135.573961,134.152025,135.251189,135.251189,3561532
2009-10-23,135.251189,135.742063,135.136179,135.626734,135.626734,11607850
2009-10-26,135.626734,136.112343,131.295649,131.767440,131.767440,8498443
2009-10-27,131.767440,132.145817,131.180490,131.558266,131.558266,7341684
2009-10-28,131.558266,136.120672,130.981808,135.526824,135.526824,5599229
2009-10-29,135.526824,135.684642,134.425390,134.582108,134.582108,12551043
2009-10-30,134.582108,139.375423,134.474825,139.264408,139.264408,9116418
2009-11-02,139.264408,139.456441,137.547453,137.737380,137.737380,2804173
2009-11-03,137.737380,138.909898,135.076792,136.236534,136.236534,4921635
2009-11-04,136.236534,136.464602,134.907529,135.133751,135.133751,3448070
2009-11-05,135.133751,139.389285,134.982521,139.233466,139.233466,5350556
2009-11-06,139.233466,140.398997,138.457291,139.620664,139.620664,4222098
2009-11-09,139.620664,139.978671,139.049872,139.407333,139.407333,7533071
2009-11-10,139.407333,140.096531,138.544886,139.233225,139.233225,3686714
2009-11-11,139.233225,139.711437,135.031640,135.497020,135.497020,10761396
2009-11-12,135.497020,138.642386,135.040464,138.176801,138.176801,2596489
2009-11-13,138.176801,139.421603,136.951376,138.196008,138.196008,4672198
2009-11-16,138.196008,139.619835,137.985360,139.407340,139.407340,8554297
2009-11-17,139.407340,139.508483,136.621691,136.720885,136.720885,7529606
2009-11-18,136.720885,137.048866,136.326338,136.654159,136.654159,7743779
2009-11-19,136.654159,138.156086,134.036060,135.525583,135.525583,6870406
2009-11-20,135.525583,135.805014,134.462952,134.740764,134.740764,4055530
2009-11-23,134.740764,135.344306,131.809034,132.402100,132.402100,3446898
2009-11-24,132.402100,135.182616,131.573420,134.341796,134.341796,5619403
2009-11-25,134.341796,134.404373,131.711778,131.773158,131.773158,7486355
2009-11-26,131.773158,133.525524,131.192839,132.940065,132.940065,4507934
2009-11-27,132.940065,133.152142,131.066171,131.275592,131.275592,8926675
2009-11-30,131.275592,135.016897,130.960886,134.693996,134.693996,7842948
2009-12-01,134.693996,135.604325,133.708708,134.618528,134.618528,5998127
2009-12-02,134.618528,134.698255,130.505548,130.582884,130.582884,6496772
2009-12-03,130.582884,133.139141,129.926869,132.473628,132.473628,5210339
2009-12-04,132.473628,132.930123,130.007653,130.457200,130.457200,5946534
2009-12-07,130.457200,131.312552,128.578412,129.427009,129.427009,5991590
2009-12-08,129.427009,129.648973,129.076035,129.297777,129.297777,11999451
2009-12-09,129.297777,132.166940,128.782349,131.642166,131.642166,5131997
2009-12-10,131.642166,131.754710,130.711348,130.823192,130.823192,4650127
2009-12-11,130.823192,132.472496,130.740864,132.389182,132.389182,6006466
2009-12-14,132.389182,132.615879,129.899875,130.122691,130.122691,4106694
2009-12-15,130.122691,131.650085,129.337970,130.860912,130.860912,5078394
2009-12-16,130.860912,131.889334,130.840704,131.868970,131.868970,5833125
2009-12-17,131.868970,133.388558,131.529342,133.045898,133.045898,13491578
2009-12-18,133.045898,134.751462,132.747434,134.449848,134.449848,4005345
2009-12-21,134.449848,135.927355,134.070466,135.544883,135.544883,4465244
2009-12-22,135.544883,135.917295,129.728935,130.086350,130.086350,7740995
2009-12-23,130.086350,130.431390,129.551333,129.895869,129.895869,9319917
2009-12-24,129.895869,130.167519,125.930404,126.194313,126.194313,8879934
2009-12-25,126.194313,127.253014,125.424252,126.481202,126.481202,8050642
2009-12-28,126.481202,127.148957,125.523516,126.189732,126.189732,6383443
2009-12-29,126.189732,129.800940,125.957781,129.562789,129.562789,4137768
2009-12-30,129.562789,131.584885,128.745091,130.759634,130.759634,5362769
2009-12-31,130.759634,131.235801,129.461361,129.934524,129.934524,5673987
2010-01-01,129.934524,130.506541,129.638647,130.210037,130.210037,8264057
2010-01-04,130.210037,131.432382,129.786745,131.006501,131.006501,3854614
2010-01-05,131.006501,131.765568,129.089940,129.842261,129.842261,4121980
2010-01-06,129.842261,130.105949,127.531587,127.791110,127.791110,5938956
2010-01-07,127.791110,129.564034,126.940685,128.707511,128.707511,5746894
2010-01-08,128.707511,128.970291,117.396130,117.636307,117.636307,10572806
2010-01-11,117.636307,120.899014,116.583914,119.827022,119.827022,3400499
2010-01-12,119.827022,120.040171,118.350989,118.561887,118.561887,4591494
2010-01-13,118.561887,126.788022,118.281332,126.488709,126.488709,6335323
2010-01-14,126.488709,128.168930,126.019472,127.695217,127.695217,5953362
2010-01-15,127.695217,128.785885,124.850078,125.925632,125.925632,5105861
2010-01-18,125.925632,126.088136,124.687838,124.848953,124.848953,7115470
2010-01-19,124.848953,128.100007,124.185296,127.422669,127.422669,5647627
2010-01-20,127.422669,127.463530,125.810924,125.851281,125.851281,15129028
2010-01-21,125.851281,126.852701,123.376804,124.366409,124.366409,4135029
2010-01-22,124.366409,125.130946,123.560963,124.325247,124.325247,7348061
2010-01-25,124.325247,124.597115,122.096813,122.364393,122.364393,4689049
2010-01-26,122.364393,122.852856,121.207335,121.693118,121.693118,8406357
2010-01-27,121.693118,121.878473,119.255266,119.437185,119.437185,3928245
2010-01-28,119.437185,120.245574,119.205922,120.013195,120.013195,6381869
2010-01-29,120.013195,120.417882,118.410671,118.811305,118.811305,7543120
2010-02-01,118.811305,118.864615,117.875896,117.928810,117.928810,4708737
2010-02-02,117.928810,118.379510,116.897126,117.345598,117.345598,14995204
2010-02-03,117.345598,118.453430,117.226522,118.333352,118.333352,7206169
2010-02-04,118.333352,118.666272,116.568160,116.897038,116.897038,6207329
2010-02-05,116.897038,117.088968,116.543591,116.735255,116.735255,5645530
2010-02-08,116.735255,118.242567,116.671471,118.177994,118.177994,5304186
2010-02-09,118.177994,118.220257,116.453513,116.495175,116.495175,3040728
2010-02-10,116.495175,116.570033,115.584841,115.659162,115.659162,4810554
2010-02-11,115.659162,115.859044,114.457499,114.655647,114.655647,6022303
2010-02-12,114.655647,116.859204,113.786602,115.980120,115.980120,7612115
2010-02-15,115.980120,116.313510,113.828293,114.156440,114.156440,5684999
2010-02-16,114.156440,115.232952,113.851640,114.926098,114.926098,5108339
2010-02-17,114.926098,116.791088,114.825655,116.689105,116.689105,3812703
2010-02-18,116.689105,120.286304,116.669212,120.265802,120.265802,5907237
2010-02-19,120.265802,125.054885,120.053873,124.834905,124.834905,7315239
2010-02-22,124.834905,125.104760,120.248880,120.509385,120.509385,4861486
2010-02-23,120.509385,121.210716,120.041136,120.741564,120.741564,7742437
2010-02-24,120.741564,122.609560,120.726992,122.594765,122.594765,10148182
2010-02-25,122.594765,123.266464,120.726714,121.391822,121.391822,5076267
2010-02-26,121.391822,122.400347,121.071126,122.077839,122.077839,9353184
2010-03-01,122.077839,123.217127,121.902738,123.040646,123.040646,2644066
2010-03-02,123.040646,126.515700,122.963457,126.436381,126.436381,3432772
2010-03-03,126.436381,126.896204,126.282430,126.741881,126.741881,3443295
2010-03-04,126.741881,129.052646,125.525521,127.825883,127.825883,3919164
2010-03-05,127.825883,133.447636,127.673029,133.288251,133.288251,5466201
2010-03-08,133.288251,134.261146,133.094162,134.065925,134.065925,4419771
2010-03-09,134.065925,139.691335,133.458109,139.060873,139.060873,4957358
2010-03-10,139.060873,141.458930,138.819118,141.213432,141.213432,4006214
2010-03-11,141.213432,141.520284,140.431337,140.737154,140.737154,7866630
2010-03-12,140.737154,140.907348,137.882694,138.049639,138.049639,5132890
2010-03-15,138.049639,138.384820,137.682678,138.017782,138.017782,9217128
2010-03-16,138.017782,139.908410,137.582089,139.468138,139.468138,3422205
2010-03-17,139.468138,141.781476,138.947831,141.254505,141.254505,4404650
2010-03-18,141.254505,141.853934,140.214984,140.812537,140.812537,4887209
2010-03-19,140.812537,141.691163,137.173432,138.034725,138.034725,11251050
2010-03-22,138.034725,142.091155,137.244056,141.281886,141.281886,6720343
2010-03-23,141.281886,142.932389,140.384609,142.030359,142.030359,4097406
2010-03-24,142.030359,142.420548,141.103450,141.492160,141.492160,5714044
2010-03-25,141.492160,142.342186,140.967621,141.816444,141.816444,8500213
2010-03-26,141.816444,147.092874,141.294162,146.553147,146.553147,3176351
2010-03-29,146.553147,149.115946,146.291051,148.849743,148.849743,10151070
2010-03-30,148.849743,149.176387,148.074047,148.399703,148.399703,3946394
2010-03-31,148.399703,148.652332,146.878197,147.128662,147.128662,12899354
2010-04-01,147.128662,147.374089,146.868978,147.114382,147.114382,6831808
2010-04-02,147.114382,147.638257,147.017366,147.540960,147.540960,5470485
2010-04-05,147.540960,147.862179,145.236196,145.553088,145.553088,5628554
2010-04-06,145.553088,146.178221,142.175007,142.788266,142.788266,6992490
2010-04-07,142.788266,143.975466,142.667752,143.854052,143.854052,5347165
2010-04-08,143.854052,144.315773,143.828063,144.289705,144.289705,5396337
2010-04-09,144.289705,145.180582,144.001685,144.891362,144.891362,4263394
2010-04-12,144.891362,145.009073,142.590348,142.706284,142.706284,7112074
2010-04-13,142.706284,143.662248,140.724635,141.673681,141.673681,6376556
2010-04-14,141.673681,142.046437,140.982983,141.354900,141.354900,10901672
2010-04-15,141.354900,143.495688,141.164451,143.302615,143.302615,6088444
2010-04-16,143.302615,143.912864,141.164964,141.768681,141.768681,6415437
2010-04-19,141.768681,143.342300,140.664969,142.234957,142.234957,4055769
2010-04-20,142.234957,147.620164,141.566902,146.930057,146.930057,6206807
2010-04-21,146.930057,147.487606,142.606226,143.149430,143.149430,2942414
2010-04-22,143.149430,143.780545,140.191742,140.812555,140.812555,8109376
2010-04-23,140.812555,141.313150,140.473778,140.973985,140.973985,3224940
2010-04-26,140.973985,144.520547,140.181747,143.712917,143.712917,7019571
2010-04-27,143.712917,145.497724,142.419670,144.200094,144.200094,7250534
2010-04-28,144.200094,145.185980,143.411945,144.396756,144.396756,8390425
2010-04-29,144.396756,144.696049,143.880711,144.179554,144.179554,3772516
2010-04-30,144.179554,144.292838,140.395748,140.506146,140.506146,4274548
2010-05-03,140.506146,140.760389,140.249828,140.504067,140.504067,4943778
2010-05-04,140.504067,140.646635,137.542243,137.681947,137.681947,3627491
2010-05-05,137.681947,138.468139,136.332947,137.115907,137.115907,5085976
2010-05-06,137.115907,137.725551,136.530747,137.140286,137.140286,6036605
2010-05-07,137.140286,139.164810,135.908698,137.926164,137.926164,4798109
2010-05-10,137.926164,139.977798,137.634674,139.682596,139.682596,4960251
2010-05-11,139.682596,139.770312,134.642540,134.727144,134.727144,5692714
2010-05-12,134.727144,135.071902,134.408989,134.753684,134.753684,6552604
2010-05-13,134.753684,142.057296,134.115118,141.387295,141.387295,8692762
2010-05-14,141.387295,141.430448,139.834010,139.876702,139.876702,10756918
2010-05-17,139.876702,142.550990,139.802258,142.475163,142.475163,6726405
2010-05-18,142.475163,144.366549,141.961841,143.848279,143.848279,9187308
2010-05-19,143.848279,144.055824,143.767177,143.974651,143.974651,4883009
2010-05-20,143.974651,144.107137,141.094005,141.223960,141.223960,9354926
2010-05-21,141.223960,141.279625,140.223654,140.278947,140.278947,10311788
2010-05-24,140.278947,141.633386,140.261614,141.615888,141.615888,6613482
2010-05-25,141.615888,142.595279,139.302118,140.272216,140.272216,6183089
2010-05-26,140.272216,141.336996,139.231218,140.295822,140.295822,4046587
2010-05-27,140.295822,140.417151,138.208998,138.328625,138.328625,3421027
2010-05-28,138.328625,142.809649,137.976523,142.447063,142.447063,3778915
2010-05-31,142.447063,142.945644,142.264503,142.762679,142.762679,5306209
2010-06-01,142.762679,143.046667,136.757676,137.030261,137.030261,2560038
2010-06-02,137.030261,141.373846,135.890617,140.207775,140.207775,3430225
2010-06-03,140.207775,142.294418,139.598569,141.678820,141.678820,7069882
2010-06-04,141.678820,142.100299,141.127807,141.548900,141.548900,13402180
2010-06-07,141.548900,141.649399,140.279724,140.379393,140.379393,6256390
2010-06-08,140.379393,140.779557,139.308715,139.706963,139.706963,8926694
2010-06-09,139.706963,139.937734,138.732747,138.962288,138.962288,7373815
2010-06-10,138.962288,144.195731,137.931346,143.133841,143.133841,9180563
2010-06-11,143.133841,145.212666,142.509295,144.581802,144.581802,4324711
2010-06-14,144.581802,144.991883,143.331058,143.738749,143.738749,5535682
2010-06-15,143.738749,145.854656,142.650990,144.759176,144.759176,7734696
2010-06-16,144.759176,148.808004,144.594051,148.638455,148.638455,12238239
2010-06-17,148.638455,149.104517,146.370770,146.831166,146.831166,8602730
2010-06-18,146.831166,147.563895,146.157143,146.889604,146.889604,10418037
2010-06-21,146.889604,147.693830,146.210237,147.013889,147.013889,6274190
2010-06-22,147.013889,147.769586,146.242661,146.998278,146.998278,5885874
2010-06-23,146.998278,147.166361,146.097796,146.265040,146.265040,10561221
2010-06-24,146.265040,147.012140,143.799587,144.537865,144.537865,7078028
2010-06-25,144.537865,145.250387,143.018629,143.727154,143.727154,3982211
2010-06-28,143.727154,143.732108,142.171431,142.176332,142.176332,3719406
2010-06-29,142.176332,142.607870,137.507519,137.926157,137.926157,4775763
2010-06-30,137.926157,138.741796,136.838068,137.652087,137.652087,5571559
2010-07-01,137.652087,138.169500,136.839011,137.355309,137.355309,6468779
2010-07-02,137.355309,137.436215,135.994527,136.074680,136.074680,7653252
2010-07-05,136.074680,138.852396,135.376373,138.143473,138.143473,7098564
2010-07-06,138.143473,138.199932,135.724803,135.780296,135.780296,4897212
2010-07-07,135.780296,135.954511,135.740651,135.914826,135.914826,9938772
2010-07-08,135.914826,137.609930,134.825344,136.515632,136.515632,5887180
2010-07-09,136.515632,137.231614,136.341951,137.057243,137.057243,6380540
2010-07-12,137.057243,139.913280,136.982781,139.837307,139.837307,9637265
2010-07-13,139.837307,139.994378,138.779993,138.936052,138.936052,3287075
2010-07-14,138.936052,139.312203,137.650869,138.024552,138.024552,9235314
2010-07-15,138.024552,139.019821,135.569038,136.553701,136.553701,9070579
2010-07-16,136.553701,138.108042,135.376257,136.927375,136.927375,4099173
2010-07-19,136.927375,137.167893,136.265571,136.505347,136.505347,4674442
2010-07-20,136.505347,139.584939,136.309430,139.384891,139.384891,8277849
2010-07-21,139.384891,141.376531,139.108859,141.097108,141.097108,5600264
2010-07-22,141.097108,143.456073,140.123421,142.472891,142.472891,6772621
2010-07-23,142.472891,146.969517,142.075549,146.560775,146.560775,6169783
2010-07-26,146.560775,148.443256,146.353163,148.233275,148.233275,4700568
2010-07-27,148.233275,148.825470,145.144725,145.726907,145.726907,7532247
2010-07-28,145.726907,146.264344,145.538411,146.075397,146.075397,8182617
2010-07-29,146.075397,146.120556,145.605105,145.650132,145.650132,4612943
2010-07-30,145.650132,151.645358,145.525390,151.515592,151.515592,7560877
2010-08-02,151.515592,151.926945,150.578373,150.988293,150.988293,4530474
2010-08-03,150.988293,153.881385,149.942122,152.822505,152.822505,4664673
2010-08-04,152.822505,152.831695,147.524335,147.533206,147.533206,6959277
2010-08-05,147.533206,148.243641,145.465679,146.169547,146.169547,8271175
2010-08-06,146.169547,146.420516,141.320821,141.563883,141.563883,8693336
2010-08-09,141.563883,142.541198,138.093994,139.053982,139.053982,4310467
2010-08-10,139.053982,139.413984,136.569164,136.923651,136.923651,8201590
2010-08-11,136.923651,137.215052,136.730773,137.022034,137.022034,4921104
2010-08-12,137.022034,137.440513,136.224045,136.641360,136.641360,6687271
2010-08-13,136.641360,137.378702,136.087866,136.824466,136.824466,7517649
2010-08-16,136.824466,137.691101,136.512746,137.378120,137.378120,2833446
2010-08-17,137.378120,137.954323,135.566556,136.137556,136.137556,3992553
2010-08-18,136.137556,139.320757,135.943349,139.122292,139.122292,5877829
2010-08-19,139.122292,139.653971,138.278868,138.809351,138.809351,4959295
2010-08-20,138.809351,139.094663,138.467209,138.752404,138.752404,5582963
2010-08-23,138.752404,139.668604,135.400881,136.300893,136.300893,3922605
2010-08-24,136.300893,137.080566,135.828463,136.607075,136.607075,5356601
2010-08-25,136.607075,139.618884,136.155611,139.158986,139.158986,6097603
2010-08-26,139.158986,140.057966,139.052739,139.951114,139.951114,5536473
2010-08-27,139.951114,141.165284,139.024274,140.236555,140.236555,6330301
2010-08-30,140.236555,144.310117,139.155536,143.206207,143.206207,7337806
2010-08-31,143.206207,143.831532,142.987836,143.612542,143.612542,10773966
2010-09-01,143.612542,144.416049,142.904533,143.707572,143.707572,8138515
2010-09-02,143.707572,143.927977,142.818243,143.037621,143.037621,5205313
2010-09-03,143.037621,143.611193,142.386507,142.959766,142.959766,8046725
2010-09-06,142.959766,145.811080,142.581143,145.425925,145.425925,8597810
2010-09-07,145.425925,146.045458,145.014993,145.633939,145.633939,15754240
2010-09-08,145.633939,146.267457,142.572083,143.194991,143.194991,7766852
2010-09-09,143.194991,143.342473,140.883413,141.028664,141.028664,3788570
2010-09-10,141.028664,141.104796,140.002016,140.077635,140.077635,6273138
2010-09-13,140.077635,141.245160,139.422900,140.588039,140.588039,4799438
2010-09-14,140.588039,140.990345,138.419131,138.816367,138.816367,3873158
2010-09-15,138.816367,139.017008,137.778879,137.978309,137.978309,11931185
2010-09-16,137.978309,140.271342,136.984217,139.267958,139.267958,7091334
2010-09-17,139.267958,139.603657,139.212208,139.547795,139.547795,5875426
2010-09-20,139.547795,142.625277,138.564605,141.627435,141.627435,6707349
2010-09-21,141.627435,143.101298,140.994814,142.464936,142.464936,5353325
2010-09-22,142.464936,143.342217,141.321940,142.197575,142.197575,4888947
2010-09-23,142.197575,143.219623,141.211844,142.233643,142.233643,8518016
2010-09-24,142.233643,143.174253,140.714703,141.651463,141.651463,3938772
2010-09-27,141.651463,141.736479,140.267366,140.351602,140.351602,6442893
2010-09-28,140.351602,145.742582,140.181133,145.565780,145.565780,5224108
2010-09-29,145.565780,146.003084,144.357652,144.792634,144.792634,5471846
2010-09-30,144.792634,145.525906,142.429342,143.154317,143.154317,4893961
2010-10-01,143.154317,143.704096,139.968118,140.507733,140.507733,5135106
2010-10-04,140.507733,145.096178,140.016521,144.590692,144.590692,10728025
2010-10-05,144.590692,146.035963,144.439633,145.883553,145.883553,3578171
2010-10-06,145.883553,145.930589,143.527922,143.574213,143.574213,6536871
2010-10-07,143.574213,146.736687,142.886350,146.037024,146.037024,6977946
2010-10-08,146.037024,146.486169,144.770082,145.216704,145.216704,4476584
2010-10-11,145.216704,147.837679,144.392927,147.003765,147.003765,6259735
2010-10-12,147.003765,149.073840,146.057458,148.120345,148.120345,3191238
2010-10-13,148.120345,152.497642,147.678128,152.043711,152.043711,6720265
2010-10-14,152.043711,154.460300,151.935672,154.350622,154.350622,3468200
2010-10-15,154.350622,155.005554,151.328724,151.973570,151.973570,6280424
2010-10-18,151.973570,153.907713,151.167556,153.095748,153.095748,5776896
2010-10-19,153.095748,155.344225,152.385452,154.626825,154.626825,5113400
2010-10-20,154.626825,155.319773,151.707413,152.390339,152.390339,7929537
2010-10-21,152.390339,153.062289,151.103268,151.772494,151.772494,8842115
2010-10-22,151.772494,154.191799,151.754165,154.173180,154.173180,6682013
2010-10-25,154.173180,154.590592,153.458705,153.875311,153.875311,4815247
2010-10-26,153.875311,154.029617,151.422769,151.574769,151.574769,6115002
2010-10-27,151.574769,151.852218,151.215527,151.492825,151.492825,5869161
2010-10-28,151.492825,153.464377,151.200514,153.168831,153.168831,6594055
2010-10-29,153.168831,153.422850,150.213368,150.462899,150.462899,4214437
2010-11-01,150.462899,151.512485,150.211162,151.259416,151.259416,2800622
2010-11-02,151.259416,152.246503,150.917513,151.903146,151.903146,7350051
2010-11-03,151.903146,152.290552,150.381152,150.765658,150.765658,4116542
2010-11-04,150.765658,151.032510,147.749335,148.011312,148.011312,6154882
2010-11-05,148.011312,148.833129,147.822561,148.643571,148.643571,7299795
2010-11-08,148.643571,150.334315,148.330091,150.017936,150.017936,8985085
2010-11-09,150.017936,150.247555,149.432300,149.661373,149.661373,3132002
2010-11-10,149.661373,153.881689,148.566172,152.763785,152.763785,4415277
2010-11-11,152.763785,153.421535,151.854691,152.511354,152.511354,4216828
2010-11-12,152.511354,152.917123,151.194555,151.597894,151.597894,4910200
2010-11-15,151.597894,152.064172,148.475327,148.933411,148.933411,5762071
2010-11-16,148.933411,149.446160,146.844060,147.351363,147.351363,4651141
2010-11-17,147.351363,148.346880,146.030328,147.023631,147.023631,2914091
2010-11-18,147.023631,149.301511,146.953273,149.230097,149.230097,5575266
2010-11-19,149.230097,149.838784,146.791219,147.392410,147.392410,7547679
2010-11-22,147.392410,149.687886,146.753812,149.042139,149.042139,5253140
2010-11-23,149.042139,154.316335,148.962731,154.234160,154.234160,10437081
2010-11-24,154.234160,161.603940,153.778615,161.128033,161.128033,6194464
2010-11-25,161.128033,162.053865,153.912370,154.801852,154.801852,7987479
2010-11-26,154.801852,158.377791,154.796413,158.372227,158.372227,3654126
2010-11-29,158.372227,158.512940,158.145522,158.286159,158.286159,6057378
2010-11-30,158.286159,158.471039,156.916682,157.100177,157.100177,4129725
2010-12-01,157.100177,159.967876,156.890175,159.754327,159.754327,7331232
2010-12-02,159.754327,160.233014,156.001978,156.470827,156.470827,5410172
2010-12-03,156.470827,158.167860,156.184976,157.879436,157.879436,7400926
2010-12-06,157.879436,161.705262,157.356922,161.171852,161.171852,6545583
2010-12-07,161.171852,161.511666,160.345064,160.683850,160.683850,11008356
2010-12-08,160.683850,161.530623,157.709874,158.545378,158.545378,8942220
2010-12-09,158.545378,163.156502,157.811148,162.404401,162.404401,5687982
2010-12-10,162.404401,163.195042,162.400409,163.191031,163.191031,8670491
2010-12-13,163.191031,163.737306,162.413899,162.959399,162.959399,5913859
2010-12-14,162.959399,164.799171,162.835913,164.674385,164.674385,4228685
2010-12-15,164.674385,165.567823,163.832143,164.725320,164.725320,4179131
2010-12-16,164.725320,168.618486,163.690058,167.565375,167.565375,5779765
2010-12-17,167.565375,168.543047,162.520255,163.474055,163.474055,4826454
2010-12-20,163.474055,165.867990,162.819984,165.206985,165.206985,6767059
2010-12-21,165.206985,165.878454,164.234914,164.905157,164.905157,7011659
2010-12-22,164.905157,166.437194,161.814159,163.331577,163.331577,5444547
2010-12-23,163.331577,163.471516,163.079146,163.218989,163.218989,3595409
2010-12-24,163.218989,167.038147,162.987164,166.801234,166.801234,5843369
2010-12-27,166.801234,167.757104,164.899274,165.849691,165.849691,9607108
2010-12-28,165.849691,166.324937,164.974846,165.448943,165.448943,4362299
2010-12-29,165.448943,165.706849,164.198389,164.454745,164.454745,4653531
2010-12-30,164.454745,168.592901,163.903324,168.029494,168.029494,5422547
2010-12-31,168.029494,169.037746,166.612639,167.618425,167.618425,1742756
2011-01-03,167.618425,168.542578,167.004231,167.927253,167.927253,4430852
2011-01-04,167.927253,168.764141,167.463849,168.299709,168.299709,8431204
2011-01-05,168.299709,168.610859,167.302914,167.612793,167.612793,7256150
2011-01-06,167.612793,169.223360,167.271323,168.879310,168.879310,5267514
2011-01-07,168.879310,172.805201,168.792659,172.716580,172.716580,4719666
2011-01-10,172.716580,173.667012,170.498850,171.442270,171.442270,4978305
2011-01-11,171.442270,172.000316,169.007865,169.559784,169.559784,4151587
2011-01-12,169.559784,170.192575,167.159199,167.785367,167.785367,3659615
2011-01-13,167.785367,168.162945,165.664014,166.037659,166.037659,3037824
2011-01-14,166.037659,166.957509,161.502910,162.402622,162.402622,5011374
2011-01-17,162.402622,162.740578,160.454982,160.789582,160.789582,9380495
2011-01-18,160.789582,160.925751,159.811893,159.947350,159.947350,3205204
2011-01-19,159.947350,162.747810,159.864684,162.663740,162.663740,4071641
2011-01-20,162.663740,163.153756,160.628811,161.114158,161.114158,8783044
2011-01-21,161.114158,163.434092,160.326728,162.639208,162.639208,7741102
2011-01-24,162.639208,164.350599,162.408927,164.118224,164.118224,3321244
2011-01-25,164.118224,169.308141,162.907425,168.068200,168.068200,7849975
2011-01-26,168.068200,168.504630,163.903048,164.329769,164.329769,5798812
2011-01-27,164.329769,166.838839,163.336629,165.836592,165.836592,14609876
2011-01-28,165.836592,172.354454,165.710744,172.223758,172.223758,6455732
2011-01-31,172.223758,176.887530,171.691293,176.342331,176.342331,5661540
2011-02-01,176.342331,177.984140,176.206727,177.847379,177.847379,5999600
2011-02-02,177.847379,178.593830,173.007506,173.736704,173.736704,3238408
2011-02-03,173.736704,174.468897,173.050265,173.782278,173.782278,10856329
2011-02-04,173.782278,176.110732,172.878490,175.199574,175.199574,4008769
2011-02-07,175.199574,176.739672,174.967350,176.505717,176.505717,3864229
2011-02-08,176.505717,179.638538,176.063627,179.189725,179.189725,6585160
2011-02-09,179.189725,180.269597,174.453778,175.511483,175.511483,3617516
2011-02-10,175.511483,180.541829,174.470083,179.476901,179.476901,5996124
2011-02-11,179.476901,180.629165,177.252954,178.398294,178.398294,4847421
2011-02-14,178.398294,179.508447,175.144001,176.240728,176.240728,7475332
2011-02-15,176.240728,182.886551,175.854612,182.486751,182.486751,4902320
2011-02-16,182.486751,184.238827,182.163440,183.912989,183.912989,8705689
2011-02-17,183.912989,183.981211,183.759811,183.828002,183.828002,5019642
2011-02-18,183.828002,185.075712,182.519689,183.766986,183.766986,7144401
2011-02-21,183.766986,184.498385,182.678452,183.408424,183.408424,10030977
2011-02-22,183.408424,187.541512,182.903195,187.026317,187.026317,5731230
2011-02-23,187.026317,187.305355,186.736972,187.015995,187.015995,9457788
2011-02-24,187.015995,187.524152,186.255246,186.762715,186.762715,4240131
2011-02-25,186.762715,190.216489,186.159997,189.604600,189.604600,5177873
2011-02-28,189.604600,193.965467,189.577383,193.937628,193.937628,3695939
2011-03-01,193.937628,194.338504,188.555288,188.945846,188.945846,4841080
2011-03-02,188.945846,191.681778,187.821887,190.548287,190.548287,2862011
2011-03-03,190.548287,193.468799,190.220758,193.136821,193.136821,3593069
2011-03-04,193.136821,194.090057,192.576854,193.528952,193.528952,4354304
2011-03-07,193.528952,194.596601,192.008393,193.073529,193.073529,4258985
2011-03-08,193.073529,194.069364,190.887429,191.877093,191.877093,8344830
2011-03-09,191.877093,194.008143,191.350021,193.476677,193.476677,5826253
2011-03-10,193.476677,203.445170,193.399974,203.364547,203.364547,7236927
2011-03-11,203.364547,206.263825,202.799737,205.692549,205.692549,5473661
2011-03-14,205.692549,208.146043,205.686075,208.139492,208.139492,6946451
2011-03-15,208.139492,208.669200,206.924065,207.452023,207.452023,4363571
2011-03-16,207.452023,212.091142,206.370074,210.990737,210.990737,7220763
2011-03-17,210.990737,212.924703,210.700235,212.631942,212.631942,4880187
2011-03-18,212.631942,213.454741,210.903957,211.723240,211.723240,4369573
2011-03-21,211.723240,217.266986,211.570565,217.110426,217.110426,5448928
2011-03-22,217.110426,219.204568,216.026763,218.115887,218.115887,4593507
2011-03-23,218.115887,219.080913,215.031963,215.987572,215.987572,3344916
2011-03-24,215.987572,218.227446,215.788184,218.026176,218.026176,11274118
2011-03-25,218.026176,219.439981,217.450291,218.861889,218.861889,4679130
2011-03-28,218.861889,220.103722,216.493962,217.729369,217.729369,4288414
2011-03-29,217.729369,224.496131,217.290113,224.044136,224.044136,3998384
2011-03-30,224.044136,224.519745,222.013048,222.485349,222.485349,7966171
2011-03-31,222.485349,222.816905,217.701056,218.025967,218.025967,2137868
2011-04-01,218.025967,218.283193,216.274721,216.530183,216.530183,3820739
2011-04-04,216.530183,222.342303,216.210627,222.014653,222.014653,8889708
2011-04-05,222.014653,223.084946,217.451625,218.504999,218.504999,6329823
2011-04-06,218.504999,221.143156,217.009436,219.639826,219.639826,5795879
2011-04-07,219.639826,220.616385,215.253052,216.214381,216.214381,4435150
2011-04-08,216.214381,223.345444,215.525554,222.636158,222.636158,4556803
2011-04-11,222.636158,224.172991,222.559306,224.095634,224.095634,3701380
2011-04-12,224.095634,226.103625,223.691913,225.697019,225.697019,6057007
2011-04-13,225.697019,227.060318,223.308167,224.665234,224.665234,11151745
2011-04-14,224.665234,225.604586,216.693173,217.602996,217.602996,10231186
2011-04-15,217.602996,218.130793,215.766671,216.291287,216.291287,5218431
2011-04-18,216.291287,216.668089,212.640591,213.011680,213.011680,8360925
2011-04-19,213.011680,216.393801,211.340278,214.709080,214.709080,3953833
2011-04-20,214.709080,219.060359,214.605180,218.954405,218.954405,3617009
2011-04-21,218.954405,219.036279,218.898654,218.980521,218.980521,4497161
2011-04-22,218.980521,224.429298,217.981991,223.410567,223.410567,10286575
2011-04-25,223.410567,224.149840,222.978933,223.717613,223.717613,8512843
2011-04-26,223.717613,229.390096,222.489331,228.137548,228.137548,5182769
2011-04-27,228.137548,230.395225,226.832847,229.085106,229.085106,3281473
2011-04-28,229.085106,229.592015,225.789122,226.289846,226.289846,6553004
2011-04-29,226.289846,226.808714,224.947599,225.464574,225.464574,3323938
2011-05-02,225.464574,225.987196,224.148040,224.668818,224.668818,3973084
2011-05-03,224.668818,225.174856,220.141257,220.638217,220.638217,5120298
2011-05-04,220.638217,223.052990,220.441075,222.853869,222.853869,3946739
2011-05-05,222.853869,223.500645,222.182835,222.829540,222.829540,7118740
2011-05-06,222.829540,228.423503,222.001516,227.577833,227.577833,5059165
2011-05-09,227.577833,227.826788,224.917177,225.163490,225.163490,3313274
2011-05-10,225.163490,225.254454,223.471302,223.561619,223.561619,4394819
2011-05-11,223.561619,225.481053,222.690723,224.606089,224.606089,4788381
2011-05-12,224.606089,226.292297,224.483550,226.168905,226.168905,7765065
2011-05-13,226.168905,226.639370,218.953846,219.410252,219.410252,8999335
2011-05-16,219.410252,220.636444,216.227667,217.442865,217.442865,4143417
2011-05-17,217.442865,218.032034,213.028340,213.607116,213.607116,10611781
2011-05-18,213.607116,217.326072,213.293530,217.007494,217.007494,5270721
2011-05-19,217.007494,217.145678,213.580621,213.716709,213.716709,5420881
2011-05-20,213.716709,214.289035,212.768887,213.340204,213.340204,6669828
2011-05-23,213.340204,214.543560,212.617778,213.819511,213.819511,8491964
2011-05-24,213.819511,217.187255,213.648467,217.013656,217.013656,6007018
2011-05-25,217.013656,218.220641,205.671866,206.822168,206.822168,3655772
2011-05-26,206.822168,218.082564,204.264092,215.418168,215.418168,8680384
2011-05-27,215.418168,215.598664,213.874603,214.053955,214.053955,4210269
2011-05-30,214.053955,215.176140,207.522359,208.616035,208.616035,5975552
2011-05-31,208.616035,211.128284,207.386520,209.891253,209.891253,3490342
2011-06-01,209.891253,211.945757,209.741217,211.794361,211.794361,12242079
2011-06-02,211.794361,212.198491,210.579848,210.982428,210.982428,9948606
2011-06-03,210.982428,221.290143,210.472174,220.756251,220.756251,6469639
2011-06-06,220.756251,221.997609,219.787127,221.027296,221.027296,5145013
2011-06-07,221.027296,224.764708,220.239275,223.966209,223.966209,4366771
2011-06-08,223.966209,224.524557,218.741749,219.288435,219.288435,7976579
2011-06-09,219.288435,223.942103,218.129785,222.765083,222.765083,8831007
2011-06-10,222.765083,225.401117,222.297746,224.929240,224.929240,10213446
2011-06-13,224.929240,225.747803,219.975038,220.778496,220.778496,4792235
2011-06-14,220.778496,223.811419,219.503002,222.525830,222.525830,4311483
2011-06-15,222.525830,223.732281,213.998506,215.165049,215.165049,6091430
2011-06-16,215.165049,215.791519,214.898266,215.524290,215.524290,3436520
2011-06-17,215.524290,217.437899,215.115327,217.026087,217.026087,6687765
2011-06-20,217.026087,218.517721,216.456832,217.946053,217.946053,3868247
2011-06-21,217.946053,220.356192,217.615204,220.022191,220.022191,6734391
2011-06-22,220.022191,221.023740,213.886347,214.864418,214.864418,7177419
2011-06-23,214.864418,214.882594,214.221483,214.239605,214.239605,5799893
2011-06-24,214.239605,215.161246,209.398481,210.303188,210.303188,6992507
2011-06-27,210.303188,213.855507,209.988670,213.536154,213.536154,9416827
2011-06-28,213.536154,217.826428,212.914328,217.193950,217.193950,5398250
2011-06-29,217.193950,218.159587,216.830465,217.795096,217.795096,6228144
2011-06-30,217.795096,218.261358,217.586715,218.052731,218.052731,6160651
2011-07-01,218.052731,223.394640,217.202341,222.526801,222.526801,2291245
2011-07-04,222.526801,228.334641,221.909543,227.703025,227.703025,3281760
2011-07-05,227.703025,233.373534,226.815292,232.467227,232.467227,5841826
2011-07-06,232.467227,233.036922,228.572648,229.134175,229.134175,4647922
2011-07-07,229.134175,232.711433,224.823652,228.389280,228.389280,8569750
2011-07-08,228.389280,229.933325,228.211908,229.754892,229.754892,7655300
2011-07-11,229.754892,230.451767,227.574098,228.266458,228.266458,8734133
2011-07-12,228.266458,230.859127,228.075732,230.666396,230.666396,13205680
2011-07-13,230.666396,236.914307,228.988849,235.203761,235.203761,4485556
2011-07-14,235.203761,241.982645,234.984709,241.757489,241.757489,4635081
2011-07-15,241.757489,244.565425,240.489267,243.289168,243.289168,8058533
2011-07-18,243.289168,243.714026,241.982782,242.406098,242.406098,5437003
2011-07-19,242.406098,244.136595,241.876972,243.604853,243.604853,7231375
2011-07-20,243.604853,245.838077,243.111166,245.340871,245.340871,5561073
2011-07-21,245.340871,246.239382,245.182712,246.080746,246.080746,3891466
2011-07-22,246.080746,246.801554,245.820674,246.540997,246.540997,8850042
2011-07-25,246.540997,247.135599,242.361634,242.947570,242.947570,9829146
2011-07-26,242.947570,244.543828,240.285293,241.874501,241.874501,8835060
2011-07-27,241.874501,245.527802,240.624266,244.265209,244.265209,7727834
2011-07-28,244.265209,245.415013,243.373731,244.522595,244.522595,12898820
2011-07-29,244.522595,245.844646,241.691406,243.005253,243.005253,4620343
2011-08-01,243.005253,243.903237,242.792431,243.689815,243.689815,5941214
2011-08-02,243.689815,244.334865,237.023115,237.652183,237.652183,9675092
2011-08-03,237.652183,240.300344,236.952837,239.595280,239.595280,3488255
2011-08-04,239.595280,241.061576,237.991542,239.456991,239.456991,7888854
2011-08-05,239.456991,246.293906,237.708179,244.508203,244.508203,5064302
2011-08-08,244.508203,247.225315,242.837227,245.547238,245.547238,9124811
2011-08-09,245.547238,247.679581,243.844151,245.973538,245.973538,8073858
2011-08-10,245.973538,248.685488,245.394931,248.101875,248.101875,8927944
2011-08-11,248.101875,253.501146,247.142871,252.525045,252.525045,5529842
2011-08-12,252.525045,254.934601,245.317926,247.681264,247.681264,12652923
2011-08-15,247.681264,251.062206,245.487010,248.857531,248.857531,9313753
2011-08-16,248.857531,249.393755,248.298533,248.834708,248.834708,9796720
2011-08-17,248.834708,249.443077,247.725709,248.332850,248.332850,8460550
2011-08-18,248.332850,262.689726,246.919277,261.202892,261.202892,8068891
2011-08-19,261.202892,263.119002,261.125915,263.041484,263.041484,6275786
2011-08-22,263.041484,267.996976,260.131921,265.065030,265.065030,5832187
2011-08-23,265.065030,265.498577,261.897127,262.326195,262.326195,1899213
2011-08-24,262.326195,264.191691,255.602570,257.433271,257.433271,6208981
2011-08-25,257.433271,260.518547,256.179237,259.255637,259.255637,5982056
2011-08-26,259.255637,265.769203,259.059025,265.567804,265.567804,5413829
2011-08-29,265.567804,266.056858,264.874086,265.362762,265.362762,7018819
2011-08-30,265.362762,266.964492,265.235575,266.836599,266.836599,6852941
2011-08-31,266.836599,267.845175,265.575243,266.582860,266.582860,4705450
2011-09-01,266.582860,266.943930,261.387719,261.742233,261.742233,12565616
2011-09-02,261.742233,264.850811,255.309196,258.377816,258.377816,3977519
2011-09-05,258.377816,259.422153,253.385498,254.413813,254.413813,6178139
2011-09-06,254.413813,258.362302,253.242702,257.178465,257.178465,7149856
2011-09-07,257.178465,261.008309,257.132788,260.961960,260.961960,6289352
2011-09-08,260.961960,263.325530,260.908223,263.271317,263.271317,3260962
2011-09-09,263.271317,264.405044,262.252537,263.385820,263.385820,5765706
2011-09-12,263.385820,265.409369,262.193155,264.212959,264.212959,8961480
2011-09-13,264.212959,264.862259,255.062810,255.691168,255.691168,5624076
2011-09-14,255.691168,255.980621,253.358104,253.645241,253.645241,5256895
2011-09-15,253.645241,254.758334,249.776346,250.877293,250.877293,4152567
2011-09-16,250.877293,251.349938,247.635766,248.103184,248.103184,9995451
2011-09-19,248.103184,251.075905,248.092781,251.065378,251.065378,6070169
2011-09-20,251.065378,251.635227,248.126947,248.691408,248.691408,6041050
2011-09-21,248.691408,249.248321,247.694968,248.250894,248.250894,7175655
2011-09-22,248.250894,249.001777,246.359766,247.107189,247.107189,6871132
2011-09-23,247.107189,250.536351,245.442621,248.859975,248.859975,4077342
2011-09-26,248.859975,249.543332,248.697068,249.380085,249.380085,5673144
2011-09-27,249.380085,249.427142,245.303597,245.349894,245.349894,3265034
2011-09-28,245.349894,245.639903,244.136734,244.425651,244.425651,7565885
2011-09-29,244.425651,248.273980,243.803152,247.643287,247.643287,8959139
2011-09-30,247.643287,247.852401,246.697378,246.905870,246.905870,3862224
2011-10-03,246.905870,247.997372,239.496373,240.559820,240.559820,8479626
2011-10-04,240.559820,240.812540,239.881318,240.133590,240.133590,6084563
2011-10-05,240.133590,243.130168,239.795343,242.788181,242.788181,4829910
2011-10-06,242.788181,244.337829,242.014064,243.561246,243.561246,3984833
2011-10-07,243.561246,243.641468,237.427960,237.506188,237.506188,3936181
2011-10-10,237.506188,238.328860,233.236459,234.047149,234.047149,4540382
2011-10-11,234.047149,237.726476,233.985668,237.664045,237.664045,7258059
2011-10-12,237.664045,238.606465,237.324742,238.266302,238.266302,4769614
2011-10-13,238.266302,238.846296,237.204860,237.783680,237.783680,3062301
2011-10-14,237.783680,238.573830,237.547370,238.336970,238.336970,6670891
2011-10-17,238.336970,241.355348,237.991765,241.006277,241.006277,6311293
2011-10-18,241.006277,244.107506,239.506934,242.598260,242.598260,7381930
2011-10-19,242.598260,245.300941,240.568085,243.265185,243.265185,10157263
2011-10-20,243.265185,243.962678,239.774625,240.464086,240.464086,4625290
2011-10-21,240.464086,241.782370,238.595416,239.910666,239.910666,9037431
2011-10-24,239.910666,249.622268,239.483565,249.178668,249.178668,5323370
2011-10-25,249.178668,250.671065,247.274805,248.764723,248.764723,6529072
2011-10-26,248.764723,251.469607,248.710981,251.415293,251.415293,7407516
2011-10-27,251.415293,256.417072,250.420105,255.406088,255.406088,3748798
2011-10-28,255.406088,259.180528,252.258526,256.025334,256.025334,5102207
2011-10-31,256.025334,258.648902,254.390063,257.007359,257.007359,7862360
2011-11-01,257.007359,257.474989,252.377308,252.837351,252.837351,2450930
2011-11-02,252.837351,257.791072,251.783912,256.721450,256.721450,8426389
2011-11-03,256.721450,258.580051,254.696271,256.553657,256.553657,6454335
2011-11-04,256.553657,257.202962,254.930818,255.577653,255.577653,4497115
2011-11-07,255.577653,261.978955,255.021388,261.409996,261.409996,6681210
2011-11-08,261.409996,261.885801,258.262598,258.733531,258.733531,4177861
2011-11-09,258.733531,266.115080,258.544703,265.921007,265.921007,12728270
2011-11-10,265.921007,265.980277,264.586351,264.645336,264.645336,3775637
2011-11-11,264.645336,267.387396,263.719792,266.455522,266.455522,4604831
2011-11-14,266.455522,277.351370,265.711403,276.578980,276.578980,12148119
2011-11-15,276.578980,276.996394,275.296719,275.712826,275.712826,3556089
2011-11-16,275.712826,276.128402,273.479294,273.892125,273.892125,8895282
2011-11-17,273.892125,278.807393,272.524368,277.422007,277.422007,8519643
2011-11-18,277.422007,285.582304,276.918920,285.065356,285.065356,5426715
2011-11-21,285.065356,286.567713,282.027649,283.521871,283.521871,5097116
2011-11-22,283.521871,287.419357,281.847709,285.732143,285.732143,4546266
2011-11-23,285.732143,288.394130,278.630497,281.250733,281.250733,2880077
2011-11-24,281.250733,286.623547,281.248105,286.620869,286.620869,4199709
2011-11-25,286.620869,287.193889,283.337537,283.905128,283.905128,3943133
2011-11-28,283.905128,289.089848,283.451050,288.628215,288.628215,9592215
2011-11-29,288.628215,289.338668,283.743954,284.444108,284.444108,6119519
2011-11-30,284.444108,285.416836,282.273602,283.242220,283.242220,5623337
2011-12-01,283.242220,283.775975,277.583980,278.108059,278.108059,7376166
2011-12-02,278.108059,278.900331,276.960741,277.751999,277.751999,5937128
2011-12-05,277.751999,280.319133,267.662709,270.159671,270.159671,11055826
2011-12-06,270.159671,271.432628,264.796005,266.049596,266.049596,4508463
2011-12-07,266.049596,273.392702,265.352296,272.678030,272.678030,4627273
2011-12-08,272.678030,275.540425,271.717024,274.572743,274.572743,8549140
2011-12-09,274.572743,278.571284,272.157128,276.141865,276.141865,6280088
2011-12-12,276.141865,279.714493,275.835412,279.404420,279.404420,4264268
2011-12-13,279.404420,282.619059,277.782573,280.988020,280.988020,4805997
2011-12-14,280.988020,283.708940,280.823425,283.542849,283.542849,7637631
2011-12-15,283.542849,284.176181,282.540613,283.173119,283.173119,6587763
2011-12-16,283.173119,286.524247,281.733369,285.074828,285.074828,7398356
2011-12-19,285.074828,285.547604,284.521839,284.994482,284.994482,3851521
2011-12-20,284.994482,294.868229,284.316623,294.168550,294.168550,6779684
2011-12-21,294.168550,296.142184,283.669648,285.585699,285.585699,4079120
2011-12-22,285.585699,294.458775,284.977624,293.833139,293.833139,6023059
2011-12-23,293.833139,294.926116,291.240199,292.327576,292.327576,7734192
2011-12-26,292.327576,292.346993,287.088413,287.107484,287.107484,13591932
2011-12-27,287.107484,287.305465,285.667844,285.864968,285.864968,6226101
2011-12-28,285.864968,292.054021,285.577492,291.760615,291.760615,7340200
2011-12-29,291.760615,292.116913,288.364152,288.716733,288.716733,6638474
2011-12-30,288.716733,288.754694,283.000983,283.038198,283.038198,6308897
2012-01-02,283.038198,294.388333,281.709804,293.013123,293.013123,11406962
2012-01-03,293.013123,293.676009,290.898846,291.558441,291.558441,4218349
2012-01-04,291.558441,292.096549,290.431100,290.968118,290.968118,6548151
2012-01-05,290.968118,294.808218,289.767089,293.596340,293.596340,6756205
2012-01-06,293.596340,293.827334,290.857199,291.086217,291.086217,8889101
2012-01-09,291.086217,293.187681,284.700179,286.770486,286.770486,6291103
2012-01-10,286.770486,287.455264,284.146508,284.826644,284.826644,9037621
2012-01-11,284.826644,287.653487,282.720987,285.542538,285.542538,8306699
2012-01-12,285.542538,285.857081,271.249759,271.548888,271.548888,8636665
2012-01-13,271.548888,272.303293,271.161180,271.915063,271.915063,3645669
2012-01-16,271.915063,272.998497,268.653214,269.727934,269.727934,10200922
2012-01-17,269.727934,269.904559,267.610507,267.785861,267.785861,2420761
2012-01-18,267.785861,271.326984,266.589529,270.120223,270.120223,4588495
2012-01-19,270.120223,275.995126,269.857109,275.726551,275.726551,8704197
2012-01-20,275.726551,283.908528,274.040875,282.183377,282.183377,6596212
2012-01-23,282.183377,282.372672,278.456265,278.643185,278.643185,9101698
2012-01-24,278.643185,278.816344,275.540504,275.711841,275.711841,8359575
2012-01-25,275.711841,277.063592,272.099252,273.439864,273.439864,6688246
2012-01-26,273.439864,273.976212,272.888916,273.425235,273.425235,4318703
2012-01-27,273.425235,278.903080,273.013161,278.483383,278.483383,6431021
2012-01-30,278.483383,280.504791,278.101984,280.121149,280.121149,7497502
2012-01-31,280.121149,281.053136,275.392998,276.312313,276.312313,5200723
2012-02-01,276.312313,276.600006,258.779585,259.049303,259.049303,11761992
2012-02-02,259.049303,263.148333,258.590311,262.682903,262.682903,4508247
2012-02-03,262.682903,262.859295,260.610118,260.785236,260.785236,6818978
2012-02-06,260.785236,262.966896,260.097023,262.274752,262.274752,4834345
2012-02-07,262.274752,266.613500,261.089887,265.414451,265.414451,5549524
2012-02-08,265.414451,268.221677,264.731221,267.532994,267.532994,3080736
2012-02-09,267.532994,268.196562,261.625710,262.276240,262.276240,3571451
2012-02-10,262.276240,262.482509,258.761241,258.964906,258.964906,6138934
2012-02-13,258.964906,264.548098,258.537271,264.111963,264.111963,5253644
2012-02-14,264.111963,264.217251,261.068584,261.172700,261.172700,6508946
2012-02-15,261.172700,266.707968,259.994555,265.510257,265.510257,8254340
2012-02-16,265.510257,266.433787,256.818293,257.714708,257.714708,5722964
2012-02-17,257.714708,258.430320,254.074611,254.782079,254.782079,8808585
2012-02-20,254.782079,256.313501,253.940213,255.469364,255.469364,4981687
2012-02-21,255.469364,255.878018,251.045138,251.447358,251.447358,3432284
2012-02-22,251.447358,253.447153,246.498121,248.474270,248.474270,5876462
2012-02-23,248.474270,254.481534,247.902344,253.897126,253.897126,8032311
2012-02-24,253.897126,254.558728,252.093069,252.751687,252.751687,8656646
2012-02-27,252.751687,255.412723,252.623087,255.282836,255.282836,6910718
2012-02-28,255.282836,256.702489,254.732884,256.150667,256.150667,9423285
2012-02-29,256.150667,257.266362,253.061886,254.168949,254.168949,7042327
2012-03-01,254.168949,256.671993,253.197018,255.694229,255.694229,5671316
2012-03-02,255.694229,255.864214,253.765233,253.934048,253.934048,5141792
2012-03-05,253.934048,254.258011,253.304788,253.628360,253.628360,8604364
2012-03-06,253.628360,253.878020,253.100846,253.350231,253.350231,5294598
2012-03-07,253.350231,259.469539,252.192312,258.289047,258.289047,7807685
2012-03-08,258.289047,258.611968,257.196134,257.518092,257.518092,12570374
2012-03-09,257.518092,258.175034,251.495267,252.138486,252.138486,3752923
2012-03-12,252.138486,257.072857,251.339153,256.260457,256.260457,5458016
2012-03-13,256.260457,256.461493,251.545326,251.742818,251.742818,4817771
2012-03-14,251.742818,251.919859,247.612380,247.786640,247.786640,7185948
2012-03-15,247.786640,247.912212,243.513919,243.637388,243.637388,6253846
2012-03-16,243.637388,243.778598,239.147658,239.286346,239.286346,3309064
2012-03-19,239.286346,240.185990,238.627819,239.526801,239.526801,4097903
2012-03-20,239.526801,241.012859,236.739782,238.217718,238.217718,6663045
2012-03-21,238.217718,245.760706,237.066031,244.578268,244.578268,4509133
2012-03-22,244.578268,245.855817,239.208135,240.464194,240.464194,5730112
2012-03-23,240.464194,242.296724,240.004853,241.834766,241.834766,10530862
2012-03-26,241.834766,242.047171,239.116255,239.326458,239.326458,4405401
2012-03-27,239.326458,239.769808,234.448024,234.883143,234.883143,6078217
2012-03-28,234.883143,235.482022,232.759448,233.354429,233.354429,4175090
2012-03-29,233.354429,239.556060,232.412996,238.593490,238.593490,6783823
2012-03-30,238.593490,239.789201,234.277678,235.457674,235.457674,4061236
2012-04-02,235.457674,239.431934,233.557373,237.515029,237.515029,10688695
2012-04-03,237.515029,241.499150,236.079611,240.048421,240.048421,5501589
2012-04-04,240.048421,247.578550,239.507744,247.022165,247.022165,7668426
2012-04-05,247.022165,258.065573,246.138899,257.146107,257.146107,11702344
2012-04-06,257.146107,258.382633,253.344878,254.569013,254.569013,8630025
2012-04-09,254.569013,261.053111,252.892168,259.344807,259.344807,3903737
2012-04-10,259.344807,262.040973,259.251567,261.946797,261.946797,4789906
2012-04-11,261.946797,262.317893,259.175065,259.542755,259.542755,5630142
2012-04-12,259.542755,260.271837,253.130281,253.843352,253.843352,6573146
2012-04-13,253.843352,254.313035,253.401403,253.871038,253.871038,6612087
2012-04-16,253.871038,269.066628,253.784288,268.974717,268.974717,5129715
2012-04-17,268.974717,270.013907,268.301733,269.340009,269.340009,7574908
2012-04-18,269.340009,271.270076,269.188165,271.117231,271.117231,10490938
2012-04-19,271.117231,271.155853,267.056676,267.094725,267.094725,7236553
2012-04-20,267.094725,268.156636,265.878587,266.939882,266.939882,9338801
2012-04-23,266.939882,271.552832,265.850806,270.449437,270.449437,6421771
2012-04-24,270.449437,272.355412,263.077364,264.944543,264.944543,7115146
2012-04-25,264.944543,264.999504,262.312341,262.366767,262.366767,3806245
2012-04-26,262.366767,264.665604,261.701317,263.996021,263.996021,5777163
2012-04-27,263.996021,269.713311,262.930189,268.628775,268.628775,4499297
2012-04-30,268.628775,273.959778,267.796848,273.113961,273.113961,5357529
2012-05-01,273.113961,274.162236,271.497223,272.543308,272.543308,3417740
2012-05-02,272.543308,273.009597,270.464873,270.928398,270.928398,3188384
2012-05-03,270.928398,271.499099,270.691822,271.262231,271.262231,5834665
2012-05-04,271.262231,272.787520,269.848545,271.373256,271.373256,3493055
2012-05-07,271.373256,272.048580,268.934226,269.605150,269.605150,10848637
2012-05-08,269.605150,277.063645,266.624480,274.034011,274.034011,11686851
2012-05-09,274.034011,275.264990,273.647175,274.876964,274.876964,6041413
2012-05-10,274.876964,277.586338,274.548154,277.254685,277.254685,6446213
2012-05-11,277.254685,278.503841,270.924670,272.150831,272.150831,4556648
2012-05-14,272.150831,272.665495,269.769047,270.280173,270.280173,4455939
2012-05-15,270.280173,270.746336,267.016985,267.478315,267.478315,5645185
2012-05-16,267.478315,272.927817,265.418346,270.841943,270.841943,6293146
2012-05-17,270.841943,273.119643,265.676957,267.930169,267.930169,4728322
2012-05-18,267.930169,272.029590,267.394975,271.487291,271.487291,4050419
2012-05-21,271.487291,275.394585,269.959899,273.853879,273.853879,8947605
2012-05-22,273.853879,275.502368,272.389650,274.037160,274.037160,3099790
2012-05-23,274.037160,286.156573,271.812684,283.852422,283.852422,7974325
2012-05-24,283.852422,284.352884,283.196343,283.696531,283.696531,7181931
2012-05-25,283.696531,288.262820,281.676705,286.224992,286.224992,8025974
2012-05-28,286.224992,289.917836,285.176527,288.859721,288.859721,7816204
2012-05-29,288.859721,289.218048,287.617939,287.975169,287.975169,6121867
2012-05-30,287.975169,288.547878,276.992019,277.543983,277.543983,5227648
2012-05-31,277.543983,280.415675,275.921965,278.786396,278.786396,4575790
2012-06-01,278.786396,279.716127,278.674349,279.603751,279.603751,4099843
2012-06-04,279.603751,280.873293,271.278062,272.515419,272.515419,4891654
2012-06-05,272.515419,273.532796,268.829712,269.837090,269.837090,9417242
2012-06-06,269.837090,275.208065,268.883513,274.238933,274.238933,5943953
2012-06-07,274.238933,275.840829,271.844455,273.441694,273.441694,3446730
2012-06-08,273.441694,274.222968,268.233871,269.002462,269.002462,8483834
2012-06-11,269.002462,269.076446,267.408180,267.481746,267.481746,4769781
2012-06-12,267.481746,267.497904,263.077079,263.092972,263.092972,6603481
2012-06-13,263.092972,263.394436,259.377782,259.675330,259.675330,4386511
2012-06-14,259.675330,260.182724,257.900583,258.405496,258.405496,6630293
2012-06-15,258.405496,262.046681,257.261432,260.891610,260.891610,5188814
2012-06-18,260.891610,261.067085,260.442126,260.617417,260.617417,5066303
2012-06-19,260.617417,262.337021,259.851812,261.568622,261.568622,6954860
2012-06-20,261.568622,261.603681,259.547482,259.582275,259.582275,9490120
2012-06-21,259.582275,266.050110,258.898687,265.351329,265.351329,3506233
2012-06-22,265.351329,266.496040,264.548484,265.692164,265.692164,6090405
2012-06-25,265.692164,270.559369,264.560285,269.411645,269.411645,5465519
2012-06-26,269.411645,270.397400,267.153857,268.134940,268.134940,7700795
2012-06-27,268.134940,272.029969,265.726618,269.608413,269.608413,5044204
2012-06-28,269.608413,274.002965,268.962442,273.348035,273.348035,6477474
2012-06-29,273.348035,277.329521,272.764188,276.738433,276.738433,5921202
2012-07-02,276.738433,278.818544,271.665978,273.723427,273.723427,4898845
2012-07-03,273.723427,274.592682,273.330863,274.199436,274.199436,9020185
2012-07-04,274.199436,277.427055,273.907591,277.132089,277.132089,3753585
2012-07-05,277.132089,283.038198,276.324570,282.215865,282.215865,3523308
2012-07-06,282.215865,287.125133,282.068073,286.974848,286.974848,7832181
2012-07-09,286.974848,287.242092,282.835830,283.099465,283.099465,9744493
2012-07-10,283.099465,289.404951,281.225479,287.501823,287.501823,9019203
2012-07-11,287.501823,288.249178,281.258963,281.991995,281.991995,5478960
2012-07-12,281.991995,289.265395,280.958841,288.209462,288.209462,8006316
2012-07-13,288.209462,291.945210,284.291894,288.025254,288.025254,5108310
2012-07-16,288.025254,289.189036,281.029980,282.170104,282.170104,10147721
2012-07-17,282.170104,284.718083,277.396038,279.923733,279.923733,6698444
2012-07-18,279.923733,288.136206,277.228988,285.388850,285.388850,5408942
2012-07-19,285.388850,287.592254,282.964661,285.166347,285.166347,4944854
2012-07-20,285.166347,290.809204,284.336224,289.965113,289.965113,6463621
2012-07-23,289.965113,290.517202,286.430745,286.977146,286.977146,6542288
2012-07-24,286.977146,287.641815,286.961679,287.626313,287.626313,6775867
2012-07-25,287.626313,288.097849,287.066106,287.537497,287.537497,7746627
2012-07-26,287.537497,290.037645,287.271864,289.769950,289.769950,8170777
2012-07-27,289.769950,291.634564,288.952978,290.814647,290.814647,9902710
2012-07-30,290.814647,291.661648,286.345868,287.182290,287.182290,6338838
2012-07-31,287.182290,288.602815,279.303172,280.691591,280.691591,8001269
2012-08-01,280.691591,282.105730,279.923784,281.336159,281.336159,12517582
2012-08-02,281.336159,285.058907,279.783709,283.494547,283.494547,5578614
2012-08-03,283.494547,284.539503,283.017472,284.061474,284.061474,7285257
2012-08-06,284.061474,288.131307,284.055144,288.124887,288.124887,4897850
2012-08-07,288.124887,289.322484,286.509651,287.705505,287.705505,3827225
2012-08-08,287.705505,292.451458,285.657215,290.384098,290.384098,6391441
2012-08-09,290.384098,293.325798,290.192527,293.132415,293.132415,5254780
2012-08-10,293.132415,298.757355,290.722353,296.321077,296.321077,9535709
2012-08-13,296.321077,303.957791,295.619595,303.239930,303.239930,8844369
2012-08-14,303.239930,304.188263,297.049403,297.981291,297.981291,3870437
2012-08-15,297.981291,300.118491,296.765797,298.899253,298.899253,6354987
2012-08-16,298.899253,300.477494,295.071906,296.638209,296.638209,4271791
2012-08-17,296.638209,300.521378,296.616553,300.499440,300.499440,7911455
2012-08-20,300.499440,309.504074,299.880331,308.867723,308.867723,6914332
2012-08-21,308.867723,313.933402,306.636150,311.681498,311.681498,8106698
2012-08-22,311.681498,312.067365,310.121823,310.506234,310.506234,4008361
2012-08-23,310.506234,313.482270,310.039407,313.011676,313.011676,4957461
2012-08-24,313.011676,319.914903,310.101144,316.967588,316.967588,3980718
2012-08-27,316.967588,317.939619,315.019713,315.988742,315.988742,4736299
2012-08-28,315.988742,319.529085,312.638537,316.176885,316.176885,5971763
2012-08-29,316.176885,316.254840,311.298981,311.375753,311.375753,6869687
2012-08-30,311.375753,312.476697,311.204700,312.305134,312.305134,9648541
2012-08-31,312.305134,313.296052,303.529154,304.495292,304.495292,9934920
2012-09-03,304.495292,313.667704,303.326126,312.467926,312.467926,6423001
2012-09-04,312.467926,313.024113,305.838794,306.384153,306.384153,7694873
2012-09-05,306.384153,310.431468,305.451756,309.489621,309.489621,5729132
2012-09-06,309.489621,310.247797,309.305731,310.063566,310.063566,5141467
2012-09-07,310.063566,310.666389,300.881706,301.467817,301.467817,5214750
2012-09-10,301.467817,301.663698,297.980845,298.174586,298.174586,6930757
2012-09-11,298.174586,303.501127,297.039281,302.349924,302.349924,12382435
2012-09-12,302.349924,307.238583,299.728630,304.597801,304.597801,12226578
2012-09-13,304.597801,304.713705,304.387108,304.502977,304.502977,10496543
2012-09-14,304.502977,306.489124,302.240501,304.224834,304.224834,10303438
2012-09-17,304.224834,308.349958,303.762388,307.881952,307.881952,5623761
2012-09-18,307.881952,316.406261,307.707882,316.227473,316.227473,6576888
2012-09-19,316.227473,317.770540,305.109030,306.605144,306.605144,5831858
2012-09-20,306.605144,308.214987,305.320726,306.929211,306.929211,8266718
2012-09-21,306.929211,308.934522,299.355951,301.324645,301.324645,7753672
2012-09-24,301.324645,303.291634,295.948763,297.893353,297.893353,4566396
2012-09-25,297.893353,297.907666,296.302694,296.316931,296.316931,8269969
2012-09-26,296.316931,303.680083,294.610044,301.940801,301.940801,5981275
2012-09-27,301.940801,301.978084,300.526046,300.563159,300.563159,11270040
2012-09-28,300.563159,303.239061,300.180956,302.853945,302.853945,5196498
2012-10-01,302.853945,310.664099,299.921642,307.685020,307.685020,6826850
2012-10-02,307.685020,309.143635,303.851279,305.298581,305.298581,9383448
2012-10-03,305.298581,305.472610,301.652833,301.824881,301.824881,12491910
2012-10-04,301.824881,318.095622,301.580854,317.838647,317.838647,3839480
2012-10-05,317.838647,319.326919,316.315276,317.803383,317.803383,8663425
2012-10-08,317.803383,318.430038,313.158690,313.777406,313.777406,8706218
2012-10-09,313.777406,321.384609,313.179029,320.772891,320.772891,3101708
2012-10-10,320.772891,321.706319,318.407075,319.336322,319.336322,6575436
2012-10-11,319.336322,322.222379,318.886472,321.769101,321.769101,4543121
2012-10-12,321.769101,322.297434,319.792839,320.318791,320.318791,12253503
2012-10-15,320.318791,320.893225,319.904434,320.478662,320.478662,6992341
2012-10-16,320.478662,320.767628,315.171632,315.456070,315.456070,5098363
2012-10-17,315.456070,317.127630,313.396053,315.065544,315.065544,8478172
2012-10-18,315.065544,316.018717,310.204532,311.145847,311.145847,9072918
2012-10-19,311.145847,314.499708,310.161635,313.508024,313.508024,6889776
2012-10-22,313.508024,317.074925,312.367110,315.925214,315.925214,8829529
2012-10-23,315.925214,316.406949,315.357746,315.839349,315.839349,3371218
2012-10-24,315.839349,316.181724,312.724104,313.063469,313.063469,5101652
2012-10-25,313.063469,316.903426,312.781443,316.618197,316.618197,3201302
2012-10-26,316.618197,317.136489,308.120808,308.626017,308.626017,8024988
2012-10-29,308.626017,311.321137,308.179239,310.871109,310.871109,4410974
2012-10-30,310.871109,317.262784,309.217562,315.584168,315.584168,4414497
2012-10-31,315.584168,315.969821,312.510577,312.892942,312.892942,4334164
2012-11-01,312.892942,316.509016,312.627320,316.240552,316.240552,8365481
2012-11-02,316.240552,323.814280,315.526941,323.085224,323.085224,9143304
2012-11-05,323.085224,324.225172,319.296438,320.427007,320.427007,6340366
2012-11-06,320.427007,320.541023,318.397659,318.510993,318.510993,3604457
2012-11-07,318.510993,323.491505,318.416848,323.395916,323.395916,3250582
2012-11-08,323.395916,323.544866,321.330672,321.478739,321.478739,6692193
2012-11-09,321.478739,322.555978,321.231336,322.307937,322.307937,7365038
2012-11-12,322.307937,335.086497,321.325879,334.068605,334.068605,7889665
2012-11-13,334.068605,335.260665,329.138480,330.317154,330.317154,5584778
2012-11-14,330.317154,330.872757,326.198235,326.747834,326.747834,7811838
2012-11-15,326.747834,328.598602,318.631084,320.446157,320.446157,4043911
2012-11-16,320.446157,328.863825,319.117693,327.506093,327.506093,6817304
2012-11-19,327.506093,329.239761,322.037726,323.751519,323.751519,4128680
2012-11-20,323.751519,327.099028,322.743849,326.084099,326.084099,8188556
2012-11-21,326.084099,335.623159,324.872379,334.380610,334.380610,5833443
2012-11-22,334.380610,335.553714,327.178864,328.330743,328.330743,4900025
2012-11-23,328.330743,329.630106,324.725228,326.015428,326.015428,5713617
2012-11-26,326.015428,328.216420,320.637788,322.817188,322.817188,9115303
2012-11-27,322.817188,329.265494,322.519805,328.962449,328.962449,3282020
2012-11-28,328.962449,330.632696,321.954703,323.597711,323.597711,5763619
2012-11-29,323.597711,325.042672,315.134243,316.547724,316.547724,6690279
2012-11-30,316.547724,328.941745,314.768118,327.102800,327.102800,4511082
2012-12-03,327.102800,327.528538,321.828937,322.248356,322.248356,3877602
2012-12-04,322.248356,323.933669,322.199394,323.884458,323.884458,4816072
2012-12-05,323.884458,326.216389,323.602394,325.932541,325.932541,3997350
2012-12-06,325.932541,330.994063,324.934674,329.983794,329.983794,7323030
2012-12-07,329.983794,334.657929,328.335191,332.994285,332.994285,7073036
2012-12-10,332.994285,333.087462,312.880909,312.968483,312.968483,2866780
2012-12-11,312.968483,319.682902,311.280821,317.968279,317.968279,3252035
2012-12-12,317.968279,321.375519,316.594058,319.992549,319.992549,8502433
2012-12-13,319.992549,322.171089,315.518575,317.681380,317.681380,8056751
2012-12-14,317.681380,320.206251,317.368017,319.890709,319.890709,8044378
2012-12-17,319.890709,320.849824,316.173521,317.124342,317.124342,5760871
2012-12-18,317.124342,324.759928,315.617208,323.223806,323.223806,9024610
2012-12-19,323.223806,326.135241,317.390817,320.275697,320.275697,4478221
2012-12-20,320.275697,332.500748,320.156324,332.376865,332.376865,4939692
2012-12-21,332.376865,332.920453,327.265840,327.801946,327.801946,6144440
2012-12-24,327.801946,329.626512,325.357393,327.178488,327.178488,8521321
2012-12-25,327.178488,328.398592,322.269128,323.475423,323.475423,2963694
2012-12-26,323.475423,328.274493,322.907391,327.699044,327.699044,7493703
2012-12-27,327.699044,334.024446,327.235356,333.552476,333.552476,7313400
2012-12-28,333.552476,338.539414,332.623790,337.599461,337.599461,3600604
2012-12-31,337.599461,343.153157,335.775912,341.309568,341.309568,6511123
2013-01-01,341.309568,342.556207,340.582829,341.828364,341.828364,4936829
2013-01-02,341.828364,344.769311,341.244659,344.181588,344.181588,6119054
2013-01-03,344.181588,347.916707,343.591379,347.321115,347.321115,9910961
2013-01-04,347.321115,348.841363,342.965581,344.473364,344.473364,4324621
2013-01-07,344.473364,348.601957,335.035431,339.099619,339.099619,7735481
2013-01-08,339.099619,340.215850,332.425814,333.523690,333.523690,8243371
2013-01-09,333.523690,339.167994,332.820428,338.454335,338.454335,4788153
2013-01-10,338.454335,340.237326,338.392555,340.175231,340.175231,8367139
2013-01-11,340.175231,342.650354,337.167858,339.639080,339.639080,6872563
2013-01-14,339.639080,339.683854,337.338975,337.383451,337.383451,6451855
2013-01-15,337.383451,339.054522,336.957885,338.627387,338.627387,4109515
2013-01-16,338.627387,339.480724,335.214370,336.061240,336.061240,8995560
2013-01-17,336.061240,338.460989,334.467551,336.863495,336.863495,9958615
2013-01-18,336.863495,343.117623,335.293539,341.525937,341.525937,4625511
2013-01-21,341.525937,342.729174,337.881429,339.076034,339.076034,5849670
2013-01-22,339.076034,339.157211,330.518258,330.597404,330.597404,5863528
2013-01-23,330.597404,333.236072,325.040495,327.655683,327.655683,5467752
2013-01-24,327.655683,332.767994,326.739274,331.839883,331.839883,3860307
2013-01-25,331.839883,332.640413,325.549214,326.336467,326.336467,2963591
2013-01-28,326.336467,328.140305,317.681677,319.447436,319.447436,7336354
2013-01-29,319.447436,319.626410,315.346363,315.523140,315.523140,5751153
2013-01-30,315.523140,316.348708,313.594505,314.417180,314.417180,6620110
2013-01-31,314.417180,316.041584,314.304239,315.928100,315.928100,8118569
2013-02-01,315.928100,316.889624,313.075027,314.030776,314.030776,4763718
2013-02-04,314.030776,315.645692,311.979834,313.592496,313.592496,3229960
2013-02-05,313.592496,317.309148,312.052640,315.758656,315.758656,15093761
2013-02-06,315.758656,317.604341,307.961772,309.772467,309.772467,5672936
2013-02-07,309.772467,310.409078,300.574761,301.193742,301.193742,12360668
2013-02-08,301.193742,303.202787,296.516902,298.508032,298.508032,5535647
2013-02-11,298.508032,299.025365,298.168755,298.685886,298.685886,10337043
2013-02-12,298.685886,299.983531,288.276882,289.534770,289.534770,8044139
2013-02-13,289.534770,290.186757,282.501754,283.139339,283.139339,8314318
2013-02-14,283.139339,285.145969,282.000890,284.004043,284.004043,10269379
2013-02-15,284.004043,285.165085,281.884822,283.041931,283.041931,10532891
2013-02-18,283.041931,287.162720,282.225339,286.336622,286.336622,6856205
2013-02-19,286.336622,286.687634,284.812879,285.162451,285.162451,8564903
2013-02-20,285.162451,287.967570,279.025871,281.797893,281.797893,4586840
2013-02-21,281.797893,282.800747,276.563677,277.551419,277.551419,5085461
2013-02-22,277.551419,277.893821,272.470967,272.807517,272.807517,4839429
2013-02-25,272.807517,278.518727,271.738930,277.432025,277.432025,6818136
2013-02-26,277.432025,284.092716,276.362602,283.001822,283.001822,4037624
2013-02-27,283.001822,286.496010,281.336139,284.819628,284.819628,8069315
2013-02-28,284.819628,285.303194,282.013896,282.493513,282.493513,9460263
2013-03-01,282.493513,283.180277,281.784802,282.471512,282.471512,12016023
2013-03-04,282.471512,283.610546,280.722455,281.859019,281.859019,7130103
2013-03-05,281.859019,282.739687,280.415437,281.294341,281.294341,5293834
2013-03-06,281.294341,284.582973,280.714537,283.997597,283.997597,5062688
2013-03-07,283.997597,284.031654,282.707192,282.741098,282.741098,9626576
2013-03-08,282.741098,284.980595,281.785605,284.020778,284.020778,12272497
2013-03-11,284.020778,286.541027,281.191777,283.709262,283.709262,13800546
2013-03-12,283.709262,289.047694,282.449982,287.770387,287.770387,6168604
2013-03-13,287.770387,296.445919,285.312382,293.935256,293.935256,3400607
2013-03-14,293.935256,300.097728,289.380327,295.518268,295.518268,6242608
2013-03-15,295.518268,298.934293,295.238832,298.651894,298.651894,4763104
2013-03-18,298.651894,299.524246,295.009849,295.874087,295.874087,7218882
2013-03-19,295.874087,298.593257,293.819212,296.533800,296.533800,3959142
2013-03-20,296.533800,306.554389,295.431159,305.418710,305.418710,3855012
2013-03-21,305.418710,313.081473,303.299836,310.924403,310.924403,7738214
2013-03-22,310.924403,311.988226,303.595608,304.637922,304.637922,6779244
2013-03-25,304.637922,308.838862,301.798134,305.986503,305.986503,3607594
2013-03-26,305.986503,306.024102,289.469917,289.505492,289.505492,7669617
2013-03-27,289.505492,293.670789,287.827076,291.978039,291.978039,4203131
2013-03-28,291.978039,295.590070,289.364088,292.967263,292.967263,6941366
2013-03-29,292.967263,294.021815,290.967331,292.018468,292.018468,4310608
2013-04-01,292.018468,292.699312,285.266785,285.933441,285.933441,5728267
2013-04-02,285.933441,286.352187,279.560834,279.970849,279.970849,3247045
2013-04-03,279.970849,280.305771,273.046991,273.374022,273.374022,7717744
2013-04-04,273.374022,274.036941,269.751511,270.407235,270.407235,5199535
2013-04-05,270.407235,271.355329,260.516411,261.433040,261.433040,4585414
2013-04-08,261.433040,263.141384,259.348471,261.054341,261.054341,7072835
2013-04-09,261.054341,267.434444,259.295536,265.644712,265.644712,5748152
2013-04-10,265.644712,266.928002,265.162108,266.443946,266.443946,8988790
2013-04-11,266.443946,269.060907,264.763350,267.374443,267.374443,5082433
2013-04-12,267.374443,271.788663,267.101184,271.511176,271.511176,3079753
2013-04-15,271.511176,271.519969,267.212258,267.220911,267.220911,4777807
2013-04-16,267.220911,267.222229,265.713549,265.714860,265.714860,6642819
2013-04-17,265.714860,272.811155,264.677009,271.749733,271.749733,5668152
2013-04-18,271.749733,273.534739,269.917733,271.702428,271.702428,7273607
2013-04-19,271.702428,274.394767,271.345321,274.034595,274.034595,3017856
2013-04-22,274.034595,278.335797,272.853974,277.141789,277.141789,3411047
2013-04-23,277.141789,284.913180,275.169139,282.899547,282.899547,5729896
2013-04-24,282.899547,287.533374,282.772752,287.404560,287.404560,8762068
2013-04-25,287.404560,290.964795,286.564610,290.116917,290.116917,8299715
2013-04-26,290.116917,304.665205,289.888933,304.425977,304.425977,7827289
2013-04-29,304.425977,305.283389,301.118882,301.969375,301.969375,5089370
2013-04-30,301.969375,305.756760,300.445658,304.221678,304.221678,6415078
2013-05-01,304.221678,304.488824,302.570418,302.836347,302.836347,4198422
2013-05-02,302.836347,303.653741,301.488509,302.304466,302.304466,9382299
2013-05-03,302.304466,308.853720,301.404218,307.936699,307.936699,11685277
2013-05-06,307.936699,312.929436,307.910561,312.902876,312.902876,4379628
2013-05-07,312.902876,325.761710,309.895205,322.660250,322.660250,7386366
2013-05-08,322.660250,329.430172,321.943020,328.699518,328.699518,4388431
2013-05-09,328.699518,328.980104,327.566283,327.846140,327.846140,10981466
2013-05-10,327.846140,334.956042,327.580350,334.684708,334.684708,6192620
2013-05-13,334.684708,344.879364,333.727389,343.895698,343.895698,6780012
2013-05-14,343.895698,343.980080,333.692202,333.774100,333.774100,6244951
2013-05-15,333.774100,336.997025,333.612067,336.833507,336.833507,3241239
2013-05-16,336.833507,337.087257,334.589368,334.841618,334.841618,4441585
2013-05-17,334.841618,335.132715,329.976123,330.263240,330.263240,6044937
2013-05-20,330.263240,345.207663,326.365280,341.180848,341.180848,4363840
2013-05-21,341.180848,348.853506,339.085982,346.724602,346.724602,4810744
2013-05-22,346.724602,346.952505,345.226237,345.453304,345.453304,9103774
2013-05-23,345.453304,348.410404,344.368432,347.319670,347.319670,4469536
2013-05-24,347.319670,348.085837,343.816629,344.576745,344.576745,11713304
2013-05-27,344.576745,361.840051,343.120182,360.316953,360.316953,6760877
2013-05-28,360.316953,364.780673,359.930310,364.389660,364.389660,4168129
2013-05-29,364.389660,365.859639,356.169175,357.611811,357.611811,6796063
2013-05-30,357.611811,363.179229,356.733314,362.289242,362.289242,3973547
2013-05-31,362.289242,364.085406,359.856324,361.649315,361.649315,3372452
2013-06-03,361.649315,362.250858,359.163277,359.761680,359.761680,4451560
2013-06-04,359.761680,361.287161,359.147403,360.671331,360.671331,4844577
2013-06-05,360.671331,361.218305,359.561354,360.107474,360.107474,9052485
2013-06-06,360.107474,361.407237,356.130662,357.420728,357.420728,7069987
2013-06-07,357.420728,357.592030,351.269932,351.438366,351.438366,4416039
2013-06-10,351.438366,351.788924,349.315884,349.664672,349.664672,5029962
2013-06-11,349.664672,351.279413,349.488899,351.102916,351.102916,4997231
2013-06-12,351.102916,358.646639,350.032493,357.556540,357.556540,5779747
2013-06-13,357.556540,362.439656,355.827600,360.695537,360.695537,3284970
2013-06-14,360.695537,362.988680,360.007982,362.298070,362.298070,6390586
2013-06-17,362.298070,363.739614,361.939037,363.379510,363.379510,6798780
2013-06-18,363.379510,373.824639,361.844258,372.251902,372.251902,3202476
2013-06-19,372.251902,372.649392,356.307374,356.688244,356.688244,5948260
2013-06-20,356.688244,356.969984,356.263611,356.545237,356.545237,9239087
2013-06-21,356.545237,359.145482,355.760993,358.357252,358.357252,6527212
2013-06-24,358.357252,359.129086,351.373263,352.131688,352.131688,7404443
2013-06-25,352.131688,353.091003,348.658495,349.610942,349.610942,10356099
2013-06-26,349.610942,350.667102,349.116820,350.172186,350.172186,6686826
2013-06-27,350.172186,351.212589,346.026849,347.057999,347.057999,6121260
2013-06-28,347.057999,357.663024,345.614221,356.181293,356.181293,7315157
2013-07-01,356.181293,357.907223,351.178596,352.888570,352.888570,8006311
2013-07-02,352.888570,354.611757,352.532403,354.254212,354.254212,9050494
2013-07-03,354.254212,359.092782,353.617693,358.448728,358.448728,5721369
2013-07-04,358.448728,359.154657,353.301822,353.998988,353.998988,3712989
2013-07-05,353.998988,355.747384,348.455777,350.185338,350.185338,4881551
2013-07-08,350.185338,357.598207,349.352687,356.749947,356.749947,5373905
2013-07-09,356.749947,358.316106,348.977445,350.516238,350.516238,6350991
2013-07-10,350.516238,358.338858,349.708762,357.515259,357.515259,6565841
2013-07-11,357.515259,365.139643,355.815332,363.411679,363.411679,15737834
2013-07-12,363.411679,368.804289,363.064473,368.452266,368.452266,4403766
2013-07-15,368.452266,368.942947,348.990436,349.455818,349.455818,5898495
2013-07-16,349.455818,351.201279,347.798423,349.543468,349.543468,7045824
2013-07-17,349.543468,352.917904,347.633333,350.999810,350.999810,6768001
2013-07-18,350.999810,352.834488,350.503074,352.335860,352.335860,7449895
2013-07-19,352.335860,357.510862,351.274870,356.437521,356.437521,4760547
2013-07-22,356.437521,358.553435,355.721722,357.834830,357.834830,8551396
2013-07-23,357.834830,360.145658,353.306237,355.602651,355.602651,6537385
2013-07-24,355.602651,362.121061,354.292408,360.791698,360.791698,5407579
2013-07-25,360.791698,362.320220,350.673945,352.165924,352.165924,6292096
2013-07-26,352.165924,356.184589,349.646694,353.654709,353.654709,5616260
2013-07-29,353.654709,361.333941,352.766802,360.429025,360.429025,5683552
2013-07-30,360.429025,363.638469,352.401139,355.567291,355.567291,5779658
2013-07-31,355.567291,357.214114,349.601292,351.228017,351.228017,5833041
2013-08-01,351.228017,357.737470,348.494201,354.974492,354.974492,5405930
2013-08-02,354.974492,356.784142,353.615445,355.423375,355.423375,5375793
2013-08-05,355.423375,357.826258,354.529571,356.928669,356.928669,7391803
2013-08-06,356.928669,358.139969,352.864885,354.066472,354.066472,7955815
2013-08-07,354.066472,357.599463,350.676337,354.207973,354.207973,7142055
2013-08-08,354.207973,359.876752,353.452318,359.110638,359.110638,4029997
2013-08-09,359.110638,361.017292,356.349936,358.252031,358.252031,6305255
2013-08-12,358.252031,358.288758,355.988718,356.025216,356.025216,5479078
2013-08-13,356.025216,357.791076,354.483306,356.248200,356.248200,5681392
2013-08-14,356.248200,360.018366,351.922328,355.686550,355.686550,6473387
2013-08-15,355.686550,357.025136,354.755437,356.092960,356.092960,6179569
2013-08-16,356.092960,362.724309,355.707775,362.332376,362.332376,4924604
2013-08-19,362.332376,366.953728,361.470648,366.083080,366.083080,6736748
2013-08-20,366.083080,368.110503,362.548969,364.568001,364.568001,5168554
2013-08-21,364.568001,367.219703,363.836788,366.484646,366.484646,7635654
2013-08-22,366.484646,369.129211,365.630568,368.270969,368.270969,8989515
2013-08-23,368.270969,370.002109,366.555590,368.286657,368.286657,6426516
2013-08-26,368.286657,380.627725,367.012169,379.315071,379.315071,6762847
2013-08-27,379.315071,380.505144,377.398442,378.586228,378.586228,5166411
2013-08-28,378.586228,381.240308,377.522158,380.171781,380.171781,6017914
2013-08-29,380.171781,384.500956,380.138641,384.467442,384.467442,10585921
2013-08-30,384.467442,395.183706,383.178004,393.862757,393.862757,6516828
2013-09-02,393.862757,394.216111,389.439477,389.789176,389.789176,5719465
2013-09-03,389.789176,391.459483,381.054473,382.694378,382.694378,7385070
2013-09-04,382.694378,390.778082,380.112995,388.159833,388.159833,9849199
2013-09-05,388.159833,389.094593,384.684878,385.613507,385.613507,5576997
2013-09-06,385.613507,387.196366,384.948868,386.530148,386.530148,15919940
2013-09-09,386.530148,387.117637,380.906675,381.486498,381.486498,7648506
2013-09-10,381.486498,391.670072,380.034449,390.184914,390.184914,9393337
2013-09-11,390.184914,390.337870,389.386572,389.539276,389.539276,8071915
2013-09-12,389.539276,391.555734,388.822693,390.836765,390.836765,5131797
2013-09-13,390.836765,403.645007,388.343331,401.086185,401.086185,3659928
2013-09-16,401.086185,411.549574,400.378568,410.824775,410.824775,11134985
2013-09-17,410.824775,419.319407,410.616690,419.107127,419.107127,9004011
2013-09-18,419.107127,429.093008,416.581923,426.523121,426.523121,5785809
2013-09-19,426.523121,431.973314,425.189772,430.627135,430.627135,9189825
2013-09-20,430.627135,430.734367,425.535433,425.641424,425.641424,3643354
2013-09-23,425.641424,428.049447,421.312062,423.709152,423.709152,5629783
2013-09-24,423.709152,426.737053,412.150923,415.117426,415.117426,8223054
2013-09-25,415.117426,417.230501,414.004202,416.114604,416.114604,10014692
2013-09-26,416.114604,416.522020,411.525257,411.928574,411.928574,5097747
2013-09-27,411.928574,418.743960,411.145982,417.949928,417.949928,2365320
2013-09-30,417.949928,419.156538,388.410583,389.535160,389.535160,4340169
2013-10-01,389.535160,392.880147,388.772134,392.112073,392.112073,6533958
2013-10-02,392.112073,392.853568,371.856129,372.560651,372.560651,5030885
2013-10-03,372.560651,379.142909,371.097177,377.659407,377.659407,7117122
2013-10-04,377.659407,379.741171,373.486747,375.556922,375.556922,5605650
2013-10-07,375.556922,377.816745,366.031989,368.247831,368.247831,5701072
2013-10-08,368.247831,369.362643,365.729858,366.840410,366.840410,4454506
2013-10-09,366.840410,372.515547,365.347738,371.005925,371.005925,6744490
2013-10-10,371.005925,374.559215,366.352142,369.894789,369.894789,4657122
2013-10-11,369.894789,379.408120,369.878860,379.391781,379.391781,8985824
2013-10-14,379.391781,380.104506,376.409083,377.117536,377.117536,3298417
2013-10-15,377.117536,377.776862,363.424983,364.061483,364.061483,3770811
2013-10-16,364.061483,364.843148,343.838484,344.578317,344.578317,6837540
2013-10-17,344.578317,346.823958,344.182928,346.426448,346.426448,4812303
2013-10-18,346.426448,348.248196,338.802095,340.593167,340.593167,5857471
2013-10-21,340.593167,351.572895,339.026405,349.963030,349.963030,5954070
2013-10-22,349.963030,353.795630,348.343750,352.166156,352.166156,3306444
2013-10-23,352.166156,364.292830,349.365938,361.419038,361.419038,6937463
2013-10-24,361.419038,362.520937,355.185693,356.271899,356.271899,4318499
2013-10-25,356.271899,360.181942,355.127554,359.028742,359.028742,9537369
2013-10-28,359.028742,364.446841,358.510154,363.921187,363.921187,7928759
2013-10-29,363.921187,373.063701,361.562218,370.661044,370.661044,10092481
2013-10-30,370.661044,371.551153,364.728651,365.606622,365.606622,7012481
2013-10-31,365.606622,371.665752,363.792650,369.830821,369.830821,8815097
2013-11-01,369.830821,370.750785,365.934055,366.846595,366.846595,7884541
2013-11-04,366.846595,367.312278,361.294057,361.753275,361.753275,9409491
2013-11-05,361.753275,363.193978,359.542440,360.980063,360.980063,3589119
2013-11-06,360.980063,363.145733,351.024389,353.143041,353.143041,4528262
2013-11-07,353.143041,353.519638,352.017473,352.393271,352.393271,3178190
2013-11-08,352.393271,352.994045,349.161827,349.758108,349.758108,9457939
2013-11-11,349.758108,356.189880,345.087980,351.496539,351.496539,5766373
2013-11-12,351.496539,354.090693,343.703851,346.259353,346.259353,6389581
2013-11-13,346.259353,347.730972,345.439785,346.909863,346.909863,3790534
2013-11-14,346.909863,348.223415,343.244218,344.548831,344.548831,5842224
2013-11-15,344.548831,345.507767,339.588592,340.536360,340.536360,8563615
2013-11-18,340.536360,340.726914,337.697336,337.886407,337.886407,7521994
2013-11-19,337.886407,338.363637,336.740273,337.216557,337.216557,6541345
2013-11-20,337.216557,339.744639,336.450913,338.975002,338.975002,3474873
2013-11-21,338.975002,342.252439,337.048956,340.318757,340.318757,5911171
2013-11-22,340.318757,342.356967,337.769246,339.804376,339.804376,4452805
2013-11-25,339.804376,349.910257,338.819999,348.899533,348.899533,5526539
2013-11-26,348.899533,351.101512,348.296521,350.495741,350.495741,4023213
2013-11-27,350.495741,356.481615,347.163804,353.124686,353.124686,4227692
2013-11-28,353.124686,353.158423,345.523993,345.557007,345.557007,7042107
2013-11-29,345.557007,357.730013,343.513801,355.627264,355.627264,7814033
2013-12-02,355.627264,355.883417,352.108258,352.362058,352.362058,4929012
2013-12-03,352.362058,353.372628,351.281036,352.291403,352.291403,10484634
2013-12-04,352.291403,352.364987,349.189835,349.262787,349.262787,8242639
2013-12-05,349.262787,351.421313,348.828456,350.984841,350.984841,6426732
2013-12-06,350.984841,351.734989,346.034650,346.775802,346.775802,4878047
2013-12-09,346.775802,347.496245,342.731811,343.445336,343.445336,4149910
2013-12-10,343.445336,353.244833,343.044799,352.833347,352.833347,3581341
2013-12-11,352.833347,354.584649,352.309701,354.059183,354.059183,4445756
2013-12-12,354.059183,358.792808,353.684809,358.413830,358.413830,6812889
2013-12-13,358.413830,359.421034,354.409924,355.408683,355.408683,4027923
2013-12-16,355.408683,357.579737,355.291559,357.461936,357.461936,5234927
2013-12-17,357.461936,358.729433,355.960567,357.227232,357.227232,6401092
2013-12-18,357.227232,358.215571,356.859089,357.846790,357.846790,6118942
2013-12-19,357.846790,358.697599,357.424441,358.274745,358.274745,5772956
2013-12-20,358.274745,358.741459,355.409199,355.872783,355.872783,4356291
2013-12-23,355.872783,366.944775,355.317014,366.372608,366.372608,5884335
2013-12-24,366.372608,372.938958,366.372122,372.938463,372.938463,5215251
2013-12-25,372.938463,374.405512,363.408776,364.843983,364.843983,5876425
2013-12-26,364.843983,365.831470,357.173654,358.143004,358.143004,5229768
2013-12-27,358.143004,360.273435,350.968894,353.069143,353.069143,3346999
2013-12-30,353.069143,361.141166,351.986399,360.037054,360.037054,8837833
2013-12-31,360.037054,365.261993,359.978747,365.202849,365.202849,3737885
2014-01-01,365.202849,371.898286,365.115679,371.809539,371.809539,2885795
2014-01-02,371.809539,373.166919,369.466648,370.820417,370.820417,5108498
2014-01-03,370.820417,374.594677,360.347921,364.053304,364.053304,4685108
2014-01-06,364.053304,378.925338,363.039787,377.873346,377.873346,5605482
2014-01-07,377.873346,384.324066,375.772449,382.199119,382.199119,5925876
2014-01-08,382.199119,397.472230,381.541901,396.789921,396.789921,8773381
2014-01-09,396.789921,396.896390,390.694972,390.799833,390.799833,4756588
2014-01-10,390.799833,393.239929,386.918591,389.349632,389.349632,7802589
2014-01-13,389.349632,395.721798,387.353814,393.703661,393.703661,4693721
2014-01-14,393.703661,400.064209,392.112563,398.453915,398.453915,5625111
2014-01-15,398.453915,398.754850,395.786500,396.085647,396.085647,6586624
2014-01-16,396.085647,399.898191,395.513715,399.321586,399.321586,3556616
2014-01-17,399.321586,401.491959,398.837024,401.005354,401.005354,7925772
2014-01-20,401.005354,405.014849,398.991379,402.990901,402.990901,4833927
2014-01-21,402.990901,424.482151,401.193568,422.597374,422.597374,3899600
2014-01-22,422.597374,428.604989,420.906943,426.897358,426.897358,16373793
2014-01-23,426.897358,439.200104,423.761932,435.997838,435.997838,3663944
2014-01-24,435.997838,439.929177,435.303690,439.229884,439.229884,4566590
2014-01-27,439.229884,454.563883,437.326599,452.602651,452.602651,9276116
2014-01-28,452.602651,456.402893,439.410022,443.130733,443.130733,7453352
2014-01-29,443.130733,443.653384,441.175673,441.696633,441.696633,12044034
2014-01-30,441.696633,443.780514,436.678245,438.748216,438.748216,7891453
2014-01-31,438.748216,440.092701,431.331033,432.656851,432.656851,4925546
2014-02-03,432.656851,435.068390,430.475865,432.886247,432.886247,5154131
2014-02-04,432.886247,436.116266,428.231013,431.450317,431.450317,3902783
2014-02-05,431.450317,434.701639,430.134349,433.379785,433.379785,4803784
2014-02-06,433.379785,440.873115,431.275539,438.742828,438.742828,6249448
2014-02-07,438.742828,439.639298,435.135489,436.026408,436.026408,3985522
2014-02-10,436.026408,436.590635,424.349356,424.899184,424.899184,4608233
2014-02-11,424.899184,426.944129,422.555248,424.598746,424.598746,7989500
2014-02-12,424.598746,429.235531,424.243293,428.876497,428.876497,4941830
2014-02-13,428.876497,440.674155,428.033362,439.809527,439.809527,5238649
2014-02-14,439.809527,441.740501,433.023725,434.933291,434.933291,6291594
2014-02-17,434.933291,439.939281,426.366237,431.330762,431.330762,10195175
2014-02-18,431.330762,432.409134,427.701396,428.773375,428.773375,7028154
2014-02-19,428.773375,429.175711,422.244662,422.641244,422.641244,8322133
2014-02-20,422.641244,428.804888,420.850705,426.995900,426.995900,7794172
2014-02-21,426.995900,432.291343,423.873138,429.152806,429.152806,2785820
2014-02-24,429.152806,432.592283,406.389475,409.672829,409.672829,7206325
2014-02-25,409.672829,415.101381,407.244120,412.654993,412.654993,3646183
2014-02-26,412.654993,413.070792,408.618910,409.031057,409.031057,6811001
2014-02-27,409.031057,412.037139,407.548989,410.549569,410.549569,9318368
2014-02-28,410.549569,413.623019,398.878185,401.886784,401.886784,3792866
2014-03-03,401.886784,403.568418,400.981915,402.661804,402.661804,4006821
2014-03-04,402.661804,414.925770,401.486632,413.718330,413.718330,5916963
2014-03-05,413.718330,416.017660,408.417713,410.700270,410.700270,6441454
2014-03-06,410.700270,416.588685,410.045263,415.925345,415.925345,8514994
2014-03-07,415.925345,416.726224,413.501608,414.299356,414.299356,6472980
2014-03-10,414.299356,415.030231,411.668725,412.396243,412.396243,8732476
2014-03-11,412.396243,413.987301,409.611978,411.198415,411.198415,8074042
2014-03-12,411.198415,413.479969,410.633152,412.912351,412.912351,8148008
2014-03-13,412.912351,425.948550,409.907667,422.871397,422.871397,5927959
2014-03-14,422.871397,434.415502,420.480135,431.972774,431.972774,5672635
2014-03-17,431.972774,432.759819,422.610576,423.381969,423.381969,5436087
2014-03-18,423.381969,424.188366,418.077223,418.875036,418.875036,8542780
2014-03-19,418.875036,420.909560,417.230706,419.263704,419.263704,3828254
2014-03-20,419.263704,420.379472,415.568488,416.677373,416.677373,5137305
2014-03-21,416.677373,418.347154,407.598502,409.238472,409.238472,3874539
2014-03-24,409.238472,414.468731,407.752179,412.968889,412.968889,4147785
2014-03-25,412.968889,416.320699,406.204190,409.528072,409.528072,5402726
2014-03-26,409.528072,410.057703,406.193586,406.719585,406.719585,8139755
2014-03-27,406.719585,411.462184,406.028439,410.764166,410.764166,5238216
2014-03-28,410.764166,425.345749,410.705642,425.285157,425.285157,4935104
2014-03-31,425.285157,432.087490,422.874162,429.651741,429.651741,4944299
2014-04-01,429.651741,437.467999,428.294770,436.090692,436.090692,6232657
2014-04-02,436.090692,440.218090,433.123091,437.242649,437.242649,9922811
2014-04-03,437.242649,438.619469,435.296468,436.671489,436.671489,8898451
2014-04-04,436.671489,441.648415,427.970033,432.904020,432.904020,9408633
2014-04-07,432.904020,439.214817,431.502299,437.797252,437.797252,7156411
2014-04-08,437.797252,438.918199,433.458524,434.571211,434.571211,3183857
2014-04-09,434.571211,434.751198,432.449311,432.628493,432.628493,5817659
2014-04-10,432.628493,437.686420,430.338060,435.381413,435.381413,6876477
2014-04-11,435.381413,438.156225,434.092382,436.862808,436.862808,6327723
2014-04-14,436.862808,438.070826,431.849549,433.047015,433.047015,3934550
2014-04-15,433.047015,433.954822,427.286904,428.184517,428.184517,5846403
2014-04-16,428.184517,431.456499,412.295020,415.469842,415.469842,5162912
2014-04-17,415.469842,417.570305,404.896869,406.954281,406.954281,4703531
2014-04-18,406.954281,413.907335,405.560593,412.494674,412.494674,3463691
2014-04-21,412.494674,415.554097,410.476158,413.530513,413.530513,7777357
2014-04-22,413.530513,420.024466,411.294305,417.765358,417.765358,3060101
2014-04-23,417.765358,421.493543,407.996232,411.670022,411.670022,3664480
2014-04-24,411.670022,413.849452,411.380573,413.558675,413.558675,8442217
2014-04-25,413.558675,415.110761,398.509168,400.010408,400.010408,3361195
2014-04-28,400.010408,401.084086,398.033254,399.104501,399.104501,15142655
2014-04-29,399.104501,400.506928,395.928603,397.324776,397.324776,4998371
2014-04-30,397.324776,400.053056,395.625813,398.349710,398.349710,3096880
2014-05-01,398.349710,403.807908,398.195219,403.651361,403.651361,4874942
2014-05-02,403.651361,415.217482,401.900901,413.424641,413.424641,7575517
2014-05-05,413.424641,415.025095,410.833119,412.429721,412.429721,5640134
2014-05-06,412.429721,413.766405,410.036758,411.370006,411.370006,6505702
2014-05-07,411.370006,414.141244,410.478582,413.245756,413.245756,7600531
2014-05-08,413.245756,418.952053,412.168811,417.863075,417.863075,5291876
2014-05-09,417.863075,424.431029,414.049675,420.592718,420.592718,4449295
2014-05-12,420.592718,421.916998,413.272285,414.577626,414.577626,2755072
2014-05-13,414.577626,415.319295,412.431288,413.170439,413.170439,4942483
2014-05-14,413.170439,421.481620,410.972451,419.251283,419.251283,10014850
2014-05-15,419.251283,426.542057,418.872913,426.157454,426.157454,7423976
2014-05-16,426.157454,426.914638,415.973990,416.714395,416.714395,8095618
2014-05-19,416.714395,423.365739,415.293076,421.926642,421.926642,4558852
2014-05-20,421.926642,423.561822,416.711416,418.332667,418.332667,6045247
2014-05-21,418.332667,431.068201,415.363640,428.030346,428.030346,14309356
2014-05-22,428.030346,430.987672,426.098167,429.050886,429.050886,5273319
2014-05-23,429.050886,429.401368,423.170882,423.516843,423.516843,4973645
2014-05-26,423.516843,427.692137,414.381303,418.507209,418.507209,4467821
2014-05-27,418.507209,424.362675,417.778806,423.625363,423.625363,7205542
2014-05-28,423.625363,428.057685,420.875764,425.297235,425.297235,3805087
2014-05-29,425.297235,426.011419,422.013141,422.723003,422.723003,3610048
2014-05-30,422.723003,425.592787,413.348914,416.174240,416.174240,6479490
2014-06-02,416.174240,434.625597,414.729047,433.121554,433.121554,6543507
2014-06-03,433.121554,443.747068,432.231605,442.837156,442.837156,5642691
2014-06-04,442.837156,446.511196,439.867050,443.536400,443.536400,7005538
2014-06-05,443.536400,450.345864,442.421689,449.216878,449.216878,13642249
2014-06-06,449.216878,450.844497,448.341495,449.967651,449.967651,5693312
2014-06-09,449.967651,450.623889,446.004018,446.655425,446.655425,5282005
2014-06-10,446.655425,446.778763,434.979841,435.099988,435.099988,6351660
2014-06-11,435.099988,435.873052,429.057187,429.820871,429.820871,5322169
2014-06-12,429.820871,430.706021,411.763258,412.612971,412.612971,6291876
2014-06-13,412.612971,416.071863,408.609093,412.063378,412.063378,8190887
2014-06-16,412.063378,413.225939,401.869865,403.006875,403.006875,4643337
2014-06-17,403.006875,407.625734,402.655747,407.270890,407.270890,4921931
2014-06-18,407.270890,408.627225,397.153579,398.480640,398.480640,5934302
2014-06-19,398.480640,402.053299,398.393249,401.965144,401.965144,7451017
2014-06-20,401.965144,403.724099,386.657574,388.356981,388.356981,8633868
2014-06-23,388.356981,392.163632,387.903437,391.706177,391.706177,7160082
2014-06-24,391.706177,397.637239,390.749283,396.668223,396.668223,7115694
2014-06-25,396.668223,397.976596,385.689811,386.966182,386.966182,6405120
2014-06-26,386.966182,388.707012,383.800483,385.534873,385.534873,9552572
2014-06-27,385.534873,398.114055,384.111188,396.649327,396.649327,9038887
2014-06-30,396.649327,398.926843,395.990972,398.265806,398.265806,3912139
2014-07-01,398.265806,409.188114,396.779824,407.667054,407.667054,9242971
2014-07-02,407.667054,408.963752,394.676263,395.935646,395.935646,8710459
2014-07-03,395.935646,403.597165,392.708796,400.334465,400.334465,3453593
2014-07-04,400.334465,403.265351,399.034537,401.960145,401.960145,4025005
2014-07-07,401.960145,404.686399,393.905605,396.595474,396.595474,9089028
2014-07-08,396.595474,397.289803,393.087737,393.777131,393.777131,5113035
2014-07-09,393.777131,408.347204,393.083960,407.629648,407.629648,8611889
2014-07-10,407.629648,408.377031,406.247348,406.993564,406.993564,3323854
2014-07-11,406.993564,413.558307,406.342155,412.897449,412.897449,11679416
2014-07-14,412.897449,416.112830,411.662237,414.871712,414.871712,7313518
2014-07-15,414.871712,415.072257,414.170427,414.370731,414.370731,2907359
2014-07-16,414.370731,425.688414,413.613904,424.912334,424.912334,3291600
2014-07-17,424.912334,427.560630,424.631630,427.278363,427.278363,4126994
2014-07-18,427.278363,431.442799,420.655009,424.795243,424.795243,4659120
2014-07-21,424.795243,431.712189,424.429384,431.340693,431.340693,4572808
2014-07-22,431.340693,436.615190,431.307825,436.581923,436.581923,5361024
2014-07-23,436.581923,442.338087,432.540634,438.281070,438.281070,8059837
2014-07-24,438.281070,451.920547,436.492157,450.083461,450.083461,6730806
2014-07-25,450.083461,450.398498,430.311029,430.612437,430.612437,6878388
2014-07-28,430.612437,433.998371,429.976768,433.358648,433.358648,3817834
2014-07-29,433.358648,434.645264,422.413747,423.671604,423.671604,5735699
2014-07-30,423.671604,427.994430,421.983995,426.296365,426.296365,2724916
2014-07-31,426.296365,439.521133,423.134317,436.284994,436.284994,9922302
2014-08-01,436.284994,439.416086,428.599248,431.697417,431.697417,7722360
2014-08-04,431.697417,434.708325,426.726908,429.724053,429.724053,5550302
2014-08-05,429.724053,430.515385,422.762778,423.542727,423.542727,12008571
2014-08-06,423.542727,428.967724,422.743512,428.159797,428.159797,5422803
2014-08-07,428.159797,431.526560,427.619921,430.983124,430.983124,6970724
2014-08-08,430.983124,441.688251,430.781314,441.481525,441.481525,10060234
2014-08-11,441.481525,442.713106,439.318863,440.547838,440.547838,4720273
2014-08-12,440.547838,442.586382,434.356003,436.375239,436.375239,3218213
2014-08-13,436.375239,437.223574,435.248232,436.096025,436.096025,6819350
2014-08-14,436.096025,441.225005,434.941570,440.060056,440.060056,7870197
2014-08-15,440.060056,442.559123,432.971137,435.443990,435.443990,7110958
2014-08-18,435.443990,436.811122,433.620746,434.986441,434.986441,6214984
2014-08-19,434.986441,436.168735,433.128322,434.308774,434.308774,4818028
2014-08-20,434.308774,445.620789,431.724558,442.984948,442.984948,7701135
2014-08-21,442.984948,443.828929,436.377613,437.210592,437.210592,4234696
2014-08-22,437.210592,439.273527,427.052869,429.077428,429.077428,3511056
2014-08-25,429.077428,435.269102,428.251884,434.433254,434.433254,3131039
2014-08-26,434.433254,440.684035,433.323699,439.561382,439.561382,12351961
2014-08-27,439.561382,440.090173,431.681056,432.200993,432.200993,6289164
2014-08-28,432.200993,434.427809,432.145504,434.372043,434.372043,3715656
2014-08-29,434.372043,434.575457,433.076918,433.279821,433.279821,3729130
2014-09-01,433.279821,437.434930,430.312353,434.459384,434.459384,5197978
2014-09-02,434.459384,437.221908,430.315675,433.069360,433.069360,7780389
2014-09-03,433.069360,434.736436,426.463465,428.111457,428.111457,4490168
2014-09-04,428.111457,431.263546,422.898881,426.035687,426.035687,8761034
2014-09-05,426.035687,435.764503,423.375907,433.060864,433.060864,6152735
2014-09-08,433.060864,442.603455,432.456673,441.986811,441.986811,8841918
2014-09-09,441.986811,448.625653,439.845631,446.462789,446.462789,6645704
2014-09-10,446.462789,447.452926,442.187068,443.169902,443.169902,5842421
2014-09-11,443.169902,444.748284,424.870202,426.388817,426.388817,7548161
2014-09-12,426.388817,429.770894,422.360844,425.737756,425.737756,4303304
2014-09-15,425.737756,426.734047,417.214713,418.193348,418.193348,10681616
2014-09-16,418.193348,420.794403,417.399112,419.996742,419.996742,6398278
2014-09-17,419.996742,421.899013,418.446611,420.347588,420.347588,5185240
2014-09-18,420.347588,422.443729,413.343884,415.415430,415.415430,7018720
2014-09-19,415.415430,419.723649,411.056268,415.363954,415.363954,8829032
2014-09-22,415.363954,422.994181,414.620635,422.238560,422.238560,8075095
2014-09-23,422.238560,427.432147,420.016957,425.194988,425.194988,3725546
2014-09-24,425.194988,426.153705,414.526969,415.463745,415.463745,4436938
2014-09-25,415.463745,421.158792,414.079382,419.760114,419.760114,6058409
2014-09-26,419.760114,422.645004,418.070286,420.950384,420.950384,4924405
2014-09-29,420.950384,431.722403,419.152662,429.886519,429.886519,7619415
2014-09-30,429.886519,431.435954,419.056501,420.572366,420.572366,4535691
2014-10-01,420.572366,432.228362,419.117085,430.737905,430.737905,5164299
2014-10-02,430.737905,437.771525,430.341614,437.369133,437.369133,8436822
2014-10-03,437.369133,439.190327,437.033235,438.853289,438.853289,6241652
2014-10-06,438.853289,441.113159,438.665765,440.924749,440.924749,3927255
2014-10-07,440.924749,446.993677,438.943167,444.993808,444.993808,8864829
2014-10-08,444.993808,446.472975,442.646260,444.122532,444.122532,4562621
2014-10-09,444.122532,445.598789,441.596533,443.069289,443.069289,8422742
2014-10-10,443.069289,443.479488,437.292130,437.697356,437.697356,5691867
2014-10-13,437.697356,438.860434,434.558789,435.716604,435.716604,3452193
2014-10-14,435.716604,440.669401,434.584502,439.527398,439.527398,11144220
2014-10-15,439.527398,441.033684,436.951736,438.454344,438.454344,3246734
2014-10-16,438.454344,444.267348,437.402950,443.204562,443.204562,2342469
2014-10-17,443.204562,445.630492,441.020236,443.444982,443.444982,7023964
2014-10-20,443.444982,451.449537,443.046027,451.043746,451.043746,5698232
2014-10-21,451.043746,451.604755,429.915913,430.451309,430.451309,10961792
2014-10-22,430.451309,432.688635,427.010348,429.241385,429.241385,5864423
2014-10-23,429.241385,432.936422,428.653294,432.344080,432.344080,4739737
2014-10-24,432.344080,436.228836,431.015051,434.891975,434.891975,5388709
2014-10-27,434.891975,435.829074,429.005668,429.932080,429.932080,8844093
2014-10-28,429.932080,430.356402,420.263863,420.679053,420.679053,6261428
2014-10-29,420.679053,421.290327,410.578086,411.175551,411.175551,4967703
2014-10-30,411.175551,411.277267,409.249495,409.350758,409.350758,8992507
2014-10-31,409.350758,410.714993,406.450993,407.810093,407.810093,4432642
2014-11-03,407.810093,411.742199,406.265884,410.188982,410.188982,4707421
2014-11-04,410.188982,413.608282,395.376470,398.699999,398.699999,6430130
2014-11-05,398.699999,398.843062,387.546708,387.685819,387.685819,5497612
2014-11-06,387.685819,388.808255,386.273108,387.394701,387.394701,4574878
2014-11-07,387.394701,388.941672,382.527863,384.061525,384.061525,2909443
2014-11-10,384.061525,388.686163,383.172599,387.788611,387.788611,3019594
2014-11-11,387.788611,395.475246,386.731391,394.400001,394.400001,9584332
2014-11-12,394.400001,398.934625,394.170055,398.702171,398.702171,3974319
2014-11-13,398.702171,407.169579,398.306241,406.765642,406.765642,5556673
2014-11-14,406.765642,407.607879,404.952533,405.792755,405.792755,5057111
2014-11-17,405.792755,406.314579,405.783626,406.305438,406.305438,7361177
2014-11-18,406.305438,407.453956,404.254276,405.400235,405.400235,3017279
2014-11-19,405.400235,405.537293,404.937064,405.074011,405.074011,5045209
2014-11-20,405.074011,405.487668,402.813467,403.225236,403.225236,7239571
2014-11-21,403.225236,406.025707,399.464227,402.257980,402.257980,7539959
2014-11-24,402.257980,403.054912,399.493697,400.286724,400.286724,5693674
2014-11-25,400.286724,403.872520,399.288567,402.867928,402.867928,7233776
2014-11-26,402.867928,403.768434,397.603939,398.494670,398.494670,8944744
2014-11-27,398.494670,399.010837,389.819310,390.324894,390.324894,5593185
2014-11-28,390.324894,391.471986,387.829608,388.972725,388.972725,10710165
2014-12-01,388.972725,390.963718,385.275211,387.257424,387.257424,10978622
2014-12-02,387.257424,392.886430,385.147021,390.756955,390.756955,7289061
2014-12-03,390.756955,398.145162,389.175740,396.540544,396.540544,5429488
2014-12-04,396.540544,397.403392,395.155400,396.017109,396.017109,7106678
2014-12-05,396.017109,404.875897,395.448161,404.295057,404.295057,7203013
2014-12-08,404.295057,405.156781,403.850443,404.711708,404.711708,5239377
2014-12-09,404.711708,413.309206,403.553629,412.129899,412.129899,6272122
2014-12-10,412.129899,419.785239,412.042885,419.696627,419.696627,10383526
2014-12-11,419.696627,421.589920,419.003650,420.894965,420.894965,8286264
2014-12-12,420.894965,422.519709,407.716206,409.296176,409.296176,11856264
2014-12-15,409.296176,410.978683,404.224692,405.893211,405.893211,4848415
2014-12-16,405.893211,408.533937,404.916724,407.553457,407.553457,5659027
2014-12-17,407.553457,419.097369,406.407544,417.922303,417.922303,7731417
2014-12-18,417.922303,418.103300,416.505032,416.685494,416.685494,10376718
2014-12-19,416.685494,423.470725,413.582550,420.340562,420.340562,5432130
2014-12-22,420.340562,424.852653,419.917164,424.425140,424.425140,6402012
2014-12-23,424.425140,428.754767,423.505037,427.827288,427.827288,4838310
2014-12-24,427.827288,436.700544,426.378710,435.226911,435.226911,5537121
2014-12-25,435.226911,439.896616,434.571336,439.235004,439.235004,4006314
2014-12-26,439.235004,441.290246,432.208530,434.240401,434.240401,3119697
2014-12-29,434.240401,435.260787,425.221397,426.222944,426.222944,6956180
2014-12-30,426.222944,428.050135,411.829436,413.602524,413.602524,7843854
2014-12-31,413.602524,428.608239,412.996049,427.980682,427.980682,6530633
2015-01-01,427.980682,430.136844,420.801184,422.931910,422.931910,5891552
2015-01-02,422.931910,424.621154,421.139559,422.828390,422.828390,6515475
2015-01-05,422.828390,430.557567,422.057284,429.773795,429.773795,7727141
2015-01-06,429.773795,438.277594,429.739072,438.242187,438.242187,8213469
2015-01-07,438.242187,438.540835,432.661871,432.956918,432.956918,9684124
2015-01-08,432.956918,433.006988,430.247200,430.296962,430.296962,4709302
2015-01-09,430.296962,431.402765,427.429171,428.530433,428.530433,5023419
2015-01-12,428.530433,434.266016,428.437778,434.172141,434.172141,4399235
2015-01-13,434.172141,434.465316,433.252936,433.545688,433.545688,9611155
2015-01-14,433.545688,446.553569,432.680686,445.664389,445.664389,8456195
2015-01-15,445.664389,446.330307,445.467502,446.133214,446.133214,6951099
2015-01-16,446.133214,449.790192,445.471631,449.124174,449.124174,7930077
2015-01-19,449.124174,453.055973,448.938011,452.868258,452.868258,5282197
2015-01-20,452.868258,453.377549,433.750273,434.238614,434.238614,4889720
2015-01-21,434.238614,436.250796,431.380355,433.388599,433.388599,2107075
2015-01-22,433.388599,448.890618,432.682427,448.160377,448.160377,3056770
2015-01-23,448.160377,461.128252,447.141072,460.081833,460.081833,5559368
2015-01-26,460.081833,468.782895,456.582182,465.243978,465.243978,3975264
2015-01-27,465.243978,473.258702,464.922236,472.931644,472.931644,4359216
2015-01-28,472.931644,475.109660,468.209667,470.375913,470.375913,6595213
2015-01-29,470.375913,476.128842,469.386976,475.129910,475.129910,6886383
2015-01-30,475.129910,480.905310,473.947321,479.711319,479.711319,4272579
2015-02-02,479.711319,480.490309,479.264668,480.043349,480.043349,7527559
2015-02-03,480.043349,480.048788,472.231895,472.237245,472.237245,3011520
2015-02-04,472.237245,472.650825,465.967548,466.375995,466.375995,6670406
2015-02-05,466.375995,468.614430,465.615083,467.851112,467.851112,3192376
2015-02-06,467.851112,469.208618,459.531191,460.868437,460.868437,4406488
2015-02-09,460.868437,463.592396,459.794278,462.514401,462.514401,3370087
2015-02-10,462.514401,466.705732,461.250145,465.433496,465.433496,4281016
2015-02-11,465.433496,473.823308,464.401278,472.774809,472.774809,6069446
2015-02-12,472.774809,475.067804,472.694725,474.987345,474.987345,7040214
2015-02-13,474.987345,476.875429,465.630072,467.488347,467.488347,6315100
2015-02-16,467.488347,468.971608,464.204217,465.681747,465.681747,5963903
2015-02-17,465.681747,466.059081,456.265785,456.635789,456.635789,7241335
2015-02-18,456.635789,458.605513,443.087906,445.007471,445.007471,7871148
2015-02-19,445.007471,445.582197,442.109697,442.681419,442.681419,13425450
2015-02-20,442.681419,447.314283,438.746344,443.373060,443.373060,4324139
2015-02-23,443.373060,445.956231,442.745180,445.325585,445.325585,5376643
2015-02-24,445.325585,449.579588,442.491007,446.736032,446.736032,8066731
2015-02-25,446.736032,456.734196,445.439438,455.412420,455.412420,8813095
2015-02-26,455.412420,457.527859,444.625771,446.700743,446.700743,3652211
2015-02-27,446.700743,449.521876,437.712772,440.494711,440.494711,7212969
2015-03-02,440.494711,443.354944,435.242518,438.087119,438.087119,11962478
2015-03-03,438.087119,447.461409,437.918092,447.288832,447.288832,8860155
2015-03-04,447.288832,448.816426,446.682916,448.209263,448.209263,4657842
2015-03-05,448.209263,449.699639,434.787987,436.238558,436.238558,6803235
2015-03-06,436.238558,439.497336,435.877814,439.134197,439.134197,6205510
2015-03-09,439.134197,441.659901,435.049410,437.566095,437.566095,4041076
2015-03-10,437.566095,447.514679,437.450168,447.396147,447.396147,4077413
2015-03-11,447.396147,452.792300,446.795718,452.185443,452.185443,3473370
2015-03-12,452.185443,457.623402,450.783872,456.209359,456.209359,7392973
2015-03-13,456.209359,457.759250,447.988816,449.515967,449.515967,8276881
2015-03-16,449.515967,458.796659,448.113949,457.370144,457.370144,6392689
2015-03-17,457.370144,458.293903,451.269036,452.182318,452.182318,5804961
2015-03-18,452.182318,454.764094,451.317103,453.895601,453.895601,6711574
2015-03-19,453.895601,454.167032,438.640302,438.902767,438.902767,8934430
2015-03-20,438.902767,439.371311,437.803596,438.271466,438.271466,4089485
2015-03-23,438.271466,439.383210,427.802472,428.890420,428.890420,13225874
2015-03-24,428.890420,431.002071,413.049346,415.093066,415.093066,7306508
2015-03-25,415.093066,428.074410,411.412854,424.312460,424.312460,4807187
2015-03-26,424.312460,424.953305,421.274241,421.911460,421.911460,10382640
2015-03-27,421.911460,424.515333,404.679021,407.192052,407.192052,4334169
2015-03-30,407.192052,409.244023,407.097676,409.149193,409.149193,4921888
2015-03-31,409.149193,409.636439,387.905633,388.368132,388.368132,6540070
2015-04-01,388.368132,391.987375,387.929532,391.545188,391.545188,3415375
2015-04-02,391.545188,393.628275,387.464648,389.537052,389.537052,2516259
2015-04-03,389.537052,391.582959,384.091705,386.119664,386.119664,6744950
2015-04-06,386.119664,387.267051,378.535634,379.663837,379.663837,3255480
2015-04-07,379.663837,383.325317,378.683252,382.337826,382.337826,7038985
2015-04-08,382.337826,386.757745,380.858581,385.267167,385.267167,15431965
2015-04-09,385.267167,385.984400,375.622963,376.323547,376.323547,4655012
2015-04-10,376.323547,378.323785,375.766069,377.764173,377.764173,7767896
2015-04-13,377.764173,390.849263,375.401576,388.420023,388.420023,13343208
2015-04-14,388.420023,398.284794,387.638896,397.485436,397.485436,7017764
2015-04-15,397.485436,402.803116,396.424798,401.731148,401.731148,3967120
2015-04-16,401.731148,404.236413,398.816927,401.319626,401.319626,6187007
2015-04-17,401.319626,413.408353,400.538032,412.604780,412.604780,4065478
2015-04-20,412.604780,413.557221,409.134599,410.081215,410.081215,5170821
2015-04-21,410.081215,410.923175,409.806734,410.648314,410.648314,10943541
2015-04-22,410.648314,410.777022,403.514179,403.640691,403.640691,3154440
2015-04-23,403.640691,412.269022,403.059895,411.676663,411.676663,4198920
2015-04-24,411.676663,411.912532,402.967543,403.198554,403.198554,4116600
2015-04-27,403.198554,405.224546,394.044104,396.034096,396.034096,8082656
2015-04-28,396.034096,397.352109,388.987614,390.286499,390.286499,5312856
2015-04-29,390.286499,390.718865,390.101840,390.534089,390.534089,5598589
2015-04-30,390.534089,395.996219,389.901649,395.355970,395.355970,6324760
2015-05-01,395.355970,397.098145,389.242152,390.964978,390.964978,8090388
2015-05-04,390.964978,393.281638,389.186685,391.500906,391.500906,2603939
2015-05-05,391.500906,391.950405,387.750174,388.195879,388.195879,6197926
2015-05-06,388.195879,393.106520,385.421078,390.316560,390.316560,9890661
2015-05-07,390.316560,397.677857,387.522848,394.851684,394.851684,3027139
2015-05-08,394.851684,396.272712,389.260583,390.666549,390.666549,5913618
2015-05-11,390.666549,401.067455,390.422166,400.816723,400.816723,3864134
2015-05-12,400.816723,406.388157,399.868555,405.429078,405.429078,3140650
2015-05-13,405.429078,408.733225,404.598353,407.897442,407.897442,8520560
2015-05-14,407.897442,411.628850,407.890365,411.621709,411.621709,7987207
2015-05-15,411.621709,414.428699,407.968131,410.769308,410.769308,7460085
2015-05-18,410.769308,411.678963,407.514654,408.419104,408.419104,16032096
2015-05-19,408.419104,411.476510,405.991524,409.045209,409.045209,12352783
2015-05-20,409.045209,413.400335,407.122784,411.466530,411.466530,8097559
2015-05-21,411.466530,413.402336,405.513588,407.430405,407.430405,5932215
2015-05-22,407.430405,409.055714,402.055327,403.665618,403.665618,7783169
2015-05-25,403.665618,405.288757,397.074387,398.677469,398.677469,7457441
2015-05-26,398.677469,405.290634,395.800696,402.387094,402.387094,10166658
2015-05-27,402.387094,403.214673,390.891088,391.696680,391.696680,4488562
2015-05-28,391.696680,395.195218,389.670974,393.161935,393.161935,9537442
2015-05-29,393.161935,394.142616,388.869461,389.841861,389.841861,7137831
2015-06-01,389.841861,418.472490,387.078533,415.527096,415.527096,10395673
2015-06-02,415.527096,415.535101,414.010215,414.018191,414.018191,4408363
2015-06-03,414.018191,417.650918,407.069135,410.672506,410.672506,3520231
2015-06-04,410.672506,411.428444,406.535146,407.284849,407.284849,5589987
2015-06-05,407.284849,411.240053,404.448110,408.395578,408.395578,6965188
2015-06-08,408.395578,410.947981,401.580765,404.106361,404.106361,6595038
2015-06-09,404.106361,412.051487,403.794050,411.733282,411.733282,12889732
2015-06-10,411.733282,411.760589,410.122410,410.149611,410.149611,6223218
2015-06-11,410.149611,414.399520,408.983247,413.224411,413.224411,7685311
2015-06-12,413.224411,418.386416,412.575572,417.730501,417.730501,5744927
2015-06-15,417.730501,425.776947,415.743767,423.761528,423.761528,6211061
2015-06-16,423.761528,424.399072,418.547818,419.178467,419.178467,5702258
2015-06-17,419.178467,420.561096,418.509498,419.890990,419.890990,9658457
2015-06-18,419.890990,431.303598,418.339907,429.716221,429.716221,5711431
2015-06-19,429.716221,430.833280,416.154367,417.238991,417.238991,6081900
2015-06-22,417.238991,420.394183,396.692612,399.715288,399.715288,6282169
2015-06-23,399.715288,404.090520,395.142012,399.515052,399.515052,5763753
2015-06-24,399.515052,402.075522,398.691093,401.247989,401.247989,7324638
2015-06-25,401.247989,402.696261,391.876429,393.295998,393.295998,12324124
2015-06-26,393.295998,394.068737,392.035647,392.807426,392.807426,11645551
2015-06-29,392.807426,394.880032,384.659944,386.700327,386.700327,4111846
2015-06-30,386.700327,389.032064,384.977771,387.306807,387.306807,10552768
2015-07-01,387.306807,388.815233,380.177630,381.664080,381.664080,4444873
2015-07-02,381.664080,386.245290,379.422322,383.989871,383.989871,13580291
2015-07-03,383.989871,387.632238,383.017530,386.653152,386.653152,6739631
2015-07-06,386.653152,393.043606,386.095291,392.477342,392.477342,8360199
2015-07-07,392.477342,393.560651,385.440035,386.506864,386.506864,7713122
2015-07-08,386.506864,392.006520,384.868422,390.351779,390.351779,4873723
2015-07-09,390.351779,391.616473,388.509471,389.772288,389.772288,7138523
2015-07-10,389.772288,390.859366,383.281733,384.353699,384.353699,5111298
2015-07-13,384.353699,387.451164,377.772819,380.841983,380.841983,5060862
2015-07-14,380.841983,386.191061,379.534450,384.869700,384.869700,2213394
2015-07-15,384.869700,387.166335,382.927405,385.222261,385.222261,11041008
2015-07-16,385.222261,385.812329,381.165732,381.750481,381.750481,3537748
2015-07-17,381.750481,387.825393,379.767436,385.821202,385.821202,6356098
2015-07-20,385.821202,387.560843,385.362156,387.100275,387.100275,8123618
2015-07-21,387.100275,393.654737,386.611366,393.158177,393.158177,6491559
2015-07-22,393.158177,399.111746,393.108760,399.061587,399.061587,10210060
2015-07-23,399.061587,399.355697,398.591430,398.885411,398.885411,5716605
2015-07-24,398.885411,401.661365,397.330506,400.101719,400.101719,8296514
2015-07-27,400.101719,406.714795,399.749900,406.357476,406.357476,8402283
2015-07-28,406.357476,410.659685,406.297686,410.599271,410.599271,4642046
2015-07-29,410.599271,411.573579,405.465389,406.429803,406.429803,5972998
2015-07-30,406.429803,418.735686,403.840221,416.084588,416.084588,5975970
2015-07-31,416.084588,416.752307,415.349202,416.016811,416.016811,4152160
2015-08-03,416.016811,416.432762,411.854331,412.266532,412.266532,4945225
2015-08-04,412.266532,413.651250,411.521187,412.904751,412.904751,8624059
2015-08-05,412.904751,418.050435,412.750948,417.894773,417.894773,6418619
2015-08-06,417.894773,420.039337,417.825938,419.970161,419.970161,3999166
2015-08-07,419.970161,423.913333,419.566512,423.506285,423.506285,7352024
2015-08-10,423.506285,427.787513,421.595593,425.866174,425.866174,7304534
2015-08-11,425.866174,427.984877,419.017611,421.112665,421.112665,7566545
2015-08-12,421.112665,422.721689,420.324471,421.931962,421.931962,9263833
2015-08-13,421.931962,423.278500,418.143591,419.482312,419.482312,3504367
2015-08-14,419.482312,422.252167,411.702676,414.439231,414.439231,5140327
2015-08-17,414.439231,417.781639,405.900252,409.200410,409.200410,7703984
2015-08-18,409.200410,409.541724,403.547869,403.884750,403.884750,13467499
2015-08-19,403.884750,411.713501,403.583432,411.406571,411.406571,10739569
2015-08-20,411.406571,422.618527,410.657092,421.850022,421.850022,9816072
2015-08-21,421.850022,425.059946,417.951913,421.156560,421.156560,4734607
2015-08-24,421.156560,425.201058,419.573259,423.608540,423.608540,4057996
2015-08-25,423.608540,425.350121,419.996503,421.730363,421.730363,2385757
2015-08-26,421.730363,425.897942,419.746246,423.903601,423.903601,7491631
2015-08-27,423.903601,425.647439,421.886523,423.629232,423.629232,5664728
2015-08-28,423.629232,426.478702,404.115818,406.852442,406.852442,10870955
2015-08-31,406.852442,408.260235,406.614557,408.021666,408.021666,4607712
2015-09-01,408.021666,416.317589,407.231143,415.512553,415.512553,9727849
2015-09-02,415.512553,417.902929,415.231000,417.619949,417.619949,4539307
2015-09-03,417.619949,420.061397,412.161792,414.585501,414.585501,7211116
2015-09-04,414.585501,416.114960,405.545749,407.047399,407.047399,6897295
2015-09-07,407.047399,407.315878,396.731878,396.993726,396.993726,10223693
2015-09-08,396.993726,397.627003,387.881513,388.501242,388.501242,5444120
2015-09-09,388.501242,389.527148,387.203364,388.228549,388.228549,8658949
2015-09-10,388.228549,390.978104,384.209302,386.949800,386.949800,6105769
2015-09-11,386.949800,387.440087,382.752748,383.238333,383.238333,5819972
2015-09-14,383.238333,389.825819,380.877310,387.438917,387.438917,10812822
2015-09-15,387.438917,389.833833,380.374048,382.739918,382.739918,4421966
2015-09-16,382.739918,391.142698,380.965830,389.338027,389.338027,4549264
2015-09-17,389.338027,389.519715,381.086339,381.264260,381.264260,5294716
2015-09-18,381.264260,381.917841,379.914456,380.566841,380.566841,8919972
2015-09-21,380.566841,380.844948,379.522677,379.800223,379.800223,4062258
2015-09-22,379.800223,379.946861,379.353420,379.499942,379.499942,12299244
2015-09-23,379.499942,387.433103,377.883054,385.789417,385.789417,3564349
2015-09-24,385.789417,388.584831,379.982916,382.756352,382.756352,9959346
2015-09-25,382.756352,391.628608,381.591469,390.440340,390.440340,6180895
2015-09-28,390.440340,394.156572,382.371898,386.046308,386.046308,7618550
2015-09-29,386.046308,387.265615,377.988459,379.186098,379.186098,2777869
2015-09-30,379.186098,379.658085,377.886156,378.357111,378.357111,4651324
2015-10-01,378.357111,381.705609,377.192015,380.533811,380.533811,6286098
2015-10-02,380.533811,381.452078,375.339473,376.247396,376.247396,7056670
2015-10-05,376.247396,376.698633,375.806617,376.257841,376.257841,4587893
2015-10-06,376.257841,377.865178,371.454185,373.047809,373.047809,5932652
2015-10-07,373.047809,373.808456,372.452858,373.213242,373.213242,8397876
2015-10-08,373.213242,376.162404,372.876415,375.823221,375.823221,8315374
2015-10-09,375.823221,377.777110,372.254117,374.199565,374.199565,6896311
2015-10-12,374.199565,378.458174,370.308975,374.563796,374.563796,4763769
2015-10-13,374.563796,382.094989,373.740434,381.256914,381.256914,7612973
2015-10-14,381.256914,382.804788,380.284978,381.831387,381.831387,6546290
2015-10-15,381.831387,382.716150,369.761203,370.619987,370.619987,7026836
2015-10-16,370.619987,372.174573,366.429937,367.973422,367.973422,7609361
2015-10-19,367.973422,383.060931,365.304222,380.302301,380.302301,3980778
2015-10-20,380.302301,389.053561,379.830315,388.571312,388.571312,4435691
2015-10-21,388.571312,389.090212,387.885574,388.404251,388.404251,3694723
2015-10-22,388.404251,392.411717,387.513171,391.513504,391.513504,2612319
2015-10-23,391.513504,391.822877,387.340299,387.646616,387.646616,5719158
2015-10-26,387.646616,392.476905,385.616566,390.432267,390.432267,5516999
2015-10-27,390.432267,392.499504,384.361488,386.407414,386.407414,4430519
2015-10-28,386.407414,387.074412,384.816980,385.482381,385.482381,7071717
2015-10-29,385.482381,385.986719,375.691253,376.183425,376.183425,4100523
2015-10-30,376.183425,377.412939,376.092498,377.321737,377.321737,7645150
2015-11-02,377.321737,378.112816,377.112268,377.903023,377.903023,10592944
2015-11-03,377.903023,382.301796,377.835808,382.233810,382.233810,6310188
2015-11-04,382.233810,388.415647,381.280579,387.449409,387.449409,9872156
2015-11-05,387.449409,390.563517,386.371673,389.480132,389.480132,4801089
2015-11-06,389.480132,390.765958,386.881818,388.163296,388.163296,5675207
2015-11-09,388.163296,392.054267,386.047054,389.928402,389.928402,4582537
2015-11-10,389.928402,404.791972,389.428611,404.273794,404.273794,3560393
2015-11-11,404.273794,407.703358,400.082856,403.505906,403.505906,5731724
2015-11-12,403.505906,411.916611,402.448229,410.839710,410.839710,5419305
2015-11-13,410.839710,416.928483,409.025807,415.095788,415.095788,4332506
2015-11-16,415.095788,416.839805,414.645088,416.387703,416.387703,5438731
2015-11-17,416.387703,424.197133,413.653344,421.429664,421.429664,5316739
2015-11-18,421.429664,430.319753,420.282861,429.151936,429.151936,6747091
2015-11-19,429.151936,436.413618,428.860297,436.117246,436.117246,5484799
2015-11-20,436.117246,447.603053,433.120283,444.548153,444.548153,5090474
2015-11-23,444.548153,457.553566,443.919058,456.906982,456.906982,5375196
2015-11-24,456.906982,459.407576,452.934766,455.427261,455.427261,6708426
2015-11-25,455.427261,457.999940,451.777435,454.343995,454.343995,6495868
2015-11-26,454.343995,463.943743,453.728838,463.316438,463.316438,3838948
2015-11-27,463.316438,476.940904,460.625539,474.186871,474.186871,7728513
2015-11-30,474.186871,474.944986,457.075179,457.807107,457.807107,8359176
2015-12-01,457.807107,485.126789,455.570496,482.768231,482.768231,2787325
2015-12-02,482.768231,486.318656,481.738269,485.283327,485.283327,5003361
2015-12-03,485.283327,495.646632,482.152818,492.469764,492.469764,6444884
2015-12-04,492.469764,492.830926,483.661796,484.016758,484.016758,7991428
2015-12-07,484.016758,493.587656,483.946097,493.515608,493.515608,8368411
2015-12-08,493.515608,496.801809,480.674244,483.896393,483.896393,7097378
2015-12-09,483.896393,485.039515,476.503588,477.631911,477.631911,4236871
2015-12-10,477.631911,487.236098,476.093127,485.671413,485.671413,5139646
2015-12-11,485.671413,486.154547,476.894889,477.369765,477.369765,3944135
2015-12-14,477.369765,477.698744,473.111263,473.437532,473.437532,5886885
2015-12-15,473.437532,474.095548,472.080363,472.737406,472.737406,5000274
2015-12-16,472.737406,474.291607,467.455321,468.997226,468.997226,8473145
2015-12-17,468.997226,477.776989,467.901949,476.663808,476.663808,5426346
2015-12-18,476.663808,476.684699,461.917863,461.938110,461.938110,6463643
2015-12-21,461.938110,475.354895,461.510465,474.915236,474.915236,10285870
2015-12-22,474.915236,498.702811,472.652168,496.337660,496.337660,7125877
2015-12-23,496.337660,513.585568,495.446498,512.665091,512.665091,5382401
2015-12-24,512.665091,514.889432,490.976782,493.116306,493.116306,6377288
2015-12-25,493.116306,493.274179,489.846192,490.003068,490.003068,8294530
2015-12-28,490.003068,496.760037,489.165298,495.912164,495.912164,11824327
2015-12-29,495.912164,498.804312,493.697128,496.586266,496.586266,6293438
2015-12-30,496.586266,502.418299,495.933006,501.758236,501.758236,4681113
2015-12-31,501.758236,504.525942,489.323680,492.037768,492.037768,5200083
2016-01-01,492.037768,493.131911,471.397824,472.448407,472.448407,4688721
2016-01-04,472.448407,474.072145,466.852396,468.462435,468.462435,10227918
2016-01-05,468.462435,470.529305,466.665956,468.731793,468.731793,5013010
2016-01-06,468.731793,472.602894,465.666283,469.532150,469.532150,10042345
2016-01-07,469.532150,476.962349,465.653759,473.054859,473.054859,4584575
2016-01-08,473.054859,473.938708,469.223424,470.101755,470.101755,3553355
2016-01-11,470.101755,473.356148,463.463974,466.694781,466.694781,5634364
2016-01-12,466.694781,477.069318,463.855428,474.184397,474.184397,7213456
2016-01-13,474.184397,497.279937,470.025582,492.956482,492.956482,7822019
2016-01-14,492.956482,498.553348,490.050682,495.631778,495.631778,7592406
2016-01-15,495.631778,497.744309,493.633679,495.745750,495.745750,6293645
2016-01-18,495.745750,497.402298,485.998955,487.628379,487.628379,3805065
2016-01-19,487.628379,490.180919,487.293783,489.844803,489.844803,7321260
2016-01-20,489.844803,490.199492,483.429193,483.779490,483.779490,6652199
2016-01-21,483.779490,484.903048,483.200104,484.323011,484.323011,7274771
2016-01-22,484.323011,493.992699,479.092998,488.715256,488.715256,5500490
2016-01-25,488.715256,488.744853,487.385954,487.415471,487.415471,3195327
2016-01-26,487.415471,488.442539,475.634899,476.639259,476.639259,16193652
2016-01-27,476.639259,495.934606,473.845360,493.044545,493.044545,4935783
2016-01-28,493.044545,493.393399,484.521993,484.865060,484.865060,3731002
2016-01-29,484.865060,487.817074,470.050529,472.929878,472.929878,5473813
2016-02-01,472.929878,480.832822,472.815097,480.716151,480.716151,6966113
2016-02-02,480.716151,498.209818,479.108388,496.549101,496.549101,7580005
2016-02-03,496.549101,500.144649,495.256298,498.845866,498.845866,10612031
2016-02-04,498.845866,499.264370,481.759232,482.163741,482.163741,7738864
2016-02-05,482.163741,493.334425,480.266366,491.400702,491.400702,9053897
2016-02-08,491.400702,492.618894,483.211285,484.412153,484.412153,6099833
2016-02-09,484.412153,487.079895,475.190213,477.821660,477.821660,5245204
2016-02-10,477.821660,479.175579,477.556913,478.910229,478.910229,10157820
2016-02-11,478.910229,480.727143,474.346044,476.152496,476.152496,4381727
2016-02-12,476.152496,477.961197,459.573282,461.325661,461.325661,7801594
2016-02-15,461.325661,464.113964,459.599819,462.384162,462.384162,6104792
2016-02-16,462.384162,465.840769,443.586255,446.927312,446.927312,8039954
2016-02-17,446.927312,452.013148,446.319244,451.398995,451.398995,8471527
2016-02-18,451.398995,460.161840,449.791314,458.528765,458.528765,6864278
2016-02-19,458.528765,468.263611,456.555505,466.257092,466.257092,10624379
2016-02-22,466.257092,486.228491,461.844099,481.669623,481.669623,7835937
2016-02-23,481.669623,484.037637,469.099107,471.416715,471.416715,4908399
2016-02-24,471.416715,483.371877,468.926477,480.831904,480.831904,5538111
2016-02-25,480.831904,486.569253,478.857018,484.578977,484.578977,5389710
2016-02-26,484.578977,489.893948,483.007515,488.310386,488.310386,4913934
2016-02-29,488.310386,498.273923,487.928100,497.884142,497.884142,4779606
2016-03-01,497.884142,500.861182,496.383029,499.355633,499.355633,5352493
2016-03-02,499.355633,501.457165,495.689216,497.784135,497.784135,9227936
2016-03-03,497.784135,499.055185,490.929506,492.186263,492.186263,7165279
2016-03-04,492.186263,504.838741,489.980299,502.586165,502.586165,5385106
2016-03-07,502.586165,507.770913,501.024861,506.198388,506.198388,3643339
2016-03-08,506.198388,507.673105,503.879235,505.351485,505.351485,7989138
2016-03-09,505.351485,517.496806,503.437648,515.544367,515.544367,6013065
2016-03-10,515.544367,519.219781,514.639486,518.310046,518.310046,6060712
2016-03-11,518.310046,530.664809,517.509782,529.846733,529.846733,5183024
2016-03-14,529.846733,531.021963,515.200459,516.345743,516.345743,4858846
2016-03-15,516.345743,517.362563,515.869285,516.885607,516.885607,3392247
2016-03-16,516.885607,518.108245,508.356534,509.561848,509.561848,7350581
2016-03-17,509.561848,509.756393,502.473399,502.665310,502.665310,8560616
2016-03-18,502.665310,523.015125,498.379325,518.593330,518.593330,3463812
2016-03-21,518.593330,525.770391,518.355767,525.529651,525.529651,5765250
2016-03-22,525.529651,537.915937,524.652281,537.019385,537.019385,3344910
2016-03-23,537.019385,545.814162,535.454239,544.228007,544.228007,6389442
2016-03-24,544.228007,550.917378,544.199957,550.888985,550.888985,8438853
2016-03-25,550.888985,560.190926,549.102145,558.379790,558.379790,6896675
2016-03-28,558.379790,558.999203,552.408841,553.022311,553.022311,5297550
2016-03-29,553.022311,554.914340,547.237344,549.116008,549.116008,9154641
2016-03-30,549.116008,564.235494,548.606748,563.712696,563.712696,4756096
2016-03-31,563.712696,566.814181,562.421532,565.518880,565.518880,10652886
2016-04-01,565.518880,566.319684,561.528054,562.324335,562.324335,4049033
2016-04-04,562.324335,562.686769,559.223544,559.584212,559.584212,6828278
2016-04-05,559.584212,572.207368,558.967907,571.577854,571.577854,4805990
2016-04-06,571.577854,576.117747,570.079574,574.611515,574.611515,3033250
2016-04-07,574.611515,579.911895,572.587348,577.876228,577.876228,7635277
2016-04-08,577.876228,589.921481,577.069404,589.098988,589.098988,7574687
2016-04-11,589.098988,590.098091,579.631454,580.616170,580.616170,4279278
2016-04-12,580.616170,583.029556,573.174073,575.566470,575.566470,9022031
2016-04-13,575.566470,587.760691,573.796007,585.958262,585.958262,8902232
2016-04-14,585.958262,588.909432,575.237685,578.149525,578.149525,6501700
2016-04-15,578.149525,597.565470,576.207499,595.564945,595.564945,7091993
2016-04-18,595.564945,598.201514,585.437588,588.040848,588.040848,11198382
2016-04-19,588.040848,593.786907,579.125694,584.840481,584.840481,7748513
2016-04-20,584.840481,586.104400,574.034521,575.277775,575.277775,5467219
2016-04-21,575.277775,586.651472,573.776824,585.124830,585.124830,6947609
2016-04-22,585.124830,588.374030,583.658737,586.903481,586.903481,3771856
2016-04-25,586.903481,590.095437,574.978631,578.122832,578.122832,5920325
2016-04-26,578.122832,598.687528,573.493577,593.931685,593.931685,8538100
2016-04-27,593.931685,598.362549,580.994583,585.361512,585.361512,9167535
2016-04-28,585.361512,587.647224,570.116872,572.351784,572.351784,6979113
2016-04-29,572.351784,574.217615,570.675849,572.541126,572.541126,6030616
2016-05-02,572.541126,599.638776,572.290013,599.375894,599.375894,6962295
2016-05-03,599.375894,609.263460,597.930743,607.798003,607.798003,5495547
2016-05-04,607.798003,612.517294,606.334051,611.045520,611.045520,4198999
2016-05-05,611.045520,611.399936,608.448362,608.801476,608.801476,6033908
2016-05-06,608.801476,610.488808,600.045375,601.713061,601.713061,6240290
2016-05-09,601.713061,609.516699,601.159033,608.956001,608.956001,4609249
2016-05-10,608.956001,610.786425,603.325566,605.144533,605.144533,10333060
2016-05-11,605.144533,607.675657,589.864732,592.342309,592.342309,5553927
2016-05-12,592.342309,594.021910,585.489390,587.154281,587.154281,5244780
2016-05-13,587.154281,588.269258,583.596300,584.706628,584.706628,6302377
2016-05-16,584.706628,598.472780,579.298718,592.988274,592.988274,8227717
2016-05-17,592.988274,596.516672,583.187886,586.678742,586.678742,5345960
2016-05-18,586.678742,588.877381,582.868885,585.061463,585.061463,4248845
2016-05-19,585.061463,594.077292,582.257194,591.243392,591.243392,2363821
2016-05-20,591.243392,600.497519,589.555516,598.788104,598.788104,6268938
2016-05-23,598.788104,608.920674,596.428397,606.530455,606.530455,4581300
2016-05-24,606.530455,607.008196,603.595143,604.070946,604.070946,6712034
2016-05-25,604.070946,616.285531,603.876134,616.086843,616.086843,7291522
2016-05-26,616.086843,618.994345,610.055978,612.948669,612.948669,3908311
2016-05-27,612.948669,616.445246,607.076735,610.559684,610.559684,5835990
2016-05-30,610.559684,613.751745,609.448030,612.636310,612.636310,5155024
2016-05-31,612.636310,615.551140,607.105804,610.008130,610.008130,2946850
2016-06-01,610.008130,632.579978,607.090449,629.568738,629.568738,8654618
2016-06-02,629.568738,631.304025,618.679843,620.389830,620.389830,3476254
2016-06-03,620.389830,643.744312,615.087913,638.289423,638.289423,6948418
2016-06-06,638.289423,647.181988,638.201946,647.093304,647.093304,6077636
2016-06-07,647.093304,647.864133,643.369216,644.136523,644.136523,5533629
2016-06-08,644.136523,659.963295,642.196323,657.981393,657.981393,5438909
2016-06-09,657.981393,681.685229,654.547369,678.145966,678.145966,5801656
2016-06-10,678.145966,683.511663,673.889430,679.248209,679.248209,6363192
2016-06-13,679.248209,692.208775,679.167936,692.126981,692.126981,7104446
2016-06-14,692.126981,697.990966,677.991519,683.784826,683.784826,4736388
2016-06-15,683.784826,685.838774,661.445007,663.437837,663.437837,5354707
2016-06-16,663.437837,668.365698,657.352576,662.271776,662.271776,6823622
2016-06-17,662.271776,667.172902,657.457139,662.357641,662.357641,3951257
2016-06-20,662.357641,664.896441,647.140947,649.630966,649.630966,5211896
2016-06-21,649.630966,650.128753,646.012848,646.508242,646.508242,8238414
2016-06-22,646.508242,650.995594,633.942631,638.373520,638.373520,5393835
2016-06-23,638.373520,649.901376,635.422355,646.910744,646.910744,4297407
2016-06-24,646.910744,650.977281,638.310282,642.348139,642.348139,5522761
2016-06-27,642.348139,654.988347,641.974898,654.607983,654.607983,5020231
2016-06-28,654.607983,656.964348,637.892391,640.196881,640.196881,4438407
2016-06-29,640.196881,657.010341,638.839613,655.620374,655.620374,7887707
2016-06-30,655.620374,683.266459,653.212582,680.766317,680.766317,7712791
2016-07-01,680.766317,681.545503,679.317157,680.095576,680.095576,5326561
2016-07-04,680.095576,688.998370,677.303563,686.181374,686.181374,7502736
2016-07-05,686.181374,702.788465,679.046085,695.555697,695.555697,7223268
2016-07-06,695.555697,699.241918,689.980388,693.656544,693.656544,6228118
2016-07-07,693.656544,694.089511,684.590513,685.018089,685.018089,5963836
2016-07-08,685.018089,687.075083,660.557721,662.547239,662.547239,3130884
2016-07-11,662.547239,663.280499,662.054838,662.787920,662.787920,8587536
2016-07-12,662.787920,664.080572,653.910828,655.188659,655.188659,3882437
2016-07-13,655.188659,660.090366,654.451320,659.348345,659.348345,11852320
2016-07-14,659.348345,661.091131,655.755370,657.493252,657.493252,7995645
2016-07-15,657.493252,666.648754,654.582866,663.710846,663.710846,4886842
2016-07-18,663.710846,665.314478,651.295562,652.873008,652.873008,7322577
2016-07-19,652.873008,654.334014,639.516572,640.950898,640.950898,5264586
2016-07-20,640.950898,668.036384,638.662189,665.659445,665.659445,9753155
2016-07-21,665.659445,666.194870,659.975622,660.506902,660.506902,3952036
2016-07-22,660.506902,660.630528,656.479769,656.602664,656.602664,5735665
2016-07-25,656.602664,660.450405,640.896824,644.674666,644.674666,3993778
2016-07-26,644.674666,655.438064,644.165875,654.921186,654.921186,5764898
2016-07-27,654.921186,656.864325,648.289256,650.218441,650.218441,6042275
2016-07-28,650.218441,659.293237,649.849655,658.919515,658.919515,6129123
2016-07-29,658.919515,685.527137,657.875813,684.443007,684.443007,4662893
2016-08-01,684.443007,700.722443,682.089017,698.320724,698.320724,8184202
2016-08-02,698.320724,699.860362,686.309599,687.826099,687.826099,3115631
2016-08-03,687.826099,690.850412,683.726152,686.745715,686.745715,5746293
2016-08-04,686.745715,700.982686,681.117676,695.284669,695.284669,4926668
2016-08-05,695.284669,698.290515,665.959499,668.851067,668.851067,5569488
2016-08-08,668.851067,674.332228,646.274402,651.614310,651.614310,3904069
2016-08-09,651.614310,652.314748,650.696224,651.396428,651.396428,7534391
2016-08-10,651.396428,656.048766,651.167696,655.818481,655.818481,4043730
2016-08-11,655.818481,661.469440,655.408651,661.056338,661.056338,7481865
2016-08-12,661.056338,676.292624,654.940935,670.093618,670.093618,5807149
2016-08-15,670.093618,670.147808,663.882098,663.935790,663.935790,8349666
2016-08-16,663.935790,666.798204,662.033731,664.893402,664.893402,4805980
2016-08-17,664.893402,670.459023,651.107643,656.603874,656.603874,3797959
2016-08-18,656.603874,668.398096,653.527560,665.281127,665.281127,5466331
2016-08-19,665.281127,670.477323,662.676391,667.862481,667.862481,8414973
2016-08-22,667.862481,668.630635,664.561547,665.326785,665.326785,16513253
2016-08-23,665.326785,668.368033,654.703533,657.709965,657.709965,6596578
2016-08-24,657.709965,676.677413,656.958260,675.904913,675.904913,9602316
2016-08-25,675.904913,688.728355,673.602832,686.390561,686.390561,6253228
2016-08-26,686.390561,692.008374,675.911984,681.489685,681.489685,3897607
2016-08-29,681.489685,681.815552,670.203877,670.524500,670.524500,5558373
2016-08-30,670.524500,674.393662,668.816048,672.679719,672.679719,5619590
2016-08-31,672.679719,679.111022,672.030393,678.456120,678.456120,6279987
2016-09-01,678.456120,679.847687,676.611606,678.002242,678.002242,9801522
2016-09-02,678.002242,680.129804,676.350563,678.476968,678.476968,6135450
2016-09-05,678.476968,682.018362,669.798959,673.313401,673.313401,4886076
2016-09-06,673.313401,688.178114,669.898457,684.705391,684.705391,5853218
2016-09-07,684.705391,685.486180,668.444618,669.207735,669.207735,7920748
2016-09-08,669.207735,672.878648,669.075457,672.745671,672.745671,4213493
2016-09-09,672.745671,674.176096,672.596971,674.027113,674.027113,8503212
2016-09-12,674.027113,677.368192,668.692998,672.024149,672.024149,5943985
2016-09-13,672.024149,679.705855,671.392542,679.067629,679.067629,6164765
2016-09-14,679.067629,686.020331,677.308265,684.247547,684.247547,5771278
2016-09-15,684.247547,691.900825,681.739504,689.373991,689.373991,8067374
2016-09-16,689.373991,703.620641,685.430908,699.618959,699.618959,4673051
2016-09-19,699.618959,712.932000,696.417142,709.684120,709.684120,7831137
2016-09-20,709.684120,722.728496,709.375542,722.414384,722.414384,8815658
2016-09-21,722.414384,725.304077,706.835503,709.674235,709.674235,5035248
2016-09-22,709.674235,713.642005,702.810922,706.762411,706.762411,6639144
2016-09-23,706.762411,707.959312,695.246288,696.425683,696.425683,3688854
2016-09-26,696.425683,701.560237,683.556142,688.633245,688.633245,2896907
2016-09-27,688.633245,692.532551,688.574193,692.473170,692.473170,8815573
2016-09-28,692.473170,699.572807,687.916056,694.999071,694.999071,7898983
2016-09-29,694.999071,716.468349,689.749110,711.096788,711.096788,5841038
2016-09-30,711.096788,713.456544,704.786901,707.133505,707.133505,5163697
2016-10-03,707.133505,723.018647,701.996395,717.804019,717.804019,6702281
2016-10-04,717.804019,719.107813,704.233189,705.514661,705.514661,4640527
2016-10-05,705.514661,710.760565,705.459689,710.705189,710.705189,3001903
2016-10-06,710.705189,712.919946,709.025890,711.239384,711.239384,7828296
2016-10-07,711.239384,711.719762,705.293843,705.770526,705.770526,7600880
2016-10-10,705.770526,707.846186,703.599527,705.674905,705.674905,9841426
2016-10-11,705.674905,715.437286,704.456650,714.204306,714.204306,7089666
2016-10-12,714.204306,715.566705,712.993455,714.355599,714.355599,5601506
2016-10-13,714.355599,717.102585,713.481122,716.225819,716.225819,6536201
2016-10-14,716.225819,721.094520,713.527630,718.388184,718.388184,6692121
2016-10-17,718.388184,720.189610,715.095871,716.893549,716.893549,8881494
2016-10-18,716.893549,720.505374,698.653486,702.191239,702.191239,5787117
2016-10-19,702.191239,704.973267,692.460656,695.215045,695.215045,3550550
2016-10-20,695.215045,697.896852,685.921527,688.577731,688.577731,3879059
2016-10-21,688.577731,690.900657,675.321094,677.607011,677.607011,5513161
2016-10-24,677.607011,680.321369,668.780394,671.470169,671.470169,7438849
2016-10-25,671.470169,680.375164,670.296776,679.188284,679.188284,6589796
2016-10-26,679.188284,679.554806,661.313489,661.670558,661.670558,5865457
2016-10-27,661.670558,672.960192,659.418991,670.677975,670.677975,7817881
2016-10-28,670.677975,697.537546,668.431946,695.209364,695.209364,8563999
2016-10-31,695.209364,696.035390,689.637058,690.457439,690.457439,7704221
2016-11-01,690.457439,696.451271,687.201578,693.182560,693.182560,4794480
2016-11-02,693.182560,697.640781,674.932339,679.301282,679.301282,5080947
2016-11-03,679.301282,679.890443,673.311291,673.895763,673.895763,5757255
2016-11-04,673.895763,681.832041,671.826502,679.744820,679.744820,7244978
2016-11-07,679.744820,681.100669,672.592566,673.936830,673.936830,4297367
2016-11-08,673.936830,677.856245,664.319042,668.205123,668.205123,4496856
2016-11-09,668.205123,674.631691,665.715111,672.127064,672.127064,3773019
2016-11-10,672.127064,676.042992,671.516754,675.429683,675.429683,5979463
2016-11-11,675.429683,675.817598,674.606536,674.994201,674.994201,8050053
2016-11-14,674.994201,686.626773,673.052211,684.656983,684.656983,16589029
2016-11-15,684.656983,688.652409,682.033616,686.023805,686.023805,4420371
2016-11-16,686.023805,704.469320,683.999095,702.396289,702.396289,4992191
2016-11-17,702.396289,704.388069,699.689932,701.679680,701.679680,4159251
2016-11-18,701.679680,702.273006,689.805638,690.389417,690.389417,7095368
2016-11-21,690.389417,693.692178,675.784054,679.032485,679.032485,5855431
2016-11-22,679.032485,695.846255,677.506214,694.285698,694.285698,4622003
2016-11-23,694.285698,696.942296,682.904258,685.527342,685.527342,7795391
2016-11-24,685.527342,694.380216,684.921975,693.767572,693.767572,8261443
2016-11-25,693.767572,712.725414,690.924105,709.816171,709.816171,9103876
2016-11-28,709.816171,712.167405,694.984412,697.294167,697.294167,5928714
2016-11-29,697.294167,698.223369,696.636932,697.565878,697.565878,12332424
2016-11-30,697.565878,700.835655,691.693075,694.950593,694.950593,10068027
2016-12-01,694.950593,705.108488,692.497713,702.628508,702.628508,4854757
2016-12-02,702.628508,705.693278,683.791799,686.787473,686.787473,5301271
2016-12-05,686.787473,692.256435,685.893871,691.356887,691.356887,4451743
2016-12-06,691.356887,703.919185,687.875872,700.392674,700.392674,5456894
2016-12-07,700.392674,702.387995,692.207110,694.184745,694.184745,11358047
2016-12-08,694.184745,697.902100,693.166641,696.880043,696.880043,7641344
2016-12-09,696.880043,697.669895,686.969263,687.748766,687.748766,7172062
2016-12-12,687.748766,732.742975,687.276863,732.240545,732.240545,3900018
2016-12-13,732.240545,739.838659,730.423881,738.007687,738.007687,8108348
2016-12-14,738.007687,754.158879,737.453379,753.592866,753.592866,7907495
2016-12-15,753.592866,754.840948,724.136447,725.337734,725.337734,6906319
2016-12-16,725.337734,726.367976,723.513334,724.542446,724.542446,5793380
2016-12-19,724.542446,729.701888,722.072968,727.223273,727.223273,6119266
2016-12-20,727.223273,745.912411,725.413663,744.060903,744.060903,5216116
2016-12-21,744.060903,744.507811,734.335008,734.776339,734.776339,8422756
2016-12-22,734.776339,738.327216,731.106659,734.656958,734.656958,4262060
2016-12-23,734.656958,736.333522,723.749058,725.404507,725.404507,5457139
2016-12-26,725.404507,738.182476,717.199234,729.926059,729.926059,4350088
2016-12-27,729.926059,731.313349,709.039806,710.389966,710.389966,6088949
2016-12-28,710.389966,723.128825,708.077574,720.782605,720.782605,5517904
2016-12-29,720.782605,722.014597,707.817383,709.029286,709.029286,6978737
2016-12-30,709.029286,709.220218,705.822821,706.012941,706.012941,4157069
2017-01-02,706.012941,709.516367,691.361384,694.809215,694.809215,5413958
2017-01-03,694.809215,697.268223,692.914574,695.372047,695.372047,8203906
2017-01-04,695.372047,705.052794,694.491241,704.160856,704.160856,4963676
2017-01-05,704.160856,704.361974,701.611022,701.811469,701.811469,6165850
2017-01-06,701.811469,703.069733,699.615771,700.872351,700.872351,7408815
2017-01-09,700.872351,704.592837,692.558500,696.254473,696.254473,4616042
2017-01-10,696.254473,697.204246,688.364387,689.304679,689.304679,5343926
2017-01-11,689.304679,711.086117,688.059809,709.804225,709.804225,5448634
2017-01-12,709.804225,720.650199,706.147309,716.956435,716.956435,7851320
2017-01-13,716.956435,719.329693,705.484632,707.827671,707.827671,5494557
2017-01-16,707.827671,712.606408,699.693864,704.449796,704.449796,3085546
2017-01-17,704.449796,721.450880,700.911729,717.845534,717.845534,2296198
2017-01-18,717.845534,719.597018,695.639923,697.341378,697.341378,8749364
2017-01-19,697.341378,697.729769,689.922128,690.306601,690.306601,4542143
2017-01-20,690.306601,690.623761,682.278803,682.592419,682.592419,6093035
2017-01-23,682.592419,685.399236,678.567504,681.369293,681.369293,9887633
2017-01-24,681.369293,687.095148,680.566061,686.286120,686.286120,6630533
2017-01-25,686.286120,689.128727,678.244821,681.065805,681.065805,7044198
2017-01-26,681.065805,681.568140,680.405076,680.907294,680.907294,3602444
2017-01-27,680.907294,684.483093,680.747862,684.322862,684.322862,10292097
2017-01-30,684.322862,690.318833,679.189787,685.179335,685.179335,4858728
2017-01-31,685.179335,688.288779,680.654724,683.757717,683.757717,5871245
2017-02-01,683.757717,691.821911,677.513175,685.560901,685.560901,5804740
2017-02-02,685.560901,694.580799,682.980004,691.975753,691.975753,3789047
2017-02-03,691.975753,710.637845,690.370408,708.993022,708.993022,4738717
2017-02-06,708.993022,709.827809,693.443446,694.260887,694.260887,5257005
2017-02-07,694.260887,696.182302,693.976417,695.897161,695.897161,3474621
2017-02-08,695.897161,706.654868,694.537972,705.277358,705.277358,4416557
2017-02-09,705.277358,705.848377,694.211916,694.774431,694.774431,11306162
2017-02-10,694.774431,695.870583,693.973563,695.069375,695.069375,6291240
2017-02-13,695.069375,697.147101,656.408836,658.376879,658.376879,8143879
2017-02-14,658.376879,678.295237,656.639006,676.509501,676.509501,7510706
2017-02-15,676.509501,682.001289,672.470210,677.953377,677.953377,8206674
2017-02-16,677.953377,679.922884,672.751755,674.711845,674.711845,6581053
2017-02-17,674.711845,681.668536,674.016554,680.966800,680.966800,4028366
2017-02-20,680.966800,684.740022,664.798580,668.502740,668.502740,5177838
2017-02-21,668.502740,672.487201,666.135976,670.114730,670.114730,6135944
2017-02-22,670.114730,691.785641,666.004789,687.568651,687.568651,7461866
2017-02-23,687.568651,687.731382,677.393358,677.553718,677.553718,3225914
2017-02-24,677.553718,678.459859,669.939464,670.836622,670.836622,3527083
2017-02-27,670.836622,671.447261,659.874027,660.475234,660.475234,5113277
2017-02-28,660.475234,661.531764,653.857480,654.905099,654.905099,4610755
2017-03-01,654.905099,664.167606,650.772887,660.003227,660.003227,5595440
2017-03-02,660.003227,666.963532,659.159214,666.111708,666.111708,7224756
2017-03-03,666.111708,684.892557,663.136922,681.847497,681.847497,3845426
2017-03-06,681.847497,684.283202,664.387345,666.769188,666.769188,8104525
2017-03-07,666.769188,682.462405,663.993533,679.633199,679.633199,5583103
2017-03-08,679.633199,685.962391,678.944392,685.267873,685.267873,6269143
2017-03-09,685.267873,685.711095,664.781301,665.211550,665.211550,8574608
2017-03-10,665.211550,667.552855,654.925265,657.238507,657.238507,4639706
2017-03-13,657.238507,659.339676,649.656543,651.740134,651.740134,3023844
2017-03-14,651.740134,656.803557,647.611936,652.669473,652.669473,6435051
2017-03-15,652.669473,654.464700,650.760758,652.555672,652.555672,7543767
2017-03-16,652.555672,656.670979,652.025737,656.138134,656.138134,4831916
2017-03-17,656.138134,662.181888,655.601491,661.640745,661.640745,19742188
2017-03-20,661.640745,662.015217,660.137392,660.511226,660.511226,4627938
2017-03-21,660.511226,672.918591,659.524121,671.914445,671.914445,3121973
2017-03-22,671.914445,672.017040,667.177088,667.278976,667.278976,6904406
2017-03-23,667.278976,679.913969,663.833234,676.421019,676.421019,6742376
2017-03-24,676.421019,678.782170,674.370100,676.730313,676.730313,4120724
2017-03-27,676.730313,692.301820,674.574734,690.103643,690.103643,4693161
2017-03-28,690.103643,692.237039,683.552250,685.671946,685.671946,7265464
2017-03-29,685.671946,690.968883,678.392727,683.674232,683.674232,9011805
2017-03-30,683.674232,690.864396,681.058595,688.231324,688.231324,3784561
2017-03-31,688.231324,697.002630,686.970801,695.728375,695.728375,3635101
2017-04-03,695.728375,709.534889,694.771417,708.560281,708.560281,7111945
2017-04-04,708.560281,713.207023,708.025703,712.669346,712.669346,8207674
2017-04-05,712.669346,713.852133,711.458166,712.640906,712.640906,5263451
2017-04-06,712.640906,718.621160,709.835670,715.803475,715.803475,6095155
2017-04-07,715.803475,726.291719,713.668634,724.132038,724.132038,6990793
2017-04-10,724.132038,727.449111,711.424820,714.698681,714.698681,4646538
2017-04-11,714.698681,718.289916,714.642907,718.233866,718.233866,4676049
2017-04-12,718.233866,722.392371,709.721973,713.855126,713.855126,5976324
2017-04-13,713.855126,715.530981,706.895001,708.558421,708.558421,4079914
2017-04-14,708.558421,725.526778,706.973976,723.908008,723.908008,6919148
2017-04-17,723.908008,726.720547,722.838496,725.648463,725.648463,9410095
2017-04-18,725.648463,726.983046,717.514993,718.837049,718.837049,8415029
2017-04-19,718.837049,721.297268,701.883971,704.294418,704.294418,4458939
2017-04-20,704.294418,705.848780,694.604899,696.141267,696.141267,6277046
2017-04-21,696.141267,706.277224,692.826959,702.930592,702.930592,5243280
2017-04-24,702.930592,704.732856,699.656105,701.454585,701.454585,8117665
2017-04-25,701.454585,710.434519,700.580988,709.550839,709.550839,6472606
2017-04-26,709.550839,711.287401,704.438787,706.167067,706.167067,5705941
2017-04-27,706.167067,721.269578,701.220836,716.252704,716.252704,13224673
2017-04-28,716.252704,745.924915,713.222328,742.782296,742.782296,3132346
2017-05-01,742.782296,746.384941,732.368379,735.937827,735.937827,5674632
2017-05-02,735.937827,740.688182,733.229858,737.972725,737.972725,4252463
2017-05-03,737.972725,744.383670,737.141276,743.545941,743.545941,4710362
2017-05-04,743.545941,749.140991,740.415915,746.000631,746.000631,17558791
2017-05-05,746.000631,749.009843,741.959590,744.964623,744.964623,3638277
2017-05-08,744.964623,750.695828,738.984603,744.713880,744.713880,9110846
2017-05-09,744.713880,749.970610,723.173029,728.313997,728.313997,3211398
2017-05-10,728.313997,746.687953,724.507026,742.805235,742.805235,4275543
2017-05-11,742.805235,747.439919,730.351665,734.937257,734.937257,6003724
2017-05-12,734.937257,752.526123,730.716312,748.228841,748.228841,12481174
2017-05-15,748.228841,764.905931,745.907314,762.540002,762.540002,3655631
2017-05-16,762.540002,768.785282,760.473811,766.707798,766.707798,5929520
2017-05-17,766.707798,770.026685,764.391001,767.706869,767.706869,8350960
2017-05-18,767.706869,768.723234,766.537107,767.553269,767.553269,8091096
2017-05-19,767.553269,774.522873,766.985580,773.950452,773.950452,8969027
2017-05-22,773.950452,781.042248,773.786271,780.876598,780.876598,4258116
2017-05-23,780.876598,801.201703,776.407219,796.642089,796.642089,6568096
2017-05-24,796.642089,808.653889,792.033625,804.002844,804.002844,2819784
2017-05-25,804.002844,830.197750,799.430030,825.502656,825.502656,7705160
2017-05-26,825.502656,830.305878,818.934818,823.727713,823.727713,5371594
2017-05-29,823.727713,832.557277,819.842498,828.648851,828.648851,6975252
2017-05-30,828.648851,834.924675,824.282862,830.548676,830.548676,4322518
2017-05-31,830.548676,854.484035,829.379390,853.282743,853.282743,5453232
2017-06-01,853.282743,853.795985,851.025626,851.537818,851.537818,9350494
2017-06-02,851.537818,865.610727,841.796028,855.819948,855.819948,4801242
2017-06-05,855.819948,861.373131,834.720499,840.172147,840.172147,4475953
2017-06-06,840.172147,842.217833,834.901313,836.939126,836.939126,4880599
2017-06-07,836.939126,855.204533,836.344696,854.597561,854.597561,6773850
2017-06-08,854.597561,860.001493,850.824320,856.221084,856.221084,9616212
2017-06-09,856.221084,871.518103,853.409474,868.665629,868.665629,6992421
2017-06-12,868.665629,876.612516,866.189882,874.121220,874.121220,5660858
2017-06-13,874.121220,881.194346,872.014476,879.075661,879.075661,3952706
2017-06-14,879.075661,883.774458,873.959053,878.655606,878.655606,8164117
2017-06-15,878.655606,881.613643,875.534593,878.492080,878.492080,5589473
2017-06-16,878.492080,887.612760,869.378571,878.499177,878.499177,11057684
2017-06-19,878.499177,895.077616,873.360219,889.872130,889.872130,2826605
2017-06-20,889.872130,909.595298,888.759410,908.459336,908.459336,6469522
2017-06-21,908.459336,910.556605,904.940719,907.034699,907.034699,7475873
2017-06-22,907.034699,909.284173,896.557056,898.786073,898.786073,6235782
2017-06-23,898.786073,902.036379,898.709679,901.959715,901.959715,6085884
2017-06-26,901.959715,934.747296,898.388877,931.061247,931.061247,7299394
2017-06-27,931.061247,933.098258,921.909251,923.930662,923.930662,5910964
2017-06-28,923.930662,936.339834,923.702254,936.108415,936.108415,7470836
2017-06-29,936.108415,937.864795,934.885558,936.641243,936.641243,7731704
2017-06-30,936.641243,943.351513,935.724095,942.428698,942.428698,9940483
2017-07-03,942.428698,951.595431,940.283442,949.434228,949.434228,5293789
2017-07-04,949.434228,963.727291,946.601738,960.860712,960.860712,4246021
2017-07-05,960.860712,965.896589,946.450655,951.437143,951.437143,4843250
2017-07-06,951.437143,988.537045,948.601659,985.599749,985.599749,6702066
2017-07-07,985.599749,1002.303078,984.541708,1001.228260,1001.228260,6144164
2017-07-10,1001.228260,1005.793487,990.396957,994.933482,994.933482,7177340
2017-07-11,994.933482,999.680570,985.327265,990.051057,990.051057,5065746
2017-07-12,990.051057,992.807701,985.831786,988.584346,988.584346,6839985
2017-07-13,988.584346,992.168289,979.149477,982.712131,982.712131,6860685
2017-07-14,982.712131,1004.799686,977.304940,999.301217,999.301217,3345865
2017-07-17,999.301217,999.551413,972.918073,973.161725,973.161725,4718665
2017-07-18,973.161725,980.931745,966.881592,974.642060,974.642060,6282674
2017-07-19,974.642060,976.641842,964.539539,966.522661,966.522661,5080878
2017-07-20,966.522661,968.554361,946.427629,948.421278,948.421278,7394916
2017-07-21,948.421278,949.853896,939.022075,940.442641,940.442641,9500719
2017-07-24,940.442641,969.098300,933.193957,961.685879,961.685879,7891081
2017-07-25,961.685879,967.090732,941.397232,946.717963,946.717963,8973354
2017-07-26,946.717963,965.726952,943.008819,961.958100,961.958100,6578317
2017-07-27,961.958100,981.943151,959.757413,979.701872,979.701872,7832001
2017-07-28,979.701872,992.456841,975.990894,988.711735,988.711735,2885000
2017-07-31,988.711735,989.311900,976.862317,977.455649,977.455649,6096002
2017-08-01,977.455649,985.363562,973.671192,981.563201,981.563201,7179630
2017-08-02,981.563201,1007.410637,979.802023,1005.606320,1005.606320,6603597
2017-08-03,1005.606320,1006.789115,992.891074,994.060288,994.060288,3274977
2017-08-04,994.060288,994.383343,990.887130,991.209258,991.209258,4823122
2017-08-07,991.209258,997.161984,983.918546,989.863189,989.863189,4432104
2017-08-08,989.863189,1005.451799,988.851656,1004.425385,1004.425385,5839718
2017-08-09,1004.425385,1030.693716,999.766177,1025.934733,1025.934733,6855317
2017-08-10,1025.934733,1054.088554,1022.938369,1051.018929,1051.018929,2514465
2017-08-11,1051.018929,1070.390952,1047.047841,1066.361893,1066.361893,7008559
2017-08-14,1066.361893,1078.732691,1059.227368,1071.563366,1071.563366,8438807
2017-08-15,1071.563366,1097.256457,1071.094959,1096.777029,1096.777029,3974483
2017-08-16,1096.777029,1097.479029,1092.061866,1092.761296,1092.761296,5077684
2017-08-17,1092.761296,1107.241001,1087.755687,1102.192192,1102.192192,6723652
2017-08-18,1102.192192,1112.471873,1101.860710,1112.137399,1112.137399,3598562
2017-08-21,1112.137399,1122.151500,1108.711611,1118.705479,1118.705479,4963238
2017-08-22,1118.705479,1123.792832,1087.518096,1092.486215,1092.486215,7697996
2017-08-23,1092.486215,1094.615302,1070.132570,1072.222166,1072.222166,5587820
2017-08-24,1072.222166,1076.919852,1065.166686,1069.853997,1069.853997,5204244
2017-08-25,1069.853997,1077.413809,1060.363865,1067.909939,1067.909939,6308127
2017-08-28,1067.909939,1069.102930,1060.391496,1061.577412,1061.577412,3535751
2017-08-29,1061.577412,1086.761121,1059.092982,1084.223691,1084.223691,7308762
2017-08-30,1084.223691,1086.920575,1083.579559,1086.275224,1086.275224,5091132
2017-08-31,1086.275224,1087.299734,1080.820618,1081.840946,1081.840946,3466466
2017-09-01,1081.840946,1083.154230,1076.304936,1077.613087,1077.613087,6699280
2017-09-04,1077.613087,1078.177477,1068.412881,1068.972745,1068.972745,10565044
2017-09-05,1068.972745,1071.276369,1067.613772,1069.916197,1069.916197,3851943
2017-09-06,1069.916197,1073.184313,1052.987040,1056.213300,1056.213300,8672128
2017-09-07,1056.213300,1056.929487,1045.804752,1046.514362,1046.514362,5252348
2017-09-08,1046.514362,1065.976761,1045.443167,1064.886761,1064.886761,5234961
2017-09-11,1064.886761,1085.866048,1051.851610,1072.734830,1072.734830,17034079
2017-09-12,1072.734830,1073.559621,1042.488116,1043.290267,1043.290267,6719127
2017-09-13,1043.290267,1044.571655,1023.792605,1025.051592,1025.051592,6851701
2017-09-14,1025.051592,1028.028015,1009.633127,1012.573317,1012.573317,9306288
2017-09-15,1012.573317,1017.299267,1009.834966,1014.555555,1014.555555,10608568
2017-09-18,1014.555555,1044.088350,1014.464600,1043.994755,1043.994755,10793801
2017-09-19,1043.994755,1081.860293,1036.887485,1074.545043,1074.545043,6854999
2017-09-20,1074.545043,1081.024431,1069.686331,1076.158423,1076.158423,5078155
2017-09-21,1076.158423,1109.512124,1069.785149,1102.980005,1102.980005,5342837
2017-09-22,1102.980005,1103.764341,1090.605882,1091.381970,1091.381970,11530124
2017-09-25,1091.381970,1110.419428,1088.381493,1107.374982,1107.374982,6852649
2017-09-26,1107.374982,1124.108841,1103.104691,1119.790672,1119.790672,4701037
2017-09-27,1119.790672,1143.835195,1115.035602,1138.998560,1138.998560,4083332
2017-09-28,1138.998560,1140.268514,1131.340814,1132.603638,1132.603638,4261579
2017-09-29,1132.603638,1144.231077,1129.420284,1141.024056,1141.024056,3570038
2017-10-02,1141.024056,1200.199184,1137.082652,1196.067645,1196.067645,10074171
2017-10-03,1196.067645,1203.453409,1183.184977,1190.536587,1190.536587,7224052
2017-10-04,1190.536587,1190.746044,1185.196960,1185.405514,1185.405514,6731644
2017-10-05,1185.405514,1195.370077,1179.725993,1189.670123,1189.670123,9158163
2017-10-06,1189.670123,1234.502408,1183.920912,1228.565233,1228.565233,6476588
2017-10-09,1228.565233,1231.293492,1191.915867,1194.568630,1194.568630,12786320
2017-10-10,1194.568630,1195.925724,1161.803176,1163.124548,1163.124548,6144855
2017-10-11,1163.124548,1193.165376,1159.544567,1189.504201,1189.504201,4904469
2017-10-12,1189.504201,1195.907989,1167.943574,1174.265322,1174.265322,6230433
2017-10-13,1174.265322,1194.907360,1167.195907,1187.756722,1187.756722,4375622
2017-10-16,1187.756722,1195.717349,1161.875851,1169.715562,1169.715562,3811843
2017-10-17,1169.715562,1178.437894,1165.555542,1174.261706,1174.261706,8082579
2017-10-18,1174.261706,1180.075459,1139.687733,1145.358386,1145.358386,3658039
2017-10-19,1145.358386,1153.373618,1114.449119,1122.303010,1122.303010,8498808
2017-10-20,1122.303010,1125.275388,1110.859960,1113.809844,1113.809844,5179709
2017-10-23,1113.809844,1129.446494,1109.908499,1125.504187,1125.504187,9014368
2017-10-24,1125.504187,1129.864504,1088.046227,1092.277822,1092.277822,4484129
2017-10-25,1092.277822,1102.217383,1063.207733,1072.971610,1072.971610,5158301
2017-10-26,1072.971610,1095.220250,1068.691525,1090.868773,1090.868773,7074819
2017-10-27,1090.868773,1094.735709,1088.999548,1092.863067,1092.863067,2858189
2017-10-30,1092.863067,1141.435513,1090.074369,1138.530285,1138.530285,5192678
2017-10-31,1138.530285,1149.245664,1132.470339,1143.161070,1143.161070,4337755
2017-11-01,1143.161070,1151.844520,1137.596584,1146.264925,1146.264925,6387559
2017-11-02,1146.264925,1161.785699,1138.084518,1153.553278,1153.553278,4447945
2017-11-03,1153.553278,1158.745830,1144.323559,1149.497856,1149.497856,8315384
2017-11-06,1149.497856,1150.850532,1143.796090,1145.143643,1145.143643,5184883
2017-11-07,1145.143643,1166.466540,1136.222584,1157.449614,1157.449614,8887223
2017-11-08,1157.449614,1162.863367,1150.914072,1156.322553,1156.322553,8605323
2017-11-09,1156.322553,1200.138090,1155.460679,1199.244223,1199.244223,5619440
2017-11-10,1199.244223,1201.959728,1178.274118,1180.948194,1180.948194,11058448
2017-11-13,1180.948194,1205.056234,1177.021017,1201.062170,1201.062170,4679859
2017-11-14,1201.062170,1221.432351,1191.325680,1211.610352,1211.610352,3578022
2017-11-15,1211.610352,1214.339388,1208.543138,1211.271411,1211.271411,10545972
2017-11-16,1211.271411,1241.112382,1206.126595,1235.863114,1235.863114,7513930
2017-11-17,1235.863114,1254.918107,1230.623383,1249.620050,1249.620050,5630296
2017-11-20,1249.620050,1252.529471,1230.409348,1233.280727,1233.280727,3665239
2017-11-21,1233.280727,1263.506678,1223.682428,1253.749079,1253.749079,5634219
2017-11-22,1253.749079,1277.825134,1253.193948,1277.259592,1277.259592,3818768
2017-11-23,1277.259592,1282.034170,1244.549586,1249.219345,1249.219345,7604492
2017-11-24,1249.219345,1255.845648,1236.154652,1242.746621,1242.746621,6743510
2017-11-27,1242.746621,1256.975751,1232.623688,1246.819640,1246.819640,9838754
2017-11-28,1246.819640,1255.594163,1243.164512,1251.924071,1251.924071,4965742
2017-11-29,1251.924071,1252.537639,1229.044146,1229.646796,1229.646796,5717069
2017-11-30,1229.646796,1258.252788,1229.233585,1257.830107,1257.830107,5064799
2017-12-01,1257.830107,1283.703662,1254.122754,1279.931167,1279.931167,2960541
2017-12-04,1279.931167,1292.518098,1265.983335,1278.556750,1278.556750,5409803
2017-12-05,1278.556750,1308.631719,1274.444570,1304.436303,1304.436303,3188107
2017-12-06,1304.436303,1314.440433,1291.368032,1301.348480,1301.348480,8469023
2017-12-07,1301.348480,1309.019759,1291.548553,1299.207210,1299.207210,8814394
2017-12-08,1299.207210,1303.101778,1285.277556,1289.141951,1289.141951,3510161
2017-12-11,1289.141951,1296.921289,1270.362016,1278.074567,1278.074567,5032983
2017-12-12,1278.074567,1301.000233,1276.992796,1299.899988,1299.899988,10497612
2017-12-13,1299.899988,1304.132423,1262.881286,1267.006621,1267.006621,3711306
2017-12-14,1267.006621,1288.969893,1260.233944,1282.116448,1282.116448,5099598
2017-12-15,1282.116448,1285.136250,1277.076752,1280.091785,1280.091785,4380969
2017-12-18,1280.091785,1284.855471,1270.742983,1275.489542,1275.489542,4975068
2017-12-19,1275.489542,1277.205349,1259.053872,1260.749851,1260.749851,6338124
2017-12-20,1260.749851,1265.755410,1250.906367,1255.892641,1255.892641,5059639
2017-12-21,1255.892641,1277.389401,1248.301670,1269.714884,1269.714884,10806136
2017-12-22,1269.714884,1277.804818,1262.067318,1270.154603,1270.154603,3802275
2017-12-25,1270.154603,1278.691614,1269.241100,1277.772632,1277.772632,5457490
2017-12-26,1277.772632,1298.061738,1271.523712,1291.744490,1291.744490,5285964
2017-12-27,1291.744490,1295.222156,1259.560590,1262.960764,1262.960764,4363416
2017-12-28,1262.960764,1272.719425,1256.692357,1266.433780,1266.433780,13201832
2017-12-29,1266.433780,1282.235394,1263.673752,1279.447005,1279.447005,6042089
2018-01-01,1279.447005,1295.773715,1276.181236,1292.474693,1292.474693,5365292
2018-01-02,1292.474693,1319.248934,1285.995525,1312.668534,1312.668534,11779700
2018-01-03,1312.668534,1318.748627,1299.060585,1305.105648,1305.105648,4596066
2018-01-04,1305.105648,1343.389862,1300.483273,1338.648685,1338.648685,5471592
2018-01-05,1338.648685,1343.628175,1310.245358,1315.137392,1315.137392,8573044
2018-01-08,1315.137392,1316.221607,1299.767841,1300.840270,1300.840270,7082805
2018-01-09,1300.840270,1306.574397,1265.780944,1271.385233,1271.385233,7372215
2018-01-10,1271.385233,1277.843776,1263.931212,1270.384671,1270.384671,6700659
2018-01-11,1270.384671,1273.136397,1269.956800,1272.707744,1272.707744,8349592
2018-01-12,1272.707744,1353.683688,1266.500042,1347.113069,1347.113069,5495304
2018-01-15,1347.113069,1355.430748,1339.585990,1347.899276,1347.899276,11075411
2018-01-16,1347.899276,1380.706406,1335.389561,1368.010045,1368.010045,5549143
2018-01-17,1368.010045,1383.640083,1365.008245,1380.610633,1380.610633,8438398
2018-01-18,1380.610633,1384.133067,1360.613803,1364.094098,1364.094098,5066904
2018-01-19,1364.094098,1371.273765,1348.037919,1355.170619,1355.170619,4085148
2018-01-22,1355.170619,1358.530295,1329.895390,1333.200598,1333.200598,10449135
2018-01-23,1333.200598,1357.058053,1327.735830,1351.518201,1351.518201,3789361
2018-01-24,1351.518201,1358.136575,1342.412192,1349.018324,1349.018324,4872415
2018-01-25,1349.018324,1403.400521,1346.616907,1400.906736,1400.906736,2609687
2018-01-26,1400.906736,1409.711181,1376.199491,1384.903357,1384.903357,5626648
2018-01-29,1384.903357,1428.332299,1374.188522,1417.366302,1417.366302,5832764
2018-01-30,1417.366302,1421.675902,1383.622978,1387.842810,1387.842810,6053825
2018-01-31,1387.842810,1388.836750,1373.996484,1374.981213,1374.981213,4444988
2018-02-01,1374.981213,1379.942701,1370.211707,1375.172531,1375.172531,8677883
2018-02-02,1375.172531,1386.612900,1371.647944,1383.068077,1383.068077,8285318
2018-02-05,1383.068077,1402.246185,1374.722383,1393.835518,1393.835518,3810124
2018-02-06,1393.835518,1439.129511,1386.027043,1431.112206,1431.112206,8251673
2018-02-07,1431.112206,1436.275052,1423.664378,1428.818952,1428.818952,3900323
2018-02-08,1428.818952,1432.338780,1427.080811,1430.598474,1430.598474,4924155
2018-02-09,1430.598474,1444.175628,1426.634921,1440.185513,1440.185513,4123040
2018-02-12,1440.185513,1461.199510,1436.059777,1457.025532,1457.025532,4417951
2018-02-13,1457.025532,1486.426233,1453.989976,1483.335862,1483.335862,3196448
2018-02-14,1483.335862,1504.745937,1481.596106,1502.983136,1502.983136,3989783
2018-02-15,1502.983136,1518.279165,1500.938470,1516.216497,1516.216497,5890158
2018-02-16,1516.216497,1536.339531,1508.887651,1528.949141,1528.949141,6207932
2018-02-19,1528.949141,1565.230172,1528.857563,1565.136426,1565.136426,6444143
2018-02-20,1565.136426,1596.645050,1561.061673,1592.499060,1592.499060,3229873
2018-02-21,1592.499060,1602.055586,1522.834804,1532.028449,1532.028449,7967812
2018-02-22,1532.028449,1532.923166,1527.948498,1528.841354,1528.841354,7693817
2018-02-23,1528.841354,1554.057723,1525.631803,1550.802069,1550.802069,6864048
2018-02-26,1550.802069,1584.713130,1541.268466,1575.030582,1575.030582,8418813
2018-02-27,1575.030582,1575.061398,1562.458022,1562.488593,1562.488593,6296315
2018-02-28,1562.488593,1568.351751,1534.741972,1540.522704,1540.522704,5136113
2018-03-01,1540.522704,1556.561755,1534.878683,1550.879789,1550.879789,5167892
2018-03-02,1550.879789,1554.553331,1485.575480,1489.102691,1489.102691,5891212
2018-03-05,1489.102691,1508.411416,1478.608554,1497.855595,1497.855595,3840928
2018-03-06,1497.855595,1526.481121,1492.106046,1520.644099,1520.644099,7595968
2018-03-07,1520.644099,1522.786314,1483.429321,1485.522058,1485.522058,4908879
2018-03-08,1485.522058,1498.247470,1479.028884,1491.727174,1491.727174,4876213
2018-03-09,1491.727174,1492.199012,1467.183769,1467.647991,1467.647991,7010471
2018-03-12,1467.647991,1494.999626,1466.411161,1493.740806,1493.740806,3564335
2018-03-13,1493.740806,1494.338516,1465.329341,1465.915916,1465.915916,4998939
2018-03-14,1465.915916,1466.009952,1453.078891,1453.172109,1453.172109,6682390
2018-03-15,1453.172109,1466.280029,1439.073893,1452.172799,1452.172799,16644412
2018-03-16,1452.172799,1472.956251,1446.034631,1466.756441,1466.756441,6909026
2018-03-19,1466.756441,1471.455417,1458.808555,1463.497090,1463.497090,3672569
2018-03-20,1463.497090,1471.361833,1430.804651,1438.535251,1438.535251,6018412
2018-03-21,1438.535251,1442.007726,1412.824175,1416.242838,1416.242838,7724806
2018-03-22,1416.242838,1424.786087,1398.225169,1406.710919,1406.710919,4018508
2018-03-23,1406.710919,1428.757464,1406.666093,1428.711937,1428.711937,6520916
2018-03-26,1428.711937,1433.210468,1428.672124,1433.170531,1433.170531,6354895
2018-03-27,1433.170531,1443.810933,1425.113336,1435.739296,1435.739296,3605654
2018-03-28,1435.739296,1461.088884,1421.558856,1446.799207,1446.799207,7052977
2018-03-29,1446.799207,1449.573143,1417.858002,1420.581671,1420.581671,4668823
2018-03-30,1420.581671,1423.246721,1405.476462,1408.118130,1408.118130,7273491
2018-04-02,1408.118130,1437.021470,1407.860178,1436.758272,1436.758272,5550595
2018-04-03,1436.758272,1462.471808,1430.438729,1456.067334,1456.067334,8476516
2018-04-04,1456.067334,1488.828912,1452.304928,1484.991766,1484.991766,5363568
2018-04-05,1484.991766,1490.763798,1473.468062,1479.217650,1479.217650,3358314
2018-04-06,1479.217650,1489.188176,1475.511601,1485.466471,1485.466471,4881088
2018-04-09,1485.466471,1496.855498,1480.368408,1491.735918,1491.735918,4353298
2018-04-10,1491.735918,1492.632476,1483.673839,1484.566087,1484.566087,7059419
2018-04-11,1484.566087,1491.650301,1481.635527,1488.711558,1488.711558,2805877
2018-04-12,1488.711558,1506.129296,1488.673304,1506.090595,1506.090595,2529065
2018-04-13,1506.090595,1507.896079,1494.687446,1496.481411,1496.481411,5122590
2018-04-16,1496.481411,1498.689319,1489.088094,1491.288340,1491.288340,8454704
2018-04-17,1491.288340,1510.661858,1486.592619,1505.920065,1505.920065,5432505
2018-04-18,1505.920065,1510.969531,1467.560093,1472.497491,1472.497491,5862158
2018-04-19,1472.497491,1481.518972,1461.358873,1470.367302,1470.367302,12325202
2018-04-20,1470.367302,1474.937494,1458.130837,1462.677126,1462.677126,5738523
2018-04-23,1462.677126,1481.657793,1445.053371,1464.017884,1464.017884,5956899
2018-04-24,1464.017884,1468.941935,1435.872269,1440.717953,1440.717953,4342797
2018-04-25,1440.717953,1442.342678,1423.833768,1425.441265,1425.441265,5426964
2018-04-26,1425.441265,1437.873389,1404.312224,1416.667830,1416.667830,4222647
2018-04-27,1416.667830,1422.457080,1399.520618,1405.263262,1405.263262,5135715
2018-04-30,1405.263262,1407.662286,1364.785880,1367.119786,1367.119786,4494739
2018-05-01,1367.119786,1398.909055,1361.804231,1393.490965,1393.490965,8681675
2018-05-02,1393.490965,1393.768881,1379.042632,1379.317721,1379.317721,10415432
2018-05-03,1379.317721,1394.741728,1371.965508,1387.346718,1387.346718,5302130
2018-05-04,1387.346718,1410.134877,1385.268187,1408.025366,1408.025366,8490849
2018-05-07,1408.025366,1410.190652,1382.060095,1384.188725,1384.188725,7691584
2018-05-08,1384.188725,1387.211279,1358.790915,1361.764503,1361.764503,4503777
2018-05-09,1361.764503,1369.538337,1358.882469,1366.645972,1366.645972,8139482
2018-05-10,1366.645972,1370.500615,1353.419729,1357.247865,1357.247865,7317737
2018-05-11,1357.247865,1371.832775,1344.061572,1358.633024,1358.633024,4094826
2018-05-14,1358.633024,1368.653741,1332.231979,1342.130983,1342.130983,3606703
2018-05-15,1342.130983,1342.549573,1338.548873,1338.966475,1338.966475,5504294
2018-05-16,1338.966475,1352.086979,1337.796358,1350.906428,1350.906428,6676382
2018-05-17,1350.906428,1396.542729,1343.375513,1388.800564,1388.800564,6033491
2018-05-18,1388.800564,1423.181299,1386.051772,1420.370022,1420.370022,8225641
2018-05-21,1420.370022,1445.827413,1403.303242,1428.661010,1428.661010,5820003
2018-05-22,1428.661010,1430.593833,1415.029091,1416.946066,1416.946066,6168475
2018-05-23,1416.946066,1427.615141,1412.512225,1423.161849,1423.161849,7015086
2018-05-24,1423.161849,1438.551573,1421.919314,1437.296697,1437.296697,9147656
2018-05-25,1437.296697,1441.106831,1427.348862,1431.142681,1431.142681,3125528
2018-05-28,1431.142681,1450.255997,1424.455129,1443.510651,1443.510651,6770710
2018-05-29,1443.510651,1446.723090,1396.212762,1399.326873,1399.326873,6471927
2018-05-30,1399.326873,1399.847390,1396.447741,1396.967380,1396.967380,5940846
2018-05-31,1396.967380,1397.972962,1387.226002,1388.225291,1388.225291,5372640
2018-06-01,1388.225291,1390.774529,1317.117659,1319.540770,1319.540770,4927548
2018-06-04,1319.540770,1324.017329,1318.565890,1323.039864,1323.039864,9633023
2018-06-05,1323.039864,1342.373785,1316.932389,1336.205534,1336.205534,9249575
2018-06-06,1336.205534,1363.583703,1334.600559,1361.947807,1361.947807,3973140
2018-06-07,1361.947807,1390.199035,1355.355996,1383.502897,1383.502897,5477087
2018-06-08,1383.502897,1387.311372,1380.790225,1384.596555,1384.596555,8560939
2018-06-11,1384.596555,1391.095188,1371.789914,1378.258802,1378.258802,7786696
2018-06-12,1378.258802,1385.621740,1362.009677,1369.324888,1369.324888,4649246
2018-06-13,1369.324888,1371.445827,1367.996755,1370.116926,1370.116926,5211314
2018-06-14,1370.116926,1375.897177,1358.686710,1364.443025,1364.443025,6972871
2018-06-15,1364.443025,1423.192003,1362.787602,1421.467395,1421.467395,4364411
2018-06-18,1421.467395,1422.560595,1406.228577,1407.310890,1407.310890,3135811
2018-06-19,1407.310890,1424.525085,1405.613899,1422.809406,1422.809406,6489397
2018-06-20,1422.809406,1425.338588,1405.366896,1407.869521,1407.869521,7261892
2018-06-21,1407.869521,1412.402805,1399.340970,1403.861347,1403.861347,5311423
2018-06-22,1403.861347,1408.718039,1388.289853,1393.109349,1393.109349,5473562
2018-06-25,1393.109349,1417.359685,1389.017437,1413.208736,1413.208736,13182299
2018-06-26,1413.208736,1413.346844,1407.431056,1407.568612,1407.568612,4455173
2018-06-27,1407.568612,1412.186728,1400.790303,1405.401309,1405.401309,2214331
2018-06-28,1405.401309,1411.989481,1378.226838,1384.718052,1384.718052,6954392
2018-06-29,1384.718052,1411.619088,1376.363838,1403.153650,1403.153650,5668716
2018-07-02,1403.153650,1412.810657,1398.993286,1408.634044,1408.634044,6852536
2018-07-03,1408.634044,1415.189625,1390.487952,1396.989340,1396.989340,9244118
2018-07-04,1396.989340,1405.531571,1396.497478,1405.036876,1405.036876,9178331
2018-07-05,1405.036876,1416.426380,1383.974058,1395.284507,1395.284507,5860665
2018-07-06,1395.284507,1398.131574,1388.753936,1391.593471,1391.593471,7169104
2018-07-09,1391.593471,1395.226274,1389.728763,1393.359200,1393.359200,4372590
2018-07-10,1393.359200,1395.378721,1382.964635,1384.972000,1384.972000,6463446
2018-07-11,1384.972000,1398.637018,1384.662774,1398.324811,1398.324811,7356908
2018-07-12,1398.324811,1425.590720,1395.721298,1422.941374,1422.941374,8508223
2018-07-13,1422.941374,1428.855441,1390.654147,1396.458144,1396.458144,4632010
2018-07-16,1396.458144,1402.114751,1395.202405,1400.855059,1400.855059,5262523
2018-07-17,1400.855059,1403.414948,1396.689536,1399.246486,1399.246486,7330933
2018-07-18,1399.246486,1407.382730,1358.084837,1366.027924,1366.027924,8615491
2018-07-19,1366.027924,1377.148593,1364.212371,1375.320690,1375.320690,4845364
2018-07-20,1375.320690,1416.975326,1373.446177,1415.046669,1415.046669,6633999
2018-07-23,1415.046669,1418.626325,1374.011447,1377.496111,1377.496111,9572062
2018-07-24,1377.496111,1378.046017,1352.867257,1353.407547,1353.407547,5914873
2018-07-25,1353.407547,1376.324614,1349.673027,1372.537308,1372.537308,5981310
2018-07-26,1372.537308,1373.184100,1347.180922,1347.816064,1347.816064,6392081
2018-07-27,1347.816064,1354.430705,1317.623873,1324.122232,1324.122232,4352061
2018-07-30,1324.122232,1336.945121,1321.358277,1334.160213,1334.160213,8567664
2018-07-31,1334.160213,1337.260105,1293.660731,1296.673525,1296.673525,6425415
2018-08-01,1296.673525,1303.511945,1286.454702,1293.275200,1293.275200,8548115
2018-08-02,1293.275200,1298.960736,1275.276338,1280.907502,1280.907502,5461907
2018-08-03,1280.907502,1285.790856,1279.182811,1284.061917,1284.061917,7750769
2018-08-06,1284.061917,1284.405603,1267.481928,1267.821267,1267.821267,3194908
2018-08-07,1267.821267,1294.787254,1266.556758,1293.497136,1293.497136,2729756
2018-08-08,1293.497136,1302.764703,1287.645928,1296.898110,1296.898110,9244767
2018-08-09,1296.898110,1301.004854,1273.939443,1277.986301,1277.986301,5637602
2018-08-10,1277.986301,1304.239211,1275.774469,1301.985843,1301.985843,4711955
2018-08-13,1301.985843,1306.229234,1283.045511,1287.240845,1287.240845,5688098
2018-08-14,1287.240845,1290.504101,1270.592306,1273.821543,1273.821543,6326436
2018-08-15,1273.821543,1276.048288,1258.275315,1260.478735,1260.478735,4135956
2018-08-16,1260.478735,1277.766062,1255.015830,1272.252131,1272.252131,2883947
2018-08-17,1272.252131,1275.611495,1270.583202,1273.940351,1273.940351,6917751
2018-08-20,1273.940351,1275.239951,1261.911330,1263.199974,1263.199974,4606888
2018-08-21,1263.199974,1265.808997,1241.453441,1244.022856,1244.022856,5422882
2018-08-22,1244.022856,1256.555380,1240.964063,1253.473350,1253.473350,3765458
2018-08-23,1253.473350,1288.144968,1247.468955,1282.003905,1282.003905,4910423
2018-08-24,1282.003905,1286.463068,1260.882659,1265.283665,1265.283665,4005586
2018-08-27,1265.283665,1281.190078,1264.618946,1280.517356,1280.517356,9298151
2018-08-28,1280.517356,1304.242673,1279.864280,1303.577836,1303.577836,4797701
2018-08-29,1303.577836,1305.568277,1295.793617,1297.775198,1297.775198,4721996
2018-08-30,1297.775198,1300.213044,1295.529011,1297.966526,1297.966526,7066475
2018-08-31,1297.966526,1298.546440,1290.447977,1291.024789,1291.024789,7100437
2018-09-03,1291.024789,1292.091233,1273.463932,1274.516739,1274.516739,5759884
2018-09-04,1274.516739,1284.795879,1273.638046,1283.910710,1283.910710,4426586
2018-09-05,1283.910710,1311.152628,1276.857466,1303.989083,1303.989083,4995030
2018-09-06,1303.989083,1310.182953,1292.534265,1298.703026,1298.703026,9627177
2018-09-07,1298.703026,1303.313473,1288.374617,1292.964692,1292.964692,5057078
2018-09-10,1292.964692,1294.495692,1279.556017,1281.072936,1281.072936,8199237
2018-09-11,1281.072936,1325.422061,1276.290670,1320.492642,1320.492642,11802413
2018-09-12,1320.492642,1334.379007,1275.483731,1289.039331,1289.039331,6891045
2018-09-13,1289.039331,1309.774320,1280.697577,1301.352880,1301.352880,11475490
2018-09-14,1301.352880,1307.147124,1263.452597,1269.103250,1269.103250,2918317
2018-09-17,1269.103250,1277.492779,1253.531614,1261.873350,1261.873350,7103612
2018-09-18,1261.873350,1285.293697,1246.959285,1270.280271,1270.280271,9249289
2018-09-19,1270.280271,1281.881869,1268.406403,1279.993671,1279.993671,5248834
2018-09-20,1279.993671,1315.973474,1272.128651,1307.936755,1307.936755,2265571
2018-09-21,1307.936755,1351.527362,1298.703031,1342.052787,1342.052787,5035723
2018-09-24,1342.052787,1349.009986,1339.131019,1346.079451,1346.079451,4282225
2018-09-25,1346.079451,1365.063858,1341.272186,1360.206142,1360.206142,5420210
2018-09-26,1360.206142,1371.399955,1358.988968,1370.173861,1370.173861,4534007
2018-09-27,1370.173861,1377.068994,1348.557902,1355.378581,1355.378581,5670791
2018-09-28,1355.378581,1374.406199,1353.481403,1372.485076,1372.485076,5099531
2018-10-01,1372.485076,1376.474198,1328.431417,1332.303752,1332.303752,7297944
2018-10-02,1332.303752,1352.826015,1321.511044,1341.955123,1341.955123,12224704
2018-10-03,1341.955123,1347.018044,1326.957053,1331.982349,1331.982349,6536346
2018-10-04,1331.982349,1391.787754,1330.312360,1390.044968,1390.044968,5099137
2018-10-05,1390.044968,1395.397076,1378.517426,1383.845665,1383.845665,5583870
2018-10-08,1383.845665,1384.122290,1375.676587,1375.951634,1375.951634,5530960
2018-10-09,1375.951634,1379.361878,1362.411512,1365.796587,1365.796587,4871961
2018-10-10,1365.796587,1369.084110,1364.197796,1367.483344,1367.483344,3535824
2018-10-11,1367.483344,1382.597554,1362.633674,1377.711610,1377.711610,4286626
2018-10-12,1377.711610,1379.701637,1368.015872,1369.994752,1369.994752,7659687
2018-10-15,1369.994752,1374.334879,1360.705331,1365.029729,1365.029729,4488616
2018-10-16,1365.029729,1383.609873,1358.994335,1377.519257,1377.519257,10924959
2018-10-17,1377.519257,1377.740226,1367.958272,1368.177743,1368.177743,4795169
2018-10-18,1368.177743,1368.831912,1341.538890,1342.180629,1342.180629,4003175
2018-10-19,1342.180629,1366.867815,1335.736540,1360.336555,1360.336555,7968955
2018-10-22,1360.336555,1374.926684,1328.452132,1342.854762,1342.854762,6378122
2018-10-23,1342.854762,1362.371533,1332.712059,1352.158558,1352.158558,6886455
2018-10-24,1352.158558,1354.940803,1336.858197,1339.614632,1339.614632,6164502
2018-10-25,1339.614632,1352.180545,1339.606095,1352.171929,1352.171929,6546350
2018-10-26,1352.171929,1360.495310,1323.592179,1331.790099,1331.790099,8665888
2018-10-29,1331.790099,1339.322633,1326.584356,1334.107831,1334.107831,4401516
2018-10-30,1334.107831,1369.960268,1332.925322,1368.747056,1368.747056,3824644
2018-10-31,1368.747056,1382.152011,1325.900449,1339.014212,1339.014212,4736920
2018-11-01,1339.014212,1340.392351,1319.277843,1320.637068,1320.637068,6973931
2018-11-02,1320.637068,1352.013079,1316.821197,1348.117805,1348.117805,6149002
2018-11-05,1348.117805,1358.246755,1339.828521,1349.946228,1349.946228,5631103
2018-11-06,1349.946228,1363.781716,1311.021483,1324.597170,1324.597170,7810753
2018-11-07,1324.597170,1343.679849,1321.997519,1341.047912,1341.047912,11401726
2018-11-08,1341.047912,1345.544248,1334.507121,1338.996580,1338.996580,5742132
2018-11-09,1338.996580,1363.375237,1332.088421,1356.377407,1356.377407,4368519
2018-11-12,1356.377407,1374.374837,1349.224696,1367.165238,1367.165238,15154607
2018-11-13,1367.165238,1372.407668,1345.985694,1351.166777,1351.166777,6035495
2018-11-14,1351.166777,1357.873217,1322.096398,1328.691282,1328.691282,8713393
2018-11-15,1328.691282,1335.383029,1283.753118,1290.251268,1290.251268,5251036
2018-11-16,1290.251268,1301.668511,1288.522310,1299.926587,1299.926587,6113659
2018-11-19,1299.926587,1301.883233,1298.315216,1300.271434,1300.271434,3528556
2018-11-20,1300.271434,1305.374487,1278.139856,1283.175816,1283.175816,5983721
2018-11-21,1283.175816,1297.989846,1276.262036,1291.033728,1291.033728,5276081
2018-11-22,1291.033728,1297.257233,1283.821526,1290.040242,1290.040242,4204921
2018-11-23,1290.040242,1315.392443,1284.396606,1309.662962,1309.662962,5451323
2018-11-26,1309.662962,1309.915669,1305.681255,1305.933242,1305.933242,5068291
2018-11-27,1305.933242,1322.680383,1302.719891,1319.433813,1319.433813,4387300
2018-11-28,1319.433813,1347.021218,1318.283418,1345.847792,1345.847792,5917797
2018-11-29,1345.847792,1348.589323,1343.590841,1346.331560,1346.331560,5527831
2018-11-30,1346.331560,1347.609905,1340.724316,1341.998546,1341.998546,10496787
2018-12-03,1341.998546,1361.332573,1333.983449,1353.250274,1353.250274,11247929
2018-12-04,1353.250274,1368.719433,1349.695254,1365.133196,1365.133196,8671121
2018-12-05,1365.133196,1367.315009,1335.625815,1337.763885,1337.763885,5846160
2018-12-06,1337.763885,1349.810547,1306.097521,1317.965900,1317.965900,6779098
2018-12-07,1317.965900,1366.531920,1307.764431,1356.035778,1356.035778,4180023
2018-12-10,1356.035778,1358.537907,1335.536883,1338.005743,1338.005743,4153160
2018-12-11,1338.005743,1350.832702,1334.647654,1347.450908,1347.450908,6495923
2018-12-12,1347.450908,1353.941266,1317.415328,1323.791726,1323.791726,3524412
2018-12-13,1323.791726,1367.057015,1321.816283,1365.020049,1365.020049,10716969
2018-12-14,1365.020049,1369.946099,1350.001141,1354.890637,1354.890637,9014767
2018-12-17,1354.890637,1362.328282,1308.454964,1315.677348,1315.677348,3997129
2018-12-18,1315.677348,1358.115043,1315.200855,1357.623359,1357.623359,8067847
2018-12-19,1357.623359,1370.898100,1356.562687,1369.827893,1369.827893,5135892
2018-12-20,1369.827893,1378.563038,1365.664389,1374.385681,1374.385681,6392270
2018-12-21,1374.385681,1423.699077,1366.989799,1416.078835,1416.078835,7378643
2018-12-24,1416.078835,1425.827365,1373.131676,1382.650076,1382.650076,5814051
2018-12-25,1382.650076,1412.906414,1377.459195,1407.621782,1407.621782,8534530
2018-12-26,1407.621782,1439.002752,1405.955429,1437.301264,1437.301264,7284195
2018-12-27,1437.301264,1467.315697,1432.452428,1462.382249,1462.382249,6944429
2018-12-28,1462.382249,1473.512789,1459.966192,1471.082359,1471.082359,5249069
2018-12-31,1471.082359,1472.886200,1446.114813,1447.890216,1447.890216,7322511
2019-01-01,1447.890216,1545.356419,1440.475119,1537.482492,1537.482492,7578954
2019-01-02,1537.482492,1566.856992,1523.854049,1553.090200,1553.090200,6355512
2019-01-03,1553.090200,1557.778646,1537.054768,1541.708856,1541.708856,7749577
2019-01-04,1541.708856,1549.158612,1518.769089,1526.143631,1526.143631,6795207
2019-01-07,1526.143631,1565.057831,1519.996995,1558.779751,1558.779751,3696809
2019-01-08,1558.779751,1558.807262,1542.490855,1542.518079,1542.518079,3896853
2019-01-09,1542.518079,1587.450407,1537.112701,1581.907001,1581.907001,6534268
2019-01-10,1581.907001,1610.126200,1579.058551,1607.232148,1607.232148,6514645
2019-01-11,1607.232148,1617.237243,1587.254838,1597.197466,1597.197466,10135282
2019-01-14,1597.197466,1607.401441,1583.358366,1593.538968,1593.538968,5796589
2019-01-15,1593.538968,1596.518682,1576.511309,1579.464706,1579.464706,9814539
2019-01-16,1579.464706,1580.843689,1561.917419,1563.282273,1563.282273,5010483
2019-01-17,1563.282273,1598.658038,1557.556896,1592.824465,1592.824465,6253647
2019-01-18,1592.824465,1617.422890,1585.842376,1610.363918,1610.363918,6693100
2019-01-21,1610.363918,1610.459394,1572.688985,1572.782233,1572.782233,3977848
2019-01-22,1572.782233,1573.678773,1547.640049,1548.522759,1548.522759,4764563
2019-01-23,1548.522759,1568.594808,1547.303329,1567.360543,1567.360543,4347582
2019-01-24,1567.360543,1579.373811,1507.899080,1519.545865,1519.545865,4522594
2019-01-25,1519.545865,1527.564761,1486.108646,1493.992694,1493.992694,5531732
2019-01-28,1493.992694,1499.614700,1479.856072,1485.445916,1485.445916,7094401
2019-01-29,1485.445916,1486.558976,1479.052484,1480.161584,1480.161584,5376865
2019-01-30,1480.161584,1492.802268,1478.769129,1491.399242,1491.399242,6603930
2019-01-31,1491.399242,1502.625948,1451.277640,1462.285186,1462.285186,8844547
2019-02-01,1462.285186,1471.321638,1448.679613,1457.687653,1457.687653,4970857
2019-02-04,1457.687653,1457.698168,1451.374438,1451.384907,1451.384907,8239617
2019-02-05,1451.384907,1458.861771,1431.382614,1438.794619,1438.794619,5478229
2019-02-06,1438.794619,1439.601400,1416.037287,1416.831753,1416.831753,8129290
2019-02-07,1416.831753,1417.735325,1399.828328,1400.721625,1400.721625,3420875
2019-02-08,1400.721625,1406.723302,1370.153423,1376.049387,1376.049387,5342150
2019-02-11,1376.049387,1390.626349,1373.692678,1388.248747,1388.248747,8664607
2019-02-12,1388.248747,1431.731040,1384.617266,1427.995586,1427.995586,4429259
2019-02-13,1427.995586,1445.774801,1426.168934,1443.927769,1443.927769,6202485
2019-02-14,1443.927769,1446.172901,1442.691673,1444.935943,1444.935943,8231357
2019-02-15,1444.935943,1462.636103,1441.644672,1459.312087,1459.312087,6457794
2019-02-18,1459.312087,1463.732705,1446.197363,1450.591565,1450.591565,5756810
2019-02-19,1450.591565,1453.727094,1431.489921,1434.590863,1434.590863,5987392
2019-02-20,1434.590863,1446.021518,1433.251807,1444.673051,1444.673051,10344760
2019-02-21,1444.673051,1455.736012,1388.008227,1398.719285,1398.719285,4727452
2019-02-22,1398.719285,1441.383787,1395.312111,1437.881218,1437.881218,6019440
2019-02-25,1437.881218,1444.438083,1428.223341,1434.766000,1434.766000,4568433
2019-02-26,1434.766000,1440.767857,1426.517612,1432.510032,1432.510032,7896909
2019-02-27,1432.510032,1443.124775,1384.742541,1395.079931,1395.079931,4548686
2019-02-28,1395.079931,1457.465763,1391.221568,1453.445978,1453.445978,4753757
2019-03-01,1453.445978,1473.479106,1448.569986,1468.552434,1468.552434,8133444
2019-03-04,1468.552434,1469.413596,1395.534973,1396.353797,1396.353797,8787138
2019-03-05,1396.353797,1402.082218,1379.646693,1385.329890,1385.329890,5396062
2019-03-06,1385.329890,1407.366031,1375.758095,1397.708706,1397.708706,7904351
2019-03-07,1397.708706,1401.568576,1366.260886,1370.044358,1370.044358,5630131
2019-03-08,1370.044358,1408.095697,1360.363048,1398.215319,1398.215319,6239825
2019-03-11,1398.215319,1403.018519,1383.988899,1388.759616,1388.759616,5024768
2019-03-12,1388.759616,1395.563413,1381.929974,1388.733643,1388.733643,8202647
2019-03-13,1388.733643,1395.605890,1365.713217,1372.505156,1372.505156,4473543
2019-03-14,1372.505156,1374.213527,1354.019695,1355.707157,1355.707157,3222905
2019-03-15,1355.707157,1356.538203,1333.360386,1334.178235,1334.178235,8359180
2019-03-18,1334.178235,1335.963960,1330.350139,1332.133127,1332.133127,5870020
2019-03-19,1332.133127,1332.139870,1330.042455,1330.049188,1330.049188,9568465
2019-03-20,1330.049188,1332.866279,1297.305179,1300.058749,1300.058749,7539577
2019-03-21,1300.058749,1305.727805,1291.395967,1297.051911,1297.051911,5105818
2019-03-22,1297.051911,1320.085987,1297.008233,1320.041535,1320.041535,4441665
2019-03-25,1320.041535,1376.668184,1314.900657,1371.327575,1371.327575,9636316
2019-03-26,1371.327575,1376.772596,1359.274829,1364.693509,1364.693509,7682515
2019-03-27,1364.693509,1383.771649,1362.156010,1381.203451,1381.203451,4853578
2019-03-28,1381.203451,1416.992334,1380.724632,1416.501279,1416.501279,6642785
2019-03-29,1416.501279,1428.802985,1408.833353,1421.110111,1421.110111,4626566
2019-04-01,1421.110111,1429.899613,1405.752413,1414.501039,1414.501039,9737437
2019-04-02,1414.501039,1450.384085,1402.269409,1437.949687,1437.949687,7795006
2019-04-03,1437.949687,1442.055032,1416.661855,1420.718004,1420.718004,7189311
2019-04-04,1420.718004,1424.779467,1414.282610,1418.337267,1418.337267,4976627
2019-04-05,1418.337267,1425.920675,1402.705190,1410.245333,1410.245333,4917656
2019-04-08,1410.245333,1415.863561,1400.555407,1406.157348,1406.157348,6756014
2019-04-09,1406.157348,1452.726742,1396.482966,1442.800256,1442.800256,4134810
2019-04-10,1442.800256,1455.560866,1440.000182,1452.741499,1452.741499,5444255
2019-04-11,1452.741499,1453.287164,1451.677101,1452.222572,1452.222572,4572351
2019-04-12,1452.222572,1462.755200,1428.488192,1438.924370,1438.924370,4981856
2019-04-15,1438.924370,1443.203205,1432.951911,1437.225695,1437.225695,5807730
2019-04-16,1437.225695,1464.403612,1431.687013,1458.781859,1458.781859,5209800
2019-04-17,1458.781859,1488.064250,1453.662955,1482.860852,1482.860852,6380374
2019-04-18,1482.860852,1498.270170,1482.577613,1497.984042,1497.984042,4792239
2019-04-19,1497.984042,1506.896597,1494.835893,1503.736359,1503.736359,3183772
2019-04-22,1503.736359,1522.878680,1501.726135,1520.845584,1520.845584,6405058
2019-04-23,1520.845584,1560.988096,1511.099865,1551.048832,1551.048832,11551091
2019-04-24,1551.048832,1553.891918,1528.654013,1531.461195,1531.461195,10247974
2019-04-25,1531.461195,1570.614549,1524.678986,1563.689614,1563.689614,4789653
2019-04-26,1563.689614,1597.529816,1559.331756,1593.090023,1593.090023,8249731
2019-04-29,1593.090023,1606.103613,1566.551962,1579.454164,1579.454164,4326513
2019-04-30,1579.454164,1584.228731,1569.907842,1574.667940,1574.667940,8274899
2019-05-01,1574.667940,1577.243192,1565.138561,1567.702422,1567.702422,10709499
2019-05-02,1567.702422,1584.584537,1565.298836,1582.158787,1582.158787,8615228
2019-05-03,1582.158787,1592.408011,1580.733797,1590.975081,1590.975081,2373477
2019-05-06,1590.975081,1599.512768,1554.496208,1562.883145,1562.883145,4839637
2019-05-07,1562.883145,1575.923619,1534.135526,1547.043839,1547.043839,10164019
2019-05-08,1547.043839,1570.922366,1540.747200,1564.554457,1564.554457,5248388
2019-05-09,1564.554457,1582.943076,1560.065628,1578.414482,1578.414482,7273278
2019-05-10,1578.414482,1580.040810,1571.127577,1572.748067,1572.748067,7733530
2019-05-13,1572.748067,1585.723887,1564.138371,1577.090419,1577.090419,3637658
2019-05-14,1577.090419,1585.733237,1575.455848,1584.091409,1584.091409,5450439
2019-05-15,1584.091409,1618.290539,1581.039757,1615.178998,1615.178998,4619096
2019-05-16,1615.178998,1639.102870,1606.973846,1630.818269,1630.818269,3978464
2019-05-17,1630.818269,1657.777746,1629.114168,1656.047283,1656.047283,5153760
2019-05-20,1656.047283,1659.219597,1645.113138,1648.270555,1648.270555,4289043
2019-05-21,1648.270555,1665.580151,1644.855775,1662.136645,1662.136645,4159269
2019-05-22,1662.136645,1673.074183,1655.396410,1666.316996,1666.316996,5553222
2019-05-23,1666.316996,1674.775495,1571.184325,1579.200606,1579.200606,6836912
2019-05-24,1579.200606,1590.663984,1548.896137,1560.221748,1560.221748,3446389
2019-05-27,1560.221748,1560.380573,1528.395797,1528.551398,1528.551398,6777432
2019-05-28,1528.551398,1533.440135,1504.749274,1509.577326,1509.577326,6475964
2019-05-29,1509.577326,1519.739340,1503.275228,1513.421196,1513.421196,5894997
2019-05-30,1513.421196,1514.647774,1501.050881,1502.268421,1502.268421,2405097
2019-05-31,1502.268421,1530.724565,1491.984094,1520.316681,1520.316681,5237892
2019-06-03,1520.316681,1528.523893,1519.831654,1528.036403,1528.036403,5195059
2019-06-04,1528.036403,1537.472119,1517.201425,1526.628447,1526.628447,5349114
2019-06-05,1526.628447,1538.317125,1477.962151,1489.365524,1489.365524,7022590
2019-06-06,1489.365524,1493.193168,1468.069588,1471.852223,1471.852223,6937654
2019-06-07,1471.852223,1481.885196,1444.262437,1454.174911,1454.174911,5297410
2019-06-10,1454.174911,1456.910854,1406.725548,1409.377206,1409.377206,3758437
2019-06-11,1409.377206,1411.055319,1381.890996,1383.538343,1383.538343,6715326
2019-06-12,1383.538343,1390.524276,1376.197988,1383.182123,1383.182123,7221785
2019-06-13,1383.182123,1385.982100,1368.975583,1371.752423,1371.752423,5677664
2019-06-14,1371.752423,1394.852741,1371.404279,1394.498824,1394.498824,6145414
2019-06-17,1394.498824,1395.718849,1390.537093,1391.754717,1391.754717,5898827
2019-06-18,1391.754717,1426.097817,1389.306395,1423.593486,1423.593486,6579020
2019-06-19,1423.593486,1425.071856,1386.404752,1387.845999,1387.845999,4148767
2019-06-20,1387.845999,1388.473013,1360.118050,1360.732815,1360.732815,6643823
2019-06-21,1360.732815,1388.461896,1353.761650,1381.384929,1381.384929,6858963
2019-06-24,1381.384929,1403.502623,1369.758865,1391.788996,1391.788996,7651733
2019-06-25,1391.788996,1432.666085,1391.733610,1432.609074,1432.609074,8601167
2019-06-26,1432.609074,1444.081754,1397.512399,1408.794366,1408.794366,4118219
2019-06-27,1408.794366,1428.314027,1408.335503,1427.848958,1427.848958,3279329
2019-06-28,1427.848958,1445.134293,1394.443253,1411.531046,1411.531046,5673974
2019-07-01,1411.531046,1414.708247,1402.538478,1405.702559,1405.702559,7222689
2019-07-02,1405.702559,1420.135154,1403.812602,1418.228356,1418.228356,3425406
2019-07-03,1418.228356,1427.808753,1411.053160,1420.621450,1420.621450,6243815
2019-07-04,1420.621450,1422.165378,1407.896612,1409.428375,1409.428375,3307640
2019-07-05,1409.428375,1416.946075,1397.970747,1405.467320,1405.467320,13324565
2019-07-08,1405.467320,1441.745102,1405.391782,1441.667618,1441.667618,6346450
2019-07-09,1441.667618,1453.942018,1437.357843,1449.608504,1449.608504,3292972
2019-07-10,1449.608504,1456.037337,1366.844087,1372.932873,1372.932873,12096224
2019-07-11,1372.932873,1389.418071,1367.697150,1384.139611,1384.139611,4423397
2019-07-12,1384.139611,1397.153105,1374.943907,1387.932205,1387.932205,3543973
2019-07-15,1387.932205,1396.509067,1348.045930,1356.428109,1356.428109,6898765
2019-07-16,1356.428109,1375.984751,1352.227911,1371.737148,1371.737148,7441977
2019-07-17,1371.737148,1373.097034,1348.612314,1349.950602,1349.950602,5359138
2019-07-18,1349.950602,1353.818388,1300.268098,1304.004242,1304.004242,3968950
2019-07-19,1304.004242,1305.703495,1295.845118,1297.535943,1297.535943,6529050
2019-07-22,1297.535943,1309.586703,1295.540611,1307.575931,1307.575931,8721481
2019-07-23,1307.575931,1337.603168,1303.184341,1333.125767,1333.125767,6237903
2019-07-24,1333.125767,1382.460774,1333.053181,1382.385506,1382.385506,11048749
2019-07-25,1382.385506,1400.309947,1373.150229,1391.017007,1391.017007,6494844
2019-07-26,1391.017007,1394.068281,1384.078948,1387.121678,1387.121678,2458426
2019-07-29,1387.121678,1393.800873,1385.582042,1392.255538,1392.255538,9353952
2019-07-30,1392.255538,1404.364070,1388.545430,1400.631641,1400.631641,13885401
2019-07-31,1400.631641,1410.385243,1399.507760,1409.254444,1409.254444,2727880
2019-08-01,1409.254444,1432.712913,1408.708213,1432.157805,1432.157805,4266448
2019-08-02,1432.157805,1479.524206,1426.407674,1473.607653,1473.607653,6851280
2019-08-05,1473.607653,1485.297166,1451.729214,1463.337256,1463.337256,3952152
2019-08-06,1463.337256,1498.760156,1451.332249,1486.564596,1486.564596,7965641
2019-08-07,1486.564596,1523.400773,1485.208583,1522.012425,1522.012425,4503976
2019-08-08,1522.012425,1573.318205,1517.873897,1569.051771,1569.051771,7086000
2019-08-09,1569.051771,1588.072515,1496.627102,1514.992515,1514.992515,6572955
2019-08-12,1514.992515,1523.301691,1510.520698,1518.818580,1518.818580,9549487
2019-08-13,1518.818580,1527.696656,1510.012600,1518.890260,1518.890260,7938928
2019-08-14,1518.890260,1555.786223,1515.827459,1552.655336,1552.655336,2371504
2019-08-15,1552.655336,1556.204442,1549.583565,1553.131729,1553.131729,4769351
2019-08-16,1553.131729,1557.561026,1549.701372,1554.128467,1554.128467,6769593
2019-08-19,1554.128467,1558.137851,1550.583062,1554.591389,1554.591389,5410706
2019-08-20,1554.591389,1563.710581,1542.021679,1551.120511,1551.120511,5357762
2019-08-21,1551.120511,1553.842475,1538.011116,1540.714820,1540.714820,5692771
2019-08-22,1540.714820,1545.550494,1529.877059,1534.693836,1534.693836,5101087
2019-08-23,1534.693836,1561.925513,1532.628446,1559.826299,1559.826299,4076162
2019-08-26,1559.826299,1574.394424,1553.015685,1567.550086,1567.550086,5985899
2019-08-27,1567.550086,1669.550228,1563.427889,1665.171316,1665.171316,3971932
2019-08-28,1665.171316,1678.468470,1661.558917,1674.835107,1674.835107,6962250
2019-08-29,1674.835107,1675.546460,1662.810921,1663.517468,1663.517468,4615894
2019-08-30,1663.517468,1680.372779,1655.481682,1672.294594,1672.294594,6142877
2019-09-02,1672.294594,1676.595838,1659.268447,1663.547192,1663.547192,5438768
2019-09-03,1663.547192,1664.183500,1651.709762,1652.341783,1652.341783,9643008
2019-09-04,1652.341783,1670.335908,1642.550724,1660.496528,1660.496528,10589116
2019-09-05,1660.496528,1669.591842,1647.046182,1656.117511,1656.117511,8036024
2019-09-06,1656.117511,1733.139714,1651.288910,1728.101237,1728.101237,6528303
2019-09-09,1728.101237,1730.336113,1705.403062,1707.611440,1707.611440,7778466
2019-09-10,1707.611440,1710.200961,1700.758455,1703.341500,1703.341500,4472072
2019-09-11,1703.341500,1744.269266,1687.746710,1728.444646,1728.444646,7349235
2019-09-12,1728.444646,1749.550353,1718.232291,1739.274014,1739.274014,2895151
2019-09-13,1739.274014,1751.362664,1684.878772,1696.671316,1696.671316,5095408
2019-09-16,1696.671316,1698.352778,1682.531794,1684.200898,1684.200898,5058924
2019-09-17,1684.200898,1689.262045,1658.348730,1663.347210,1663.347210,4378277
2019-09-18,1663.347210,1665.793210,1663.248458,1665.694319,1665.694319,6293107
2019-09-19,1665.694319,1711.464246,1661.373022,1707.035697,1707.035697,6434486
2019-09-20,1707.035697,1786.394460,1697.776245,1776.756820,1776.756820,6479597
2019-09-23,1776.756820,1784.627616,1770.111706,1777.977936,1777.977936,4230068
2019-09-24,1777.977936,1786.752637,1767.670158,1776.437255,1776.437255,2466642
2019-09-25,1776.437255,1779.269595,1762.176578,1764.990667,1764.990667,4436848
2019-09-26,1764.990667,1806.968389,1759.270840,1801.131440,1801.131440,3102342
2019-09-27,1801.131440,1844.107132,1791.207324,1834.001902,1834.001902,5562953
2019-09-30,1834.001902,1839.767722,1791.368697,1797.018247,1797.018247,3940418
2019-10-01,1797.018247,1817.551649,1786.375332,1806.850502,1806.850502,4708251
2019-10-02,1806.850502,1808.931539,1806.311942,1808.392519,1808.392519,6996349
2019-10-03,1808.392519,1819.710708,1753.120750,1764.162114,1764.162114,9557209
2019-10-04,1764.162114,1804.820675,1749.767665,1790.213661,1790.213661,9674019
2019-10-07,1790.213661,1811.198564,1784.492497,1805.428776,1805.428776,5972696
2019-10-08,1805.428776,1815.870366,1798.078222,1808.507279,1808.507279,5368294
2019-10-09,1808.507279,1836.569366,1803.606941,1831.606438,1831.606438,4707511
2019-10-10,1831.606438,1857.816255,1823.666163,1849.797120,1849.797120,4980642
2019-10-11,1849.797120,1853.895692,1839.734771,1843.820100,1843.820100,2514426
2019-10-14,1843.820100,1854.255877,1810.795966,1821.103168,1821.103168,3089930
2019-10-15,1821.103168,1855.068977,1819.003350,1852.932458,1852.932458,5059671
2019-10-16,1852.932458,1858.052862,1820.195553,1825.239429,1825.239429,4123181
2019-10-17,1825.239429,1857.193121,1810.542595,1842.358444,1842.358444,8695770
2019-10-18,1842.358444,1918.089355,1837.368849,1912.908691,1912.908691,4567123
2019-10-21,1912.908691,1934.003157,1852.167704,1872.820096,1872.820096,6719320
2019-10-22,1872.820096,1879.004096,1831.000781,1837.066723,1837.066723,9601136
2019-10-23,1837.066723,1877.875696,1821.469453,1862.066173,1862.066173,4949370
2019-10-24,1862.066173,1896.913376,1856.384324,1891.142804,1891.142804,5239240
2019-10-25,1891.142804,1964.063548,1877.530099,1950.026986,1950.026986,4052250
2019-10-28,1950.026986,1997.716135,1944.883185,1992.460402,1992.460402,6473063
2019-10-29,1992.460402,1995.467061,1974.871499,1977.856120,1977.856120,5401140
2019-10-30,1977.856120,2033.009223,1975.193529,2030.276064,2030.276064,4653372
2019-10-31,2030.276064,2060.440208,2026.814399,2056.933092,2056.933092,8138185
2019-11-01,2056.933092,2072.140603,2042.910199,2058.109689,2058.109689,3173909
2019-11-04,2058.109689,2081.508586,2048.634045,2071.969132,2071.969132,4694162
2019-11-05,2071.969132,2072.106429,2042.148807,2042.284137,2042.284137,7926348
2019-11-06,2042.284137,2074.441212,2030.712305,2062.753398,2062.753398,7210889
2019-11-07,2062.753398,2065.943281,1994.162831,1997.251420,1997.251420,7281629
2019-11-08,1997.251420,2010.289005,1973.990958,1986.961372,1986.961372,5461447
2019-11-11,1986.961372,2004.537129,1984.189232,2001.744364,2001.744364,5799369
2019-11-12,2001.744364,2015.889874,1936.118232,1949.897360,1949.897360,3476363
2019-11-13,1949.897360,1950.301423,1946.060238,1946.463589,1946.463589,5300824
2019-11-14,1946.463589,1947.567911,1946.438284,1947.542592,1947.542592,8046078
2019-11-15,1947.542592,1977.440065,1941.665284,1971.490487,1971.490487,5988193
2019-11-18,1971.490487,1986.708127,1966.779056,1981.971648,1981.971648,2187797
2019-11-19,1981.971648,1985.300865,1976.454155,1979.779690,1979.779690,8774288
2019-11-20,1979.779690,1987.515740,1940.758446,1948.371768,1948.371768,8818760
2019-11-21,1948.371768,1976.509256,1943.262687,1971.339947,1971.339947,10034553
2019-11-22,1971.339947,2014.493076,1952.440932,1995.363748,1995.363748,5063229
2019-11-25,1995.363748,2002.588381,1971.473779,1978.637853,1978.637853,5055988
2019-11-26,1978.637853,2031.740175,1976.508341,2029.555862,2029.555862,3404503
2019-11-27,2029.555862,2032.420808,1996.723331,1999.545915,1999.545915,6274212
2019-11-28,1999.545915,2006.467512,1976.242270,1983.106963,1983.106963,5794262
2019-11-29,1983.106963,1989.948617,1982.998591,1989.839877,1989.839877,9239208
2019-12-02,1989.839877,1996.786731,1962.670793,1969.546800,1969.546800,6870808
2019-12-03,1969.546800,2038.456143,1968.677970,2037.557312,2037.557312,7452341
2019-12-04,2037.557312,2039.818841,2023.833020,2026.081812,2026.081812,5405116
2019-12-05,2026.081812,2069.736897,2024.693452,2068.319594,2068.319594,3630918
2019-12-06,2068.319594,2096.935769,2052.945813,2081.464284,2081.464284,2569528
2019-12-09,2081.464284,2093.013444,2063.134637,2074.645965,2074.645965,5503646
2019-12-10,2074.645965,2078.084273,2024.132490,2027.492650,2027.492650,7653878
2019-12-11,2027.492650,2069.680575,2020.757233,2062.827773,2062.827773,4858697
2019-12-12,2062.827773,2066.760140,2040.515620,2044.412883,2044.412883,3904664
2019-12-13,2044.412883,2096.250926,2042.267009,2094.052949,2094.052949,6235554
2019-12-16,2094.052949,2096.770377,2075.468471,2078.165281,2078.165281,2880994
2019-12-17,2078.165281,2078.936327,2056.501298,2057.264589,2057.264589,2624623
2019-12-18,2057.264589,2101.843943,2053.145495,2097.644001,2097.644001,6370833
2019-12-19,2097.644001,2160.186902,2093.908921,2156.347295,2156.347295,5075256
2019-12-20,2156.347295,2186.930082,2153.691043,2184.239471,2184.239471,5402101
2019-12-23,2184.239471,2185.500618,2121.380151,2122.605711,2122.605711,7613044
2019-12-24,2122.605711,2132.885490,2114.415097,2124.686845,2124.686845,4936131
2019-12-25,2124.686845,2134.637558,2080.996371,2090.788325,2090.788325,5143150
2019-12-26,2090.788325,2092.088052,2061.962099,2063.244704,2063.244704,4819465
2019-12-27,2063.244704,2066.414688,2028.477751,2031.599114,2031.599114,5069567
2019-12-30,2031.599114,2049.164047,1982.676249,1999.967700,1999.967700,6614945
2019-12-31,1999.967700,2005.375180,1997.650400,2003.054304,2003.054304,5962599
2020-01-01,2003.054304,2010.750883,1959.029004,1966.585455,1966.585455,4669588
2020-01-02,1966.585455,1969.011684,1962.233079,1964.656929,1964.656929,7680439
2020-01-03,1964.656929,1987.221774,1955.089151,1977.591007,1977.591007,10077498
2020-01-06,1977.591007,1979.049057,1971.342579,1972.797095,1972.797095,4568352
2020-01-07,1972.797095,1976.265500,1964.783847,1968.244248,1968.244248,6715875
2020-01-08,1968.244248,1976.898432,1868.111270,1876.361455,1876.361455,5616549
2020-01-09,1876.361455,1922.927448,1872.184945,1918.656796,1918.656796,10087281
2020-01-10,1918.656796,1949.516826,1915.999372,1946.820394,1946.820394,5749609
2020-01-13,1946.820394,1949.817244,1888.237837,1891.148988,1891.148988,4938074
2020-01-14,1891.148988,1896.904854,1887.374667,1893.126587,1893.126587,6663638
2020-01-15,1893.126587,1901.676643,1871.680330,1880.171879,1880.171879,4038928
2020-01-16,1880.171879,1916.849349,1874.026163,1910.604160,1910.604160,4782967
2020-01-17,1910.604160,1947.896519,1907.719359,1944.959845,1944.959845,5158449
2020-01-20,1944.959845,1952.342915,1944.060705,1951.440779,1951.440779,7265149
2020-01-21,1951.440779,1967.075822,1922.210920,1937.736161,1937.736161,3457763
2020-01-22,1937.736161,1950.838324,1928.323043,1941.407372,1941.407372,5076425
2020-01-23,1941.407372,1980.902598,1932.145614,1971.497291,1971.497291,9822112
2020-01-24,1971.497291,2012.077420,1965.376888,2005.850370,2005.850370,5966397
2020-01-27,2005.850370,2017.934847,2005.040191,2017.120117,2017.120117,4694734
2020-01-28,2017.120117,2022.064709,1995.846216,2000.750682,2000.750682,8786728
2020-01-29,2000.750682,2013.467222,1996.930539,2009.630125,2009.630125,4146285
2020-01-30,2009.630125,2030.860584,1943.704009,1964.457245,1964.457245,9728607
2020-01-31,1964.457245,1969.913764,1947.553399,1952.978033,1952.978033,8418537
2020-02-03,1952.978033,1957.765870,1937.261972,1942.022953,1942.022953,5199422
2020-02-04,1942.022953,1942.289465,1915.866322,1916.129281,1916.129281,8118976
2020-02-05,1916.129281,1927.902406,1864.790395,1876.318916,1876.318916,10772406
2020-02-06,1876.318916,1880.482410,1805.828266,1809.844255,1809.844255,8258791
2020-02-07,1809.844255,1827.313554,1805.564157,1823.002338,1823.002338,4959751
2020-02-10,1823.002338,1828.265384,1784.673411,1789.840719,1789.840719,4597357
2020-02-11,1789.840719,1804.355584,1747.070530,1761.354382,1761.354382,4003033
2020-02-12,1761.354382,1807.485571,1749.895957,1795.803042,1795.803042,4311971
2020-02-13,1795.803042,1828.630904,1776.862196,1809.545116,1809.545116,10872303
2020-02-14,1809.545116,1815.421994,1757.034421,1762.759352,1762.759352,9185754
2020-02-17,1762.759352,1776.091270,1728.415337,1741.587127,1741.587127,5146575
2020-02-18,1741.587127,1746.382897,1725.794004,1730.559407,1730.559407,5717390
2020-02-19,1730.559407,1865.348256,1729.997665,1864.742958,1864.742958,8840681
2020-02-20,1864.742958,1891.102198,1862.795930,1889.129708,1889.129708,6106162
2020-02-21,1889.129708,1890.401364,1758.226238,1759.410575,1759.410575,5351804
2020-02-24,1759.410575,1760.279385,1744.599523,1745.461444,1745.461444,9257050
2020-02-25,1745.461444,1766.600374,1734.559698,1755.635085,1755.635085,5801396
2020-02-26,1755.635085,1770.361841,1575.351971,1588.678246,1588.678246,6022495
2020-02-27,1588.678246,1594.169372,1513.088374,1518.336370,1518.336370,9231052
2020-02-28,1518.336370,1525.310659,1457.601381,1464.327587,1464.327587,3274943
2020-03-02,1464.327587,1500.507811,1461.536547,1497.653251,1497.653251,7331783
2020-03-03,1497.653251,1499.265146,1484.821601,1486.421407,1486.421407,11425364
2020-03-04,1486.421407,1491.124402,1372.257310,1376.612874,1376.612874,5281957
2020-03-05,1376.612874,1384.638580,1283.858539,1291.387378,1291.387378,7910940
2020-03-06,1291.387378,1292.963575,1268.781965,1270.332463,1270.332463,9490434
2020-03-09,1270.332463,1272.807243,1160.543502,1162.808811,1162.808811,4392730
2020-03-10,1162.808811,1321.020556,1161.330760,1319.343534,1319.343534,5704709
2020-03-11,1319.343534,1327.004816,1289.562513,1297.094597,1297.094597,5643374
2020-03-12,1297.094597,1309.609333,1242.408985,1254.512880,1254.512880,7821414
2020-03-13,1254.512880,1273.680363,1246.705156,1265.802376,1265.802376,4295574
2020-03-16,1265.802376,1266.991883,1247.275420,1248.448619,1248.448619,10442504
2020-03-17,1248.448619,1250.851049,1232.518030,1234.894377,1234.894377,4224132
2020-03-18,1234.894377,1240.671568,1213.663123,1219.367676,1219.367676,5377451
2020-03-19,1219.367676,1221.514453,1199.635640,1201.751402,1201.751402,5367875
2020-03-20,1201.751402,1204.593493,1194.904280,1197.736876,1197.736876,11856155
2020-03-23,1197.736876,1201.108810,1122.376969,1125.545666,1125.545666,8522229
2020-03-24,1125.545666,1142.416888,1123.669614,1140.515884,1140.515884,5097590
2020-03-25,1140.515884,1142.940810,1125.026337,1127.423426,1127.423426,4238108
2020-03-26,1127.423426,1153.930520,1126.092453,1152.569860,1152.569860,6616626
2020-03-27,1152.569860,1175.667214,1152.189421,1175.279279,1175.279279,5976611
2020-03-30,1175.279279,1181.024399,1164.824026,1170.546008,1170.546008,8299474
2020-03-31,1170.546008,1174.400941,1148.452478,1152.247148,1152.247148,4387169
2020-04-01,1152.247148,1156.287342,1151.182489,1155.219937,1155.219937,7709544
2020-04-02,1155.219937,1177.812826,1146.145823,1168.633353,1168.633353,6504911
2020-04-03,1168.633353,1169.474438,1157.921407,1158.755383,1158.755383,9536230
2020-04-06,1158.755383,1166.777519,1156.851013,1164.863111,1164.863111,6048212
2020-04-07,1164.863111,1166.557962,1164.761385,1166.456097,1166.456097,4912326
2020-04-08,1166.456097,1169.766169,1108.863618,1112.019214,1112.019214,8901567
2020-04-09,1112.019214,1123.345808,1064.095284,1075.045276,1075.045276,9600257
2020-04-10,1075.045276,1078.608114,1061.453359,1064.982849,1064.982849,7798122
2020-04-13,1064.982849,1106.117245,1062.218616,1103.253678,1103.253678,5181972
2020-04-14,1103.253678,1115.824528,1099.484304,1112.025186,1112.025186,6470407
2020-04-15,1112.025186,1112.828909,1100.784096,1101.580270,1101.580270,4341794
2020-04-16,1101.580270,1116.072324,1095.568082,1110.014106,1110.014106,9694949
2020-04-17,1110.014106,1117.897978,1108.403176,1116.277958,1116.277958,3067749
2020-04-20,1116.277958,1131.513729,1116.249147,1131.484525,1131.484525,3802043
2020-04-21,1131.484525,1143.503198,1129.563563,1141.565122,1141.565122,5318513
2020-04-22,1141.565122,1141.951422,1140.732503,1141.118652,1141.118652,5788440
2020-04-23,1141.118652,1143.687356,1124.406623,1126.943418,1126.943418,3801329
2020-04-24,1126.943418,1140.300163,1123.084066,1136.408397,1136.408397,7016469
2020-04-27,1136.408397,1137.664040,1105.272516,1106.495107,1106.495107,7785291
2020-04-28,1106.495107,1137.024613,1104.535174,1135.014164,1135.014164,5662100
2020-04-29,1135.014164,1137.084902,1123.833880,1125.887968,1125.887968,5735357
2020-04-30,1125.887968,1135.478916,1102.123149,1111.592319,1111.592319,10318720
2020-05-01,1111.592319,1133.388048,1110.675677,1132.454203,1132.454203,6507520
2020-05-04,1132.454203,1135.566825,1124.090963,1127.189114,1127.189114,6172263
2020-05-05,1127.189114,1133.333497,1118.380168,1124.509947,1124.509947,6396926
2020-05-06,1124.509947,1133.179759,1076.030311,1084.390810,1084.390810,4034403
2020-05-07,1084.390810,1086.169331,1079.101371,1080.874124,1080.874124,8360610
2020-05-08,1080.874124,1080.980013,1077.071200,1077.176727,1077.176727,4387172
2020-05-11,1077.176727,1089.807533,1069.692039,1082.287334,1082.287334,4799763
2020-05-12,1082.287334,1100.181975,1077.448793,1095.285324,1095.285324,7412472
2020-05-13,1095.285324,1099.258424,1092.001940,1095.972980,1095.972980,6537487
2020-05-14,1095.972980,1101.536941,1062.511865,1067.933478,1067.933478,4150969
2020-05-15,1067.933478,1077.977701,1064.302919,1074.325412,1074.325412,6998778
2020-05-18,1074.325412,1086.198594,1069.283260,1081.124532,1081.124532,8091725
2020-05-19,1081.124532,1084.557170,1065.013328,1068.405583,1068.405583,7192843
2020-05-20,1068.405583,1072.086948,1065.859274,1069.537940,1069.537940,6785655
2020-05-21,1069.537940,1075.180043,1061.967894,1067.599773,1067.599773,4081630
2020-05-22,1067.599773,1068.480322,1064.115630,1064.994030,1064.994030,3966339
2020-05-25,1064.994030,1066.342794,1045.126015,1046.451296,1046.451296,4369448
2020-05-26,1046.451296,1053.752326,1046.409343,1053.710082,1053.710082,6567470
2020-05-27,1053.710082,1058.213724,1051.000354,1055.499394,1055.499394,9432907
2020-05-28,1055.499394,1071.606790,1048.994978,1065.043559,1065.043559,6696650
2020-05-29,1065.043559,1065.659151,1053.291098,1053.900250,1053.900250,8308243
2020-06-01,1053.900250,1059.760598,1044.450218,1050.290494,1050.290494,5215172
2020-06-02,1050.290494,1054.441284,1040.874372,1045.004271,1045.004271,7901349
2020-06-03,1045.004271,1060.831898,1037.892074,1053.660786,1053.660786,5073063
2020-06-04,1053.660786,1053.717028,1029.706366,1029.761333,1029.761333,5974817
2020-06-05,1029.761333,1052.888469,1027.772114,1050.858497,1050.858497,3403527
2020-06-08,1050.858497,1051.155212,1046.943083,1047.238776,1047.238776,5960096
2020-06-09,1047.238776,1058.211664,1046.968481,1057.938608,1057.938608,7115693
2020-06-10,1057.938608,1058.575937,1055.737350,1056.373737,1056.373737,5369981
2020-06-11,1056.373737,1056.939839,1041.240476,1041.798768,1041.798768,5530593
2020-06-12,1041.798768,1054.160081,1038.804644,1051.139113,1051.139113,4840914
2020-06-15,1051.139113,1054.015402,1027.765512,1030.585560,1030.585560,6144176
2020-06-16,1030.585560,1055.080942,1030.398898,1054.889877,1054.889877,7880547
2020-06-17,1054.889877,1055.996461,1050.951516,1052.055127,1052.055127,7164628
2020-06-18,1052.055127,1052.589301,1037.207730,1037.734633,1037.734633,6182235
2020-06-19,1037.734633,1041.249554,1036.353703,1039.865788,1039.865788,4664388
2020-06-22,1039.865788,1041.956058,1038.095939,1040.185665,1040.185665,3308505
2020-06-23,1040.185665,1055.158293,1037.700114,1052.642974,1052.642974,7039451
2020-06-24,1052.642974,1082.121444,1051.779605,1081.234625,1081.234625,4739903
2020-06-25,1081.234625,1083.623329,1069.020182,1071.387130,1071.387130,6204614
2020-06-26,1071.387130,1072.789265,1067.459549,1068.858374,1068.858374,10719781
2020-06-29,1068.858374,1085.961547,1068.252325,1085.346150,1085.346150,6285347
2020-06-30,1085.346150,1088.364930,1069.247893,1072.230193,1072.230193,5352724
2020-07-01,1072.230193,1074.864862,1064.556973,1067.179231,1067.179231,5850694
2020-07-02,1067.179231,1071.479411,1057.798945,1062.078573,1062.078573,4586805
2020-07-03,1062.078573,1085.324475,1061.354339,1084.584895,1084.584895,8898007
2020-07-06,1084.584895,1097.351171,1082.674056,1095.421240,1095.421240,4010534
2020-07-07,1095.421240,1108.040737,1094.404802,1107.013543,1107.013543,7831309
2020-07-08,1107.013543,1132.222879,1100.800966,1125.904288,1125.904288,10670434
2020-07-09,1125.904288,1133.948395,1082.501719,1090.291387,1090.291387,5291614
2020-07-10,1090.291387,1094.974310,1065.451254,1070.047226,1070.047226,10316081
2020-07-13,1070.047226,1083.149655,1068.419929,1081.504934,1081.504934,4435033
2020-07-14,1081.504934,1100.374356,1073.166656,1091.955505,1091.955505,4496999
2020-07-15,1091.955505,1095.788701,1080.047609,1083.852359,1083.852359,7951523
2020-07-16,1083.852359,1103.919331,1082.717380,1102.764548,1102.764548,5536085
2020-07-17,1102.764548,1121.535967,1100.915532,1119.658624,1119.658624,3281427
2020-07-20,1119.658624,1120.159419,1109.032084,1109.528348,1109.528348,6984588
2020-07-21,1109.528348,1132.051295,1106.127971,1128.592493,1128.592493,8463252
2020-07-22,1128.592493,1135.771400,1124.241111,1131.409158,1131.409158,7795587
2020-07-23,1131.409158,1132.005440,1064.038183,1064.599254,1064.599254,11114592
2020-07-24,1064.599254,1085.687652,1061.838517,1082.879511,1082.879511,4615462
2020-07-27,1082.879511,1104.810376,1076.635607,1098.476540,1098.476540,9339900
2020-07-28,1098.476540,1100.769685,1095.614281,1097.906236,1097.906236,7566640
2020-07-29,1097.906236,1102.012608,1073.504008,1077.534186,1077.534186,7394830
2020-07-30,1077.534186,1119.231205,1071.694563,1113.198303,1113.198303,3017868
2020-07-31,1113.198303,1119.403607,1109.252761,1115.450084,1115.450084,7011116
2020-08-03,1115.450084,1128.247029,1109.128586,1121.889040,1121.889040,3943373
2020-08-04,1121.889040,1141.585476,1121.592338,1141.283644,1141.283644,6398510
2020-08-05,1141.283644,1146.035528,1137.006319,1141.756431,1141.756431,5344212
2020-08-06,1141.756431,1149.108945,1135.277078,1142.624665,1142.624665,4432839
2020-08-07,1142.624665,1148.581851,1133.459060,1139.399431,1139.399431,4717240
2020-08-10,1139.399431,1143.515332,1129.040616,1133.133884,1133.133884,7859288
2020-08-11,1133.133884,1153.613599,1130.572683,1151.011989,1151.011989,3713004
2020-08-12,1151.011989,1152.783225,1145.246673,1147.011753,1147.011753,6057540
2020-08-13,1147.011753,1152.664942,1130.046304,1135.643463,1135.643463,8821877
2020-08-14,1135.643463,1140.950754,1129.994620,1135.300308,1135.300308,7942142
2020-08-17,1135.300308,1150.361274,1130.170477,1145.186771,1145.186771,7134981
2020-08-18,1145.186771,1148.341230,1134.564791,1137.698623,1137.698623,10970893
2020-08-19,1137.698623,1143.256861,1130.967806,1136.520287,1136.520287,9214739
2020-08-20,1136.520287,1146.710059,1132.666438,1142.834798,1142.834798,8660677
2020-08-21,1142.834798,1146.099314,1113.071117,1116.259721,1116.259721,6745316
2020-08-24,1116.259721,1124.890612,1113.567176,1122.183778,1122.183778,3656755
2020-08-25,1122.183778,1128.059841,1113.721938,1119.584390,1119.584390,5128619
2020-08-26,1119.584390,1147.933403,1116.802215,1145.087851,1145.087851,4560974
2020-08-27,1145.087851,1147.792750,1141.893727,1144.597467,1144.597467,4994653
2020-08-28,1144.597467,1159.608181,1101.393954,1116.030022,1116.030022,5511484
2020-08-31,1116.030022,1116.866089,1107.109034,1107.939039,1107.939039,6220795
2020-09-01,1107.939039,1124.143028,1107.470451,1123.667788,1123.667788,6699599
2020-09-02,1123.667788,1150.853658,1117.259798,1144.327849,1144.327849,5312392
2020-09-03,1144.327849,1148.387911,1133.734209,1137.771007,1137.771007,6691882
2020-09-04,1137.771007,1173.722009,1134.424705,1170.280095,1170.280095,5919241
2020-09-07,1170.280095,1176.035181,1166.058351,1171.807926,1171.807926,4935168
2020-09-08,1171.807926,1196.121143,1168.539375,1192.794055,1192.794055,5475394
2020-09-09,1192.794055,1213.574472,1181.170796,1201.862841,1201.862841,4375966
2020-09-10,1201.862841,1207.291953,1198.013102,1203.437172,1203.437172,6031544
2020-09-11,1203.437172,1209.394218,1202.800527,1208.754760,1208.754760,5397006
2020-09-14,1208.754760,1208.938475,1184.890139,1185.070254,1185.070254,4651191
2020-09-15,1185.070254,1191.415543,1184.736548,1191.080145,1191.080145,3176371
2020-09-16,1191.080145,1194.148585,1180.116432,1183.164480,1183.164480,9327124
2020-09-17,1183.164480,1195.234548,1173.797197,1185.846035,1185.846035,6429435
2020-09-18,1185.846035,1240.530061,1169.818235,1223.986754,1223.986754,5809740
2020-09-21,1223.986754,1245.391438,1221.068054,1242.428761,1242.428761,4483455
2020-09-22,1242.428761,1248.619028,1235.091203,1241.275725,1241.275725,8658894
2020-09-23,1241.275725,1275.235783,1240.822802,1274.770638,1274.770638,4664273
2020-09-24,1274.770638,1280.788861,1269.644268,1275.658919,1275.658919,6327813
2020-09-25,1275.658919,1283.618859,1259.957239,1267.868568,1267.868568,7282800
2020-09-28,1267.868568,1310.343534,1266.453316,1308.882500,1308.882500,8055642
2020-09-29,1308.882500,1311.903052,1304.611669,1307.629330,1307.629330,5539365
2020-09-30,1307.629330,1308.919702,1269.436547,1270.690468,1270.690468,4425672
2020-10-01,1270.690468,1278.751839,1238.722165,1246.630899,1246.630899,4330377
2020-10-02,1246.630899,1249.112068,1223.114128,1225.553346,1225.553346,5196879
2020-10-05,1225.553346,1229.305286,1224.450904,1228.200462,1228.200462,6894285
2020-10-06,1228.200462,1228.347469,1212.394137,1212.539270,1212.539270,7622756
2020-10-07,1212.539270,1216.988603,1210.357424,1214.802684,1214.802684,5968899
2020-10-08,1214.802684,1218.928090,1211.394113,1215.517513,1215.517513,5115175
2020-10-09,1215.517513,1218.530255,1173.288420,1176.203720,1176.203720,7377971
2020-10-12,1176.203720,1176.707064,1173.781016,1174.283538,1174.283538,4381622
2020-10-13,1174.283538,1181.392068,1164.188422,1171.278763,1171.278763,6425747
2020-10-14,1171.278763,1177.589352,1122.042430,1128.120492,1128.120492,7412724
2020-10-15,1128.120492,1132.596035,1079.410723,1083.710078,1083.710078,8933361
2020-10-16,1083.710078,1084.810085,1065.105029,1066.187249,1066.187249,10532814
2020-10-19,1066.187249,1067.553408,1018.780935,1020.088025,1020.088025,4650370
2020-10-20,1020.088025,1041.859714,1014.148492,1035.828531,1035.828531,6792020
2020-10-21,1035.828531,1036.061735,1030.996504,1031.228672,1031.228672,5985027
2020-10-22,1031.228672,1031.756080,1019.562756,1020.084465,1020.084465,5900914
2020-10-23,1020.084465,1038.294700,1019.827238,1038.032948,1038.032948,4981752
2020-10-26,1038.032948,1055.163940,1034.793307,1051.881080,1051.881080,7802520
2020-10-27,1051.881080,1059.793084,1029.427621,1037.229419,1037.229419,9398090
2020-10-28,1037.229419,1041.838691,1034.037441,1038.642366,1038.642366,5376813
2020-10-29,1038.642366,1040.553904,1035.486221,1037.395465,1037.395465,5879208
2020-10-30,1037.395465,1041.017540,1027.103608,1030.702314,1030.702314,6934703
2020-11-02,1030.702314,1031.765010,1026.188870,1027.248005,1027.248005,6183802
2020-11-03,1027.248005,1028.120591,1016.145397,1017.009285,1017.009285,3913463
2020-11-04,1017.009285,1032.104777,1016.070544,1031.152981,1031.152981,4749594
2020-11-05,1031.152981,1037.397492,1029.170276,1035.406608,1035.406608,8495478
2020-11-06,1035.406608,1056.304147,1027.262119,1048.060125,1048.060125,6678128
2020-11-09,1048.060125,1065.850154,1041.125655,1058.844330,1058.844330,5997224
2020-11-10,1058.844330,1060.520213,1049.051954,1050.714971,1050.714971,5205147
2020-11-11,1050.714971,1064.081501,1047.843783,1061.181711,1061.181711,6672743
2020-11-12,1061.181711,1072.200390,1058.488221,1069.485823,1069.485823,7470956
2020-11-13,1069.485823,1070.347286,1063.914374,1064.772041,1064.772041,7471812
2020-11-16,1064.772041,1070.679334,1064.012956,1069.916582,1069.916582,5552427
2020-11-17,1069.916582,1071.787138,1064.529342,1066.393740,1066.393740,4708340
2020-11-18,1066.393740,1075.913972,1048.856895,1058.304914,1058.304914,7239881
2020-11-19,1058.304914,1061.554310,1056.485601,1059.732542,1059.732542,4270629
2020-11-20,1059.732542,1061.075973,1057.838303,1059.181035,1059.181035,7512701
2020-11-23,1059.181035,1061.181365,1051.555861,1053.545549,1053.545549,4094989
2020-11-24,1053.545549,1060.241997,1044.225357,1050.905022,1050.905022,4371338
2020-11-25,1050.905022,1087.166654,1049.549052,1085.765704,1085.765704,6151548
2020-11-26,1085.765704,1098.995785,1079.413994,1092.604071,1092.604071,10582255
2020-11-27,1092.604071,1093.414091,1089.109410,1089.917439,1089.917439,4576661
2020-11-30,1089.917439,1092.891022,1072.942938,1075.878218,1075.878218,8961869
2020-12-01,1075.878218,1085.257897,1072.701743,1082.063161,1082.063161,9179123
2020-12-02,1082.063161,1092.328461,1061.877519,1072.047806,1072.047806,4774588
2020-12-03,1072.047806,1084.422411,1071.082786,1083.447130,1083.447130,3355092
2020-12-04,1083.447130,1083.505930,1064.703520,1064.761306,1064.761306,3919719
2020-12-07,1064.761306,1071.485463,1041.081886,1047.698288,1047.698288,5773292
2020-12-08,1047.698288,1049.042713,1041.779901,1043.118449,1043.118449,5038688
2020-12-09,1043.118449,1089.179900,1042.044932,1088.060131,1088.060131,4443585
2020-12-10,1088.060131,1094.877501,1079.960037,1086.769319,1086.769319,5181187
2020-12-11,1086.769319,1088.608635,1082.897867,1084.733738,1084.733738,11031704
2020-12-14,1084.733738,1100.479187,1080.628549,1096.330112,1096.330112,8556608
2020-12-15,1096.330112,1102.291208,1092.328739,1098.282708,1098.282708,3932553
2020-12-16,1098.282708,1100.972014,1079.526091,1082.175958,1082.175958,5052569
2020-12-17,1082.175958,1085.420280,1062.906682,1066.102817,1066.102817,4907018
2020-12-18,1066.102817,1074.992694,1062.021123,1070.892661,1070.892661,4138135
2020-12-21,1070.892661,1071.865799,1069.454750,1070.427465,1070.427465,12598116
2020-12-22,1070.427465,1089.874694,1069.920285,1089.358544,1089.358544,5344431
2020-12-23,1089.358544,1091.851954,1068.232820,1070.683485,1070.683485,7106197
2020-12-24,1070.683485,1071.296006,1029.540466,1030.129787,1030.129787,5433747
2020-12-25,1030.129787,1060.763473,1028.605955,1059.196644,1059.196644,7555079
2020-12-28,1059.196644,1077.250057,1051.992441,1069.972560,1069.972560,11170535
2020-12-29,1069.972560,1071.328982,1054.951522,1056.290599,1056.290599,6541068
2020-12-30,1056.290599,1092.996799,1054.591998,1091.241993,1091.241993,12118698
2020-12-31,1091.241993,1093.404589,1072.136977,1074.265930,1074.265930,7395428
2021-01-01,1074.265930,1102.322658,1066.605561,1094.517877,1094.517877,5350490
2021-01-04,1094.517877,1098.817133,1064.005576,1068.201463,1068.201463,4482882
2021-01-05,1068.201463,1071.684888,1044.052922,1047.468737,1047.468737,6018295
2021-01-06,1047.468737,1051.900647,1041.021653,1045.445000,1045.445000,6064226
2021-01-07,1045.445000,1061.898005,1045.257125,1061.707208,1061.707208,3572311
2021-01-08,1061.707208,1067.037022,1053.375392,1058.690059,1058.690059,7930730
2021-01-11,1058.690059,1060.097226,1054.665084,1056.068767,1056.068767,7841462
2021-01-12,1056.068767,1067.005112,1053.244715,1064.159425,1064.159425,2705465
2021-01-13,1064.159425,1076.709153,1063.864640,1076.410974,1076.410974,6084127
2021-01-14,1076.410974,1093.906695,1072.988103,1090.439216,1090.439216,5358720
2021-01-15,1090.439216,1101.109372,1089.738376,1100.402129,1100.402129,3355202
2021-01-18,1100.402129,1126.303015,1096.636244,1122.461637,1122.461637,4125448
2021-01-19,1122.461637,1124.571209,1103.680849,1105.759030,1105.759030,8779999
2021-01-20,1105.759030,1135.476422,1104.605879,1134.293514,1134.293514,5044635
2021-01-21,1134.293514,1135.304691,1122.512163,1123.513729,1123.513729,4844271
2021-01-22,1123.513729,1138.169550,1121.690730,1136.325762,1136.325762,8035374
2021-01-25,1136.325762,1140.106919,1133.921858,1137.700107,1137.700107,8085447
2021-01-26,1137.700107,1160.703920,1130.085558,1152.987056,1152.987056,6484821
2021-01-27,1152.987056,1164.797178,1151.961123,1163.761658,1163.761658,4456248
2021-01-28,1163.761658,1185.150767,1163.392939,1184.775390,1184.775390,7399678
2021-01-29,1184.775390,1185.673411,1174.041094,1174.931654,1174.931654,5065082
2021-02-01,1174.931654,1186.620420,1169.775486,1181.435710,1181.435710,6647074
2021-02-02,1181.435710,1187.490037,1180.812608,1186.864073,1186.864073,7450515
2021-02-03,1186.864073,1236.883204,1179.838316,1229.604441,1229.604441,5237690
2021-02-04,1229.604441,1238.794124,1229.212094,1238.398971,1238.398971,13381147
2021-02-05,1238.398971,1238.950217,1231.043602,1231.591818,1231.591818,6464157
2021-02-08,1231.591818,1275.122416,1229.898403,1273.371555,1273.371555,3852408
2021-02-09,1273.371555,1316.359495,1263.575766,1306.310314,1306.310314,3738011
2021-02-10,1306.310314,1311.394058,1301.523649,1306.606309,1306.606309,5981668
2021-02-11,1306.606309,1318.909617,1301.159016,1313.433860,1313.433860,8245979
2021-02-12,1313.433860,1324.536314,1279.641105,1290.550123,1290.550123,5972926
2021-02-15,1290.550123,1296.484467,1289.725675,1295.656757,1295.656757,5798774
2021-02-16,1295.656757,1332.196219,1288.112417,1324.484024,1324.484024,7818734
2021-02-17,1324.484024,1371.295222,1313.159537,1359.669892,1359.669892,5988751
2021-02-18,1359.669892,1374.792172,1349.288247,1364.374604,1364.374604,5500412
2021-02-19,1364.374604,1392.480634,1357.095278,1385.090781,1385.090781,7350111
2021-02-22,1385.090781,1389.762956,1361.835641,1366.444920,1366.444920,4614811
2021-02-23,1366.444920,1370.926102,1336.018756,1340.414573,1340.414573,5430248
2021-02-24,1340.414573,1345.293372,1319.697787,1324.518729,1324.518729,6256493
2021-02-25,1324.518729,1335.875760,1312.014156,1323.361263,1323.361263,6387469
2021-02-26,1323.361263,1346.975741,1317.770979,1341.309639,1341.309639,4379644
2021-03-01,1341.309639,1343.970268,1332.481980,1335.130352,1335.130352,10078453
2021-03-02,1335.130352,1340.714215,1314.078840,1319.597742,1319.597742,7156058
2021-03-03,1319.597742,1326.026556,1318.911505,1325.337334,1325.337334,5671978
2021-03-04,1325.337334,1334.243150,1321.660508,1330.551858,1330.551858,5899321
2021-03-05,1330.551858,1335.896729,1288.285361,1293.481319,1293.481319,5504486
2021-03-08,1293.481319,1295.860342,1289.679855,1292.056257,1292.056257,9833924
2021-03-09,1292.056257,1293.391675,1283.420615,1284.748479,1284.748479,3408450
2021-03-10,1284.748479,1285.066651,1255.747399,1256.058466,1256.058466,13384596
2021-03-11,1256.058466,1266.075260,1254.658174,1264.665373,1264.665373,11094451
2021-03-12,1264.665373,1302.945904,1258.778488,1296.908929,1296.908929,5121831
2021-03-15,1296.908929,1318.619279,1296.071270,1317.768148,1317.768148,5143454
2021-03-16,1317.768148,1322.704029,1314.916229,1319.847609,1319.847609,6713680
2021-03-17,1319.847609,1324.742792,1309.541102,1314.416140,1314.416140,2657483
2021-03-18,1314.416140,1317.245684,1289.287630,1292.069067,1292.069067,5207374
2021-03-19,1292.069067,1292.994918,1275.756786,1276.671604,1276.671604,3430570
2021-03-22,1276.671604,1292.660078,1270.409528,1286.350527,1286.350527,7044378
2021-03-23,1286.350527,1287.471671,1278.609147,1279.724516,1279.724516,9481151
2021-03-24,1279.724516,1309.359029,1270.660023,1300.149860,1300.149860,8010925
2021-03-25,1300.149860,1306.969771,1280.801650,1287.555497,1287.555497,5755527
2021-03-26,1287.555497,1295.606784,1275.476738,1283.502683,1283.502683,8179652
2021-03-29,1283.502683,1317.873144,1280.208857,1314.499771,1314.499771,3542012
2021-03-30,1314.499771,1323.836297,1313.643511,1322.974516,1322.974516,4745998
2021-03-31,1322.974516,1326.241521,1295.444270,1298.651210,1298.651210,3806443
2021-04-01,1298.651210,1299.004054,1293.091560,1293.442990,1293.442990,6174820
2021-04-02,1293.442990,1295.310235,1273.540393,1275.381564,1275.381564,4367609
2021-04-05,1275.381564,1282.407033,1273.559540,1280.577586,1280.577586,4354256
2021-04-06,1280.577586,1282.663417,1267.682997,1269.751193,1269.751193,10598008
2021-04-07,1269.751193,1285.952191,1258.288934,1274.447537,1274.447537,4656366
2021-04-08,1274.447537,1278.356928,1260.137531,1264.014921,1264.014921,7022062
2021-04-09,1264.014921,1291.491452,1258.649378,1286.032449,1286.032449,7304363
2021-04-12,1286.032449,1291.574321,1267.763966,1273.250758,1273.250758,7373151
2021-04-13,1273.250758,1282.034379,1267.836833,1276.606186,1276.606186,5025219
2021-04-14,1276.606186,1333.651441,1270.452753,1327.253878,1327.253878,3361561
2021-04-15,1327.253878,1374.380402,1325.761415,1372.836683,1372.836683,5860545
2021-04-16,1372.836683,1406.953421,1371.812122,1405.904181,1405.904181,8941224
2021-04-19,1405.904181,1406.245470,1405.105434,1405.446612,1405.446612,8729773
2021-04-20,1405.446612,1409.631339,1388.391915,1392.538208,1392.538208,4480113
2021-04-21,1392.538208,1398.711079,1376.833267,1382.963696,1382.963696,7272844
2021-04-22,1382.963696,1386.088926,1369.624906,1372.727004,1372.727004,9828679
2021-04-23,1372.727004,1381.548284,1344.934452,1353.633033,1353.633033,8063899
2021-04-26,1353.633033,1379.558234,1346.033205,1371.856094,1371.856094,4396634
2021-04-27,1371.856094,1398.188543,1370.782668,1397.095368,1397.095368,4332670
2021-04-28,1397.095368,1401.458591,1391.110865,1395.469008,1395.469008,2582687
2021-04-29,1395.469008,1400.048977,1371.963094,1376.480743,1376.480743,5433540
2021-04-30,1376.480743,1377.873078,1352.999388,1354.369358,1354.369358,8847739
2021-05-03,1354.369358,1360.739968,1328.797102,1335.076965,1335.076965,4704764
2021-05-04,1335.076965,1339.630070,1320.381770,1324.900168,1324.900168,7740314
2021-05-05,1324.900168,1328.639447,1304.012588,1307.703333,1307.703333,3148048
2021-05-06,1307.703333,1309.723445,1282.614572,1284.598994,1284.598994,2341953
2021-05-07,1284.598994,1294.281833,1268.968167,1278.605831,1278.605831,9359130
2021-05-10,1278.605831,1281.654232,1257.952867,1260.959195,1260.959195,4754050
2021-05-11,1260.959195,1265.282415,1260.103456,1264.424325,1264.424325,5837873
2021-05-12,1264.424325,1264.847376,1254.072346,1254.492074,1254.492074,5278636
2021-05-13,1254.492074,1255.625851,1251.798022,1252.930387,1252.930387,5421633
2021-05-14,1252.930387,1255.220702,1248.477709,1250.764065,1250.764065,13302292
2021-05-17,1250.764065,1266.288427,1246.298200,1261.783218,1261.783218,6260133
2021-05-18,1261.783218,1275.519380,1260.680402,1274.405533,1274.405533,4384233
2021-05-19,1274.405533,1275.133789,1261.176081,1261.897189,1261.897189,4069818
2021-05-20,1261.897189,1273.581697,1253.281450,1264.945148,1264.945148,6285059
2021-05-21,1264.945148,1269.094964,1254.509191,1258.638317,1258.638317,8583584
2021-05-24,1258.638317,1262.853632,1238.026985,1242.187204,1242.187204,4782438
2021-05-25,1242.187204,1243.234893,1226.298800,1227.333961,1227.333961,4843761
2021-05-26,1227.333961,1231.480546,1202.979472,1207.057552,1207.057552,6279029
2021-05-27,1207.057552,1210.418322,1178.456629,1181.746928,1181.746928,8404106
2021-05-28,1181.746928,1185.187654,1175.474452,1178.906909,1178.906909,4843611
2021-05-31,1178.906909,1197.974482,1173.063109,1192.065455,1192.065455,6797362
2021-06-01,1192.065455,1244.551563,1182.985604,1235.143590,1235.143590,5473921
2021-06-02,1235.143590,1251.905315,1234.990438,1251.750104,1251.750104,6744317
2021-06-03,1251.750104,1253.084891,1247.126347,1248.457624,1248.457624,4418238
2021-06-04,1248.457624,1271.452462,1246.490147,1269.451900,1269.451900,5426390
2021-06-07,1269.451900,1300.844333,1267.924618,1299.281164,1299.281164,7126054
2021-06-08,1299.281164,1306.454091,1277.480513,1284.572237,1284.572237,6760747
2021-06-09,1284.572237,1295.698902,1255.316249,1266.284510,1266.284510,9210168
2021-06-10,1266.284510,1266.939571,1264.960517,1265.615232,1265.615232,10036110
2021-06-11,1265.615232,1270.741233,1260.568938,1265.694622,1265.694622,7584909
2021-06-14,1265.694622,1276.129831,1263.078686,1273.497767,1273.497767,7870368
2021-06-15,1273.497767,1280.741820,1272.812179,1280.052703,1280.052703,6657230
2021-06-16,1280.052703,1287.376128,1278.284554,1285.600315,1285.600315,7623016
2021-06-17,1285.600315,1311.113805,1272.210567,1297.599087,1297.599087,3560726
2021-06-18,1297.599087,1303.151031,1296.101326,1301.648595,1301.648595,4571943
2021-06-21,1301.648595,1304.519666,1290.411299,1293.263875,1293.263875,4997721
2021-06-22,1293.263875,1310.524412,1284.586001,1301.789331,1301.789331,4459932
2021-06-23,1301.789331,1303.795448,1290.200247,1292.191573,1292.191573,3555408
2021-06-24,1292.191573,1294.551625,1284.618234,1286.968747,1286.968747,5352222
2021-06-25,1286.968747,1305.185691,1286.292748,1304.500483,1304.500483,10842583
2021-06-28,1304.500483,1309.589018,1299.735967,1304.823323,1304.823323,4211845
2021-06-29,1304.823323,1305.751849,1300.851994,1301.778354,1301.778354,3525076
2021-06-30,1301.778354,1312.023087,1297.602959,1307.828287,1307.828287,9641884
2021-07-01,1307.828287,1324.694753,1303.432511,1320.257202,1320.257202,4223171
2021-07-02,1320.257202,1331.658100,1317.705418,1329.089245,1329.089245,5358936
2021-07-05,1329.089245,1354.689128,1325.712187,1351.255747,1351.255747,3888687
2021-07-06,1351.255747,1357.018675,1328.263741,1333.952874,1333.952874,4074299
2021-07-07,1333.952874,1336.824010,1320.605469,1323.454008,1323.454008,8420372
2021-07-08,1323.454008,1358.898808,1321.740868,1357.142062,1357.142062,10268010
2021-07-09,1357.142062,1358.983178,1355.347758,1357.188813,1357.188813,6654099
2021-07-12,1357.188813,1363.738992,1348.534432,1355.074406,1355.074406,6531778
2021-07-13,1355.074406,1356.947793,1319.987993,1321.815399,1321.815399,10685893
2021-07-14,1321.815399,1333.645048,1302.696147,1314.459969,1314.459969,3619646
2021-07-15,1314.459969,1322.300447,1301.437704,1309.247088,1309.247088,3857082
2021-07-16,1309.247088,1317.062217,1289.431471,1297.174536,1297.174536,5013583
2021-07-19,1297.174536,1311.977342,1293.690595,1308.463083,1308.463083,6003524
2021-07-20,1308.463083,1328.739804,1303.762382,1323.983346,1323.983346,4705827
2021-07-21,1323.983346,1348.481666,1322.658816,1347.133976,1347.133976,8274299
2021-07-22,1347.133976,1371.702193,1341.718073,1366.209600,1366.209600,8082335
2021-07-23,1366.209600,1397.610909,1354.843337,1386.079340,1386.079340,4944233
2021-07-26,1386.079340,1406.870259,1380.143264,1400.870837,1400.870837,4862213
2021-07-27,1400.870837,1420.495386,1396.475365,1416.052279,1416.052279,6007758
2021-07-28,1416.052279,1430.307337,1407.479733,1421.700598,1421.700598,6643485
2021-07-29,1421.700598,1459.890399,1411.538325,1449.529208,1449.529208,5560676
2021-07-30,1449.529208,1451.811663,1416.976736,1419.211452,1419.211452,3164396
2021-08-02,1419.211452,1423.526382,1392.369511,1396.615741,1396.615741,1976154
2021-08-03,1396.615741,1421.739444,1393.231384,1418.302535,1418.302535,5786950
2021-08-04,1418.302535,1428.845319,1417.069120,1427.603815,1427.603815,3917687
2021-08-05,1427.603815,1439.322698,1425.978554,1437.685959,1437.685959,4654388
2021-08-06,1437.685959,1442.445945,1418.885160,1423.598506,1423.598506,5279595
2021-08-09,1423.598506,1429.787641,1415.480761,1421.661476,1421.661476,10546745
2021-08-10,1421.661476,1428.033483,1390.201985,1396.461042,1396.461042,4592833
2021-08-11,1396.461042,1399.044568,1390.798544,1393.376363,1393.376363,4480272
2021-08-12,1393.376363,1406.489082,1392.682016,1405.788549,1405.788549,4341667
2021-08-13,1405.788549,1407.572908,1405.635503,1407.419685,1407.419685,5043286
2021-08-16,1407.419685,1423.895653,1398.442268,1414.870709,1414.870709,8560739
2021-08-17,1414.870709,1417.109456,1363.877889,1366.039370,1366.039370,2687023
2021-08-18,1366.039370,1409.589670,1363.586697,1407.063340,1407.063340,8047448
2021-08-19,1407.063340,1407.986369,1367.309174,1368.206713,1368.206713,5160622
2021-08-20,1368.206713,1396.409029,1363.348413,1391.468131,1391.468131,6691691
2021-08-23,1391.468131,1395.655011,1385.459433,1389.640814,1389.640814,5824530
2021-08-24,1389.640814,1409.615198,1379.982292,1399.885471,1399.885471,5046107
2021-08-25,1399.885471,1411.802780,1360.512988,1372.194563,1372.194563,4550824
2021-08-26,1372.194563,1375.937914,1334.302056,1337.951994,1337.951994,4703032
2021-08-27,1337.951994,1359.721407,1336.110818,1357.852844,1357.852844,6176277
2021-08-30,1357.852844,1359.777851,1315.832000,1317.700083,1317.700083,5360716
2021-08-31,1317.700083,1372.694516,1314.112372,1368.967221,1368.967221,4688745
2021-09-01,1368.967221,1369.404504,1341.760501,1342.189230,1342.189230,5790819
2021-09-02,1342.189230,1350.405475,1338.204513,1346.408232,1346.408232,10075000
2021-09-03,1346.408232,1360.788806,1341.209678,1355.554936,1355.554936,7904985
2021-09-06,1355.554936,1364.356490,1322.572995,1331.216520,1331.216520,6084940
2021-09-07,1331.216520,1356.285298,1330.723843,1355.783528,1355.783528,13199964
2021-09-08,1355.783528,1374.223112,1353.667820,1372.081970,1372.081970,2917580
2021-09-09,1372.081970,1377.074952,1370.553064,1375.542191,1375.542191,5181764
2021-09-10,1375.542191,1413.468989,1365.337500,1403.060152,1403.060152,5457736
2021-09-13,1403.060152,1405.081868,1396.881618,1398.897335,1398.897335,6840102
2021-09-14,1398.897335,1405.425920,1377.275828,1383.733646,1383.733646,7229836
2021-09-15,1383.733646,1393.561815,1379.853110,1389.664647,1389.664647,5416798
2021-09-16,1389.664647,1392.834202,1373.910115,1377.050900,1377.050900,3422774
2021-09-17,1377.050900,1379.106973,1366.991818,1369.035923,1369.035923,2998240
2021-09-20,1369.035923,1375.199997,1342.323781,1348.394919,1348.394919,3239200
2021-09-21,1348.394919,1350.924283,1341.418784,1343.939791,1343.939791,7250572
2021-09-22,1343.939791,1401.460023,1341.238333,1398.648594,1398.648594,4605030
2021-09-23,1398.648594,1403.507813,1375.099663,1379.893724,1379.893724,7086310
2021-09-24,1379.893724,1383.259651,1353.888396,1357.198964,1357.198964,4919888
2021-09-27,1357.198964,1376.389428,1356.518800,1375.699992,1375.699992,4711398
2021-09-28,1375.699992,1378.848214,1351.757464,1354.857990,1354.857990,4823466
2021-09-29,1354.857990,1390.063099,1344.039608,1379.051535,1379.051535,4376539
2021-09-30,1379.051535,1380.263674,1367.064645,1368.267305,1368.267305,8216663
2021-10-01,1368.267305,1374.074398,1327.971303,1333.631398,1333.631398,4265201
2021-10-04,1333.631398,1366.843235,1323.470260,1356.507799,1356.507799,5131859
2021-10-05,1356.507799,1377.329714,1351.781824,1372.547857,1372.547857,5212457
2021-10-06,1372.547857,1380.536179,1351.466431,1359.378104,1359.378104,7349711
2021-10-07,1359.378104,1371.336441,1353.541020,1365.473185,1365.473185,6592957
2021-10-08,1365.473185,1403.371896,1358.286186,1396.024096,1396.024096,7775653
2021-10-11,1396.024096,1429.321936,1395.794235,1429.086630,1429.086630,3608893
2021-10-12,1429.086630,1437.338872,1424.520342,1432.760843,1432.760843,4305453
2021-10-13,1432.760843,1436.221474,1412.396543,1415.816247,1415.816247,5256104
2021-10-14,1415.816247,1448.326417,1415.118922,1447.613432,1447.613432,8372335
2021-10-15,1447.613432,1448.702028,1437.499861,1438.581665,1438.581665,7338096
2021-10-18,1438.581665,1444.292749,1425.273806,1430.954611,1430.954611,5449583
2021-10-19,1430.954611,1459.002915,1429.773218,1457.799360,1457.799360,9761352
2021-10-20,1457.799360,1464.290447,1429.292297,1435.684916,1435.684916,10908713
2021-10-21,1435.684916,1442.182852,1416.716921,1423.158161,1423.158161,4537292
2021-10-22,1423.158161,1426.825551,1404.190492,1407.818353,1407.818353,7978548
2021-10-25,1407.818353,1411.760282,1380.424005,1384.300082,1384.300082,6695133
2021-10-26,1384.300082,1388.051949,1374.160120,1377.894626,1377.894626,7532149
2021-10-27,1377.894626,1385.168019,1359.924791,1367.141422,1367.141422,3992342
2021-10-28,1367.141422,1416.596604,1365.341125,1414.733635,1414.733635,5977788
2021-10-29,1414.733635,1416.852680,1394.212854,1396.304295,1396.304295,8924046
2021-11-01,1396.304295,1458.775582,1389.773058,1451.983904,1451.983904,5878237
2021-11-02,1451.983904,1454.123764,1446.197540,1448.332018,1448.332018,5813258
2021-11-03,1448.332018,1478.389009,1439.978671,1469.911203,1469.911203,4852843
2021-11-04,1469.911203,1485.294938,1468.812802,1484.185870,1484.185870,5956009
2021-11-05,1484.185870,1486.182788,1459.497192,1461.463538,1461.463538,8158957
2021-11-08,1461.463538,1466.581099,1459.965280,1465.079134,1465.079134,8118674
2021-11-09,1465.079134,1475.989169,1462.934321,1473.831543,1473.831543,9365194
2021-11-10,1473.831543,1507.304174,1466.204377,1499.543945,1499.543945,7123150
2021-11-11,1499.543945,1499.657726,1472.913376,1473.025145,1473.025145,6678224
2021-11-12,1473.025145,1505.787726,1460.271685,1492.862513,1492.862513,7014148
2021-11-15,1492.862513,1508.188186,1492.734010,1508.058375,1508.058375,6360456
2021-11-16,1508.058375,1509.114632,1496.466002,1497.514874,1497.514874,13937945
2021-11-17,1497.514874,1505.369653,1467.153245,1474.889349,1474.889349,4827661
2021-11-18,1474.889349,1488.482436,1460.364298,1473.948716,1473.948716,6653994
2021-11-19,1473.948716,1502.263092,1467.648111,1495.868787,1495.868787,5603610
2021-11-22,1495.868787,1520.973390,1492.049289,1517.099682,1517.099682,6764031
2021-11-23,1517.099682,1522.997185,1512.238815,1518.133007,1518.133007,4410682
2021-11-24,1518.133007,1555.274311,1515.411051,1552.490753,1552.490753,1882222
2021-11-25,1552.490753,1560.206104,1542.098373,1549.800354,1549.800354,6398186
2021-11-26,1549.800354,1551.744563,1536.063280,1537.992676,1537.992676,5392129
2021-11-29,1537.992676,1543.679035,1530.677486,1536.357801,1536.357801,5808004
2021-11-30,1536.357801,1537.241955,1534.817814,1535.701591,1535.701591,4047780
2021-12-01,1535.701591,1549.314548,1493.908526,1507.269452,1507.269452,5593437
2021-12-02,1507.269452,1515.403819,1395.939654,1403.514079,1403.514079,6615218
2021-12-03,1403.514079,1404.671673,1386.379179,1387.523584,1387.523584,8619646
2021-12-06,1387.523584,1388.578071,1371.083052,1372.125837,1372.125837,8009361
2021-12-07,1372.125837,1376.118846,1332.673260,1336.562778,1336.562778,5331688
2021-12-08,1336.562778,1339.660500,1327.367201,1330.450758,1330.450758,6989662
2021-12-09,1330.450758,1343.370165,1324.674180,1337.562708,1337.562708,14486021
2021-12-10,1337.562708,1345.511818,1333.986390,1341.923839,1341.923839,8289112
2021-12-13,1341.923839,1365.790441,1326.035369,1349.808615,1349.808615,9254435
2021-12-14,1349.808615,1355.641151,1346.375310,1352.201758,1352.201758,5402165
2021-12-15,1352.201758,1366.592414,1346.004997,1360.358273,1360.358273,5739947
2021-12-16,1360.358273,1379.316062,1356.367705,1375.281716,1375.281716,6908471
2021-12-17,1375.281716,1376.888224,1363.900674,1365.495750,1365.495750,9347045
2021-12-20,1365.495750,1374.028916,1342.892733,1351.337422,1351.337422,3911289
2021-12-21,1351.337422,1357.098412,1324.436680,1330.107162,1330.107162,5084619
2021-12-22,1330.107162,1337.550937,1308.144451,1315.506514,1315.506514,6661988
2021-12-23,1315.506514,1326.550630,1289.934328,1300.855443,1300.855443,5302020
2021-12-24,1300.855443,1305.994014,1297.682395,1302.816183,1302.816183,4872363
2021-12-27,1302.816183,1312.694640,1300.395804,1310.260430,1310.260430,9845426
2021-12-28,1310.260430,1316.370046,1305.905404,1312.009207,1312.009207,7208412
2021-12-29,1312.009207,1314.126770,1306.712390,1308.824813,1308.824813,8949547
2021-12-30,1308.824813,1311.998844,1258.801961,1261.862103,1261.862103,9151561
2021-12-31,1261.862103,1307.643420,1253.239435,1298.768560,1298.768560,4520569
2022-01-03,1298.768560,1298.913398,1261.608517,1261.749228,1261.749228,7719016
2022-01-04,1261.749228,1299.679195,1252.777431,1290.502942,1290.502942,4693373
2022-01-05,1290.502942,1296.523043,1265.701243,1271.633319,1271.633319,6308583
2022-01-06,1271.633319,1272.699704,1249.570642,1250.619405,1250.619405,3774765
2022-01-07,1250.619405,1288.137436,1242.450225,1279.777790,1279.777790,4988912
2022-01-10,1279.777790,1305.425859,1278.426534,1304.048976,1304.048976,3681439
2022-01-11,1304.048976,1312.186935,1265.351511,1273.297565,1273.297565,6122522
2022-01-12,1273.297565,1284.377244,1267.970673,1279.026385,1279.026385,6810467
2022-01-13,1279.026385,1284.836868,1238.181843,1243.832444,1243.832444,5571185
2022-01-14,1243.832444,1251.879762,1243.381193,1251.425756,1251.425756,10373560
2022-01-17,1251.425756,1257.948445,1245.365218,1251.885679,1251.885679,3385932
2022-01-18,1251.885679,1260.345801,1228.038346,1236.393774,1236.393774,4752318
2022-01-19,1236.393774,1238.504357,1213.417313,1215.492216,1215.492216,5462472
2022-01-20,1215.492216,1218.510584,1207.164631,1210.169783,1210.169783,5232403
2022-01-21,1210.169783,1250.138627,1210.079977,1250.045861,1250.045861,2974891
2022-01-24,1250.045861,1251.177414,1235.324168,1236.443408,1236.443408,8359232
2022-01-25,1236.443408,1242.425373,1230.377131,1236.358687,1236.358687,9293192
2022-01-26,1236.358687,1243.462425,1235.861140,1242.962221,1242.962221,8123993
2022-01-27,1242.962221,1247.077783,1224.814207,1228.883152,1228.883152,8932406
2022-01-28,1228.883152,1245.706940,1224.849410,1241.631352,1241.631352,3995291
2022-01-31,1241.631352,1244.833658,1229.223623,1232.402125,1232.402125,11149964
2022-02-01,1232.402125,1244.547826,1229.462396,1241.586190,1241.586190,7127815
2022-02-02,1241.586190,1243.103917,1206.711803,1208.188705,1208.188705,5802864
2022-02-03,1208.188705,1223.383667,1207.382133,1222.567495,1222.567495,6602868
2022-02-04,1222.567495,1225.661335,1212.663507,1215.740069,1215.740069,8445011
2022-02-07,1215.740069,1220.491275,1174.364351,1178.971863,1178.971863,6223564
2022-02-08,1178.971863,1186.538070,1178.742321,1186.307099,1186.307099,6338901
2022-02-09,1186.307099,1193.538260,1166.818366,1173.974353,1173.974353,6930129
2022-02-10,1173.974353,1179.852377,1156.218557,1162.036811,1162.036811,5507764
2022-02-11,1162.036811,1187.237898,1158.216992,1183.348025,1183.348025,4736519
2022-02-14,1183.348025,1188.156991,1178.480123,1183.288849,1183.288849,6329763
2022-02-15,1183.288849,1187.840125,1161.637257,1166.122507,1166.122507,10151732
2022-02-16,1166.122507,1166.766236,1142.440931,1143.071935,1143.071935,5607937
2022-02-17,1143.071935,1170.256582,1140.686923,1167.819934,1167.819934,5188199
2022-02-18,1167.819934,1187.457838,1164.369619,1183.959837,1183.959837,8700589
2022-02-21,1183.959837,1185.494073,1153.533804,1155.030551,1155.030551,7893455
2022-02-22,1155.030551,1162.129378,1154.542458,1161.638493,1161.638493,4102330
2022-02-23,1161.638493,1217.430292,1153.056064,1208.501628,1208.501628,4117380
2022-02-24,1208.501628,1210.504977,1203.495061,1205.493424,1205.493424,5946086
2022-02-25,1205.493424,1230.428719,1195.409224,1220.221318,1220.221318,3350904
2022-02-28,1220.221318,1220.268165,1208.907836,1208.954250,1208.954250,5684471
2022-03-01,1208.954250,1214.683456,1196.061958,1201.757056,1201.757056,5530284
2022-03-02,1201.757056,1201.822617,1192.820077,1192.885154,1192.885154,9078356
2022-03-03,1192.885154,1200.308856,1182.664350,1190.070536,1190.070536,7163813
2022-03-04,1190.070536,1199.834015,1188.172863,1197.923820,1197.923820,6670609
2022-03-07,1197.923820,1199.633977,1183.846074,1185.538550,1185.538550,7302965
2022-03-08,1185.538550,1190.008534,1159.933126,1164.323118,1164.323118,7673981
2022-03-09,1164.323118,1165.220195,1158.246692,1159.139775,1159.139775,7854915
2022-03-10,1159.139775,1160.830061,1152.760350,1154.443787,1154.443787,7364596
2022-03-11,1154.443787,1158.058742,1125.528708,1129.064191,1129.064191,4867728
2022-03-14,1129.064191,1131.692890,1097.795954,1100.357819,1100.357819,5636923
2022-03-15,1100.357819,1107.053546,1074.569809,1081.148648,1081.148648,6409721
2022-03-16,1081.148648,1082.282115,1074.135809,1075.263106,1075.263106,4706262
2022-03-17,1075.263106,1087.212452,1067.708975,1079.627658,1079.627658,7026511
2022-03-18,1079.627658,1093.994185,1074.332621,1088.654874,1088.654874,15964620
2022-03-21,1088.654874,1095.280669,1086.124274,1092.740573,1092.740573,6421939
2022-03-22,1092.740573,1125.201643,1088.488095,1120.839816,1120.839816,8395350
2022-03-23,1120.839816,1123.351918,1059.937062,1062.318001,1062.318001,5268062
2022-03-24,1062.318001,1064.056734,1056.432840,1058.164774,1058.164774,4498415
2022-03-25,1058.164774,1066.540653,1057.984430,1066.358912,1066.358912,7992834
2022-03-28,1066.358912,1067.104120,1062.865448,1063.608735,1063.608735,8340936
2022-03-29,1063.608735,1066.707062,1059.841260,1062.937632,1062.937632,4434276
2022-03-30,1062.937632,1068.991515,1062.772045,1068.825011,1068.825011,3979391
2022-03-31,1068.825011,1075.243251,1063.011252,1069.426221,1069.426221,6489223
2022-04-01,1069.426221,1073.720603,1035.746343,1039.922248,1039.922248,8468346
2022-04-04,1039.922248,1042.057544,1037.724217,1039.859384,1039.859384,8928093
2022-04-05,1039.859384,1046.473012,1036.532617,1043.135763,1043.135763,7996706
2022-04-06,1043.135763,1061.101749,1039.522819,1057.439263,1057.439263,8035528
2022-04-07,1057.439263,1060.281978,1047.498060,1050.321641,1050.321641,4803556
2022-04-08,1050.321641,1069.559100,1044.751515,1063.916876,1063.916876,16059725
2022-04-11,1063.916876,1069.636968,1058.193062,1063.913134,1063.913134,9090901
2022-04-12,1063.913134,1069.660337,1060.591254,1066.330909,1066.330909,5148787
2022-04-13,1066.330909,1079.728360,1041.251953,1054.500769,1054.500769,4238699
2022-04-14,1054.500769,1089.773109,1052.616359,1087.829141,1087.829141,6881416
2022-04-15,1087.829141,1087.930609,1084.147205,1084.248339,1084.248339,5871242
2022-04-18,1084.248339,1089.713928,1043.545738,1048.832801,1048.832801,9655130
2022-04-19,1048.832801,1062.546331,1048.379015,1062.086810,1062.086810,5136629
2022-04-20,1062.086810,1063.740258,1047.060035,1048.692630,1048.692630,4410857
2022-04-21,1048.692630,1052.098104,1034.129894,1037.499017,1037.499017,5301066
2022-04-22,1037.499017,1038.355012,1034.444632,1035.298811,1035.298811,4853572
2022-04-25,1035.298811,1035.764684,1027.220858,1027.683304,1027.683304,4223159
2022-04-26,1027.683304,1040.397044,1026.258181,1038.956288,1038.956288,6111649
2022-04-27,1038.956288,1039.289593,1022.119086,1022.447094,1022.447094,8937483
2022-04-28,1022.447094,1056.011569,1020.078942,1053.571329,1053.571329,7039307
2022-04-29,1053.571329,1065.131771,1052.553873,1064.104143,1064.104143,7376999
2022-05-02,1064.104143,1072.127919,1052.016004,1060.008900,1060.008900,4638302
2022-05-03,1060.008900,1064.010133,1054.273409,1058.268071,1058.268071,5798780
2022-05-04,1058.268071,1066.965067,1042.964761,1051.607016,1051.607016,10079966
2022-05-05,1051.607016,1052.195371,1019.891479,1020.462409,1020.462409,8078777
2022-05-06,1020.462409,1026.122817,1007.508271,1013.127995,1013.127995,7046840
2022-05-09,1013.127995,1021.093854,1010.365938,1018.317649,1018.317649,4204869
2022-05-10,1018.317649,1020.377785,1004.065540,1006.100960,1006.100960,7386139
2022-05-11,1006.100960,1024.387284,1001.120951,1019.341736,1019.341736,6857811
2022-05-12,1019.341736,1023.102292,986.349324,990.001639,990.001639,6134679
2022-05-13,990.001639,993.918211,979.241103,983.130492,983.130492,5687505
2022-05-16,983.130492,987.017237,959.067623,962.874287,962.874287,3806084
2022-05-17,962.874287,966.528846,940.440359,944.023370,944.023370,10089377
2022-05-18,944.023370,946.404623,938.319004,940.691854,940.691854,3498504
2022-05-19,940.691854,942.252055,916.636741,918.159571,918.159571,7916255
2022-05-20,918.159571,920.628335,893.627349,896.036628,896.036628,6393583
2022-05-23,896.036628,903.368594,893.582184,900.900826,900.900826,4785873
2022-05-24,900.900826,901.465460,889.071821,889.629390,889.629390,6270558
2022-05-25,889.629390,916.995336,889.302656,916.658674,916.658674,8849006
2022-05-26,916.658674,926.713499,912.399669,922.427690,922.427690,4116922
2022-05-27,922.427690,926.617238,919.273427,923.459447,923.459447,5888912
2022-05-30,923.459447,928.658148,893.642628,898.701955,898.701955,4946556
2022-05-31,898.701955,907.629663,886.147489,895.038806,895.038806,8051405
2022-06-01,895.038806,896.198203,868.828278,869.955183,869.955183,6822923
2022-06-02,869.955183,877.548051,864.627933,872.207012,872.207012,3107152
2022-06-03,872.207012,900.942241,869.891569,898.556847,898.556847,5160875
2022-06-06,898.556847,901.042105,882.112933,884.559477,884.559477,6286849
2022-06-07,884.559477,910.011095,883.236299,908.651878,908.651878,13480438
2022-06-08,908.651878,910.274350,883.802084,885.383008,885.383008,4127889
2022-06-09,885.383008,888.497233,868.746947,871.813443,871.813443,6472438
2022-06-10,871.813443,878.023132,849.876120,855.972983,855.972983,10294690
2022-06-13,855.972983,861.800420,846.474561,852.276835,852.276835,6559374
2022-06-14,852.276835,857.033627,849.691068,854.441293,854.441293,7763895
2022-06-15,854.441293,870.032802,849.062177,864.589796,864.589796,5923444
2022-06-16,864.589796,864.862231,861.611123,861.882704,861.882704,5249084
2022-06-17,861.882704,868.608874,858.621808,865.334916,865.334916,4601056
2022-06-20,865.334916,868.562438,863.322113,866.546815,866.546815,5671034
2022-06-21,866.546815,875.903407,863.069574,872.402668,872.402668,4788690
2022-06-22,872.402668,876.294621,866.352546,870.234827,870.234827,6391834
2022-06-23,870.234827,871.482775,798.751745,799.898829,799.898829,6217524
2022-06-24,799.898829,808.315046,799.663931,808.077747,808.077747,3704018
2022-06-27,808.077747,810.088945,794.141962,796.123407,796.123407,7212576
2022-06-28,796.123407,798.722067,746.622297,749.067359,749.067359,12022592
2022-06-29,749.067359,754.640760,722.114714,727.527852,727.527852,6805922
2022-06-30,727.527852,728.740726,719.549797,720.751374,720.751374,8298591
2022-07-01,720.751374,737.110992,714.765807,731.039982,731.039982,12391157
2022-07-04,731.039982,735.829302,730.197436,734.982213,734.982213,7195444
2022-07-05,734.982213,738.272019,725.074454,728.334504,728.334504,8939553
2022-07-06,728.334504,732.867108,698.991825,703.369063,703.369063,12347946
2022-07-07,703.369063,704.666188,701.563776,702.859963,702.859963,6048581
2022-07-08,702.859963,708.327152,684.453967,689.819723,689.819723,6296569
2022-07-11,689.819723,696.563334,688.173914,694.905391,694.905391,5839938
2022-07-12,694.905391,696.398398,686.842666,688.321527,688.321527,4317072
2022-07-13,688.321527,689.356827,672.913113,673.926761,673.926761,2898713
2022-07-14,673.926761,680.685260,672.414334,679.161085,679.161085,3010950
2022-07-15,679.161085,679.494817,670.819453,671.149247,671.149247,8746540
2022-07-18,671.149247,675.334138,659.415842,663.553370,663.553370,7335792
2022-07-19,663.553370,670.171674,661.054461,667.657310,667.657310,3451781
2022-07-20,667.657310,672.136342,665.362129,669.833679,669.833679,10587512
2022-07-21,669.833679,673.654553,668.172137,671.987668,671.987668,6822684
2022-07-22,671.987668,674.153194,660.575257,662.710888,662.710888,6951205
2022-07-25,662.710888,669.063372,660.715472,667.054876,667.054876,8251517
2022-07-26,667.054876,674.009164,665.910662,672.855000,672.855000,4041151
2022-07-27,672.855000,687.783075,672.021251,686.931882,686.931882,3385189
2022-07-28,686.931882,690.214929,678.952253,682.212745,682.212745,8853234
2022-07-29,682.212745,701.668161,678.882290,698.259368,698.259368,5632684
2022-08-01,698.259368,714.427878,697.674406,713.829871,713.829871,7399548
2022-08-02,713.829871,725.008264,713.208949,724.378166,724.378166,5101645
2022-08-03,724.378166,729.782430,723.840045,729.240697,729.240697,3479890
2022-08-04,729.240697,733.593062,729.168185,733.520124,733.520124,4807880
2022-08-05,733.520124,734.997996,713.437144,714.877456,714.877456,5449919
2022-08-08,714.877456,720.888823,713.871820,719.876155,719.876155,6155650
2022-08-09,719.876155,726.553637,719.713621,726.389632,726.389632,4810333
2022-08-10,726.389632,732.279332,718.734450,724.609718,724.609718,1770298
2022-08-11,724.609718,727.683046,710.578867,713.605522,713.605522,6478584
2022-08-12,713.605522,714.337632,704.816797,705.540632,705.540632,3436556
2022-08-15,705.540632,719.204105,701.901282,715.513314,715.513314,13563740
2022-08-16,715.513314,718.434312,704.131915,707.018233,707.018233,6519425
2022-08-17,707.018233,718.886361,705.921258,717.772700,717.772700,4435433
2022-08-18,717.772700,721.129295,701.569806,704.866044,704.866044,3091808
2022-08-19,704.866044,713.844912,699.247256,708.199551,708.199551,9000846
2022-08-22,708.199551,709.116376,707.286370,708.203191,708.203191,6875849
2022-08-23,708.203191,714.748464,700.023995,706.554027,706.554027,5681363
2022-08-24,706.554027,731.448540,704.347350,729.171227,729.171227,7222795
2022-08-25,729.171227,732.357120,707.750864,710.856738,710.856738,5688875
2022-08-26,710.856738,714.157885,705.625271,708.917411,708.917411,5126072
2022-08-29,708.917411,710.144416,696.392242,697.599658,697.599658,8191367
2022-08-30,697.599658,705.846159,693.194713,701.417109,701.417109,3601816
2022-08-31,701.417109,709.203014,699.770661,707.542188,707.542188,2295683
2022-09-01,707.542188,707.620601,704.224769,704.302823,704.302823,5703309
2022-09-02,704.302823,725.600033,703.433895,724.705933,724.705933,6836490
2022-09-05,724.705933,727.800585,698.970596,701.968153,701.968153,15026019
2022-09-06,701.968153,707.296137,700.920223,706.241827,706.241827,9116534
2022-09-07,706.241827,707.036248,699.121795,699.909093,699.909093,4884908
2022-09-08,699.909093,706.782272,698.416865,705.278596,705.278596,1917807
2022-09-09,705.278596,714.658168,705.250074,714.629268,714.629268,6290388
2022-09-12,714.629268,716.090282,703.576714,705.018079,705.018079,11348920
2022-09-13,705.018079,706.718195,697.118752,698.803883,698.803883,9154042
2022-09-14,698.803883,715.424819,695.724095,712.285615,712.285615,5629465
2022-09-15,712.285615,716.879888,692.912526,697.410856,697.410856,4442184
2022-09-16,697.410856,702.363012,697.067630,702.017518,702.017518,4932366
2022-09-19,702.017518,704.314959,698.256104,700.548738,700.548738,10178481
2022-09-20,700.548738,708.430625,699.793146,707.667355,707.667355,8804552
2022-09-21,707.667355,712.480879,682.879485,687.556214,687.556214,4981393
2022-09-22,687.556214,693.584943,686.087589,692.106598,692.106598,5674794
2022-09-23,692.106598,694.075721,680.171794,682.112482,682.112482,6869180
2022-09-26,682.112482,684.213113,677.440145,679.532832,679.532832,8744468
2022-09-27,679.532832,687.229231,675.512522,683.187300,683.187300,4144352
2022-09-28,683.187300,683.273489,678.805975,678.891623,678.891623,5826159
2022-09-29,678.891623,679.745320,677.643373,678.496573,678.496573,5985862
2022-09-30,678.496573,680.386598,674.582943,676.467315,676.467315,7318134
2022-10-03,676.467315,683.978209,673.839460,681.331458,681.331458,6680983
2022-10-04,681.331458,695.620931,681.140238,695.425755,695.425755,6128342
2022-10-05,695.425755,709.647491,690.874438,705.033296,705.033296,5298432
2022-10-06,705.033296,715.474668,704.858466,715.297294,715.297294,5704431
2022-10-07,715.297294,720.674112,676.371729,681.494455,681.494455,5302920
2022-10-10,681.494455,684.448866,665.475200,668.372727,668.372727,10251628
2022-10-11,668.372727,670.787180,668.363938,670.778361,670.778361,5505248
2022-10-12,670.778361,674.101869,670.677637,674.000662,674.000662,11814431
2022-10-13,674.000662,696.466628,671.723207,694.121186,694.121186,5058934
2022-10-14,694.121186,718.589963,687.633579,711.935851,711.935851,6375633
2022-10-17,711.935851,724.340520,711.361788,723.756925,723.756925,5546759
2022-10-18,723.756925,740.860326,718.982623,736.005227,736.005227,3996896
2022-10-19,736.005227,766.587213,734.480994,765.002927,765.002927,14767335
2022-10-20,765.002927,769.811227,759.019908,763.820779,763.820779,3886212
2022-10-21,763.820779,765.400054,762.728858,764.307437,764.307437,4652860
2022-10-24,764.307437,788.818764,763.630962,788.121211,788.121211,9271259
2022-10-25,788.121211,789.680417,778.366021,779.908979,779.908979,3909094
2022-10-26,779.908979,782.402667,758.213640,760.645735,760.645735,5895243
2022-10-27,760.645735,767.405904,759.652151,766.404797,766.404797,11412659
2022-10-28,766.404797,777.054590,764.030707,774.654944,774.654944,7455209
2022-10-31,774.654944,796.061113,770.941102,792.262856,792.262856,4236787
2022-11-01,792.262856,798.036199,791.882363,797.653117,797.653117,4427921
2022-11-02,797.653117,798.082416,793.474139,793.901418,793.901418,9017863
2022-11-03,793.901418,804.166367,779.707140,789.920618,789.920618,5415671
2022-11-04,789.920618,791.138350,782.689054,783.897502,783.897502,5017928
2022-11-07,783.897502,784.898146,768.830593,769.813258,769.813258,5611382
2022-11-08,769.813258,779.095375,766.211743,775.467407,775.467407,4695888
2022-11-09,775.467407,783.529323,773.677021,781.724490,781.724490,3739670
2022-11-10,781.724490,783.417405,771.010900,772.684237,772.684237,8145249
2022-11-11,772.684237,774.680914,765.609364,767.592885,767.592885,7373232
2022-11-14,767.592885,770.578347,758.145584,761.105816,761.105816,1996334
2022-11-15,761.105816,784.994075,758.812643,782.636032,782.636032,5829206
2022-11-16,782.636032,784.463101,775.572197,777.387013,777.387013,5913146
2022-11-17,777.387013,795.845729,776.935446,795.383708,795.383708,4128074
2022-11-18,795.383708,809.796988,790.215783,804.569380,804.569380,3898609
2022-11-21,804.569380,808.177954,775.706906,779.201703,779.201703,5534247
2022-11-22,779.201703,780.574931,774.245729,775.612632,775.612632,5857241
2022-11-23,775.612632,777.963937,770.012817,772.354245,772.354245,6402198
2022-11-24,772.354245,774.083387,758.686946,760.389301,760.389301,7347868
2022-11-25,760.389301,761.848992,756.976992,758.432927,758.432927,8015420
2022-11-28,758.432927,761.972356,745.303338,748.797802,748.797802,4223728
2022-11-29,748.797802,748.826781,742.996855,743.025610,743.025610,5482310
2022-11-30,743.025610,754.223624,742.206843,753.393432,753.393432,7754550
2022-12-01,753.393432,754.418971,748.241138,749.261052,749.261052,13275472
2022-12-02,749.261052,754.012754,747.332738,752.077192,752.077192,2794982
2022-12-05,752.077192,754.659426,747.832444,750.408950,750.408950,11813183
2022-12-06,750.408950,755.709257,747.113986,752.405526,752.405526,5922662
2022-12-07,752.405526,755.869520,722.895589,726.239116,726.239116,6875835
2022-12-08,726.239116,727.418321,722.749206,723.924653,723.924653,4515685
2022-12-09,723.924653,726.707519,723.376219,726.157394,726.157394,3121088
2022-12-12,726.157394,739.711282,724.976380,738.510177,738.510177,5468879
2022-12-13,738.510177,738.987162,729.619447,730.090994,730.090994,4746092
2022-12-14,730.090994,731.932569,726.550506,728.387785,728.387785,4868516
2022-12-15,728.387785,735.649584,723.211246,730.458330,730.458330,3905502
2022-12-16,730.458330,731.998694,717.654950,719.171512,719.171512,4416049
2022-12-19,719.171512,719.870006,698.076610,698.755275,698.755275,6454319
2022-12-20,698.755275,708.410806,695.338620,704.963793,704.963793,5661037
2022-12-21,704.963793,707.612464,696.884159,699.512348,699.512348,4235461
2022-12-22,699.512348,700.538243,680.422720,681.422084,681.422084,6578206
2022-12-23,681.422084,683.901494,674.865036,677.329555,677.329555,3964532
2022-12-26,677.329555,684.458672,675.085347,682.198332,682.198332,4709845
2022-12-27,682.198332,682.499087,680.553981,680.854143,680.854143,9154107
2022-12-28,680.854143,684.933993,645.875354,649.768933,649.768933,5944638
2022-12-29,649.768933,674.467384,643.851363,668.380316,668.380316,5829013
2022-12-30,668.380316,674.337085,665.099882,671.043580,671.043580,6855259
2023-01-02,671.043580,673.844049,668.254167,671.054591,671.054591,6361401
2023-01-03,671.054591,671.780386,667.697143,668.420089,668.420089,5442040
2023-01-04,668.420089,669.996534,666.679589,668.255646,668.255646,2676634
2023-01-05,668.255646,673.881495,657.944813,663.530885,663.530885,6288376
2023-01-06,663.530885,675.884277,659.630002,671.933992,671.933992,5527907
2023-01-09,671.933992,686.005954,670.445601,684.489750,684.489750,4574703
2023-01-10,684.489750,688.951370,683.090946,687.546319,687.546319,3921629
2023-01-11,687.546319,692.506160,672.108755,676.992462,676.992462,5506832
2023-01-12,676.992462,686.097302,676.761963,685.863783,685.863783,5977234
2023-01-13,685.863783,701.135403,683.532999,698.760791,698.760791,5079943
2023-01-16,698.760791,721.329630,696.004117,718.495103,718.495103,8629604
2023-01-17,718.495103,725.536057,707.614430,714.617384,714.617384,5481802
2023-01-18,714.617384,715.277291,706.515841,707.168870,707.168870,3816175
2023-01-19,707.168870,717.834664,701.827921,712.453801,712.453801,4826206
2023-01-20,712.453801,715.074825,693.298614,695.858586,695.858586,5640966
2023-01-23,695.858586,699.730497,695.534305,699.404563,699.404563,4706892
2023-01-24,699.404563,702.415148,697.808336,700.815700,700.815700,3766575
2023-01-25,700.815700,719.039666,699.379749,717.569388,717.569388,3149207
2023-01-26,717.569388,736.672610,714.944433,733.987595,733.987595,8323284
2023-01-27,733.987595,736.273970,724.589281,726.853432,726.853432,7870876
2023-01-30,726.853432,729.047362,719.651923,721.830692,721.830692,7938782
2023-01-31,721.830692,732.514289,720.309509,730.973838,730.973838,5651982
2023-02-01,730.973838,733.706686,710.371261,713.037050,713.037050,7481343
2023-02-02,713.037050,727.416690,709.991924,724.323364,724.323364,3974728
2023-02-03,724.323364,725.470735,714.152276,715.285330,715.285330,8093454
2023-02-06,715.285330,715.337471,707.343503,707.395069,707.395069,6135074
2023-02-07,707.395069,736.302947,703.334691,732.100761,732.100761,4884527
2023-02-08,732.100761,740.173774,728.183790,736.234685,736.234685,8594677
2023-02-09,736.234685,740.576714,734.951163,739.287869,739.287869,4094408
2023-02-10,739.287869,752.867461,737.047380,750.592711,750.592711,4188071
2023-02-13,750.592711,764.257100,749.729108,763.378786,763.378786,8206961
2023-02-14,763.378786,766.440904,752.557048,755.587915,755.587915,4021582
2023-02-15,755.587915,759.096537,736.411160,739.846687,739.846687,5071569
2023-02-16,739.846687,747.475433,722.298901,729.824304,729.824304,7347874
2023-02-17,729.824304,738.112348,726.434896,734.700295,734.700295,7613420
2023-02-20,734.700295,739.868515,734.038967,739.203134,739.203134,8854451
2023-02-21,739.203134,747.565880,735.986895,744.327346,744.327346,8939307
2023-02-22,744.327346,745.600423,723.806369,725.046468,725.046468,4380087
2023-02-23,725.046468,726.643057,718.639101,720.225072,720.225072,4779339
2023-02-24,720.225072,744.728874,715.878406,740.261286,740.261286,4833427
2023-02-27,740.261286,746.387941,739.513438,745.634664,745.634664,11880720
2023-02-28,745.634664,764.002793,744.962000,763.314180,763.314180,6267008
2023-03-01,763.314180,766.882772,738.341472,741.809527,741.809527,3295457
2023-03-02,741.809527,746.265666,734.132730,738.569405,738.569405,11293227
2023-03-03,738.569405,739.618139,736.125831,737.172582,737.172582,5631470
2023-03-06,737.172582,748.578215,735.483943,746.867369,746.867369,3825834
2023-03-07,746.867369,764.171277,746.217463,763.506892,763.506892,4102395
2023-03-08,763.506892,775.732130,759.051255,771.231415,771.231415,4646603
2023-03-09,771.231415,779.733203,767.441944,775.920692,775.920692,3317503
2023-03-10,775.920692,780.292808,773.216117,777.582441,777.582441,5995937
2023-03-13,777.582441,792.586883,776.704369,791.692876,791.692876,4151854
2023-03-14,791.692876,803.531775,785.127540,796.923066,796.923066,5974674
2023-03-15,796.923066,802.638387,786.692289,792.374992,792.374992,2741326
2023-03-16,792.374992,794.539008,778.101141,780.231994,780.231994,5200049
2023-03-17,780.231994,799.720164,776.004414,795.410342,795.410342,4853453
2023-03-20,795.410342,807.657675,790.829470,803.032903,803.032903,2516982
2023-03-21,803.032903,814.005863,801.066701,812.017662,812.017662,4504431
2023-03-22,812.017662,813.740478,793.328224,795.014966,795.014966,6506705
2023-03-23,795.014966,796.223269,794.739796,795.947776,795.947776,4569886
2023-03-24,795.947776,810.900551,794.063661,808.985574,808.985574,6762664
2023-03-27,808.985574,811.073286,791.243379,793.290588,793.290588,3553934
2023-03-28,793.290588,795.720975,776.452064,778.838174,778.838174,6288162
2023-03-29,778.838174,784.144977,762.445303,767.676050,767.676050,4480414
2023-03-30,767.676050,771.614657,760.977897,764.902273,764.902273,5442327
2023-03-31,764.902273,765.839000,752.142365,753.064595,753.064595,4470717
2023-04-03,753.064595,770.925604,749.097110,766.885306,766.885306,5592263
2023-04-04,766.885306,767.737723,741.490756,742.315863,742.315863,5441557
2023-04-05,742.315863,742.426779,733.449161,733.558768,733.558768,3593610
2023-04-06,733.558768,736.127200,727.923060,730.480714,730.480714,7794041
2023-04-07,730.480714,750.583831,725.711827,745.715484,745.715484,10024116
2023-04-10,745.715484,747.696318,722.595121,724.519652,724.519652,4998128
2023-04-11,724.519652,729.413559,717.567265,722.447173,722.447173,4011842
2023-04-12,722.447173,741.951476,722.225175,741.723555,741.723555,4881722
2023-04-13,741.723555,743.281503,739.422367,740.978751,740.978751,4288332
2023-04-14,740.978751,748.233679,740.086497,747.333772,747.333772,6269361
2023-04-17,747.333772,754.506965,742.364453,749.523089,749.523089,4509619
2023-04-18,749.523089,769.064638,746.245155,765.715887,765.715887,6625997
2023-04-19,765.715887,777.888135,765.364301,777.531124,777.531124,4434238
2023-04-20,777.531124,780.199962,774.609599,777.277567,777.277567,8179945
2023-04-21,777.277567,793.228026,775.444114,791.361352,791.361352,3695571
2023-04-24,791.361352,793.850836,786.865182,789.348334,789.348334,7462385
2023-04-25,789.348334,810.487363,785.733272,806.792410,806.792410,6529674
2023-04-26,806.792410,808.962329,806.639686,808.809223,808.809223,8007876
2023-04-27,808.809223,811.987236,795.318072,798.455402,798.455402,9610169
2023-04-28,798.455402,809.399636,796.737054,807.661475,807.661475,4352510
2023-05-01,807.661475,816.662497,802.729669,811.705994,811.705994,7940936
2023-05-02,811.705994,819.022047,808.040593,815.340235,815.340235,4275605
2023-05-03,815.340235,819.900332,812.481764,817.035915,817.035915,5419510
2023-05-04,817.035915,824.406975,814.878215,822.235542,822.235542,6608093
2023-05-05,822.235542,834.875550,816.646215,829.238617,829.238617,4896932
2023-05-08,829.238617,842.271892,828.617351,841.641334,841.641334,6321702
2023-05-09,841.641334,852.234377,839.762905,850.336541,850.336541,5203038
2023-05-10,850.336541,866.300226,848.256264,864.186067,864.186067,6452283
2023-05-11,864.186067,872.439317,862.241769,870.480857,870.480857,8836418
2023-05-12,870.480857,894.644235,868.156831,892.262057,892.262057,8436058
2023-05-15,892.262057,893.019883,878.949020,879.696174,879.696174,4390120
2023-05-16,879.696174,925.407933,875.646315,921.167154,921.167154,6306570
2023-05-17,921.167154,923.572309,916.078459,918.476588,918.476588,5557399
2023-05-18,918.476588,925.703796,914.959665,922.172721,922.172721,7436283
2023-05-19,922.172721,936.795413,916.413296,930.980976,930.980976,8236744
2023-05-22,930.980976,934.371434,920.419144,923.783391,923.783391,9009370
2023-05-23,923.783391,929.079244,905.916382,911.139753,911.139753,5090531
2023-05-24,911.139753,935.144240,909.830364,933.802283,933.802283,4022053
2023-05-25,933.802283,933.966468,910.582643,910.742774,910.742774,10799352
2023-05-26,910.742774,914.132334,891.451632,894.781789,894.781789,10016990
2023-05-29,894.781789,924.722874,886.599718,916.343637,916.343637,3259517
2023-05-30,916.343637,916.891832,877.497706,878.022975,878.022975,6105154
2023-05-31,878.022975,881.753282,869.226961,872.935654,872.935654,7288783
2023-06-01,872.935654,876.045021,835.567776,838.554679,838.554679,5963268
2023-06-02,838.554679,853.641909,836.925527,851.986661,851.986661,5858644
2023-06-05,851.986661,852.286151,838.362559,838.657364,838.657364,9686938
2023-06-06,838.657364,853.933329,835.530637,850.761475,850.761475,13611418
2023-06-07,850.761475,856.330977,847.556190,853.116819,853.116819,7000974
2023-06-08,853.116819,855.802822,852.364637,855.048937,855.048937,2873156
2023-06-09,855.048937,861.963333,840.489716,847.341788,847.341788,6451900
2023-06-12,847.341788,856.389352,840.300409,849.331439,849.331439,4991700
2023-06-13,849.331439,852.597322,840.759135,844.004534,844.004534,7039210
2023-06-14,844.004534,862.133072,841.456803,859.538450,859.538450,4281052
2023-06-15,859.538450,879.836698,858.957862,879.242801,879.242801,3464500
2023-06-16,879.242801,894.356691,876.036864,891.107492,891.107492,4681338
2023-06-19,891.107492,913.715156,888.560677,911.111170,911.111170,8380945
2023-06-20,911.111170,935.840348,910.482974,935.195546,935.195546,3805298
2023-06-21,935.195546,966.781188,933.768433,965.308124,965.308124,12284331
2023-06-22,965.308124,969.450296,963.022356,967.160142,967.160142,4532347
2023-06-23,967.160142,970.256287,961.860802,964.949872,964.949872,7507004
2023-06-26,964.949872,970.981640,952.034930,958.023402,958.023402,6042610
2023-06-27,958.023402,983.721562,953.467674,979.065770,979.065770,9726083
2023-06-28,979.065770,979.552722,962.964147,963.443330,963.443330,4473999
2023-06-29,963.443330,967.127867,950.844030,954.494344,954.494344,3365202
2023-06-30,954.494344,973.826901,952.578205,971.875869,971.875869,7401442
2023-07-03,971.875869,987.113950,971.749989,986.986113,986.986113,7232674
2023-07-04,986.986113,988.228030,940.327555,941.512253,941.512253,6395258
2023-07-05,941.512253,945.382875,933.763069,937.617679,937.617679,6784581
2023-07-06,937.617679,947.636655,931.242257,941.236625,941.236625,11268168
2023-07-07,941.236625,959.536012,936.501767,954.733260,954.733260,6068981
2023-07-10,954.733260,968.845261,947.828102,961.888353,961.888353,10575577
2023-07-11,961.888353,966.771523,934.394196,939.161992,939.161992,7226896
2023-07-12,939.161992,949.658826,936.221981,946.695233,946.695233,4208840
2023-07-13,946.695233,949.838964,921.896354,924.967934,924.967934,7920600
2023-07-14,924.967934,935.487642,922.134910,932.631147,932.631147,7760337
2023-07-17,932.631147,939.770276,928.375761,935.501792,935.501792,6782133
2023-07-18,935.501792,941.517590,914.484178,920.402881,920.402881,3584221
2023-07-19,920.402881,939.098028,917.283271,935.925804,935.925804,5029213
2023-07-20,935.925804,959.519512,933.719176,957.262579,957.262579,10554110
2023-07-21,957.262579,962.032172,950.015874,954.773063,954.773063,4786980
2023-07-24,954.773063,956.650014,928.226132,930.054490,930.054490,9794794
2023-07-25,930.054490,939.420152,915.374453,924.686055,924.686055,4028477
2023-07-26,924.686055,926.878147,923.756847,925.947672,925.947672,5431299
2023-07-27,925.947672,933.482058,913.765241,921.261496,921.261496,12008289
2023-07-28,921.261496,929.220165,898.189943,906.016917,906.016917,6524037
2023-07-31,906.016917,910.857476,885.939513,890.698229,890.698229,11127348
2023-08-01,890.698229,940.020721,883.687330,932.679378,932.679378,5597123
2023-08-02,932.679378,950.195235,931.208301,948.698891,948.698891,5058488
2023-08-03,948.698891,958.805483,948.467844,958.572031,958.572031,9501460
2023-08-04,958.572031,958.934656,957.288980,957.651256,957.651256,4369876
2023-08-07,957.651256,972.944508,956.064303,971.334880,971.334880,3090850
2023-08-08,971.334880,977.508520,966.527449,972.694361,972.694361,3696061
2023-08-09,972.694361,975.943399,960.418501,963.637287,963.637287,6617613
2023-08-10,963.637287,966.755232,951.698848,954.788160,954.788160,9641685
2023-08-11,954.788160,959.106417,940.266272,944.538171,944.538171,4591671
2023-08-14,944.538171,945.193122,923.162857,923.803431,923.803431,6476512
2023-08-15,923.803431,931.875650,919.551925,927.606641,927.606641,10185210
2023-08-16,927.606641,931.340418,908.329116,912.000074,912.000074,8396959
2023-08-17,912.000074,924.677656,900.359774,913.024284,913.024284,6783178
2023-08-18,913.024284,918.123841,908.948257,914.043265,914.043265,6177385
2023-08-21,914.043265,916.295803,913.126149,915.377348,915.377348,4024122
2023-08-22,915.377348,921.174604,879.832336,885.439994,885.439994,9279823
2023-08-23,885.439994,892.324035,883.229463,890.101866,890.101866,3344015
2023-08-24,890.101866,891.243473,887.971854,889.112192,889.112192,4032797
2023-08-25,889.112192,890.838808,875.580689,877.284335,877.284335,2955418
2023-08-28,877.284335,878.536385,870.858282,872.102937,872.102937,6309365
2023-08-29,872.102937,875.809912,862.226636,865.907275,865.907275,4436461
2023-08-30,865.907275,883.076405,863.497365,880.625532,880.625532,8629605
2023-08-31,880.625532,894.523120,880.456407,894.351358,894.351358,4209275
2023-09-01,894.351358,895.492240,879.946182,881.070122,881.070122,5613886
2023-09-04,881.070122,889.589915,880.568277,889.083506,889.083506,4296127
2023-09-05,889.083506,897.076451,882.626219,890.608090,890.608090,3617975
2023-09-06,890.608090,900.753827,889.805906,899.943234,899.943234,8602618
2023-09-07,899.943234,910.231028,897.074634,907.338854,907.338854,7742425
2023-09-08,907.338854,915.282150,904.507830,912.435225,912.435225,7498791
2023-09-11,912.435225,941.350945,901.367416,930.069236,930.069236,8031372
2023-09-12,930.069236,934.428166,926.620101,930.975669,930.975669,3793514
2023-09-13,930.975669,942.533138,928.483548,940.016815,940.016815,5007416
2023-09-14,940.016815,944.802863,924.570801,929.302297,929.302297,4773510
2023-09-15,929.302297,929.765095,920.281185,920.739719,920.739719,5255177
2023-09-18,920.739719,926.986666,905.823770,912.011499,912.011499,4267466
2023-09-19,912.011499,925.369168,909.498822,922.826695,922.826695,2847349
2023-09-20,922.826695,924.903970,919.473180,921.547576,921.547576,1825846
2023-09-21,921.547576,923.671602,911.033344,913.137987,913.137987,7143171
2023-09-22,913.137987,916.281121,907.969985,911.106126,911.106126,7408101
2023-09-25,911.106126,935.773778,908.670603,933.278983,933.278983,11550156
2023-09-26,933.278983,940.812072,931.949587,939.473851,939.473851,8206006
2023-09-27,939.473851,961.905700,935.971039,958.332574,958.332574,5270495
2023-09-28,958.332574,960.221553,931.196458,933.035574,933.035574,13507828
2023-09-29,933.035574,961.536849,932.165717,960.641255,960.641255,10179588
2023-10-02,960.641255,965.197426,956.764555,961.317995,961.317995,4558003
2023-10-03,961.317995,970.333820,958.332987,967.330143,967.330143,6341687
2023-10-04,967.330143,1004.037965,964.057746,1000.652840,1000.652840,3681218
2023-10-05,1000.652840,1002.388605,1000.616522,1002.352226,1002.352226,6704709
2023-10-06,1002.352226,1017.809938,997.399007,1012.805065,1012.805065,8987580
2023-10-09,1012.805065,1014.429364,971.096337,972.656247,972.656247,4770290
2023-10-10,972.656247,975.503005,952.602322,955.398570,955.398570,6244059
2023-10-11,955.398570,957.342826,936.709660,938.619771,938.619771,8641099
2023-10-12,938.619771,952.537690,937.889039,951.796700,951.796700,3230587
2023-10-13,951.796700,960.835375,946.915900,955.933363,955.933363,4682917
2023-10-16,955.933363,968.132569,952.999186,965.170041,965.170041,2940749
2023-10-17,965.170041,965.370414,952.024881,952.222565,952.222565,3089330
2023-10-18,952.222565,953.427444,949.052287,950.254676,950.254676,11448588
2023-10-19,950.254676,969.236825,947.121804,966.051873,966.051873,7038020
2023-10-20,966.051873,966.707268,962.226465,962.879708,962.879708,5353430
2023-10-23,962.879708,966.123072,960.170113,963.411980,963.411980,3813057
2023-10-24,963.411980,966.834139,935.247759,938.581718,938.581718,4352304
2023-10-25,938.581718,939.596411,924.942479,925.943510,925.943510,3714547
2023-10-26,925.943510,943.742938,925.061904,942.845240,942.845240,7013573
2023-10-27,942.845240,949.270410,928.592449,934.963910,934.963910,4191258
2023-10-30,934.963910,936.482953,926.902807,928.411204,928.411204,5277040
2023-10-31,928.411204,932.296431,915.513308,919.360659,919.360659,8330630
2023-11-01,919.360659,920.371470,904.025823,905.020868,905.020868,6320380
2023-11-02,905.020868,905.809888,903.551456,904.339883,904.339883,3541414
2023-11-03,904.339883,906.586616,892.003959,894.225564,894.225564,4699704
2023-11-06,894.225564,898.850858,886.594826,891.204493,891.204493,8090848
2023-11-07,891.204493,900.319456,886.986523,896.078419,896.078419,8796231
2023-11-08,896.078419,901.277924,893.779556,898.971638,898.971638,4244669
2023-11-09,898.971638,901.569299,883.421254,885.981378,885.981378,3767976
2023-11-10,885.981378,888.048551,882.940120,885.005014,885.005014,5057940
2023-11-13,885.005014,906.385224,883.956181,905.312324,905.312324,10859566
2023-11-14,905.312324,909.194645,896.837717,900.700259,900.700259,6544600
2023-11-15,900.700259,905.886797,887.864701,893.006938,893.006938,3517326
2023-11-16,893.006938,896.191922,885.048676,888.216575,888.216575,5318565
2023-11-17,888.216575,911.938434,887.093119,910.786430,910.786430,7982442
2023-11-20,910.786430,914.643008,890.173332,893.958655,893.958655,8859246
2023-11-21,893.958655,910.493762,891.006693,907.497094,907.497094,8205416
2023-11-22,907.497094,921.254837,905.745817,919.480434,919.480434,9661090
2023-11-23,919.480434,920.307205,919.000559,919.827149,919.827149,6511224
2023-11-24,919.827149,922.269136,906.988247,909.402559,909.402559,5457916
2023-11-27,909.402559,911.554714,908.824629,910.975785,910.975785,8643131
2023-11-28,910.975785,914.965651,886.387743,890.286997,890.286997,4720439
2023-11-29,890.286997,897.596525,881.909405,889.210091,889.210091,6380955
2023-11-30,889.210091,891.088026,886.091157,887.966465,887.966465,5058880
2023-12-01,887.966465,889.685537,877.870689,879.573513,879.573513,10461827
2023-12-04,879.573513,896.540799,872.392150,889.280186,889.280186,4321248
2023-12-05,889.280186,890.974487,879.236705,880.915068,880.915068,3238658
2023-12-06,880.915068,898.367550,880.271410,897.711619,897.711619,5353837
2023-12-07,897.711619,899.968927,867.203135,869.389226,869.389226,5356324
2023-12-08,869.389226,875.559256,868.188091,874.351266,874.351266,4166948
2023-12-11,874.351266,888.443875,871.395524,885.450611,885.450611,7463212
2023-12-12,885.450611,886.202572,884.685492,885.437442,885.437442,7214080
2023-12-13,885.437442,886.191999,875.243107,875.989613,875.989613,7099204
2023-12-14,875.989613,885.441421,875.918894,885.369945,885.369945,3823582
2023-12-15,885.369945,889.756894,873.942988,878.294881,878.294881,4872130
2023-12-18,878.294881,882.884118,864.934597,869.477764,869.477764,7307169
2023-12-19,869.477764,877.602878,861.572514,869.695648,869.695648,9325915
2023-12-20,869.695648,888.234452,868.763973,887.283935,887.283935,2652140
2023-12-21,887.283935,900.968084,880.910036,894.542045,894.542045,19414745
2023-12-22,894.542045,898.214920,890.049667,893.719164,893.719164,4964531
2023-12-25,893.719164,903.385386,888.124351,897.765244,897.765244,7771725
2023-12-26,897.765244,899.272265,886.459232,887.949777,887.949777,4360237
2023-12-27,887.949777,895.644717,882.440375,890.121839,890.121839,4478587
2023-12-28,890.121839,915.966609,888.096391,913.887084,913.887084,7081707
2023-12-29,913.887084,921.056233,911.808704,918.966301,918.966301,3262087
2024-01-01,918.966301,923.035720,916.721423,920.786396,920.786396,6500235
2024-01-02,920.786396,922.014126,914.998126,916.219767,916.219767,7589548
2024-01-03,916.219767,924.323515,911.698146,919.784302,919.784302,4162338
2024-01-04,919.784302,961.791584,914.598217,956.399052,956.399052,4468957
2024-01-05,956.399052,959.011041,955.157222,957.767434,957.767434,10485986
2024-01-08,957.767434,963.725009,954.898951,960.847302,960.847302,10513211
2024-01-09,960.847302,964.383627,955.814794,959.345592,959.345592,5021673
2024-01-10,959.345592,964.645028,938.723853,943.938178,943.938178,9915341
2024-01-11,943.938178,965.685212,942.184638,963.894599,963.894599,6815379
2024-01-12,963.894599,968.998910,942.416013,947.433152,947.433152,8459159
2024-01-15,947.433152,948.817707,936.012975,937.382843,937.382843,3992269
2024-01-16,937.382843,951.244456,936.745678,950.598308,950.598308,3027473
2024-01-17,950.598308,960.574158,949.937784,959.907166,959.907166,6497525
2024-01-18,959.907166,961.622361,958.620494,960.335115,960.335115,5928134
2024-01-19,960.335115,968.381648,955.883228,963.913173,963.913173,4796443
2024-01-22,963.913173,967.760501,955.662154,959.491835,959.491835,6052634
2024-01-23,959.491835,963.162114,922.254940,925.796325,925.796325,7342015
2024-01-24,925.796325,925.998440,923.118033,923.319607,923.319607,3184497
2024-01-25,923.319607,932.244120,890.078783,898.765968,898.765968,10957073
2024-01-26,898.765968,900.407415,891.754668,893.386290,893.386290,5287645
2024-01-29,893.386290,913.746146,891.240366,911.556576,911.556576,3194935
2024-01-30,911.556576,914.109136,870.836580,873.281963,873.281963,4670809
2024-01-31,873.281963,874.076788,873.250691,874.045489,874.045489,3981359
2024-02-01,874.045489,875.521177,870.333171,871.805077,871.805077,4975071
2024-02-02,871.805077,887.058899,869.659774,884.881418,884.881418,6851977
2024-02-05,884.881418,887.948501,873.445182,876.483156,876.483156,5915336
2024-02-06,876.483156,897.683505,875.196712,896.367876,896.367876,5229394
2024-02-07,896.367876,909.833789,893.366334,906.797324,906.797324,2719589
2024-02-08,906.797324,909.939975,897.187385,900.307545,900.307545,5832686
2024-02-09,900.307545,904.764113,885.690915,890.096940,890.096940,4374822
2024-02-12,890.096940,890.819491,879.018143,879.732281,879.732281,3339887
2024-02-13,879.732281,882.595455,862.892330,865.709867,865.709867,4880846
2024-02-14,865.709867,884.282907,865.410330,883.977049,883.977049,8192240
2024-02-15,883.977049,888.534808,868.040033,872.538816,872.538816,3001083
2024-02-16,872.538816,888.988186,870.090316,886.500507,886.500507,6077982
2024-02-19,886.500507,888.435137,883.811463,885.744443,885.744443,10588480
2024-02-20,885.744443,919.561739,880.870756,914.529666,914.529666,7617505
2024-02-21,914.529666,919.840709,852.152751,857.130453,857.130453,7030464
2024-02-22,857.130453,873.228931,856.300736,872.384448,872.384448,7176093
2024-02-23,872.384448,875.024464,848.792957,851.369378,851.369378,10557311
2024-02-26,851.369378,853.163667,845.808995,847.595331,847.595331,10245940
2024-02-27,847.595331,853.614240,845.706771,851.716498,851.716498,8728160
2024-02-28,851.716498,853.843831,841.150741,843.256945,843.256945,4753044
2024-02-29,843.256945,848.414066,837.495653,842.649055,842.649055,4588172
2024-03-01,842.649055,842.691984,821.423412,821.465261,821.465261,12017576
2024-03-04,821.465261,827.639468,818.880572,825.043519,825.043519,4787080
2024-03-05,825.043519,832.080028,823.788202,830.815928,830.815928,5436577
2024-03-06,830.815928,832.362423,827.628799,829.172235,829.172235,7038557
2024-03-07,829.172235,831.381162,821.066222,823.259397,823.259397,3555526
2024-03-08,823.259397,831.292679,822.095920,830.119507,830.119507,6427692
2024-03-11,830.119507,842.928134,823.775739,836.535337,836.535337,9120456
2024-03-12,836.535337,838.158427,812.694194,814.274092,814.274092,6650389
2024-03-13,814.274092,814.710915,812.825226,813.261506,813.261506,8004738
2024-03-14,813.261506,826.525175,809.062150,822.279255,822.279255,8685879
2024-03-15,822.279255,860.162768,821.294371,859.133741,859.133741,11488377
2024-03-18,859.133741,862.574153,844.389661,847.784625,847.784625,5986483
2024-03-19,847.784625,853.955729,833.311634,839.421865,839.421865,6494339
2024-03-20,839.421865,840.556285,833.861218,834.989648,834.989648,5840607
2024-03-21,834.989648,844.592802,831.596957,841.174979,841.174979,6435333
2024-03-22,841.174979,842.203561,811.276230,812.269466,812.269466,5983754
2024-03-25,812.269466,812.368304,809.834119,809.932673,809.932673,7503425
2024-03-26,809.932673,810.678505,804.293319,805.034640,805.034640,7805228
2024-03-27,805.034640,807.146754,798.077088,800.176456,800.176456,4234849
2024-03-28,800.176456,801.007542,798.319487,799.149507,799.149507,6961434
2024-03-29,799.149507,799.992916,793.978686,794.817524,794.817524,9573125
2024-04-01,794.817524,797.043699,789.315501,791.532476,791.532476,3919370
2024-04-02,791.532476,791.579241,784.844526,784.890899,784.890899,5637895
2024-04-03,784.890899,787.897946,779.118838,782.115251,782.115251,7266011
2024-04-04,782.115251,801.059630,779.909802,798.807112,798.807112,4088346
2024-04-05,798.807112,799.577572,779.610975,780.363646,780.363646,5211041
2024-04-08,780.363646,782.557484,776.904694,779.094965,779.094965,6248680
2024-04-09,779.094965,784.783669,779.014340,784.702463,784.702463,5348341
2024-04-10,784.702463,803.769603,781.630367,800.635130,800.635130,6482812
2024-04-11,800.635130,823.047254,795.407789,817.708442,817.708442,6672818
2024-04-12,817.708442,822.382750,815.588806,820.256509,820.256509,9779267
2024-04-15,820.256509,824.429489,814.623821,818.789337,818.789337,8360403
2024-04-16,818.789337,825.072895,818.330305,824.610599,824.610599,5357354
2024-04-17,824.610599,834.389828,824.196987,833.971521,833.971521,10617724
2024-04-18,833.971521,836.720882,824.734893,827.462797,827.462797,5888187
2024-04-19,827.462797,830.195677,826.238804,828.969456,828.969456,5479289
2024-04-22,828.969456,841.919609,824.352938,837.256938,837.256938,12060587
2024-04-23,837.256938,839.609419,831.158428,833.500354,833.500354,5645497
2024-04-24,833.500354,846.009454,832.364539,844.858162,844.858162,3975642
2024-04-25,844.858162,858.418187,840.379476,853.891614,853.891614,4810857
2024-04-26,853.891614,855.205144,841.027880,842.323615,842.323615,9547836
2024-04-29,842.323615,873.636595,841.210104,872.483215,872.483215,7074029
2024-04-30,872.483215,875.959796,856.347610,859.773547,859.773547,12976027
2024-05-01,859.773547,860.645481,835.556763,836.404997,836.404997,4948042
2024-05-02,836.404997,864.635714,830.546058,858.621153,858.621153,4200274
2024-05-03,858.621153,859.502666,838.730693,839.592670,839.592670,6299767
2024-05-06,839.592670,842.036432,823.244932,825.648107,825.648107,5711407
2024-05-07,825.648107,843.906642,818.368135,836.530715,836.530715,5642303
2024-05-08,836.530715,843.097653,835.315162,841.874334,841.874334,6785148
2024-05-09,841.874334,850.404530,837.934676,846.443490,846.443490,7015889
2024-05-10,846.443490,849.587467,833.353838,836.460736,836.460736,6977602
2024-05-13,836.460736,839.480377,798.125290,801.016979,801.016979,5239834
2024-05-14,801.016979,805.972562,788.433859,793.341960,793.341960,7838814
2024-05-15,793.341960,809.423101,791.751129,807.803272,807.803272,4312564
2024-05-16,807.803272,807.911851,806.303863,806.412255,806.412255,6993260
2024-05-17,806.412255,813.000920,781.340373,787.776779,787.776779,5889163
2024-05-20,787.776779,804.841403,787.181153,804.233335,804.233335,3425907
2024-05-21,804.233335,811.759450,802.301989,809.814701,809.814701,6656777
2024-05-22,809.814701,819.368376,806.234295,815.761677,815.761677,4538355
2024-05-23,815.761677,820.974725,815.042231,820.251320,820.251320,3867775
2024-05-24,820.251320,820.870318,809.169599,809.780695,809.780695,7061817
2024-05-27,809.780695,811.582832,801.333551,803.120867,803.120867,4420226
2024-05-28,803.120867,837.274656,800.552899,834.606016,834.606016,8603556
2024-05-29,834.606016,840.917998,820.695473,826.949551,826.949551,5855137
2024-05-30,826.949551,847.340441,825.610052,845.970132,845.970132,5771974
2024-05-31,845.970132,853.218948,835.916856,843.141434,843.141434,5497589
2024-06-03,843.141434,852.400890,842.947112,852.204479,852.204479,4053421
2024-06-04,852.204479,854.389137,850.057144,852.241708,852.241708,2685205
2024-06-05,852.241708,853.025681,850.202274,850.985091,850.985091,8178747
2024-06-06,850.985091,851.786458,837.305388,838.094616,838.094616,6413958
2024-06-07,838.094616,856.900870,833.214316,851.939948,851.939948,7834083
2024-06-10,851.939948,865.533773,850.400735,863.972820,863.972820,5969197
2024-06-11,863.972820,865.996271,863.567554,865.590246,865.590246,3328978
2024-06-12,865.590246,902.578082,863.240063,900.134108,900.134108,7337881
2024-06-13,900.134108,901.965236,898.395351,900.226301,900.226301,5942977
2024-06-14,900.226301,910.615170,892.328631,902.695834,902.695834,9958181
2024-06-17,902.695834,909.263508,899.784870,906.340791,906.340791,7755381
2024-06-18,906.340791,911.662335,881.183642,886.388034,886.388034,9710535
2024-06-19,886.388034,893.860948,884.606446,892.067944,892.067944,4611098
2024-06-20,892.067944,894.707336,888.908915,891.546766,891.546766,5001247
2024-06-21,891.546766,892.545750,865.413242,866.384032,866.384032,6903966
2024-06-24,866.384032,872.824312,863.502134,869.930618,869.930618,9156187
2024-06-25,869.930618,889.347193,867.648024,887.019760,887.019760,7815535
2024-06-26,887.019760,889.846209,882.761477,885.583349,885.583349,2960256
2024-06-27,885.583349,886.764169,861.387526,862.537617,862.537617,3788396
2024-06-28,862.537617,866.852557,835.225759,839.425076,839.425076,10360163
2024-07-01,839.425076,847.723972,838.842351,847.135894,847.135894,3366476
2024-07-02,847.135894,848.466734,841.349018,842.672846,842.672846,6400684
2024-07-03,842.672846,843.752337,823.572295,824.628671,824.628671,5199211
2024-07-04,824.628671,825.690193,817.418503,818.472100,818.472100,4350674
2024-07-05,818.472100,822.871016,810.073681,814.450985,814.450985,16545126
2024-07-08,814.450985,814.614669,812.288289,812.451571,812.451571,6366343
2024-07-09,812.451571,820.363390,806.723841,814.620370,814.620370,5848345
2024-07-10,814.620370,844.702282,812.588449,842.600571,842.600571,4770586
2024-07-11,842.600571,852.749787,823.288034,833.325531,833.325531,5877494
2024-07-12,833.325531,835.041658,824.664673,826.366469,826.366469,3945734
2024-07-15,826.366469,828.749050,825.295895,827.676779,827.676779,5359583
2024-07-16,827.676779,830.651831,826.919355,829.892380,829.892380,2830538
2024-07-17,829.892380,835.985177,824.388096,830.477015,830.477015,4344845
2024-07-18,830.477015,854.916771,826.978910,851.330826,851.330826,4629021
2024-07-19,851.330826,851.957732,841.878366,842.498768,842.498768,6294966
2024-07-22,842.498768,843.256608,837.481105,838.235109,838.235109,4322522
2024-07-23,838.235109,840.853301,826.430962,829.020372,829.020372,4222679
2024-07-24,829.020372,831.119898,824.357061,826.450077,826.450077,9646856
2024-07-25,826.450077,826.722155,819.102967,819.372715,819.372715,3868572
2024-07-26,819.372715,821.264991,801.406410,803.261478,803.261478,10246027
2024-07-29,803.261478,807.644738,793.572330,797.926478,797.926478,5995901
2024-07-30,797.926478,803.007691,796.508295,801.583010,801.583010,4107518
2024-07-31,801.583010,823.685607,797.858396,819.875994,819.875994,10434526
2024-08-01,819.875994,827.553757,816.101405,823.761281,823.761281,6657401
2024-08-02,823.761281,832.877228,821.862006,830.961353,830.961353,6017077
2024-08-05,830.961353,834.796635,826.831644,830.665561,830.665561,4443058
2024-08-06,830.665561,835.187294,830.410021,834.930442,834.930442,5699482
2024-08-07,834.930442,839.872054,832.521092,837.455419,837.455419,3635991
2024-08-08,837.455419,848.261150,833.979588,844.755023,844.755023,3818210
2024-08-09,844.755023,872.320436,844.127993,871.673426,871.673426,4073429
2024-08-12,871.673426,877.292363,867.225956,872.838946,872.838946,7051621
2024-08-13,872.838946,877.462840,872.187608,876.808540,876.808540,12876651
2024-08-14,876.808540,880.155868,852.187451,855.453253,855.453253,6079447
2024-08-15,855.453253,880.122163,850.942544,875.505720,875.505720,4499731
2024-08-16,875.505720,880.023825,873.120665,877.632975,877.632975,4893058
2024-08-19,877.632975,894.182941,875.142113,891.652290,891.652290,5075814
2024-08-20,891.652290,899.996194,888.103504,896.428399,896.428399,8822343
2024-08-21,896.428399,899.167711,883.928818,886.638214,886.638214,7000140
2024-08-22,886.638214,887.189490,875.041733,875.586138,875.586138,7505867
2024-08-23,875.586138,875.604056,875.163770,875.181679,875.181679,8151864
2024-08-26,875.181679,894.339657,873.065735,892.182609,892.182609,5363718
2024-08-27,892.182609,902.208409,889.380276,899.383459,899.383459,4640244
2024-08-28,899.383459,914.928175,895.208817,910.701000,910.701000,3519409
2024-08-29,910.701000,925.673864,909.437121,924.390986,924.390986,7211271
2024-08-30,924.390986,930.404903,921.489279,927.493458,927.493458,3792820
2024-09-02,927.493458,935.578300,923.075889,931.143347,931.143347,4264682
2024-09-03,931.143347,934.597315,919.878422,923.303309,923.303309,6071677
2024-09-04,923.303309,924.593009,885.876616,887.115768,887.115768,5090685
2024-09-05,887.115768,902.855667,880.474021,896.146310,896.146310,8052371
2024-09-06,896.146310,904.940772,893.556943,902.333528,902.333528,6485478
2024-09-09,902.333528,907.310728,901.998066,906.973541,906.973541,7415896
2024-09-10,906.973541,923.923795,904.233681,921.141136,921.141136,3580928
2024-09-11,921.141136,939.631692,914.620092,933.026507,933.026507,6728453
2024-09-12,933.026507,972.789826,932.306565,972.039780,972.039780,7532871
2024-09-13,972.039780,982.736779,969.399125,980.074297,980.074297,5107035
2024-09-16,980.074297,986.969940,967.563901,974.419760,974.419760,3716056
2024-09-17,974.419760,978.633157,952.362713,956.498619,956.498619,8248529
2024-09-18,956.498619,960.707514,949.785729,953.983557,953.983557,10001084
2024-09-19,953.983557,970.936707,952.804072,969.737743,969.737743,5330509
2024-09-20,969.737743,973.561569,940.286072,944.008443,944.008443,5515033
2024-09-23,944.008443,963.876421,942.751753,962.594987,962.594987,12442400
2024-09-24,962.594987,963.270700,935.175398,935.832324,935.832324,4939685
2024-09-25,935.832324,945.681437,934.655037,944.493255,944.493255,5943717
2024-09-26,944.493255,965.395248,943.779856,964.666612,964.666612,4612310
2024-09-27,964.666612,970.547729,925.836854,931.515866,931.515866,7777147
2024-09-30,931.515866,934.370270,920.888216,923.718727,923.718727,6419939
2024-10-01,923.718727,924.818649,917.108761,918.202115,918.202115,4021619
2024-10-02,918.202115,918.974430,906.196321,906.959180,906.959180,6666254
2024-10-03,906.959180,917.455503,901.773336,912.239467,912.239467,6291907
2024-10-04,912.239467,916.577744,850.844721,854.910362,854.910362,7247280
2024-10-07,854.910362,869.892800,850.871642,865.802623,865.802623,7469637
2024-10-08,865.802623,883.573818,860.010494,877.702083,877.702083,3686797
2024-10-09,877.702083,882.867863,876.576503,881.737109,881.737109,8770349
2024-10-10,881.737109,950.334865,878.206352,946.544599,946.544599,5801238
2024-10-11,946.544599,948.351284,937.229522,939.021848,939.021848,6923596
2024-10-14,939.021848,947.041825,938.283868,946.298126,946.298126,5413254
2024-10-15,946.298126,948.077886,945.846173,947.625299,947.625299,5964344
2024-10-16,947.625299,948.080804,926.627085,927.072710,927.072710,6996101
2024-10-17,927.072710,929.705934,917.011707,919.623772,919.623772,6857074
2024-10-18,919.623772,939.136370,909.325388,928.735944,928.735944,6257633
2024-10-21,928.735944,933.525141,928.594210,933.382698,933.382698,5010862
2024-10-22,933.382698,953.555566,932.234806,952.384305,952.384305,5753109
2024-10-23,952.384305,952.973974,950.426722,951.015544,951.015544,4948160
2024-10-24,951.015544,960.069985,923.981373,932.862986,932.862986,5585075
2024-10-25,932.862986,935.476990,896.479014,898.998123,898.998123,7395074
2024-10-28,898.998123,931.030403,893.151371,925.014450,925.014450,7635198
2024-10-29,925.014450,927.913381,898.271385,901.095355,901.095355,8981149
2024-10-30,901.095355,903.355605,885.170825,887.396714,887.396714,9265441
2024-10-31,887.396714,889.608308,875.309445,877.496364,877.496364,5008979
2024-11-01,877.496364,884.797647,853.365874,860.525953,860.525953,2954724
2024-11-04,860.525953,862.615134,848.907926,850.973917,850.973917,7386021
2024-11-05,850.973917,855.618995,840.901944,845.517236,845.517236,7025704
2024-11-06,845.517236,848.327756,830.594551,833.364675,833.364675,6136365
2024-11-07,833.364675,837.631707,827.529775,831.788737,831.788737,8047675
2024-11-08,831.788737,844.438441,830.963677,843.601663,843.601663,3043588
2024-11-11,843.601663,854.535451,841.252531,852.162480,852.162480,3974712
2024-11-12,852.162480,855.526920,847.935209,851.296230,851.296230,13305416
2024-11-13,851.296230,852.446466,832.666476,833.793063,833.793063,8781584
2024-11-14,833.793063,835.289551,822.964746,824.444454,824.444454,5047379
2024-11-15,824.444454,826.703412,818.325812,820.574165,820.574165,5509659
2024-11-18,820.574165,821.927241,808.631198,809.966782,809.966782,3689459
2024-11-19,809.966782,832.406518,808.974870,831.388372,831.388372,7691175
2024-11-20,831.388372,836.747372,812.577280,817.849008,817.849008,5425311
2024-11-21,817.849008,818.467449,796.916590,797.519659,797.519659,5542217
2024-11-22,797.519659,824.512624,792.144453,818.992692,818.992692,6596387
2024-11-25,818.992692,825.322281,796.276362,802.478320,802.478320,3378341
2024-11-26,802.478320,817.024082,801.993679,816.530954,816.530954,6177756
2024-11-27,816.530954,823.783402,813.370607,820.607278,820.607278,4414550
2024-11-28,820.607278,846.712255,818.338084,844.377331,844.377331,4574640
2024-11-29,844.377331,846.622241,834.069602,836.293018,836.293018,3830313
2024-12-02,836.293018,837.662271,828.552648,829.911452,829.911452,4339256
2024-12-03,829.911452,845.889603,824.503712,840.413432,840.413432,5694266
2024-12-04,840.413432,847.372904,837.976376,844.922771,844.922771,10386693
2024-12-05,844.922771,868.041002,842.050509,865.100148,865.100148,5086878
2024-12-06,865.100148,866.385649,858.755628,860.033600,860.033600,4861898
2024-12-09,860.033600,862.627981,854.212253,856.796870,856.796870,6321293
2024-12-10,856.796870,876.081796,856.332819,875.607556,875.607556,7923599
2024-12-11,875.607556,876.874607,868.378865,869.637276,869.637276,3620056
2024-12-12,869.637276,873.885094,863.338744,867.576496,867.576496,6038211
2024-12-13,867.576496,882.957865,863.230964,878.557332,878.557332,5807210
2024-12-16,878.557332,902.355183,875.194041,898.913963,898.913963,6953401
2024-12-17,898.913963,903.769521,894.561487,899.414620,899.414620,5969945
2024-12-18,899.414620,902.945199,894.685127,898.210980,898.210980,5648719
2024-12-19,898.210980,903.596262,885.523371,890.864608,890.864608,6410530
2024-12-20,890.864608,893.149797,867.278409,869.508818,869.508818,5531296
2024-12-23,869.508818,877.430672,866.437974,874.342756,874.342756,10358485
2024-12-24,874.342756,893.472053,873.143122,892.247853,892.247853,6875977
2024-12-25,892.247853,900.017372,892.104270,899.872562,899.872562,7857308
2024-12-26,899.872562,905.261945,898.882535,904.267082,904.267082,8581811
2024-12-27,904.267082,924.821722,898.511329,918.972368,918.972368,5196201
2024-12-30,918.972368,922.190433,900.621934,903.786822,903.786822,7291896
2024-12-31,903.786822,961.649120,902.894264,960.700355,960.700355,3987874
