date,open,high,low,close,adjusted_close,volume
2007-01-01,65.000000,65.089883,64.448353,64.537597,64.537597,4379047
2007-01-02,64.537597,64.920605,64.138816,64.521730,64.521730,5132720
2007-01-03,64.521730,67.434404,64.368754,67.274901,67.274901,5020482
2007-01-04,67.274901,69.278136,66.621656,68.611909,68.611909,7959362
2007-01-05,68.611909,68.633885,68.380317,68.402226,68.402226,5225718
2007-01-08,68.402226,71.041636,68.279525,70.914428,70.914428,7021633
2007-01-09,70.914428,71.103169,70.755229,70.943903,70.943903,3542081
2007-01-10,70.943903,71.169790,70.796781,71.022505,71.022505,6212947
2007-01-11,71.022505,71.314411,70.836124,71.127753,71.127753,8019343
2007-01-12,71.127753,71.434225,71.097988,71.404344,71.404344,5534477
2007-01-15,71.404344,71.624069,70.414635,70.631984,70.631984,7094637
2007-01-16,70.631984,71.217234,70.193648,70.777992,70.777992,6324719
2007-01-17,70.777992,71.325675,69.801061,70.345397,70.345397,5774028
2007-01-18,70.345397,70.800208,70.116499,70.570577,70.570577,7911765
2007-01-19,70.570577,70.623052,69.612164,69.663964,69.663964,5620676
2007-01-22,69.663964,69.744916,68.400193,68.479769,68.479769,7527685
2007-01-23,68.479769,68.925602,67.302758,67.743800,67.743800,6799709
2007-01-24,67.743800,68.774582,67.739227,68.769939,68.769939,4055450
2007-01-25,68.769939,69.450985,66.761022,67.428786,67.428786,5805031
2007-01-26,67.428786,67.626231,67.001556,67.198326,67.198326,3721389
2007-01-29,67.198326,68.509145,67.153625,68.463601,68.463601,6937824
2007-01-30,68.463601,68.668788,67.855222,68.059197,68.059197,2565937
2007-01-31,68.059197,68.278101,67.207993,67.424857,67.424857,4920373
2007-02-01,67.424857,67.581878,66.818733,66.974707,66.974707,5417849
2007-02-02,66.974707,67.510697,65.946924,66.478947,66.478947,5376800
2007-02-05,66.478947,66.907751,65.472229,65.897282,65.897282,12235449
2007-02-06,65.897282,66.368440,64.328709,64.791964,64.791964,7636723
2007-02-07,64.791964,65.042482,63.905577,64.153627,64.153627,8703048
2007-02-08,64.153627,64.202223,63.503140,63.551280,63.551280,4865163
2007-02-09,63.551280,64.432169,63.486288,64.366343,64.366343,9110177
2007-02-12,64.366343,65.144466,64.260548,65.037568,65.037568,11770521
2007-02-13,65.037568,65.279486,64.858531,65.100277,65.100277,4174626
2007-02-14,65.100277,65.144328,64.642124,64.685895,64.685895,3436048
2007-02-15,64.685895,65.033981,64.462712,64.810368,64.810368,6122953
2007-02-16,64.810368,64.939630,64.354759,64.483368,64.483368,4593655
2007-02-19,64.483368,66.384729,64.358758,66.256692,66.256692,5364174
2007-02-20,66.256692,67.662531,65.927513,67.328030,67.328030,11171461
2007-02-21,67.328030,67.723976,66.779108,67.174149,67.174149,6530759
2007-02-22,67.174149,68.220099,67.000074,68.043769,68.043769,5593721
2007-02-23,68.043769,68.205588,66.936118,67.095682,67.095682,7998712
2007-02-26,67.095682,67.245373,66.653907,66.802946,66.802946,6692582
2007-02-27,66.802946,67.222070,65.296993,65.709255,65.709255,5620687
2007-02-28,65.709255,65.896303,65.394348,65.581031,65.581031,4603569
2007-03-01,65.581031,67.220881,65.406862,67.042829,67.042829,5448508
2007-03-02,67.042829,68.007924,66.402686,67.364707,67.364707,12590931
2007-03-05,67.364707,67.849259,66.687281,67.170435,67.170435,7771421
2007-03-06,67.170435,67.218473,67.133743,67.181774,67.181774,5495504
2007-03-07,67.181774,67.529480,66.833207,67.180909,67.180909,7156777
2007-03-08,67.180909,68.992239,66.842455,68.646402,68.646402,4593378
2007-03-09,68.646402,68.897850,66.461935,66.706277,66.706277,6412346
2007-03-12,66.706277,66.729088,66.344834,66.367530,66.367530,11510004
2007-03-13,66.367530,66.395546,65.758608,65.786378,65.786378,5128336
2007-03-14,65.786378,66.475736,65.605236,66.293199,66.293199,9912200
2007-03-15,66.293199,66.474380,65.186267,65.364912,65.364912,6385341
2007-03-16,65.364912,65.571414,64.665513,64.870453,64.870453,6117388
2007-03-19,64.870453,65.534017,64.538825,65.200701,65.200701,3669249
2007-03-20,65.200701,65.750802,65.093803,65.643178,65.643178,4782294
2007-03-21,65.643178,66.405034,65.385506,66.145391,66.145391,5869380
2007-03-22,66.145391,66.587379,66.005460,66.446811,66.446811,3751469
2007-03-23,66.446811,66.806865,66.221398,66.580997,66.580997,4965086
2007-03-26,66.580997,68.710903,66.123971,68.242472,68.242472,4604604
2007-03-27,68.242472,69.023556,68.222563,69.003426,69.003426,10072640
2007-03-28,69.003426,69.788031,68.775221,69.557993,69.557993,5554778
2007-03-29,69.557993,70.380595,69.253464,70.073807,70.073807,4546853
2007-03-30,70.073807,71.359880,69.577179,70.857697,70.857697,3999350
2007-04-02,70.857697,71.439166,69.984137,70.563190,70.563190,5450390
2007-04-03,70.563190,70.724174,70.248681,70.409315,70.409315,6470488
2007-04-04,70.409315,70.411770,70.254315,70.256766,70.256766,4426956
2007-04-05,70.256766,70.819762,68.739089,69.294372,69.294372,6136278
2007-04-06,69.294372,69.481235,68.333711,68.518482,68.518482,5849956
2007-04-09,68.518482,69.358741,68.176799,69.014584,69.014584,10882534
2007-04-10,69.014584,69.465294,68.622399,69.072778,69.072778,7981830
2007-04-11,69.072778,70.608584,69.050785,70.586109,70.586109,8136709
2007-04-12,70.586109,71.034171,70.569307,71.017266,71.017266,6864235
2007-04-13,71.017266,71.997954,70.885717,71.864835,71.864835,10039530
2007-04-16,71.864835,72.106261,71.117869,71.357591,71.357591,8335208
2007-04-17,71.357591,71.715331,69.937093,70.289479,70.289479,10676812
2007-04-18,70.289479,71.531567,70.083080,71.322136,71.322136,8219239
2007-04-19,71.322136,73.728412,71.206699,73.609274,73.609274,14701886
2007-04-20,73.609274,74.443364,73.374613,74.206798,74.206798,7293987
2007-04-23,74.206798,76.600869,73.779410,76.162219,76.162219,5589202
2007-04-24,76.162219,76.590034,75.156126,75.580675,75.580675,4512316
2007-04-25,75.580675,75.594113,74.600837,74.614103,74.614103,4606696
2007-04-26,74.614103,74.663825,73.367410,73.416333,73.416333,5046702
2007-04-27,73.416333,73.830805,71.340919,71.745961,71.745961,7953947
2007-04-30,71.745961,71.792774,71.063203,71.109600,71.109600,4841289
2007-05-01,71.109600,71.697537,70.854406,71.441152,71.441152,2872529
2007-05-02,71.441152,72.082350,71.315662,71.955956,71.955956,4501607
2007-05-03,71.955956,72.181442,71.811676,72.036999,72.036999,6286500
2007-05-04,72.036999,72.059662,71.410249,71.432722,71.432722,10037435
2007-05-07,71.432722,71.706065,70.363214,70.633499,70.633499,4013477
2007-05-08,70.633499,70.954299,70.544115,70.864623,70.864623,4687837
2007-05-09,70.864623,70.991335,69.430746,69.555116,69.555116,4258088
2007-05-10,69.555116,69.920217,69.506876,69.871757,69.871757,24080338
2007-05-11,69.871757,71.207069,69.660452,70.992375,70.992375,5207346
2007-05-14,70.992375,71.044717,70.485140,70.537147,70.537147,5803684
2007-05-15,70.537147,71.338300,70.269994,71.069132,71.069132,5987562
2007-05-16,71.069132,71.370269,69.695516,69.992089,69.992089,9017119
2007-05-17,69.992089,70.437582,68.356606,68.794475,68.794475,9832854
2007-05-18,68.794475,71.422758,68.368409,70.983137,70.983137,3953788
2007-05-21,70.983137,72.129934,70.618414,71.761214,71.761214,2675794
2007-05-22,71.761214,71.929546,69.476667,69.640024,69.640024,2887705
2007-05-23,69.640024,69.750515,69.514993,69.625460,69.625460,6154192
2007-05-24,69.625460,69.746717,68.231894,68.350931,68.350931,3067736
2007-05-25,68.350931,70.358828,67.968312,69.967161,69.967161,3800740
2007-05-28,69.967161,69.995902,66.990256,67.017784,67.017784,7322478
2007-05-29,67.017784,67.224734,66.998854,67.205750,67.205750,8859691
2007-05-30,67.205750,67.446614,67.027593,67.268292,67.268292,5284362
2007-05-31,67.268292,67.861592,66.801150,67.393581,67.393581,5510477
2007-06-01,67.393581,67.394526,67.343965,67.344909,67.344909,7180014
2007-06-04,67.344909,69.829006,67.195442,69.674368,69.674368,9473052
2007-06-05,69.674368,69.912107,69.596704,69.834265,69.834265,7151822
2007-06-06,69.834265,69.869168,69.561393,69.596177,69.596177,7313356
2007-06-07,69.596177,70.150674,69.540591,70.094689,70.094689,3355345
2007-06-08,70.094689,70.834671,69.933311,70.671964,70.671964,7144914
2007-06-11,70.671964,71.884959,69.805710,71.014507,71.014507,5651243
2007-06-12,71.014507,71.227818,69.318792,69.527637,69.527637,6880862
2007-06-13,69.527637,70.564333,69.306477,70.340587,70.340587,6150360
2007-06-14,70.340587,73.813526,69.817108,73.268259,73.268259,4231147
2007-06-15,73.268259,73.460038,72.806112,72.997182,72.997182,7710479
2007-06-18,72.997182,73.470857,72.683992,73.156982,73.156982,3575260
2007-06-19,73.156982,75.638655,72.904548,75.378556,75.378556,6043038
2007-06-20,75.378556,75.899916,75.202905,75.723462,75.723462,3816967
2007-06-21,75.723462,75.846648,71.750471,71.867384,71.867384,4158669
2007-06-22,71.867384,72.119055,70.387131,70.634485,70.634485,4255822
2007-06-25,70.634485,71.287005,70.174877,70.826150,70.826150,2478551
2007-06-26,70.826150,70.911829,70.475236,70.560594,70.560594,5896546
2007-06-27,70.560594,70.685582,70.395363,70.520280,70.520280,6520283
2007-06-28,70.520280,70.736028,69.779796,69.993934,69.993934,8192860
2007-06-29,69.993934,70.190474,68.937618,69.131736,69.131736,9439957
2007-07-02,69.131736,69.859112,68.795985,69.521467,69.521467,5586168
2007-07-03,69.521467,69.797663,69.339949,69.615898,69.615898,6642694
2007-07-04,69.615898,70.583729,69.476861,70.443041,70.443041,4341594
2007-07-05,70.443041,71.251781,70.098625,70.905106,70.905106,6460430
2007-07-06,70.905106,73.404176,70.620726,73.110948,73.110948,8260440
2007-07-09,73.110948,73.599590,71.509958,71.991115,71.991115,4141070
2007-07-10,71.991115,72.293737,71.927558,72.229970,72.229970,7862309
2007-07-11,72.229970,72.381820,71.647181,71.798123,71.798123,5444481
2007-07-12,71.798123,71.819852,71.746276,71.767995,71.767995,6436361
2007-07-13,71.767995,72.548083,71.624847,72.403667,72.403667,5717626
2007-07-16,72.403667,72.851195,71.522005,71.966833,71.966833,2750277
2007-07-17,71.966833,72.201412,71.712748,71.947263,71.947263,2874754
2007-07-18,71.947263,72.359081,71.651526,72.062869,72.062869,10251231
2007-07-19,72.062869,72.863369,71.963734,72.763271,72.763271,3925793
2007-07-20,72.763271,73.996413,72.606850,73.837683,73.837683,11510213
2007-07-23,73.837683,75.150582,73.817911,75.130464,75.130464,16859981
2007-07-24,75.130464,75.193028,74.894133,74.956552,74.956552,4690162
2007-07-25,74.956552,76.576524,74.895805,76.514514,76.514514,5321833
2007-07-26,76.514514,77.854693,76.386746,77.724904,77.724904,8030122
2007-07-27,77.724904,79.310934,77.589290,79.172794,79.172794,7466666
2007-07-30,79.172794,79.449516,78.927414,79.204040,79.204040,9678717
2007-07-31,79.204040,79.232346,78.864884,78.893078,78.893078,6362517
2007-08-01,78.893078,79.175212,78.332910,78.614046,78.614046,2886623
2007-08-02,78.614046,81.212730,78.363268,80.954485,80.954485,6448131
2007-08-03,80.954485,81.512353,80.257310,80.814211,80.814211,5163008
2007-08-06,80.814211,81.168199,80.451353,80.805302,80.805302,4029303
2007-08-07,80.805302,82.875707,80.559290,82.624157,82.624157,10937428
2007-08-08,82.624157,82.717677,82.542340,82.635847,82.635847,10068133
2007-08-09,82.635847,83.117005,81.835777,82.315067,82.315067,8079130
2007-08-10,82.315067,82.865610,80.974058,81.519279,81.519279,4198542
2007-08-13,81.519279,82.144613,79.555999,80.170991,80.170991,1889744
2007-08-14,80.170991,80.630460,78.229565,78.680492,78.680492,5678857
2007-08-15,78.680492,78.737093,77.629205,77.685090,77.685090,6294940
2007-08-16,77.685090,78.075160,76.912320,77.300460,77.300460,5286507
2007-08-17,77.300460,77.974299,77.203434,77.876550,77.876550,6738432
2007-08-20,77.876550,77.954055,76.680516,76.756907,76.756907,8439498
2007-08-21,76.756907,77.002254,76.501751,76.747067,76.747067,4947429
2007-08-22,76.747067,77.175542,76.264489,76.692660,76.692660,7013165
2007-08-23,76.692660,76.855034,76.602381,76.764670,76.764670,5140430
2007-08-24,76.764670,77.594264,76.758996,77.588529,77.588529,6841614
2007-08-27,77.588529,77.940134,77.454517,77.805747,77.805747,3869618
2007-08-28,77.805747,79.446196,77.763477,79.403058,79.403058,10038841
2007-08-29,79.403058,79.723186,76.227969,76.536540,76.536540,6000124
2007-08-30,76.536540,78.278706,76.065348,77.799737,77.799737,5966320
2007-08-31,77.799737,78.624343,77.581833,78.404744,78.404744,4888328
2007-09-03,78.404744,78.640722,77.637474,77.871848,77.871848,7925007
2007-09-04,77.871848,78.297308,77.840437,78.265738,78.265738,7314167
2007-09-05,78.265738,78.391919,77.543498,77.668717,77.668717,5852996
2007-09-06,77.668717,78.702107,77.407607,78.438410,78.438410,4181270
2007-09-07,78.438410,79.104123,78.400749,79.066161,79.066161,3705166
2007-09-10,79.066161,79.867447,78.958164,79.758505,79.758505,4710876
2007-09-11,79.758505,80.520913,78.252314,79.007544,79.007544,8335558
2007-09-12,79.007544,79.299524,78.223679,78.513834,78.513834,3138390
2007-09-13,78.513834,79.969688,77.898784,79.348102,79.348102,6250403
2007-09-14,79.348102,81.686841,79.228436,81.563834,81.563834,7375159
2007-09-17,81.563834,82.958308,81.423822,82.816146,82.816146,3485155
2007-09-18,82.816146,83.043856,82.764368,82.991968,82.991968,5223360
2007-09-19,82.991968,83.649371,82.708285,83.364415,83.364415,8478188
2007-09-20,83.364415,84.078014,83.333790,84.047138,84.047138,5588444
2007-09-21,84.047138,84.140588,83.290535,83.383247,83.383247,6347389
2007-09-24,83.383247,83.915304,83.048628,83.579896,83.579896,7713932
2007-09-25,83.579896,83.935254,80.670740,81.015193,81.015193,6627176
2007-09-26,81.015193,81.512538,80.700344,81.196983,81.196983,5153588
2007-09-27,81.196983,82.048272,81.179714,82.030827,82.030827,3959755
2007-09-28,82.030827,83.294083,81.868543,83.129626,83.129626,6294715
2007-10-01,83.129626,83.716398,82.876039,83.461797,83.461797,6986171
2007-10-02,83.461797,83.724908,82.030789,82.290207,82.290207,2691448
2007-10-03,82.290207,82.767460,81.042270,81.515028,81.515028,6104218
2007-10-04,81.515028,81.689896,80.151146,80.323459,80.323459,9378685
2007-10-05,80.323459,80.531882,78.868428,79.073608,79.073608,7310657
2007-10-08,79.073608,79.216619,78.796289,78.939057,78.939057,6237780
2007-10-09,78.939057,82.616517,78.258039,81.909869,81.909869,4800123
2007-10-10,81.909869,83.269236,81.623684,82.979315,82.979315,6601152
2007-10-11,82.979315,83.323092,81.944768,82.285671,82.285671,5882441
2007-10-12,82.285671,82.635794,80.813356,81.158683,81.158683,5984722
2007-10-15,81.158683,81.749515,80.436578,81.026447,81.026447,7198827
2007-10-16,81.026447,81.341790,80.468773,80.783169,80.783169,2605633
2007-10-17,80.783169,81.750724,80.638796,81.604883,81.604883,3006763
2007-10-18,81.604883,81.725224,81.467161,81.587476,81.587476,9533091
2007-10-19,81.587476,82.722936,81.101781,82.233395,82.233395,4596778
2007-10-22,82.233395,82.508176,82.112552,82.387107,82.387107,9771601
2007-10-23,82.387107,82.745570,81.681525,82.038471,82.038471,3446258
2007-10-24,82.038471,82.629531,81.728951,82.318952,82.318952,10552811
2007-10-25,82.318952,82.584823,81.008148,81.270632,81.270632,9725314
2007-10-26,81.270632,81.728301,80.264462,80.719024,80.719024,4104380
2007-10-29,80.719024,81.044598,79.565467,79.887688,79.887688,7939021
2007-10-30,79.887688,80.095955,79.190446,79.397435,79.397435,4923051
2007-10-31,79.397435,79.624517,79.373031,79.600051,79.600051,8438958
2007-11-01,79.600051,81.324081,79.477422,81.198989,81.198989,2140776
2007-11-02,81.198989,81.850574,80.904663,81.554957,81.554957,7805202
2007-11-05,81.554957,82.255028,81.468953,82.168376,82.168376,6031235
2007-11-06,82.168376,82.329295,81.845975,82.006577,82.006577,4328195
2007-11-07,82.006577,82.056458,81.946283,81.996158,81.996158,6038716
2007-11-08,81.996158,84.705407,81.770359,84.472787,84.472787,11941724
2007-11-09,84.472787,84.533672,82.913614,82.973419,82.973419,5653762
2007-11-12,82.973419,83.098286,80.431443,80.552668,80.552668,9893853
2007-11-13,80.552668,80.897139,79.083618,79.423259,79.423259,13288506
2007-11-14,79.423259,79.496118,78.564485,78.636622,78.636622,7236060
2007-11-15,78.636622,79.262385,78.602751,79.228260,79.228260,8740000
2007-11-16,79.228260,80.096431,78.757523,79.623347,79.623347,5332128
2007-11-19,79.623347,79.682124,78.983360,79.041708,79.041708,7937174
2007-11-20,79.041708,79.242877,78.624976,78.825594,78.825594,6268851
2007-11-21,78.825594,79.309854,78.662943,79.146541,79.146541,5761650
2007-11-22,79.146541,79.191155,78.994464,79.039017,79.039017,4728467
2007-11-23,79.039017,79.964766,77.723799,78.644932,78.644932,9431399
2007-11-26,78.644932,79.366878,78.375845,79.096247,79.096247,6696068
2007-11-27,79.096247,80.245319,78.593314,79.738304,79.738304,4083333
2007-11-28,79.738304,80.584370,79.587972,80.432728,80.432728,6574644
2007-11-29,80.432728,80.862078,78.917173,79.340693,79.340693,5255039
2007-11-30,79.340693,79.877098,79.188093,79.723761,79.723761,3452790
2007-12-03,79.723761,80.176345,79.505327,79.957271,79.957271,8497546
2007-12-04,79.957271,81.480472,79.474201,80.991156,80.991156,5133591
2007-12-05,80.991156,82.268039,80.727695,82.001293,82.001293,4610824
2007-12-06,82.001293,82.214954,81.313331,81.525752,81.525752,5297969
2007-12-07,81.525752,84.056570,81.122907,83.643261,83.643261,3539554
2007-12-10,83.643261,84.418264,83.436706,84.210309,84.210309,5399234
2007-12-11,84.210309,84.255920,83.358284,83.403458,83.403458,7609822
2007-12-12,83.403458,83.741515,82.890673,83.228019,83.228019,9228118
2007-12-13,83.228019,83.858049,83.129144,83.758543,83.758543,8243694
2007-12-14,83.758543,84.002150,82.706062,82.947310,82.947310,6397776
2007-12-17,82.947310,83.033201,81.340225,81.424538,81.424538,5994028
2007-12-18,81.424538,82.447645,81.403117,82.425960,82.425960,6212668
2007-12-19,82.425960,84.646536,81.997693,84.209005,84.209005,6507200
2007-12-20,84.209005,84.749864,80.160798,80.678984,80.678984,5324168
2007-12-21,80.678984,81.691073,80.060723,81.069816,81.069816,5634503
2007-12-24,81.069816,81.169021,78.615665,78.711984,78.711984,4421883
2007-12-25,78.711984,79.116819,76.515861,76.911435,76.911435,8032670
2007-12-26,76.911435,78.160975,76.861264,78.110023,78.110023,9395360
2007-12-27,78.110023,78.276295,77.775111,77.941023,77.941023,5324790
2007-12-28,77.941023,78.681003,77.794608,78.533474,78.533474,3760914
2007-12-31,78.533474,78.640801,78.217717,78.324759,78.324759,10987328
2008-01-01,78.324759,79.997290,78.138854,79.807864,79.807864,4035965
2008-01-02,79.807864,80.024037,78.940733,79.155137,79.155137,4788606
2008-01-03,79.155137,79.640036,78.966913,79.451109,79.451109,5610039
2008-01-04,79.451109,82.024170,79.387100,81.958141,81.958141,14762503
2008-01-07,81.958141,81.996191,81.257499,81.295242,81.295242,5425476
2008-01-08,81.295242,81.610034,79.984465,80.295385,80.295385,4284356
2008-01-09,80.295385,81.152754,79.536552,80.392999,80.392999,10943157
2008-01-10,80.392999,80.897746,79.849178,80.353678,80.353678,7005688
2008-01-11,80.353678,80.551113,79.275823,79.471088,79.471088,3559753
2008-01-14,79.471088,80.678050,79.232361,80.436424,80.436424,5153914
2008-01-15,80.436424,81.148338,78.506742,79.207783,79.207783,5272757
2008-01-16,79.207783,81.865240,78.875902,81.523656,81.523656,3317081
2008-01-17,81.523656,81.861869,80.257286,80.591633,80.591633,7837918
2008-01-18,80.591633,80.864236,80.555481,80.827978,80.827978,5984772
2008-01-21,80.827978,80.906103,80.215338,80.292946,80.292946,4618373
2008-01-22,80.292946,82.514799,79.982567,82.197059,82.197059,3844739
2008-01-23,82.197059,82.340453,82.118316,82.261647,82.261647,4642241
2008-01-24,82.261647,82.506532,81.192237,81.434660,81.434660,7307337
2008-01-25,81.434660,81.811232,80.545185,80.919374,80.919374,4159810
2008-01-28,80.919374,82.266543,80.712231,82.056489,82.056489,4422178
2008-01-29,82.056489,82.335011,81.731937,82.010302,82.010302,5141684
2008-01-30,82.010302,82.701873,80.646644,81.332500,81.332500,2913813
2008-01-31,81.332500,81.406111,80.945548,81.018875,81.018875,8447902
2008-02-01,81.018875,81.336063,80.051262,80.365894,80.365894,7702610
2008-02-04,80.365894,82.436096,80.120647,82.185297,82.185297,6741947
2008-02-05,82.185297,82.517519,82.032027,82.363916,82.363916,5800007
2008-02-06,82.363916,82.550376,82.234221,82.420592,82.420592,7013966
2008-02-07,82.420592,83.774057,82.318733,83.670653,83.670653,6786972
2008-02-08,83.670653,84.102443,83.086339,83.517338,83.517338,7149966
2008-02-11,83.517338,83.686834,82.364925,82.532423,82.532423,5189660
2008-02-12,82.532423,82.812904,81.369591,81.647063,81.647063,8739201
2008-02-13,81.647063,82.798526,81.417093,82.565968,82.565968,6208481
2008-02-14,82.565968,83.248008,81.007257,81.681995,81.681995,6140078
2008-02-15,81.681995,81.709943,81.430554,81.458426,81.458426,2976496
2008-02-18,81.458426,84.119818,80.962555,83.610846,83.610846,4866352
2008-02-19,83.610846,83.801247,83.223428,83.413380,83.413380,4943260
2008-02-20,83.413380,85.217046,83.131425,84.929964,84.929964,6925374
2008-02-21,84.929964,85.757581,83.948041,84.774139,84.774139,6922755
2008-02-22,84.774139,85.082750,82.115502,82.415526,82.415526,10082693
2008-02-25,82.415526,83.789817,82.318985,83.691780,83.691780,9020162
2008-02-26,83.691780,83.999214,83.357931,83.665268,83.665268,6129090
2008-02-27,83.665268,83.703118,81.051224,81.087908,81.087908,5591548
2008-02-28,81.087908,82.892612,81.001333,82.804205,82.804205,4007003
2008-02-29,82.804205,82.884439,81.090012,81.168662,81.168662,5029015
2008-03-03,81.168662,82.571248,80.519555,81.916164,81.916164,6073362
2008-03-04,81.916164,82.184800,80.689170,80.954653,80.954653,6067054
2008-03-05,80.954653,83.219181,80.678957,82.936735,82.936735,15987141
2008-03-06,82.936735,83.361697,81.747368,82.168393,82.168393,9523859
2008-03-07,82.168393,82.383615,79.834866,80.044525,80.044525,4939085
2008-03-10,80.044525,81.547031,79.840405,81.339609,81.339609,9891483
2008-03-11,81.339609,81.485006,79.003674,79.145149,79.145149,4132184
2008-03-12,79.145149,80.635013,78.671580,80.155399,80.155399,7789724
2008-03-13,80.155399,80.352314,79.754532,79.950945,79.950945,5372231
2008-03-14,79.950945,79.960392,79.866239,79.875676,79.875676,5593322
2008-03-17,79.875676,80.624764,79.796342,80.544765,80.544765,7165466
2008-03-18,80.544765,81.585068,80.182963,81.220233,81.220233,4474590
2008-03-19,81.220233,82.579419,81.117288,82.474883,82.474883,6676316
2008-03-20,82.474883,84.884154,82.126392,84.526992,84.526992,7016789
2008-03-21,84.526992,84.613805,84.416713,84.503501,84.503501,2931320
2008-03-24,84.503501,86.746869,84.168381,86.404211,86.404211,9293274
2008-03-25,86.404211,86.834566,84.171814,84.593149,84.593149,4425284
2008-03-26,84.593149,84.619483,83.782936,83.809027,83.809027,5967559
2008-03-27,83.809027,84.086770,83.016046,83.292076,83.292076,4653687
2008-03-28,83.292076,83.609869,82.557420,82.873616,82.873616,4317350
2008-03-31,82.873616,83.105617,81.758581,81.988103,81.988103,7040797
2008-04-01,81.988103,82.050559,81.386117,81.448162,81.448162,9163300
2008-04-02,81.448162,81.948918,81.039102,81.539400,81.539400,4096887
2008-04-03,81.539400,81.578277,81.521058,81.559930,81.559930,8708916
2008-04-04,81.559930,81.985327,81.309897,81.734758,81.734758,10158722
2008-04-07,81.734758,82.138629,79.368795,79.762922,79.762922,4717089
2008-04-08,79.762922,81.017621,79.479978,80.731242,80.731242,7944222
2008-04-09,80.731242,81.432010,80.390861,81.090116,81.090116,5704397
2008-04-10,81.090116,81.938033,80.783885,81.629763,81.629763,3533108
2008-04-11,81.629763,82.145694,81.572663,82.088272,82.088272,9887025
2008-04-14,82.088272,83.391378,81.884434,83.184817,83.184817,4867741
2008-04-15,83.184817,83.950366,81.230301,81.984807,81.984807,5655631
2008-04-16,81.984807,82.656274,81.373813,82.044833,82.044833,3648763
2008-04-17,82.044833,82.278365,80.293003,80.522201,80.522201,4226356
2008-04-18,80.522201,81.488462,80.247895,81.211807,81.211807,5016826
2008-04-21,81.211807,81.930995,81.067556,81.785725,81.785725,4174017
2008-04-22,81.785725,82.119430,81.363463,81.696805,81.696805,5675704
2008-04-23,81.696805,82.329985,81.634394,82.267137,82.267137,10453823
2008-04-24,82.267137,82.486331,80.188140,80.402364,80.402364,5361134
2008-04-25,80.402364,80.988163,79.082392,79.662802,79.662802,5276089
2008-04-28,79.662802,81.409443,79.439747,81.182135,81.182135,5101752
2008-04-29,81.182135,81.856834,78.648066,79.307183,79.307183,2762371
2008-04-30,79.307183,80.195822,79.265568,80.153763,80.153763,9138860
2008-05-01,80.153763,82.197768,80.038972,82.080218,82.080218,11538166
2008-05-02,82.080218,84.052469,81.871125,83.838895,83.838895,4116396
2008-05-05,83.838895,84.359654,81.869210,82.380913,82.380913,5927384
2008-05-06,82.380913,83.069801,82.288359,82.976577,82.976577,7433869
2008-05-07,82.976577,84.828622,82.961691,84.813407,84.813407,6983843
2008-05-08,84.813407,85.415474,84.420922,85.022024,85.022024,4156585
2008-05-09,85.022024,85.285826,82.822852,83.080631,83.080631,5140116
2008-05-12,83.080631,84.899845,82.414090,84.224130,84.224130,5271126
2008-05-13,84.224130,85.277457,84.100406,85.152369,85.152369,8217626
2008-05-14,85.152369,86.271485,85.065610,86.183676,86.183676,8202607
2008-05-15,86.183676,86.532595,83.683292,84.023466,84.023466,3391251
2008-05-16,84.023466,84.219970,83.719675,83.915928,83.915928,5387437
2008-05-19,83.915928,84.141352,83.418834,83.643527,83.643527,8920548
2008-05-20,83.643527,83.673035,83.395314,83.424745,83.424745,7534906
2008-05-21,83.424745,83.426269,82.019480,82.020979,82.020979,6343311
2008-05-22,82.020979,82.513505,81.756047,82.247840,82.247840,6263502
2008-05-23,82.247840,82.482047,81.069358,81.300869,81.300869,10289528
2008-05-26,81.300869,81.941296,80.948286,81.587471,81.587471,5876351
2008-05-27,81.587471,81.802684,77.553185,77.758298,77.758298,5823718
2008-05-28,77.758298,78.141203,77.091757,77.473259,77.473259,5853767
2008-05-29,77.473259,77.636969,76.912128,77.074997,77.074997,4786781
2008-05-30,77.074997,77.242408,75.700540,75.865323,75.865323,4083360
2008-06-02,75.865323,76.882751,75.756339,76.772464,76.772464,4596062
2008-06-03,76.772464,77.251424,75.277851,75.750435,75.750435,6707971
2008-06-04,75.750435,78.462107,75.595342,78.301790,78.301790,6071474
2008-06-05,78.301790,79.262794,77.974951,78.933318,78.933318,4577529
2008-06-06,78.933318,78.968658,78.900052,78.935390,78.935390,5074185
2008-06-09,78.935390,79.903654,78.926509,79.894665,79.894665,4499706
2008-06-10,79.894665,80.352507,79.835667,80.293215,80.293215,4007896
2008-06-11,80.293215,81.502449,79.569634,80.774530,80.774530,4061546
2008-06-12,80.774530,83.167742,80.545314,82.932403,82.932403,3812738
2008-06-13,82.932403,85.534239,82.916929,85.518283,85.518283,6759387
2008-06-16,85.518283,85.777584,84.765950,85.023752,85.023752,10408466
2008-06-17,85.023752,85.127162,82.564437,82.664979,82.664979,9384163
2008-06-18,82.664979,82.738031,81.979464,82.051974,82.051974,5700137
2008-06-19,82.051974,82.671249,81.498908,82.117740,82.117740,6354889
2008-06-20,82.117740,82.578118,81.730013,82.190049,82.190049,6573987
2008-06-23,82.190049,82.423254,81.647822,81.880147,81.880147,6556086
2008-06-24,81.880147,83.146314,81.507096,82.769212,82.769212,4977478
2008-06-25,82.769212,82.914888,81.863461,82.007797,82.007797,6622535
2008-06-26,82.007797,82.061165,81.978040,82.031401,82.031401,5906035
2008-06-27,82.031401,82.597927,82.022922,82.589390,82.589390,6671165
2008-06-30,82.589390,87.310493,82.050886,86.744894,86.744894,3034187
2008-07-01,86.744894,86.880568,86.228783,86.363861,86.363861,10241715
2008-07-02,86.363861,87.071609,86.159789,86.866349,86.866349,6009092
2008-07-03,86.866349,86.914651,86.787556,86.835842,86.835842,7871261
2008-07-04,86.835842,87.240338,86.431516,86.836012,86.836012,4773229
2008-07-07,86.836012,87.880081,86.202822,87.243917,87.243917,5059751
2008-07-08,87.243917,87.614170,85.980596,86.347043,86.347043,5322627
2008-07-09,86.347043,87.517190,86.230852,87.399582,87.399582,5208661
2008-07-10,87.399582,87.487065,84.668604,84.753438,84.753438,3883157
2008-07-11,84.753438,84.971274,82.660608,82.873612,82.873612,6323848
2008-07-14,82.873612,83.430099,82.575840,83.131401,83.131401,5530965
2008-07-15,83.131401,83.591275,83.082656,83.542288,83.542288,5344297
2008-07-16,83.542288,83.582228,82.724108,82.763676,82.763676,5264118
2008-07-17,82.763676,82.803026,82.686093,82.725425,82.725425,2930271
2008-07-18,82.725425,82.809707,82.065254,82.148949,82.148949,4041569
2008-07-21,82.148949,83.856804,81.759984,83.461624,83.461624,6561541
2008-07-22,83.461624,85.344006,83.232855,85.110717,85.110717,5004075
2008-07-23,85.110717,85.644250,82.791501,83.313770,83.313770,13882808
2008-07-24,83.313770,83.504638,83.071107,83.261856,83.261856,5574908
2008-07-25,83.261856,85.117293,83.070370,84.921990,84.921990,5950270
2008-07-28,84.921990,85.076360,84.563015,84.717013,84.717013,5565721
2008-07-29,84.717013,84.836324,81.654795,81.769956,81.769956,5465881
2008-07-30,81.769956,82.156681,81.079002,81.464282,81.464282,4831681
2008-07-31,81.464282,83.437036,81.084148,83.049506,83.049506,6506667
2008-08-01,83.049506,83.955732,81.453359,82.351974,82.351974,7601631
2008-08-04,82.351974,82.660979,81.876385,82.184763,82.184763,5829733
2008-08-05,82.184763,82.480746,80.702998,80.994696,80.994696,5703145
2008-08-06,80.994696,81.437239,80.708389,81.150382,81.150382,5104286
2008-08-07,81.150382,83.644445,81.104335,83.597010,83.597010,3941413
2008-08-08,83.597010,83.724202,83.124709,83.251375,83.251375,7160318
2008-08-11,83.251375,84.397517,83.017199,84.160783,84.160783,6467292
2008-08-12,84.160783,84.670673,82.259439,82.760848,82.760848,4965150
2008-08-13,82.760848,82.767778,81.473511,81.480333,81.480333,9527918
2008-08-14,81.480333,83.106999,81.136655,82.757931,82.757931,4357929
2008-08-15,82.757931,85.378021,82.338989,84.947992,84.947992,11673654
2008-08-18,84.947992,85.964464,84.211171,85.225238,85.225238,6049321
2008-08-19,85.225238,85.770117,84.179324,84.720979,84.720979,4221805
2008-08-20,84.720979,85.005717,84.332031,84.616417,84.616417,4920888
2008-08-21,84.616417,85.534825,84.454205,85.371166,85.371166,6117922
2008-08-22,85.371166,87.304863,85.161839,87.091318,87.091318,4569666
2008-08-25,87.091318,87.384090,85.209812,85.497225,85.497225,5221005
2008-08-26,85.497225,86.579895,85.071014,86.150428,86.150428,7064430
2008-08-27,86.150428,86.533417,84.764706,85.143218,85.143218,4684765
2008-08-28,85.143218,85.649421,82.358111,82.850684,82.850684,3374122
2008-08-29,82.850684,83.145169,81.692987,81.984393,81.984393,6623853
2008-09-01,81.984393,82.570949,81.683286,82.268798,82.268798,7857442
2008-09-02,82.268798,83.099132,81.660562,82.489267,82.489267,5149654
2008-09-03,82.489267,82.744040,81.568552,81.821262,81.821262,3378607
2008-09-04,81.821262,81.963608,80.818689,80.959537,80.959537,9371921
2008-09-05,80.959537,81.535719,78.981546,79.547680,79.547680,6961034
2008-09-08,79.547680,79.719652,77.563617,77.731662,77.731662,7172778
2008-09-09,77.731662,78.497723,76.149536,76.907475,76.907475,5178094
2008-09-10,76.907475,78.925783,76.899165,78.917257,78.917257,4441234
2008-09-11,78.917257,80.314131,78.261613,79.652381,79.652381,8011621
2008-09-12,79.652381,79.719107,79.421192,79.487781,79.487781,2670907
2008-09-15,79.487781,83.449346,78.974260,82.913694,82.913694,3758756
2008-09-16,82.913694,84.067427,82.772060,83.924068,83.924068,5304645
2008-09-17,83.924068,84.349679,81.728049,82.144637,82.144637,5770558
2008-09-18,82.144637,82.556500,81.067825,81.476337,81.476337,7357866
2008-09-19,81.476337,81.576680,80.068346,80.167077,80.167077,4121774
2008-09-22,80.167077,80.364012,79.790478,79.986971,79.986971,9096100
2008-09-23,79.986971,80.262396,78.824965,79.097326,79.097326,6729512
2008-09-24,79.097326,79.423829,78.974521,79.300708,79.300708,4956813
2008-09-25,79.300708,79.376745,78.252379,78.327483,78.327483,5606780
2008-09-26,78.327483,79.520814,78.109776,79.300404,79.300404,4682888
2008-09-29,79.300404,79.728497,79.275896,79.703865,79.703865,5025882
2008-09-30,79.703865,80.165314,77.382191,77.832808,77.832808,8365947
2008-10-01,77.832808,79.862523,77.697056,79.723474,79.723474,7324245
2008-10-02,79.723474,80.307553,79.045220,79.628605,79.628605,2999690
2008-10-03,79.628605,79.765407,78.741954,78.877465,78.877465,7689425
2008-10-06,78.877465,79.005386,76.783224,76.907950,76.907950,6142977
2008-10-07,76.907950,76.939193,76.471947,76.503025,76.503025,5973133
2008-10-08,76.503025,76.813899,74.232932,74.535813,74.535813,10237236
2008-10-09,74.535813,74.930725,73.465815,73.857131,73.857131,7482645
2008-10-10,73.857131,74.133144,73.112815,73.387072,73.387072,6693183
2008-10-13,73.387072,73.565033,73.238094,73.415997,73.415997,10135926
2008-10-14,73.415997,75.540278,73.125267,75.242316,75.242316,5866318
2008-10-15,75.242316,75.465173,73.522010,73.740418,73.740418,5893247
2008-10-16,73.740418,74.061693,73.046656,73.366301,73.366301,7468758
2008-10-17,73.366301,74.493835,73.231458,74.357171,74.357171,2479198
2008-10-20,74.357171,74.546230,74.115363,74.304288,74.304288,6574310
2008-10-21,74.304288,74.347136,72.874408,72.916456,72.916456,7704949
2008-10-22,72.916456,73.016840,71.850032,71.949084,71.949084,4072065
2008-10-23,71.949084,72.373780,71.087010,71.509109,71.509109,4609301
2008-10-24,71.509109,72.032642,71.485281,72.008647,72.008647,6011053
2008-10-27,72.008647,72.065178,69.896898,69.951813,69.951813,6815085
2008-10-28,69.951813,71.424354,69.706314,71.174564,71.174564,8542775
2008-10-29,71.174564,71.944134,70.585365,71.353453,71.353453,9545690
2008-10-30,71.353453,73.188421,71.281316,73.114503,73.114503,4529673
2008-10-31,73.114503,73.568365,71.778787,72.227141,72.227141,3249757
2008-11-03,72.227141,72.495020,72.155096,72.422781,72.422781,7883111
2008-11-04,72.422781,72.546723,71.906217,72.029486,72.029486,5666479
2008-11-05,72.029486,72.388643,71.403041,71.760858,71.760858,7380216
2008-11-06,71.760858,72.265486,71.354549,71.858623,71.858623,10437972
2008-11-07,71.858623,71.987974,70.796623,70.924292,70.924292,6630945
2008-11-10,70.924292,72.912697,70.312485,72.289117,72.289117,6062612
2008-11-11,72.289117,73.752570,72.259064,73.721921,73.721921,11434608
2008-11-12,73.721921,74.335880,73.415437,74.028123,74.028123,7010366
2008-11-13,74.028123,74.154227,71.597785,71.719958,71.719958,5636262
2008-11-14,71.719958,72.036508,70.450577,70.762903,70.762903,3528865
2008-11-17,70.762903,70.806046,70.647338,70.690437,70.690437,5134888
2008-11-18,70.690437,70.856188,68.773560,68.935195,68.935195,3785472
2008-11-19,68.935195,69.641798,68.467373,69.172367,69.172367,9808188
2008-11-20,69.172367,69.317061,68.331011,68.474245,68.474245,3724967
2008-11-21,68.474245,69.150961,68.185538,68.860625,68.860625,7103617
2008-11-24,68.860625,72.249114,68.596550,71.973104,71.973104,6040500
2008-11-25,71.973104,72.174715,71.413012,71.613616,71.613616,2842961
2008-11-26,71.613616,72.826544,70.750327,71.959091,71.959091,7519866
2008-11-27,71.959091,72.236181,71.367951,71.643828,71.643828,5374767
2008-11-28,71.643828,72.236872,69.292979,69.871351,69.871351,3647389
2008-12-01,69.871351,70.997727,69.865098,70.991374,70.991374,6291578
2008-12-02,70.991374,71.051758,69.945861,70.005407,70.005407,17805223
2008-12-03,70.005407,70.515031,69.997808,70.507378,70.507378,12386830
2008-12-04,70.507378,70.667655,70.083281,70.242958,70.242958,6772991
2008-12-05,70.242958,70.285478,68.294278,68.335644,68.335644,4662674
2008-12-08,68.335644,68.420203,67.682211,67.766066,67.766066,5588529
2008-12-09,67.766066,67.769256,67.452624,67.455799,67.455799,6387920
2008-12-10,67.455799,69.589618,67.206714,69.333599,69.333599,6648593
2008-12-11,69.333599,69.385857,67.825087,67.876247,67.876247,5272212
2008-12-12,67.876247,68.109560,67.045386,67.276639,67.276639,6953321
2008-12-15,67.276639,68.892274,67.143108,68.755808,68.755808,11590299
2008-12-16,68.755808,69.073529,68.755040,69.072756,69.072756,7527294
2008-12-17,69.072756,70.083952,68.352437,69.360631,69.360631,5949908
2008-12-18,69.360631,69.565107,68.765106,68.968426,68.968426,9601405
2008-12-19,68.968426,71.773502,68.711892,71.507523,71.507523,2912155
2008-12-22,71.507523,72.681234,71.132970,72.302517,72.302517,9132568
2008-12-23,72.302517,72.732075,72.179873,72.608911,72.608911,9100790
2008-12-24,72.608911,72.741437,72.265275,72.397415,72.397415,6620933
2008-12-25,72.397415,72.598596,71.567595,71.767024,71.767024,9577874
2008-12-26,71.767024,71.954881,70.610385,70.795699,70.795699,3299866
2008-12-29,70.795699,71.843657,70.792956,71.840873,71.840873,12053439
2008-12-30,71.840873,71.929754,71.156275,71.244418,71.244418,2880289
2008-12-31,71.244418,71.535314,71.170226,71.460897,71.460897,3418353
2009-01-01,71.460897,71.642961,70.211950,70.391289,70.391289,9046446
2009-01-02,70.391289,70.430359,69.787577,69.826333,69.826333,6941272
2009-01-05,69.826333,69.830876,68.619742,68.624206,68.624206,3896303
2009-01-06,68.624206,69.144665,68.342800,68.862283,68.862283,4449712
2009-01-07,68.862283,68.912715,68.643282,68.693590,68.693590,10110388
2009-01-08,68.693590,69.983490,68.195734,69.479935,69.479935,2928153
2009-01-09,69.479935,69.774870,69.403195,69.697889,69.697889,8694641
2009-01-12,69.697889,70.024260,69.563463,69.889465,69.889465,5357519
2009-01-13,69.889465,69.898689,69.243937,69.253077,69.253077,6111724
2009-01-14,69.253077,69.921295,69.227898,69.895882,69.895882,5824096
2009-01-15,69.895882,70.960885,69.038188,70.100677,70.100677,5153339
2009-01-16,70.100677,70.690267,69.822926,70.411284,70.411284,7413575
2009-01-19,70.411284,70.842250,70.167954,70.598274,70.598274,3602244
2009-01-20,70.598274,70.655188,70.141580,70.198171,70.198171,9145534
2009-01-21,70.198171,70.956527,69.769042,70.525398,70.525398,5491875
2009-01-22,70.525398,70.572053,69.649825,69.695932,69.695932,4713083
2009-01-23,69.695932,70.876521,69.659555,70.839546,70.839546,6378007
2009-01-26,70.839546,72.607691,70.749641,72.515659,72.515659,8597561
2009-01-27,72.515659,73.787305,72.316882,73.585594,73.585594,4947382
2009-01-28,73.585594,73.946208,73.026868,73.386506,73.386506,6865614
2009-01-29,73.386506,75.888128,73.248376,75.745558,75.745558,4244646
2009-01-30,75.745558,76.633192,75.673123,76.559978,76.559978,8513822
2009-02-02,76.559978,76.667735,76.537386,76.645118,76.645118,5315496
2009-02-03,76.645118,76.763320,76.438454,76.556520,76.556520,9175845
2009-02-04,76.556520,78.483165,76.470896,78.395484,78.395484,5941322
2009-02-05,78.395484,78.980447,78.395335,78.980296,78.980296,5219960
2009-02-06,78.980296,79.004074,77.921448,77.944914,77.944914,6254776
2009-02-09,77.944914,78.543755,77.628746,78.226446,78.226446,4370866
2009-02-10,78.226446,78.413900,76.293737,76.476998,76.476998,5440495
2009-02-11,76.476998,77.631248,76.428942,77.582497,77.582497,6013064
2009-02-12,77.582497,79.093176,77.372665,78.879835,78.879835,3970208
2009-02-13,78.879835,79.017546,77.877676,78.013875,78.013875,12662424
2009-02-16,78.013875,78.917027,77.779817,78.680968,78.680968,5654146
2009-02-17,78.680968,80.318774,78.061665,79.691517,79.691517,8932311
2009-02-18,79.691517,82.085264,79.680402,82.073817,82.073817,9990914
2009-02-19,82.073817,82.391942,80.794238,81.108621,81.108621,8390289
2009-02-20,81.108621,81.619644,79.787489,80.293375,80.293375,4339611
2009-02-23,80.293375,81.220469,80.192650,81.118709,81.118709,7751137
2009-02-24,81.118709,82.535510,80.781203,82.193533,82.193533,9155837
2009-02-25,82.193533,82.808254,79.179378,79.776018,79.776018,7825176
2009-02-26,79.776018,79.951040,78.235970,78.407991,78.407991,6664985
2009-02-27,78.407991,78.438528,77.077715,77.107746,77.107746,6479681
2009-03-02,77.107746,77.555428,75.893402,76.336606,76.336606,8977364
2009-03-03,76.336606,77.421866,75.823603,76.905043,76.905043,7951806
2009-03-04,76.905043,77.274191,75.592525,75.957122,75.957122,5134443
2009-03-05,75.957122,76.492394,74.557068,75.086203,75.086203,3005956
2009-03-06,75.086203,76.513136,74.876178,76.299716,76.299716,4704889
2009-03-09,76.299716,76.491718,75.699700,75.890672,75.890672,4785235
2009-03-10,75.890672,76.899000,75.705788,76.712114,76.712114,5010828
2009-03-11,76.712114,77.073949,75.726139,76.085015,76.085015,5343863
2009-03-12,76.085015,76.878329,74.464302,75.248898,75.248898,3646530
2009-03-13,75.248898,75.334842,73.742070,73.826390,73.826390,3463083
2009-03-16,73.826390,74.809536,73.503175,74.483444,74.483444,5828497
2009-03-17,74.483444,74.975224,73.500848,73.989365,73.989365,7030154
2009-03-18,73.989365,75.404334,73.972337,75.386985,75.386985,3774147
2009-03-19,75.386985,76.178680,75.335945,76.127140,76.127140,10016172
2009-03-20,76.127140,77.196594,75.994447,77.062271,77.062271,6486749
2009-03-23,77.062271,77.078720,76.828341,76.844743,76.844743,4087589
2009-03-24,76.844743,77.025042,76.573302,76.753387,76.753387,5943762
2009-03-25,76.753387,77.232387,75.905782,76.382468,76.382468,5307854
2009-03-26,76.382468,76.665423,74.522069,74.799158,74.799158,9617223
2009-03-27,74.799158,75.867381,74.624889,75.691034,75.691034,3606842
2009-03-30,75.691034,76.166687,74.978338,75.452492,75.452492,4384079
2009-03-31,75.452492,75.457748,74.666410,74.671612,74.671612,6129511
2009-04-01,74.671612,74.769467,74.194721,74.292079,74.292079,10316596
2009-04-02,74.292079,74.652538,73.456174,73.814316,73.814316,3423218
2009-04-03,73.814316,74.057106,72.643097,72.882824,72.882824,8451940
2009-04-06,72.882824,73.288788,71.662487,72.063890,72.063890,8277243
2009-04-07,72.063890,72.220609,71.589290,71.745316,71.745316,5443716
2009-04-08,71.745316,72.592279,71.680289,72.526543,72.526543,4422461
2009-04-09,72.526543,72.877484,72.445919,72.796559,72.796559,6074659
2009-04-10,72.796559,73.176463,72.351021,72.730580,72.730580,6411402
2009-04-13,72.730580,73.126781,72.469131,72.864849,72.864849,7843980
2009-04-14,72.864849,73.142507,71.494986,71.768467,71.768467,4624464
2009-04-15,71.768467,73.037438,71.593118,72.859424,72.859424,6869446
2009-04-16,72.859424,73.667755,72.518047,73.324200,73.324200,8386937
2009-04-17,73.324200,75.728299,73.057474,75.453826,75.453826,7543870
2009-04-20,75.453826,75.517505,74.447770,74.510653,74.510653,7613528
2009-04-21,74.510653,74.665952,74.189489,74.344441,74.344441,8760136
2009-04-22,74.344441,74.728953,73.858114,74.242097,74.242097,6890593
2009-04-23,74.242097,75.261001,74.184005,75.202158,75.202158,4453793
2009-04-24,75.202158,75.335335,74.232242,74.363935,74.363935,4547467
2009-04-27,74.363935,74.575380,73.771434,73.981793,73.981793,6295445
2009-04-28,73.981793,74.030408,72.963272,73.011249,73.011249,6331300
2009-04-29,73.011249,73.506979,72.885045,73.380137,73.380137,7412161
2009-04-30,73.380137,75.213685,73.113641,74.941519,74.941519,6857011
2009-05-01,74.941519,75.281549,73.250495,73.584367,73.584367,5198427
2009-05-04,73.584367,73.601216,73.096615,73.113356,73.113356,4374354
2009-05-05,73.113356,73.744137,72.854641,73.484110,73.484110,8497376
2009-05-06,73.484110,74.805327,73.196389,74.513575,74.513575,11006117
2009-05-07,74.513575,74.893405,73.382468,73.758449,73.758449,3796958
2009-05-08,73.758449,74.314932,73.013593,73.568644,73.568644,6364638
2009-05-11,73.568644,73.862909,70.851276,71.135809,71.135809,4397472
2009-05-12,71.135809,71.327385,69.884461,70.073175,70.073175,6347266
2009-05-13,70.073175,72.365923,69.811488,72.096680,72.096680,7458159
2009-05-14,72.096680,72.402613,70.491178,70.791573,70.791573,5696336
2009-05-15,70.791573,71.303842,70.587427,71.098810,71.098810,4348653
2009-05-18,71.098810,71.143581,70.657092,70.701613,70.701613,4514765
2009-05-19,70.701613,70.757532,70.291748,70.347387,70.347387,10536988
2009-05-20,70.347387,70.435851,70.206637,70.295035,70.295035,3708744
2009-05-21,70.295035,71.082606,70.031047,70.816659,70.816659,4125429
2009-05-22,70.816659,70.927438,70.183430,70.293391,70.293391,4978129
2009-05-25,70.293391,70.766662,68.904189,69.371252,69.371252,9680221
2009-05-26,69.371252,69.893681,68.440058,68.959386,68.959386,4272830
2009-05-27,68.959386,69.250232,68.915096,69.205784,69.205784,3478582
2009-05-28,69.205784,69.954506,68.841275,69.587984,69.587984,12889612
2009-05-29,69.587984,69.970153,67.303179,67.674841,67.674841,5865221
2009-06-01,67.674841,67.715065,67.589069,67.629266,67.629266,9413583
2009-06-02,67.629266,67.911049,65.720779,65.995755,65.995755,3366541
2009-06-03,65.995755,67.267181,65.676904,66.943750,66.943750,5249585
2009-06-04,66.943750,68.463029,66.539427,68.052013,68.052013,8695585
2009-06-05,68.052013,68.684539,67.193358,67.823763,67.823763,5537501
2009-06-08,67.823763,68.239199,67.203692,67.617866,67.617866,4193985
2009-06-09,67.617866,68.058142,67.124934,67.564864,67.564864,3001421
2009-06-10,67.564864,68.369703,67.395439,68.198688,68.198688,5674552
2009-06-11,68.198688,68.489472,67.942631,68.233285,68.233285,19839058
2009-06-12,68.233285,68.532138,67.453361,67.750098,67.750098,10710432
2009-06-15,67.750098,67.860003,67.639711,67.749616,67.749616,6154929
2009-06-16,67.749616,67.981836,67.700349,67.932436,67.932436,4391740
2009-06-17,67.932436,67.986174,66.382098,66.434650,66.434650,9059255
2009-06-18,66.434650,67.039749,65.476138,66.077988,66.077988,5999852
2009-06-19,66.077988,66.195058,65.981982,66.099022,66.099022,7518932
2009-06-22,66.099022,66.240401,65.322147,65.462164,65.462164,5592719
2009-06-23,65.462164,67.488008,65.244366,67.264214,67.264214,6062785
2009-06-24,67.264214,67.793485,65.305372,65.823305,65.823305,11150810
2009-06-25,65.823305,66.392599,65.717450,66.286000,66.286000,3673141
2009-06-26,66.286000,66.376105,65.870074,65.959735,65.959735,3976752
2009-06-29,65.959735,66.183466,64.270224,64.488966,64.488966,6500782
2009-06-30,64.488966,64.561018,64.228441,64.300282,64.300282,4526890
2009-07-01,64.300282,64.922330,63.660152,64.282024,64.282024,11543879
2009-07-02,64.282024,64.775246,63.896821,64.389400,64.389400,3501936
2009-07-03,64.389400,65.689970,64.252408,65.550508,65.550508,6610807
2009-07-06,65.550508,65.606423,64.527419,64.582508,64.582508,3842517
2009-07-07,64.582508,65.547396,64.461567,65.424877,65.424877,3347671
2009-07-08,65.424877,65.605343,65.363361,65.543715,65.543715,3408728
2009-07-09,65.543715,66.306155,65.494113,66.256014,66.256014,5110145
2009-07-10,66.256014,67.043309,65.863861,66.648831,66.648831,9090424
2009-07-13,66.648831,68.374872,66.495200,68.217624,68.217624,11706663
2009-07-14,68.217624,68.580249,67.380134,67.740221,67.740221,5275669
2009-07-15,67.740221,68.196268,65.616016,66.060756,66.060756,4994094
2009-07-16,66.060756,66.629617,65.330922,65.898385,65.898385,4648816
2009-07-17,65.898385,66.236812,65.344971,65.682289,65.682289,3635810
2009-07-20,65.682289,66.050165,65.617304,65.984880,65.984880,7865719
2009-07-21,65.984880,66.710300,65.176968,65.901471,65.901471,6925383
2009-07-22,65.901471,65.991008,65.071378,65.159908,65.159908,6511887
2009-07-23,65.159908,65.425715,64.929643,65.195324,65.195324,4268791
2009-07-24,65.195324,65.796602,65.095163,65.695672,65.695672,4997416
2009-07-27,65.695672,66.172033,64.939323,65.413638,65.413638,9683453
2009-07-28,65.413638,66.429552,65.053591,66.065915,66.065915,4283168
2009-07-29,66.065915,66.455741,65.882721,66.271975,66.271975,7825398
2009-07-30,66.271975,66.507360,65.935081,66.170104,66.170104,4347109
2009-07-31,66.170104,67.295064,65.547838,66.668115,66.668115,8742139
2009-08-03,66.668115,69.190400,66.478013,68.993667,68.993667,4697179
2009-08-04,68.993667,70.155786,68.697143,69.855558,69.855558,6935262
2009-08-05,69.855558,71.457678,69.595201,71.192339,71.192339,7062757
2009-08-06,71.192339,71.279365,70.640278,70.726735,70.726735,4506013
2009-08-07,70.726735,71.633788,68.791478,69.685174,69.685174,9138044
2009-08-10,69.685174,70.061736,68.061350,68.431135,68.431135,15789712
2009-08-11,68.431135,68.900625,67.322722,67.787798,67.787798,10785643
2009-08-12,67.787798,67.842356,67.517550,67.571934,67.571934,4438651
2009-08-13,67.571934,69.292676,67.361339,69.077388,69.077388,14412417
2009-08-14,69.077388,69.315841,68.669321,68.907186,68.907186,7144591
2009-08-17,68.907186,69.468653,67.786987,68.343864,68.343864,6644099
2009-08-18,68.343864,69.318799,68.327127,69.301828,69.301828,8663892
2009-08-19,69.301828,71.029483,69.139181,70.863172,70.863172,5291553
2009-08-20,70.863172,71.328283,70.633568,71.097919,71.097919,10964154
2009-08-21,71.097919,74.029600,70.350149,73.259099,73.259099,6373106
2009-08-24,73.259099,73.407267,72.926973,73.074768,73.074768,5552948
2009-08-25,73.074768,73.408994,72.774455,73.108542,73.108542,9276406
2009-08-26,73.108542,73.136619,71.927884,71.955518,71.955518,6928114
2009-08-27,71.955518,73.694031,71.476482,73.206666,73.206666,5842835
2009-08-28,73.206666,73.442198,71.789570,72.021289,72.021289,8408058
2009-08-31,72.021289,72.456655,72.020841,72.456204,72.456204,9652533
2009-09-01,72.456204,72.770050,72.278950,72.592463,72.592463,6394607
2009-09-02,72.592463,72.962814,71.930589,72.299444,72.299444,6811102
2009-09-03,72.299444,72.492275,71.466755,71.657875,71.657875,4098245
2009-09-04,71.657875,72.294764,70.944845,71.581051,71.581051,8499403
2009-09-07,71.581051,71.581090,69.735953,69.735990,69.735990,7118465
2009-09-08,69.735990,70.109598,69.566251,69.939364,69.939364,8344234
2009-09-09,69.939364,70.532804,69.871434,70.464364,70.464364,3924440
2009-09-10,70.464364,70.519651,69.993186,70.048146,70.048146,2547526
2009-09-11,70.048146,70.150305,69.412557,69.513937,69.513937,7268509
2009-09-14,69.513937,71.343749,69.165181,70.987600,70.987600,5984489
2009-09-15,70.987600,72.114957,70.976578,72.103761,72.103761,4556854
2009-09-16,72.103761,72.364719,71.960959,72.221683,72.221683,6468582
2009-09-17,72.221683,72.298624,71.791923,71.868488,71.868488,3446832
2009-09-18,71.868488,73.478089,71.339803,72.941511,72.941511,3606370
2009-09-21,72.941511,73.020041,72.408126,72.486166,72.486166,3152824
2009-09-22,72.486166,73.190880,71.616102,72.319193,72.319193,4317971
2009-09-23,72.319193,75.346531,72.145402,75.165899,75.165899,5577625
2009-09-24,75.165899,75.527224,74.679518,75.040240,75.040240,10808940
2009-09-25,75.040240,75.469018,73.148495,73.568866,73.568866,3739536
2009-09-28,73.568866,76.156196,73.484384,76.068843,76.068843,5637192
2009-09-29,76.068843,76.803163,75.602864,76.335550,76.335550,7953607
2009-09-30,76.335550,77.345956,75.946882,76.954139,76.954139,8633659
2009-10-01,76.954139,78.592080,76.146887,77.776205,77.776205,6046108
2009-10-02,77.776205,77.868448,77.512198,77.604237,77.604237,8204819
2009-10-05,77.604237,78.736356,77.382617,78.512142,78.512142,6044721
2009-10-06,78.512142,79.053183,76.918389,77.452124,77.452124,3182611
2009-10-07,77.452124,77.554903,76.772475,76.874486,76.874486,7146851
2009-10-08,76.874486,77.026168,76.438764,76.589885,76.589885,5223560
2009-10-09,76.589885,76.652847,75.811235,75.873608,75.873608,6131267
2009-10-12,75.873608,77.149908,75.815563,77.090931,77.090931,3490912
2009-10-13,77.090931,77.460555,76.869343,77.238544,77.238544,7376650
2009-10-14,77.238544,78.862378,77.006355,78.626018,78.626018,5293291
2009-10-15,78.626018,78.967591,77.857109,78.196817,78.196817,5723463
2009-10-16,78.196817,79.690988,77.547710,79.034924,79.034924,4616695
2009-10-19,79.034924,79.185648,78.416043,78.565873,78.565873,6650790
2009-10-20,78.565873,79.666954,77.965146,79.062430,79.062430,6150586
2009-10-21,79.062430,80.719824,79.002883,80.659074,80.659074,7847744
2009-10-22,80.659074,80.871384,80.113855,80.325286,80.325286,7450071
2009-10-23,80.325286,80.644501,80.196003,80.514913,80.514913,4711041
2009-10-26,80.514913,81.504070,80.045215,81.031359,81.031359,5326067
2009-10-27,81.031359,81.293304,80.663471,80.925073,80.925073,4299835
2009-10-28,80.925073,82.178310,80.737059,81.987828,81.987828,9745282
2009-10-29,81.987828,82.482822,81.915278,82.409899,82.409899,6291539
2009-10-30,82.409899,82.891854,82.168412,82.649665,82.649665,6241033
2009-11-02,82.649665,82.947591,80.990096,81.283096,81.283096,8427023
2009-11-03,81.283096,81.615993,81.197291,81.529928,81.529928,5627786
2009-11-04,81.529928,81.794107,80.757632,81.020159,81.020159,2594758
2009-11-05,81.020159,81.817109,80.908443,81.704449,81.704449,8468457
2009-11-06,81.704449,82.698829,81.680007,82.674096,82.674096,5048507
2009-11-09,82.674096,82.727565,81.838776,81.891739,81.891739,5792271
2009-11-10,81.891739,82.558470,81.885465,82.552145,82.552145,10325237
2009-11-11,82.552145,83.751292,82.445446,83.643182,83.643182,5910183
2009-11-12,83.643182,83.833584,83.288679,83.478707,83.478707,4837146
2009-11-13,83.478707,86.620524,83.402131,86.541138,86.541138,5411268
2009-11-16,86.541138,86.643176,85.466514,85.567403,85.567403,6986549
2009-11-17,85.567403,86.396330,83.448646,84.264956,84.264956,5395381
2009-11-18,84.264956,84.885952,84.072539,84.692559,84.692559,8414699
2009-11-19,84.692559,85.788263,84.526683,85.620570,85.620570,6143103
2009-11-20,85.620570,86.121496,85.520514,86.020972,86.020972,6055963
2009-11-23,86.020972,87.230366,85.376933,86.582126,86.582126,6498521
2009-11-24,86.582126,86.839624,86.330285,86.587766,86.587766,5744479
2009-11-25,86.587766,87.356535,85.983455,86.751084,86.751084,5160603
2009-11-26,86.751084,87.024148,85.624825,85.895195,85.895195,5596041
2009-11-27,85.895195,86.300058,84.137342,84.535798,84.535798,6111906
2009-11-30,84.535798,84.919427,83.604801,83.985934,83.985934,6654159
2009-12-01,83.985934,85.555843,83.753741,85.319961,85.319961,7266302
2009-12-02,85.319961,85.470782,83.855550,84.004044,84.004044,4094996
2009-12-03,84.004044,86.436677,83.953754,86.384962,86.384962,8678638
2009-12-04,86.384962,86.928709,85.084092,85.623044,85.623044,4398619
2009-12-07,85.623044,85.850449,84.449415,84.674300,84.674300,4884015
2009-12-08,84.674300,85.145561,83.999413,84.469534,84.469534,5469097
2009-12-09,84.469534,85.607048,84.336019,85.471948,85.471948,5411825
2009-12-10,85.471948,86.204166,85.218545,85.949348,85.949348,4249728
2009-12-11,85.949348,87.625971,85.871968,87.547153,87.547153,8481896
2009-12-14,87.547153,88.255941,86.653528,87.360807,87.360807,3232307
2009-12-15,87.360807,88.235401,85.382190,86.245620,86.245620,5415820
2009-12-16,86.245620,86.530520,85.807067,86.091458,86.091458,4619184
2009-12-17,86.091458,87.279620,85.601649,86.785860,86.785860,10721150
2009-12-18,86.785860,88.191088,86.312476,87.712648,87.712648,4308702
2009-12-21,87.712648,88.608695,87.582650,88.477564,88.477564,6614421
2009-12-22,88.477564,91.011241,87.397436,89.913582,89.913582,7578744
2009-12-23,89.913582,90.396550,88.953944,89.434337,89.434337,6657504
2009-12-24,89.434337,90.178679,88.320951,89.062196,89.062196,10363395
2009-12-25,89.062196,89.570911,88.497147,89.005539,89.005539,4374622
2009-12-28,89.005539,89.160828,88.249294,88.403534,88.403534,2930401
2009-12-29,88.403534,89.740362,88.021397,89.354117,89.354117,8579310
2009-12-30,89.354117,91.452047,88.661623,90.748746,90.748746,5952897
2009-12-31,90.748746,92.272298,90.200241,91.717936,91.717936,8157753
2010-01-01,91.717936,92.381990,91.370106,92.032966,92.032966,7033868
2010-01-04,92.032966,93.815481,91.319976,93.094269,93.094269,5057673
2010-01-05,93.094269,93.132020,92.919995,92.957690,92.957690,6454964
2010-01-06,92.957690,94.928538,92.838789,94.807272,94.807272,7857597
2010-01-07,94.807272,95.799157,94.583716,95.573794,95.573794,5772779
2010-01-08,95.573794,95.883532,91.417369,91.714600,91.714600,6784658
2010-01-11,91.714600,92.041401,91.241881,91.568161,91.568161,6674128
2010-01-12,91.568161,93.026330,91.470533,92.927253,92.927253,7549242
2010-01-13,92.927253,98.322840,92.639054,98.018850,98.018850,4294724
2010-01-14,98.018850,98.072514,97.294769,97.348066,97.348066,4256330
2010-01-15,97.348066,97.477562,95.072716,95.199354,95.199354,3861952
2010-01-18,95.199354,95.403960,93.730845,93.932728,93.932728,4926146
2010-01-19,93.932728,94.033447,93.241884,93.341969,93.341969,4138458
2010-01-20,93.341969,93.851822,92.652362,93.161228,93.161228,7389639
2010-01-21,93.161228,94.248059,92.817218,93.901316,93.901316,4842374
2010-01-22,93.901316,94.611635,93.401954,94.111157,94.111157,6968114
2010-01-25,94.111157,95.711035,93.982401,95.580270,95.580270,9488615
2010-01-26,95.580270,96.024352,94.228616,94.668461,94.668461,8250771
2010-01-27,94.668461,94.967993,93.663279,93.960571,93.960571,6457593
2010-01-28,93.960571,94.183272,92.033221,92.251872,92.251872,3154597
2010-01-29,92.251872,95.096539,91.658683,94.488965,94.488965,3909741
2010-02-01,94.488965,94.746813,94.051057,94.308413,94.308413,6573875
2010-02-02,94.308413,94.889837,94.304985,94.886388,94.886388,5467697
2010-02-03,94.886388,94.961602,94.554155,94.629164,94.629164,9205123
2010-02-04,94.629164,96.046575,94.394717,95.809204,95.809204,4811191
2010-02-05,95.809204,96.260620,94.569669,95.017354,95.017354,4423612
2010-02-08,95.017354,96.179200,94.430955,95.589272,95.589272,5003305
2010-02-09,95.589272,96.145936,94.766018,95.321121,95.321121,9777069
2010-02-10,95.321121,95.909511,93.213200,93.792152,93.792152,5522395
2010-02-11,93.792152,94.388152,90.468886,91.047445,91.047445,8985962
2010-02-12,91.047445,91.144340,91.030359,91.127238,91.127238,7292683
2010-02-15,91.127238,91.474367,88.503380,88.841803,88.841803,11862648
2010-02-16,88.841803,89.096485,88.229924,88.483580,88.483580,3721977
2010-02-17,88.483580,89.016204,88.338011,88.870000,88.870000,6109920
2010-02-18,88.870000,91.253402,88.759879,91.140468,91.140468,8205083
2010-02-19,91.140468,91.436595,90.272056,90.566318,90.566318,4009533
2010-02-22,90.566318,91.494654,90.387117,91.313974,91.313974,5588448
2010-02-23,91.313974,93.472403,91.082669,93.236228,93.236228,7706873
2010-02-24,93.236228,93.246972,93.003024,93.013743,93.013743,11888349
2010-02-25,93.013743,93.055252,91.957208,91.998264,91.998264,10149790
2010-02-26,91.998264,93.155141,91.734279,92.888602,92.888602,5526694
2010-03-01,92.888602,94.511564,92.294249,93.910672,93.910672,4286481
2010-03-02,93.910672,94.457415,91.721339,92.258463,92.258463,5660888
2010-03-03,92.258463,92.344283,91.268309,91.353286,91.353286,3905394
2010-03-04,91.353286,91.520246,90.794341,90.960583,90.960583,5132198
2010-03-05,90.960583,93.083075,90.793742,92.912653,92.912653,3994475
2010-03-08,92.912653,94.507611,92.848909,94.442817,94.442817,3953735
2010-03-09,94.442817,94.670466,93.965653,94.192699,94.192699,8499343
2010-03-10,94.192699,94.564656,94.104776,94.476469,94.476469,2801449
2010-03-11,94.476469,94.775304,93.272253,93.568216,93.568216,3923042
2010-03-12,93.568216,93.813513,92.717884,92.961590,92.961590,10466842
2010-03-15,92.961590,94.185279,92.436531,93.656296,93.656296,4511465
2010-03-16,93.656296,95.287736,93.067777,94.692705,94.692705,5339326
2010-03-17,94.692705,98.567803,94.549123,98.418572,98.418572,7264492
2010-03-18,98.418572,98.968079,96.503117,97.044954,97.044954,3679040
2010-03-19,97.044954,98.630186,96.482089,98.061425,98.061425,12189578
2010-03-22,98.061425,98.290268,97.809564,98.038353,98.038353,4942627
2010-03-23,98.038353,98.895296,98.007081,98.863761,98.863761,6718478
2010-03-24,98.863761,98.947523,98.510278,98.593811,98.593811,7578526
2010-03-25,98.593811,99.506380,98.568871,99.481215,99.481215,7264079
2010-03-26,99.481215,103.142714,98.710686,102.349965,102.349965,5450491
2010-03-29,102.349965,104.487376,102.125298,104.258520,104.258520,6719613
2010-03-30,104.258520,104.418479,102.240099,102.397202,102.397202,6160947
2010-03-31,102.397202,103.775983,101.823472,103.197768,103.197768,5353210
2010-04-01,103.197768,103.307561,102.537011,102.646218,102.646218,5270896
2010-04-02,102.646218,104.069378,102.083368,103.501837,103.501837,4667433
2010-04-05,103.501837,104.393368,101.879329,102.764510,102.764510,4378365
2010-04-06,102.764510,103.555514,101.742835,102.532049,102.532049,7452881
2010-04-07,102.532049,104.243836,101.699036,103.403741,103.403741,3781382
2010-04-08,103.403741,103.634596,101.718663,101.946264,101.946264,8233695
2010-04-09,101.946264,102.995640,100.260582,101.303339,101.303339,9955073
2010-04-12,101.303339,101.853693,100.954668,101.504330,101.504330,3346792
2010-04-13,101.504330,101.617100,100.894579,101.006796,101.006796,3479696
2010-04-14,101.006796,104.280142,100.891800,104.161554,104.161554,8542308
2010-04-15,104.161554,104.775163,103.716765,104.329657,104.329657,4522873
2010-04-16,104.329657,107.040443,103.713262,106.411747,106.411747,4591907
2010-04-19,106.411747,106.521294,106.242575,106.352060,106.352060,8330346
2010-04-20,106.352060,107.902301,106.294363,107.843794,107.843794,5588490
2010-04-21,107.843794,108.156874,105.796448,106.104478,106.104478,5331632
2010-04-22,106.104478,106.596933,105.923624,106.415549,106.415549,5953532
2010-04-23,106.415549,106.626034,104.156960,104.363385,104.363385,3732890
2010-04-26,104.363385,105.979065,104.157693,105.770599,105.770599,7646844
2010-04-27,105.770599,106.887514,105.266349,106.380357,106.380357,7261572
2010-04-28,106.380357,106.576014,105.450537,105.644842,105.644842,3120830
2010-04-29,105.644842,106.332794,105.104448,105.791649,105.791649,3102648
2010-04-30,105.791649,106.461219,104.640279,105.306780,105.306780,4439219
2010-05-03,105.306780,105.909550,104.279247,104.879571,104.879571,4904423
2010-05-04,104.879571,104.901838,101.858364,101.879994,101.879994,9482631
2010-05-05,101.879994,102.785514,101.556326,102.460003,102.460003,9857693
2010-05-06,102.460003,104.660201,102.178399,104.373338,104.373338,3702125
2010-05-07,104.373338,105.513469,104.134597,105.272672,105.272672,7350152
2010-05-10,105.272672,108.102711,105.062579,107.887401,107.887401,6475575
2010-05-11,107.887401,108.275879,107.632065,108.020229,108.020229,6735107
2010-05-12,108.020229,108.410583,107.891705,108.281747,108.281747,4902898
2010-05-13,108.281747,110.193633,108.188624,110.098948,110.098948,3741965
2010-05-14,110.098948,110.281569,107.639699,107.818538,107.818538,3789370
2010-05-17,107.818538,108.280375,107.173610,107.634659,107.634659,3951981
2010-05-18,107.634659,108.425300,107.375987,108.165352,108.165352,12676468
2010-05-19,108.165352,109.805188,107.664353,109.298938,109.298938,4586470
2010-05-20,109.298938,109.855388,109.100231,109.656031,109.656031,5316565
2010-05-21,109.656031,112.424312,109.213386,111.972317,111.972317,4521767
2010-05-24,111.972317,112.436868,111.934450,112.398857,112.398857,4261578
2010-05-25,112.398857,113.542477,112.189273,113.331155,113.331155,8860804
2010-05-26,113.331155,114.932021,111.707839,113.308382,113.308382,8982501
2010-05-27,113.308382,113.527547,111.991451,112.208488,112.208488,8553905
2010-05-28,112.208488,114.243838,111.666964,113.695139,113.695139,6708385
2010-05-31,113.695139,113.794292,110.902269,110.999071,110.999071,7577421
2010-06-01,110.999071,111.199291,109.976463,110.175196,110.175196,5263135
2010-06-02,110.175196,110.716992,109.115908,109.655146,109.655146,5920760
2010-06-03,109.655146,112.182358,109.649457,112.176537,112.176537,4253907
2010-06-04,112.176537,112.287066,111.624657,111.734751,111.734751,4889050
2010-06-07,111.734751,112.645568,111.321550,112.230534,112.230534,6391007
2010-06-08,112.230534,112.750428,112.099570,112.619011,112.619011,7568476
2010-06-09,112.619011,112.702205,112.077839,112.160695,112.160695,4081477
2010-06-10,112.160695,112.425578,112.088341,112.353100,112.353100,9034720
2010-06-11,112.353100,115.081336,111.270830,113.983362,113.983362,6913093
2010-06-14,113.983362,114.580653,113.963862,114.561053,114.561053,7729059
2010-06-15,114.561053,114.603963,114.345808,114.388653,114.388653,8691753
2010-06-16,114.388653,116.265728,114.254078,116.129105,116.129105,2998907
2010-06-17,116.129105,116.517778,115.241605,115.628602,115.628602,5447948
2010-06-18,115.628602,117.781821,115.187370,117.334081,117.334081,6024884
2010-06-21,117.334081,117.485041,117.071540,117.222356,117.222356,9376766
2010-06-22,117.222356,117.647644,117.157122,117.582210,117.582210,7297883
2010-06-23,117.582210,117.934478,117.312240,117.664320,117.664320,5736677
2010-06-24,117.664320,118.055476,116.111196,116.498477,116.498477,6720180
2010-06-25,116.498477,117.151814,115.123806,115.773075,115.773075,5114119
2010-06-28,115.773075,119.222790,114.897131,118.327519,118.327519,4928960
2010-06-29,118.327519,119.000152,117.936244,118.607950,118.607950,4646701
2010-06-30,118.607950,120.960623,118.060811,120.405194,120.405194,10655463
2010-07-01,120.405194,120.880809,119.174142,119.646761,119.646761,4148758
2010-07-02,119.646761,119.982446,117.892627,118.224321,118.224321,4876333
2010-07-05,118.224321,119.756317,118.125883,119.656686,119.656686,2887640
2010-07-06,119.656686,120.030872,118.104435,118.474925,118.474925,9128061
2010-07-07,118.474925,118.550306,117.417084,117.491839,117.491839,4730911
2010-07-08,117.491839,118.627581,112.871801,113.973532,113.973532,10417092
2010-07-09,113.973532,114.291294,113.913333,114.230959,114.230959,5414173
2010-07-12,114.230959,116.832588,114.199000,116.799910,116.799910,2802312
2010-07-13,116.799910,117.816638,116.189433,117.204048,117.204048,5138663
2010-07-14,117.204048,117.569909,115.856966,116.219755,116.219755,9034165
2010-07-15,116.219755,116.772700,113.672152,114.215562,114.215562,4574805
2010-07-16,114.215562,114.702468,114.086384,114.572886,114.572886,5377229
2010-07-19,114.572886,115.072862,112.132912,112.624385,112.624385,6476128
2010-07-20,112.624385,113.848101,112.507093,113.729657,113.729657,3706795
2010-07-21,113.729657,116.109304,113.703184,116.082283,116.082283,4115188
2010-07-22,116.082283,116.678864,115.723286,116.319134,116.319134,5834487
2010-07-23,116.319134,118.430887,116.062393,118.170061,118.170061,5459915
2010-07-26,118.170061,118.362470,114.623833,114.810773,114.810773,6223277
2010-07-27,114.810773,115.199380,113.895732,114.282551,114.282551,7391789
2010-07-28,114.282551,114.700988,113.958800,114.376969,114.376969,5443633
2010-07-29,114.376969,115.681586,113.860865,115.161940,115.161940,8040600
2010-07-30,115.161940,116.879195,114.951922,116.666433,116.666433,7890835
2010-08-02,116.666433,117.638887,116.012822,116.983499,116.983499,5521592
2010-08-03,116.983499,118.769807,116.325630,118.105628,118.105628,4234552
2010-08-04,118.105628,118.188329,115.278340,115.359118,115.359118,4930626
2010-08-05,115.359118,116.220904,115.322795,116.184321,116.184321,4783788
2010-08-06,116.184321,117.323357,115.212088,116.349739,116.349739,5862320
2010-08-09,116.349739,116.662280,115.914435,116.226645,116.226645,4500564
2010-08-10,116.226645,116.474729,114.605658,114.850805,114.850805,6886069
2010-08-11,114.850805,115.449221,114.533807,115.131448,115.131448,1566460
2010-08-12,115.131448,115.658527,114.764510,115.291080,115.291080,6779542
2010-08-13,115.291080,115.373322,115.229016,115.311247,115.311247,7771160
2010-08-16,115.311247,115.574065,115.011868,115.274603,115.274603,5940699
2010-08-17,115.274603,115.649746,114.783334,115.158098,115.158098,5758977
2010-08-18,115.158098,117.412534,115.010417,117.262155,117.262155,10074019
2010-08-19,117.262155,117.356567,115.499227,115.592294,115.592294,9736409
2010-08-20,115.592294,116.045777,114.825158,115.277407,115.277407,10108643
2010-08-23,115.277407,116.045694,114.347283,115.114485,115.114485,3112323
2010-08-24,115.114485,115.334219,114.690510,114.909852,114.909852,6905478
2010-08-25,114.909852,116.099098,114.200944,115.387245,115.387245,8128537
2010-08-26,115.387245,116.943119,114.886040,116.437353,116.437353,6252896
2010-08-27,116.437353,117.944108,116.012997,117.515821,117.515821,6379516
2010-08-30,117.515821,117.642109,116.735467,116.861052,116.861052,7713247
2010-08-31,116.861052,120.240355,116.023378,119.384592,119.384592,6231040
2010-09-01,119.384592,120.028877,117.867827,118.507379,118.507379,6376592
2010-09-02,118.507379,119.792273,118.460334,119.744737,119.744737,10045342
2010-09-03,119.744737,120.029122,119.359957,119.644104,119.644104,7359397
2010-09-06,119.644104,123.718219,119.576121,123.647962,123.647962,5566530
2010-09-07,123.647962,124.359797,123.457306,124.168339,124.168339,5157402
2010-09-08,124.168339,124.217517,122.528503,122.577050,122.577050,7329590
2010-09-09,122.577050,123.484541,118.744558,119.630233,119.630233,4456002
2010-09-10,119.630233,122.337386,119.097419,121.794932,121.794932,4258631
2010-09-13,121.794932,122.205791,121.641053,122.051588,122.051588,4768438
2010-09-14,122.051588,122.132413,120.528258,120.608126,120.608126,4367366
2010-09-15,120.608126,121.045592,118.504134,118.935533,118.935533,3578209
2010-09-16,118.935533,119.442109,118.349363,118.855599,118.855599,4390722
2010-09-17,118.855599,118.940602,117.475957,117.560034,117.560034,5511395
2010-09-20,117.560034,118.147415,116.936648,117.523848,117.523848,5014631
2010-09-21,117.523848,118.527218,116.922806,117.924128,117.924128,7659954
2010-09-22,117.924128,119.039190,117.621899,118.734882,118.734882,13558671
2010-09-23,118.734882,119.251105,116.085087,116.591994,116.591994,2876921
2010-09-24,116.591994,117.420891,116.297001,117.124552,117.124552,6776672
2010-09-27,117.124552,117.135261,115.343779,115.354326,115.354326,9481521
2010-09-28,115.354326,118.043066,114.529164,117.204668,117.204668,7237249
2010-09-29,117.204668,118.555300,117.186961,118.537392,118.537392,6905537
2010-09-30,118.537392,121.089696,118.078155,120.622381,120.622381,9257586
2010-10-01,120.622381,121.428901,118.377929,119.174771,119.174771,7484028
2010-10-04,119.174771,119.569577,119.066556,119.461102,119.461102,5829631
2010-10-05,119.461102,119.937974,117.347012,117.817322,117.817322,4508058
2010-10-06,117.817322,119.941750,117.542323,119.662445,119.662445,3588731
2010-10-07,119.662445,122.559214,119.229261,122.117145,122.117145,4387302
2010-10-08,122.117145,122.426529,118.284762,118.585198,118.585198,7706875
2010-10-11,118.585198,119.803559,117.653319,118.869446,118.869446,8536152
2010-10-12,118.869446,122.662755,118.612705,122.398392,122.398392,6661548
2010-10-13,122.398392,127.942297,121.706616,127.223252,127.223252,6815886
2010-10-14,127.223252,129.576127,127.127583,129.478763,129.478763,5840566
2010-10-15,129.478763,130.695533,126.699907,127.901858,127.901858,2842690
2010-10-18,127.901858,128.353972,127.266616,127.718081,127.718081,8390987
2010-10-19,127.718081,128.348957,125.594742,126.218210,126.218210,7296964
2010-10-20,126.218210,126.532769,124.323637,124.634249,124.634249,4540276
2010-10-21,124.634249,124.900392,122.497885,122.760026,122.760026,7165657
2010-10-22,122.760026,126.069798,122.213014,125.510529,125.510529,3543531
2010-10-25,125.510529,127.483078,125.022718,126.989520,126.989520,3946049
2010-10-26,126.989520,127.528730,125.641091,126.176850,126.176850,11082644
2010-10-27,126.176850,126.324224,125.883370,126.030573,126.030573,5788105
2010-10-28,126.030573,126.158381,125.739083,125.866725,125.866725,3023599
2010-10-29,125.866725,126.259897,125.444127,125.837207,125.837207,3641523
2010-11-01,125.837207,128.600760,125.804230,128.567068,128.567068,5196711
2010-11-02,128.567068,129.026854,127.277693,127.734502,127.734502,6021486
2010-11-03,127.734502,128.028144,126.324895,126.615965,126.615965,6403798
2010-11-04,126.615965,127.339021,126.387658,127.109823,127.109823,7109925
2010-11-05,127.109823,128.814688,126.698949,128.399645,128.399645,4640578
2010-11-08,128.399645,128.831382,127.834473,128.265761,128.265761,7444877
2010-11-09,128.265761,131.771653,128.214906,131.719430,131.719430,4346704
2010-11-10,131.719430,133.541561,131.514178,133.333794,133.333794,5694487
2010-11-11,133.333794,136.203259,132.502921,135.359762,135.359762,4165485
2010-11-12,135.359762,135.439292,131.886268,131.963803,131.963803,3846322
2010-11-15,131.963803,132.209450,131.249754,131.494527,131.494527,4020356
2010-11-16,131.494527,135.181129,130.282575,133.946577,133.946577,4623052
2010-11-17,133.946577,135.909083,133.577873,135.536004,135.536004,4571270
2010-11-18,135.536004,135.698756,132.898853,133.058630,133.058630,4330811
2010-11-19,133.058630,133.817631,132.727970,133.485909,133.485909,4715931
2010-11-22,133.485909,135.810578,133.462795,135.787065,135.787065,6417374
2010-11-23,135.787065,138.072989,134.770274,137.046766,137.046766,7588306
2010-11-24,137.046766,140.634060,136.640664,140.218559,140.218559,4785552
2010-11-25,140.218559,140.265423,135.134375,135.179555,135.179555,8081317
2010-11-26,135.179555,138.663247,135.036088,138.516239,138.516239,6458742
2010-11-29,138.516239,140.403814,137.204494,139.086667,139.086667,7919982
2010-11-30,139.086667,139.087804,138.690843,138.691976,138.691976,4369359
2010-12-01,138.691976,140.495876,138.661540,140.465050,140.465050,3534524
2010-12-02,140.465050,141.707096,137.684458,138.912778,138.912778,7790718
2010-12-03,138.912778,140.805006,137.751337,139.637505,139.637505,9473833
2010-12-06,139.637505,140.223770,138.921552,139.507270,139.507270,4851188
2010-12-07,139.507270,140.408048,138.559639,139.460112,139.460112,4002864
2010-12-08,139.460112,140.031632,136.437500,136.998934,136.998934,6216299
2010-12-09,136.998934,139.056120,136.021217,138.070754,138.070754,4002699
2010-12-10,138.070754,138.997809,137.445938,138.371632,138.371632,6672244
2010-12-13,138.371632,138.628953,136.278739,136.532640,136.532640,4795124
2010-12-14,136.532640,140.097292,135.726155,139.274610,139.274610,10391180
2010-12-15,139.274610,140.393057,138.692990,139.809205,139.809205,4530701
2010-12-16,139.809205,142.756583,139.185379,142.122435,142.122435,5690223
2010-12-17,142.122435,143.646269,139.257495,140.766794,140.766794,6686326
2010-12-20,140.766794,141.447995,139.374475,140.052217,140.052217,10753707
2010-12-21,140.052217,140.226833,138.113824,138.286238,138.286238,5934905
2010-12-22,138.286238,138.761056,136.469767,136.939962,136.939962,4471770
2010-12-23,136.939962,138.885513,136.802354,138.746090,138.746090,7311929
2010-12-24,138.746090,138.859160,138.465824,138.578757,138.578757,3747369
2010-12-27,138.578757,138.683435,137.345517,137.449342,137.449342,5061437
2010-12-28,137.449342,137.547341,133.627004,133.722346,133.722346,8611937
2010-12-29,133.722346,134.514598,132.230042,133.018121,133.018121,8015923
2010-12-30,133.018121,135.688114,132.000776,134.658224,134.658224,8312582
2010-12-31,134.658224,135.007469,132.859488,133.204964,133.204964,9065339
2011-01-03,133.204964,134.467928,132.953788,134.214849,134.214849,4302399
2011-01-04,134.214849,134.442876,131.855194,132.079594,132.079594,5442044
2011-01-05,132.079594,132.619116,130.351854,130.886502,130.886502,3006568
2011-01-06,130.886502,132.460735,130.358266,131.928294,131.928294,7677582
2011-01-07,131.928294,132.208538,131.202338,131.481632,131.481632,7053910
2011-01-10,131.481632,133.339199,131.150681,133.004416,133.004416,3737657
2011-01-11,133.004416,134.308051,131.223055,132.521962,132.521962,7140535
2011-01-12,132.521962,132.665081,132.207722,132.350656,132.350656,6772619
2011-01-13,132.350656,132.372771,131.734245,131.756260,131.756260,4727214
2011-01-14,131.756260,132.887502,130.733442,131.863849,131.863849,7381243
2011-01-17,131.863849,132.955102,129.288213,130.367079,130.367079,16577032
2011-01-18,130.367079,133.570264,129.635409,132.824800,132.824800,8991969
2011-01-19,132.824800,136.223699,132.392437,135.781712,135.781712,8369586
2011-01-20,135.781712,136.471164,135.233184,135.922069,135.922069,4726142
2011-01-21,135.922069,138.157036,135.442846,137.671644,137.671644,6472331
2011-01-24,137.671644,139.973168,137.459139,139.757444,139.757444,4983243
2011-01-25,139.757444,140.047461,136.355966,136.639512,136.639512,7672286
2011-01-26,136.639512,137.149778,135.805105,136.314156,136.314156,6943928
2011-01-27,136.314156,140.025836,135.683990,139.381490,139.381490,3481843
2011-01-28,139.381490,139.494231,138.476365,138.588465,138.588465,9170693
2011-01-31,138.588465,138.923556,137.347583,137.680479,137.680479,4414904
2011-02-01,137.680479,137.805586,137.263862,137.388703,137.388703,11270981
2011-02-02,137.388703,137.951284,133.985396,134.536297,134.536297,4302755
2011-02-03,134.536297,134.696902,133.727911,133.887742,133.887742,6011666
2011-02-04,133.887742,133.920401,133.042846,133.075307,133.075307,7893414
2011-02-07,133.075307,133.511874,130.994474,131.425629,131.425629,10960600
2011-02-08,131.425629,134.534844,130.623697,133.718919,133.718919,8926265
2011-02-09,133.718919,134.377520,133.439340,134.097150,134.097150,6673880
2011-02-10,134.097150,137.010151,132.942152,135.840141,135.840141,6696362
2011-02-11,135.840141,137.886382,135.258534,137.298530,137.298530,7244095
2011-02-14,137.298530,137.474456,136.795161,136.970668,136.970668,8784068
2011-02-15,136.970668,141.546499,136.689662,141.256700,141.256700,8326629
2011-02-16,141.256700,142.342322,141.225970,142.311363,142.311363,10859785
2011-02-17,142.311363,142.623302,141.563781,141.874763,141.874763,6191821
2011-02-18,141.874763,142.088335,140.069407,140.280579,140.280579,5222975
2011-02-21,140.280579,142.417452,139.955827,142.088515,142.088515,6930394
2011-02-22,142.088515,144.786581,141.550388,144.240305,144.240305,5673995
2011-02-23,144.240305,144.439771,141.963526,142.160116,142.160116,6836657
2011-02-24,142.160116,143.045100,142.087262,142.971830,142.971830,10621142
2011-02-25,142.971830,144.007219,142.396799,143.430344,143.430344,4832096
2011-02-28,143.430344,143.828410,143.381784,143.779731,143.779731,6768619
2011-03-01,143.779731,143.934828,141.981445,142.134768,142.134768,5614614
2011-03-02,142.134768,142.586928,140.243614,140.691182,140.691182,4012471
2011-03-03,140.691182,141.118289,140.188704,140.615582,140.615582,12192740
2011-03-04,140.615582,141.052185,136.513797,136.938984,136.938984,3578024
2011-03-07,136.938984,138.660506,136.792531,138.512371,138.512371,6821682
2011-03-08,138.512371,139.288393,137.816201,138.591824,138.591824,4653456
2011-03-09,138.591824,138.861050,137.539227,137.806929,137.806929,6730874
2011-03-10,137.806929,139.274219,137.406624,138.870824,138.870824,6640620
2011-03-11,138.870824,143.235189,138.127784,142.472875,142.472875,6085489
2011-03-14,142.472875,142.918513,140.926904,141.369089,141.369089,3403685
2011-03-15,141.369089,141.796143,141.259113,141.685920,141.685920,4808120
2011-03-16,141.685920,143.133774,141.227675,142.672339,142.672339,5801641
2011-03-17,142.672339,143.203782,142.245299,142.776431,142.776431,3971363
2011-03-18,142.776431,143.332595,142.122892,142.678675,142.678675,8391526
2011-03-21,142.678675,143.066956,138.982340,139.361594,139.361594,8295183
2011-03-22,139.361594,142.403109,139.313402,142.353881,142.353881,9367820
2011-03-23,142.353881,142.962604,140.601876,141.205689,141.205689,7243535
2011-03-24,141.205689,141.564963,137.320463,137.670742,137.670742,6160484
2011-03-25,137.670742,137.932047,136.071634,136.330395,136.330395,4671300
2011-03-28,136.330395,138.078449,135.976446,137.720890,137.720890,4368662
2011-03-29,137.720890,142.236502,137.428217,141.934874,141.934874,4422172
2011-03-30,141.934874,145.297458,140.968681,144.315062,144.315062,5459136
2011-03-31,144.315062,144.580336,143.640264,143.904784,143.904784,9037069
2011-04-01,143.904784,144.709445,140.942719,141.735249,141.735249,3379656
2011-04-04,141.735249,143.274873,141.212209,142.748096,142.748096,12892468
2011-04-05,142.748096,143.716535,139.661634,140.615606,140.615606,3512479
2011-04-06,140.615606,140.770791,140.124023,140.278837,140.278837,3594271
2011-04-07,140.278837,144.654736,139.592411,143.950344,143.950344,5668969
2011-04-08,143.950344,145.545194,143.336645,144.927330,144.927330,5137718
2011-04-11,144.927330,145.682512,143.944385,144.698374,144.698374,6675306
2011-04-12,144.698374,150.413332,143.461060,149.138054,149.138054,3361680
2011-04-13,149.138054,151.679386,148.882112,151.419529,151.419529,5541235
2011-04-14,151.419529,152.244912,147.923149,148.733892,148.733892,7055591
2011-04-15,148.733892,151.208712,148.427912,150.898280,150.898280,5939065
2011-04-18,150.898280,151.330761,148.414205,148.840789,148.840789,3692898
2011-04-19,148.840789,149.572810,147.174288,147.901690,147.901690,3131534
2011-04-20,147.901690,148.846404,147.525169,148.468441,148.468441,3269752
2011-04-21,148.468441,148.508804,144.481153,144.520443,144.520443,7833172
2011-04-22,144.520443,144.960430,142.948623,143.385153,143.385153,10098964
2011-04-25,143.385153,144.450378,141.713712,142.774400,142.774400,8672590
2011-04-26,142.774400,142.774892,142.338510,142.339001,142.339001,3511691
2011-04-27,142.339001,142.664695,140.511901,140.834151,140.834151,5035212
2011-04-28,140.834151,144.096044,140.352196,143.604607,143.604607,3097248
2011-04-29,143.604607,146.655094,143.395084,146.441432,146.441432,8843975
2011-05-02,146.441432,147.139205,146.244954,146.942055,146.942055,8759104
2011-05-03,146.942055,146.973758,146.580245,146.611877,146.611877,8234799
2011-05-04,146.611877,147.728902,145.462485,146.579261,146.579261,4586567
2011-05-05,146.579261,147.650803,145.965391,147.035023,147.035023,5212287
2011-05-06,147.035023,148.262436,147.029446,148.256812,148.256812,5506462
2011-05-09,148.256812,149.346270,139.983506,141.019783,141.019783,6264831
2011-05-10,141.019783,141.958526,140.388336,141.325710,141.325710,7297331
2011-05-11,141.325710,141.833458,139.524139,140.027222,140.027222,9368290
2011-05-12,140.027222,142.079921,139.929979,141.981321,141.981321,6075620
2011-05-13,141.981321,143.803758,141.421133,143.238610,143.238610,7314695
2011-05-16,143.238610,144.316521,143.007375,144.083921,144.083921,3904144
2011-05-17,144.083921,144.168452,141.337841,141.420809,141.420809,3274394
2011-05-18,141.420809,143.119156,141.151723,142.847355,142.847355,6791788
2011-05-19,142.847355,143.288394,142.359941,142.800836,142.800836,5103983
2011-05-20,142.800836,143.196664,141.569136,141.962641,141.962641,5837919
2011-05-23,141.962641,144.166013,140.627118,142.822401,142.822401,4204092
2011-05-24,142.822401,143.536799,142.641034,143.354755,143.354755,4384457
2011-05-25,143.354755,143.747882,139.567208,139.951000,139.951000,2926085
2011-05-26,139.951000,141.377274,139.944779,141.370989,141.370989,5428587
2011-05-27,141.370989,141.800910,140.761748,141.191122,141.191122,4073328
2011-05-30,141.191122,142.820809,140.795390,142.421628,142.421628,4610216
2011-05-31,142.421628,142.546544,140.705778,140.829296,140.829296,3210942
2011-06-01,140.829296,141.545376,140.447859,141.163035,141.163035,5074273
2011-06-02,141.163035,142.533259,140.139297,141.507026,141.507026,4193747
2011-06-03,141.507026,142.113481,140.221462,140.824995,140.824995,3901522
2011-06-06,140.824995,141.572095,140.603375,141.349649,141.349649,3880942
2011-06-07,141.349649,141.656549,137.589609,137.888995,137.888995,13528541
2011-06-08,137.888995,138.153212,136.227831,136.489366,136.489366,6007918
2011-06-09,136.489366,139.565216,136.375189,139.448564,139.448564,6320242
2011-06-10,139.448564,141.825776,139.377380,141.753415,141.753415,9455740
2011-06-13,141.753415,141.988197,138.788473,139.018726,139.018726,5802760
2011-06-14,139.018726,143.292864,137.808066,142.055756,142.055756,6178990
2011-06-15,142.055756,142.649345,141.865587,142.458636,142.458636,5965237
2011-06-16,142.458636,144.644226,141.967473,144.147241,144.147241,4737025
2011-06-17,144.147241,144.441681,143.335217,143.628598,143.628598,5298659
2011-06-20,143.628598,143.724869,141.764163,141.859248,141.859248,6213049
2011-06-21,141.859248,145.230861,141.262866,144.622861,144.622861,4402849
2011-06-22,144.622861,147.026249,144.029193,146.425183,146.425183,5653632
2011-06-23,146.425183,149.009800,145.711008,148.286547,148.286547,3385916
2011-06-24,148.286547,148.736349,147.586713,148.035754,148.035754,4919911
2011-06-27,148.035754,152.829715,146.878541,151.644294,151.644294,4293249
2011-06-28,151.644294,151.927112,151.531188,151.813880,151.813880,4936574
2011-06-29,151.813880,153.821632,151.512853,153.517228,153.517228,7690186
2011-06-30,153.517228,155.292016,153.097006,154.868096,154.868096,4770291
2011-07-01,154.868096,159.240694,153.975561,158.328218,158.328218,6492325
2011-07-04,158.328218,164.072347,156.900021,162.605567,162.605567,4241230
2011-07-05,162.605567,163.658546,155.634771,156.649179,156.649179,4240787
2011-07-06,156.649179,156.952408,155.920269,156.222673,156.222673,3704705
2011-07-07,156.222673,156.756483,155.267276,155.799641,155.799641,5696068
2011-07-08,155.799641,157.516141,155.280173,156.992695,156.992695,6661796
2011-07-11,156.992695,157.903407,154.645174,155.547502,155.547502,4179593
2011-07-12,155.547502,156.905041,152.018744,153.357167,153.357167,8150640
2011-07-13,153.357167,153.966279,151.804095,152.409443,152.409443,5735712
2011-07-14,152.409443,153.850674,150.616055,152.053924,152.053924,4526837
2011-07-15,152.053924,153.103540,150.592407,151.639159,151.639159,8086537
2011-07-18,151.639159,151.874493,149.111443,149.343214,149.343214,10846431
2011-07-19,149.343214,149.976387,148.603893,149.236613,149.236613,9271663
2011-07-20,149.236613,151.512873,148.493562,150.762225,150.762225,8804710
2011-07-21,150.762225,157.863970,150.273006,157.353362,157.353362,3168196
2011-07-22,157.353362,157.752960,156.185179,156.582821,156.582821,5272166
2011-07-25,156.582821,157.156114,156.220446,156.793252,156.793252,8175024
2011-07-26,156.793252,159.922236,156.410608,159.532905,159.532905,4883007
2011-07-27,159.532905,161.093990,159.405936,160.965880,160.965880,7043832
2011-07-28,160.965880,164.551864,159.762591,163.330896,163.330896,16094303
2011-07-29,163.330896,163.427299,159.779888,159.874251,159.874251,6787365
2011-08-01,159.874251,161.973994,159.705736,161.803446,161.803446,5007858
2011-08-02,161.803446,162.222439,158.284907,158.695853,158.695853,7264012
2011-08-03,158.695853,159.983123,158.576608,159.863001,159.863001,7291796
2011-08-04,159.863001,160.044568,158.057365,158.237086,158.237086,5058634
2011-08-05,158.237086,160.348824,157.407395,159.512446,159.512446,9171639
2011-08-08,159.512446,167.239008,159.273153,166.988500,166.988500,3768020
2011-08-09,166.988500,167.988328,164.573628,165.564934,165.564934,6773963
2011-08-10,165.564934,168.167083,164.430664,167.022826,167.022826,8589053
2011-08-11,167.022826,167.893503,165.699177,166.567480,166.567480,1783643
2011-08-12,166.567480,168.957870,165.746164,168.128855,168.128855,7168105
2011-08-15,168.128855,168.475758,165.525388,165.867626,165.867626,5442666
2011-08-16,165.867626,166.480398,164.632440,165.242905,165.242905,8251472
2011-08-17,165.242905,168.460561,164.387598,167.593089,167.593089,7673935
2011-08-18,167.593089,180.241237,166.540883,179.116682,179.116682,7220088
2011-08-19,179.116682,179.294909,178.395489,178.573174,178.573174,4419709
2011-08-22,178.573174,180.978171,178.252744,180.654007,180.654007,8377262
2011-08-23,180.654007,180.999460,179.827758,180.172290,180.172290,11147385
2011-08-24,180.172290,180.487945,177.442842,177.754260,177.754260,5404400
2011-08-25,177.754260,178.689830,176.791512,177.726938,177.726938,6841238
2011-08-26,177.726938,177.857657,176.708850,176.838915,176.838915,12217569
2011-08-29,176.838915,178.126058,176.777438,178.064155,178.064155,4072170
2011-08-30,178.064155,178.882456,174.677201,175.483643,175.483643,7291344
2011-08-31,175.483643,175.654111,174.285369,174.454838,174.454838,5443300
2011-09-01,174.454838,174.868214,170.970399,171.376480,171.376480,4294192
2011-09-02,171.376480,171.578902,169.272873,169.473047,169.473047,9619132
2011-09-05,169.473047,170.222292,167.421608,168.165071,168.165071,5946988
2011-09-06,168.165071,171.529570,166.820585,170.169062,170.169062,6374505
2011-09-07,170.169062,172.385009,169.972712,172.186331,172.186331,4951200
2011-09-08,172.186331,174.109341,171.915467,173.835882,173.835882,7740973
2011-09-09,173.835882,175.112158,173.212160,174.486103,174.486103,9288776
2011-09-12,174.486103,179.115199,172.747738,177.348319,177.348319,9359624
2011-09-13,177.348319,177.544789,176.999331,177.195633,177.195633,6167774
2011-09-14,177.195633,177.871675,176.313664,176.988918,176.988918,6304879
2011-09-15,176.988918,178.734699,176.465304,178.207480,178.207480,7965440
2011-09-16,178.207480,178.958799,178.165306,178.916458,178.916458,6295576
2011-09-19,178.916458,179.079140,176.832332,176.993266,176.993266,6647862
2011-09-20,176.993266,177.482439,176.601304,177.090262,177.090262,5269689
2011-09-21,177.090262,177.972341,177.071816,177.953805,177.953805,3781450
2011-09-22,177.953805,179.581349,176.920190,178.544304,178.544304,4370298
2011-09-23,178.544304,178.980471,175.786069,176.216550,176.216550,6242823
2011-09-26,176.216550,177.374774,176.031733,177.188937,177.188937,4358308
2011-09-27,177.188937,180.097377,175.829259,178.725906,178.725906,9128668
2011-09-28,178.725906,179.813670,175.557497,176.632520,176.632520,4897951
2011-09-29,176.632520,179.162327,176.503387,179.031440,179.031440,8037528
2011-09-30,179.031440,179.667956,176.538120,177.168011,177.168011,6660372
2011-10-03,177.168011,179.639987,176.994636,179.464364,179.464364,20537293
2011-10-04,179.464364,180.091647,177.510662,178.133292,178.133292,4905235
2011-10-05,178.133292,179.086467,175.986775,176.933530,176.933530,6455308
2011-10-06,176.933530,180.943099,176.630615,180.633849,180.633849,5686878
2011-10-07,180.633849,180.896722,179.356405,179.617800,179.617800,3015504
2011-10-10,179.617800,180.191162,177.493827,178.062225,178.062225,9763160
2011-10-11,178.062225,182.721221,177.454049,182.099257,182.099257,5723031
2011-10-12,182.099257,182.678466,180.597663,181.173929,181.173929,12385865
2011-10-13,181.173929,181.939367,178.430487,179.187533,179.187533,7718741
2011-10-14,179.187533,180.953940,177.925762,179.688640,179.688640,5136671
2011-10-17,179.688640,181.226422,176.253350,177.774753,177.774753,5342765
2011-10-18,177.774753,177.886529,177.086867,177.198281,177.198281,3262466
2011-10-19,177.198281,178.809338,176.891843,178.500647,178.500647,6823119
2011-10-20,178.500647,178.526593,175.690050,175.715591,175.715591,2631216
2011-10-21,175.715591,176.137805,174.532849,174.953231,174.953231,4893384
2011-10-24,174.953231,179.544570,173.841933,178.411307,178.411307,4580888
2011-10-25,178.411307,180.514300,177.307508,179.404357,179.404357,5827676
2011-10-26,179.404357,180.605324,179.288541,180.488807,180.488807,4528138
2011-10-27,180.488807,181.221981,179.408113,180.139870,180.139870,8879230
2011-10-28,180.139870,180.786546,179.255145,179.900963,179.900963,2795089
2011-10-31,179.900963,180.108663,179.184632,179.391744,179.391744,6207806
2011-11-01,179.391744,179.723222,178.143644,178.473425,178.473425,4640640
2011-11-02,178.473425,182.651013,177.913116,182.079383,182.079383,7569548
2011-11-03,182.079383,182.845253,178.797134,179.552375,179.552375,6236783
2011-11-04,179.552375,180.130987,177.455159,178.028861,178.028861,6529844
2011-11-07,178.028861,179.343077,177.687197,178.999550,178.999550,6823203
2011-11-08,178.999550,179.390309,176.970832,177.358007,177.358007,7514902
2011-11-09,177.358007,178.765216,176.618319,178.022755,178.022755,4821002
2011-11-10,178.022755,181.214158,177.719670,180.906164,180.906164,6470633
2011-11-11,180.906164,182.137654,179.528278,180.758765,180.758765,6684800
2011-11-14,180.758765,181.975042,180.520711,181.735701,181.735701,4481915
2011-11-15,181.735701,183.110973,180.988167,182.360867,182.360867,8326674
2011-11-16,182.360867,186.119449,181.333435,185.076716,185.076716,5831428
2011-11-17,185.076716,187.152341,184.164880,186.234800,186.234800,7295098
2011-11-18,186.234800,187.024882,185.934008,186.723301,186.723301,4245725
2011-11-21,186.723301,187.967235,186.141104,187.382981,187.382981,11296708
2011-11-22,187.382981,190.290203,186.609522,189.507972,189.507972,8113670
2011-11-23,189.507972,189.535691,188.611875,188.639467,188.639467,5765519
2011-11-24,188.639467,192.407005,188.206863,191.966771,191.966771,6724879
2011-11-25,191.966771,192.610544,189.349912,189.987047,189.987047,5557333
2011-11-28,189.987047,190.386358,188.527775,188.924854,188.924854,7150608
2011-11-29,188.924854,189.187240,185.282002,185.539687,185.539687,4302432
2011-11-30,185.539687,186.318409,182.194653,182.962559,182.962559,9596484
2011-12-01,182.962559,183.988003,179.809299,180.822750,180.822750,13592557
2011-12-02,180.822750,181.973704,180.562703,181.712378,181.712378,7651306
2011-12-05,181.712378,182.357278,178.067319,178.701533,178.701533,5621573
2011-12-06,178.701533,179.735048,176.391383,177.417472,177.417472,8471373
2011-12-07,177.417472,179.147738,177.209877,178.938364,178.938364,6346393
2011-12-08,178.938364,181.065683,178.126311,180.247688,180.247688,8268721
2011-12-09,180.247688,184.586790,179.696581,184.024136,184.024136,11782204
2011-12-12,184.024136,185.643713,183.040031,184.656228,184.656228,6250430
2011-12-13,184.656228,186.615288,182.488303,184.445124,184.445124,4780471
2011-12-14,184.445124,185.022591,182.158035,182.730133,182.730133,8855434
2011-12-15,182.730133,184.032334,182.133471,183.433376,183.433376,4370172
2011-12-16,183.433376,184.406043,181.680736,182.649246,182.649246,3837278
2011-12-19,182.649246,184.925130,181.765416,184.034595,184.034595,7502195
2011-12-20,184.034595,187.271362,183.728147,186.960042,186.960042,7763052
2011-12-21,186.960042,187.401666,186.309466,186.750596,186.750596,6786371
2011-12-22,186.750596,190.369819,185.775709,189.381200,189.381200,5765650
2011-12-23,189.381200,189.824884,188.117537,188.559296,188.559296,9812372
2011-12-26,188.559296,191.161980,187.461410,190.055383,190.055383,5955789
2011-12-27,190.055383,190.655100,189.795721,190.394974,190.394974,10013016
2011-12-28,190.394974,192.928461,189.542515,192.068509,192.068509,7649583
2011-12-29,192.068509,192.522175,189.357097,189.805417,189.805417,4816808
2011-12-30,189.805417,189.967229,185.705169,185.863621,185.863621,3985125
2012-01-02,185.863621,190.170302,185.106266,189.398543,189.398543,3556866
2012-01-03,189.398543,189.934312,189.197742,189.733156,189.733156,6749190
2012-01-04,189.733156,190.382606,188.688151,189.336243,189.336243,5487377
2012-01-05,189.336243,190.466583,188.717374,189.846048,189.846048,9440542
2012-01-06,189.846048,190.220966,184.100203,184.464493,184.464493,4484824
2012-01-09,184.464493,185.326624,181.855078,182.709005,182.709005,5485387
2012-01-10,182.709005,183.562831,180.004563,180.849700,180.849700,3498074
2012-01-11,180.849700,181.108563,179.812569,180.070316,180.070316,6544075
2012-01-12,180.070316,180.187910,176.264743,176.379926,176.379926,5030630
2012-01-13,176.379926,176.520935,175.780589,175.921231,175.921231,2477682
2012-01-16,175.921231,176.705873,173.250415,174.026606,174.026606,5334558
2012-01-17,174.026606,176.055019,173.537517,175.561615,175.561615,4929199
2012-01-18,175.561615,177.004031,175.135570,176.575526,176.575526,7385735
2012-01-19,176.575526,177.099426,174.960946,175.481601,175.481601,4221754
2012-01-20,175.481601,175.685489,175.405472,175.609304,175.609304,4027514
2012-01-23,175.609304,176.607408,174.045778,175.040649,175.040649,7244161
2012-01-24,175.040649,176.493171,167.412095,168.812937,168.812937,8948796
2012-01-25,168.812937,169.767105,168.692343,169.645916,169.645916,7538683
2012-01-26,169.645916,169.741770,168.860129,168.955593,168.955593,4868451
2012-01-27,168.955593,170.078743,168.062811,169.184750,169.184750,8131196
2012-01-30,169.184750,169.468750,167.280479,167.561754,167.561754,4722472
2012-01-31,167.561754,167.879027,165.791030,166.105546,166.105546,5878384
2012-02-01,166.105546,167.045634,164.353733,165.289200,165.289200,8959473
2012-02-02,165.289200,169.895532,164.894059,169.490347,169.490347,4969050
2012-02-03,169.490347,170.247745,168.574462,169.331148,169.331148,4516894
2012-02-06,169.331148,169.532673,167.913961,168.114038,168.114038,5939933
2012-02-07,168.114038,169.995526,167.788639,169.667121,169.667121,10820635
2012-02-08,169.667121,170.435080,169.609726,170.377444,170.377444,6556702
2012-02-09,170.377444,170.990106,169.371830,169.983073,169.983073,3238914
2012-02-10,169.983073,170.348199,168.379484,168.741943,168.741943,6450369
2012-02-13,168.741943,170.221516,168.384709,169.861911,169.861911,4215276
2012-02-14,169.861911,170.613786,166.522818,167.263189,167.263189,3334275
2012-02-15,167.263189,170.843158,166.217728,169.781954,169.781954,5087504
2012-02-16,169.781954,170.127851,169.569505,169.915235,169.915235,12056102
2012-02-17,169.915235,170.364053,157.840838,158.258867,158.258867,5162959
2012-02-20,158.258867,158.624677,154.734950,155.093444,155.093444,9014170
2012-02-21,155.093444,155.951927,153.060864,153.912812,153.912812,12599664
2012-02-22,153.912812,154.643339,153.734469,154.464356,154.464356,7459240
2012-02-23,154.464356,156.414985,154.078063,156.024789,156.024789,5053474
2012-02-24,156.024789,156.102322,154.132074,154.208704,154.208704,3385044
2012-02-27,154.208704,155.060856,152.213686,153.059487,153.059487,8021524
2012-02-28,153.059487,155.452397,153.013659,155.405866,155.405866,5609275
2012-02-29,155.405866,155.790736,154.886197,155.270732,155.270732,12617072
2012-03-01,155.270732,155.423005,154.039219,154.190432,154.190432,3804215
2012-03-02,154.190432,154.218506,152.088302,152.115999,152.115999,11570354
2012-03-05,152.115999,152.665068,149.840408,150.383223,150.383223,6695599
2012-03-06,150.383223,150.462176,150.311760,150.390710,150.390710,4755678
2012-03-07,150.390710,153.408239,149.860561,152.869353,152.869353,3754378
2012-03-08,152.869353,154.594642,152.588244,154.310882,154.310882,6414666
2012-03-09,154.310882,154.351554,153.747481,153.788015,153.788015,5331524
2012-03-12,153.788015,153.913357,153.722931,153.848247,153.848247,7833937
2012-03-13,153.848247,154.259191,151.847707,152.254394,152.254394,9195462
2012-03-14,152.254394,155.374826,151.779065,154.891264,154.891264,3776953
2012-03-15,154.891264,156.202918,154.815694,156.126745,156.126745,10270631
2012-03-16,156.126745,156.352205,153.074786,153.296158,153.296158,5875782
2012-03-19,153.296158,156.567484,152.960840,156.225757,156.225757,7171264
2012-03-20,156.225757,156.969415,155.759809,156.502641,156.502641,5327075
2012-03-21,156.502641,158.371827,156.492219,158.361281,158.361281,8207962
2012-03-22,158.361281,158.792037,157.996703,158.427307,158.427307,5701995
2012-03-23,158.427307,162.226644,157.184853,160.964294,160.964294,5864959
2012-03-26,160.964294,160.998294,159.496071,159.529768,159.529768,7167595
2012-03-27,159.529768,160.589839,156.946731,157.996614,157.996614,4360052
2012-03-28,157.996614,158.239643,154.183523,154.421052,154.421052,8230805
2012-03-29,154.421052,156.744665,154.238123,156.559203,156.559203,3315903
2012-03-30,156.559203,157.687916,153.195481,154.307963,154.307963,5292916
2012-04-02,154.307963,155.354588,154.087972,155.133420,155.133420,7181841
2012-04-03,155.133420,155.303367,153.852752,154.021481,154.021481,7543288
2012-04-04,154.021481,159.416143,153.823565,159.211557,159.211557,9383611
2012-04-05,159.211557,162.553685,158.882582,162.218497,162.218497,3584008
2012-04-06,162.218497,162.680958,161.288721,161.749846,161.749846,3866369
2012-04-09,161.749846,162.496203,160.385680,161.129173,161.129173,7267498
2012-04-10,161.129173,162.512435,160.635677,162.016222,162.016222,4403590
2012-04-11,162.016222,164.696004,161.915233,164.593408,164.593408,3834123
2012-04-12,164.593408,165.867491,161.499219,162.759103,162.759103,5117915
2012-04-13,162.759103,162.819990,160.412583,160.472616,160.472616,6643616
2012-04-16,160.472616,164.682759,159.500399,163.691044,163.691044,5188579
2012-04-17,163.691044,164.181566,163.550725,164.040947,164.040947,7390627
2012-04-18,164.040947,164.527043,163.466127,163.951960,163.951960,5497350
2012-04-19,163.951960,163.984424,157.995830,158.027121,158.027121,5662405
2012-04-20,158.027121,160.771617,157.252336,159.987221,159.987221,4443788
2012-04-23,159.987221,161.259356,158.889013,160.159962,160.159962,4852601
2012-04-24,160.159962,164.561169,160.150395,164.551340,164.551340,6521764
2012-04-25,164.551340,164.966939,163.078984,163.491907,163.491907,5122189
2012-04-26,163.491907,163.782445,162.916881,163.206913,163.206913,7231502
2012-04-27,163.206913,169.640969,162.437888,168.845375,168.845375,5223990
2012-04-30,168.845375,172.142483,168.405254,171.694934,171.694934,5152226
2012-05-01,171.694934,172.529896,171.306219,172.140173,172.140173,6268041
2012-05-02,172.140173,172.675045,169.908035,170.437617,170.437617,8010352
2012-05-03,170.437617,172.202060,169.660202,171.420163,171.420163,3902043
2012-05-04,171.420163,176.801362,170.446351,175.802653,175.802653,2796521
2012-05-07,175.802653,179.256256,175.490906,178.938947,178.938947,7017136
2012-05-08,178.938947,179.969145,176.561125,177.583519,177.583519,5391088
2012-05-09,177.583519,177.712541,175.291798,175.419247,175.419247,5835306
2012-05-10,175.419247,175.689031,174.050752,174.318843,174.318843,5094449
2012-05-11,174.318843,174.961776,168.179977,168.802564,168.802564,6344936
2012-05-14,168.802564,170.493399,168.753958,170.444320,170.444320,5918716
2012-05-15,170.444320,170.748113,168.298171,168.598674,168.598674,5326588
2012-05-16,168.598674,168.888038,168.410667,168.699917,168.699917,3919397
2012-05-17,168.699917,171.499599,168.289861,171.083748,171.083748,7152636
2012-05-18,171.083748,172.176697,170.877701,171.969583,171.969583,3534879
2012-05-21,171.969583,173.426163,171.842875,173.298476,173.298476,6157785
2012-05-22,173.298476,174.584142,170.745343,172.021535,172.021535,4622776
2012-05-23,172.021535,173.377692,168.825563,170.167100,170.167100,3736431
2012-05-24,170.167100,170.346680,169.316470,169.495341,169.495341,8823784
2012-05-25,169.495341,171.316968,169.334387,171.154438,171.154438,2956320
2012-05-28,171.154438,173.073154,170.200551,172.113920,172.113920,4999846
2012-05-29,172.113920,172.415765,168.611949,168.908173,168.908173,3534539
2012-05-30,168.908173,169.517736,163.934701,164.528459,164.528459,4373511
2012-05-31,164.528459,166.691584,163.306958,165.463143,165.463143,4750615
2012-06-01,165.463143,165.687691,165.267944,165.492457,165.492457,5862864
2012-06-04,165.492457,166.071275,164.531508,165.108984,165.108984,4189809
2012-06-05,165.108984,165.781394,160.519709,161.176102,161.176102,7567493
2012-06-06,161.176102,162.515361,161.074529,162.413009,162.413009,6978337
2012-06-07,162.413009,167.460669,161.025544,166.042200,166.042200,3634187
2012-06-08,166.042200,166.966643,163.333921,164.248377,164.248377,6696246
2012-06-11,164.248377,165.026398,163.717370,164.494595,164.494595,10354469
2012-06-12,164.494595,164.906521,162.674758,163.083149,163.083149,7000122
2012-06-13,163.083149,163.239155,161.400516,161.555060,161.555060,5995998
2012-06-14,161.555060,164.958452,161.285689,164.683864,164.683864,8296066
2012-06-15,164.683864,165.108496,162.775015,163.195809,163.195809,5316234
2012-06-18,163.195809,163.489208,161.264333,161.554782,161.554782,9291685
2012-06-19,161.554782,164.867142,160.512008,163.809812,163.809812,6052558
2012-06-20,163.809812,166.897577,162.424947,165.498436,165.498436,4007199
2012-06-21,165.498436,168.583624,165.255849,168.336875,168.336875,9015221
2012-06-22,168.336875,168.752652,167.098957,167.512698,167.512698,5782017
2012-06-25,167.512698,169.551953,167.365178,169.402769,169.402769,4595167
2012-06-26,169.402769,170.212206,168.049403,168.856228,168.856228,4766419
2012-06-27,168.856228,169.154698,167.027870,167.323631,167.323631,6611850
2012-06-28,167.323631,172.464465,167.200891,172.338047,172.338047,8588327
2012-06-29,172.338047,173.178645,170.874462,171.712007,171.712007,4286600
2012-07-02,171.712007,172.155628,169.239054,169.677418,169.677418,5592517
2012-07-03,169.677418,171.527994,169.526010,171.375071,171.375071,14001230
2012-07-04,171.375071,171.490297,170.459601,170.574289,170.574289,11143845
2012-07-05,170.574289,177.665053,169.088553,176.130917,176.130917,3013256
2012-07-06,176.130917,179.156774,174.746973,177.760029,177.760029,5918183
2012-07-09,177.760029,177.875541,176.572842,176.687657,176.687657,4370633
2012-07-10,176.687657,181.304288,176.302697,180.910128,180.910128,6344454
2012-07-11,180.910128,181.292076,180.877060,181.258944,181.258944,6353666
2012-07-12,181.258944,181.512350,179.560629,179.812012,179.812012,8882535
2012-07-13,179.812012,181.812799,179.701557,181.701184,181.701184,5637140
2012-07-16,181.701184,183.020012,180.624338,181.941741,181.941741,7205104
2012-07-17,181.941741,182.505229,181.320599,181.883908,181.883908,5180720
2012-07-18,181.883908,185.390738,181.007667,184.501885,184.501885,5281347
2012-07-19,184.501885,185.086019,183.350415,183.932748,183.932748,9395673
2012-07-20,183.932748,184.287157,182.319129,182.671107,182.671107,5728964
2012-07-23,182.671107,183.333546,180.100105,180.755598,180.755598,5836859
2012-07-24,180.755598,181.905642,177.697358,178.835184,178.835184,5307698
2012-07-25,178.835184,181.337587,178.223495,180.719453,180.719453,7244170
2012-07-26,180.719453,182.193829,180.244495,181.716252,181.716252,5226614
2012-07-27,181.716252,182.131370,179.137971,179.548136,179.548136,5036241
2012-07-30,179.548136,180.447617,176.949991,177.840919,177.840919,5774522
2012-07-31,177.840919,178.261548,173.945097,174.357487,174.357487,7085987
2012-08-01,174.357487,176.401167,173.763615,175.802375,175.802375,3781787
2012-08-02,175.802375,177.167012,175.045161,176.407193,176.407193,6578694
2012-08-03,176.407193,177.217057,175.101600,175.909178,175.909178,5056536
2012-08-06,175.909178,178.035895,175.820064,177.945750,177.945750,8372866
2012-08-07,177.945750,181.074038,177.454666,180.575696,180.575696,13797530
2012-08-08,180.575696,184.426073,180.058460,183.899318,183.899318,7611388
2012-08-09,183.899318,185.829362,183.721183,185.649531,185.649531,7689213
2012-08-10,185.649531,188.958018,184.536093,187.831494,187.831494,8652034
2012-08-13,187.831494,190.454446,186.612310,189.226209,189.226209,6217848
2012-08-14,189.226209,190.994484,188.286150,190.050331,190.050331,3146321
2012-08-15,190.050331,190.170605,189.126828,189.246593,189.246593,7017038
2012-08-16,189.246593,189.329396,188.175308,188.257679,188.257679,22812018
2012-08-17,188.257679,189.587350,187.301592,188.629376,188.629376,6381823
2012-08-20,188.629376,193.410332,187.547389,192.307248,192.307248,8732151
2012-08-21,192.307248,192.883081,190.771837,191.344789,191.344789,3918640
2012-08-22,191.344789,191.679220,189.479270,189.811020,189.811020,3435913
2012-08-23,189.811020,191.274217,185.996003,187.440930,187.440930,5109608
2012-08-24,187.440930,188.046608,181.609890,182.198629,182.198629,13366609
2012-08-27,182.198629,184.941418,180.758684,183.491257,183.491257,4877455
2012-08-28,183.491257,186.248700,183.370970,186.126686,186.126686,3919880
2012-08-29,186.126686,186.989257,184.218695,185.076398,185.076398,8088207
2012-08-30,185.076398,185.276989,181.991571,182.189032,182.189032,7240486
2012-08-31,182.189032,183.051938,179.478196,180.332307,180.332307,6398032
2012-09-03,180.332307,181.513926,177.888487,179.061781,179.061781,9368107
2012-09-04,179.061781,179.144612,175.305966,175.387098,175.387098,6868471
2012-09-05,175.387098,175.445788,173.660261,173.718393,173.718393,9353668
2012-09-06,173.718393,174.630987,173.361453,174.272907,174.272907,9139279
2012-09-07,174.272907,175.887467,173.465925,175.076762,175.076762,7346550
2012-09-10,175.076762,175.138807,174.667476,174.729397,174.729397,4024354
2012-09-11,174.729397,177.880414,174.617877,177.766955,177.766955,5448169
2012-09-12,177.766955,180.212670,177.248027,179.688133,179.688133,6301184
2012-09-13,179.688133,180.373274,178.141724,178.823568,178.823568,8813577
2012-09-14,178.823568,179.112335,178.050817,178.338801,178.338801,6418095
2012-09-17,178.338801,180.111898,178.284083,180.056654,180.056654,8880685
2012-09-18,180.056654,183.115346,179.422107,182.472287,182.472287,2096902
2012-09-19,182.472287,182.517103,179.127871,179.171877,179.171877,8159685
2012-09-20,179.171877,179.258498,178.381649,178.467930,178.467930,5505764
2012-09-21,178.467930,179.186284,176.838906,177.553580,177.553580,8558225
2012-09-24,177.553580,179.273465,177.275792,178.993424,178.993424,7671248
2012-09-25,178.993424,181.169695,178.578459,180.750656,180.750656,7800548
2012-09-26,180.750656,181.684235,177.936885,178.860702,178.860702,3980268
2012-09-27,178.860702,179.906369,177.234607,178.276861,178.276861,6437066
2012-09-28,178.276861,181.224296,178.179126,181.125000,181.125000,4653481
2012-10-01,181.125000,181.594884,179.020283,179.485914,179.485914,10770196
2012-10-02,179.485914,179.963511,176.191720,176.661803,176.661803,3930568
2012-10-03,176.661803,178.407686,176.032261,177.774181,177.774181,6306519
2012-10-04,177.774181,186.236372,176.002368,184.398537,184.398537,5494215
2012-10-05,184.398537,186.624524,183.359450,185.578787,185.578787,3204591
2012-10-08,185.578787,188.387225,184.542621,187.341219,187.341219,10171236
2012-10-09,187.341219,188.785078,186.351555,187.793027,187.793027,5223039
2012-10-10,187.793027,188.780172,187.453045,188.439020,188.439020,8561202
2012-10-11,188.439020,189.563245,188.212119,189.335264,189.335264,7122375
2012-10-12,189.335264,189.808287,189.125366,189.598098,189.598098,6070619
2012-10-15,189.598098,191.078723,188.882544,190.360293,190.360293,4023002
2012-10-16,190.360293,190.377640,187.424435,187.441516,187.441516,4841838
2012-10-17,187.441516,187.494962,185.080492,185.133280,185.133280,6740581
2012-10-18,185.133280,189.399603,183.542240,187.785768,187.785768,5032368
2012-10-19,187.785768,188.550735,183.333595,184.083480,184.083480,5019946
2012-10-22,184.083480,184.715082,181.280330,181.904455,181.904455,5931679
2012-10-23,181.904455,181.938995,179.953984,179.988160,179.988160,8413158
2012-10-24,179.988160,181.430083,179.270077,180.709123,180.709123,7999097
2012-10-25,180.709123,181.285119,178.905051,179.477121,179.477121,7173247
2012-10-26,179.477121,179.556058,178.722182,178.800822,178.800822,6438501
2012-10-29,178.800822,179.746977,177.818406,178.764368,178.764368,4432844
2012-10-30,178.764368,180.429689,178.172983,179.834762,179.834762,5886551
2012-10-31,179.834762,179.894673,179.359338,179.419111,179.419111,7461959
2012-11-01,179.419111,182.094195,179.354197,182.028338,182.028338,6810317
2012-11-02,182.028338,184.358091,181.727944,184.054354,184.054354,3775943
2012-11-05,184.054354,184.842047,179.944837,180.718253,180.718253,6501254
2012-11-06,180.718253,181.091703,175.968356,176.332743,176.332743,6633419
2012-11-07,176.332743,177.172387,175.174079,176.012196,176.012196,5791509
2012-11-08,176.012196,176.780980,172.912810,173.671369,173.671369,6291492
2012-11-09,173.671369,174.000747,170.785530,171.110050,171.110050,3843914
2012-11-12,171.110050,171.157356,170.809236,170.856472,170.856472,4462851
2012-11-13,170.856472,171.063044,165.287348,165.487429,165.487429,5456899
2012-11-14,165.487429,166.690310,165.472386,166.675159,166.675159,7564882
2012-11-15,166.675159,167.964453,166.238173,167.525238,167.525238,3733757
2012-11-16,167.525238,167.705282,166.426056,166.605111,166.605111,3517096
2012-11-19,166.605111,167.149199,163.531840,164.067641,164.067641,5228948
2012-11-20,164.067641,167.993143,163.137153,167.045765,167.045765,8201440
2012-11-21,167.045765,171.332904,166.367421,170.639964,170.639964,6904792
2012-11-22,170.639964,174.760677,169.863556,173.969121,173.969121,3387581
2012-11-23,173.969121,176.683900,173.367128,176.074622,176.074622,3698545
2012-11-26,176.074622,176.230211,174.103708,174.257692,174.257692,7981613
2012-11-27,174.257692,178.210414,172.633170,176.564388,176.564388,4557971
2012-11-28,176.564388,177.915160,175.950138,177.298357,177.298357,3985100
2012-11-29,177.298357,178.080783,174.670264,175.444508,175.444508,6613201
2012-11-30,175.444508,177.502153,174.962153,177.015478,177.015478,8761065
2012-12-03,177.015478,177.504431,175.596704,176.083082,176.083082,8907933
2012-12-04,176.083082,176.617529,174.368120,174.898972,174.898972,3544470
2012-12-05,174.898972,175.549293,173.597116,174.245005,174.245005,6012683
2012-12-06,174.245005,176.889381,173.717984,176.355975,176.355975,7407108
2012-12-07,176.355975,176.752170,175.474364,175.869466,175.869466,9615434
2012-12-10,175.869466,176.288442,166.747194,167.145387,167.145387,3297296
2012-12-11,167.145387,168.372456,166.923323,168.149058,168.149058,6969110
2012-12-12,168.149058,169.308549,167.409908,168.567559,168.567559,5187411
2012-12-13,168.567559,171.485776,167.653251,170.560657,170.560657,9075149
2012-12-14,170.560657,174.871990,168.885230,173.170922,173.170922,5292750
2012-12-17,173.170922,173.239059,171.729784,171.797381,171.797381,6390503
2012-12-18,171.797381,175.927354,171.095435,175.211458,175.211458,6536154
2012-12-19,175.211458,176.072281,174.777089,175.636857,175.636857,15010348
2012-12-20,175.636857,179.034401,175.533888,178.929502,178.929502,4013401
2012-12-21,178.929502,179.499313,173.620564,174.175235,174.175235,9033837
2012-12-24,174.175235,174.908143,173.310060,174.042408,174.042408,7558067
2012-12-25,174.042408,174.297100,172.316069,172.568604,172.568604,6060112
2012-12-26,172.568604,172.979960,170.346008,170.753036,170.753036,7134970
2012-12-27,170.753036,171.458536,170.613415,171.318453,171.318453,5035486
2012-12-28,171.318453,173.948208,171.238451,173.867016,173.867016,5283948
2012-12-31,173.867016,175.140633,173.537475,174.809306,174.809306,3875556
2013-01-01,174.809306,175.205080,173.224401,173.617477,173.617477,8387834
2013-01-02,173.617477,180.121952,172.268321,178.733044,178.733044,4885859
2013-01-03,178.733044,178.798829,176.597158,176.662180,176.662180,5942767
2013-01-04,176.662180,181.484903,175.440425,180.238415,180.238415,3243304
2013-01-07,180.238415,180.879197,177.357814,177.990605,177.990605,6640240
2013-01-08,177.990605,179.062803,174.879108,175.938947,175.938947,4021084
2013-01-09,175.938947,179.288008,175.128043,178.465460,178.465460,11425896
2013-01-10,178.465460,182.278703,176.902797,180.696505,180.696505,8230383
2013-01-11,180.696505,181.888711,180.622560,181.814309,181.814309,4504408
2013-01-14,181.814309,185.305523,181.115746,184.596270,184.596270,7213658
2013-01-15,184.596270,184.749276,181.758217,181.908994,181.908994,6828134
2013-01-16,181.908994,184.880653,181.693120,184.661512,184.661512,10199377
2013-01-17,184.661512,184.963280,183.730917,184.031655,184.031655,5392322
2013-01-18,184.031655,184.135310,184.025250,184.128901,184.128901,3994799
2013-01-21,184.128901,184.958245,183.193986,184.022852,184.022852,8006045
2013-01-22,184.022852,184.754153,183.166914,183.897718,183.897718,4943765
2013-01-23,183.897718,184.471488,180.097028,180.660698,180.660698,4513863
2013-01-24,180.660698,183.920554,179.722981,182.970846,182.970846,6065084
2013-01-25,182.970846,184.159508,182.515179,183.702019,183.702019,5753923
2013-01-28,183.702019,184.123991,183.140290,183.561941,183.561941,7280844
2013-01-29,183.561941,184.220074,182.242033,182.897785,182.897785,6482782
2013-01-30,182.897785,184.262234,181.194296,182.556197,182.556197,5648356
2013-01-31,182.556197,186.494823,181.813448,185.739123,185.739123,4374693
2013-02-01,185.739123,186.652457,181.681031,182.578825,182.578825,2829095
2013-02-04,182.578825,182.666910,180.956207,181.043551,181.043551,5491530
2013-02-05,181.043551,181.816516,180.954694,181.727323,181.727323,3696986
2013-02-06,181.727323,183.041332,178.562137,179.862664,179.862664,5360655
2013-02-07,179.862664,179.920389,178.395182,178.452456,178.452456,3989121
2013-02-08,178.452456,180.357141,173.876534,175.752402,175.752402,5672419
2013-02-11,175.752402,176.547196,173.782869,174.572327,174.572327,15710878
2013-02-12,174.572327,177.105590,174.395591,176.926471,176.926471,11045050
2013-02-13,176.926471,177.443360,167.010836,167.500187,167.500187,6892243
2013-02-14,167.500187,168.894932,167.170765,168.563419,168.563419,3191780
2013-02-15,168.563419,169.662281,168.075660,169.172760,169.172760,3681358
2013-02-18,169.172760,169.287383,167.798115,167.911884,167.911884,10808015
2013-02-19,167.911884,168.856065,164.982211,165.915164,165.915164,10812126
2013-02-20,165.915164,165.915392,163.624351,163.624576,163.624576,4740166
2013-02-21,163.624576,163.739675,161.190892,161.304359,161.304359,3699385
2013-02-22,161.304359,163.349888,161.207612,163.251973,163.251973,3450510
2013-02-25,163.251973,165.853842,162.709010,165.304054,165.304054,5070517
2013-02-26,165.304054,170.103653,164.284013,169.060433,169.060433,13655423
2013-02-27,169.060433,169.249671,168.276467,168.465038,168.465038,5262320
2013-02-28,168.465038,168.794657,167.175349,167.503087,167.503087,7013077
2013-03-01,167.503087,170.567892,166.895640,169.951566,169.951566,8257444
2013-03-04,169.951566,170.260924,167.477497,167.782908,167.782908,3412847
2013-03-05,167.782908,170.065175,167.127516,169.403453,169.403453,6415853
2013-03-06,169.403453,170.557354,167.676508,168.826479,168.826479,3632728
2013-03-07,168.826479,169.379591,168.161744,168.714489,168.714489,4168219
2013-03-08,168.714489,168.957716,164.414655,164.652025,164.652025,3398044
2013-03-11,164.652025,169.009031,164.315946,168.664762,168.664762,3505595
2013-03-12,168.664762,170.518878,168.371643,170.223050,170.223050,8323331
2013-03-13,170.223050,178.777683,169.156687,177.664701,177.664701,13129034
2013-03-14,177.664701,179.326144,177.084960,178.742884,178.742884,5984808
2013-03-15,178.742884,182.375667,178.532198,182.160952,182.160952,6878288
2013-03-18,182.160952,182.395888,181.287682,181.521793,181.521793,7297585
2013-03-19,181.521793,182.375367,178.037153,178.878296,178.878296,5950202
2013-03-20,178.878296,179.260777,176.838778,177.217708,177.217708,5274516
2013-03-21,177.217708,179.362810,176.773936,178.914788,178.914788,6800027
2013-03-22,178.914788,179.710840,177.449779,178.242842,178.242842,9278318
2013-03-25,178.242842,179.284484,173.997299,175.020108,175.020108,7994765
2013-03-26,175.020108,175.481313,174.684596,175.145560,175.145560,9440393
2013-03-27,175.145560,177.620533,174.774321,177.244844,177.244844,4773698
2013-03-28,177.244844,177.312157,175.858881,175.925692,175.925692,10113219
2013-03-29,175.925692,176.684560,175.405078,176.163242,176.163242,8180916
2013-04-01,176.163242,176.841185,175.152623,175.829280,175.829280,5038607
2013-04-02,175.829280,176.419878,175.781744,176.372195,176.372195,3944453
2013-04-03,176.372195,177.276963,174.805526,175.706881,175.706881,5822385
2013-04-04,175.706881,175.763307,174.588146,174.644230,174.644230,2937928
2013-04-05,174.644230,174.881545,170.745098,170.977430,170.977430,5318018
2013-04-08,170.977430,171.231093,169.763435,170.015671,170.015671,7735690
2013-04-09,170.015671,170.458687,169.472937,169.915693,169.915693,5422102
2013-04-10,169.915693,170.526965,168.604173,169.212917,169.212917,8374021
2013-04-11,169.212917,170.485653,169.021364,170.292878,170.292878,3935705
2013-04-12,170.292878,171.835458,170.276230,171.818661,171.818661,4899420
2013-04-15,171.818661,172.865329,165.474195,166.488393,166.488393,4088888
2013-04-16,166.488393,167.339852,163.590429,164.431368,164.431368,8017027
2013-04-17,164.431368,165.900687,164.329260,165.797730,165.797730,8016928
2013-04-18,165.797730,167.952965,165.372404,167.523213,167.523213,6096205
2013-04-19,167.523213,169.874149,166.630352,168.973558,168.973558,7963494
2013-04-22,168.973558,171.809960,168.315210,171.143158,171.143158,4643400
2013-04-23,171.143158,172.062336,170.885654,171.803838,171.803838,5460113
2013-04-24,171.803838,173.388920,171.790606,173.375567,173.375567,9477502
2013-04-25,173.375567,173.771656,173.174581,173.570444,173.570444,4388364
2013-04-26,173.570444,173.742078,172.868283,173.039392,173.039392,5124923
2013-04-29,173.039392,173.202399,171.621595,171.783419,171.783419,4941778
2013-04-30,171.783419,173.028411,166.155726,167.368723,167.368723,6851144
2013-05-01,167.368723,167.610862,167.096674,167.338770,167.338770,5470753
2013-05-02,167.338770,167.528831,165.980150,166.168882,166.168882,5623193
2013-05-03,166.168882,166.922213,164.141559,164.889088,164.889088,4184676
2013-05-06,164.889088,166.636781,164.617168,166.362432,166.362432,2595015
2013-05-07,166.362432,167.223972,161.136310,161.975130,161.975130,4316384
2013-05-08,161.975130,163.030135,161.635652,162.689161,162.689161,5520086
2013-05-09,162.689161,162.954632,160.060543,160.322152,160.322152,7124841
2013-05-10,160.322152,161.640571,158.696560,160.012433,160.012433,11371837
2013-05-13,160.012433,163.479756,159.528952,162.987287,162.987287,9365798
2013-05-14,162.987287,163.054771,162.303546,162.370775,162.370775,6284136
2013-05-15,162.370775,162.661704,161.634464,161.924594,161.924594,3902961
2013-05-16,161.924594,163.019459,159.807835,160.895743,160.895743,5487229
2013-05-17,160.895743,161.368787,159.582177,160.052742,160.052742,3986143
2013-05-20,160.052742,160.371877,157.960767,158.276360,158.276360,9137876
2013-05-21,158.276360,159.588962,157.643453,158.953348,158.953348,5772567
2013-05-22,158.953348,160.541741,157.893916,159.478807,159.478807,3532895
2013-05-23,159.478807,161.155209,158.030211,159.704562,159.704562,5188937
2013-05-24,159.704562,159.814870,157.384275,157.493055,157.493055,4560515
2013-05-27,157.493055,160.567432,157.444345,160.517787,160.517787,8578494
2013-05-28,160.517787,161.443229,159.573214,160.498546,160.498546,5468458
2013-05-29,160.498546,161.457456,157.490239,158.436831,158.436831,9614675
2013-05-30,158.436831,158.511404,158.119946,158.194405,158.194405,6615263
2013-05-31,158.194405,160.636249,157.988213,160.427147,160.427147,8780054
2013-06-03,160.427147,160.473871,160.015070,160.061688,160.061688,6908798
2013-06-04,160.061688,160.307061,156.825861,157.066643,157.066643,7183048
2013-06-05,157.066643,157.506771,156.854131,157.293952,157.293952,7922728
2013-06-06,157.293952,157.809286,156.588922,157.103632,157.103632,6144105
2013-06-07,157.103632,157.167153,153.096020,153.157946,153.157946,7904573
2013-06-10,153.157946,154.324182,152.968500,154.133529,154.133529,8706838
2013-06-11,154.133529,154.631800,153.566797,154.064846,154.064846,6527058
2013-06-12,154.064846,154.176169,153.212191,153.322978,153.322978,7594615
2013-06-13,153.322978,153.551473,153.168319,153.396740,153.396740,3122795
2013-06-14,153.396740,153.922768,153.027346,153.552998,153.552998,3705895
2013-06-17,153.552998,153.959898,151.572436,151.975154,151.975154,5371218
2013-06-18,151.975154,152.287915,150.230674,150.540482,150.540482,6953494
2013-06-19,150.540482,150.626391,147.912484,147.996941,147.996941,7528270
2013-06-20,147.996941,148.651687,147.428596,148.083012,148.083012,5383823
2013-06-21,148.083012,148.112190,144.873845,144.902397,144.902397,9081549
2013-06-24,144.902397,145.808567,142.803855,143.702522,143.702522,11012051
2013-06-25,143.702522,143.914634,141.962193,142.172046,142.172046,4512625
2013-06-26,142.172046,143.744736,141.043635,142.612826,142.612826,4587362
2013-06-27,142.612826,142.656901,141.777673,141.821503,141.821503,4890177
2013-06-28,141.821503,144.413476,141.541372,144.128788,144.128788,4124672
2013-07-01,144.128788,145.084704,143.767540,144.721970,144.721970,5441190
2013-07-02,144.721970,147.142649,144.410060,146.826204,146.826204,3201184
2013-07-03,146.826204,146.901693,144.346177,144.420429,144.420429,5998666
2013-07-04,144.420429,144.452927,140.274079,140.305650,140.305650,6913244
2013-07-05,140.305650,141.376229,138.516651,139.581705,139.581705,4409690
2013-07-08,139.581705,140.302828,137.209627,137.922176,137.922176,5046284
2013-07-09,137.922176,139.122172,137.605657,138.803629,138.803629,6277293
2013-07-10,138.803629,139.063771,138.478508,138.738528,138.738528,7780145
2013-07-11,138.738528,141.123254,138.039741,140.416019,140.416019,4575084
2013-07-12,140.416019,141.748000,139.729463,141.058304,141.058304,7494541
2013-07-15,141.058304,141.654614,140.392522,140.988536,140.988536,4813168
2013-07-16,140.988536,141.234648,140.271277,140.516564,140.516564,4029007
2013-07-17,140.516564,140.747446,140.109008,140.339599,140.339599,4669749
2013-07-18,140.339599,140.716564,138.767660,139.141407,139.141407,8225406
2013-07-19,139.141407,139.464805,137.709028,138.029842,138.029842,3820088
2013-07-22,138.029842,138.656913,137.476001,138.102779,138.102779,7120532
2013-07-23,138.102779,140.340743,138.014786,140.251381,140.251381,2565635
2013-07-24,140.251381,142.366482,139.479936,141.587687,141.587687,8808185
2013-07-25,141.587687,141.846988,138.962635,139.217596,139.217596,5570639
2013-07-26,139.217596,139.574176,138.291568,138.646685,138.646685,7533038
2013-07-29,138.646685,139.664545,138.417426,139.433984,139.433984,4738394
2013-07-30,139.433984,142.035670,138.630815,141.222200,141.222200,7111681
2013-07-31,141.222200,141.452086,138.120649,138.345853,138.345853,4906741
2013-08-01,138.345853,138.540714,138.034044,138.228741,138.228741,5519446
2013-08-02,138.228741,138.310278,133.315900,133.394586,133.394586,3943341
2013-08-05,133.394586,135.544207,133.123433,135.269244,135.269244,5155248
2013-08-06,135.269244,136.226782,134.412912,135.369814,135.369814,6643842
2013-08-07,135.369814,136.047000,134.042417,134.716335,134.716335,7359515
2013-08-08,134.716335,135.160772,133.759038,134.201778,134.201778,3820883
2013-08-09,134.201778,134.360463,132.995097,133.152541,133.152541,7388084
2013-08-12,133.152541,133.217913,133.118691,133.184055,133.184055,4125829
2013-08-13,133.184055,135.159112,132.469506,134.437837,134.437837,7552761
2013-08-14,134.437837,134.505156,134.431965,134.499282,134.499282,3427282
2013-08-15,134.499282,139.019436,134.261501,138.774098,138.774098,2259741
2013-08-16,138.774098,141.431855,137.324385,139.969652,139.969652,8206200
2013-08-19,139.969652,140.120642,138.174564,138.323778,138.323778,6082148
2013-08-20,138.323778,138.531175,136.960926,137.166588,137.166588,6092468
2013-08-21,137.166588,142.037172,136.723838,141.580176,141.580176,4038262
2013-08-22,141.580176,142.849969,140.373399,141.642659,141.642659,6735013
2013-08-23,141.642659,141.885450,141.608913,141.851655,141.851655,8081206
2013-08-26,141.851655,142.578453,140.659560,141.383962,141.383962,5972534
2013-08-27,141.383962,141.655461,139.938140,140.207379,140.207379,5194457
2013-08-28,140.207379,140.281613,139.959546,140.033688,140.033688,4373803
2013-08-29,140.033688,141.058301,138.504804,139.525700,139.525700,5668747
2013-08-30,139.525700,141.343963,139.395374,141.212062,141.212062,5281031
2013-09-02,141.212062,141.583917,138.168347,138.533147,138.533147,7080075
2013-09-03,138.533147,138.650441,136.476788,136.592439,136.592439,2772377
2013-09-04,136.592439,136.706108,135.067683,135.180177,135.180177,5127101
2013-09-05,135.180177,135.837441,134.930340,135.586853,135.586853,8177733
2013-09-06,135.586853,135.696512,134.923047,135.032258,135.032258,6194497
2013-09-09,135.032258,135.490439,132.739556,133.191491,133.191491,5634051
2013-09-10,133.191491,133.568732,131.809480,132.183868,132.183868,3299838
2013-09-11,132.183868,132.667912,130.594492,131.074474,131.074474,7604618
2013-09-12,131.074474,132.652424,130.454273,132.027714,132.027714,4839707
2013-09-13,132.027714,133.212006,131.728494,132.910785,132.910785,5389158
2013-09-16,132.910785,134.110701,132.706991,133.905381,133.905381,5071957
2013-09-17,133.905381,135.779986,133.707461,135.579591,135.579591,6470904
2013-09-18,135.579591,135.581606,134.678794,134.680795,134.680795,5149539
2013-09-19,134.680795,134.867932,131.199327,131.381880,131.381880,5603338
2013-09-20,131.381880,131.557450,131.094534,131.269955,131.269955,7887560
2013-09-23,131.269955,131.835642,130.407496,130.971898,130.971898,5520139
2013-09-24,130.971898,131.510319,127.855321,128.383099,128.383099,7376178
2013-09-25,128.383099,128.419937,127.914839,127.951554,127.951554,5261279
2013-09-26,127.951554,128.488254,126.888152,127.422634,127.422634,7649293
2013-09-27,127.422634,127.853611,127.052036,127.482839,127.482839,5826941
2013-09-30,127.482839,129.523878,127.188690,129.225708,129.225708,6221386
2013-10-01,129.225708,131.711714,128.596876,131.073888,131.073888,3175162
2013-10-02,131.073888,131.253938,126.536907,126.710963,126.710963,4360861
2013-10-03,126.710963,127.364002,126.682597,127.335496,127.335496,8533343
2013-10-04,127.335496,127.369394,125.200843,125.234181,125.234181,10360079
2013-10-07,125.234181,126.112882,122.952431,123.821218,123.821218,7919213
2013-10-08,123.821218,126.821643,123.805863,126.805918,126.805918,4577123
2013-10-09,126.805918,128.069732,125.920753,127.181943,127.181943,12231178
2013-10-10,127.181943,128.426309,126.548626,127.789965,127.789965,4658029
2013-10-11,127.789965,128.374698,127.090860,127.675067,127.675067,4355479
2013-10-14,127.675067,129.097485,124.126872,125.525340,125.525340,6654304
2013-10-15,125.525340,125.902397,124.697933,125.073634,125.073634,10308667
2013-10-16,125.073634,126.023296,123.108844,124.050739,124.050739,7391247
2013-10-17,124.050739,124.101993,123.127160,123.178053,123.178053,7353407
2013-10-18,123.178053,123.961892,120.709539,121.482589,121.482589,5559862
2013-10-21,121.482589,121.576648,120.465719,120.559063,120.559063,6761782
2013-10-22,120.559063,120.785097,120.142208,120.367883,120.367883,4202753
2013-10-23,120.367883,123.160555,119.913614,122.697494,122.697494,6322253
2013-10-24,122.697494,122.710984,122.602676,122.616157,122.616157,3643424
2013-10-25,122.616157,122.771321,115.012771,115.158497,115.158497,5634721
2013-10-28,115.158497,116.688467,114.993299,116.521314,116.521314,3909369
2013-10-29,116.521314,118.780416,116.080799,118.333051,118.333051,11509158
2013-10-30,118.333051,118.500767,116.304669,116.469743,116.469743,5910563
2013-10-31,116.469743,116.495306,115.365709,115.391035,115.391035,5587097
2013-11-01,115.391035,115.902388,110.165167,110.655534,110.655534,4633594
2013-11-04,110.655534,111.664105,110.562344,111.570145,111.570145,5934626
2013-11-05,111.570145,111.892716,111.057039,111.379057,111.379057,4043807
2013-11-06,111.379057,112.249201,110.939378,111.807829,111.807829,6061912
2013-11-07,111.807829,113.253092,111.508120,112.950320,112.950320,10992722
2013-11-08,112.950320,113.906064,112.460364,113.414096,113.414096,7639511
2013-11-11,113.414096,113.744804,111.135528,111.460539,111.460539,5450529
2013-11-12,111.460539,112.867794,111.454479,112.861658,112.861658,7697028
2013-11-13,112.861658,113.292079,112.524550,112.954693,112.954693,10100034
2013-11-14,112.954693,113.487050,112.252597,112.784150,112.784150,6744323
2013-11-15,112.784150,112.794719,111.516063,111.526514,111.526514,5684671
2013-11-18,111.526514,111.576717,109.547474,109.596808,109.596808,4699419
2013-11-19,109.596808,109.883522,107.728827,108.011392,108.011392,6026632
2013-11-20,108.011392,108.189111,107.275166,107.451964,107.451964,3999139
2013-11-21,107.451964,108.411735,107.034712,107.992385,107.992385,5150930
2013-11-22,107.992385,109.355105,107.764710,109.125043,109.125043,6212254
2013-11-25,109.125043,109.274691,107.235035,107.382294,107.382294,4984003
2013-11-26,107.382294,107.780426,104.963712,105.354326,105.354326,8147625
2013-11-27,105.354326,106.186766,105.175132,106.006463,106.006463,4254684
2013-11-28,106.006463,106.726817,102.873314,103.577159,103.577159,7190675
2013-11-29,103.577159,103.983737,103.142411,103.548877,103.548877,4283447
2013-12-02,103.548877,104.060982,100.006567,100.503612,100.503612,8533256
2013-12-03,100.503612,101.271866,100.328023,101.095244,101.095244,6678162
2013-12-04,101.095244,101.162508,100.423532,100.490393,100.490393,11180934
2013-12-05,100.490393,102.314425,99.812437,101.628788,101.628788,8664956
2013-12-06,101.628788,101.689139,101.536222,101.596554,101.596554,5331404
2013-12-09,101.596554,102.759183,101.033886,102.193211,102.193211,9061373
2013-12-10,102.193211,103.868979,102.056418,103.730129,103.730129,9841018
2013-12-11,103.730129,104.581567,102.936630,103.787628,103.787628,6978531
2013-12-12,103.787628,104.502364,103.691696,104.405861,104.405861,4812529
2013-12-13,104.405861,105.370448,103.062103,104.023155,104.023155,5703671
2013-12-16,104.023155,104.559047,103.438459,103.974099,103.974099,8550499
2013-12-17,103.974099,104.472259,102.676693,103.171006,103.171006,6814438
2013-12-18,103.171006,104.224224,103.005099,104.056892,104.056892,8079711
2013-12-19,104.056892,104.320810,102.809481,103.070898,103.070898,4720357
2013-12-20,103.070898,103.362681,101.472603,101.760677,101.760677,3748033
2013-12-23,101.760677,103.940565,101.683503,103.861798,103.861798,7705610
2013-12-24,103.861798,107.027930,103.626274,106.785775,106.785775,5343539
2013-12-25,106.785775,107.138311,106.193453,106.545195,106.545195,5638802
2013-12-26,106.545195,107.021512,105.925609,106.401283,106.401283,6141229
2013-12-27,106.401283,108.381167,105.946752,107.920147,107.920147,5623675
2013-12-30,107.920147,108.524060,106.717919,107.318465,107.318465,5897927
2013-12-31,107.318465,107.658337,106.794855,107.134144,107.134144,10381282
2014-01-01,107.134144,109.537803,106.619161,109.013785,109.013785,8038001
2014-01-02,109.013785,109.022010,108.570620,108.578813,108.578813,6589025
2014-01-03,108.578813,109.497761,106.975197,107.888301,107.888301,9071331
2014-01-06,107.888301,111.805245,107.726719,111.638048,111.638048,8337405
2014-01-07,111.638048,112.706319,111.628256,112.696434,112.696434,6616303
2014-01-08,112.696434,114.485260,112.081170,113.863624,113.863624,6075250
2014-01-09,113.863624,114.299138,111.806526,112.235814,112.235814,4983679
2014-01-10,112.235814,112.328618,111.283343,111.375435,111.375435,4887922
2014-01-13,111.375435,112.018701,111.345483,111.988584,111.988584,6753263
2014-01-14,111.988584,114.331160,111.794471,114.133329,114.133329,5092660
2014-01-15,114.133329,115.767315,113.010205,114.639213,114.639213,7018984
2014-01-16,114.639213,115.646955,114.390120,115.396217,115.396217,5568577
2014-01-17,115.396217,116.731256,115.286126,116.619998,116.619998,3179433
2014-01-20,116.619998,116.946483,115.106877,115.430030,115.430030,7039575
2014-01-21,115.430030,119.499375,115.120415,119.179702,119.179702,4016244
2014-01-22,119.179702,120.500210,118.878606,120.196546,120.196546,8776790
2014-01-23,120.196546,124.751493,119.708501,124.247003,124.247003,6527142
2014-01-24,124.247003,124.318091,123.893288,123.964214,123.964214,4390232
2014-01-27,123.964214,126.128506,123.095116,125.250391,125.250391,9657851
2014-01-28,125.250391,125.598031,122.720814,123.062380,123.062380,5941068
2014-01-29,123.062380,124.886189,122.968441,124.790930,124.790930,4413916
2014-01-30,124.790930,128.781298,124.477806,128.458970,128.458970,7921292
2014-01-31,128.458970,128.715729,128.175450,128.432156,128.432156,5088987
2014-02-03,128.432156,128.831868,126.323999,126.718377,126.718377,5674146
2014-02-04,126.718377,127.416309,126.622875,127.320353,127.320353,5099630
2014-02-05,127.320353,130.312313,125.800715,128.775309,128.775309,7329823
2014-02-06,128.775309,133.637187,128.475679,133.326967,133.326967,3414968
2014-02-07,133.326967,133.697143,131.484878,131.850956,131.850956,7239957
2014-02-10,131.850956,132.137853,126.252518,126.527832,126.527832,6210937
2014-02-11,126.527832,126.741502,124.726042,124.937025,124.937025,10111525
2014-02-12,124.937025,126.943220,123.992458,125.990688,125.990688,6891438
2014-02-13,125.990688,129.617093,125.573803,129.189624,129.189624,7462171
2014-02-14,129.189624,130.123396,126.196405,127.115183,127.115183,13665211
2014-02-17,127.115183,127.695673,123.732908,124.300544,124.300544,4583350
2014-02-18,124.300544,124.508005,123.683579,123.890355,123.890355,4149970
2014-02-19,123.890355,124.671850,121.615811,122.387828,122.387828,6474789
2014-02-20,122.387828,125.260545,122.122982,124.990068,124.990068,5187246
2014-02-21,124.990068,125.817599,124.967551,125.794937,125.794937,7472531
2014-02-24,125.794937,125.898344,123.788792,123.890633,123.890633,5986103
2014-02-25,123.890633,124.560772,122.757582,123.425203,123.425203,6007500
2014-02-26,123.425203,125.270100,122.499310,124.337364,124.337364,7397858
2014-02-27,124.337364,127.652768,124.335996,127.651363,127.651363,14069243
2014-02-28,127.651363,128.237808,126.954633,127.540569,127.540569,3554676
2014-03-03,127.540569,127.608281,126.596493,126.663739,126.663739,3840217
2014-03-04,126.663739,128.878958,125.956011,128.162853,128.162853,10622906
2014-03-05,128.162853,128.324922,127.081508,127.242413,127.242413,6129807
2014-03-06,127.242413,128.337430,126.738068,127.830753,127.830753,6557908
2014-03-07,127.830753,127.948317,127.565067,127.682495,127.682495,4708421
2014-03-10,127.682495,128.275091,126.391292,126.980630,126.980630,4606260
2014-03-11,126.980630,127.156541,126.825716,127.001602,127.001602,2526180
2014-03-12,127.001602,127.633370,126.941547,127.573045,127.573045,4702541
2014-03-13,127.573045,129.116606,127.281401,128.822107,128.822107,6979494
2014-03-14,128.822107,130.012701,128.598804,129.787725,129.787725,3419624
2014-03-17,129.787725,129.888777,127.465413,127.564735,127.564735,5944739
2014-03-18,127.564735,128.841150,126.494527,127.769227,127.769227,9963613
2014-03-19,127.769227,129.017385,127.453588,128.699448,128.699448,3964647
2014-03-20,128.699448,130.985879,128.195517,130.474996,130.474996,2948548
2014-03-21,130.474996,131.011797,130.153041,130.689314,130.689314,5700404
2014-03-24,130.689314,131.656971,129.886370,130.853022,130.853022,3339825
2014-03-25,130.853022,131.057198,129.202297,129.404213,129.404213,6703861
2014-03-26,129.404213,130.557869,129.231635,130.383985,130.383985,3337011
2014-03-27,130.383985,132.579421,129.945280,132.134825,132.134825,6576141
2014-03-28,132.134825,135.283857,131.543892,134.681535,134.681535,3745795
2014-03-31,134.681535,137.303312,133.869757,136.480689,136.480689,6316335
2014-04-01,136.480689,137.055973,136.411432,136.986459,136.986459,7022454
2014-04-02,136.986459,138.518040,136.553413,138.081532,138.081532,7751543
2014-04-03,138.081532,140.544381,137.325364,139.778918,139.778918,5539267
2014-04-04,139.778918,139.887390,137.735892,137.842861,137.842861,9070039
2014-04-07,137.842861,141.649203,137.389720,141.185075,141.185075,12806791
2014-04-08,141.185075,141.361573,139.761456,139.936394,139.936394,4440361
2014-04-09,139.936394,145.657910,139.021970,144.712278,144.712278,6461816
2014-04-10,144.712278,146.527454,144.640690,146.455005,146.455005,7587752
2014-04-11,146.455005,147.085932,144.786699,145.413138,145.413138,10056739
2014-04-14,145.413138,145.701462,143.968591,144.254618,144.254618,8975434
2014-04-15,144.254618,144.951007,142.485916,143.177104,143.177104,4416631
2014-04-16,143.177104,143.665665,140.110726,140.590461,140.590461,4629451
2014-04-17,140.590461,141.061782,136.722803,137.182700,137.182700,3473489
2014-04-18,137.182700,137.895937,136.683701,137.396162,137.396162,6293040
2014-04-21,137.396162,139.450040,137.307240,139.359847,139.359847,3270171
2014-04-22,139.359847,140.603553,139.283585,140.526653,140.526653,9449339
2014-04-23,140.526653,141.460209,140.413186,141.346080,141.346080,6401621
2014-04-24,141.346080,141.561234,141.344814,141.559966,141.559966,5398598
2014-04-25,141.559966,142.610630,138.251092,139.284870,139.284870,7190024
2014-04-28,139.284870,139.985322,139.247598,139.947873,139.947873,6861916
2014-04-29,139.947873,140.018560,139.288427,139.358816,139.358816,5782236
2014-04-30,139.358816,139.989619,138.813728,139.444197,139.444197,8528903
2014-05-01,139.444197,141.840918,138.686890,141.074755,141.074755,4889655
2014-05-02,141.074755,143.632041,140.426316,142.974868,142.974868,4217395
2014-05-05,142.974868,143.050784,142.569960,142.645701,142.645701,4812426
2014-05-06,142.645701,143.008165,142.536273,142.898543,142.898543,5996469
2014-05-07,142.898543,143.817172,142.428114,143.345272,143.345272,5337610
2014-05-08,143.345272,143.738049,140.208387,140.593624,140.593624,3973361
2014-05-09,140.593624,142.862178,140.564478,142.832568,142.832568,9316218
2014-05-12,142.832568,143.265195,139.275013,139.698146,139.698146,4380199
2014-05-13,139.698146,140.267759,139.368377,139.937424,139.937424,5961370
2014-05-14,139.937424,141.197637,139.051581,140.309439,140.309439,4847173
2014-05-15,140.309439,142.167766,140.173105,142.029761,142.029761,6203942
2014-05-16,142.029761,144.905273,141.401891,144.267511,144.267511,7501990
2014-05-19,144.267511,146.100358,143.969821,145.799507,145.799507,3957920
2014-05-20,145.799507,148.971211,145.425306,148.589849,148.589849,3258572
2014-05-21,148.589849,148.727403,146.296065,146.431621,146.431621,3535026
2014-05-22,146.431621,147.430834,145.659340,146.657361,146.657361,10361847
2014-05-23,146.657361,149.437422,146.531410,149.309194,149.309194,7405932
2014-05-26,149.309194,149.822066,147.055569,147.562441,147.562441,7575194
2014-05-27,147.562441,148.336137,146.334820,147.106123,147.106123,6930931
2014-05-28,147.106123,150.095074,146.424565,149.402874,149.402874,5075532
2014-05-29,149.402874,152.599731,148.594904,151.778911,151.778911,7477283
2014-05-30,151.778911,152.287169,142.937658,143.417917,143.417917,3885756
2014-06-02,143.417917,149.218926,143.036635,148.823274,148.823274,3903503
2014-06-03,148.823274,151.637585,147.923853,150.726660,150.726660,6753797
2014-06-04,150.726660,151.902221,147.768630,148.930179,148.930179,6814512
2014-06-05,148.930179,149.771653,145.303657,146.129305,146.129305,6622487
2014-06-06,146.129305,146.839880,142.169175,142.863872,142.863872,6246337
2014-06-09,142.863872,143.979822,142.169090,143.283001,143.283001,5706975
2014-06-10,143.283001,143.381239,141.774559,141.871829,141.871829,6145060
2014-06-11,141.871829,142.121118,136.818052,137.058883,137.058883,6763417
2014-06-12,137.058883,137.607487,134.744105,135.285611,135.285611,6395692
2014-06-13,135.285611,136.299258,134.827540,135.839313,135.839313,5956724
2014-06-16,135.839313,136.320969,135.382225,135.863799,135.863799,5440424
2014-06-17,135.863799,136.060379,135.254633,135.450616,135.450616,3347802
2014-06-18,135.450616,136.251286,134.347820,135.146694,135.146694,9456582
2014-06-19,135.146694,135.331757,135.054299,135.239299,135.239299,7668240
2014-06-20,135.239299,135.266308,131.449419,131.475677,131.475677,4568920
2014-06-23,131.475677,132.347547,130.960722,131.831200,131.831200,6561684
2014-06-24,131.831200,132.105906,129.642715,129.913425,129.913425,11143858
2014-06-25,129.913425,130.178394,128.262627,128.524764,128.524764,4052174
2014-06-26,128.524764,129.284275,128.005874,128.764418,128.764418,6029167
2014-06-27,128.764418,130.687481,128.758264,130.681235,130.681235,1911301
2014-06-30,130.681235,130.874168,129.991501,130.183700,130.183700,5527838
2014-07-01,130.183700,132.657128,129.068280,131.530172,131.530172,5401732
2014-07-02,131.530172,131.813766,129.943014,130.223793,130.223793,9871807
2014-07-03,130.223793,130.344034,130.150607,130.270821,130.270821,5271887
2014-07-04,130.270821,130.693704,128.549838,128.968493,128.968493,7194611
2014-07-07,128.968493,129.358438,127.478373,127.864981,127.864981,3720683
2014-07-08,127.864981,128.657954,127.382394,128.174201,128.174201,6322261
2014-07-09,128.174201,128.585020,128.092409,128.503019,128.503019,5371922
2014-07-10,128.503019,129.802266,127.791994,129.088004,129.088004,7072027
2014-07-11,129.088004,129.714123,123.660394,124.263110,124.263110,6266907
2014-07-14,124.263110,124.510151,122.617726,122.861982,122.861982,3161373
2014-07-15,122.861982,123.894759,121.912219,122.944359,122.944359,10478000
2014-07-16,122.944359,123.103301,122.359074,122.517464,122.517464,6157877
2014-07-17,122.517464,122.562911,122.300413,122.345796,122.345796,6526389
2014-07-18,122.345796,123.145662,121.855106,122.653737,122.653737,7356322
2014-07-21,122.653737,124.372244,122.244094,123.958244,123.958244,5362771
2014-07-22,123.958244,124.227131,121.716754,121.981352,121.981352,6115041
2014-07-23,121.981352,122.601901,121.773615,122.393462,122.393462,3401728
2014-07-24,122.393462,122.883099,120.896791,121.382383,121.382383,7657526
2014-07-25,121.382383,125.126945,121.217036,124.956729,124.956729,5847584
2014-07-28,124.956729,125.658212,121.885111,122.573214,122.573214,7811105
2014-07-29,122.573214,122.602570,121.938962,121.968173,121.968173,5365921
2014-07-30,121.968173,122.666881,120.439805,121.133732,121.133732,4380530
2014-07-31,121.133732,123.434892,120.550057,122.842981,122.842981,4500167
2014-08-01,122.842981,123.915997,122.552735,123.623905,123.623905,11634100
2014-08-04,123.623905,124.551686,121.933589,122.855604,122.855604,7730329
2014-08-05,122.855604,123.024914,122.667562,122.836846,122.836846,4435535
2014-08-06,122.836846,123.903134,121.957502,123.022461,123.022461,5772091
2014-08-07,123.022461,124.644820,122.625519,124.243937,124.243937,6909351
2014-08-08,124.243937,124.755872,123.273543,123.783580,123.783580,5980713
2014-08-11,123.783580,124.235181,123.333572,123.785167,123.785167,4834315
2014-08-12,123.785167,124.821413,122.119300,123.150231,123.150231,5489065
2014-08-13,123.150231,123.699140,122.378269,122.926179,122.926179,7091773
2014-08-14,122.926179,123.900858,122.681158,123.654386,123.654386,16042083
2014-08-15,123.654386,124.208123,120.634965,121.177610,121.177610,9149303
2014-08-18,121.177610,122.977033,121.120778,122.919384,122.919384,7076843
2014-08-19,122.919384,124.067395,122.299882,123.445242,123.445242,10079818
2014-08-20,123.445242,126.350647,123.279167,126.180892,126.180892,4680752
2014-08-21,126.180892,127.031630,124.112704,124.955178,124.955178,8305207
2014-08-22,124.955178,125.305806,123.439454,123.786803,123.786803,4630012
2014-08-25,123.786803,124.119556,121.778921,122.107158,122.107158,5674798
2014-08-26,122.107158,122.242895,121.119551,121.254340,121.254340,7194273
2014-08-27,121.254340,121.556586,118.645076,118.941556,118.941556,6705319
2014-08-28,118.941556,119.858527,118.330600,119.246008,119.246008,4744978
2014-08-29,119.246008,119.443214,118.323079,118.519084,118.519084,6937579
2014-09-01,118.519084,120.408438,117.972010,119.855197,119.855197,4522461
2014-09-02,119.855197,123.083185,119.038157,122.249821,122.249821,6665244
2014-09-03,122.249821,122.868865,121.198030,121.814872,121.814872,6260182
2014-09-04,121.814872,122.353673,121.547096,122.085303,122.085303,6094008
2014-09-05,122.085303,123.625844,121.799483,123.337093,123.337093,4905156
2014-09-08,123.337093,125.195430,122.662573,124.514471,124.514471,6536686
2014-09-09,124.514471,125.440887,124.045544,124.970244,124.970244,7433150
2014-09-10,124.970244,125.355645,122.948521,123.328860,123.328860,11412620
2014-09-11,123.328860,124.483101,122.749237,123.900791,123.900791,6216849
2014-09-12,123.900791,124.794832,123.334446,124.226996,124.226996,5616267
2014-09-15,124.226996,124.934852,119.367373,120.051437,120.051437,11394230
2014-09-16,120.051437,121.324566,119.787291,121.058205,121.058205,7014178
2014-09-17,121.058205,121.537400,120.337300,120.815534,120.815534,4366470
2014-09-18,120.815534,121.696661,119.048346,119.922963,119.922963,12523132
2014-09-19,119.922963,120.934038,118.703506,119.712809,119.712809,7393626
2014-09-22,119.712809,119.812227,119.397383,119.496621,119.496621,6149331
2014-09-23,119.496621,120.569056,117.080857,118.141126,118.141126,8649073
2014-09-24,118.141126,118.322263,114.956039,115.132563,115.132563,6267757
2014-09-25,115.132563,116.532874,114.698088,116.094767,116.094767,5243296
2014-09-26,116.094767,117.693035,115.750216,117.344774,117.344774,4538549
2014-09-29,117.344774,120.609361,116.722585,119.973235,119.973235,6070544
2014-09-30,119.973235,120.533738,119.610269,120.170177,120.170177,8838521
2014-10-01,120.170177,121.966250,120.034815,121.829020,121.829020,6731427
2014-10-02,121.829020,122.594289,118.732034,119.482563,119.482563,3712029
2014-10-03,119.482563,119.774114,117.886255,118.174614,118.174614,6601290
2014-10-06,118.174614,118.865076,118.041705,118.731540,118.731540,3994705
2014-10-07,118.731540,119.180001,118.711893,119.160283,119.160283,6189004
2014-10-08,119.160283,119.515401,117.179657,117.529916,117.529916,7300550
2014-10-09,117.529916,118.514651,114.626882,115.595410,115.595410,8698648
2014-10-10,115.595410,115.893264,114.767443,115.063928,115.063928,6561151
2014-10-13,115.063928,115.544258,114.875470,115.355322,115.355322,5626642
2014-10-14,115.355322,115.857634,114.442599,114.943115,114.943115,11669630
2014-10-15,114.943115,116.307439,114.886904,116.250588,116.250588,5103301
2014-10-16,116.250588,118.350437,115.695559,117.788068,117.788068,8879913
2014-10-17,117.788068,119.214068,117.607636,119.031731,119.031731,7969116
2014-10-20,119.031731,119.318749,115.992152,116.272518,116.272518,10364702
2014-10-21,116.272518,116.543342,112.487195,112.749814,112.749814,6153170
2014-10-22,112.749814,113.618309,112.438012,113.304973,113.304973,5735208
2014-10-23,113.304973,113.383967,113.245019,113.324003,113.324003,3993358
2014-10-24,113.324003,114.355828,112.363032,113.394261,113.394261,5860334
2014-10-27,113.394261,114.351284,110.118405,111.055691,111.055691,9094433
2014-10-28,111.055691,111.656023,109.471923,110.066910,110.066910,5464473
2014-10-29,110.066910,110.577470,106.848148,107.346087,107.346087,4900628
2014-10-30,107.346087,107.670904,105.699430,106.020235,106.020235,6439033
2014-10-31,106.020235,106.153650,105.052711,105.185075,105.185075,8167623
2014-11-03,105.185075,105.190561,103.135945,103.141325,103.141325,8685801
2014-11-04,103.141325,103.776619,103.067900,103.702794,103.702794,6028002
2014-11-05,103.702794,103.754713,102.468166,102.519492,102.519492,2361017
2014-11-06,102.519492,104.094563,102.062944,103.633055,103.633055,5605974
2014-11-07,103.633055,103.789894,103.138191,103.294518,103.294518,4223584
2014-11-10,103.294518,104.297723,102.832702,103.833498,103.833498,4039260
2014-11-11,103.833498,103.842747,103.622790,103.632021,103.632021,3633198
2014-11-12,103.632021,103.822338,101.659311,101.846349,101.846349,5698566
2014-11-13,101.846349,103.484644,101.214403,102.846492,102.846492,4250277
2014-11-14,102.846492,105.832429,102.779012,105.763036,105.763036,4934856
2014-11-17,105.763036,106.678710,105.403182,106.316971,106.316971,4141823
2014-11-18,106.316971,108.110403,105.645003,107.431392,107.431392,4174579
2014-11-19,107.431392,108.048673,106.816578,107.433845,107.433845,7282831
2014-11-20,107.433845,107.617446,106.856958,107.039885,107.039885,7597461
2014-11-21,107.039885,107.953701,106.382529,107.294779,107.294779,7137889
2014-11-24,107.294779,107.432829,105.200981,105.336511,105.336511,5292637
2014-11-25,105.336511,105.625243,104.902070,105.190401,105.190401,7440329
2014-11-26,105.190401,106.120099,103.844044,104.770026,104.770026,10737160
2014-11-27,104.770026,104.835209,104.557891,104.622982,104.622982,3830424
2014-11-28,104.622982,105.243679,103.108613,103.723976,103.723976,7666716
2014-12-01,103.723976,104.338002,103.256919,103.870286,103.870286,11306992
2014-12-02,103.870286,104.563934,103.563067,104.255575,104.255575,6732480
2014-12-03,104.255575,104.298335,103.633261,103.675783,103.675783,10362159
2014-12-04,103.675783,103.711494,103.083246,103.118764,103.118764,12349809
2014-12-05,103.118764,104.355383,102.587416,103.820419,103.820419,7224385
2014-12-08,103.820419,104.044066,103.201156,103.423948,103.423948,8019407
2014-12-09,103.423948,103.750280,102.900373,103.226080,103.226080,5252663
2014-12-10,103.226080,103.946561,101.616992,102.331227,102.331227,7232105
2014-12-11,102.331227,102.388842,101.955441,102.012876,102.012876,3143037
2014-12-12,102.012876,102.246091,98.746199,98.972463,98.972463,4999756
2014-12-15,98.972463,99.469569,98.612988,99.109596,99.109596,7544119
2014-12-16,99.109596,100.490520,98.536199,99.912478,99.912478,4805555
2014-12-17,99.912478,102.589879,99.695590,102.367661,102.367661,7926056
2014-12-18,102.367661,102.826452,101.362407,101.818738,101.818738,5412189
2014-12-19,101.818738,102.411755,101.043687,101.635638,101.635638,4750690
2014-12-22,101.635638,103.603465,101.144398,103.105122,103.105122,7498956
2014-12-23,103.105122,103.120976,102.358016,102.373758,102.373758,9397696
2014-12-24,102.373758,104.275165,101.877287,103.771914,103.771914,5383594
2014-12-25,103.771914,105.701070,103.679019,105.606533,105.606533,4783291
2014-12-26,105.606533,107.612685,104.999464,106.997619,106.997619,4470073
2014-12-29,106.997619,108.278421,106.288039,107.565078,107.565078,4299134
2014-12-30,107.565078,108.583760,106.774422,107.791441,107.791441,5153971
2014-12-31,107.791441,108.219252,105.410935,105.830965,105.830965,5881071
2015-01-01,105.830965,106.174009,103.564732,103.901521,103.901521,4970814
2015-01-02,103.901521,104.179691,101.043550,101.314795,101.314795,3532372
2015-01-05,101.314795,102.319967,100.996691,101.999712,101.999712,4394496
2015-01-06,101.999712,102.236498,101.442497,101.678538,101.678538,6284622
2015-01-07,101.678538,102.309145,100.775841,101.404751,101.404751,4619650
2015-01-08,101.404751,102.535466,101.070048,102.198144,102.198144,6053522
2015-01-09,102.198144,102.730328,100.657249,101.184152,101.184152,10800739
2015-01-12,101.184152,101.502769,100.272615,100.589358,100.589358,7737357
2015-01-13,100.589358,102.073482,100.349864,101.831032,101.831032,7339165
2015-01-14,101.831032,102.828992,101.371853,102.367395,102.367395,5554507
2015-01-15,102.367395,102.627600,101.076538,101.334117,101.334117,4742870
2015-01-16,101.334117,101.469202,100.392758,100.526767,100.526767,6473070
2015-01-19,100.526767,101.181856,98.752087,99.399832,99.399832,4500365
2015-01-20,99.399832,100.056059,96.608461,97.250499,97.250499,7275252
2015-01-21,97.250499,97.909718,96.707155,97.365730,97.365730,8269862
2015-01-22,97.365730,101.270467,96.451294,100.328209,100.328209,4572334
2015-01-23,100.328209,100.968542,100.194294,100.833952,100.833952,9513534
2015-01-26,100.833952,101.749986,100.242128,101.156270,101.156270,7816354
2015-01-27,101.156270,101.330039,101.011818,101.185545,101.185545,3624352
2015-01-28,101.185545,103.743304,100.598111,103.144497,103.144497,5504211
2015-01-29,103.144497,104.764654,102.452694,104.066666,104.066666,3917926
2015-01-30,104.066666,106.002165,103.810973,105.742356,105.742356,5917271
2015-02-02,105.742356,105.852904,102.870388,102.978046,102.978046,4138497
2015-02-03,102.978046,103.400704,100.618627,101.033304,101.033304,9980917
2015-02-04,101.033304,102.383281,100.434842,101.780394,101.780394,9353100
2015-02-05,101.780394,102.127056,101.099482,101.445002,101.445002,10115640
2015-02-06,101.445002,101.614726,99.316962,99.483404,99.483404,6374789
2015-02-09,99.483404,99.779499,98.867607,99.162748,99.162748,6630378
2015-02-10,99.162748,100.140749,98.811961,99.787751,99.787751,4313524
2015-02-11,99.787751,101.470870,99.398480,101.076571,101.076571,7547048
2015-02-12,101.076571,102.093578,100.500244,101.514753,101.514753,3720102
2015-02-13,101.514753,102.291787,100.758461,101.535342,101.535342,6303476
2015-02-16,101.535342,102.383297,100.837259,101.684191,101.684191,10190237
2015-02-17,101.684191,102.164123,92.659450,93.098861,93.098861,4162956
2015-02-18,93.098861,96.242380,92.281376,95.404648,95.404648,5436039
2015-02-19,95.404648,95.431778,92.711380,92.737751,92.737751,13856042
2015-02-20,92.737751,94.163753,92.640673,94.065286,94.065286,8038614
2015-02-23,94.065286,96.145091,93.996767,96.075108,96.075108,5614159
2015-02-24,96.075108,99.937187,95.899513,99.754867,99.754867,4208304
2015-02-25,99.754867,100.196753,98.117569,98.554136,98.554136,7685627
2015-02-26,98.554136,98.792853,98.495229,98.733839,98.733839,6496994
2015-02-27,98.733839,99.721964,95.655666,96.622662,96.622662,6319043
2015-03-02,96.622662,97.437693,95.583663,96.396789,96.396789,6152533
2015-03-03,96.396789,96.551851,96.256313,96.411354,96.411354,16250062
2015-03-04,96.411354,96.652831,95.749544,95.989966,95.989966,4034534
2015-03-05,95.989966,96.386893,93.439803,93.827789,93.827789,6463336
2015-03-06,93.827789,93.976161,93.300573,93.448345,93.448345,4676406
2015-03-09,93.448345,95.937583,92.811554,95.288254,95.288254,6509881
2015-03-10,95.288254,95.541668,95.086527,95.339831,95.339831,5645886
2015-03-11,95.339831,98.046342,95.189935,97.892432,97.892432,6727171
2015-03-12,97.892432,98.021684,97.149110,97.277550,97.277550,7575213
2015-03-13,97.277550,97.423096,95.137329,95.279886,95.279886,7467501
2015-03-16,95.279886,97.127937,95.007999,96.851566,96.851566,3255252
2015-03-17,96.851566,97.180681,96.631162,96.960031,96.960031,6030399
2015-03-18,96.960031,99.017876,95.898431,97.945486,97.945486,8167145
2015-03-19,97.945486,98.112746,94.996680,95.159182,95.159182,8121228
2015-03-20,95.159182,95.417419,94.504120,94.761277,94.761277,8397502
2015-03-23,94.761277,94.886298,93.316363,93.439641,93.439641,5387830
2015-03-24,93.439641,94.918185,93.087951,94.562270,94.562270,6128441
2015-03-25,94.562270,96.219349,94.180051,95.831998,95.831998,3836990
2015-03-26,95.831998,96.032203,95.806900,96.007059,96.007059,5517930
2015-03-27,96.007059,96.464286,94.925428,95.379667,95.379667,10779376
2015-03-30,95.379667,95.602178,93.867711,94.087207,94.087207,6214816
2015-03-31,94.087207,94.592835,93.230963,93.734697,93.734697,5775631
2015-04-01,93.734697,95.789513,93.324532,95.372183,95.372183,5663618
2015-04-02,95.372183,96.770377,95.294193,96.691309,96.691309,7500618
2015-04-03,96.691309,97.006207,95.394740,95.706431,95.706431,7274697
2015-04-06,95.706431,95.894354,94.539400,94.725397,94.725397,10255655
2015-04-07,94.725397,95.580424,94.299126,95.152232,95.152232,5656774
2015-04-08,95.152232,95.550157,94.841618,95.239259,95.239259,6472910
2015-04-09,95.239259,96.149944,95.126776,96.036519,96.036519,5133150
2015-04-10,96.036519,97.956536,95.842564,97.759103,97.759103,7782805
2015-04-13,97.759103,98.390467,97.331259,97.961737,97.961737,11541215
2015-04-14,97.961737,98.014127,97.307858,97.359926,97.359926,7129892
2015-04-15,97.359926,97.719298,96.698822,97.057076,97.057076,6725004
2015-04-16,97.057076,97.587528,94.120742,94.637973,94.637973,20030071
2015-04-17,94.637973,96.187305,94.195745,95.739927,95.739927,4639844
2015-04-20,95.739927,96.105032,92.539711,92.893963,92.893963,8865337
2015-04-21,92.893963,93.016619,92.573104,92.695499,92.695499,5471969
2015-04-22,92.695499,94.063107,92.482144,93.847102,93.847102,8079177
2015-04-23,93.847102,95.017984,93.657511,94.826415,94.826415,7090794
2015-04-24,94.826415,95.253327,93.523783,93.946735,93.946735,2426530
2015-04-27,93.946735,94.057660,92.983201,93.093119,93.093119,10785590
2015-04-28,93.093119,93.545227,92.848263,93.299827,93.299827,5429283
2015-04-29,93.299827,93.683931,92.909355,93.293433,93.293433,5050811
2015-04-30,93.293433,94.803158,93.090304,94.597190,94.597190,7112398
2015-05-01,94.597190,94.695100,94.449778,94.547635,94.547635,3672741
2015-05-04,94.547635,96.575730,94.322244,96.346051,96.346051,7028515
2015-05-05,96.346051,96.767820,94.728551,95.145062,95.145062,5084709
2015-05-06,95.145062,97.911606,94.499636,97.251888,97.251888,7658086
2015-05-07,97.251888,98.699495,97.058690,98.503810,98.503810,4936165
2015-05-08,98.503810,98.964757,98.232083,98.692510,98.692510,5250252
2015-05-11,98.692510,98.853795,98.043993,98.204481,98.204481,6044384
2015-05-12,98.204481,98.301632,97.358957,97.455367,97.455367,6390253
2015-05-13,97.455367,97.610651,96.773086,96.927529,96.927529,6598029
2015-05-14,96.927529,100.251507,96.604470,99.918480,99.918480,8279086
2015-05-15,99.918480,100.640655,99.454219,100.175201,100.175201,5894321
2015-05-18,100.175201,101.309617,99.632448,100.763676,100.763676,5106443
2015-05-19,100.763676,102.580987,100.528412,102.342038,102.342038,6281459
2015-05-20,102.342038,102.687339,101.849571,102.194375,102.194375,10477172
2015-05-21,102.194375,102.404764,101.931478,102.141760,102.141760,4955553
2015-05-22,102.141760,103.668948,101.686810,103.209243,103.209243,9272583
2015-05-25,103.209243,103.531876,102.512230,102.833688,102.833688,8134327
2015-05-26,102.833688,103.248932,102.752707,103.167687,103.167687,4367152
2015-05-27,103.167687,103.244986,103.012960,103.090201,103.090201,6524171
2015-05-28,103.090201,103.189676,102.461898,102.560862,102.560862,2591044
2015-05-29,102.560862,103.483826,102.202626,103.123625,103.123625,4558665
2015-06-01,103.123625,105.602698,102.960878,105.436302,105.436302,9152762
2015-06-02,105.436302,105.775428,104.660550,104.998267,104.998267,6736799
2015-06-03,104.998267,105.424413,103.136150,103.556444,103.556444,7046808
2015-06-04,103.556444,103.923452,102.496192,102.860735,102.860735,5425920
2015-06-05,102.860735,105.561033,102.725723,105.422659,105.422659,6900917
2015-06-08,105.422659,105.442558,104.869048,104.888847,104.888847,8927928
2015-06-09,104.888847,105.818601,104.118323,105.046916,105.046916,7131618
2015-06-10,105.046916,106.984622,104.811021,106.744914,106.744914,4201157
2015-06-11,106.744914,107.358870,105.938302,106.551143,106.551143,4355053
2015-06-12,106.551143,107.011057,103.974768,104.425507,104.425507,10966201
2015-06-15,104.425507,107.204315,103.416842,106.178715,106.178715,3330803
2015-06-16,106.178715,106.468374,105.476081,105.764610,105.764610,3608634
2015-06-17,105.764610,106.304362,105.582907,106.122044,106.122044,6377587
2015-06-18,106.122044,106.440570,105.388403,105.705679,105.705679,8451919
2015-06-19,105.705679,106.003403,104.819912,105.115975,105.115975,3987948
2015-06-22,105.115975,105.577659,102.654569,103.107430,103.107430,7081875
2015-06-23,103.107430,104.604065,102.935210,104.429636,104.429636,4769172
2015-06-24,104.429636,105.383912,104.427350,105.381605,105.381605,4128442
2015-06-25,105.381605,105.535328,103.626951,103.778335,103.778335,5499608
2015-06-26,103.778335,104.405279,102.825915,103.450881,103.450881,5926127
2015-06-29,103.450881,104.472556,103.198236,104.218038,104.218038,6180141
2015-06-30,104.218038,105.827784,103.595407,105.199290,105.199290,7352005
2015-07-01,105.199290,106.300070,104.490601,105.588757,105.588757,8799641
2015-07-02,105.588757,105.807872,104.533033,104.750408,104.750408,7255210
2015-07-03,104.750408,106.481073,104.071323,105.795215,105.795215,7364441
2015-07-06,105.795215,105.906088,105.132734,105.243029,105.243029,4916045
2015-07-07,105.243029,106.415108,104.999816,106.169754,106.169754,6255324
2015-07-08,106.169754,106.634880,104.618517,105.078864,105.078864,7254074
2015-07-09,105.078864,107.972895,104.314162,107.192808,107.192808,3527110
2015-07-10,107.192808,108.170313,106.717025,107.692313,107.692313,3012271
2015-07-13,107.692313,111.865845,107.415802,111.579354,111.579354,9406690
2015-07-14,111.579354,112.561323,111.505043,112.486408,112.486408,3806346
2015-07-15,112.486408,113.350051,110.976201,111.834840,111.834840,5021798
2015-07-16,111.834840,111.979070,109.318995,109.460163,109.460163,11148849
2015-07-17,109.460163,110.652965,109.438749,110.631322,110.631322,4915587
2015-07-20,110.631322,111.162853,108.681456,109.206140,109.206140,5783235
2015-07-21,109.206140,111.033907,108.294456,110.114639,110.114639,4329882
2015-07-22,110.114639,110.164896,109.864456,109.914622,109.914622,9170042
2015-07-23,109.914622,110.385261,109.693723,110.163861,110.163861,6347413
2015-07-24,110.163861,110.860752,109.490925,110.187671,110.187671,3871574
2015-07-27,110.187671,110.288197,109.577941,109.678003,109.678003,4611492
2015-07-28,109.678003,110.031489,109.007517,109.359979,109.359979,9685108
2015-07-29,109.359979,109.957730,108.141705,108.736046,108.736046,4860048
2015-07-30,108.736046,109.608868,108.731121,109.603904,109.603904,5349027
2015-07-31,109.603904,110.037603,109.527268,109.960717,109.960717,3166782
2015-08-03,109.960717,109.989259,109.582081,109.610533,109.610533,7384054
2015-08-04,109.610533,111.171464,109.604053,111.164892,111.164892,6389985
2015-08-05,111.164892,111.682281,111.124385,111.641601,111.641601,10489996
2015-08-06,111.641601,111.681057,110.198824,110.237785,110.237785,8846251
2015-08-07,110.237785,110.584560,108.544306,108.886831,108.886831,10154385
2015-08-10,108.886831,110.240813,108.235248,109.585052,109.585052,1987183
2015-08-11,109.585052,110.382386,109.086476,109.882458,109.882458,7467432
2015-08-12,109.882458,110.630456,108.802420,109.548143,109.548143,6632984
2015-08-13,109.548143,111.738703,109.254510,111.439999,111.439999,5913092
2015-08-14,111.439999,111.658759,106.772438,106.982448,106.982448,8136441
2015-08-17,106.982448,108.352805,106.873153,108.242223,108.242223,4271090
2015-08-18,108.242223,108.529106,105.952336,106.233897,106.233897,6444670
2015-08-19,106.233897,107.047982,106.087022,106.900186,106.900186,8022186
2015-08-20,106.900186,107.124433,105.542131,105.763995,105.763995,8338361
2015-08-21,105.763995,106.205452,105.464179,105.905237,105.905237,5667591
2015-08-24,105.905237,108.012138,105.092171,107.189215,107.189215,5206725
2015-08-25,107.189215,110.095414,107.027289,109.929349,109.929349,4134989
2015-08-26,109.929349,110.351450,109.909038,110.331064,110.331064,4828044
2015-08-27,110.331064,111.359969,109.406244,110.434284,110.434284,11146402
2015-08-28,110.434284,110.738442,107.626832,107.924077,107.924077,8680643
2015-08-31,107.924077,108.470150,107.128079,107.672882,107.672882,4754255
2015-09-01,107.672882,111.435907,106.781250,110.520692,110.520692,6230531
2015-09-02,110.520692,110.713370,109.192962,109.383658,109.383658,5780345
2015-09-03,109.383658,110.541003,109.242571,110.398608,110.398608,5094271
2015-09-04,110.398608,110.932962,108.795774,109.324932,109.324932,5426384
2015-09-07,109.324932,110.815834,108.941005,110.428033,110.428033,7775928
2015-09-08,110.428033,111.191619,109.944116,110.706482,110.706482,7153136
2015-09-09,110.706482,111.803286,110.399420,111.494039,111.494039,8049560
2015-09-10,111.494039,112.072078,109.207203,109.776336,109.776336,3182257
2015-09-11,109.776336,110.038855,108.117546,108.376717,108.376717,5517807
2015-09-14,108.376717,109.506070,107.711407,108.837928,108.837928,6883494
2015-09-15,108.837928,108.922875,108.327618,108.412233,108.412233,7151232
2015-09-16,108.412233,108.699831,107.162468,107.447507,107.447507,3430026
2015-09-17,107.447507,107.532521,106.561762,106.646143,106.646143,4784487
2015-09-18,106.646143,106.709146,105.974817,106.037460,106.037460,5207214
2015-09-21,106.037460,107.292033,105.955734,107.209405,107.209405,5546025
2015-09-22,107.209405,107.595906,104.501165,104.879266,104.879266,4476120
2015-09-23,104.879266,105.850389,103.242230,104.207129,104.207129,2595998
2015-09-24,104.207129,104.626303,104.189390,104.608496,104.608496,4354263
2015-09-25,104.608496,105.679690,104.391161,105.460585,105.460585,6684119
2015-09-28,105.460585,105.464162,105.269602,105.273172,105.273172,3492512
2015-09-29,105.273172,105.309720,103.036748,103.072532,103.072532,4023349
2015-09-30,103.072532,103.609820,102.593853,103.130870,103.130870,7801471
2015-10-01,103.130870,104.119026,102.649712,103.635513,103.635513,11991034
2015-10-02,103.635513,104.115737,103.534573,104.014427,104.014427,7659314
2015-10-05,104.014427,104.054124,102.940377,102.979679,102.979679,7007747
2015-10-06,102.979679,103.119696,102.727542,102.867406,102.867406,4290410
2015-10-07,102.867406,105.567197,101.926821,104.610672,104.610672,6728569
2015-10-08,104.610672,106.237554,103.987017,105.607954,105.607954,3534906
2015-10-09,105.607954,105.808336,105.120972,105.320810,105.320810,4382635
2015-10-12,105.320810,105.516054,104.458576,104.652582,104.652582,3909535
2015-10-13,104.652582,105.301100,104.649703,105.298204,105.298204,5899319
2015-10-14,105.298204,105.483714,104.604445,104.789058,104.789058,2457886
2015-10-15,104.789058,105.184421,100.351551,100.731605,100.731605,8779040
2015-10-16,100.731605,100.870500,99.099388,99.236222,99.236222,7974252
2015-10-19,99.236222,101.757717,98.584799,101.094098,101.094098,5143258
2015-10-20,101.094098,101.666044,99.975812,100.544650,100.544650,5386242
2015-10-21,100.544650,100.996692,99.597035,100.046840,100.046840,6112938
2015-10-22,100.046840,101.984797,99.531084,101.461747,101.461747,4751974
2015-10-23,101.461747,101.964013,100.787245,101.288654,101.288654,7055997
2015-10-26,101.288654,101.887795,100.981505,101.579764,101.579764,5037032
2015-10-27,101.579764,101.627970,99.983805,100.031277,100.031277,4083185
2015-10-28,100.031277,100.507423,99.517767,99.993735,99.993735,6171515
2015-10-29,99.993735,100.311247,98.225237,98.538127,98.538127,6430351
2015-10-30,98.538127,99.105194,98.484870,99.051658,99.051658,5580120
2015-11-02,99.051658,99.157140,98.214228,98.318930,98.318930,6069622
2015-11-03,98.318930,100.492938,97.835739,100.001477,100.001477,11910974
2015-11-04,100.001477,100.070490,99.515604,99.584328,99.584328,12248844
2015-11-05,99.584328,100.229623,99.474740,100.119446,100.119446,3723851
2015-11-06,100.119446,102.296158,99.979108,102.152970,102.152970,4761749
2015-11-09,102.152970,102.373726,100.725498,100.943641,100.943641,5511073
2015-11-10,100.943641,101.212581,100.901306,101.170151,101.170151,10730489
2015-11-11,101.170151,102.170545,99.979148,100.977639,100.977639,7529104
2015-11-12,100.977639,101.842231,100.924714,101.788881,101.788881,4928180
2015-11-13,101.788881,103.930036,101.430838,103.565743,103.565743,3839995
2015-11-16,103.565743,104.292575,102.748860,103.475056,103.475056,5397260
2015-11-17,103.475056,104.196536,103.158803,103.879049,103.879049,4396021
2015-11-18,103.879049,105.039000,103.562063,104.719450,104.719450,4947168
2015-11-19,104.719450,106.204444,104.449051,105.930916,105.930916,4119617
2015-11-20,105.930916,107.130221,105.825053,107.023266,107.023266,4399654
2015-11-23,107.023266,110.527296,106.818735,110.316471,110.316471,5478345
2015-11-24,110.316471,110.429782,110.081745,110.194931,110.194931,9357435
2015-11-25,110.194931,110.673859,109.713103,110.192019,110.192019,5651786
2015-11-26,110.192019,111.138177,110.154093,111.099939,111.099939,5335190
2015-11-27,111.099939,112.045682,110.854668,111.798868,111.798868,7051514
2015-11-30,111.798868,112.434483,109.531720,110.158005,110.158005,7914184
2015-12-01,110.158005,111.047521,108.433259,109.315976,109.315976,5982581
2015-12-02,109.315976,109.586480,109.039244,109.309733,109.309733,5947582
2015-12-03,109.309733,113.349225,109.018447,113.047977,113.047977,5184001
2015-12-04,113.047977,113.103483,111.988781,112.043794,112.043794,9467734
2015-12-07,112.043794,114.139238,112.013108,114.107986,114.107986,4010793
2015-12-08,114.107986,115.120787,113.427902,114.438732,114.438732,8482997
2015-12-09,114.438732,115.075906,114.095508,114.731802,114.731802,3758098
2015-12-10,114.731802,116.797634,114.279422,116.338917,116.338917,6263731
2015-12-11,116.338917,116.900636,115.525596,116.086094,116.086094,3927287
2015-12-14,116.086094,116.554570,115.916817,116.384857,116.384857,5216795
2015-12-15,116.384857,116.572158,115.165914,115.351551,115.351551,12713402
2015-12-16,115.351551,116.957831,114.911262,116.513108,116.513108,8580561
2015-12-17,116.513108,117.542893,116.352073,117.380658,117.380658,3708884
2015-12-18,117.380658,117.668619,116.060390,116.345812,116.345812,4482860
2015-12-21,116.345812,116.680655,116.101019,116.435672,116.435672,7509331
2015-12-22,116.435672,116.712267,115.695842,115.971334,115.971334,4100840
2015-12-23,115.971334,117.385266,115.809358,117.221544,117.221544,4754311
2015-12-24,117.221544,118.770773,116.859956,118.405533,118.405533,7856520
2015-12-25,118.405533,120.167323,117.783794,119.539629,119.539629,3975780
2015-12-28,119.539629,119.670172,118.738295,118.868105,118.868105,8425011
2015-12-29,118.868105,119.244557,118.107352,118.482583,118.482583,11075220
2015-12-30,118.482583,118.643208,118.004164,118.164357,118.164357,5827848
2015-12-31,118.164357,118.818085,118.072192,118.725482,118.725482,6570304
2016-01-01,118.725482,119.224976,118.618860,119.118001,119.118001,6327456
2016-01-04,119.118001,119.747856,116.458032,117.077095,117.077095,5190015
2016-01-05,117.077095,117.906864,116.132422,116.961371,116.961371,4740034
2016-01-06,116.961371,117.286003,116.515091,116.839384,116.839384,5965563
2016-01-07,116.839384,117.408415,116.751843,117.320513,117.320513,4730735
2016-01-08,117.320513,117.677670,114.565283,114.915117,114.915117,5090052
2016-01-11,114.915117,115.169688,113.085830,113.336905,113.336905,3724419
2016-01-12,113.336905,114.129230,112.296001,113.086577,113.086577,4071021
2016-01-13,113.086577,116.133961,112.893859,115.936386,115.936386,4694420
2016-01-14,115.936386,117.674661,115.692235,117.427370,117.427370,10891301
2016-01-15,117.427370,118.545336,115.548691,116.659345,116.659345,4644557
2016-01-18,116.659345,117.922122,115.894041,117.153575,117.153575,6587049
2016-01-19,117.153575,117.436281,116.684959,116.967216,116.967216,3717463
2016-01-20,116.967216,118.550383,116.459615,118.038134,118.038134,5645352
2016-01-21,118.038134,118.282639,116.880574,117.123183,117.123183,6479332
2016-01-22,117.123183,117.257378,115.178572,115.310691,115.310691,4517556
2016-01-25,115.310691,116.598305,114.930668,116.215301,116.215301,5319570
2016-01-26,116.215301,116.849078,114.060965,114.686404,114.686404,6367767
2016-01-27,114.686404,116.544024,114.647212,116.504211,116.504211,6006375
2016-01-28,116.504211,117.966586,116.373117,117.833996,117.833996,4691180
2016-01-29,117.833996,117.925526,117.354403,117.445632,117.445632,3705069
2016-02-01,117.445632,124.220966,116.971664,123.721670,123.721670,5596185
2016-02-02,123.721670,124.267653,123.242785,123.788508,123.788508,4559190
2016-02-03,123.788508,125.714893,122.959428,124.878513,124.878513,4707899
2016-02-04,124.878513,125.387149,122.838427,123.340800,123.340800,6060516
2016-02-05,123.340800,123.884209,123.187656,123.730581,123.730581,8019740
2016-02-08,123.730581,125.245476,122.701790,124.212676,124.212676,7567425
2016-02-09,124.212676,124.593570,123.998126,124.378733,124.378733,6563761
2016-02-10,124.378733,125.668435,123.222228,124.510703,124.510703,11077316
2016-02-11,124.510703,125.457679,123.909397,124.854711,124.854711,4425877
2016-02-12,124.854711,125.293556,122.580270,123.012640,123.012640,8572906
2016-02-15,123.012640,123.598119,122.326899,122.911898,122.911898,6451349
2016-02-16,122.911898,123.490968,122.050441,122.628174,122.628174,12067011
2016-02-17,122.628174,122.714716,121.579862,121.665724,121.665724,4326016
2016-02-18,121.665724,122.145075,121.094447,121.573435,121.573435,7861298
2016-02-19,121.573435,122.622370,121.455041,122.503071,122.503071,4532281
2016-02-22,122.503071,126.360835,121.903612,125.745508,125.745508,12306887
2016-02-23,125.745508,128.719189,124.485819,127.442500,127.442500,6384642
2016-02-24,127.442500,127.580298,126.421419,126.558261,126.558261,4781005
2016-02-25,126.558261,129.047449,125.702657,128.180876,128.180876,4122357
2016-02-26,128.180876,128.259466,127.321778,127.399889,127.399889,5395793
2016-02-29,127.399889,127.638255,126.692513,126.930000,126.930000,7978393
2016-03-01,126.930000,127.354001,126.862352,127.286164,127.286164,6003179
2016-03-02,127.286164,128.005687,126.757497,127.476231,127.476231,5606603
2016-03-03,127.476231,130.834856,127.193642,130.545463,130.545463,8125494
2016-03-04,130.545463,133.236825,130.121699,132.805725,132.805725,4118996
2016-03-07,132.805725,132.889763,130.991939,131.074883,131.074883,10563296
2016-03-08,131.074883,137.372635,129.995167,136.250287,136.250287,8416009
2016-03-09,136.250287,137.549591,135.563002,136.859234,136.859234,4613726
2016-03-10,136.859234,137.411055,135.581522,136.130404,136.130404,9946858
2016-03-11,136.130404,136.786710,135.934762,136.590406,136.590406,9521251
2016-03-14,136.590406,137.012423,136.571583,136.993544,136.993544,6068412
2016-03-15,136.993544,137.071291,136.355542,136.432971,136.432971,10158874
2016-03-16,136.432971,137.344094,133.301799,134.197997,134.197997,5446687
2016-03-17,134.197997,134.247707,131.639761,131.688542,131.688542,7436289
2016-03-18,131.688542,132.128043,131.126437,131.565527,131.565527,4950247
2016-03-21,131.565527,133.440330,131.015691,132.884979,132.884979,7430280
2016-03-22,132.884979,133.218124,130.572290,130.900459,130.900459,11408534
2016-03-23,130.900459,132.821424,130.539024,132.455694,132.455694,3000523
2016-03-24,132.455694,133.290375,131.472828,132.306569,132.306569,4971140
2016-03-25,132.306569,132.993664,130.682541,131.364744,131.364744,8655325
2016-03-28,131.364744,132.626429,131.211295,132.471686,132.471686,5936388
2016-03-29,132.471686,132.545998,132.049964,132.124081,132.124081,8111691
2016-03-30,132.124081,133.358530,131.925397,133.158290,133.158290,3487850
2016-03-31,133.158290,133.402486,133.107406,133.351528,133.351528,15065795
2016-04-01,133.351528,134.257733,131.085105,131.982003,131.982003,5217160
2016-04-04,131.982003,132.640159,130.836611,131.492325,131.492325,5014499
2016-04-05,131.492325,133.480221,131.284560,133.269647,133.269647,3925899
2016-04-06,133.269647,135.798548,132.588694,135.108201,135.108201,5189845
2016-04-07,135.108201,135.875335,132.960348,133.719597,133.719597,5385388
2016-04-08,133.719597,136.628004,133.392490,136.294598,136.294598,4725502
2016-04-11,136.294598,138.005625,136.060712,137.769209,137.769209,5497804
2016-04-12,137.769209,138.549339,137.724053,138.503943,138.503943,5067437
2016-04-13,138.503943,143.695102,138.328104,143.512904,143.512904,5072463
2016-04-14,143.512904,146.321738,142.092808,144.888034,144.888034,6403834
2016-04-15,144.888034,145.188348,142.771988,143.068530,143.068530,6607554
2016-04-18,143.068530,143.894798,140.874260,141.692582,141.692582,5866467
2016-04-19,141.692582,142.650845,138.213922,139.155024,139.155024,16518500
2016-04-20,139.155024,139.964897,136.374920,137.173259,137.173259,7459910
2016-04-21,137.173259,139.823062,136.985036,139.631466,139.631466,7902755
2016-04-22,139.631466,142.268906,138.744928,141.371322,141.371322,4588083
2016-04-25,141.371322,143.722718,140.184730,142.526431,142.526431,11814058
2016-04-26,142.526431,142.542586,142.379544,142.395683,142.395683,5753639
2016-04-27,142.395683,142.670726,139.590784,139.860930,139.860930,2382149
2016-04-28,139.860930,140.205924,137.753172,138.093807,138.093807,7906012
2016-04-29,138.093807,138.229904,136.044209,136.178419,136.178419,3886043
2016-05-02,136.178419,140.116746,135.650363,139.575517,139.575517,3645682
2016-05-03,139.575517,140.254845,136.914216,137.583850,137.583850,7709906
2016-05-04,137.583850,137.772195,136.781132,136.968635,136.968635,5407718
2016-05-05,136.968635,139.325500,136.630520,138.982414,138.982414,8360772
2016-05-06,138.982414,139.505159,138.268034,138.790056,138.790056,7995584
2016-05-09,138.790056,141.492214,137.419080,140.108217,140.108217,2577166
2016-05-10,140.108217,141.467181,137.149504,138.492799,138.492799,7409274
2016-05-11,138.492799,138.963294,135.972241,136.435748,136.435748,3937808
2016-05-12,136.435748,136.561998,135.338398,135.463749,135.463749,6444150
2016-05-13,135.463749,137.134734,135.127373,136.795052,136.795052,3842157
2016-05-16,136.795052,136.976348,134.901320,135.080343,135.080343,4761363
2016-05-17,135.080343,135.196393,132.323752,132.437531,132.437531,6081880
2016-05-18,132.437531,133.238023,131.147264,131.944778,131.944778,6515681
2016-05-19,131.944778,132.160365,131.703075,131.918619,131.918619,6355335
2016-05-20,131.918619,133.575060,131.888037,133.544101,133.544101,7108270
2016-05-23,133.544101,133.914034,133.168839,133.538758,133.538758,2398497
2016-05-24,133.538758,133.637971,131.452348,131.550084,131.550084,8250482
2016-05-25,131.550084,132.167166,131.540417,132.157454,132.157454,9069540
2016-05-26,132.157454,133.393835,131.660281,132.893891,132.893891,3499974
2016-05-27,132.893891,135.347203,132.657673,135.107052,135.107052,5263901
2016-05-30,135.107052,137.600013,133.807430,136.289021,136.289021,4512275
2016-05-31,136.289021,138.736601,136.185039,138.630832,138.630832,4172756
2016-06-01,138.630832,139.009312,137.284119,137.659949,137.659949,3926736
2016-06-02,137.659949,137.966371,136.137984,136.441696,136.441696,11270709
2016-06-03,136.441696,138.993408,135.645701,138.187230,138.187230,7204710
2016-06-06,138.187230,138.425347,135.967049,136.201745,136.201745,4757298
2016-06-07,136.201745,137.154688,135.956173,136.907843,136.907843,4920759
2016-06-08,136.907843,140.059633,136.460677,139.603662,139.603662,9061439
2016-06-09,139.603662,139.899180,138.247034,138.540301,138.540301,5883678
2016-06-10,138.540301,140.219524,138.122034,139.797461,139.797461,4899910
2016-06-13,139.797461,140.810300,139.533431,140.544858,140.544858,6002459
2016-06-14,140.544858,140.826545,139.590346,139.870681,139.870681,5947385
2016-06-15,139.870681,140.960558,139.573148,140.661344,140.661344,2567305
2016-06-16,140.661344,141.705633,140.371311,141.414048,141.414048,7106535
2016-06-17,141.414048,141.748370,136.757359,137.081439,137.081439,5060184
2016-06-20,137.081439,137.236397,134.798346,134.950896,134.950896,3503758
2016-06-21,134.950896,139.851310,134.780208,139.674646,139.674646,7787055
2016-06-22,139.674646,139.855521,138.116537,138.295626,138.295626,5555893
2016-06-23,138.295626,138.432637,138.139985,138.276977,138.276977,4229937
2016-06-24,138.276977,138.643037,136.071728,136.432906,136.432906,4584842
2016-06-27,136.432906,136.533389,135.873018,135.973163,135.973163,9633442
2016-06-28,135.973163,136.478484,131.042559,131.531372,131.531372,4538335
2016-06-29,131.531372,132.528421,130.154404,131.148551,131.148551,7435071
2016-06-30,131.148551,131.307746,131.103061,131.262218,131.262218,10190219
2016-07-01,131.262218,135.501273,130.386176,134.602936,134.602936,12058542
2016-07-04,134.602936,134.822140,133.478400,133.696127,133.696127,6856948
2016-07-05,133.696127,135.539947,133.170950,135.009611,135.009611,6848428
2016-07-06,135.009611,136.340282,134.854971,136.184297,136.184297,5754144
2016-07-07,136.184297,136.383123,133.887021,134.082778,134.082778,4445872
2016-07-08,134.082778,134.830149,131.541125,132.278439,132.278439,4981972
2016-07-11,132.278439,134.572064,131.785284,134.072222,134.072222,7984752
2016-07-12,134.072222,134.377159,133.920748,134.225512,134.225512,5455543
2016-07-13,134.225512,138.954228,134.049155,138.771897,138.771897,13115934
2016-07-14,138.771897,138.875463,138.026212,138.129298,138.129298,7307198
2016-07-15,138.129298,139.150313,137.379871,138.399420,138.399420,5273128
2016-07-18,138.399420,139.646963,137.384916,138.630763,138.630763,8806716
2016-07-19,138.630763,140.743233,137.602102,139.706590,139.706590,5288372
2016-07-20,139.706590,139.850798,136.785789,136.927128,136.927128,4959473
2016-07-21,136.927128,137.713177,136.464108,137.249068,137.249068,7777206
2016-07-22,137.249068,137.392617,135.571677,135.713620,135.713620,2735094
2016-07-25,135.713620,136.399867,134.025827,134.706984,134.706984,3600442
2016-07-26,134.706984,135.310722,133.077050,133.676168,133.676168,2550716
2016-07-27,133.676168,134.631244,130.743521,131.684367,131.684367,6604118
2016-07-28,131.684367,131.803074,130.076703,130.194066,130.194066,8134548
2016-07-29,130.194066,130.559132,128.542413,128.903861,128.903861,11335269
2016-08-01,128.903861,129.692295,128.548255,129.335498,129.335498,5686034
2016-08-02,129.335498,130.359815,126.991369,128.005149,128.005149,3510306
2016-08-03,128.005149,130.237532,127.411099,129.635914,129.635914,7510904
2016-08-04,129.635914,129.754665,128.869923,128.988081,128.988081,8092932
2016-08-05,128.988081,130.091124,128.152978,129.254298,129.254298,3739518
2016-08-08,129.254298,129.485635,127.398895,127.627320,127.627320,6470222
2016-08-09,127.627320,128.120883,127.357778,127.850869,127.850869,7376282
2016-08-10,127.850869,130.163096,127.484089,129.790751,129.790751,4762701
2016-08-11,129.790751,131.553687,129.473412,131.232823,131.232823,5416598
2016-08-12,131.232823,131.317634,131.131245,131.216045,131.216045,4785108
2016-08-15,131.216045,131.735290,130.121311,130.638270,130.638270,6256829
2016-08-16,130.638270,130.735851,130.038160,130.135365,130.135365,7287716
2016-08-17,130.135365,132.480065,129.438381,131.774303,131.774303,9038215
2016-08-18,131.774303,133.406962,131.301338,132.929849,132.929849,5670304
2016-08-19,132.929849,134.089618,132.420113,133.577399,133.577399,7335638
2016-08-22,133.577399,134.834825,133.316160,134.571642,134.571642,5194922
2016-08-23,134.571642,135.036610,133.620552,134.083835,134.083835,5773614
2016-08-24,134.083835,136.853710,133.904458,136.670871,136.670871,5976200
2016-08-25,136.670871,140.790289,136.294061,140.403189,140.403189,5701130
2016-08-26,140.403189,141.223919,139.917169,140.736744,140.736744,4476476
2016-08-29,140.736744,140.994941,134.361041,134.607994,134.607994,6400531
2016-08-30,134.607994,134.895382,133.834271,134.120619,134.120619,10315036
2016-08-31,134.120619,135.078584,133.685673,134.641947,134.641947,2919737
2016-09-01,134.641947,135.685511,133.712844,134.755623,134.755623,4861129
2016-09-02,134.755623,136.017210,128.921597,130.139972,130.139972,5085430
2016-09-05,130.139972,130.774158,127.546475,128.171067,128.171067,6907650
2016-09-06,128.171067,128.504343,127.989493,128.322555,128.322555,6689683
2016-09-07,128.322555,128.370536,127.329804,127.377431,127.377431,5404392
2016-09-08,127.377431,129.307674,126.696301,128.619900,128.619900,6409181
2016-09-09,128.619900,133.388984,128.354485,133.114295,133.114295,7463625
2016-09-12,133.114295,134.111816,132.746135,133.741921,133.741921,5391671
2016-09-13,133.741921,134.396677,133.653830,134.308212,134.308212,6560700
2016-09-14,134.308212,134.668631,129.301531,129.649448,129.649448,6447913
2016-09-15,129.649448,131.416525,129.175732,130.938100,130.938100,4224856
2016-09-16,130.938100,133.376622,130.387238,132.817852,132.817852,6679255
2016-09-19,132.817852,133.270007,131.889788,132.340317,132.340317,7902643
2016-09-20,132.340317,135.600932,131.020595,134.262045,134.262045,5047513
2016-09-21,134.262045,134.441171,133.982684,134.161676,134.161676,8436992
2016-09-22,134.161676,134.457706,132.161377,132.453639,132.453639,7658554
2016-09-23,132.453639,132.913039,130.391745,130.845568,130.845568,5244379
2016-09-26,130.845568,131.904228,130.625659,131.682911,131.682911,6591321
2016-09-27,131.682911,133.945371,131.199403,133.455355,133.455355,7946306
2016-09-28,133.455355,134.001684,129.169968,129.700927,129.700927,9161692
2016-09-29,129.700927,131.832152,128.890327,131.013349,131.013349,3529678
2016-09-30,131.013349,134.208403,130.657847,133.845217,133.845217,9666011
2016-10-03,133.845217,134.310069,132.213266,132.674051,132.674051,5245774
2016-10-04,132.674051,133.180568,128.841560,129.335330,129.335330,7667871
2016-10-05,129.335330,129.585151,129.205000,129.454700,129.454700,6905045
2016-10-06,129.454700,129.464773,127.361848,127.371759,127.371759,12961859
2016-10-07,127.371759,128.010824,126.973072,127.611387,127.611387,4487289
2016-10-10,127.611387,128.234338,126.034138,126.652408,126.652408,7547588
2016-10-11,126.652408,127.437843,124.656263,125.434144,125.434144,4290692
2016-10-12,125.434144,125.718251,124.225203,124.507211,124.507211,4895475
2016-10-13,124.507211,124.531392,124.298787,124.322932,124.322932,5167230
2016-10-14,124.322932,125.674768,124.142747,125.492887,125.492887,3033149
2016-10-17,125.492887,125.496703,122.082800,122.086512,122.086512,4331057
2016-10-18,122.086512,123.546564,121.947841,123.406394,123.406394,4796346
2016-10-19,123.406394,124.213337,123.195378,124.001304,124.001304,5197993
2016-10-20,124.001304,124.537239,123.528816,124.064509,124.064509,4333042
2016-10-21,124.064509,124.629440,121.501634,122.057426,122.057426,10575372
2016-10-24,122.057426,123.648433,121.695676,123.283051,123.283051,6791346
2016-10-25,123.283051,123.919249,122.639723,123.275885,123.275885,4957429
2016-10-26,123.275885,123.703460,122.755549,123.182801,123.182801,4739961
2016-10-27,123.182801,123.249634,122.396503,122.462946,122.462946,5796027
2016-10-28,122.462946,126.092968,122.309518,125.935190,125.935190,5050804
2016-10-31,125.935190,126.693993,124.104459,124.856764,124.856764,4034040
2016-11-01,124.856764,125.300941,124.435308,124.879408,124.879408,2743830
2016-11-02,124.879408,124.948695,123.771930,123.840640,123.840640,6156125
2016-11-03,123.840640,124.064675,123.726143,123.950077,123.950077,7242019
2016-11-04,123.950077,127.038627,122.784933,125.855572,125.855572,5109975
2016-11-07,125.855572,126.701531,125.779095,126.624587,126.624587,7537538
2016-11-08,126.624587,127.241497,126.461955,127.078283,127.078283,6428083
2016-11-09,127.078283,127.325327,126.361203,126.607331,126.607331,5157260
2016-11-10,126.607331,127.141358,126.226123,126.759692,126.759692,7073830
2016-11-11,126.759692,129.403137,126.493775,129.132243,129.132243,8573346
2016-11-14,129.132243,130.566413,128.643916,130.074523,130.074523,6698870
2016-11-15,130.074523,130.375985,128.581037,128.879730,128.879730,5688501
2016-11-16,128.879730,131.882532,128.861404,131.863782,131.863782,3742743
2016-11-17,131.863782,132.272749,131.143586,131.551584,131.551584,4860259
2016-11-18,131.551584,133.062356,131.170809,132.678320,132.678320,5530665
2016-11-21,132.678320,133.390293,128.623176,129.317113,129.317113,7270583
2016-11-22,129.317113,129.829230,129.095978,129.607598,129.607598,12435809
2016-11-23,129.607598,130.496237,129.307867,130.195147,130.195147,6162979
2016-11-24,130.195147,131.908559,129.582609,131.290866,131.290866,3870610
2016-11-25,131.290866,131.970934,130.718741,131.398340,131.398340,13762013
2016-11-28,131.398340,131.938096,131.372903,131.912559,131.912559,7601113
2016-11-29,131.912559,132.247065,131.506212,131.840535,131.840535,5076614
2016-11-30,131.840535,132.065147,130.175697,130.397850,130.397850,11380625
2016-12-01,130.397850,135.294083,130.083568,134.968783,134.968783,3416321
2016-12-02,134.968783,135.238793,132.981001,133.247568,133.247568,3298726
2016-12-05,133.247568,134.731957,132.825488,134.306523,134.306523,6387016
2016-12-06,134.306523,135.181211,134.275084,135.149574,135.149574,6771813
2016-12-07,135.149574,138.024820,134.375494,137.238774,137.238774,9111114
2016-12-08,137.238774,138.011863,136.873951,137.645957,137.645957,5959324
2016-12-09,137.645957,138.266217,136.390089,137.007472,137.007472,9391745
2016-12-12,137.007472,137.473164,133.869270,134.325847,134.325847,3969647
2016-12-13,134.325847,134.973780,134.086556,134.733762,134.733762,6784750
2016-12-14,134.733762,134.864195,133.137992,133.267005,133.267005,5386983
2016-12-15,133.267005,133.397823,130.771093,130.899587,130.899587,4849756
2016-12-16,130.899587,131.277295,128.298408,128.669682,128.669682,6783313
2016-12-19,128.669682,129.508268,126.870036,127.702318,127.702318,5245345
2016-12-20,127.702318,127.989961,126.724515,127.010601,127.010601,6102060
2016-12-21,127.010601,129.052990,126.204845,128.239438,128.239438,4072744
2016-12-22,128.239438,128.970715,125.995142,126.717741,126.717741,7809445
2016-12-23,126.717741,127.367421,125.482456,126.129117,126.129117,4561575
2016-12-26,126.129117,126.716085,125.142506,125.727605,125.727605,8802420
2016-12-27,125.727605,126.117255,123.998749,124.384236,124.384236,4585879
2016-12-28,124.384236,124.411391,120.940836,120.967245,120.967245,7325443
2016-12-29,120.967245,121.384200,117.815693,118.223190,118.223190,4728693
2016-12-30,118.223190,119.001719,117.763820,118.541113,118.541113,10426181
2017-01-02,118.541113,119.195393,117.525579,118.177854,118.177854,5670345
2017-01-03,118.177854,118.181377,116.929670,116.933156,116.933156,8781970
2017-01-04,116.933156,117.122895,115.828584,116.016837,116.016837,6422111
2017-01-05,116.016837,116.900391,115.674565,116.556527,116.556527,3976424
2017-01-06,116.556527,117.379365,116.545756,117.368519,117.368519,5063064
2017-01-09,117.368519,118.090541,117.116677,117.837692,117.837692,9864074
2017-01-10,117.837692,119.170037,117.799608,119.131534,119.131534,7420014
2017-01-11,119.131534,120.137686,118.776031,119.780247,119.780247,7250618
2017-01-12,119.780247,120.369918,118.336466,118.921911,118.921911,5126845
2017-01-13,118.921911,119.032073,116.214516,116.322269,116.322269,4227109
2017-01-16,116.322269,119.092363,115.208072,117.962455,117.962455,5778341
2017-01-17,117.962455,118.749795,115.751880,116.529657,116.529657,3614979
2017-01-18,116.529657,117.175963,116.485094,117.131171,117.131171,6512902
2017-01-19,117.131171,117.228701,116.749243,116.846537,116.846537,10073487
2017-01-20,116.846537,117.376390,115.510194,116.036373,116.036373,7688365
2017-01-23,116.036373,116.357135,115.323665,115.643340,115.643340,3075668
2017-01-24,115.643340,116.945410,114.703605,116.002755,116.002755,5192730
2017-01-25,116.002755,116.990202,114.680433,115.665005,115.665005,9423359
2017-01-26,115.665005,118.114868,114.700183,117.137761,117.137761,8717559
2017-01-27,117.137761,117.859548,116.573574,117.294607,117.294607,5961929
2017-01-30,117.294607,118.248615,116.800158,117.752237,117.752237,11169595
2017-01-31,117.752237,117.928235,117.283674,117.459234,117.459234,4315479
2017-02-01,117.459234,117.487946,116.425986,116.454452,116.454452,5867958
2017-02-02,116.454452,118.505465,116.091113,118.136877,118.136877,6733363
2017-02-03,118.136877,119.565003,118.127369,119.555381,119.555381,7572488
2017-02-06,119.555381,120.172972,117.669240,118.280244,118.280244,13750812
2017-02-07,118.280244,120.027933,117.982529,119.726578,119.726578,4888489
2017-02-08,119.726578,121.444538,119.157392,120.869916,120.869916,3393316
2017-02-09,120.869916,121.065634,119.739926,119.934129,119.934129,4196621
2017-02-10,119.934129,120.422787,117.811451,118.293424,118.293424,11425992
2017-02-13,118.293424,122.621703,117.537393,121.842986,121.842986,3903050
2017-02-14,121.842986,122.755381,121.420566,122.331268,122.331268,9187317
2017-02-15,122.331268,122.762482,118.505403,118.924608,118.924608,7672975
2017-02-16,118.924608,119.887990,118.673422,119.635303,119.635303,3869513
2017-02-17,119.635303,120.293127,118.846032,119.503130,119.503130,4273415
2017-02-20,119.503130,120.184071,119.400777,120.081223,120.081223,4347263
2017-02-21,120.081223,122.508468,119.925667,122.349974,122.349974,7294408
2017-02-22,122.349974,123.908143,122.125895,123.681625,123.681625,8002674
2017-02-23,123.681625,124.709326,123.555513,124.582295,124.582295,6732872
2017-02-24,124.582295,124.856058,124.403655,124.677281,124.677281,2534804
2017-02-27,124.677281,125.014936,123.544514,123.880011,123.880011,6163216
2017-02-28,123.880011,126.241703,122.965681,125.316768,125.316768,5607507
2017-03-01,125.316768,126.163620,123.194669,124.032844,124.032844,6489552
2017-03-02,124.032844,124.180988,123.363870,123.511391,123.511391,7122232
2017-03-03,123.511391,124.154963,122.703606,123.346317,123.346317,10315210
2017-03-06,123.346317,124.220732,121.483301,122.350657,122.350657,6928025
2017-03-07,122.350657,123.170511,120.116722,120.927037,120.927037,3342717
2017-03-08,120.927037,120.996558,120.157169,120.226288,120.226288,5595210
2017-03-09,120.226288,121.188568,119.585277,120.545854,120.545854,3434436
2017-03-10,120.545854,120.968364,119.288167,119.707740,119.707740,2830613
2017-03-13,119.707740,120.871086,119.337473,120.498374,120.498374,5969792
2017-03-14,120.498374,124.836880,119.980122,124.302268,124.302268,16502638
2017-03-15,124.302268,125.542460,124.031822,125.269909,125.269909,5847791
2017-03-16,125.269909,127.562740,124.181912,126.464370,126.464370,17390431
2017-03-17,126.464370,126.605703,126.096380,126.237460,126.237460,15908221
2017-03-20,126.237460,128.137912,125.644336,127.538674,127.538674,3591767
2017-03-21,127.538674,127.691290,124.967624,125.117342,125.117342,5838325
2017-03-22,125.117342,128.277831,125.092793,128.252667,128.252667,6120542
2017-03-23,128.252667,129.159307,128.066659,128.972255,128.972255,4090022
2017-03-24,128.972255,130.401997,128.310523,129.736344,129.736344,8500151
2017-03-27,129.736344,131.096806,129.165658,130.522661,130.522661,7121832
2017-03-28,130.522661,131.159932,127.053231,127.676606,127.676606,4929087
2017-03-29,127.676606,127.787537,126.637404,126.747528,126.747528,4120190
2017-03-30,126.747528,127.660832,126.378363,127.290087,127.290087,3391048
2017-03-31,127.290087,128.654091,127.139075,128.501642,128.501642,11167123
2017-04-03,128.501642,129.154952,127.936113,128.589039,128.589039,6868886
2017-04-04,128.589039,129.001620,127.917853,128.329601,128.329601,3615302
2017-04-05,128.329601,129.955856,128.240815,129.866007,129.866007,8492107
2017-04-06,129.866007,130.277928,127.042374,127.446621,127.446621,5191076
2017-04-07,127.446621,128.278403,125.110827,125.932729,125.932729,3135004
2017-04-10,125.932729,126.032231,122.978991,123.076236,123.076236,10601645
2017-04-11,123.076236,123.360266,122.357567,122.640592,122.640592,6720456
2017-04-12,122.640592,123.755148,121.791708,122.904437,122.904437,7103719
2017-04-13,122.904437,123.782009,120.346944,121.212435,121.212435,11495628
2017-04-14,121.212435,121.330740,120.908260,121.026384,121.026384,6453218
2017-04-17,121.026384,121.692924,119.065141,119.724511,119.724511,8726633
2017-04-18,119.724511,119.804117,119.147042,119.226318,119.226318,4069876
2017-04-19,119.226318,119.928991,118.585035,119.287380,119.287380,7647799
2017-04-20,119.287380,120.703312,118.646991,120.058782,120.058782,3873801
2017-04-21,120.058782,120.978525,119.607388,120.525376,120.525376,5229371
2017-04-24,120.525376,120.595263,120.407669,120.477528,120.477528,4322705
2017-04-25,120.477528,121.329376,118.816142,119.662225,119.662225,3432459
2017-04-26,119.662225,119.858939,117.592602,117.786232,117.786232,6126940
2017-04-27,117.786232,119.812555,117.014609,119.032766,119.032766,7527656
2017-04-28,119.032766,121.636256,119.030858,121.634306,121.634306,2363781
2017-05-01,121.634306,122.457994,118.947602,119.758588,119.758588,11816728
2017-05-02,119.758588,120.201447,119.006246,119.447956,119.447956,3853028
2017-05-03,119.447956,120.711279,119.241372,120.502870,120.502870,7642090
2017-05-04,120.502870,120.910745,117.789304,118.189347,118.189347,4678323
2017-05-05,118.189347,118.307365,117.734848,117.852529,117.852529,11041951
2017-05-08,117.852529,117.879098,116.544743,116.571023,116.571023,3994527
2017-05-09,116.571023,116.691795,114.982500,115.101749,115.101749,6686432
2017-05-10,115.101749,115.723218,114.740369,115.361023,115.361023,6163222
2017-05-11,115.361023,115.728260,113.888989,114.252698,114.252698,7005283
2017-05-12,114.252698,114.655799,114.155679,114.558521,114.558521,4865918
2017-05-15,114.558521,116.752805,113.835959,116.021018,116.021018,8479706
2017-05-16,116.021018,118.484384,114.698643,117.149150,117.149150,5070980
2017-05-17,117.149150,117.672249,115.171059,115.687631,115.687631,7932941
2017-05-18,115.687631,116.387723,115.546313,116.245723,116.245723,6037149
2017-05-19,116.245723,117.483729,115.188611,116.424987,116.424987,5744781
2017-05-22,116.424987,119.278045,115.678287,118.517921,118.517921,4245830
2017-05-23,118.517921,119.595100,117.150521,118.225038,118.225038,10253483
2017-05-24,118.225038,122.386999,118.184012,122.344542,122.344542,2255699
2017-05-25,122.344542,122.855706,121.100631,121.608720,121.608720,7233048
2017-05-26,121.608720,122.452153,121.035289,121.877454,121.877454,7373350
2017-05-29,121.877454,122.048720,120.607847,120.777567,120.777567,4728390
2017-05-30,120.777567,122.742770,120.567613,122.529770,122.529770,6345221
2017-05-31,122.529770,126.148581,121.824976,125.427122,125.427122,5393137
2017-06-01,125.427122,128.659541,125.173411,128.399817,128.399817,6237346
2017-06-02,128.399817,128.951309,125.730428,126.272783,126.272783,5940877
2017-06-05,126.272783,126.516149,125.551934,125.794378,125.794378,7530689
2017-06-06,125.794378,126.483558,124.459589,125.145213,125.145213,4585469
2017-06-07,125.145213,125.497031,124.021565,124.371206,124.371206,6511430
2017-06-08,124.371206,124.704542,124.150671,124.483807,124.483807,4664271
2017-06-09,124.483807,126.138619,123.916627,125.566507,125.566507,9126069
2017-06-12,125.566507,125.931185,123.921717,124.282668,124.282668,6197563
2017-06-13,124.282668,124.353753,123.336943,123.407528,123.407528,7603222
2017-06-14,123.407528,125.117394,123.034768,124.740607,124.740607,6824979
2017-06-15,124.740607,125.912400,124.531520,125.701701,125.701701,4439847
2017-06-16,125.701701,126.020295,125.179567,125.497644,125.497644,6076481
2017-06-19,125.497644,126.122567,125.055049,125.679331,125.679331,6164375
2017-06-20,125.679331,127.706865,124.757589,126.777072,126.777072,13838701
2017-06-21,126.777072,128.364051,126.494940,128.079022,128.079022,9989674
2017-06-22,128.079022,129.600527,127.897397,129.417005,129.417005,6718855
2017-06-23,129.417005,130.194628,126.760422,127.526688,127.526688,2776492
2017-06-26,127.526688,128.536455,127.060494,128.068281,128.068281,3828480
2017-06-27,128.068281,128.117700,127.780593,127.829921,127.829921,6888099
2017-06-28,127.829921,127.972477,125.153467,125.293195,125.293195,4822338
2017-06-29,125.293195,126.673053,125.166969,126.545566,126.545566,6822523
2017-06-30,126.545566,126.929588,125.321534,125.702999,125.702999,9288837
2017-07-03,125.702999,125.757127,125.509241,125.563308,125.563308,3973512
2017-07-04,125.563308,126.708091,123.488973,124.625203,124.625203,4451958
2017-07-05,124.625203,126.310422,124.593352,126.278149,126.278149,4950753
2017-07-06,126.278149,129.608456,126.192935,129.521053,129.521053,6251767
2017-07-07,129.521053,131.769015,128.942078,131.182613,131.182613,7636646
2017-07-10,131.182613,132.063966,130.482313,131.362705,131.362705,5905946
2017-07-11,131.362705,133.261053,131.075995,132.970833,132.970833,9816532
2017-07-12,132.970833,133.068838,131.123966,131.220680,131.220680,8482598
2017-07-13,131.220680,131.997726,129.351157,130.121695,130.121695,20613156
2017-07-14,130.121695,133.036999,129.358317,132.261070,132.261070,7351593
2017-07-17,132.261070,132.292594,131.332833,131.364143,131.364143,4160624
2017-07-18,131.364143,131.499517,131.259205,131.394555,131.394555,9208413
2017-07-19,131.394555,131.455467,130.610232,130.670809,130.670809,10709753
2017-07-20,130.670809,131.151757,125.277440,125.740241,125.740241,8089735
2017-07-21,125.740241,126.041743,123.048792,123.344550,123.344550,6426409
2017-07-24,123.344550,124.705764,123.164195,124.523684,124.523684,5473672
2017-07-25,124.523684,126.365988,124.053162,125.890302,125.890302,8541240
2017-07-26,125.890302,127.777269,125.657505,127.541419,127.541419,2810559
2017-07-27,127.541419,128.148335,127.318743,127.924990,127.924990,4045210
2017-07-28,127.924990,128.618267,126.584269,127.274018,127.274018,4989679
2017-07-31,127.274018,127.693839,126.494146,126.912775,126.912775,3354303
2017-08-01,126.912775,126.929241,125.921806,125.938145,125.938145,6277765
2017-08-02,125.938145,128.517758,125.790885,128.367657,128.367657,5290173
2017-08-03,128.367657,130.377903,127.841985,129.846177,129.846177,5226227
2017-08-04,129.846177,130.428924,129.420399,130.002633,130.002633,5149776
2017-08-07,130.002633,132.669581,129.375767,132.032925,132.032925,8671824
2017-08-08,132.032925,135.697592,131.927854,135.589691,135.589691,5187458
2017-08-09,135.589691,135.782103,135.058629,135.250560,135.250560,3683599
2017-08-10,135.250560,138.698806,134.208533,137.638382,137.638382,4145106
2017-08-11,137.638382,139.158490,137.079603,138.595824,138.595824,6251933
2017-08-14,138.595824,138.636493,138.328620,138.369222,138.369222,8188150
2017-08-15,138.369222,140.744613,137.828151,140.196396,140.196396,5714247
2017-08-16,140.196396,141.627841,139.995203,141.424885,141.424885,6295420
2017-08-17,141.424885,141.509860,141.151934,141.236796,141.236796,5129455
2017-08-18,141.236796,141.367382,140.389463,140.519386,140.519386,4995149
2017-08-21,140.519386,141.222557,139.357331,140.058194,140.058194,9133397
2017-08-22,140.058194,140.131435,139.242627,139.315480,139.315480,3447766
2017-08-23,139.315480,140.081252,139.302214,140.067915,140.067915,6069716
2017-08-24,140.067915,140.289168,138.915021,139.134799,139.134799,7211120
2017-08-25,139.134799,140.183073,138.726516,139.772918,139.772918,10903273
2017-08-28,139.772918,139.927189,137.800613,137.952876,137.952876,5423740
2017-08-29,137.952876,140.393267,137.865021,140.303914,140.303914,8842086
2017-08-30,140.303914,140.899287,136.603385,137.185525,137.185525,9908461
2017-08-31,137.185525,138.213306,136.421288,137.447610,137.447610,7066522
2017-09-01,137.447610,137.825169,136.569118,136.945297,136.945297,8477940
2017-09-04,136.945297,138.677152,136.826509,138.556965,138.556965,10727888
2017-09-05,138.556965,139.026953,136.941243,137.407331,137.407331,3037857
2017-09-06,137.407331,138.063865,135.948385,136.601066,136.601066,3952526
2017-09-07,136.601066,136.750850,136.587007,136.736776,136.736776,6169154
2017-09-08,136.736776,137.051954,135.613069,135.926379,135.926379,5061033
2017-09-11,135.926379,139.200747,133.837976,137.094398,137.094398,4101595
2017-09-12,137.094398,137.493953,137.041323,137.440744,137.440744,4607929
2017-09-13,137.440744,138.172040,136.934205,137.664676,137.664676,6886014
2017-09-14,137.664676,139.030221,136.884428,138.246675,138.246675,5002778
2017-09-15,138.246675,138.662117,138.042572,138.457703,138.457703,3373096
2017-09-18,138.457703,141.991938,137.679840,141.198676,141.198676,7174231
2017-09-19,141.198676,145.238191,139.980490,143.995872,143.995872,7426824
2017-09-20,143.995872,143.997190,141.823821,141.825119,141.825119,5798162
2017-09-21,141.825119,142.497526,141.554564,142.226205,142.226205,3856376
2017-09-22,142.226205,142.311992,140.186227,140.270834,140.270834,6348997
2017-09-25,140.270834,140.976938,139.399618,140.104888,140.104888,2472871
2017-09-26,140.104888,140.123763,138.870439,138.889151,138.889151,8704717
2017-09-27,138.889151,139.137186,137.948134,138.194930,138.194930,4767447
2017-09-28,138.194930,138.524624,137.689177,138.018449,138.018449,3733249
2017-09-29,138.018449,141.001307,136.708231,139.675359,139.675359,6545530
2017-10-02,139.675359,140.231657,139.663928,140.220181,140.220181,6514942
2017-10-03,140.220181,140.579931,139.920546,140.280168,140.280168,6614286
2017-10-04,140.280168,140.462457,140.003748,140.185915,140.185915,6284703
2017-10-05,140.185915,141.594368,136.980398,138.370612,138.370612,4690987
2017-10-06,138.370612,139.365744,137.815182,138.808555,138.808555,2826799
2017-10-09,138.808555,139.015144,136.721454,136.925240,136.925240,9425934
2017-10-10,136.925240,137.062064,134.846801,134.981683,134.981683,5670898
2017-10-11,134.981683,136.989541,134.940371,136.947628,136.947628,3532691
2017-10-12,136.947628,138.292651,136.426007,137.767906,137.767906,4898187
2017-10-13,137.767906,139.703488,137.537006,139.469736,139.469736,4669732
2017-10-16,139.469736,139.739370,138.478058,138.746293,138.746293,6421191
2017-10-17,138.746293,140.562347,138.333926,140.145820,140.145820,4869401
2017-10-18,140.145820,140.298179,138.864667,139.015797,139.015797,5023986
2017-10-19,139.015797,139.773984,138.965517,139.723447,139.723447,6309449
2017-10-20,139.723447,140.518215,139.482481,140.276296,140.276296,7019333
2017-10-23,140.276296,141.990711,139.473591,141.182819,141.182819,7093183
2017-10-24,141.182819,141.781496,137.237555,137.821981,137.821981,4074704
2017-10-25,137.821981,137.964698,136.363294,136.504647,136.504647,6468698
2017-10-26,136.504647,138.718114,135.712886,137.918154,137.918154,2830280
2017-10-27,137.918154,137.987102,137.384953,137.453669,137.453669,7807576
2017-10-30,137.453669,142.588240,137.042835,142.163329,142.163329,7755897
2017-10-31,142.163329,145.210748,141.607360,144.645074,144.645074,5992919
2017-11-01,144.645074,145.076323,140.754158,141.175061,141.175061,4494953
2017-11-02,141.175061,141.523295,139.753407,140.098987,140.098987,7621682
2017-11-03,140.098987,141.735816,139.882611,141.517249,141.517249,5451054
2017-11-06,141.517249,141.993924,141.205510,141.681822,141.681822,7030017
2017-11-07,141.681822,143.847152,141.340275,143.501219,143.501219,5827315
2017-11-08,143.501219,144.147799,139.998312,140.631963,140.631963,6372591
2017-11-09,140.631963,142.178462,140.615272,142.161589,142.161589,3687963
2017-11-10,142.161589,142.553051,141.194525,141.584397,141.584397,8083607
2017-11-13,141.584397,143.781140,140.960900,143.150744,143.150744,3885933
2017-11-14,143.150744,145.266417,143.105477,145.220495,145.220495,8042772
2017-11-15,145.220495,152.861528,144.338472,151.938701,151.938701,6861954
2017-11-16,151.938701,155.169938,151.223686,154.443137,154.443137,3575951
2017-11-17,154.443137,155.521133,154.409254,155.487020,155.487020,8073518
2017-11-20,155.487020,155.507628,150.851731,150.871727,150.871727,6624538
2017-11-21,150.871727,151.444642,148.959242,149.527050,149.527050,4608417
2017-11-22,149.527050,151.609298,148.893983,150.970120,150.970120,7190235
2017-11-23,150.970120,151.771578,150.666517,151.466976,151.466976,5791696
2017-11-24,151.466976,153.329346,151.096352,152.955081,152.955081,5645299
2017-11-27,152.955081,154.389431,152.365590,153.796697,153.796697,6068116
2017-11-28,153.796697,154.984661,151.945061,153.127860,153.127860,8410101
2017-11-29,153.127860,153.436948,151.934878,152.242178,152.242178,8874353
2017-11-30,152.242178,155.662810,151.246614,154.651490,154.651490,9238673
2017-12-01,154.651490,156.822882,153.341626,155.505782,155.505782,7682046
2017-12-04,155.505782,156.025384,152.741424,153.253500,153.253500,5375126
2017-12-05,153.253500,153.962718,152.917460,153.625861,153.625861,4914064
2017-12-06,153.625861,154.232668,151.502916,152.103710,152.103710,12390034
2017-12-07,152.103710,152.263855,151.395811,151.555378,151.555378,5195072
2017-12-08,151.555378,152.542976,150.047204,151.031387,151.031387,5776544
2017-12-11,151.031387,151.203161,148.723510,148.892852,148.892852,10370043
2017-12-12,148.892852,153.762908,148.360035,153.214625,153.214625,4868585
2017-12-13,153.214625,154.976407,148.842097,150.573509,150.573509,6306941
2017-12-14,150.573509,152.790534,150.021446,152.232388,152.232388,5859937
2017-12-15,152.232388,155.019242,151.978600,154.761238,154.761238,4584014
2017-12-18,154.761238,156.645981,154.671488,156.555190,156.555190,8338277
2017-12-19,156.555190,157.156522,155.979941,156.581178,156.581178,6957845
2017-12-20,156.581178,158.209774,154.222297,155.843218,155.843218,5552367
2017-12-21,155.843218,156.734337,155.129059,156.019371,156.019371,5317322
2017-12-22,156.019371,156.599696,155.572352,156.152297,156.152297,4379212
2017-12-25,156.152297,156.453856,153.130774,153.427070,153.427070,6926948
2017-12-26,153.427070,154.362019,152.409985,153.344430,153.344430,3081635
2017-12-27,153.344430,153.580597,150.498777,150.730919,150.730919,7298562
2017-12-28,150.730919,150.988708,150.226188,150.483555,150.483555,6072689
2017-12-29,150.483555,153.020019,149.305617,151.831530,151.831530,6824920
2018-01-01,151.831530,153.670289,151.355697,153.190198,153.190198,5436707
2018-01-02,153.190198,155.465607,152.722266,154.992171,154.992171,9081135
2018-01-03,154.992171,155.693551,153.207714,153.904170,153.904170,5608277
2018-01-04,153.904170,157.172402,153.495585,156.756245,156.756245,6549343
2018-01-05,156.756245,158.474348,156.055952,157.769528,157.769528,4946798
2018-01-08,157.769528,158.421666,151.687226,152.316825,152.316825,5061547
2018-01-09,152.316825,152.939480,151.560802,152.182910,152.182910,5920120
2018-01-10,152.182910,152.422856,151.216105,151.454903,151.454903,5679648
2018-01-11,151.454903,152.141556,149.467920,150.148651,150.148651,8583611
2018-01-12,150.148651,151.655254,149.255165,150.758140,150.758140,8120516
2018-01-15,150.758140,151.177366,150.679765,151.098814,151.098814,15581249
2018-01-16,151.098814,151.578708,150.430877,150.910172,150.910172,3357038
2018-01-17,150.910172,151.675526,148.533838,149.290980,149.290980,6802001
2018-01-18,149.290980,149.568274,148.238943,148.514796,148.514796,7969487
2018-01-19,148.514796,149.218451,146.774810,147.473531,147.473531,6571281
2018-01-22,147.473531,147.506030,144.439583,144.471420,144.471420,5818282
2018-01-23,144.471420,144.873389,143.899062,144.300556,144.300556,5296145
2018-01-24,144.300556,145.124585,142.719258,143.538938,143.538938,2920808
2018-01-25,143.538938,146.566692,143.420882,146.446245,146.446245,9569403
2018-01-26,146.446245,146.806405,144.594913,144.951397,144.951397,5795013
2018-01-29,144.951397,145.058324,144.843155,144.950081,144.950081,5053720
2018-01-30,144.950081,145.184039,144.885338,145.119220,145.119220,7228123
2018-01-31,145.119220,145.505140,145.092038,145.477890,145.477890,5410052
2018-02-01,145.477890,147.933048,144.556998,147.002505,147.002505,4903582
2018-02-02,147.002505,147.198036,146.774152,146.969639,146.969639,4348866
2018-02-05,146.969639,147.902592,144.821689,145.746880,145.746880,4297841
2018-02-06,145.746880,147.800979,145.570152,147.621977,147.621977,3773330
2018-02-07,147.621977,147.869577,147.454872,147.702381,147.702381,5484563
2018-02-08,147.702381,149.290188,146.653321,148.237329,148.237329,4426054
2018-02-09,148.237329,148.559259,145.540582,145.857344,145.857344,4093306
2018-02-12,145.857344,146.972572,145.366915,146.480049,146.480049,4614566
2018-02-13,146.480049,146.880721,146.193718,146.594167,146.594167,4476398
2018-02-14,146.594167,147.351972,145.995683,146.752840,146.752840,6547534
2018-02-15,146.752840,147.523254,144.406215,145.168311,145.168311,8082806
2018-02-16,145.168311,145.932774,145.088505,145.852592,145.852592,5258982
2018-02-19,145.852592,150.700887,145.297969,150.129998,150.129998,4089328
2018-02-20,150.129998,150.347834,148.616524,148.832477,148.832477,6782749
2018-02-21,148.832477,149.498668,148.085250,148.751077,148.751077,8621518
2018-02-22,148.751077,151.665383,148.326891,151.234115,151.234115,5045418
2018-02-23,151.234115,151.303980,147.678245,147.746498,147.746498,4066823
2018-02-26,147.746498,147.890740,147.411249,147.555305,147.555305,11201696
2018-02-27,147.555305,148.057082,143.612219,144.102253,144.102253,3386991
2018-02-28,144.102253,144.212227,141.586122,141.694258,141.694258,5314037
2018-03-01,141.694258,142.687974,140.967579,141.959933,141.959933,6217110
2018-03-02,141.959933,142.530567,141.825234,142.395455,142.395455,5975036
2018-03-05,142.395455,142.920854,138.700397,139.214058,139.214058,7360779
2018-03-06,139.214058,140.561330,136.513435,137.847482,137.847482,7718395
2018-03-07,137.847482,137.897079,135.730374,135.779226,135.779226,4615970
2018-03-08,135.779226,137.110360,135.578897,136.908365,136.908365,5995023
2018-03-09,136.908365,137.559306,135.390634,136.037434,136.037434,7164945
2018-03-12,136.037434,139.355930,135.885020,139.199973,139.199973,4230971
2018-03-13,139.199973,139.929276,138.249207,138.977343,138.977343,8321785
2018-03-14,138.977343,140.055585,134.313398,135.363603,135.363603,8809336
2018-03-15,135.363603,137.823525,135.087969,137.543451,137.543451,3592189
2018-03-16,137.543451,139.640845,136.702769,138.792528,138.792528,4470717
2018-03-19,138.792528,139.190246,138.568513,138.965951,138.965951,5293887
2018-03-20,138.965951,140.031799,138.717053,139.781440,139.781440,7687563
2018-03-21,139.781440,140.072324,137.560204,137.847062,137.847062,11343874
2018-03-22,137.847062,138.512393,136.089767,136.749802,136.749802,6812689
2018-03-23,136.749802,137.862242,136.077818,137.188104,137.188104,6451372
2018-03-26,137.188104,139.814938,136.739409,139.359143,139.359143,4253295
2018-03-27,139.359143,139.999268,139.262510,139.902259,139.902259,6866155
2018-03-28,139.902259,140.795300,139.265541,140.157421,140.157421,3377653
2018-03-29,140.157421,144.029792,139.287386,143.141235,143.141235,5080233
2018-03-30,143.141235,146.712761,141.720094,145.270481,145.270481,4920478
2018-04-02,145.270481,146.360644,145.101670,146.190764,146.190764,6920327
2018-04-03,146.190764,146.426691,146.100532,146.336369,146.336369,4360904
2018-04-04,146.336369,146.510474,146.028245,146.202190,146.202190,7715389
2018-04-05,146.202190,147.193263,142.867875,143.842956,143.842956,8466470
2018-04-06,143.842956,144.674010,143.419892,144.249750,144.249750,10261893
2018-04-09,144.249750,144.900411,143.088211,143.736558,143.736558,9554637
2018-04-10,143.736558,143.773478,139.930469,139.966421,139.966421,8304680
2018-04-11,139.966421,140.216945,138.051220,138.298759,138.298759,4195589
2018-04-12,138.298759,144.145134,137.607506,143.428243,143.428243,5777793
2018-04-13,143.428243,144.294100,142.529009,143.394664,143.394664,7475270
2018-04-16,143.394664,145.110357,143.318780,145.033606,145.033606,3175888
2018-04-17,145.033606,149.100083,143.786889,147.829334,147.829334,10052288
2018-04-18,147.829334,149.546804,147.058478,148.771038,148.771038,9685471
2018-04-19,148.771038,149.872345,148.552230,149.652242,149.652242,6048930
2018-04-20,149.652242,152.248632,148.302961,150.888208,150.888208,6188589
2018-04-23,150.888208,152.291389,148.440372,149.833747,149.833747,5465146
2018-04-24,149.833747,152.887930,149.244195,152.288718,152.288718,4952885
2018-04-25,152.288718,152.756052,150.993330,151.458116,151.458116,4692832
2018-04-26,151.458116,152.305649,150.261698,151.107267,151.107267,9366889
2018-04-27,151.107267,153.407078,150.829908,153.126013,153.126013,8250034
2018-04-30,153.126013,154.153369,152.946897,153.973262,153.973262,6251056
2018-05-01,153.973262,156.881285,153.778183,156.682774,156.682774,4943543
2018-05-02,156.682774,159.775135,156.367373,159.454155,159.454155,2998058
2018-05-03,159.454155,159.639455,158.251751,158.435868,158.435868,5128005
2018-05-04,158.435868,160.335662,158.179337,160.076475,160.076475,6897559
2018-05-07,160.076475,161.184430,159.240873,160.347414,160.347414,6282836
2018-05-08,160.347414,160.719014,154.423075,154.781777,154.781777,8731128
2018-05-09,154.781777,156.279323,152.912698,154.406615,154.406615,12823040
2018-05-10,154.406615,154.432555,153.399838,153.425614,153.425614,5793511
2018-05-11,153.425614,155.202276,153.259638,155.034559,155.034559,4517673
2018-05-14,155.034559,156.638181,154.136368,155.735926,155.735926,5038514
2018-05-15,155.735926,156.074797,154.086603,154.422616,154.422616,3752749
2018-05-16,154.422616,157.092055,154.091665,156.756103,156.756103,4343208
2018-05-17,156.756103,158.553942,155.264547,157.059499,157.059499,6464388
2018-05-18,157.059499,157.448810,156.319841,156.708281,156.708281,4386863
2018-05-21,156.708281,157.081529,154.988161,155.358193,155.358193,7498133
2018-05-22,155.358193,155.398810,155.201758,155.242345,155.242345,8578653
2018-05-23,155.242345,159.005478,154.192516,157.937424,157.937424,9884451
2018-05-24,157.937424,158.556883,156.819036,157.436530,157.436530,5051921
2018-05-25,157.436530,158.392660,154.548958,155.493286,155.493286,2886861
2018-05-28,155.493286,157.432474,155.489053,157.428189,157.428189,7221653
2018-05-29,157.428189,157.860675,154.197332,154.622110,154.622110,5791042
2018-05-30,154.622110,155.236642,154.165955,154.780021,154.780021,4352049
2018-05-31,154.780021,156.139437,154.092297,155.448741,155.448741,15227849
2018-06-01,155.448741,155.470112,151.693796,151.714654,151.714654,7795994
2018-06-04,151.714654,153.479274,150.906565,152.666117,152.666117,5718577
2018-06-05,152.666117,154.043436,151.554174,152.929574,152.929574,4008643
2018-06-06,152.929574,154.320016,152.714561,154.103354,154.103354,11112881
2018-06-07,154.103354,154.985937,154.022228,154.904390,154.904390,6035721
2018-06-08,154.904390,156.167462,151.730469,152.977832,152.977832,3066708
2018-06-11,152.977832,153.125057,150.525483,150.670487,150.670487,3992115
2018-06-12,150.670487,150.737764,149.293338,149.360030,149.360030,8559409
2018-06-13,149.360030,150.433192,148.120855,149.192816,149.192816,10745251
2018-06-14,149.192816,151.232838,148.505870,150.539691,150.539691,4652759
2018-06-15,150.539691,151.483744,150.062826,151.005404,151.005404,5305098
2018-06-18,151.005404,151.424105,149.201621,149.616471,149.616471,6360878
2018-06-19,149.616471,150.011684,149.069069,149.463879,149.463879,4351380
2018-06-20,149.463879,149.521342,146.219106,146.275343,146.275343,10113371
2018-06-21,146.275343,146.597058,145.129933,145.449833,145.449833,5434287
2018-06-22,145.449833,146.099655,143.429402,144.073074,144.073074,11523091
2018-06-25,144.073074,144.673860,140.872568,141.462467,141.462467,5606823
2018-06-26,141.462467,142.542287,140.891084,141.968859,141.968859,5343275
2018-06-27,141.968859,142.227204,141.710807,141.969152,141.969152,5690875
2018-06-28,141.969152,142.604746,141.420013,142.055275,142.055275,5932302
2018-06-29,142.055275,142.546209,141.761940,142.252467,142.252467,6268358
2018-07-02,142.252467,143.839357,141.455582,143.038071,143.038071,4223625
2018-07-03,143.038071,143.289027,141.469802,141.718443,141.718443,3217854
2018-07-04,141.718443,143.175183,141.133247,142.586404,142.586404,3522765
2018-07-05,142.586404,143.309620,142.102656,142.825063,142.825063,9694082
2018-07-06,142.825063,143.504174,141.330527,142.005743,142.005743,6216860
2018-07-09,142.005743,146.678791,141.441151,146.097930,146.097930,10068532
2018-07-10,146.097930,146.692328,144.089378,144.677999,144.677999,4438814
2018-07-11,144.677999,145.356845,144.275953,144.954033,144.954033,6508790
2018-07-12,144.954033,145.717107,144.909443,145.672296,145.672296,11035230
2018-07-13,145.672296,145.915196,144.640889,144.882473,144.882473,6828516
2018-07-16,144.882473,146.817915,144.013340,145.942424,145.942424,8963328
2018-07-17,145.942424,147.517015,145.872070,147.445937,147.445937,3493442
2018-07-18,147.445937,147.991963,143.451590,143.984799,143.984799,4333325
2018-07-19,143.984799,147.163333,143.746508,146.920184,146.920184,4007426
2018-07-20,146.920184,148.127530,146.181834,147.386835,147.386835,7589148
2018-07-23,147.386835,147.856590,146.128067,146.595298,146.595298,4229239
2018-07-24,146.595298,146.633913,146.302841,146.341389,146.341389,4380952
2018-07-25,146.341389,146.722122,144.142935,144.518926,144.518926,6136596
2018-07-26,144.518926,145.522108,144.364496,145.366772,145.366772,10053399
2018-07-27,145.366772,145.898287,142.245348,142.767358,142.767358,3672186
2018-07-30,142.767358,142.848128,140.293623,140.373039,140.373039,6202531
2018-07-31,140.373039,141.169883,138.207030,138.996058,138.996058,4217596
2018-08-01,138.996058,139.218048,136.503774,136.722133,136.722133,6459495
2018-08-02,136.722133,137.959852,135.819810,137.055330,137.055330,8409751
2018-08-03,137.055330,138.243520,137.048250,138.236379,138.236379,7099504
2018-08-06,138.236379,138.822399,136.976016,137.559165,137.559165,4412801
2018-08-07,137.559165,139.142857,137.515953,139.099160,139.099160,15344975
2018-08-08,139.099160,140.283913,135.460620,136.624293,136.624293,6043664
2018-08-09,136.624293,137.424185,134.171049,134.961204,134.961204,10644850
2018-08-10,134.961204,137.488105,134.313136,136.831058,136.831058,3561059
2018-08-13,136.831058,137.513981,134.698699,135.374351,135.374351,6618975
2018-08-14,135.374351,135.582660,133.638442,133.844396,133.844396,5126158
2018-08-15,133.844396,135.703098,133.678415,135.535021,135.535021,4849291
2018-08-16,135.535021,137.221913,135.248204,136.932140,136.932140,5328859
2018-08-17,136.932140,137.258321,134.275275,134.595891,134.595891,3708719
2018-08-20,134.595891,134.604644,132.324994,132.333600,132.333600,6072500
2018-08-21,132.333600,132.342852,131.349367,131.358551,131.358551,4641521
2018-08-22,131.358551,134.569192,130.820140,134.019873,134.019873,3970242
2018-08-23,134.019873,137.073056,133.336342,136.377500,136.377500,4350725
2018-08-24,136.377500,138.890737,136.328991,138.841351,138.841351,7497565
2018-08-27,138.841351,140.903381,138.403958,140.460885,140.460885,4267965
2018-08-28,140.460885,141.344673,140.220323,141.103011,141.103011,5318816
2018-08-29,141.103011,141.416119,140.801125,141.114210,141.114210,3628103
2018-08-30,141.114210,142.794322,140.318353,141.993506,141.993506,14672888
2018-08-31,141.993506,142.621719,139.308221,139.927292,139.927292,3952869
2018-09-03,139.927292,140.169197,136.902857,137.139943,137.139943,6644553
2018-09-04,137.139943,141.295151,136.372500,140.508855,140.508855,6053980
2018-09-05,140.508855,142.003190,140.168874,141.660422,141.660422,4352609
2018-09-06,141.660422,142.073085,140.133761,140.543169,140.543169,3613107
2018-09-07,140.543169,142.182059,140.247780,141.883852,141.883852,7054542
2018-09-10,141.883852,143.946900,141.852259,143.914854,143.914854,3376432
2018-09-11,143.914854,146.426889,143.290295,145.794174,145.794174,8550357
2018-09-12,145.794174,147.966256,144.533296,146.697565,146.697565,3891136
2018-09-13,146.697565,148.989516,146.681093,148.972788,148.972788,4422643
2018-09-14,148.972788,149.188410,147.462796,147.676542,147.676542,5783384
2018-09-17,147.676542,150.027091,147.229452,149.574256,149.574256,9523165
2018-09-18,149.574256,152.509303,148.880821,151.805523,151.805523,7365247
2018-09-19,151.805523,152.082842,151.595309,151.872535,151.872535,10969025
2018-09-20,151.872535,153.062321,151.200045,152.387550,152.387550,5333756
2018-09-21,152.387550,153.491429,152.005018,153.107091,153.107091,7046723
2018-09-24,153.107091,155.617892,152.053572,154.554414,154.554414,10705928
2018-09-25,154.554414,156.635255,154.426329,156.505552,156.505552,3765247
2018-09-26,156.505552,158.458516,156.262351,158.212662,158.212662,5580481
2018-09-27,158.212662,159.550844,158.128224,159.465738,159.465738,4642736
2018-09-28,159.465738,161.169014,159.173680,160.874376,160.874376,3832273
2018-10-01,160.874376,161.394032,157.967991,158.479911,158.479911,6274693
2018-10-02,158.479911,159.207740,155.712573,156.430992,156.430992,5917897
2018-10-03,156.430992,158.422499,156.072789,158.060565,158.060565,3160978
2018-10-04,158.060565,164.333095,157.530558,163.783897,163.783897,4135065
2018-10-05,163.783897,164.269769,160.481567,160.959060,160.959060,8362488
2018-10-08,160.959060,161.416943,158.033159,158.484002,158.484002,13038205
2018-10-09,158.484002,159.836779,157.466735,158.817372,158.817372,7480636
2018-10-10,158.817372,162.592355,158.607337,162.377612,162.377612,4890284
2018-10-11,162.377612,166.152915,161.997723,165.765101,165.765101,2843097
2018-10-12,165.765101,172.166057,165.493679,171.884615,171.884615,4618614
2018-10-15,171.884615,174.228860,170.521868,172.858393,172.858393,8501865
2018-10-16,172.858393,176.161622,172.063465,175.355211,175.355211,4548537
2018-10-17,175.355211,177.223283,174.993184,176.858152,176.858152,7188956
2018-10-18,176.858152,177.422502,171.210535,171.758612,171.758612,9760887
2018-10-19,171.758612,174.913407,171.685781,174.839270,174.839270,4027885
2018-10-22,174.839270,178.691616,174.566095,178.412857,178.412857,4116661
2018-10-23,178.412857,178.654408,177.517400,177.758065,177.758065,7719291
2018-10-24,177.758065,180.152795,177.329284,179.719284,179.719284,5717069
2018-10-25,179.719284,179.920813,178.799557,179.000280,179.000280,6032084
2018-10-26,179.000280,182.366956,178.280005,181.636076,181.636076,6309448
2018-10-29,181.636076,182.071545,180.751903,181.186293,181.186293,5775820
2018-10-30,181.186293,188.984315,180.816381,188.599268,188.599268,3135476
2018-10-31,188.599268,189.239582,187.961364,188.601669,188.601669,8068570
2018-11-01,188.601669,189.982374,183.195292,184.546309,184.546309,3857794
2018-11-02,184.546309,185.275014,183.270603,183.997139,183.997139,4833311
2018-11-05,183.997139,185.705132,183.249116,184.953221,184.953221,5885540
2018-11-06,184.953221,187.004387,184.088915,186.134560,186.134560,3127939
2018-11-07,186.134560,188.344964,185.454580,187.659413,187.659413,2030449
2018-11-08,187.659413,188.617814,182.585573,183.522849,183.522849,7397217
2018-11-09,183.522849,188.988290,182.983469,188.434474,188.434474,3674817
2018-11-12,188.434474,189.356929,185.287899,186.199413,186.199413,6716719
2018-11-13,186.199413,186.846199,185.068555,185.713653,185.713653,5314155
2018-11-14,185.713653,186.324886,182.093559,182.694857,182.694857,5216707
2018-11-15,182.694857,184.034000,178.753033,180.072958,180.072958,9239023
2018-11-16,180.072958,181.129936,176.488366,177.530419,177.530419,5288396
2018-11-19,177.530419,178.284632,176.965545,177.719158,177.719158,10286696
2018-11-20,177.719158,178.647177,176.740811,177.668565,177.668565,6449045
2018-11-21,177.668565,182.170744,177.138589,181.628954,181.628954,4646811
2018-11-22,181.628954,182.291616,180.196541,180.856384,180.856384,6435614
2018-11-23,180.856384,182.792734,180.116109,182.047583,182.047583,4952419
2018-11-26,182.047583,182.572589,180.482756,181.004755,181.004755,9487843
2018-11-27,181.004755,185.008354,179.724750,183.709225,183.709225,4242381
2018-11-28,183.709225,184.656663,183.415066,184.361461,184.361461,6351552
2018-11-29,184.361461,185.960769,183.588478,185.184336,185.184336,6969143
2018-11-30,185.184336,186.978727,184.738035,186.529185,186.529185,4947641
2018-12-03,186.529185,191.278713,186.100340,190.839958,190.839958,7267312
2018-12-04,190.839958,191.626335,187.591245,188.367434,188.367434,6632866
2018-12-05,188.367434,189.116289,182.017990,182.744491,182.744491,6460416
2018-12-06,182.744491,184.398697,181.003630,182.657044,182.657044,6771797
2018-12-07,182.657044,183.232940,182.396392,182.971838,182.971838,6112918
2018-12-10,182.971838,183.734359,179.410236,180.161043,180.161043,9929520
2018-12-11,180.161043,181.864626,179.770600,181.471343,181.471343,5592432
2018-12-12,181.471343,182.483613,181.310925,182.322443,182.322443,5336945
2018-12-13,182.322443,185.167410,180.665659,183.499926,183.499926,4699043
2018-12-14,183.499926,185.809042,183.124995,185.430168,185.430168,10680526
2018-12-17,185.430168,186.009786,182.346980,182.918748,182.918748,6134508
2018-12-18,182.918748,185.773297,181.734349,184.578154,184.578154,7008769
2018-12-19,184.578154,187.827861,183.246348,186.482315,186.482315,5280553
2018-12-20,186.482315,186.783764,184.973643,185.273137,185.273137,10233041
2018-12-21,185.273137,188.085676,185.254748,188.067009,188.067009,5635223
2018-12-24,188.067009,188.866619,187.139401,187.938464,187.938464,6754212
2018-12-25,187.938464,191.260740,187.667167,190.985046,190.985046,7232511
2018-12-26,190.985046,191.222099,190.016738,190.252882,190.252882,3618903
2018-12-27,190.252882,196.831880,189.026461,195.571175,195.571175,6581905
2018-12-28,195.571175,195.705370,194.454216,194.587736,194.587736,9075620
2018-12-31,194.587736,195.024175,192.783182,193.216545,193.216545,5711890
2019-01-01,193.216545,193.671083,192.160478,192.613598,192.613598,6031497
2019-01-02,192.613598,194.039193,192.367075,193.791163,193.791163,3919161
2019-01-03,193.791163,194.528563,190.760360,191.489000,191.489000,7497592
2019-01-04,191.489000,196.043023,189.354208,193.881558,193.881558,4717208
2019-01-07,193.881558,197.733789,193.168304,197.009029,197.009029,5522767
2019-01-08,197.009029,199.004090,196.588717,198.580425,198.580425,9804859
2019-01-09,198.580425,200.900651,198.099966,200.415752,200.415752,2801181
2019-01-10,200.415752,201.859949,200.344622,201.788331,201.788331,8393171
2019-01-11,201.788331,201.855504,198.724120,198.790295,198.790295,5075491
2019-01-14,198.790295,199.214542,195.895171,196.314133,196.314133,9746422
2019-01-15,196.314133,197.681284,195.317292,196.682572,196.682572,6726034
2019-01-16,196.682572,196.723663,196.629121,196.670209,196.670209,5484035
2019-01-17,196.670209,203.556133,195.612575,202.467324,202.467324,6555846
2019-01-18,202.467324,207.596575,201.133879,206.238294,206.238294,4554741
2019-01-21,206.238294,207.219626,203.885640,204.860416,204.860416,7894421
2019-01-22,204.860416,206.708186,199.202334,201.015423,201.015423,5365130
2019-01-23,201.015423,201.221226,199.893635,200.098499,200.098499,4389123
2019-01-24,200.098499,202.833538,196.995292,199.725229,199.725229,3057002
2019-01-25,199.725229,200.325375,198.562556,199.161007,199.161007,7530535
2019-01-28,199.161007,199.242426,198.120162,198.201189,198.201189,6474441
2019-01-29,198.201189,198.821374,196.740199,197.357745,197.357745,8768099
2019-01-30,197.357745,197.561203,196.499826,196.702609,196.702609,5560015
2019-01-31,196.702609,196.952379,196.490167,196.739896,196.739896,7432174
2019-02-01,196.739896,198.990719,196.478700,198.726884,198.726884,8672975
2019-02-04,198.726884,198.810140,195.860586,195.942675,195.942675,6978463
2019-02-05,195.942675,196.871523,194.580642,195.507426,195.507426,4948754
2019-02-06,195.507426,198.849044,194.740864,198.072426,198.072426,11676811
2019-02-07,198.072426,198.951745,196.138710,197.013328,197.013328,5590714
2019-02-08,197.013328,197.350191,193.197732,193.528636,193.528636,6149402
2019-02-11,193.528636,193.969402,193.162662,193.603286,193.603286,9259951
2019-02-12,193.603286,193.973176,193.147666,193.517392,193.517392,8209140
2019-02-13,193.517392,194.664768,190.663578,191.800775,191.800775,9078651
2019-02-14,191.800775,193.399718,191.235121,192.831026,192.831026,5325718
2019-02-15,192.831026,194.962356,191.811402,193.936885,193.936885,5243505
2019-02-18,193.936885,194.276169,193.651955,193.991160,193.991160,7276514
2019-02-19,193.991160,194.054955,193.429294,193.492926,193.492926,11477602
2019-02-20,193.492926,194.397171,190.528597,191.423170,191.423170,7534008
2019-02-21,191.423170,193.703453,190.394212,192.667804,192.667804,3553779
2019-02-22,192.667804,200.197978,191.249730,198.735246,198.735246,7385978
2019-02-25,198.735246,199.894493,193.246836,194.380682,194.380682,6415143
2019-02-26,194.380682,196.225533,194.048489,195.890759,195.890759,7585763
2019-02-27,195.890759,196.014360,192.738329,192.860018,192.860018,10533661
2019-02-28,192.860018,193.265173,186.836284,187.229611,187.229611,3892235
2019-03-01,187.229611,190.034371,186.437070,189.233349,189.233349,17863161
2019-03-04,189.233349,189.244745,181.244228,181.255143,181.255143,7251117
2019-03-05,181.255143,182.033539,179.423744,180.197598,180.197598,6389668
2019-03-06,180.197598,181.519187,178.658543,179.978525,179.978525,3887024
2019-03-07,179.978525,181.498833,175.097578,176.589257,176.589257,7435664
2019-03-08,176.589257,179.537191,176.437980,179.383520,179.383520,3618323
2019-03-11,179.383520,179.598050,178.798899,179.012986,179.012986,4346984
2019-03-12,179.012986,182.496046,178.408981,181.882360,181.882360,3903600
2019-03-13,181.882360,182.063066,178.046887,178.223959,178.223959,4759583
2019-03-14,178.223959,178.501807,177.588138,177.865428,177.865428,4388870
2019-03-15,177.865428,178.093207,175.293435,175.518208,175.518208,6481570
2019-03-18,175.518208,176.417925,174.233283,175.131016,175.131016,3960192
2019-03-19,175.131016,175.202041,170.867254,170.936578,170.936578,6615976
2019-03-20,170.936578,171.294916,168.627226,168.981466,168.981466,6429573
2019-03-21,168.981466,169.898637,168.157476,169.074195,169.074195,4376396
2019-03-22,169.074195,169.882571,168.971749,169.779698,169.779698,5173095
2019-03-25,169.779698,171.455304,169.493243,171.166510,171.166510,6658176
2019-03-26,171.166510,173.432213,170.252404,172.510927,172.510927,9803280
2019-03-27,172.510927,173.082734,172.212304,172.783639,172.783639,2850199
2019-03-28,172.783639,177.021921,171.101901,175.315539,175.315539,6707567
2019-03-29,175.315539,175.961666,172.965624,173.605448,173.605448,5792381
2019-04-01,173.605448,174.485145,173.154226,174.032812,174.032812,3159920
2019-04-02,174.032812,176.085904,173.619474,175.668682,175.668682,8489875
2019-04-03,175.668682,176.282711,174.282006,174.893324,174.893324,4785478
2019-04-04,174.893324,175.061203,173.356756,173.523319,173.523319,6788648
2019-04-05,173.523319,175.392297,172.942916,174.807598,174.807598,8207373
2019-04-08,174.807598,175.963885,168.955744,170.080765,170.080765,2434472
2019-04-09,170.080765,172.322191,169.824750,172.063193,172.063193,6177783
2019-04-10,172.063193,175.098472,171.179532,174.203818,174.203818,7283161
2019-04-11,174.203818,176.540945,172.876869,175.206360,175.206360,7035849
2019-04-12,175.206360,176.293629,174.586274,175.671896,175.671896,4725622
2019-04-15,175.671896,176.782460,175.464394,176.573892,176.573892,6429711
2019-04-16,176.573892,177.993149,175.897397,177.313819,177.313819,4759956
2019-04-17,177.313819,179.514731,177.136858,179.335752,179.335752,3857681
2019-04-18,179.335752,180.132234,177.246201,178.036914,178.036914,5387459
2019-04-19,178.036914,178.333734,177.279861,177.575913,177.575913,10724195
2019-04-22,177.575913,179.928955,176.840438,179.186809,179.186809,5235666
2019-04-23,179.186809,181.847386,179.034228,181.692671,181.692671,6399247
2019-04-24,181.692671,182.156931,181.660749,182.124932,182.124932,4069354
2019-04-25,182.124932,186.392294,182.063746,186.329695,186.329695,6389323
2019-04-26,186.329695,187.903374,185.808466,187.379209,187.379209,9447213
2019-04-29,187.379209,187.689390,185.477196,185.784739,185.784739,3240391
2019-04-30,185.784739,187.517855,185.186304,186.915777,186.915777,4286466
2019-05-01,186.915777,190.070651,185.960483,189.104172,189.104172,3549426
2019-05-02,189.104172,190.403850,185.549948,186.834023,186.834023,5607547
2019-05-03,186.834023,188.449068,186.475248,188.087885,188.087885,7330009
2019-05-06,188.087885,188.494029,187.629862,188.035894,188.035894,6295306
2019-05-07,188.035894,189.958995,183.341039,185.235499,185.235499,5382660
2019-05-08,185.235499,185.853027,183.345735,183.959008,183.959008,3906371
2019-05-09,183.959008,184.068886,180.999674,181.107849,181.107849,5347079
2019-05-10,181.107849,181.769441,181.102355,181.763928,181.763928,8639555
2019-05-13,181.763928,183.810818,181.420782,183.464461,183.464461,7169720
2019-05-14,183.464461,185.875034,182.536207,184.939317,184.939317,9487329
2019-05-15,184.939317,185.411898,184.807806,185.280144,185.280144,3450021
2019-05-16,185.280144,186.224070,184.955840,185.898684,185.898684,12005308
2019-05-17,185.898684,187.864636,185.615646,187.579039,187.579039,3541601
2019-05-20,187.579039,188.306809,184.743659,185.463220,185.463220,5553858
2019-05-21,185.463220,186.520276,185.146783,186.202578,186.202578,4323677
2019-05-22,186.202578,187.520188,185.526766,186.842055,186.842055,3654576
2019-05-23,186.842055,187.420176,183.106203,183.674523,183.674523,12210284
2019-05-24,183.674523,185.023303,178.641289,179.962813,179.962813,4342117
2019-05-27,179.962813,180.343875,175.240434,175.612284,175.612284,4213881
2019-05-28,175.612284,176.708025,175.338385,176.432846,176.432846,3637727
2019-05-29,176.432846,176.863408,174.729873,175.157322,175.157322,6165679
2019-05-30,175.157322,175.407716,171.019584,171.264413,171.264413,6804045
2019-05-31,171.264413,176.598393,170.744140,176.063541,176.063541,5018376
2019-06-03,176.063541,177.134126,175.044172,176.114462,176.114462,4249313
2019-06-04,176.114462,176.888610,173.298630,174.063764,174.063764,4681697
2019-06-05,174.063764,174.805543,172.802196,173.541751,173.541751,5094954
2019-06-06,173.541751,175.615000,172.940418,175.008584,175.008584,3842793
2019-06-07,175.008584,176.388111,167.918398,169.252553,169.252553,8311229
2019-06-10,169.252553,169.689233,169.208476,169.645054,169.645054,15020924
2019-06-11,169.645054,170.043826,169.288895,169.687578,169.687578,7582082
2019-06-12,169.687578,173.539943,168.969864,172.809027,172.809027,4717867
2019-06-13,172.809027,173.302002,170.993550,171.482743,171.482743,5107845
2019-06-14,171.482743,172.282163,170.678069,171.477464,171.477464,11589767
2019-06-17,171.477464,172.058570,170.692195,171.272606,171.272606,5655150
2019-06-18,171.272606,175.784846,169.315867,173.799241,173.799241,7611087
2019-06-19,173.799241,174.029603,172.152354,172.380836,172.380836,4299304
2019-06-20,172.380836,172.514315,168.475702,168.606258,168.606258,9008360
2019-06-21,168.606258,169.958306,168.551115,169.902738,169.902738,4363545
2019-06-24,169.902738,170.440118,169.514813,170.051852,170.051852,4895090
2019-06-25,170.051852,173.070661,169.279234,172.287884,172.287884,4087666
2019-06-26,172.287884,173.587519,172.165733,173.464534,173.464534,8321767
2019-06-27,173.464534,179.629112,173.002150,179.151569,179.151569,3841562
2019-06-28,179.151569,181.247546,178.186057,180.275974,180.275974,5177807
2019-07-01,180.275974,180.687447,178.693040,179.101833,179.101833,4453251
2019-07-02,179.101833,179.295714,178.736154,178.929849,178.929849,4390563
2019-07-03,178.929849,181.331533,178.777715,181.177487,181.177487,7556085
2019-07-04,181.177487,182.625866,180.643987,182.089679,182.089679,6643069
2019-07-05,182.089679,183.170691,181.389133,182.468686,182.468686,5830453
2019-07-08,182.468686,183.042937,181.027086,181.598599,181.598599,5294799
2019-07-09,181.598599,181.950921,179.470810,179.819680,179.819680,3967437
2019-07-10,179.819680,181.012028,179.629296,180.820584,180.820584,8457503
2019-07-11,180.820584,182.955826,179.382434,181.512175,181.512175,7223703
2019-07-12,181.512175,183.590255,180.829736,182.902589,182.902589,4505043
2019-07-15,182.902589,183.545798,180.653113,181.290653,181.290653,4431449
2019-07-16,181.290653,183.202015,180.808902,182.716474,182.716474,4783043
2019-07-17,182.716474,186.112484,181.554176,184.936066,184.936066,7318972
2019-07-18,184.936066,185.398643,179.254975,179.704466,179.704466,13293450
2019-07-19,179.704466,182.636506,178.738739,181.660268,181.660268,3202518
2019-07-22,181.660268,181.749123,179.614038,179.701935,179.701935,3872341
2019-07-23,179.701935,181.352928,179.350392,180.998847,180.998847,4671558
2019-07-24,180.998847,181.764112,180.545829,181.310315,181.310315,4155850
2019-07-25,181.310315,183.337716,180.571553,182.593725,182.593725,5041260
2019-07-26,182.593725,182.751167,182.191377,182.348606,182.348606,5192992
2019-07-29,182.348606,185.185179,181.595338,184.423340,184.423340,9661333
2019-07-30,184.423340,186.390305,183.124982,185.087273,185.087273,3934912
2019-07-31,185.087273,187.702515,184.811769,187.423534,187.423534,5384891
2019-08-01,187.423534,188.332899,187.344471,188.253486,188.253486,7732700
2019-08-02,188.253486,191.247090,188.216944,191.209974,191.209974,5809632
2019-08-05,191.209974,192.528824,190.498378,191.814977,191.814977,6264339
2019-08-06,191.814977,192.086586,187.338668,187.604315,187.604315,5535377
2019-08-07,187.604315,188.841293,187.350946,188.586598,188.586598,5114231
2019-08-08,188.586598,188.917946,185.665488,185.992277,185.992277,6490155
2019-08-09,185.992277,186.586536,185.841079,186.434977,186.434977,7952053
2019-08-12,186.434977,186.596677,182.487872,182.646286,182.646286,2284815
2019-08-13,182.646286,182.979622,182.483823,182.817007,182.817007,3821019
2019-08-14,182.817007,183.110254,180.084959,180.374288,180.374288,4908884
2019-08-15,180.374288,181.088889,178.805132,179.516334,179.516334,10109426
2019-08-16,179.516334,179.751373,178.698542,178.932817,178.932817,6432753
2019-08-19,178.932817,181.454070,178.466883,180.982798,180.982798,4470986
2019-08-20,180.982798,182.910326,177.111514,179.018118,179.018118,4265044
2019-08-21,179.018118,182.335239,177.539919,180.841980,180.841980,4771171
2019-08-22,180.841980,181.130275,179.369031,179.655435,179.655435,3677627
2019-08-23,179.655435,183.066916,178.645479,182.043534,182.043534,3532854
2019-08-26,182.043534,182.643110,180.672729,181.269756,181.269756,8392299
2019-08-27,181.269756,182.384829,180.256399,181.370906,181.370906,3572696
2019-08-28,181.370906,181.874651,178.764884,179.262773,179.262773,5699105
2019-08-29,179.262773,179.844002,179.182850,179.763855,179.763855,6366588
2019-08-30,179.763855,180.019278,178.004877,178.258161,178.258161,5539254
2019-09-02,178.258161,178.732653,177.882102,178.356388,178.356388,5488118
2019-09-03,178.356388,178.517482,177.878406,178.039214,178.039214,7244083
2019-09-04,178.039214,179.121964,176.338473,177.417442,177.417442,9032027
2019-09-05,177.417442,178.255452,176.382800,177.219876,177.219876,4746836
2019-09-06,177.219876,180.398983,176.875528,180.049138,180.049138,9703188
2019-09-09,180.049138,180.228790,179.556693,179.736033,179.736033,8700554
2019-09-10,179.736033,181.291758,179.459179,181.012937,181.012937,5857322
2019-09-11,181.012937,182.192223,180.275806,181.453298,181.453298,5935644
2019-09-12,181.453298,182.551292,179.235085,180.326259,180.326259,6634275
2019-09-13,180.326259,181.078769,180.222929,180.975067,180.975067,5577139
2019-09-16,180.975067,181.164878,180.364563,180.553932,180.553932,4413134
2019-09-17,180.553932,181.466894,179.036501,179.946391,179.946391,5158571
2019-09-18,179.946391,181.844261,179.913683,181.811214,181.811214,5178568
2019-09-19,181.811214,183.325306,181.340754,182.852152,182.852152,7054134
2019-09-20,182.852152,183.006272,182.248172,182.401911,182.401911,1988106
2019-09-23,182.401911,183.108571,179.774297,180.473485,180.473485,3134770
2019-09-24,180.473485,180.833369,180.437232,180.797051,180.797051,4054326
2019-09-25,180.797051,182.276141,178.911323,180.387059,180.387059,8157483
2019-09-26,180.387059,180.776658,178.458854,178.845123,178.845123,8144048
2019-09-27,178.845123,179.135723,176.546218,176.833549,176.833549,6917290
2019-09-30,176.833549,177.721445,175.666153,176.552638,176.552638,2340608
2019-10-01,176.552638,176.774275,176.108583,176.329940,176.329940,4928432
2019-10-02,176.329940,177.473886,176.255751,177.399247,177.399247,7701541
2019-10-03,177.399247,178.704520,171.285673,172.555305,172.555305,8822456
2019-10-04,172.555305,175.693153,171.917144,175.045780,175.045780,7329856
2019-10-07,175.045780,175.436786,172.709191,173.095841,173.095841,4275839
2019-10-08,173.095841,173.633766,171.280559,171.814502,171.814502,13051706
2019-10-09,171.814502,172.185449,170.853887,171.223558,171.223558,5776875
2019-10-10,171.223558,171.639964,171.039745,171.455901,171.455901,6320637
2019-10-11,171.455901,172.887573,169.905128,171.335798,171.335798,5187491
2019-10-14,171.335798,172.771817,171.239403,172.674668,172.674668,6767018
2019-10-15,172.674668,173.188267,171.005757,171.515909,171.515909,6520178
2019-10-16,171.515909,172.027521,169.852017,170.360182,170.360182,3882215
2019-10-17,170.360182,172.129174,169.783109,171.548078,171.548078,5444575
2019-10-18,171.548078,175.787835,170.285596,174.503601,174.503601,10331753
2019-10-21,174.503601,174.696854,171.527794,171.717961,171.717961,9944352
2019-10-22,171.717961,172.301590,167.226818,167.797121,167.797121,7505959
2019-10-23,167.797121,168.616729,164.950528,165.760186,165.760186,4619807
2019-10-24,165.760186,165.941189,163.344166,163.522726,163.522726,9362277
2019-10-25,163.522726,164.176204,162.812978,163.466230,163.466230,5782661
2019-10-28,163.466230,165.111833,163.233775,164.877371,164.877371,8689498
2019-10-29,164.877371,164.909943,161.036126,161.067946,161.067946,5212412
2019-10-30,161.067946,163.488751,160.726378,163.142783,163.142783,6269476
2019-10-31,163.142783,167.768134,162.415038,167.023080,167.023080,6504596
2019-11-01,167.023080,169.829203,166.773770,169.576083,169.576083,6427041
2019-11-04,169.576083,173.103091,169.514172,173.039916,173.039916,13132384
2019-11-05,173.039916,173.065668,171.984119,172.009718,172.009718,4780101
2019-11-06,172.009718,172.076603,169.519869,169.585811,169.585811,4108826
2019-11-07,169.585811,169.613796,167.176065,167.203656,167.203656,7568408
2019-11-08,167.203656,172.588493,166.914190,172.290221,172.290221,6253338
2019-11-11,172.290221,172.825106,166.751701,167.271003,167.271003,3600675
2019-11-12,167.271003,170.947209,165.904766,169.562257,169.562257,5503469
2019-11-13,169.562257,169.912111,169.428863,169.778547,169.778547,7466948
2019-11-14,169.778547,171.031589,169.165358,170.416097,170.416097,9102630
2019-11-15,170.416097,172.918580,169.628260,172.122852,172.122852,5630931
2019-11-18,172.122852,172.126874,170.766244,170.770234,170.770234,5640609
2019-11-19,170.770234,171.197952,169.212587,169.637469,169.637469,6702907
2019-11-20,169.637469,171.118805,169.570496,171.051274,171.051274,5680368
2019-11-21,171.051274,175.753642,170.387528,175.074285,175.074285,4779258
2019-11-22,175.074285,178.390555,174.177842,177.481785,177.481785,8157451
2019-11-25,177.481785,177.913187,176.071728,176.500745,176.500745,3958555
2019-11-26,176.500745,179.810752,175.873308,179.173812,179.173812,6085396
2019-11-27,179.173812,182.650753,179.009671,182.483580,182.483580,4500947
2019-11-28,182.483580,183.048340,180.536192,181.096660,181.096660,6136458
2019-11-29,181.096660,182.164212,179.064338,180.126169,180.126169,9196425
2019-12-02,180.126169,181.835090,176.602469,178.294007,178.294007,6841096
2019-12-03,178.294007,181.726127,177.793603,181.217518,181.217518,7585393
2019-12-04,181.217518,181.533888,178.771290,179.083935,179.083935,3874737
2019-12-05,179.083935,181.655267,179.037756,181.608437,181.608437,7461114
2019-12-06,181.608437,182.276622,179.555381,180.218451,180.218451,8418060
2019-12-09,180.218451,180.610428,177.956587,178.344488,178.344488,6096901
2019-12-10,178.344488,178.450720,177.428107,177.533856,177.533856,10033577
2019-12-11,177.533856,178.791277,177.049034,178.304351,178.304351,12204823
2019-12-12,178.304351,178.575180,177.000054,177.269311,177.269311,4823329
2019-12-13,177.269311,180.242882,177.028007,179.997863,179.997863,3484961
2019-12-16,179.997863,181.234706,175.410199,176.623858,176.623858,9769054
2019-12-17,176.623858,178.342351,172.412160,174.106157,174.106157,5267587
2019-12-18,174.106157,179.984603,173.100988,178.951461,178.951461,10415210
2019-12-19,178.951461,179.319101,178.548917,178.916484,178.916484,8014038
2019-12-20,178.916484,186.088177,177.391534,184.515504,184.515504,8175430
2019-12-23,184.515504,185.196348,182.618518,183.294857,183.294857,5707325
2019-12-24,183.294857,184.790398,182.469997,183.962533,183.962533,13196221
2019-12-25,183.962533,183.983579,183.519026,183.540024,183.540024,6455357
2019-12-26,183.540024,183.642189,182.185969,182.287437,182.287437,4812241
2019-12-27,182.287437,183.237286,181.883268,182.831910,182.831910,5656803
2019-12-30,182.831910,182.896932,182.043885,182.108650,182.108650,2718119
2019-12-31,182.108650,184.280001,181.349112,183.514599,183.514599,4570793
2020-01-01,183.514599,185.279799,181.986546,183.749788,183.749788,4844498
2020-01-02,183.749788,188.082676,182.734695,187.049356,187.049356,7790598
2020-01-03,187.049356,188.700905,186.325792,187.973765,187.973765,7519565
2020-01-06,187.973765,188.654204,179.314227,179.965677,179.965677,7636895
2020-01-07,179.965677,180.343684,178.590873,178.966782,178.966782,4534878
2020-01-08,178.966782,179.171343,178.327225,178.531287,178.531287,6824621
2020-01-09,178.531287,178.879824,178.284141,178.632537,178.632537,4662418
2020-01-10,178.632537,180.966358,176.707874,179.037333,179.037333,3376417
2020-01-13,179.037333,179.083994,178.925648,178.972292,178.972292,4576352
2020-01-14,178.972292,179.175349,176.575118,176.775683,176.775683,8022242
2020-01-15,176.775683,179.141391,176.052876,178.411894,178.411894,4965871
2020-01-16,178.411894,182.394327,177.613912,181.582166,181.582166,4260871
2020-01-17,181.582166,182.865568,181.444607,182.727141,182.727141,4557124
2020-01-20,182.727141,183.138365,181.109382,181.517885,181.517885,4697613
2020-01-21,181.517885,181.643940,181.151671,181.277559,181.277559,8164844
2020-01-22,181.277559,182.157633,181.179274,182.058924,182.058924,8070776
2020-01-23,182.058924,182.745371,178.301682,178.976508,178.976508,7880163
2020-01-24,178.976508,179.744225,177.456162,178.220637,178.220637,3754928
2020-01-27,178.220637,184.497374,177.369077,183.620016,183.620016,9055845
2020-01-28,183.620016,184.944619,182.938725,184.260951,184.260951,6811730
2020-01-29,184.260951,191.922105,184.108868,191.763829,191.763829,5209978
2020-01-30,191.763829,192.453038,191.754162,192.443336,192.443336,7059158
2020-01-31,192.443336,194.027787,190.330983,191.911052,191.911052,4890578
2020-02-03,191.911052,193.826324,191.504044,193.416125,193.416125,7390125
2020-02-04,193.416125,194.087801,190.940216,191.605604,191.605604,5644628
2020-02-05,191.605604,194.251702,191.434612,194.078504,194.078504,7885475
2020-02-06,194.078504,194.616799,185.826942,186.343784,186.343784,6747280
2020-02-07,186.343784,188.692277,185.375366,187.716724,187.716724,4940753
2020-02-10,187.716724,188.148918,185.784753,186.213486,186.213486,6042310
2020-02-11,186.213486,187.923574,184.941032,186.648150,186.648150,11785533
2020-02-12,186.648150,186.783195,186.170836,186.305633,186.305633,3637733
2020-02-13,186.305633,186.950613,184.393626,185.034204,185.034204,3911942
2020-02-14,185.034204,187.092662,184.478838,186.532798,186.532798,8882255
2020-02-17,186.532798,187.653838,186.195420,187.315046,187.315046,4391811
2020-02-18,187.315046,187.630943,185.092885,185.405562,185.405562,4321422
2020-02-19,185.405562,188.409763,185.356994,188.360421,188.360421,6684354
2020-02-20,188.360421,192.072145,188.103286,191.810300,191.810300,5647981
2020-02-21,191.810300,192.820356,183.179008,184.148719,184.148719,5448469
2020-02-24,184.148719,184.739206,180.904990,181.486943,181.486943,5398552
2020-02-25,181.486943,182.674296,181.136968,182.322709,182.322709,3676195
2020-02-26,182.322709,183.090497,174.717951,175.456826,175.456826,5819860
2020-02-27,175.456826,176.452761,173.958869,174.951939,174.951939,4877952
2020-02-28,174.951939,175.783094,169.525918,170.335140,170.335140,5248909
2020-03-02,170.335140,173.734083,169.943962,173.336013,173.336013,5001063
2020-03-03,173.336013,175.101763,172.068360,173.830494,173.830494,4928863
2020-03-04,173.830494,174.833709,167.065550,168.035320,168.035320,3638914
2020-03-05,168.035320,168.200411,159.446514,159.603321,159.603321,4145487
2020-03-06,159.603321,159.656683,156.817563,156.870012,156.870012,5337650
2020-03-09,156.870012,157.553397,151.143806,151.805127,151.805127,7702503
2020-03-10,151.805127,162.123859,151.099613,161.373874,161.373874,4302868
2020-03-11,161.373874,161.438685,159.981633,160.045911,160.045911,5633404
2020-03-12,160.045911,161.080401,157.499952,158.524609,158.524609,5461470
2020-03-13,158.524609,159.797569,158.139394,159.410201,159.410201,6303507
2020-03-16,159.410201,159.491917,157.270934,157.351595,157.351595,4532066
2020-03-17,157.351595,158.540297,153.181724,154.347734,154.347734,4457383
2020-03-18,154.347734,154.565782,151.044827,151.258511,151.258511,3891477
2020-03-19,151.258511,153.401937,150.577683,152.714554,152.714554,5444089
2020-03-20,152.714554,153.096536,152.030727,152.411952,152.411952,8558010
2020-03-23,152.411952,152.452346,147.300052,147.339101,147.339101,7207513
2020-03-24,147.339101,150.415460,146.830404,149.897928,149.897928,6065692
2020-03-25,149.897928,150.202278,146.013234,146.310300,146.310300,10588306
2020-03-26,146.310300,147.901344,145.896050,147.483772,147.483772,6515324
2020-03-27,147.483772,150.414739,146.988907,149.911728,149.911728,10259092
2020-03-30,149.911728,150.538145,149.673580,150.299382,150.299382,6967472
2020-03-31,150.299382,150.434807,149.286601,149.421235,149.421235,7509266
2020-04-01,149.421235,152.025581,149.105036,151.704551,151.704551,6460022
2020-04-02,151.704551,151.849724,151.487720,151.632825,151.632825,12316745
2020-04-03,151.632825,151.701282,146.969585,147.035966,147.035966,8184018
2020-04-06,147.035966,148.390081,144.491949,145.835004,145.835004,9179123
2020-04-07,145.835004,149.398023,145.497962,149.053543,149.053543,4424927
2020-04-08,149.053543,149.452891,146.897088,147.291716,147.291716,8571022
2020-04-09,147.291716,147.353635,143.388658,143.448961,143.448961,7250763
2020-04-10,143.448961,144.724946,139.907087,141.162736,141.162736,5916734
2020-04-13,141.162736,142.095584,140.158691,141.091065,141.091065,1530472
2020-04-14,141.091065,141.202025,140.405000,140.515507,140.515507,4208916
2020-04-15,140.515507,140.879112,140.450583,140.814049,140.814049,4852250
2020-04-16,140.814049,141.978250,140.516988,141.679364,141.679364,7291542
2020-04-17,141.679364,141.968642,141.335313,141.624479,141.624479,8003146
2020-04-20,141.624479,144.839303,141.255127,144.462549,144.462549,7646817
2020-04-21,144.462549,144.901349,144.073242,144.511909,144.511909,8668977
2020-04-22,144.511909,145.195110,142.197038,142.872489,142.872489,3012542
2020-04-23,142.872489,143.075595,141.525664,141.727142,141.727142,2628328
2020-04-24,141.727142,143.179517,141.451327,142.901417,142.901417,10378630
2020-04-27,142.901417,143.867962,141.241534,142.203358,142.203358,8251662
2020-04-28,142.203358,143.132105,138.575129,139.486130,139.486130,4141728
2020-04-29,139.486130,139.567136,138.105918,138.186169,138.186169,6349734
2020-04-30,138.186169,138.717562,136.691578,137.219253,137.219253,8799375
2020-05-01,137.219253,140.319278,136.095181,139.179151,139.179151,6667346
2020-05-04,139.179151,139.239931,138.077459,138.137784,138.137784,9956374
2020-05-05,138.137784,138.499210,136.205113,136.562417,136.562417,6566315
2020-05-06,136.562417,136.693613,132.724261,132.851893,132.851893,11326713
2020-05-07,132.851893,135.613298,131.744713,134.492445,134.492445,3270921
2020-05-08,134.492445,135.296315,132.972330,133.771893,133.771893,7528509
2020-05-11,133.771893,133.978801,133.242791,133.449199,133.449199,5394011
2020-05-12,133.449199,134.993974,132.518582,134.059104,134.059104,5909406
2020-05-13,134.059104,134.377406,131.744230,132.057780,132.057780,5421709
2020-05-14,132.057780,132.155912,131.308356,131.406003,131.406003,5822843
2020-05-15,131.406003,134.993486,130.315992,133.882929,133.882929,2580503
2020-05-18,133.882929,134.248208,133.443519,133.808595,133.808595,6300750
2020-05-19,133.808595,134.177860,131.508232,131.872153,131.872153,5289255
2020-05-20,131.872153,133.408610,131.349875,132.882330,132.882330,8191279
2020-05-21,132.882330,132.894892,132.298014,132.310521,132.310521,3263953
2020-05-22,132.310521,133.971773,132.177506,133.837224,133.837224,6574025
2020-05-25,133.837224,134.327694,132.600382,133.088107,133.088107,11301206
2020-05-26,133.088107,134.384208,133.069897,134.365823,134.365823,5222031
2020-05-27,134.365823,135.078889,134.027355,134.739480,134.739480,5564096
2020-05-28,134.739480,135.668787,134.457826,135.385782,135.385782,12349737
2020-05-29,135.385782,136.954366,135.210575,136.777358,136.777358,5327870
2020-06-01,136.777358,137.384427,132.191202,132.780531,132.780531,7676440
2020-06-02,132.780531,134.566916,132.253981,134.035389,134.035389,15595259
2020-06-03,134.035389,134.429420,133.944708,134.338534,134.338534,7537549
2020-06-04,134.338534,135.215626,134.171401,135.047610,135.047610,7599594
2020-06-05,135.047610,135.333030,133.722996,134.006214,134.006214,4341388
2020-06-08,134.006214,134.591008,133.236880,133.820866,133.820866,4463402
2020-06-09,133.820866,137.057360,133.413642,136.641553,136.641553,9277927
2020-06-10,136.641553,137.697932,136.527282,137.582873,137.582873,5113430
2020-06-11,137.582873,139.113874,137.143476,138.671002,138.671002,3471770
2020-06-12,138.671002,139.355577,133.886133,134.550367,134.550367,3451487
2020-06-15,134.550367,136.838703,134.237961,136.521720,136.521720,4059795
2020-06-16,136.521720,142.985938,136.040543,142.483748,142.483748,8989269
2020-06-17,142.483748,142.597526,141.807193,141.920522,141.920522,4922219
2020-06-18,141.920522,144.836142,141.837697,144.751665,144.751665,6612571
2020-06-19,144.751665,145.102235,144.660724,145.011131,145.011131,10313086
2020-06-22,145.011131,145.728543,144.027205,144.743292,144.743292,6945410
2020-06-23,144.743292,145.088822,144.503939,144.849294,144.849294,6556999
2020-06-24,144.849294,144.905957,143.960585,144.016922,144.016922,2995590
2020-06-25,144.016922,146.302900,143.575184,145.855522,145.855522,9806691
2020-06-26,145.855522,148.387561,145.365156,147.890354,147.890354,8565139
2020-06-29,147.890354,150.521926,147.829519,150.460034,150.460034,4545032
2020-06-30,150.460034,151.239381,149.180041,149.956781,149.956781,3900098
2020-07-01,149.956781,153.673442,149.501875,153.208671,153.208671,5101601
2020-07-02,153.208671,154.850953,152.943365,154.583266,154.583266,5539358
2020-07-03,154.583266,156.812295,154.303258,156.528764,156.528764,5836340
2020-07-06,156.528764,160.882749,156.481492,160.834177,160.834177,7053062
2020-07-07,160.834177,161.805387,160.597198,161.567328,161.567328,6384206
2020-07-08,161.567328,162.564357,161.477054,162.473577,162.473577,10291407
2020-07-09,162.473577,163.192704,159.672088,160.381957,160.381957,4913101
2020-07-10,160.381957,160.724127,160.014410,160.356527,160.356527,8218804
2020-07-13,160.356527,160.801896,159.559691,160.004081,160.004081,8114015
2020-07-14,160.004081,160.371707,159.185987,159.552575,159.552575,8192473
2020-07-15,159.552575,159.929615,158.586716,158.962361,158.962361,5423941
2020-07-16,158.962361,162.431512,158.702267,162.166177,162.166177,8437418
2020-07-17,162.166177,163.139275,161.550121,162.521868,162.521868,5466886
2020-07-20,162.521868,163.398019,162.188966,163.064006,163.064006,3535437
2020-07-21,163.064006,164.803664,162.394819,164.130101,164.130101,7848331
2020-07-22,164.130101,166.164693,163.993790,166.026807,166.026807,5329236
2020-07-23,166.026807,166.546827,161.714091,162.222194,162.222194,6682610
2020-07-24,162.222194,163.433053,160.935884,162.146175,162.146175,4906274
2020-07-27,162.146175,165.125621,161.412629,164.381960,164.381960,5126816
2020-07-28,164.381960,164.528046,163.815583,163.961295,163.961295,8305583
2020-07-29,163.961295,165.386006,163.557818,164.980022,164.980022,3258652
2020-07-30,164.980022,168.417963,164.206835,167.632346,167.632346,3955303
2020-07-31,167.632346,168.474969,167.031560,167.873319,167.873319,9385115
2020-08-03,167.873319,168.140942,167.481809,167.749234,167.749234,8339021
2020-08-04,167.749234,169.659959,166.328617,168.235226,168.235226,6220190
2020-08-05,168.235226,170.112538,167.590846,169.463453,169.463453,6361767
2020-08-06,169.463453,169.826793,167.515382,167.875316,167.875316,5998474
2020-08-07,167.875316,168.357422,164.275411,164.748537,164.748537,8376931
2020-08-10,164.748537,165.527821,164.387735,165.166105,165.166105,6136378
2020-08-11,165.166105,165.385227,163.172350,163.389115,163.389115,11317872
2020-08-12,163.389115,163.797571,162.126818,162.533134,162.533134,5551008
2020-08-13,162.533134,163.990862,161.711412,163.165941,163.165941,3085070
2020-08-14,163.165941,163.408323,158.189160,158.424499,158.424499,4912339
2020-08-17,158.424499,160.383602,157.801604,159.755474,159.755474,6968899
2020-08-18,159.755474,160.636637,157.042251,157.913253,157.913253,4885498
2020-08-19,157.913253,160.728614,156.982580,159.786898,159.786898,8261757
2020-08-20,159.786898,163.929117,158.439516,162.558364,162.558364,6689068
2020-08-21,162.558364,162.869774,161.975578,162.286467,162.286467,3700087
2020-08-24,162.286467,162.599847,161.604643,161.917310,161.917310,7558259
2020-08-25,161.917310,162.288849,160.965551,161.335756,161.335756,6392593
2020-08-26,161.335756,162.868194,160.925474,162.455065,162.455065,5127371
2020-08-27,162.455065,163.080720,162.057364,162.682462,162.682462,7010192
2020-08-28,162.682462,163.077057,156.266968,156.646924,156.646924,6750957
2020-08-31,156.646924,160.220702,154.358971,157.914239,157.914239,8573822
2020-09-01,157.914239,158.994646,157.652615,158.731668,158.731668,5380780
2020-09-02,158.731668,161.906208,158.548145,161.719231,161.719231,5655024
2020-09-03,161.719231,161.760389,158.424911,158.465240,158.465240,3991245
2020-09-04,158.465240,161.169849,158.210992,160.911676,160.911676,4598253
2020-09-07,160.911676,163.107818,160.662527,162.855659,162.855659,6995919
2020-09-08,162.855659,165.655486,162.413250,165.206691,165.206691,9811608
2020-09-09,165.206691,167.069485,164.432300,166.290016,166.290016,3558286
2020-09-10,166.290016,167.823163,165.773938,167.303939,167.303939,4845456
2020-09-11,167.303939,167.522611,167.160449,167.379057,167.379057,5638461
2020-09-14,167.379057,168.277536,163.895303,164.779830,164.779830,6088978
2020-09-15,164.779830,165.971449,164.380208,165.569911,165.569911,4471358
2020-09-16,165.569911,165.770941,162.215094,162.412290,162.412290,4667260
2020-09-17,162.412290,163.132831,161.983276,162.703048,162.703048,12031364
2020-09-18,162.703048,165.825435,160.943553,164.051359,164.051359,6583624
2020-09-21,164.051359,167.819208,163.373229,167.128358,167.128358,5426009
2020-09-22,167.128358,168.661244,167.049950,168.582154,168.582154,15040048
2020-09-23,168.582154,169.030975,168.514729,168.963397,168.963397,3430739
2020-09-24,168.963397,170.924387,168.094145,170.049546,170.049546,3749803
2020-09-25,170.049546,170.999160,168.203417,169.147997,169.147997,4355890
2020-09-28,169.147997,176.126509,168.938751,175.908900,175.908900,4425332
2020-09-29,175.908900,176.384000,172.619672,173.087152,173.087152,4007981
2020-09-30,173.087152,173.319483,170.311189,170.540101,170.540101,4817366
2020-10-01,170.540101,170.995853,168.694339,169.146366,169.146366,4116951
2020-10-02,169.146366,169.357549,167.760355,167.970070,167.970070,9831145
2020-10-05,167.970070,168.801595,166.809304,167.639191,167.639191,6533578
2020-10-06,167.639191,168.102868,165.526329,165.985432,165.985432,6052159
2020-10-07,165.985432,166.933353,165.736125,166.682998,166.682998,2948182
2020-10-08,166.682998,166.757863,165.346483,165.420781,165.420781,7078936
2020-10-09,165.420781,166.700055,160.491880,161.742710,161.742710,6920273
2020-10-12,161.742710,162.533813,159.479407,160.263275,160.263275,4899037
2020-10-13,160.263275,161.309891,159.125730,160.171749,160.171749,3153655
2020-10-14,160.171749,160.391076,158.291493,158.508542,158.508542,5726623
2020-10-15,158.508542,158.570195,151.963894,152.023025,152.023025,5891307
2020-10-16,152.023025,152.027137,151.424927,151.429023,151.429023,4147083
2020-10-19,151.429023,152.512202,151.214050,152.295998,152.295998,7175085
2020-10-20,152.295998,152.771640,151.029480,151.502645,151.502645,5279207
2020-10-21,151.502645,152.015111,151.041021,151.553332,151.553332,4810422
2020-10-22,151.553332,152.648893,150.575638,151.670443,151.670443,8565292
2020-10-23,151.670443,152.405762,151.670225,152.405543,152.405543,6369393
2020-10-26,152.405543,152.809033,151.928753,152.332048,152.332048,7035131
2020-10-27,152.332048,154.112857,151.825343,153.601928,153.601928,5895187
2020-10-28,153.601928,154.228167,151.962174,152.584264,152.584264,5995851
2020-10-29,152.584264,152.954921,150.660638,151.027513,151.027513,3161724
2020-10-30,151.027513,152.668491,150.682279,152.320302,152.320302,3769090
2020-11-02,152.320302,154.149130,151.904452,153.729433,153.729433,6341826
2020-11-03,153.729433,154.346460,153.718342,154.335324,154.335324,4620398
2020-11-04,154.335324,156.453695,153.766280,155.878959,155.878959,6858541
2020-11-05,155.878959,157.079137,154.490883,155.689603,155.689603,3259600
2020-11-06,155.689603,157.117886,155.392959,156.819089,156.819089,5967929
2020-11-09,156.819089,157.936055,156.739870,157.856312,157.856312,4656268
2020-11-10,157.856312,158.905450,153.622920,154.650753,154.650753,4530423
2020-11-11,154.650753,155.653481,152.447538,153.442432,153.442432,6074418
2020-11-12,153.442432,154.919555,153.199756,154.674930,154.674930,8882540
2020-11-13,154.674930,155.319230,154.074833,154.718962,154.718962,5834542
2020-11-16,154.718962,156.724016,154.400159,156.401746,156.401746,5256129
2020-11-17,156.401746,157.043365,154.696990,155.334229,155.334229,5920350
2020-11-18,155.334229,158.594280,154.569114,157.816936,157.816936,6799240
2020-11-19,157.816936,159.088854,156.693132,157.964002,157.964002,5710781
2020-11-20,157.964002,158.838509,157.162218,158.036358,158.036358,5035216
2020-11-23,158.036358,158.991917,157.565242,158.519361,158.519361,4286140
2020-11-24,158.519361,161.616849,157.648514,160.733836,160.733836,4624731
2020-11-25,160.733836,162.565504,159.673022,161.499635,161.499635,5643530
2020-11-26,161.499635,161.719875,160.314826,160.533749,160.533749,5214557
2020-11-27,160.533749,160.986182,160.408818,160.860997,160.860997,7403582
2020-11-30,160.860997,160.977428,159.251737,159.367086,159.367086,6712320
2020-12-01,159.367086,160.879675,158.847304,160.356665,160.356665,6330180
2020-12-02,160.356665,161.121862,159.300286,160.064086,160.064086,4820991
2020-12-03,160.064086,162.670942,159.962174,162.567435,162.567435,9567041
2020-12-04,162.567435,162.588605,158.435397,158.456031,158.456031,3987882
2020-12-07,158.456031,159.514535,157.395575,158.454065,158.454065,5327928
2020-12-08,158.454065,158.687320,157.915405,158.148210,158.148210,13360970
2020-12-09,158.148210,158.687979,157.937353,158.476684,158.476684,5711021
2020-12-10,158.476684,159.308304,153.843086,154.654649,154.654649,9837901
2020-12-11,154.654649,155.552349,151.584327,152.469342,152.469342,5457209
2020-12-14,152.469342,153.078671,150.566796,151.170935,151.170935,4891381
2020-12-15,151.170935,153.301685,150.558672,152.683296,152.683296,6064738
2020-12-16,152.683296,154.723192,152.244575,154.279884,154.279884,6035471
2020-12-17,154.279884,154.655554,151.075139,151.443903,151.443903,5962528
2020-12-18,151.443903,152.287974,150.460083,151.303370,151.303370,3880700
2020-12-21,151.303370,153.434480,151.175944,153.305368,153.305368,5012363
2020-12-22,153.305368,153.414872,152.976895,153.086242,153.086242,11722627
2020-12-23,153.086242,155.667151,152.429514,155.002204,155.002204,6997502
2020-12-24,155.002204,155.447949,152.366900,152.806330,152.806330,6204046
2020-12-25,152.806330,155.992332,152.793056,155.978782,155.978782,7895290
2020-12-28,155.978782,156.677939,155.804078,156.502648,156.502648,7664135
2020-12-29,156.502648,157.143158,150.682952,151.302179,151.302179,7478905
2020-12-30,151.302179,151.496491,148.919664,149.111162,149.111162,3056469
2020-12-31,149.111162,149.931539,148.944057,149.763703,149.763703,3694276
2021-01-01,149.763703,156.991727,149.503746,156.719696,156.719696,6968020
2021-01-04,156.719696,157.413328,153.516890,154.199366,154.199366,5585064
2021-01-05,154.199366,154.583700,150.570782,150.947009,150.947009,6134423
2021-01-06,150.947009,151.386409,148.272767,148.705642,148.705642,8761896
2021-01-07,148.705642,150.220492,148.582890,150.096591,150.096591,5133910
2021-01-08,150.096591,152.081126,149.677224,151.657398,151.657398,5357731
2021-01-11,151.657398,156.458641,151.486452,156.282481,156.282481,7149196
2021-01-12,156.282481,159.300741,156.121267,159.136583,159.136583,4114172
2021-01-13,159.136583,159.365947,157.546528,157.773927,157.773927,9081389
2021-01-14,157.773927,157.878163,154.899068,155.001472,155.001472,3980420
2021-01-15,155.001472,155.776521,154.868437,155.642935,155.642935,9642490
2021-01-18,155.642935,160.425795,154.957779,159.722679,159.722679,7578666
2021-01-19,159.722679,160.015657,158.667845,158.959423,158.959423,3604109
2021-01-20,158.959423,159.551075,157.978427,158.568624,158.568624,2981015
2021-01-21,158.568624,160.078652,155.972223,157.471806,157.471806,5291392
2021-01-22,157.471806,158.745852,154.272345,155.530687,155.530687,4218360
2021-01-25,155.530687,156.183088,155.380567,156.032483,156.032483,8543840
2021-01-26,156.032483,156.413405,151.797952,152.169443,152.169443,3443736
2021-01-27,152.169443,152.408626,150.583162,150.820225,150.820225,5534510
2021-01-28,150.820225,156.582508,150.023571,155.759764,155.759764,7084193
2021-01-29,155.759764,155.946626,153.821879,154.006638,154.006638,5196418
2021-02-01,154.006638,154.845601,153.747828,154.585819,154.585819,5393035
2021-02-02,154.585819,156.091538,154.489050,155.993888,155.993888,4631938
2021-02-03,155.993888,158.691459,155.625521,158.317605,158.317605,4711332
2021-02-04,158.317605,159.712814,158.261812,159.656550,159.656550,5662457
2021-02-05,159.656550,159.965112,157.344152,157.648834,157.648834,6740821
2021-02-08,157.648834,158.042913,156.365874,156.757725,156.757725,5583563
2021-02-09,156.757725,161.640151,156.466904,161.340827,161.340827,4951043
2021-02-10,161.340827,162.523683,161.312431,162.495084,162.495084,6493633
2021-02-11,162.495084,165.572348,161.935513,165.004136,165.004136,5746138
2021-02-12,165.004136,166.097505,162.857095,163.943434,163.943434,5429499
2021-02-15,163.943434,164.178234,162.944025,163.177728,163.177728,6557702
2021-02-16,163.177728,171.967687,161.467447,170.183973,170.183973,4975734
2021-02-17,170.183973,173.137856,170.043504,172.995066,172.995066,6165188
2021-02-18,172.995066,173.448619,170.187369,170.634734,170.634734,11142638
2021-02-19,170.634734,175.809522,170.064803,175.224262,175.224262,5605571
2021-02-22,175.224262,178.726729,174.813293,178.308527,178.308527,7106049
2021-02-23,178.308527,178.463177,175.763933,175.916508,175.916508,3474640
2021-02-24,175.916508,176.396939,174.325748,174.803138,174.803138,5134294
2021-02-25,174.803138,175.158172,173.911694,174.265636,174.265636,4835490
2021-02-26,174.265636,176.117278,173.635336,175.482577,175.482577,4767636
2021-03-01,175.482577,175.891458,172.614464,173.017602,173.017602,4439919
2021-03-02,173.017602,174.173115,172.634543,173.788350,173.788350,4278632
2021-03-03,173.788350,173.960428,170.041522,170.210057,170.210057,5171387
2021-03-04,170.210057,170.374888,169.450846,169.615101,169.615101,6557466
2021-03-05,169.615101,176.649649,169.298915,176.320962,176.320962,5254764
2021-03-08,176.320962,177.441153,175.875820,176.994310,176.994310,6710088
2021-03-09,176.994310,180.037966,176.430433,179.466214,179.466214,10032075
2021-03-10,179.466214,180.219316,177.913163,178.662895,178.662895,6885914
2021-03-11,178.662895,179.624259,178.384231,179.344532,179.344532,6107025
2021-03-12,179.344532,180.184040,178.137866,178.975648,178.975648,5484416
2021-03-15,178.975648,180.241868,177.825985,179.091461,179.091461,5163978
2021-03-16,179.091461,179.342257,177.225846,177.474376,177.474376,6497259
2021-03-17,177.474376,180.268791,176.000962,178.784500,178.784500,7156427
2021-03-18,178.784500,180.442702,177.834480,179.488939,179.488939,4647957
2021-03-19,179.488939,180.108718,174.684908,175.290189,175.290189,4054745
2021-03-22,175.290189,176.806182,174.317802,175.830796,175.830796,5212830
2021-03-23,175.830796,176.511573,174.810379,175.489836,175.489836,4070729
2021-03-24,175.489836,176.423159,174.462533,175.395353,175.395353,3958998
2021-03-25,175.395353,175.617029,175.380490,175.602148,175.602148,6444352
2021-03-26,175.602148,175.933909,175.550722,175.882401,175.882401,5636605
2021-03-29,175.882401,175.917897,174.920016,174.955326,174.955326,10541961
2021-03-30,174.955326,175.288149,173.536116,173.866868,173.866868,4212557
2021-03-31,173.866868,177.258238,173.709252,177.097693,177.097693,6410722
2021-04-01,177.097693,182.740508,177.018372,182.658696,182.658696,7726740
2021-04-02,182.658696,183.407384,180.752155,181.496078,181.496078,12743362
2021-04-05,181.496078,186.079793,180.055335,184.614296,184.614296,7160672
2021-04-06,184.614296,184.896241,183.878052,184.159303,184.159303,3532623
2021-04-07,184.159303,185.722281,184.049145,185.611255,185.611255,2913334
2021-04-08,185.611255,185.651360,183.123879,183.163455,183.163455,7371657
2021-04-09,183.163455,187.920846,181.813625,186.546087,186.546087,4535828
2021-04-12,186.546087,187.096569,186.140343,186.690510,186.690510,5105970
2021-04-13,186.690510,186.936632,186.598236,186.844282,186.844282,3893421
2021-04-14,186.844282,189.967105,186.685598,189.805905,189.805905,4245731
2021-04-15,189.805905,191.829999,188.587749,190.606703,190.606703,12542217
2021-04-16,190.606703,191.069658,189.276422,189.737265,189.737265,5531266
2021-04-19,189.737265,190.073245,187.989843,188.323319,188.323319,6298850
2021-04-20,188.323319,189.051187,188.173512,188.900920,188.900920,3575960
2021-04-21,188.900920,189.065626,185.629703,185.791698,185.791698,6459550
2021-04-22,185.791698,186.562361,183.657323,184.422306,184.422306,5196080
2021-04-23,184.422306,185.167670,183.657091,184.402374,184.402374,10900242
2021-04-26,184.402374,186.724497,184.216810,186.536784,186.536784,3608007
2021-04-27,186.536784,187.825497,186.424782,187.712788,187.712788,5803793
2021-04-28,187.712788,188.325205,187.247638,187.859692,187.859692,5237449
2021-04-29,187.859692,187.920157,186.844074,186.904231,186.904231,13981773
2021-04-30,186.904231,187.528640,185.116456,185.736965,185.736965,7378283
2021-05-03,185.736965,187.552707,182.419060,184.219971,184.219971,11329620
2021-05-04,184.219971,184.432460,183.724248,183.936410,183.936410,7587662
2021-05-05,183.936410,185.126341,181.892873,183.077246,183.077246,12439195
2021-05-06,183.077246,183.171074,180.291599,180.384046,180.384046,5241631
2021-05-07,180.384046,180.409150,180.093653,180.118720,180.118720,8319151
2021-05-10,180.118720,181.014405,179.445620,180.340477,180.340477,5588515
2021-05-11,180.340477,183.349025,179.765922,182.766740,182.766740,2640865
2021-05-12,182.766740,182.916800,182.466622,182.616559,182.616559,7024106
2021-05-13,182.616559,184.024412,181.930063,183.335216,183.335216,7753165
2021-05-14,183.335216,183.923855,183.309173,183.897732,183.897732,5787794
2021-05-17,183.897732,184.601442,182.751129,183.453137,183.453137,4381857
2021-05-18,183.453137,184.157281,182.712215,183.416217,183.416217,9845281
2021-05-19,183.416217,183.416373,182.578445,182.578600,182.578600,4266357
2021-05-20,182.578600,182.874345,181.234006,181.528048,181.528048,6477187
2021-05-21,181.528048,183.476193,181.144238,183.089082,183.089082,4850974
2021-05-24,183.089082,184.571229,183.041374,184.523147,184.523147,7505167
2021-05-25,184.523147,187.514317,183.894342,186.877489,186.877489,5039188
2021-05-26,186.877489,187.147021,186.092999,186.361787,186.361787,4914709
2021-05-27,186.361787,186.743847,185.117932,185.498221,185.498221,8073006
2021-05-28,185.498221,186.023435,184.132404,184.655231,184.655231,3537389
2021-05-31,184.655231,187.488958,183.912327,186.737676,186.737676,4942957
2021-06-01,186.737676,187.278837,184.202883,184.738249,184.738249,8883793
2021-06-02,184.738249,187.025042,184.711145,186.997607,186.997607,4058063
2021-06-03,186.997607,190.503184,185.867804,189.359113,189.359113,4664654
2021-06-04,189.359113,189.819988,189.329048,189.789855,189.789855,5785926
2021-06-07,189.789855,192.497412,189.717534,192.424087,192.424087,5373963
2021-06-08,192.424087,192.458164,191.558961,191.592890,191.592890,9545323
2021-06-09,191.592890,192.723300,191.128133,192.256933,192.256933,4289450
2021-06-10,192.256933,193.012495,191.047931,191.801703,191.801703,6566145
2021-06-11,191.801703,192.466036,190.650076,191.312714,191.312714,3589608
2021-06-14,191.312714,192.057693,191.297173,192.042093,192.042093,7457276
2021-06-15,192.042093,192.800239,190.275889,191.030039,191.030039,5838576
2021-06-16,191.030039,192.909935,190.906889,192.785653,192.785653,11903921
2021-06-17,192.785653,193.738953,191.952538,192.905321,192.905321,5713044
2021-06-18,192.905321,194.747775,192.826744,194.668480,194.668480,7267007
2021-06-21,194.668480,195.784706,191.937323,193.044236,193.044236,3784301
2021-06-22,193.044236,193.320780,192.747635,193.024150,193.024150,7154016
2021-06-23,193.024150,194.001934,192.478251,193.454818,193.454818,9755263
2021-06-24,193.454818,196.234751,192.138888,194.908930,194.908930,5031259
2021-06-25,194.908930,196.977493,191.784589,193.841827,193.841827,8149402
2021-06-28,193.841827,194.566970,192.903122,193.627463,193.627463,8772194
2021-06-29,193.627463,193.641405,193.292111,193.306030,193.306030,7613589
2021-06-30,193.306030,195.333070,192.615714,194.637997,194.637997,5407945
2021-07-01,194.637997,196.141405,193.338607,194.840661,194.840661,5598699
2021-07-02,194.840661,196.723706,194.271618,196.150836,196.150836,5517932
2021-07-05,196.150836,196.451710,193.279694,193.576619,193.576619,6810330
2021-07-06,193.576619,197.166931,193.044410,196.626338,196.626338,6747774
2021-07-07,196.626338,198.918393,196.486092,198.776613,198.776613,4667787
2021-07-08,198.776613,204.223378,197.022674,202.437140,202.437140,4126739
2021-07-09,202.437140,204.203354,199.757109,201.515281,201.515281,4951646
2021-07-12,201.515281,205.557060,200.503018,204.529655,204.529655,6083242
2021-07-13,204.529655,204.915100,202.325080,202.707090,202.707090,5844181
2021-07-14,202.707090,204.327000,201.493228,203.110722,203.110722,8946039
2021-07-15,203.110722,203.645220,200.185159,200.713349,200.713349,4775830
2021-07-16,200.713349,201.485877,200.147561,200.919508,200.919508,4706264
2021-07-19,200.919508,203.180165,199.773486,202.027821,202.027821,5386645
2021-07-20,202.027821,205.025146,201.490660,204.481461,204.481461,7096282
2021-07-21,204.481461,205.583939,204.053542,205.154611,205.154611,10836294
2021-07-22,205.154611,206.206608,203.979786,205.031150,205.031150,7403775
2021-07-23,205.031150,205.977767,202.870348,203.811333,203.811333,4820738
2021-07-26,203.811333,204.060462,201.762435,202.009361,202.009361,5779941
2021-07-27,202.009361,207.507339,201.568207,207.055165,207.055165,4226427
2021-07-28,207.055165,207.185220,206.487820,206.617600,206.617600,7061207
2021-07-29,206.617600,207.148892,206.354991,206.885942,206.885942,7658081
2021-07-30,206.885942,208.063221,205.503670,206.679775,206.679775,7244004
2021-08-02,206.679775,207.470112,199.966708,200.734310,200.734310,7616299
2021-08-03,200.734310,201.959051,200.254850,201.477815,201.477815,6033792
2021-08-04,201.477815,201.738851,201.439645,201.700639,201.700639,8427001
2021-08-05,201.700639,204.614649,201.269972,204.178691,204.178691,2323410
2021-08-06,204.178691,204.353300,201.730506,201.903169,201.903169,9643679
2021-08-09,201.903169,203.610207,201.400774,203.104822,203.104822,9241900
2021-08-10,203.104822,204.673247,199.991518,201.547920,201.547920,4806396
2021-08-11,201.547920,201.550410,200.292957,200.295432,200.295432,7511976
2021-08-12,200.295432,200.988374,199.756554,200.449083,200.449083,6057404
2021-08-13,200.449083,202.153421,197.426725,199.119760,199.119760,6915102
2021-08-16,199.119760,202.426938,198.117789,201.413426,201.413426,12330361
2021-08-17,201.413426,203.396370,201.237270,203.218636,203.218636,5220278
2021-08-18,203.218636,204.447612,200.119296,201.336892,201.336892,3532149
2021-08-19,201.336892,201.746449,201.258206,201.667634,201.667634,5044686
2021-08-20,201.667634,207.458977,201.574167,207.362870,207.362870,3411283
2021-08-23,207.362870,208.852804,206.008847,207.497899,207.497899,4082022
2021-08-24,207.497899,208.307841,204.258191,205.058612,205.058612,8135332
2021-08-25,205.058612,205.866229,201.524021,202.320856,202.320856,8218562
2021-08-26,202.320856,202.572217,200.385863,200.635130,200.635130,7324193
2021-08-27,200.635130,201.039565,197.878369,198.278053,198.278053,4039862
2021-08-30,198.278053,198.767117,193.986619,194.466282,194.466282,5181357
2021-08-31,194.466282,200.538961,193.712778,199.764926,199.764926,6858081
2021-09-01,199.764926,200.545969,196.265963,197.036337,197.036337,8792531
2021-09-02,197.036337,197.071143,193.604265,193.638471,193.638471,6252628
2021-09-03,193.638471,194.227868,189.225957,189.803682,189.803682,5443556
2021-09-06,189.803682,190.736676,186.444582,187.365591,187.365591,11801256
2021-09-07,187.365591,191.090473,185.980475,189.688188,189.688188,6215360
2021-09-08,189.688188,189.695958,189.046979,189.054724,189.054724,3121191
2021-09-09,189.054724,189.529600,188.818772,189.293350,189.293350,7039359
2021-09-10,189.293350,193.860479,188.396676,192.946501,192.946501,3236578
2021-09-13,192.946501,195.974421,192.085546,195.103840,195.103840,4523495
2021-09-14,195.103840,195.229443,192.827352,192.951569,192.951569,6431933
2021-09-15,192.951569,193.581302,191.873783,192.502049,192.502049,5673956
2021-09-16,192.502049,192.649786,190.342404,190.488596,190.488596,5686042
2021-09-17,190.488596,191.127626,188.114303,188.747492,188.747492,3982412
2021-09-20,188.747492,189.130246,186.191792,186.570131,186.570131,6709361
2021-09-21,186.570131,186.991280,184.044516,184.460903,184.460903,9240140
2021-09-22,184.460903,190.353868,184.116397,189.999018,189.999018,12751330
2021-09-23,189.999018,190.256018,185.837779,186.089492,186.089492,5182239
2021-09-24,186.089492,187.679643,183.479855,185.061219,185.061219,6565252
2021-09-27,185.061219,187.073985,184.953022,186.964675,186.964675,3292959
2021-09-28,186.964675,187.923744,182.461814,183.402611,183.402611,5668202
2021-09-29,183.402611,185.842567,182.897621,185.332264,185.332264,7761323
2021-09-30,185.332264,185.648527,184.082152,184.396819,184.396819,3773918
2021-10-01,184.396819,184.958215,183.348670,183.908580,183.908580,6876366
2021-10-04,183.908580,190.234019,182.708218,189.000423,189.000423,4983427
2021-10-05,189.000423,190.670849,185.755423,187.411808,187.411808,7722780
2021-10-06,187.411808,188.204138,186.508476,187.300334,187.300334,3829057
2021-10-07,187.300334,189.945480,187.297947,189.943059,189.943059,7119739
2021-10-08,189.943059,194.229278,189.311603,193.585712,193.585712,5584758
2021-10-11,193.585712,197.881964,192.786891,197.068770,197.068770,3958722
2021-10-12,197.068770,197.455534,195.145126,195.528868,195.528868,3176584
2021-10-13,195.528868,195.541496,193.999308,194.011838,194.011838,11457812
2021-10-14,194.011838,195.269843,193.383188,194.639160,194.639160,6892775
2021-10-15,194.639160,195.781250,193.134229,194.274178,194.274178,6067750
2021-10-18,194.274178,194.916954,187.865152,188.488786,188.488786,6917519
2021-10-19,188.488786,191.382954,187.902742,190.789755,190.789755,4308528
2021-10-20,190.789755,190.806551,188.314280,188.330859,188.330859,12272063
2021-10-21,188.330859,189.539486,188.115017,189.322508,189.322508,9270757
2021-10-22,189.322508,189.494852,187.142493,187.313008,187.313008,8680770
2021-10-25,187.313008,188.027783,186.345113,187.058918,187.058918,6714772
2021-10-26,187.058918,187.442987,184.999208,185.379829,185.379829,6208006
2021-10-27,185.379829,188.298282,185.064018,187.978045,187.978045,9293183
2021-10-28,187.978045,193.445324,187.157343,192.604423,192.604423,5591080
2021-10-29,192.604423,194.351245,192.288037,194.032513,194.032513,6321232
2021-11-01,194.032513,198.093212,193.006622,197.051360,197.051360,4364505
2021-11-02,197.051360,197.989276,195.011750,195.944398,195.944398,3558878
2021-11-03,195.944398,197.949137,195.149863,197.149715,197.149715,3517493
2021-11-04,197.149715,197.461367,194.843340,195.151833,195.151833,3737216
2021-11-05,195.151833,196.208038,193.853238,194.908124,194.908124,6082441
2021-11-08,194.908124,195.000093,189.763353,189.852937,189.852937,8492743
2021-11-09,189.852937,191.660715,189.288828,191.092921,191.092921,2438265
2021-11-10,191.092921,192.900606,191.039230,192.846422,192.846422,6655039
2021-11-11,192.846422,193.039692,192.601884,192.795102,192.795102,2469878
2021-11-12,192.795102,193.472504,191.451224,192.126275,192.126275,7265233
2021-11-15,192.126275,192.662624,192.025335,192.561455,192.561455,5828603
2021-11-16,192.561455,194.986751,192.076895,194.497319,194.497319,10414121
2021-11-17,194.497319,196.025258,193.367524,194.893163,194.893163,5914483
2021-11-18,194.893163,197.318657,193.635925,196.053931,196.053931,3679914
2021-11-19,196.053931,196.586794,193.855139,194.383461,194.383461,4109475
2021-11-22,194.383461,197.379578,193.478453,196.464879,196.464879,4018648
2021-11-23,196.464879,198.122358,195.639702,197.293700,197.293700,11919645
2021-11-24,197.293700,200.002094,197.137795,199.844174,199.844174,2913631
2021-11-25,199.844174,201.293856,199.428321,200.875856,200.875856,3713396
2021-11-26,200.875856,203.230764,200.243144,202.592644,202.592644,5830382
2021-11-29,202.592644,203.791656,197.588881,198.765241,198.765241,8779706
2021-11-30,198.765241,198.929264,197.442192,197.605256,197.605256,4117854
2021-12-01,197.605256,198.674204,195.989863,197.055838,197.055838,5237320
2021-12-02,197.055838,197.786210,193.343116,194.062392,194.062392,5836743
2021-12-03,194.062392,195.902664,193.353393,195.189548,195.189548,6153681
2021-12-06,195.189548,196.197634,192.935256,193.936873,193.936873,7936784
2021-12-07,193.936873,194.424344,189.357292,189.834451,189.834451,7592624
2021-12-08,189.834451,190.800279,187.580159,188.539398,188.539398,5987832
2021-12-09,188.539398,188.620155,187.530591,187.610951,187.610951,6349104
2021-12-10,187.610951,188.840343,187.503734,188.732486,188.732486,8461057
2021-12-13,188.732486,191.308725,188.156434,190.726586,190.726586,3899991
2021-12-14,190.726586,191.432114,190.205673,190.910698,190.910698,4800493
2021-12-15,190.910698,192.055384,190.636303,191.779740,191.779740,3319643
2021-12-16,191.779740,194.113035,190.544310,192.870577,192.870577,5503717
2021-12-17,192.870577,193.043479,190.854726,191.025974,191.025974,7846104
2021-12-20,191.025974,192.661983,190.798935,192.433271,192.433271,5295352
2021-12-21,192.433271,194.289197,188.365356,190.199741,190.199741,5967447
2021-12-22,190.199741,193.098991,188.634543,191.522904,191.522904,6407500
2021-12-23,191.522904,192.496562,187.727463,188.686703,188.686703,4744137
2021-12-24,188.686703,189.398860,188.087294,188.799094,188.799094,4447590
2021-12-27,188.799094,188.919574,188.386315,188.506609,188.506609,6129302
2021-12-28,188.506609,188.910222,184.685120,185.081399,185.081399,6228754
2021-12-29,185.081399,186.816593,184.559039,186.290819,186.290819,5579426
2021-12-30,186.290819,187.463280,179.389390,180.525566,180.525566,5125668
2021-12-31,180.525566,182.978727,179.043267,181.488521,181.488521,8997420
2022-01-03,181.488521,181.689272,180.834552,181.034801,181.034801,4449701
2022-01-04,181.034801,181.844965,179.610464,180.417867,180.417867,3773109
2022-01-05,180.417867,181.270714,178.127182,178.973200,178.973200,6005481
2022-01-06,178.973200,180.245546,174.376627,175.625171,175.625171,4620418
2022-01-07,175.625171,176.678048,175.121981,176.173286,176.173286,4523495
2022-01-10,176.173286,180.130195,174.904125,178.841809,178.841809,13224131
2022-01-11,178.841809,180.775100,178.759259,180.691695,180.691695,4445244
2022-01-12,180.691695,180.798441,180.623528,180.730259,180.730259,7328310
2022-01-13,180.730259,181.005330,177.564913,177.835578,177.835578,6923728
2022-01-14,177.835578,180.445590,176.676341,179.276958,179.276958,5153259
2022-01-17,179.276958,179.470506,179.205012,179.398512,179.398512,4774549
2022-01-18,179.398512,179.914849,177.084719,177.595868,177.595868,4379318
2022-01-19,177.595868,178.800709,176.171769,177.375112,177.375112,6559419
2022-01-20,177.375112,178.983444,174.420904,176.016921,176.016921,5109186
2022-01-21,176.016921,178.763404,175.002366,177.738924,177.738924,5170413
2022-01-24,177.738924,178.337888,174.629216,175.219691,175.219691,4800462
2022-01-25,175.219691,176.761976,174.227779,175.766966,175.766966,7169966
2022-01-26,175.766966,176.675557,175.665113,176.573237,176.573237,10305086
2022-01-27,176.573237,176.610636,175.670903,175.708118,175.708118,3321446
2022-01-28,175.708118,178.000930,174.938413,177.224583,177.224583,2434079
2022-01-31,177.224583,177.589056,175.484927,175.846566,175.846566,5922203
2022-02-01,175.846566,178.397422,175.716347,178.265412,178.265412,13848691
2022-02-02,178.265412,178.968127,177.909170,178.611194,178.611194,5383856
2022-02-03,178.611194,181.273131,178.559819,181.221005,181.221005,4001733
2022-02-04,181.221005,181.400994,180.062419,180.241435,180.241435,9661756
2022-02-07,180.241435,180.627720,179.732820,180.118842,180.118842,4551991
2022-02-08,180.118842,182.217261,177.697656,179.792270,179.792270,4158897
2022-02-09,179.792270,183.789342,179.315951,183.303720,183.303720,8273345
2022-02-10,183.303720,185.577684,183.136251,185.408293,185.408293,6928197
2022-02-11,185.408293,189.505194,184.919836,189.007256,189.007256,6104170
2022-02-14,189.007256,190.007053,188.834368,189.833409,189.833409,8360763
2022-02-15,189.833409,192.346296,188.711914,191.216629,191.216629,5752909
2022-02-16,191.216629,192.133587,189.443857,190.356692,190.356692,3663694
2022-02-17,190.356692,192.559613,189.817869,192.016094,192.016094,3737518
2022-02-18,192.016094,194.058583,191.334189,193.371864,193.371864,9031087
2022-02-21,193.371864,193.994293,191.536315,192.154826,192.154826,6764918
2022-02-22,192.154826,196.262367,191.514226,195.610247,195.610247,2954257
2022-02-23,195.610247,198.571967,194.634653,197.586516,197.586516,8056941
2022-02-24,197.586516,198.905895,196.408064,197.726607,197.726607,4234328
2022-02-25,197.726607,197.745335,197.024858,197.043522,197.043522,7472278
2022-02-28,197.043522,199.801779,196.991632,199.749177,199.749177,2920243
2022-03-01,199.749177,201.162464,198.534273,199.946361,199.946361,5423452
2022-03-02,199.946361,200.005426,199.611247,199.670230,199.670230,3914545
2022-03-03,199.670230,205.533549,199.187103,205.037435,205.037435,4833565
2022-03-04,205.037435,207.466498,204.276706,206.699602,206.699602,3079723
2022-03-07,206.699602,208.296466,206.560355,208.156237,208.156237,6313168
2022-03-08,208.156237,211.327307,207.944735,211.112800,211.112800,6287665
2022-03-09,211.112800,214.452368,210.448983,213.780164,213.780164,3794072
2022-03-10,213.780164,215.292657,210.020835,211.517319,211.517319,5115623
2022-03-11,211.517319,213.402348,206.599152,208.456907,208.456907,10307638
2022-03-14,208.456907,214.793692,208.250904,214.581637,214.581637,3156256
2022-03-15,214.581637,214.986299,213.912907,214.317070,214.317070,3612015
2022-03-16,214.317070,214.993124,214.030738,214.706272,214.706272,5603475
2022-03-17,214.706272,216.242963,213.603054,215.137529,215.137529,4777967
2022-03-18,215.137529,215.608597,212.990104,213.457493,213.457493,7048845
2022-03-21,213.457493,214.486053,213.018784,214.046134,214.046134,7550989
2022-03-22,214.046134,215.059504,211.777778,212.785177,212.785177,7194915
2022-03-23,212.785177,214.269795,209.144526,210.613995,210.613995,5538062
2022-03-24,210.613995,210.926046,205.384909,205.689664,205.689664,12315993
2022-03-25,205.689664,207.275710,204.260144,205.845109,205.845109,3542563
2022-03-28,205.845109,206.311531,201.872587,202.331046,202.331046,4167469
2022-03-29,202.331046,202.488306,201.963465,202.120561,202.120561,6898918
2022-03-30,202.120561,202.883040,198.535881,199.287673,199.287673,3416319
2022-03-31,199.287673,200.902881,198.463540,200.075490,200.075490,3581266
2022-04-01,200.075490,201.259782,199.689333,200.872086,200.872086,3918893
2022-04-04,200.872086,202.896144,199.815284,201.834280,201.834280,13288970
2022-04-05,201.834280,203.478883,197.478332,199.100661,199.100661,6428215
2022-04-06,199.100661,202.205275,197.637650,200.730289,200.730289,5207425
2022-04-07,200.730289,201.247247,199.361586,199.876344,199.876344,6039523
2022-04-08,199.876344,206.429019,197.709471,204.215110,204.215110,5757161
2022-04-11,204.215110,206.921783,203.311448,206.010179,206.010179,10702414
2022-04-12,206.010179,208.494565,205.146533,207.624153,207.624153,4425099
2022-04-13,207.624153,208.874520,205.868646,207.115952,207.115952,7123997
2022-04-14,207.115952,215.626661,205.264540,213.716249,213.716249,3112922
2022-04-15,213.716249,218.591100,213.624810,218.497616,218.497616,4221192
2022-04-18,218.497616,219.826468,215.243288,216.560359,216.560359,5314231
2022-04-19,216.560359,217.053747,216.441896,216.935078,216.935078,5847334
2022-04-20,216.935078,217.239692,214.698361,215.000259,215.000259,3554757
2022-04-21,215.000259,215.746424,211.609977,212.346934,212.346934,5445806
2022-04-22,212.346934,214.347066,210.459195,212.458337,212.458337,10201642
2022-04-25,212.458337,212.734933,208.286455,208.557973,208.557973,5129373
2022-04-26,208.557973,209.933338,207.959914,209.333057,209.333057,4969913
2022-04-27,209.333057,209.439593,206.617158,206.722366,206.722366,6621395
2022-04-28,206.722366,209.856278,206.159817,209.286750,209.286750,3249153
2022-04-29,209.286750,210.606789,209.077447,210.396376,210.396376,8371015
2022-05-02,210.396376,211.725399,207.995134,209.317340,209.317340,4707053
2022-05-03,209.317340,210.757841,206.980963,208.415256,208.415256,8931471
2022-05-04,208.415256,211.192497,208.333044,211.109222,211.109222,7379157
2022-05-05,211.109222,213.876038,210.584962,213.346223,213.346223,4710836
2022-05-06,213.346223,214.212027,207.706664,208.553016,208.553016,5081857
2022-05-09,208.553016,208.890522,204.960241,205.292470,205.292470,8022500
2022-05-10,205.292470,206.074552,204.280574,205.061777,205.061777,7051508
2022-05-11,205.061777,208.512037,204.052146,207.490448,207.490448,7520411
2022-05-12,207.490448,208.687547,204.193536,205.378450,205.378450,7568942
2022-05-13,205.378450,206.679276,203.400922,204.697435,204.697435,9619344
2022-05-16,204.697435,205.795163,204.094800,205.191074,205.191074,6174564
2022-05-17,205.191074,207.761444,203.270867,205.835208,205.835208,7416324
2022-05-18,205.835208,206.526043,204.392292,205.080595,205.080595,3305217
2022-05-19,205.080595,205.127278,197.934318,197.979385,197.979385,9687782
2022-05-20,197.979385,199.516284,194.905897,196.430775,196.430775,6422095
2022-05-23,196.430775,198.420622,195.169365,197.154564,197.154564,4926433
2022-05-24,197.154564,200.224830,196.106112,199.165683,199.165683,4558441
2022-05-25,199.165683,200.079165,199.104642,200.017862,200.017862,7366462
2022-05-26,200.017862,202.024079,199.821595,201.826038,201.826038,8387125
2022-05-27,201.826038,202.471123,200.325658,200.968000,200.968000,5919386
2022-05-30,200.968000,202.539792,200.533898,202.103238,202.103238,4464407
2022-05-31,202.103238,202.903076,199.235753,200.027376,200.027376,7230625
2022-06-01,200.027376,200.210940,200.012445,200.195997,200.195997,4262560
2022-06-02,200.195997,201.330631,199.794812,200.927980,200.927980,7717139
2022-06-03,200.927980,201.861153,199.787175,200.719380,200.719380,3610622
2022-06-06,200.719380,202.602727,199.962560,201.841675,201.841675,5346699
2022-06-07,201.841675,204.289235,201.237445,203.679503,203.679503,5108123
2022-06-08,203.679503,204.735525,201.769233,202.820803,202.820803,3303328
2022-06-09,202.820803,203.988256,201.674245,202.841581,202.841581,11454203
2022-06-10,202.841581,203.509835,201.175723,201.840679,201.840679,10246913
2022-06-13,201.840679,204.104246,201.268781,203.527568,203.527568,3239617
2022-06-14,203.527568,204.570651,200.830422,201.864984,201.864984,9333435
2022-06-15,201.864984,206.359675,201.795077,206.288237,206.288237,8392289
2022-06-16,206.288237,210.559617,205.150266,209.404456,209.404456,13253166
2022-06-17,209.404456,211.483581,207.507951,209.585437,209.585437,5746726
2022-06-20,209.585437,210.800625,209.161891,210.375482,210.375482,8388727
2022-06-21,210.375482,211.027176,209.617688,210.269053,210.269053,3377866
2022-06-22,210.269053,211.901405,209.975001,211.605484,211.605484,4538541
2022-06-23,211.605484,211.719174,210.559215,210.672403,210.672403,6362688
2022-06-24,210.672403,211.824183,210.506817,211.657823,211.657823,7973858
2022-06-27,211.657823,212.730842,208.724679,209.788219,209.788219,11510396
2022-06-28,209.788219,211.699199,200.175808,202.015991,202.015991,2516675
2022-06-29,202.015991,202.862063,197.914006,198.746385,198.746385,9398222
2022-06-30,198.746385,198.981468,197.809362,198.043614,198.043614,8607729
2022-07-01,198.043614,198.376036,197.847899,198.180186,198.180186,5036720
2022-07-04,198.180186,202.232526,197.925920,201.973394,201.973394,6668274
2022-07-05,201.973394,202.335203,195.983895,196.335604,196.335604,5573079
2022-07-06,196.335604,197.210468,191.892878,192.751773,192.751773,5930767
2022-07-07,192.751773,194.900406,192.395338,194.540663,194.540663,9491886
2022-07-08,194.540663,194.842455,192.432449,192.731434,192.731434,7400809
2022-07-11,192.731434,193.548162,191.541837,192.356979,192.356979,7057595
2022-07-12,192.356979,194.226928,192.335477,194.205220,194.205220,11098695
2022-07-13,194.205220,195.079724,190.217119,191.077540,191.077540,6717443
2022-07-14,191.077540,191.611138,188.988593,189.517837,189.517837,6138044
2022-07-15,189.517837,189.951647,189.010470,189.444111,189.444111,9287924
2022-07-18,189.444111,190.330697,188.882887,189.768511,189.768511,11462608
2022-07-19,189.768511,190.732466,186.296579,187.247728,187.247728,4388145
2022-07-20,187.247728,188.475654,186.491630,187.717658,187.717658,6225851
2022-07-21,187.717658,188.085515,183.380890,183.740953,183.740953,6688282
2022-07-22,183.740953,183.951533,182.964122,183.174052,183.174052,8451806
2022-07-25,183.174052,185.648887,182.060365,184.526974,184.526974,8459625
2022-07-26,184.526974,192.167872,184.239244,191.868694,191.868694,11527113
2022-07-27,191.868694,191.988573,190.204862,190.323776,190.323776,9025938
2022-07-28,190.323776,191.120717,190.309640,191.106523,191.106523,5324831
2022-07-29,191.106523,192.436212,190.614243,191.941780,191.941780,5239962
2022-08-01,191.941780,192.867142,190.741764,191.665795,191.665795,5338803
2022-08-02,191.665795,194.657958,191.605981,194.597229,194.597229,9053081
2022-08-03,194.597229,196.583701,193.488579,195.470079,195.470079,6739941
2022-08-04,195.470079,199.266528,194.460024,198.242150,198.242150,10965479
2022-08-05,198.242150,198.364153,197.360370,197.481905,197.481905,5490635
2022-08-08,197.481905,200.193853,196.614817,199.318700,199.318700,9161339
2022-08-09,199.318700,204.312809,198.769382,203.751274,203.751274,2715649
2022-08-10,203.751274,204.898397,200.852376,201.989580,201.989580,3452078
2022-08-11,201.989580,202.581867,199.760114,200.347585,200.347585,4587955
2022-08-12,200.347585,200.669333,197.796094,198.114254,198.114254,5040775
2022-08-15,198.114254,200.270135,197.325586,199.476045,199.476045,5866330
2022-08-16,199.476045,205.547449,198.023516,204.061529,204.061529,3558758
2022-08-17,204.061529,204.286879,203.584747,203.809819,203.809819,6715856
2022-08-18,203.809819,205.956937,203.467722,205.611815,205.611815,5853145
2022-08-19,205.611815,207.028831,204.031508,205.447391,205.447391,5992180
2022-08-22,205.447391,208.771754,204.561307,207.875198,207.875198,6176672
2022-08-23,207.875198,212.164609,205.397039,209.665112,209.665112,11861320
2022-08-24,209.665112,216.344515,209.581015,216.257773,216.257773,6107879
2022-08-25,216.257773,216.330550,212.838833,212.910484,212.910484,7572174
2022-08-26,212.910484,215.924640,211.383861,214.387428,214.387428,6548472
2022-08-29,214.387428,215.363378,209.485496,210.443492,210.443492,6738963
2022-08-30,210.443492,212.242112,210.088360,211.884548,211.884548,7184293
2022-08-31,211.884548,215.015780,211.216300,214.339788,214.339788,6060171
2022-09-01,214.339788,214.392494,212.180360,212.232549,212.232549,7722827
2022-09-02,212.232549,212.718063,205.502005,205.973200,205.973200,2836519
2022-09-05,205.973200,206.610869,205.263487,205.900932,205.900932,8600858
2022-09-06,205.900932,206.256564,201.974161,202.323615,202.323615,5458538
2022-09-07,202.323615,202.969365,201.647627,202.293281,202.293281,5172798
2022-09-08,202.293281,206.861649,200.647059,205.191839,205.191839,5288534
2022-09-09,205.191839,205.280828,204.749887,204.838723,204.838723,4636132
2022-09-12,204.838723,205.597489,202.537267,203.290298,203.290298,3884885
2022-09-13,203.290298,204.115125,202.741920,203.566005,203.566005,4583973
2022-09-14,203.566005,208.341941,202.229370,206.982871,206.982871,13848234
2022-09-15,206.982871,207.817189,203.399329,204.222521,204.222521,12336996
2022-09-16,204.222521,206.187668,203.831443,205.793582,205.793582,6847426
2022-09-19,205.793582,207.528741,205.791905,207.527050,207.527050,9654018
2022-09-20,207.527050,208.539341,207.431187,208.443054,208.443054,7627048
2022-09-21,208.443054,208.936516,207.815405,208.308548,208.308548,4578229
2022-09-22,208.308548,212.819208,207.015221,211.506029,211.506029,8545286
2022-09-23,211.506029,213.065584,206.959048,208.496412,208.496412,3463665
2022-09-26,208.496412,211.891761,208.303982,211.696378,211.696378,12838733
2022-09-27,211.696378,213.661988,211.502091,213.466077,213.466077,4902606
2022-09-28,213.466077,213.872888,209.416016,209.815870,209.815870,3797999
2022-09-29,209.815870,211.341487,197.723760,199.171983,199.171983,4306762
2022-09-30,199.171983,201.857085,198.726304,201.406406,201.406406,6279015
2022-10-03,201.406406,201.964766,200.394116,200.951214,200.951214,9442549
2022-10-04,200.951214,201.785556,199.420681,200.252121,200.252121,6264502
2022-10-05,200.252121,204.405392,199.528470,203.669392,203.669392,6205172
2022-10-06,203.669392,205.060405,193.754238,195.086633,195.086633,7594102
2022-10-07,195.086633,196.087563,194.084308,195.085231,195.085231,5521016
2022-10-10,195.085231,195.463978,191.026349,191.397938,191.397938,4387723
2022-10-11,191.397938,191.699851,189.447563,189.746871,189.746871,8013789
2022-10-12,189.746871,190.611014,185.814086,186.664189,186.664189,6628032
2022-10-13,186.664189,188.845223,185.953827,188.129286,188.129286,5140403
2022-10-14,188.129286,188.273883,187.684223,187.828588,187.828588,11113151
2022-10-17,187.828588,193.027000,186.830792,192.007008,192.007008,8534726
2022-10-18,192.007008,193.152445,191.717279,192.861426,192.861426,7646228
2022-10-19,192.861426,196.589168,191.029083,194.738986,194.738986,6695624
2022-10-20,194.738986,196.677766,193.499225,195.433583,195.433583,5049181
2022-10-21,195.433583,196.313508,191.644803,192.511572,192.511572,3635717
2022-10-24,192.511572,194.848522,191.648126,193.978496,193.978496,2881391
2022-10-25,193.978496,194.252875,189.807611,190.076471,190.076471,5324402
2022-10-26,190.076471,190.565609,184.326559,184.802124,184.802124,8805769
2022-10-27,184.802124,185.924426,182.025483,183.137677,183.137677,8634635
2022-10-28,183.137677,187.489764,182.243318,186.578601,186.578601,11452092
2022-10-31,186.578601,190.054852,186.072350,189.540564,189.540564,3881134
2022-11-01,189.540564,190.811652,186.854886,188.116423,188.116423,6398511
2022-11-02,188.116423,188.313948,184.947426,185.141827,185.141827,3817441
2022-11-03,185.141827,187.762233,184.434612,187.047737,187.047737,6502573
2022-11-04,187.047737,187.827518,185.708375,186.485814,186.485814,6124766
2022-11-07,186.485814,186.497477,185.787235,185.798856,185.798856,7593735
2022-11-08,185.798856,186.658435,185.447587,186.306207,186.306207,4537912
2022-11-09,186.306207,188.034568,186.292594,188.020830,188.020830,7803495
2022-11-10,188.020830,189.918796,187.601575,189.496251,189.496251,5924471
2022-11-11,189.496251,190.377653,186.368475,187.239379,187.239379,4773920
2022-11-14,187.239379,187.543054,186.508840,186.811821,186.811821,5297277
2022-11-15,186.811821,189.190309,186.631166,189.007531,189.007531,6031848
2022-11-16,189.007531,189.396475,186.386548,186.770889,186.770889,5999623
2022-11-17,186.770889,190.328090,186.515176,190.067863,190.067863,5351019
2022-11-18,190.067863,191.450062,189.381341,190.761037,190.761037,7435242
2022-11-21,190.761037,191.712802,189.513941,190.464225,190.464225,2448697
2022-11-22,190.464225,194.441364,190.222518,194.194922,194.194922,5838065
2022-11-23,194.194922,194.347637,192.931358,193.083198,193.083198,4204087
2022-11-24,193.083198,194.423654,190.414583,191.745754,191.745754,5178588
2022-11-25,191.745754,192.058588,190.545239,190.856622,190.856622,11274315
2022-11-28,190.856622,192.458998,190.298029,191.897360,191.897360,7600022
2022-11-29,191.897360,192.472532,189.960063,190.531141,190.531141,4575267
2022-11-30,190.531141,195.057495,190.047010,194.563120,194.563120,6460419
2022-12-01,194.563120,194.651956,188.937282,189.023589,189.023589,3283351
2022-12-02,189.023589,189.278028,185.604519,185.854693,185.854693,6837601
2022-12-05,185.854693,185.872202,183.728271,183.745581,183.745581,5872393
2022-12-06,183.745581,184.255113,180.256419,180.757665,180.757665,5925549
2022-12-07,180.757665,181.796831,177.123953,178.148117,178.148117,10064310
2022-12-08,178.148117,178.256341,177.686781,177.794791,177.794791,9168457
2022-12-09,177.794791,178.503243,172.106521,172.795050,172.795050,11654735
2022-12-12,172.795050,173.094321,169.071268,169.364597,169.364597,4424001
2022-12-13,169.364597,169.488349,165.214780,165.335587,165.335587,4274886
2022-12-14,165.335587,166.433641,162.812934,163.901464,163.901464,6601513
2022-12-15,163.901464,165.385550,161.441821,162.916993,162.916993,7312216
2022-12-16,162.916993,164.102632,161.018193,162.198603,162.198603,6991494
2022-12-19,162.198603,163.616685,162.143787,163.561408,163.561408,6545162
2022-12-20,163.561408,164.139426,162.820374,163.397814,163.397814,11477060
2022-12-21,163.397814,164.307739,160.062978,160.959324,160.959324,11536046
2022-12-22,160.959324,161.791847,159.707956,160.538302,160.538302,8564620
2022-12-23,160.538302,164.962986,158.516829,162.911629,162.911629,4336730
2022-12-26,162.911629,168.523103,161.515763,167.091423,167.091423,5502267
2022-12-27,167.091423,169.377035,166.949990,169.233788,169.233788,3007631
2022-12-28,169.233788,170.284177,165.569754,166.603819,166.603819,4564845
2022-12-29,166.603819,168.766336,164.815013,166.973560,166.973560,3759833
2022-12-30,166.973560,168.377042,166.673500,168.075003,168.075003,5459929
2023-01-02,168.075003,168.660213,164.030412,164.603535,164.603535,8006606
2023-01-03,164.603535,165.280834,161.670366,162.338346,162.338346,6174329
2023-01-04,162.338346,162.743945,161.009134,161.412420,161.412420,3611157
2023-01-05,161.412420,166.024446,160.680454,165.274964,165.274964,3658107
2023-01-06,165.274964,167.153118,164.169786,166.042807,166.042807,6199460
2023-01-09,166.042807,168.693488,165.197915,167.839454,167.839454,4660641
2023-01-10,167.839454,167.948763,164.986226,165.093746,165.093746,8828218
2023-01-11,165.093746,167.214432,164.352747,166.467267,166.467267,4977596
2023-01-12,166.467267,167.501218,165.534961,166.568347,166.568347,4941307
2023-01-13,166.568347,166.814108,166.214196,166.459797,166.459797,3946957
2023-01-16,166.459797,168.964029,166.113107,168.612855,168.612855,6820330
2023-01-17,168.612855,170.651813,163.931854,165.938473,165.938473,6604508
2023-01-18,165.938473,166.055335,162.968435,163.083286,163.083286,5276213
2023-01-19,163.083286,163.415960,162.688047,163.020593,163.020593,5556405
2023-01-20,163.020593,163.386098,158.478716,158.834836,158.834836,7250008
2023-01-23,158.834836,160.049935,158.809150,160.024057,160.024057,5303242
2023-01-24,160.024057,161.553927,159.528392,161.055069,161.055069,9370368
2023-01-25,161.055069,161.161620,160.842265,160.948745,160.948745,7442264
2023-01-26,160.948745,163.739137,160.532805,163.317075,163.317075,9540454
2023-01-27,163.317075,163.351698,159.668944,159.702800,159.702800,9424669
2023-01-30,159.702800,160.065114,158.167075,158.526720,158.526720,5790867
2023-01-31,158.526720,159.409413,154.482697,155.347689,155.347689,8381767
2023-02-01,155.347689,155.820983,155.243086,155.716132,155.716132,3671862
2023-02-02,155.716132,158.837233,155.024132,158.134486,158.134486,3481322
2023-02-03,158.134486,158.831754,157.077939,157.773617,157.773617,5375543
2023-02-06,157.773617,158.944931,157.574411,158.744499,158.744499,7567372
2023-02-07,158.744499,159.064926,158.711295,159.031662,159.031662,7411489
2023-02-08,159.031662,159.303298,158.126506,158.397058,158.397058,3978946
2023-02-09,158.397058,160.001845,156.954061,158.557389,158.557389,3669612
2023-02-10,158.557389,159.655083,158.493957,159.591238,159.591238,5314242
2023-02-13,159.591238,160.021407,159.014930,159.444704,159.444704,6310838
2023-02-14,159.444704,160.244604,151.079577,151.841333,151.841333,5685013
2023-02-15,151.841333,152.046469,148.580304,148.781306,148.781306,6473426
2023-02-16,148.781306,149.591877,146.061008,146.861117,146.861117,9699459
2023-02-17,146.861117,148.296815,146.347116,147.779598,147.779598,7701546
2023-02-20,147.779598,148.493651,145.132748,145.837417,145.837417,4268697
2023-02-21,145.837417,146.806821,145.527180,146.495185,146.495185,4587399
2023-02-22,146.495185,147.861390,145.917532,147.280640,147.280640,12313142
2023-02-23,147.280640,149.082057,147.249436,149.050479,149.050479,2895809
2023-02-24,149.050479,149.906134,146.828645,147.676412,147.676412,5466240
2023-02-27,147.676412,149.933169,147.589036,149.844509,149.844509,6575751
2023-02-28,149.844509,152.448629,149.283208,151.879703,151.879703,5403670
2023-03-01,151.879703,152.400544,148.575770,149.087034,149.087034,7870293
2023-03-02,149.087034,150.237795,148.267738,149.416688,149.416688,3125953
2023-03-03,149.416688,151.745048,148.849945,151.171649,151.171649,8819238
2023-03-06,151.171649,151.668119,150.986615,151.482705,151.482705,2056647
2023-03-07,151.482705,152.029398,150.061032,150.604556,150.604556,3837726
2023-03-08,150.604556,152.962272,149.888767,152.238716,152.238716,5648015
2023-03-09,152.238716,152.712951,152.014863,152.488730,152.488730,7911059
2023-03-10,152.488730,156.610952,151.988811,156.099196,156.099196,4310334
2023-03-13,156.099196,158.288231,154.859693,157.041248,157.041248,4204774
2023-03-14,157.041248,160.388476,156.864447,160.208110,160.208110,7538855
2023-03-15,160.208110,162.149155,160.200560,162.141514,162.141514,5184211
2023-03-16,162.141514,162.733242,160.328624,160.915880,160.915880,6282233
2023-03-17,160.915880,161.410880,160.906259,161.401231,161.401231,4282584
2023-03-20,161.401231,163.029256,160.744536,162.368626,162.368626,6449258
2023-03-21,162.368626,163.778785,162.293119,163.702657,163.702657,5955525
2023-03-22,163.702657,165.548607,162.027812,163.872029,163.872029,2858687
2023-03-23,163.872029,164.333697,163.450086,163.911652,163.911652,8636255
2023-03-24,163.911652,165.291787,163.426098,164.803590,164.803590,8693520
2023-03-27,164.803590,165.662344,163.722874,164.580465,164.580465,9296784
2023-03-28,164.580465,164.912316,163.443363,163.773587,163.773587,5657239
2023-03-29,163.773587,164.329087,162.680396,163.234066,163.234066,4939755
2023-03-30,163.234066,164.912022,162.218130,163.891991,163.891991,4747672
2023-03-31,163.891991,164.477030,163.795761,164.380513,164.380513,6557481
2023-04-03,164.380513,166.053538,164.314313,165.986690,165.986690,4348594
2023-04-04,165.986690,168.217473,164.557251,166.781191,166.781191,6795120
2023-04-05,166.781191,167.273002,166.609665,167.101147,167.101147,6992019
2023-04-06,167.101147,169.002305,167.055222,168.955869,168.955869,6461552
2023-04-07,168.955869,172.236147,168.026458,171.293875,171.293875,7377835
2023-04-10,171.293875,172.100608,167.007097,167.797363,167.797363,5567921
2023-04-11,167.797363,168.026735,166.949796,167.178322,167.178322,5366570
2023-04-12,167.178322,171.152878,166.865626,170.833346,170.833346,3049080
2023-04-13,170.833346,172.299878,170.536391,172.000892,172.000892,5246282
2023-04-14,172.000892,172.640196,168.569536,169.198422,169.198422,5662655
2023-04-17,169.198422,172.255667,167.972080,171.016150,171.016150,9372503
2023-04-18,171.016150,177.367897,170.436070,176.768306,176.768306,5258246
2023-04-19,176.768306,176.869847,176.250217,176.351518,176.351518,2695367
2023-04-20,176.351518,177.000811,174.309709,174.953856,174.953856,3500700
2023-04-21,174.953856,179.406403,173.639605,178.068754,178.068754,8475115
2023-04-24,178.068754,179.657542,176.310722,177.897987,177.897987,4873967
2023-04-25,177.897987,181.368733,177.877707,181.348059,181.348059,6371312
2023-04-26,181.348059,181.978011,177.138578,177.756052,177.756052,4912392
2023-04-27,177.756052,178.400529,177.470422,178.114323,178.114323,5179480
2023-04-28,178.114323,183.089323,177.112312,182.065086,182.065086,8656964
2023-05-01,182.065086,186.155832,181.509905,185.589902,185.589902,5760729
2023-05-02,185.589902,186.366297,182.293024,183.058832,183.058832,2928687
2023-05-03,183.058832,183.886820,182.975029,183.802677,183.802677,5787768
2023-05-04,183.802677,185.656656,183.388412,185.239154,185.239154,8161483
2023-05-05,185.239154,185.374289,184.143876,184.278310,184.278310,6951828
2023-05-08,184.278310,186.070072,184.225943,186.017212,186.017212,5433089
2023-05-09,186.017212,186.344622,183.207272,183.530306,183.530306,4576289
2023-05-10,183.530306,187.200543,183.456831,187.125629,187.125629,5520871
2023-05-11,187.125629,189.154634,186.370264,188.394148,188.394148,6987062
2023-05-12,188.394148,196.383430,188.350257,196.337689,196.337689,3540984
2023-05-15,196.337689,197.279907,193.269729,194.201696,194.201696,6330604
2023-05-16,194.201696,201.835657,192.989445,200.583569,200.583569,8763063
2023-05-17,200.583569,200.961687,197.828419,198.202048,198.202048,8866394
2023-05-18,198.202048,199.185051,198.090380,199.072892,199.072892,5312687
2023-05-19,199.072892,199.532126,197.220789,197.676802,197.676802,8920602
2023-05-22,197.676802,197.917653,197.613726,197.854519,197.854519,9531829
2023-05-23,197.854519,198.656985,192.644469,193.428985,193.428985,3949609
2023-05-24,193.428985,196.948360,192.959286,196.471274,196.471274,6073623
2023-05-25,196.471274,197.685032,193.048399,194.248425,194.248425,4698249
2023-05-26,194.248425,197.499753,193.630198,196.873172,196.873172,6968817
2023-05-29,196.873172,200.835917,195.711665,199.657980,199.657980,8728776
2023-05-30,199.657980,200.380550,196.923823,197.639085,197.639085,3264206
2023-05-31,197.639085,198.197317,196.936482,197.494305,197.494305,4171994
2023-06-01,197.494305,197.754554,196.147482,196.406297,196.406297,8669194
2023-06-02,196.406297,202.859510,195.547325,201.976179,201.976179,10315771
2023-06-05,201.976179,205.057852,201.200713,204.273566,204.273566,5166240
2023-06-06,204.273566,206.421568,202.778752,204.922009,204.922009,5725640
2023-06-07,204.922009,208.909108,203.859743,207.831758,207.831758,6109396
2023-06-08,207.831758,212.846941,207.040442,212.039603,212.039603,5672755
2023-06-09,212.039603,213.185351,211.349230,212.493500,212.493500,5586720
2023-06-12,212.493500,213.409657,207.460469,208.358799,208.358799,6494533
2023-06-13,208.358799,210.169980,208.052771,209.861744,209.861744,9917674
2023-06-14,209.861744,209.931528,207.763131,207.832240,207.832240,8790478
2023-06-15,207.832240,208.345557,206.471387,206.982606,206.982606,8758929
2023-06-16,206.982606,208.927947,205.546923,207.488753,207.488753,10076321
2023-06-19,207.488753,208.921634,206.782525,208.212941,208.212941,5533360
2023-06-20,208.212941,209.147008,207.457792,208.391213,208.391213,5684622
2023-06-21,208.391213,210.218254,208.341351,210.167967,210.167967,8032691
2023-06-22,210.167967,210.408078,208.546201,208.784732,208.784732,6440401
2023-06-23,208.784732,209.091815,208.259723,208.566486,208.566486,5460499
2023-06-26,208.566486,208.946389,204.171042,204.543618,204.543618,6037477
2023-06-27,204.543618,209.484882,203.723748,208.648558,208.648558,7987268
2023-06-28,208.648558,208.766646,207.620266,207.737838,207.737838,5952738
2023-06-29,207.737838,208.255039,205.471274,205.984108,205.984108,7285717
2023-06-30,205.984108,208.805580,204.789944,207.602036,207.602036,3840302
2023-07-03,207.602036,211.509738,207.552165,211.458940,211.458940,8972189
2023-07-04,211.458940,212.982772,209.587328,211.108636,211.108636,7929182
2023-07-05,211.108636,212.715129,210.611483,212.215369,212.215369,14730644
2023-07-06,212.215369,216.370078,211.493599,215.636672,215.636672,5174004
2023-07-07,215.636672,218.298793,214.653227,217.307727,217.307727,8416144
2023-07-10,217.307727,217.739004,215.508305,215.936862,215.936862,11144793
2023-07-11,215.936862,217.267106,212.002407,213.316509,213.316509,10371942
2023-07-12,213.316509,215.066331,210.290030,212.029292,212.029292,6828386
2023-07-13,212.029292,213.485967,209.195053,210.642198,210.642198,3971753
2023-07-14,210.642198,210.948626,207.561172,207.863558,207.863558,5832626
2023-07-17,207.863558,208.691387,207.561028,208.388094,208.388094,6949997
2023-07-18,208.388094,208.975513,207.891545,208.478747,208.478747,4331388
2023-07-19,208.478747,214.228302,207.578170,213.306868,213.306868,5763603
2023-07-20,213.306868,215.848614,213.036968,215.575844,215.575844,10521408
2023-07-21,215.575844,221.923530,215.015047,221.347719,221.347719,4942323
2023-07-24,221.347719,221.369076,220.190238,220.211485,220.211485,11810358
2023-07-25,220.211485,228.448441,220.018034,228.247929,228.247929,5008416
2023-07-26,228.247929,229.377023,227.809085,228.936853,228.936853,5396007
2023-07-27,228.936853,229.788158,224.968149,225.807819,225.807819,4565860
2023-07-28,225.807819,228.399855,224.860610,227.445775,227.445775,3800412
2023-07-31,227.445775,228.235014,221.853641,222.626156,222.626156,3514036
2023-08-01,222.626156,224.338355,220.357881,222.065770,222.065770,8845181
2023-08-02,222.065770,222.177787,221.352332,221.464045,221.464045,7941927
2023-08-03,221.464045,222.761202,221.442512,222.739546,222.739546,4967762
2023-08-04,222.739546,222.871579,218.114450,218.243818,218.243818,2643508
2023-08-07,218.243818,219.849463,217.011490,218.615040,218.615040,4600900
2023-08-08,218.615040,220.153165,217.237177,218.774299,218.774299,8172925
2023-08-09,218.774299,219.283596,217.391010,217.898268,217.898268,3286339
2023-08-10,217.898268,219.461144,211.585900,213.114464,213.114464,5025045
2023-08-11,213.114464,215.020498,208.544640,210.426635,210.426635,8500330
2023-08-14,210.426635,211.135910,209.724005,210.433258,210.433258,11150463
2023-08-15,210.433258,211.087831,206.993027,207.638908,207.638908,3805867
2023-08-16,207.638908,208.426677,207.595802,208.383416,208.383416,4831854
2023-08-17,208.383416,208.676181,207.213092,207.504622,207.504622,5347779
2023-08-18,207.504622,208.298105,203.620006,204.401623,204.401623,6117579
2023-08-21,204.401623,204.623454,202.022563,202.242050,202.242050,6965479
2023-08-22,202.242050,202.933184,199.231607,199.914788,199.914788,9331345
2023-08-23,199.914788,199.938601,199.773594,199.797393,199.797393,10666297
2023-08-24,199.797393,201.151884,199.198809,200.551042,200.551042,7343075
2023-08-25,200.551042,202.207366,200.131166,201.784906,201.784906,6350409
2023-08-28,201.784906,205.461426,200.961197,204.626118,204.626118,6291879
2023-08-29,204.626118,205.120289,201.422158,201.909768,201.909768,4886493
2023-08-30,201.909768,203.932028,201.336919,203.355078,203.355078,10249006
2023-08-31,203.355078,205.785844,196.415086,198.791300,198.791300,5933949
2023-09-01,198.791300,199.184378,197.664241,198.055865,198.055865,7486281
2023-09-04,198.055865,199.057815,197.965159,198.966691,198.966691,8303851
2023-09-05,198.966691,200.899577,197.585469,199.514551,199.514551,9688836
2023-09-06,199.514551,202.724364,197.842246,201.039279,201.039279,6792548
2023-09-07,201.039279,204.455431,200.952780,204.367500,204.367500,3030449
2023-09-08,204.367500,205.658844,202.448920,203.736276,203.736276,4133704
2023-09-11,203.736276,207.751161,201.403864,205.399706,205.399706,5823294
2023-09-12,205.399706,206.647627,204.995235,206.241498,206.241498,3578690
2023-09-13,206.241498,209.753670,206.214291,209.726004,209.726004,8325166
2023-09-14,209.726004,210.432486,205.683054,206.378258,206.378258,4647315
2023-09-15,206.378258,210.619409,205.835906,210.067362,210.067362,12205458
2023-09-18,210.067362,211.638976,207.143000,208.704417,208.704417,5409966
2023-09-19,208.704417,209.074198,205.381584,205.746123,205.746123,7967977
2023-09-20,205.746123,210.159710,204.444917,208.838944,208.838944,7923373
2023-09-21,208.838944,209.060838,207.241461,207.461892,207.461892,4905990
2023-09-22,207.461892,209.009494,207.165307,208.711123,208.711123,2234054
2023-09-25,208.711123,210.209950,205.731453,207.219569,207.219569,6636177
2023-09-26,207.219569,208.524402,207.182351,208.486957,208.486957,6881786
2023-09-27,208.486957,211.061778,208.336048,210.909116,210.909116,6101810
2023-09-28,210.909116,214.991033,210.251840,214.323117,214.323117,6442193
2023-09-29,214.323117,218.818814,213.328935,217.808464,217.808464,2868715
2023-10-02,217.808464,218.060403,217.304616,217.556262,217.556262,3811632
2023-10-03,217.556262,218.944454,216.870696,218.256681,218.256681,10757890
2023-10-04,218.256681,221.055012,217.680728,220.473211,220.473211,3924393
2023-10-05,220.473211,222.273045,219.471252,221.267477,221.267477,4854904
2023-10-06,221.267477,222.145485,221.164227,222.041874,222.041874,3217370
2023-10-09,222.041874,222.897313,221.794342,222.649104,222.649104,7622135
2023-10-10,222.649104,224.081593,219.271292,220.691185,220.691185,7695862
2023-10-11,220.691185,220.733592,216.114756,216.156292,216.156292,6711524
2023-10-12,216.156292,217.012654,213.465291,214.314357,214.314357,3601110
2023-10-13,214.314357,215.925036,209.078710,210.661939,210.661939,11303497
2023-10-16,210.661939,212.832837,208.092015,210.258758,210.258758,9626725
2023-10-17,210.258758,210.450450,206.949242,207.138090,207.138090,13907074
2023-10-18,207.138090,207.929120,206.674208,207.464508,207.464508,6583007
2023-10-19,207.464508,208.745852,203.748514,205.014727,205.014727,6474941
2023-10-20,205.014727,205.321031,201.498015,201.799515,201.799515,3171023
2023-10-23,201.799515,204.828162,201.483674,204.508083,204.508083,7964449
2023-10-24,204.508083,204.580791,203.244671,203.316955,203.316955,7847268
2023-10-25,203.316955,203.587574,196.980602,197.243136,197.243136,7669871
2023-10-26,197.243136,197.672455,195.627816,196.054548,196.054548,6955478
2023-10-27,196.054548,197.725360,193.837553,195.503670,195.503670,4478814
2023-10-30,195.503670,197.150012,194.789637,196.432587,196.432587,9919841
2023-10-31,196.432587,196.544863,192.066713,192.176556,192.176556,4611782
2023-11-01,192.176556,193.032678,191.230650,192.086370,192.086370,7041072
2023-11-02,192.086370,194.026173,190.300793,192.239175,192.239175,7758683
2023-11-03,192.239175,192.340807,190.554143,190.654937,190.654937,7405763
2023-11-06,190.654937,191.977338,188.906717,190.226144,190.226144,5864304
2023-11-07,190.226144,194.077655,188.219640,192.051893,192.051893,2782067
2023-11-08,192.051893,193.282500,190.244471,191.471358,191.471358,10042582
2023-11-09,191.471358,192.106806,190.267476,190.901030,190.901030,3984591
2023-11-10,190.901030,191.360493,188.555531,189.010443,189.010443,12261319
2023-11-13,189.010443,189.896788,187.540551,188.424147,188.424147,3460783
2023-11-14,188.424147,188.709425,187.665656,187.950217,187.950217,8951314
2023-11-15,187.950217,189.564546,184.725457,186.325834,186.325834,12401295
2023-11-16,186.325834,186.990896,184.910716,185.573091,185.573091,3674473
2023-11-17,185.573091,188.368052,185.311468,188.102862,188.102862,4042077
2023-11-20,188.102862,188.291513,185.961969,186.148660,186.148660,8161703
2023-11-21,186.148660,186.758488,183.817749,184.421921,184.421921,7428912
2023-11-22,184.421921,186.665635,184.128582,186.369199,186.369199,4172404
2023-11-23,186.369199,187.321362,185.059878,186.010207,186.010207,9054872
2023-11-24,186.010207,187.473731,180.530204,181.961876,181.961876,5130468
2023-11-27,181.961876,182.747794,179.174875,179.952113,179.952113,5905610
2023-11-28,179.952113,180.294779,177.697532,178.036551,178.036551,6553092
2023-11-29,178.036551,178.611680,175.306551,175.874696,175.874696,4726546
2023-11-30,175.874696,177.249778,175.504865,176.877838,176.877838,6054960
2023-12-01,176.877838,177.550272,174.259210,174.924217,174.924217,3969051
2023-12-04,174.924217,176.211355,173.225816,174.509905,174.509905,4537505
2023-12-05,174.509905,175.418375,173.942195,174.849559,174.849559,5708646
2023-12-06,174.849559,178.439680,174.788604,178.377494,178.377494,5290090
2023-12-07,178.377494,179.178092,178.144544,178.944402,178.944402,5768984
2023-12-08,178.944402,181.936709,177.895473,180.876455,180.876455,7729476
2023-12-11,180.876455,183.136949,180.089521,182.343631,182.343631,5323757
2023-12-12,182.343631,183.066403,178.050974,178.759539,178.759539,3647096
2023-12-13,178.759539,179.087654,176.441491,176.765946,176.765946,6245741
2023-12-14,176.765946,177.453023,174.611327,175.292677,175.292677,3317803
2023-12-15,175.292677,178.623810,174.938342,178.263469,178.263469,7916690
2023-12-18,178.263469,179.912962,173.828172,175.451647,175.451647,9871835
2023-12-19,175.451647,176.773027,175.340456,176.661071,176.661071,4161465
2023-12-20,176.661071,180.330244,175.109077,178.759812,178.759812,5833960
2023-12-21,178.759812,178.895230,176.403382,176.537116,176.537116,4341487
2023-12-22,176.537116,178.363368,173.612357,175.427126,175.427126,7236715
2023-12-25,175.427126,178.805631,175.070287,178.442658,178.442658,4071145
2023-12-26,178.442658,179.393048,174.463379,175.397550,175.397550,12278981
2023-12-27,175.397550,175.861077,173.803755,174.264287,174.264287,6110382
2023-12-28,174.264287,179.143221,173.765013,178.631435,178.631435,6397152
2023-12-29,178.631435,179.315116,175.556592,176.231086,176.231086,7569050
2024-01-01,176.231086,176.483676,175.986667,176.239246,176.239246,3674831
2024-01-02,176.239246,180.088785,174.784755,178.614690,178.614690,20538229
2024-01-03,178.614690,180.900876,178.374171,180.657606,180.657606,5204517
2024-01-04,180.657606,180.985513,179.843108,180.170130,180.170130,8427088
2024-01-05,180.170130,182.321906,179.659142,181.806277,181.806277,3697138
2024-01-08,181.806277,182.528626,180.968359,181.690247,181.690247,9965897
2024-01-09,181.690247,182.613131,181.441598,182.363561,182.363561,5801541
2024-01-10,182.363561,182.940913,177.407617,177.971063,177.971063,6126634
2024-01-11,177.971063,178.248601,175.550653,175.824845,175.824845,6599950
2024-01-12,175.824845,176.388372,175.502793,176.065879,176.065879,9979186
2024-01-15,176.065879,176.597960,175.778993,176.310676,176.310676,15987366
2024-01-16,176.310676,180.037221,175.548397,179.262181,179.262181,5276179
2024-01-17,179.262181,179.874991,178.339564,178.951311,178.951311,10724894
2024-01-18,178.951311,179.428683,177.073945,177.547572,177.547572,4448414
2024-01-19,177.547572,177.956967,176.382502,176.790151,176.790151,3644818
2024-01-22,176.790151,176.875775,176.634593,176.720183,176.720183,7233439
2024-01-23,176.720183,178.900796,176.607832,178.787131,178.787131,5556006
2024-01-24,178.787131,181.682606,177.341451,180.225298,180.225298,12016463
2024-01-25,180.225298,180.695717,177.863592,178.329061,178.329061,4728733
2024-01-26,178.329061,179.609539,175.735759,177.006741,177.006741,6893449
2024-01-29,177.006741,178.615442,176.835478,178.442790,178.442790,7508842
2024-01-30,178.442790,178.912726,173.350539,173.808270,173.808270,5213505
2024-01-31,173.808270,175.701665,171.421065,173.309022,173.309022,4661959
2024-02-01,173.309022,176.872009,172.128973,175.675845,175.675845,8188304
2024-02-02,175.675845,177.730829,175.260926,177.312046,177.312046,7417009
2024-02-05,177.312046,178.653773,176.693867,178.033080,178.033080,5645814
2024-02-06,178.033080,178.776830,177.727270,178.470268,178.470268,4973182
2024-02-07,178.470268,179.959737,177.307486,178.794840,178.794840,6557712
2024-02-08,178.794840,179.707933,178.051502,178.963892,178.963892,5889907
2024-02-09,178.963892,180.579570,177.902055,179.514466,179.514466,8145712
2024-02-12,179.514466,179.568445,179.417841,179.471807,179.471807,6734994
2024-02-13,179.471807,184.766800,179.321800,184.612496,184.612496,8043641
2024-02-14,184.612496,190.245454,184.116728,189.735928,189.735928,3750934
2024-02-15,189.735928,190.484982,183.346802,184.073502,184.073502,3985228
2024-02-16,184.073502,185.418900,183.563139,184.906228,184.906228,5934006
2024-02-19,184.906228,188.089997,184.488409,187.665942,187.665942,5389429
2024-02-20,187.665942,188.410280,186.645442,187.388680,187.388680,7857978
2024-02-21,187.388680,187.816706,183.820450,184.241288,184.241288,5101273
2024-02-22,184.241288,185.958669,183.875384,185.590087,185.590087,12219722
2024-02-23,185.590087,185.965506,181.786142,182.154612,182.154612,4578431
2024-02-26,182.154612,183.906143,181.448570,183.196064,183.196064,5115311
2024-02-27,183.196064,184.859901,182.770047,184.431012,184.431012,2685713
2024-02-28,184.431012,187.302643,182.967393,185.827938,185.827938,5689277
2024-02-29,185.827938,187.542868,183.858555,185.571114,185.571114,6225902
2024-03-01,185.571114,185.986619,185.144855,185.560335,185.560335,8082410
2024-03-04,185.560335,188.014955,185.151990,187.602117,187.602117,4568322
2024-03-05,187.602117,188.360441,185.478007,186.230788,186.230788,8198234
2024-03-06,186.230788,186.441406,184.933277,185.142665,185.142665,5209538
2024-03-07,185.142665,185.375408,181.199474,181.427547,181.427547,4593837
2024-03-08,181.427547,181.485211,180.238763,180.296067,180.296067,6069132
2024-03-11,180.296067,183.580797,180.223762,183.507203,183.507203,3338776
2024-03-12,183.507203,184.405253,179.454892,180.337429,180.337429,6579845
2024-03-13,180.337429,184.140378,179.944769,183.740308,183.740308,2960449
2024-03-14,183.740308,184.513585,180.290481,181.052446,181.052446,10189997
2024-03-15,181.052446,182.613256,180.858333,182.417678,182.417678,5523016
2024-03-18,182.417678,184.662665,181.507909,183.746270,183.746270,4577170
2024-03-19,183.746270,184.855636,182.815698,183.924163,183.924163,5964981
2024-03-20,183.924163,184.005602,182.888698,182.969714,182.969714,5684553
2024-03-21,182.969714,183.113101,182.297833,182.440806,182.440806,6271368
2024-03-22,182.440806,188.442631,182.209354,188.203868,188.203868,2962151
2024-03-25,188.203868,190.823761,187.671049,190.285051,190.285051,8600948
2024-03-26,190.285051,192.525471,188.614885,190.850343,190.850343,6114679
2024-03-27,190.850343,191.703967,188.384615,189.230996,189.230996,6670039
2024-03-28,189.230996,189.452683,186.494238,186.712975,186.712975,10549067
2024-03-29,186.712975,188.696112,186.280209,188.259761,188.259761,7017870
2024-04-01,188.259761,188.905021,187.619281,188.264525,188.264525,4133297
2024-04-02,188.264525,189.157360,186.110773,186.997599,186.997599,4189982
2024-04-03,186.997599,187.401118,185.648822,186.050296,186.050296,4462807
2024-04-04,186.050296,191.129733,184.886075,189.941164,189.941164,5935269
2024-04-05,189.941164,193.149193,188.221250,191.415925,191.415925,2964777
2024-04-08,191.415925,192.781476,190.684204,192.047340,192.047340,11087208
2024-04-09,192.047340,194.021114,191.895909,193.868247,193.868247,8710963
2024-04-10,193.868247,194.662357,192.536793,193.328693,193.328693,7404471
2024-04-11,193.328693,195.424544,191.265605,193.361110,193.361110,4769267
2024-04-12,193.361110,197.440539,191.550987,195.609369,195.609369,4406724
2024-04-15,195.609369,196.745164,193.991711,195.124691,195.124691,4378472
2024-04-16,195.124691,199.844006,194.267948,198.970377,198.970377,4087470
2024-04-17,198.970377,202.048546,196.998304,200.065617,200.065617,6374710
2024-04-18,200.065617,205.308114,199.552527,204.782926,204.782926,13435588
2024-04-19,204.782926,205.202489,202.268343,202.683605,202.683605,3375915
2024-04-22,202.683605,202.995654,202.603133,202.915089,202.915089,3736574
2024-04-23,202.915089,207.467705,202.702898,207.250979,207.250979,5951132
2024-04-24,207.250979,213.531950,207.228044,213.508322,213.508322,9123143
2024-04-25,213.508322,214.499410,212.082190,213.071250,213.071250,6013616
2024-04-26,213.071250,213.680171,211.829218,212.436325,212.436325,5129574
2024-04-29,212.436325,213.823109,211.669999,213.054552,213.054552,8748987
2024-04-30,213.054552,213.871967,209.628302,210.435670,210.435670,6587752
2024-05-01,210.435670,211.501176,206.340682,207.390771,207.390771,7905447
2024-05-02,207.390771,211.889426,206.900300,211.389497,211.389497,9225706
2024-05-03,211.389497,215.850967,210.637701,215.086024,215.086024,4534647
2024-05-06,215.086024,215.601225,213.404867,213.917268,213.917268,8441924
2024-05-07,213.917268,214.930980,212.241097,213.251655,213.251655,7653538
2024-05-08,213.251655,215.918779,212.440877,215.100971,215.100971,4177825
2024-05-09,215.100971,215.287142,214.311111,214.496760,214.496760,6881548
2024-05-10,214.496760,215.088541,209.532417,210.112102,210.112102,5160715
2024-05-13,210.112102,210.580795,203.651968,204.107266,204.107266,4944811
2024-05-14,204.107266,205.569772,203.731269,205.191777,205.191777,8162175
2024-05-15,205.191777,206.049727,204.964604,205.821856,205.821856,3025467
2024-05-16,205.821856,206.331883,204.864036,205.372950,205.372950,3492781
2024-05-17,205.372950,210.575063,204.562970,209.747829,209.747829,4009689
2024-05-20,209.747829,210.547400,207.503880,208.297924,208.297924,9035472
2024-05-21,208.297924,209.394367,202.598761,203.670847,203.670847,10614545
2024-05-22,203.670847,204.267211,201.790620,202.383214,202.383214,7391176
2024-05-23,202.383214,203.480687,201.789887,202.885886,202.885886,7399169
2024-05-24,202.885886,203.149085,199.739017,199.998470,199.998470,7276765
2024-05-27,199.998470,200.071910,199.481187,199.554464,199.554464,4128738
2024-05-28,199.554464,200.413980,195.494715,196.340388,196.340388,6312805
2024-05-29,196.340388,196.495512,195.272665,195.427068,195.427068,3418649
2024-05-30,195.427068,199.992364,194.537091,199.085726,199.085726,10204254
2024-05-31,199.085726,199.885054,198.712988,199.511518,199.511518,5165566
2024-06-03,199.511518,201.754227,199.066249,201.304955,201.304955,7297009
2024-06-04,201.304955,207.088620,200.892218,206.664893,206.664893,4147549
2024-06-05,206.664893,208.609673,205.726698,207.666929,207.666929,8967639
2024-06-06,207.666929,210.070962,206.924182,209.322294,209.322294,5416207
2024-06-07,209.322294,211.596312,208.335753,210.603732,210.603732,6178015
2024-06-10,210.603732,214.030443,210.406655,213.830346,213.830346,6471247
2024-06-11,213.830346,219.356691,211.430250,216.921894,216.921894,5612117
2024-06-12,216.921894,217.124500,216.479103,216.681484,216.681484,5823759
2024-06-13,216.681484,217.882106,216.291181,217.490346,217.490346,4630425
2024-06-14,217.490346,217.979484,216.334895,216.822532,216.822532,5633482
2024-06-17,216.822532,217.410345,213.956969,214.538591,214.538591,4886345
2024-06-18,214.538591,215.262272,212.256700,212.975107,212.975107,7023726
2024-06-19,212.975107,215.373756,212.963818,215.362340,215.362340,5721595
2024-06-20,215.362340,216.178207,210.542276,211.342916,211.342916,2303361
2024-06-21,211.342916,213.040983,210.847214,212.542467,212.542467,5124034
2024-06-24,212.542467,216.698636,212.171461,216.321034,216.321034,7248336
2024-06-25,216.321034,216.404332,213.444207,213.526429,213.526429,10062191
2024-06-26,213.526429,213.833287,210.726856,211.030127,211.030127,7372160
2024-06-27,211.030127,211.373424,210.819151,211.162316,211.162316,4465182
2024-06-28,211.162316,211.513898,207.405597,207.751500,207.751500,3215864
2024-07-01,207.751500,209.561171,206.841152,208.646899,208.646899,5952001
2024-07-02,208.646899,209.916400,204.992121,206.247021,206.247021,5340098
2024-07-03,206.247021,207.315805,202.642531,203.698107,203.698107,6914283
2024-07-04,203.698107,204.459459,202.318067,203.077098,203.077098,6873302
2024-07-05,203.077098,206.755864,201.876699,205.540902,205.540902,5375639
2024-07-08,205.540902,208.578198,204.628364,207.656269,207.656269,4796546
2024-07-09,207.656269,208.975179,205.511550,206.825181,206.825181,3506634
2024-07-10,206.825181,212.085449,206.322607,211.571342,211.571342,7233952
2024-07-11,211.571342,215.389628,210.871185,214.679187,214.679187,7237876
2024-07-12,214.679187,215.697816,210.509983,211.513591,211.513591,5484501
2024-07-15,211.513591,215.645861,210.787496,214.908112,214.908112,4882473
2024-07-16,214.908112,217.251210,213.639112,215.975904,215.975904,5294319
2024-07-17,215.975904,216.322350,212.461971,212.803328,212.803328,3338426
2024-07-18,212.803328,213.347979,211.076296,211.617913,211.617913,8730863
2024-07-19,211.617913,211.691492,208.682336,208.754919,208.754919,8951924
2024-07-22,208.754919,209.566193,208.142162,208.952855,208.952855,9142888
2024-07-23,208.952855,210.696556,208.446568,210.187278,210.187278,4998186
2024-07-24,210.187278,210.222294,209.217856,209.252716,209.252716,6387952
2024-07-25,209.252716,211.313492,207.898022,209.954257,209.954257,10505468
2024-07-26,209.954257,210.849699,209.106481,210.001732,210.001732,5262841
2024-07-29,210.001732,212.532985,206.774021,209.296778,209.296778,7038305
2024-07-30,209.296778,216.388593,208.623317,215.694546,215.694546,13447373
2024-07-31,215.694546,216.812573,214.383789,215.500812,215.500812,5673017
2024-08-01,215.500812,217.431659,214.728500,216.655210,216.655210,4718588
2024-08-02,216.655210,219.334807,215.744289,218.416480,218.416480,4501503
2024-08-05,218.416480,221.233907,216.565721,219.375025,219.375025,6448981
2024-08-06,219.375025,219.899710,219.229329,219.753763,219.753763,3946909
2024-08-07,219.753763,222.521531,218.293753,221.052889,221.052889,3885258
2024-08-08,221.052889,223.137248,219.699069,221.778981,221.778981,7558378
2024-08-09,221.778981,222.365355,220.867611,221.453124,221.453124,4227509
2024-08-12,221.453124,223.321557,220.706827,222.571491,222.571491,5856398
2024-08-13,222.571491,226.910744,221.540234,225.864230,225.864230,6893369
2024-08-14,225.864230,228.706274,222.897687,225.738145,225.738145,9546198
2024-08-15,225.738145,228.179732,225.571267,228.011174,228.011174,10391501
2024-08-16,228.011174,232.860600,226.663574,231.492425,231.492425,4519277
2024-08-19,231.492425,232.477079,229.274822,230.254210,230.254210,4890566
2024-08-20,230.254210,231.279929,228.527438,229.550021,229.550021,5291889
2024-08-21,229.550021,230.983565,226.142868,227.564009,227.564009,9364310
2024-08-22,227.564009,228.753717,226.936349,228.124512,228.124512,5825966
2024-08-23,228.124512,228.861037,224.682752,225.410514,225.410514,2098280
2024-08-26,225.410514,227.695278,225.114916,227.397075,227.397075,8238079
2024-08-27,227.397075,229.654811,225.054119,227.311001,227.311001,3443792
2024-08-28,227.311001,231.572779,226.539205,230.789174,230.789174,4897137
2024-08-29,230.789174,230.855060,229.965447,230.031116,230.031116,7362800
2024-08-30,230.031116,234.575480,229.231901,233.763298,233.763298,7966515
2024-09-02,233.763298,235.145583,232.791586,234.172171,234.172171,8233937
2024-09-03,234.172171,234.477840,233.885239,234.190885,234.190885,6597706
2024-09-04,234.190885,236.214681,233.980337,236.002505,236.002505,5959814
2024-09-05,236.002505,236.473650,235.608848,236.079865,236.079865,6058510
2024-09-06,236.079865,236.891268,232.906329,233.709586,233.709586,2771083
2024-09-09,233.709586,234.034689,233.187734,233.512563,233.512563,4245418
2024-09-10,233.512563,239.431470,231.341948,237.226334,237.226334,8019325
2024-09-11,237.226334,242.197098,237.105505,242.073800,242.073800,7646080
2024-09-12,242.073800,248.504625,241.466078,247.882321,247.882321,7400899
2024-09-13,247.882321,248.055988,246.082774,246.255300,246.255300,2863385
2024-09-16,246.255300,250.004599,244.946804,248.683202,248.683202,3728514
2024-09-17,248.683202,248.854421,248.420500,248.591655,248.591655,6500339
2024-09-18,248.591655,249.961586,245.406690,246.766563,246.766563,5000147
2024-09-19,246.766563,248.887309,243.366987,245.476647,245.476647,3072913
2024-09-20,245.476647,246.820777,245.474236,246.818352,246.818352,10746067
2024-09-23,246.818352,248.150825,246.700965,248.032861,248.032861,6461784
2024-09-24,248.032861,248.107614,243.059070,243.132347,243.132347,4712214
2024-09-25,243.132347,244.040578,242.949709,243.857396,243.857396,6110214
2024-09-26,243.857396,246.877467,243.188846,246.202489,246.202489,4513928
2024-09-27,246.202489,247.359605,245.108101,246.264939,246.264939,3630073
2024-09-30,246.264939,246.659703,244.992630,245.385985,245.385985,7432686
2024-10-01,245.385985,246.234627,245.010989,245.858909,245.858909,4400106
2024-10-02,245.858909,246.548661,241.526546,242.206050,242.206050,5841116
2024-10-03,242.206050,243.688635,238.484035,239.952827,239.952827,5492531
2024-10-04,239.952827,240.486725,235.124074,235.648394,235.648394,6678690
2024-10-07,235.648394,241.651366,235.227795,241.220821,241.220821,6106934
2024-10-08,241.220821,244.649055,240.242652,243.660992,243.660992,6968437
2024-10-09,243.660992,249.612286,243.039684,248.977422,248.977422,7613377
2024-10-10,248.977422,262.317533,248.385244,261.695107,261.695107,8730233
2024-10-11,261.695107,271.738526,261.215209,271.241122,271.241122,6032184
2024-10-14,271.241122,273.569906,270.896866,273.223135,273.223135,6481789
2024-10-15,273.223135,273.776750,270.614425,271.163868,271.163868,11582644
2024-10-16,271.163868,271.366770,268.690431,268.891634,268.891634,7731751
2024-10-17,268.891634,270.375807,264.083364,265.549088,265.549088,4536399
2024-10-18,265.549088,268.126477,262.002295,264.570183,264.570183,3288959
2024-10-21,264.570183,267.626097,263.045850,266.092991,266.092991,3275819
2024-10-22,266.092991,269.927835,265.232304,269.057559,269.057559,5398273
2024-10-23,269.057559,271.247912,268.946759,271.136256,271.136256,5983436
2024-10-24,271.136256,271.792487,267.975571,268.625725,268.625725,4350824
2024-10-25,268.625725,268.942088,260.941882,261.249557,261.249557,6835926
2024-10-28,261.249557,262.368272,258.861377,259.974632,259.974632,6470488
2024-10-29,259.974632,261.065630,251.973673,253.035551,253.035551,6410987
2024-10-30,253.035551,253.929756,249.431780,250.316375,250.316375,4857250
2024-10-31,250.316375,252.287984,249.982378,251.951805,251.951805,4703200
2024-11-01,251.951805,254.697696,250.443377,253.181903,253.181903,5029059
2024-11-04,253.181903,255.787126,251.030119,253.631520,253.631520,7186252
2024-11-05,253.631520,255.657239,253.479883,255.504482,255.504482,3509726
2024-11-06,255.504482,258.790411,253.849731,257.125164,257.125164,7437639
2024-11-07,257.125164,257.491616,255.065870,255.429906,255.429906,6335952
2024-11-08,255.429906,263.177515,253.769349,261.477641,261.477641,5219791
2024-11-11,261.477641,262.043106,260.225283,260.789259,260.789259,7917272
2024-11-12,260.789259,263.680147,260.708792,263.598814,263.598814,4693453
2024-11-13,263.598814,264.244574,258.621291,259.256413,259.256413,4382491
2024-11-14,259.256413,263.813067,258.379760,262.924013,262.924013,13087766
2024-11-15,262.924013,264.481867,259.771415,261.319764,261.319764,4008037
2024-11-18,261.319764,264.200596,259.891733,262.764669,262.764669,4388533
2024-11-19,262.764669,267.519460,261.967840,266.710665,266.710665,6072603
2024-11-20,266.710665,267.120100,260.419092,260.819484,260.819484,3683313
2024-11-21,260.819484,263.301135,260.466414,262.945187,262.945187,3014075
2024-11-22,262.945187,263.580507,262.880806,263.515987,263.515987,5138446
2024-11-25,263.515987,264.340617,258.084665,258.894834,258.894834,6817094
2024-11-26,258.894834,258.911817,257.224354,257.241229,257.241229,4344438
2024-11-27,257.241229,259.648871,256.988081,259.393605,259.393605,6995465
2024-11-28,259.393605,259.822691,259.052879,259.481849,259.481849,7831333
2024-11-29,259.481849,260.712059,254.701419,255.914717,255.914717,5976668
2024-12-02,255.914717,258.092288,249.917166,252.061955,252.061955,7962620
2024-12-03,252.061955,253.370520,250.819127,252.127370,252.127370,4695563
2024-12-04,252.127370,253.503968,249.451967,250.821435,250.821435,12693800
2024-12-05,250.821435,255.708180,249.549362,254.417867,254.417867,4500237
2024-12-06,254.417867,256.327884,251.916874,253.822421,253.822421,3211854
2024-12-09,253.822421,256.750750,252.707380,255.627778,255.627778,5048521
2024-12-10,255.627778,257.687089,255.263042,257.319939,257.319939,4596090
2024-12-11,257.319939,260.079968,256.496684,259.250535,259.250535,8075007
2024-12-12,259.250535,259.830482,258.108191,258.686877,258.686877,7272976
2024-12-13,258.686877,269.201170,258.299043,268.798177,268.798177,6529537
2024-12-16,268.798177,276.839783,267.364881,275.371437,275.371437,5130822
2024-12-17,275.371437,278.751488,272.901294,276.273255,276.273255,6382909
2024-12-18,276.273255,278.499521,275.827919,278.051318,278.051318,6825341
2024-12-19,278.051318,280.558860,277.739787,280.244872,280.244872,5839257
2024-12-20,280.244872,281.997359,273.992769,275.716942,275.716942,9538853
2024-12-23,275.716942,279.869098,275.190531,279.335778,279.335778,7640099
2024-12-24,279.335778,280.649945,278.676796,279.989422,279.989422,3217712
2024-12-25,279.989422,280.808888,276.851041,277.663701,277.663701,2960127
2024-12-26,277.663701,278.151566,274.514637,274.997818,274.997818,4502178
2024-12-27,274.997818,275.061438,270.383047,270.445613,270.445613,3911866
2024-12-30,270.445613,272.869920,270.145235,272.567186,272.567186,5646867
2024-12-31,272.567186,281.056143,271.031606,279.481608,279.481608,8925792
