date,open,high,low,close,adjusted_close,volume
2007-01-01,46.000000,46.484622,45.929861,46.413852,46.413852,9957499
2007-01-02,46.413852,48.223408,46.367867,48.175678,48.175678,5674372
2007-01-03,48.175678,48.392698,48.044580,48.261367,48.261367,6049929
2007-01-04,48.261367,48.685293,48.205488,48.628988,48.628988,12069523
2007-01-05,48.628988,48.652710,47.858351,47.881709,47.881709,3905905
2007-01-08,47.881709,48.052917,46.310756,46.476941,46.476941,7348001
2007-01-09,46.476941,46.873446,46.354909,46.750695,46.750695,14281594
2007-01-10,46.750695,46.879478,46.242499,46.370233,46.370233,4093624
2007-01-11,46.370233,46.788952,46.286604,46.704719,46.704719,6367652
2007-01-12,46.704719,46.917086,45.936976,46.146806,46.146806,7547840
2007-01-15,46.146806,46.295310,45.531673,45.678671,45.678671,6609669
2007-01-16,45.678671,47.240803,45.524919,47.082326,47.082326,6570270
2007-01-17,47.082326,48.012859,46.930580,47.858610,47.858610,7878604
2007-01-18,47.858610,48.504583,47.723435,48.367969,48.367969,3979687
2007-01-19,48.367969,48.874691,48.077632,48.583064,48.583064,5150929
2007-01-22,48.583064,48.790244,48.487333,48.694294,48.694294,4348322
2007-01-23,48.694294,49.218562,48.592672,49.116060,49.116060,5441837
2007-01-24,49.116060,51.079032,48.585948,50.533620,50.533620,5752881
2007-01-25,50.533620,50.575421,50.102448,50.143926,50.143926,3776326
2007-01-26,50.143926,50.309543,50.117560,50.283104,50.283104,3153647
2007-01-29,50.283104,50.619569,50.172267,50.508236,50.508236,4702487
2007-01-30,50.508236,50.756330,49.242666,49.485737,49.485737,7420152
2007-01-31,49.485737,50.242948,49.292633,50.047651,50.047651,7847181
2007-02-01,50.047651,51.373233,49.933976,51.256811,51.256811,8090801
2007-02-02,51.256811,53.696706,51.224892,53.663289,53.663289,5844498
2007-02-05,53.663289,54.386986,53.600878,54.323807,54.323807,3960959
2007-02-06,54.323807,55.641702,54.000864,55.312879,55.312879,12435521
2007-02-07,55.312879,55.652532,54.687243,55.025129,55.025129,4568937
2007-02-08,55.025129,55.397572,53.786326,54.152865,54.152865,6826632
2007-02-09,54.152865,54.964168,54.044106,54.854000,54.854000,5864169
2007-02-12,54.854000,54.972544,54.791797,54.910277,54.910277,5990114
2007-02-13,54.910277,56.151650,54.813296,56.052652,56.052652,7565650
2007-02-14,56.052652,56.877544,55.848660,56.671300,56.671300,4313498
2007-02-15,56.671300,56.813422,56.667708,56.809821,56.809821,3616853
2007-02-16,56.809821,56.898546,56.005522,56.093128,56.093128,2761489
2007-02-19,56.093128,56.954531,55.973262,56.833084,56.833084,5751415
2007-02-20,56.833084,57.937813,56.436360,57.536180,57.536180,5509306
2007-02-21,57.536180,57.699918,56.908879,57.071294,57.071294,6250436
2007-02-22,57.071294,57.282928,56.852960,57.064570,57.064570,7184240
2007-02-23,57.064570,59.220180,56.739637,58.884882,58.884882,15971599
2007-02-26,58.884882,58.896360,58.692601,58.704043,58.704043,4183745
2007-02-27,58.704043,59.330038,58.474418,59.098869,59.098869,9730093
2007-02-28,59.098869,60.027291,58.751513,59.676540,59.676540,2966596
2007-03-01,59.676540,59.723986,59.111883,59.158917,59.158917,7350800
2007-03-02,59.158917,61.239900,59.022097,61.098594,61.098594,4376142
2007-03-05,61.098594,62.564635,60.780762,62.240861,62.240861,4736483
2007-03-06,62.240861,62.333435,61.724999,61.816942,61.816942,4176146
2007-03-07,61.816942,62.028005,59.356206,59.559561,59.559561,7232953
2007-03-08,59.559561,60.314305,59.549548,60.304167,60.304167,6286583
2007-03-09,60.304167,61.312133,60.159422,61.165321,61.165321,6695804
2007-03-12,61.165321,61.905989,61.136480,61.876813,61.876813,5312260
2007-03-13,61.876813,62.065755,60.665972,60.851784,60.851784,7144865
2007-03-14,60.851784,63.311577,60.693290,63.147104,63.147104,7688707
2007-03-15,63.147104,63.770899,61.929726,62.547599,62.547599,7757352
2007-03-16,62.547599,64.350472,62.428671,64.228348,64.228348,8810727
2007-03-19,64.228348,64.620953,64.137337,64.529515,64.529515,6970653
2007-03-20,64.529515,65.908800,64.186122,65.559923,65.559923,8856067
2007-03-21,65.559923,66.036551,65.126008,65.602356,65.602356,10977623
2007-03-22,65.602356,66.364466,65.194485,65.954407,65.954407,7714771
2007-03-23,65.954407,66.160287,65.210222,65.414416,65.414416,6731930
2007-03-26,65.414416,66.987250,65.006852,66.572470,66.572470,9129095
2007-03-27,66.572470,67.778229,66.235788,67.437174,67.437174,4025322
2007-03-28,67.437174,68.555987,67.173335,68.288817,68.288817,5061726
2007-03-29,68.288817,69.385681,68.139633,69.234431,69.234431,4753719
2007-03-30,69.234431,69.298500,68.813494,68.877233,68.877233,7840363
2007-04-02,68.877233,69.175925,68.365427,68.663191,68.663191,5396496
2007-04-03,68.663191,69.049476,68.439237,68.824994,68.824994,3153456
2007-04-04,68.824994,70.187655,68.397810,69.754701,69.754701,6613055
2007-04-05,69.754701,69.765884,68.605939,68.616939,68.616939,8778993
2007-04-06,68.616939,68.808276,67.805596,67.995199,67.995199,6869664
2007-04-09,67.995199,68.181047,64.700819,64.878148,64.878148,3626931
2007-04-10,64.878148,65.148508,64.785056,65.055162,65.055162,5834316
2007-04-11,65.055162,65.761655,65.022261,65.728414,65.728414,7719433
2007-04-12,65.728414,68.882960,65.632551,68.782643,68.782643,8108602
2007-04-13,68.782643,70.784897,68.507590,70.502965,70.502965,4845293
2007-04-16,70.502965,71.153914,69.410493,70.057328,70.057328,6374414
2007-04-17,70.057328,70.174960,70.030384,70.147981,70.147981,11919396
2007-04-18,70.147981,70.402273,66.829363,67.072507,67.072507,6648583
2007-04-19,67.072507,67.126952,66.441449,66.495426,66.495426,9230963
2007-04-20,66.495426,66.554130,65.369219,65.426980,65.426980,4988682
2007-04-23,65.426980,65.535408,65.042776,65.150746,65.150746,5600571
2007-04-24,65.150746,66.282474,64.921593,66.050157,66.050157,10832251
2007-04-25,66.050157,66.060464,65.102880,65.113040,65.113040,6861996
2007-04-26,65.113040,65.315125,63.461393,63.658965,63.658965,4957493
2007-04-27,63.658965,64.364448,63.348718,64.052284,64.052284,8697626
2007-04-30,64.052284,64.086687,63.373400,63.407456,63.407456,5589306
2007-05-01,63.407456,64.657355,63.260080,64.507422,64.507422,8163351
2007-05-02,64.507422,66.237891,64.410967,66.138996,66.138996,8424730
2007-05-03,66.138996,66.667151,65.266521,65.791904,65.791904,6065923
2007-05-04,65.791904,66.835351,65.381461,66.420983,66.420983,4042594
2007-05-07,66.420983,66.516984,66.330082,66.426076,66.426076,3423764
2007-05-08,66.426076,68.023960,66.086051,67.677529,67.677529,10191883
2007-05-09,67.677529,68.516637,67.274155,68.110681,68.110681,4714016
2007-05-10,68.110681,70.704845,67.692069,70.272944,70.272944,4404976
2007-05-11,70.272944,71.423348,70.199127,71.348401,71.348401,5413844
2007-05-14,71.348401,72.324871,71.227839,72.202865,72.202865,13845015
2007-05-15,72.202865,72.988314,71.994932,72.778723,72.778723,5644420
2007-05-16,72.778723,74.824689,72.756995,74.802358,74.802358,6725576
2007-05-17,74.802358,75.064518,74.188056,74.448977,74.448977,5552445
2007-05-18,74.448977,74.720395,73.980781,74.251479,74.251479,6416379
2007-05-21,74.251479,75.827839,73.991039,75.562800,75.562800,5924839
2007-05-22,75.562800,77.296435,75.090408,76.816207,76.816207,6013463
2007-05-23,76.816207,78.423882,76.450765,78.052558,78.052558,8449094
2007-05-24,78.052558,78.166107,76.051688,76.162487,76.162487,2775713
2007-05-25,76.162487,76.349259,74.415226,74.598162,74.598162,5647517
2007-05-28,74.598162,76.675525,74.354997,76.426401,76.426401,3451803
2007-05-29,76.426401,76.496429,74.978758,75.047522,75.047522,7424773
2007-05-30,75.047522,75.214154,73.231448,73.394408,73.394408,6430428
2007-05-31,73.394408,73.738620,70.323994,70.655360,70.655360,6190685
2007-06-01,70.655360,70.765214,69.246760,69.354592,69.354592,7065139
2007-06-04,69.354592,69.837881,66.742664,67.211016,67.211016,4591790
2007-06-05,67.211016,67.634216,66.501111,66.922494,66.922494,4557413
2007-06-06,66.922494,67.871939,66.691332,67.638305,67.638305,8322354
2007-06-07,67.638305,67.835560,67.133832,67.330189,67.330189,3760126
2007-06-08,67.330189,69.312275,67.190906,69.169188,69.169188,8560678
2007-06-11,69.169188,70.503139,69.067773,70.399920,70.399920,8637772
2007-06-12,70.399920,70.428867,70.263374,70.292277,70.292277,5791354
2007-06-13,70.292277,70.318083,69.996840,70.022547,70.022547,5564359
2007-06-14,70.022547,70.156313,69.845632,69.979315,69.979315,4167441
2007-06-15,69.979315,73.354076,69.734729,73.098588,73.098588,8094612
2007-06-18,73.098588,73.184827,71.426480,71.510846,71.510846,5390293
2007-06-19,71.510846,72.228857,71.389891,72.106894,72.106894,3786448
2007-06-20,72.106894,73.481243,71.919985,73.291265,73.291265,8161403
2007-06-21,73.291265,74.807700,72.891938,74.402320,74.402320,4185363
2007-06-22,74.402320,74.699785,72.844334,73.136739,73.136739,3522764
2007-06-25,73.136739,73.235174,71.389849,71.486063,71.486063,9936928
2007-06-26,71.486063,71.711702,70.424576,70.647568,70.647568,4292463
2007-06-27,70.647568,71.450055,70.413515,71.214125,71.214125,5822065
2007-06-28,71.214125,71.484698,66.373749,66.626894,66.626894,7461765
2007-06-29,66.626894,68.016761,66.365940,67.751403,67.751403,7852684
2007-07-02,67.751403,68.907764,67.369305,68.521323,68.521323,2967457
2007-07-03,68.521323,69.341380,68.435287,69.254423,69.254423,9874633
2007-07-04,69.254423,70.438218,69.182095,70.364730,70.364730,3775373
2007-07-05,70.364730,70.980195,69.850142,70.464875,70.464875,9560876
2007-07-06,70.464875,71.989830,70.354397,71.877138,71.877138,8861068
2007-07-09,71.877138,71.892251,70.770107,70.784991,70.784991,5023077
2007-07-10,70.784991,72.703895,70.695611,72.612207,72.612207,5709948
2007-07-11,72.612207,73.632294,72.441626,73.459722,73.459722,9121952
2007-07-12,73.459722,74.615747,73.420425,74.575853,74.575853,6414762
2007-07-13,74.575853,76.070215,74.441903,75.933826,75.933826,7905418
2007-07-16,75.933826,76.383390,74.780884,75.226259,75.226259,4789656
2007-07-17,75.226259,75.559962,74.207401,74.538050,74.538050,4864583
2007-07-18,74.538050,74.577826,74.272552,74.312207,74.312207,5780618
2007-07-19,74.312207,76.453009,73.838314,75.968553,75.968553,5185680
2007-07-20,75.968553,77.804899,75.722895,77.554113,77.554113,7066576
2007-07-23,77.554113,77.821522,76.919318,77.185456,77.185456,3771867
2007-07-24,77.185456,77.227333,76.798948,76.840638,76.840638,8164940
2007-07-25,76.840638,77.076980,75.727089,75.960725,75.960725,4194454
2007-07-26,75.960725,84.493243,75.766139,84.277353,84.277353,4922169
2007-07-27,84.277353,86.629819,83.931281,86.275543,86.275543,5133595
2007-07-30,86.275543,86.418998,85.550076,85.692562,85.692562,5052850
2007-07-31,85.692562,86.767646,85.449007,86.521735,86.521735,5287389
2007-08-01,86.521735,86.941059,86.060494,86.479614,86.479614,4849888
2007-08-02,86.479614,87.783872,86.355514,87.658080,87.658080,7768731
2007-08-03,87.658080,87.829607,87.226615,87.397632,87.397632,5449389
2007-08-06,87.397632,87.588592,85.186191,85.372727,85.372727,8512823
2007-08-07,85.372727,86.115474,84.754160,85.496014,85.496014,8689038
2007-08-08,85.496014,86.919482,85.077584,86.496157,86.496157,6327985
2007-08-09,86.496157,89.785531,85.842117,89.111713,89.111713,3926464
2007-08-10,89.111713,91.990740,88.909115,91.782071,91.782071,7257090
2007-08-13,91.782071,91.878742,91.095330,91.191379,91.191379,3040720
2007-08-14,91.191379,91.195615,88.777738,88.781862,88.781862,5877136
2007-08-15,88.781862,90.550154,88.568422,90.332985,90.332985,4087395
2007-08-16,90.332985,90.759557,89.446391,89.870780,89.870780,4401323
2007-08-17,89.870780,93.204211,89.176813,92.490019,92.490019,3023723
2007-08-20,92.490019,92.954764,91.103489,91.563578,91.563578,3525895
2007-08-21,91.563578,92.406245,91.542185,92.384660,92.384660,7054188
2007-08-22,92.384660,97.141634,91.784313,96.514450,96.514450,7355531
2007-08-23,96.514450,96.827617,95.887682,96.199828,96.199828,6865969
2007-08-24,96.199828,97.150020,95.895023,96.843176,96.843176,4523065
2007-08-27,96.843176,100.281061,96.007059,99.422673,99.422673,5361838
2007-08-28,99.422673,99.483133,97.763156,97.822643,97.822643,7499610
2007-08-29,97.822643,97.985535,96.007880,96.168017,96.168017,11722763
2007-08-30,96.168017,97.230707,96.127790,97.190052,97.190052,3746982
2007-08-31,97.190052,98.168131,97.126200,98.103679,98.103679,5618246
2007-09-03,98.103679,99.097499,97.692044,98.683432,98.683432,5609961
2007-09-04,98.683432,101.041327,98.403366,100.755380,100.755380,5955887
2007-09-05,100.755380,100.929494,97.630294,97.799300,97.799300,9275472
2007-09-06,97.799300,97.818980,93.388615,93.407411,93.407411,4333719
2007-09-07,93.407411,93.783571,90.538945,90.905027,90.905027,3811283
2007-09-10,90.905027,98.227291,90.580277,97.877632,97.877632,5137575
2007-09-11,97.877632,97.927130,95.906974,95.955500,95.955500,8843125
2007-09-12,95.955500,96.529719,95.761472,96.334925,96.334925,7442987
2007-09-13,96.334925,98.388896,96.198546,98.249806,98.249806,6035251
2007-09-14,98.249806,99.503996,97.990991,99.242565,99.242565,3229060
2007-09-17,99.242565,99.405104,95.269843,95.426131,95.426131,5623820
2007-09-18,95.426131,99.258439,95.212328,99.036547,99.036547,5090384
2007-09-19,99.036547,100.044391,98.262751,99.268780,99.268780,3478417
2007-09-20,99.268780,99.921773,98.027648,98.676746,98.676746,9415082
2007-09-21,98.676746,98.875595,97.165038,97.361236,97.361236,5241915
2007-09-24,97.361236,97.372914,97.121157,97.132808,97.132808,5065862
2007-09-25,97.132808,101.554115,96.946262,101.359453,101.359453,4847178
2007-09-26,101.359453,101.970688,100.295611,100.904100,100.904100,6871701
2007-09-27,100.904100,101.236339,97.200431,97.521532,97.521532,7110017
2007-09-28,97.521532,97.787145,96.162425,96.425051,96.425051,5195599
2007-10-01,96.425051,96.702955,95.655713,95.932197,95.932197,5175489
2007-10-02,95.932197,96.852994,95.468413,96.387012,96.387012,9914352
2007-10-03,96.387012,96.675158,95.836659,96.124018,96.124018,7326674
2007-10-04,96.124018,96.509349,94.589726,94.970433,94.970433,7250486
2007-10-05,94.970433,95.382355,92.416370,92.818960,92.818960,7053294
2007-10-08,92.818960,94.737541,92.546544,94.460308,94.460308,5197709
2007-10-09,94.460308,94.851303,86.345930,86.704823,86.704823,5470393
2007-10-10,86.704823,89.600301,86.564534,89.455561,89.455561,8049666
2007-10-11,89.455561,91.490537,89.250601,91.281393,91.281393,3734315
2007-10-12,91.281393,105.417533,91.026234,105.123681,105.123681,6529475
2007-10-15,105.123681,105.577634,101.557870,101.998327,101.998327,5845929
2007-10-16,101.998327,102.344034,96.347225,96.674889,96.674889,6165051
2007-10-17,96.674889,96.945793,95.698375,95.967297,95.967297,9121565
2007-10-18,95.967297,98.138368,95.932904,98.103209,98.103209,9144974
2007-10-19,98.103209,99.900116,98.022407,99.817901,99.817901,9811349
2007-10-22,99.817901,102.652240,99.737274,102.569390,102.569390,3148054
2007-10-23,102.569390,105.036003,102.452423,104.916359,104.916359,3294835
2007-10-24,104.916359,107.484899,104.573222,107.134508,107.134508,4567609
2007-10-25,107.134508,110.255183,106.749801,109.860687,109.860687,6472719
2007-10-26,109.860687,110.220765,93.711768,94.019926,94.019926,5357852
2007-10-29,94.019926,95.805202,93.772700,95.553943,95.553943,5736031
2007-10-30,95.553943,95.891101,95.542002,95.879119,95.879119,4807632
2007-10-31,95.879119,96.053450,93.596357,93.766847,93.766847,12269023
2007-11-01,93.766847,97.562161,93.510340,97.296000,97.296000,7653697
2007-11-02,97.296000,99.986016,96.868957,99.549085,99.549085,4002352
2007-11-05,99.549085,103.330555,99.516488,103.296731,103.296731,5653474
2007-11-06,103.296731,103.689106,101.838381,102.226692,102.226692,4591450
2007-11-07,102.226692,111.060416,101.576812,110.358838,110.358838,6920664
2007-11-08,110.358838,121.414582,109.328456,120.291462,120.291462,4451255
2007-11-09,120.291462,128.223388,119.917203,127.825688,127.825688,6442860
2007-11-12,127.825688,134.933471,127.022293,134.090701,134.090701,5720712
2007-11-13,134.090701,143.771863,133.697996,143.352035,143.352035,9104404
2007-11-14,143.352035,144.084205,136.163670,136.862696,136.862696,9875473
2007-11-15,136.862696,137.953305,133.136418,134.205856,134.205856,9303965
2007-11-16,134.205856,135.010119,125.509837,126.266522,126.266522,5675183
2007-11-19,126.266522,127.579233,126.153264,127.464900,127.464900,9848663
2007-11-20,127.464900,130.493424,126.752802,129.768457,129.768457,4528857
2007-11-21,129.768457,133.978726,129.291799,133.488404,133.488404,4330369
2007-11-22,133.488404,136.374940,133.073392,135.952267,135.952267,6402200
2007-11-23,135.952267,136.046703,130.290665,130.381232,130.381232,4234042
2007-11-26,130.381232,140.851439,130.345390,140.812729,140.812729,9039837
2007-11-27,140.812729,147.436338,140.365941,146.970013,146.970013,5738956
2007-11-28,146.970013,147.450137,144.880152,145.355000,145.355000,5067658
2007-11-29,145.355000,146.164604,142.908083,143.708517,143.708517,6440674
2007-11-30,143.708517,144.157623,132.615288,133.031026,133.031026,6703654
2007-12-03,133.031026,133.492127,130.392806,130.846334,130.846334,5994356
2007-12-04,130.846334,131.691659,130.841973,131.687270,131.687270,9960906
2007-12-05,131.687270,145.319505,130.855647,144.407551,144.407551,4718784
2007-12-06,144.407551,144.887261,135.772518,136.225046,136.225046,4224357
2007-12-07,136.225046,139.677591,135.379785,138.816252,138.816252,5128317
2007-12-10,138.816252,138.979771,138.742089,138.905561,138.905561,4236555
2007-12-11,138.905561,142.980941,138.333538,142.394551,142.394551,5093186
2007-12-12,142.394551,142.529097,133.442100,133.568306,133.568306,6764247
2007-12-13,133.568306,134.366077,133.398470,134.195444,134.195444,5523827
2007-12-14,134.195444,141.516083,133.494940,140.781202,140.781202,4773016
2007-12-17,140.781202,141.196351,133.824704,134.220506,134.220506,5690092
2007-12-18,134.220506,134.522450,134.039376,134.341157,134.341157,4809734
2007-12-19,134.341157,141.713642,133.870001,141.218367,141.218367,5553553
2007-12-20,141.218367,141.790136,140.426664,140.997540,140.997540,4107579
2007-12-21,140.997540,141.910837,135.379795,136.262421,136.262421,5834792
2007-12-24,136.262421,136.749716,130.631313,131.100147,131.100147,6610027
2007-12-25,131.100147,139.838370,131.050110,139.785018,139.785018,11401605
2007-12-26,139.785018,142.826990,139.441734,142.477095,142.477095,3154663
2007-12-27,142.477095,142.578201,139.308461,139.407389,139.407389,9398925
2007-12-28,139.407389,139.710770,137.472420,137.772243,137.772243,9096418
2007-12-31,137.772243,138.214006,134.634587,135.067678,135.067678,7470830
2008-01-01,135.067678,140.397339,134.542112,139.853153,139.853153,10181507
2008-01-02,139.853153,154.680819,139.641368,154.446934,154.446934,7877993
2008-01-03,154.446934,155.096646,147.942496,148.567475,148.567475,5807311
2008-01-04,148.567475,149.574747,145.975198,146.971649,146.971649,7459671
2008-01-07,146.971649,147.316697,144.072309,144.411346,144.411346,8215452
2008-01-08,144.411346,144.826728,140.974607,141.381273,141.381273,15430809
2008-01-09,141.381273,142.062481,132.678889,133.321262,133.321262,9848318
2008-01-10,133.321262,133.452824,124.972885,125.096330,125.096330,7848250
2008-01-11,125.096330,126.259460,112.421226,113.476314,113.476314,11781534
2008-01-14,113.476314,114.038171,104.760616,105.281900,105.281900,5112539
2008-01-15,105.281900,107.536824,104.768103,107.014572,107.014572,5490223
2008-01-16,107.014572,107.246443,105.322488,105.551188,105.551188,4727229
2008-01-17,105.551188,107.489409,105.305408,107.239697,107.239697,8077369
2008-01-18,107.239697,107.469949,95.738516,95.944516,95.944516,8013558
2008-01-21,95.944516,100.568705,95.934976,100.558706,100.558706,4749255
2008-01-22,100.558706,101.496933,99.995270,100.931408,100.931408,5416611
2008-01-23,100.931408,109.143967,100.893118,109.102577,109.102577,5575784
2008-01-24,109.102577,110.436791,108.831377,110.162955,110.162955,5496465
2008-01-25,110.162955,110.526931,105.862999,106.213927,106.213927,4364506
2008-01-28,106.213927,106.344491,104.839147,104.968180,104.968180,4773052
2008-01-29,104.968180,105.119336,93.451315,93.586080,93.586080,4378883
2008-01-30,93.586080,97.269830,93.111818,96.779386,96.779386,9370096
2008-01-31,96.779386,98.804004,96.362038,98.379755,98.379755,4656297
2008-02-01,98.379755,99.293128,95.679138,96.575763,96.575763,12488138
2008-02-04,96.575763,97.080804,84.227899,84.670683,84.670683,4189899
2008-02-05,84.670683,89.200927,84.509269,89.031200,89.031200,5372687
2008-02-06,89.031200,92.850196,88.943692,92.759024,92.759024,5000444
2008-02-07,92.759024,93.166262,89.731179,90.126861,90.126861,7780081
2008-02-08,90.126861,90.389193,78.678328,78.908005,78.908005,5727833
2008-02-11,78.908005,79.138724,77.775408,78.003482,78.003482,3690138
2008-02-12,78.003482,78.007646,75.883099,75.887150,75.887150,3261401
2008-02-13,75.887150,77.478574,75.457294,77.042175,77.042175,4308489
2008-02-14,77.042175,77.326992,68.856668,69.112168,69.112168,4175098
2008-02-15,69.112168,70.218500,68.899860,70.003454,70.003454,6369390
2008-02-18,70.003454,72.629294,69.740084,72.357069,72.357069,4359247
2008-02-19,72.357069,72.714606,71.377024,71.731470,71.731470,6657957
2008-02-20,71.731470,72.053524,71.273211,71.594650,71.594650,3822203
2008-02-21,71.594650,71.609016,66.091086,66.104351,66.104351,11131281
2008-02-22,66.104351,71.231172,65.849180,70.957269,70.957269,5443687
2008-02-25,70.957269,71.090379,69.541024,69.671722,69.671722,7436263
2008-02-26,69.671722,69.943052,65.588089,65.844514,65.844514,7852917
2008-02-27,65.844514,68.039416,65.582061,67.769291,67.769291,6457727
2008-02-28,67.769291,77.997113,67.564434,77.762050,77.762050,5945524
2008-02-29,77.762050,78.302490,77.257966,77.798172,77.798172,5074408
2008-03-03,77.798172,78.222457,75.018111,75.429478,75.429478,6727697
2008-03-04,75.429478,75.985636,72.568230,73.107266,73.107266,4660639
2008-03-05,73.107266,73.380553,68.864410,69.122803,69.122803,6197909
2008-03-06,69.122803,75.087797,68.864346,74.808082,74.808082,7481758
2008-03-07,74.808082,75.584296,73.617000,74.388864,74.388864,5081133
2008-03-10,74.388864,76.219492,73.960687,75.783289,75.783289,6585775
2008-03-11,75.783289,78.384955,75.441099,78.032608,78.032608,7024738
2008-03-12,78.032608,78.303248,75.523777,75.786627,75.786627,7491102
2008-03-13,75.786627,76.832152,75.767107,76.812367,76.812367,4446329
2008-03-14,76.812367,76.922652,74.352360,74.459266,74.459266,4562609
2008-03-17,74.459266,74.657492,72.774197,72.968454,72.968454,6818488
2008-03-18,72.968454,75.340567,72.774614,75.140955,75.140955,7007052
2008-03-19,75.140955,75.178655,73.605742,73.642690,73.642690,4265255
2008-03-20,73.642690,75.158854,73.170165,74.679675,74.679675,3944943
2008-03-21,74.679675,74.992308,72.936866,73.243487,73.243487,4078102
2008-03-24,73.243487,73.369787,72.333078,72.458023,72.458023,4755365
2008-03-25,72.458023,72.822215,66.332613,66.667702,66.667702,6783501
2008-03-26,66.667702,67.146348,65.209128,65.680687,65.680687,5256702
2008-03-27,65.680687,70.563624,65.395113,70.258147,70.258147,10074741
2008-03-28,70.258147,70.436013,66.249480,66.417623,66.417623,4295249
2008-03-31,66.417623,69.145107,66.255973,68.977227,68.977227,5539377
2008-04-01,68.977227,69.014700,63.792712,63.827387,63.827387,8472905
2008-04-02,63.827387,64.141368,60.279146,60.577138,60.577138,6282306
2008-04-03,60.577138,62.085583,60.252976,61.755118,61.755118,5773777
2008-04-04,61.755118,61.894881,60.493121,60.630338,60.630338,4490621
2008-04-07,60.630338,60.684033,56.347858,56.397804,56.397804,4935985
2008-04-08,56.397804,56.778356,56.349055,56.729320,56.729320,7981208
2008-04-09,56.729320,57.629872,56.588919,57.487595,57.487595,5775890
2008-04-10,57.487595,57.697128,56.231739,56.437445,56.437445,8701832
2008-04-11,56.437445,56.648415,53.426839,53.627304,53.627304,4917536
2008-04-14,53.627304,56.517698,53.624019,56.514236,56.514236,4260836
2008-04-15,56.514236,56.714479,55.723920,55.922065,55.922065,5752016
2008-04-16,55.922065,61.477145,55.826163,61.371896,61.371896,7770774
2008-04-17,61.371896,63.450754,61.353033,63.431258,63.431258,7265275
2008-04-18,63.431258,63.924581,63.390121,63.883151,63.883151,9112660
2008-04-21,63.883151,68.862699,63.680058,68.644470,68.644470,4597422
2008-04-22,68.644470,70.131829,68.561527,70.047192,70.047192,3869031
2008-04-23,70.047192,70.157332,64.920791,65.023032,65.023032,3011300
2008-04-24,65.023032,65.481781,64.785773,65.243717,65.243717,6014862
2008-04-25,65.243717,71.190537,64.617368,70.513596,70.513596,4338316
2008-04-28,70.513596,70.803272,68.574904,68.857779,68.857779,6135172
2008-04-29,68.857779,72.592094,68.657981,72.382070,72.382070,9349518
2008-04-30,72.382070,72.794711,70.748201,71.153840,71.153840,4883178
2008-05-01,71.153840,71.567188,68.445187,68.845123,68.845123,11122196
2008-05-02,68.845123,68.886622,67.832392,67.873305,67.873305,6913454
2008-05-05,67.873305,68.593098,67.223288,67.942419,67.942419,6064677
2008-05-06,67.942419,68.047583,66.249475,66.352178,66.352178,6367154
2008-05-07,66.352178,66.453950,65.272804,65.373074,65.373074,12777907
2008-05-08,65.373074,66.692481,64.989076,66.303021,66.303021,8333163
2008-05-09,66.303021,66.871008,66.118322,66.685244,66.685244,3962645
2008-05-12,66.685244,69.580612,66.653566,69.547574,69.547574,7308350
2008-05-13,69.547574,69.584426,63.005266,63.038669,63.038669,7616443
2008-05-14,63.038669,65.264194,62.910315,65.131579,65.131579,8699524
2008-05-15,65.131579,65.239237,64.921882,65.029370,65.029370,3685665
2008-05-16,65.029370,65.352367,63.284521,63.600419,63.600419,7322518
2008-05-19,63.600419,65.188547,63.358971,64.942006,64.942006,12975640
2008-05-20,64.942006,67.734381,64.495006,67.271348,67.271348,5574903
2008-05-21,67.271348,67.424199,64.766075,64.913569,64.913569,4258220
2008-05-22,64.913569,65.406927,64.635043,65.127483,65.127483,5365762
2008-05-23,65.127483,68.452261,65.094381,68.417487,68.417487,4603671
2008-05-26,68.417487,69.015002,65.719310,66.298318,66.298318,2664172
2008-05-27,66.298318,66.432207,60.745238,60.868160,60.868160,7284169
2008-05-28,60.868160,63.973515,60.673763,63.769850,63.769850,7424917
2008-05-29,63.769850,63.836507,55.448075,55.506094,55.506094,7249294
2008-05-30,55.506094,55.575388,48.674074,48.734915,48.734915,5985538
2008-06-02,48.734915,49.080719,46.738932,47.072943,47.072943,7738609
2008-06-03,47.072943,47.882666,46.810180,47.616867,47.616867,10918806
2008-06-04,47.616867,47.894052,45.275540,45.540639,45.540639,6490858
2008-06-05,45.540639,46.646577,45.355190,46.457394,46.457394,7689964
2008-06-06,46.457394,47.668771,46.353338,47.562240,47.562240,7204883
2008-06-09,47.562240,47.800268,47.521583,47.759442,47.759442,6492662
2008-06-10,47.759442,51.860840,47.552775,51.637392,51.637392,3495909
2008-06-11,51.637392,51.824963,50.280074,50.463380,50.463380,9435503
2008-06-12,50.463380,51.613756,50.351314,51.499389,51.499389,3680004
2008-06-13,51.499389,52.580445,51.254012,52.331106,52.331106,6471346
2008-06-16,52.331106,53.392808,52.328797,53.390453,53.390453,5958294
2008-06-17,53.390453,56.310722,53.242650,56.155265,56.155265,8463238
2008-06-18,56.155265,57.480177,55.637007,56.954542,56.954542,4446817
2008-06-19,56.954542,67.029877,56.645762,66.668432,66.668432,8325194
2008-06-20,66.668432,67.117794,63.187746,63.616538,63.616538,6044166
2008-06-23,63.616538,63.751606,63.137894,63.272231,63.272231,5672847
2008-06-24,63.272231,63.350217,62.483499,62.560608,62.560608,3941900
2008-06-25,62.560608,62.563210,58.909161,58.911611,58.911611,7811581
2008-06-26,58.911611,59.119000,56.066866,56.264937,56.264937,14274462
2008-06-27,56.264937,56.280141,55.455983,55.470972,55.470972,4517129
2008-06-30,55.470972,63.946594,55.388788,63.851993,63.851993,3561725
2008-07-01,63.851993,64.451853,63.707980,64.306814,64.306814,4036729
2008-07-02,64.306814,64.359255,64.232138,64.284561,64.284561,5223750
2008-07-03,64.284561,64.424532,64.219924,64.359819,64.359819,3448283
2008-07-04,64.359819,64.743312,60.363981,60.725821,60.725821,4785388
2008-07-07,60.725821,60.789734,59.377949,59.440509,59.440509,8731227
2008-07-08,59.440509,59.800886,59.011271,59.371229,59.371229,4608371
2008-07-09,59.371229,59.430360,58.925793,58.984539,58.984539,3741399
2008-07-10,58.984539,59.292538,58.003199,58.307663,58.307663,4710052
2008-07-11,58.307663,58.390261,56.245986,56.325777,56.325777,4803842
2008-07-14,56.325777,57.276282,56.285006,57.234853,57.234853,6874067
2008-07-15,57.234853,61.529029,57.114917,61.400364,61.400364,10502449
2008-07-16,61.400364,61.412432,61.279562,61.291608,61.291608,4658138
2008-07-17,61.291608,61.391270,58.311263,58.406233,58.406233,7343136
2008-07-18,58.406233,63.212163,58.245815,63.039020,63.039020,5273513
2008-07-21,63.039020,63.212859,59.792308,59.957650,59.957650,7215963
2008-07-22,59.957650,60.490948,54.812123,55.304029,55.304029,3052801
2008-07-23,55.304029,55.457002,55.206506,55.359382,55.359382,4697651
2008-07-24,55.359382,59.072647,55.290956,58.999721,58.999721,7145941
2008-07-25,58.999721,59.225090,57.414167,57.634320,57.634320,5097223
2008-07-28,57.634320,57.771050,57.235199,57.371304,57.371304,9149269
2008-07-29,57.371304,60.288897,57.223094,60.133551,60.133551,5119589
2008-07-30,60.133551,62.242774,59.742943,61.841075,61.841075,5122470
2008-07-31,61.841075,63.425682,61.770147,63.353019,63.353019,4017316
2008-08-01,63.353019,63.367434,63.227395,63.241785,63.241785,4472607
2008-08-04,63.241785,63.452625,60.456258,60.658486,60.658486,3781327
2008-08-05,60.658486,60.697647,60.093556,60.132377,60.132377,8303755
2008-08-06,60.132377,60.135654,56.858157,56.861256,56.861256,6118482
2008-08-07,56.861256,57.304386,55.548062,55.984358,55.984358,6195871
2008-08-08,55.984358,56.219190,54.517372,54.747013,54.747013,10520070
2008-08-11,54.747013,54.827769,53.805874,53.885358,53.885358,5214915
2008-08-12,53.885358,53.943528,52.335085,52.391643,52.391643,4609459
2008-08-13,52.391643,52.628472,50.927995,51.159253,51.159253,6575500
2008-08-14,51.159253,51.569035,51.157846,51.567617,51.567617,5218837
2008-08-15,51.567617,55.081251,51.392943,54.895306,54.895306,3761879
2008-08-18,54.895306,57.798526,54.791107,57.689025,57.689025,11322542
2008-08-19,57.689025,57.886131,52.244434,52.423550,52.423550,9450743
2008-08-20,52.423550,52.569559,52.019648,52.164937,52.164937,8533198
2008-08-21,52.164937,56.312454,51.924333,56.053913,56.053913,5933733
2008-08-22,56.053913,56.153030,50.597023,50.686650,50.686650,5409500
2008-08-25,50.686650,51.079502,49.976608,50.366982,50.366982,3227233
2008-08-26,50.366982,50.430754,49.195255,49.257623,49.257623,6093465
2008-08-27,49.257623,49.449041,48.025909,48.213269,48.213269,10089613
2008-08-28,48.213269,48.375275,47.694781,47.855585,47.855585,4751670
2008-08-29,47.855585,56.808932,47.576931,56.480060,56.480060,8267682
2008-09-01,56.480060,57.829728,56.338649,57.685300,57.685300,8750675
2008-09-02,57.685300,57.872492,57.543876,57.730956,57.730956,4390415
2008-09-03,57.730956,57.827901,55.090054,55.182720,55.182720,3937331
2008-09-04,55.182720,55.830576,55.014063,55.660459,55.660459,6767106
2008-09-05,55.660459,55.930629,54.125352,54.389352,54.389352,5772973
2008-09-08,54.389352,55.994196,54.034111,55.630847,55.630847,3339003
2008-09-09,55.630847,56.827803,55.578672,56.774556,56.774556,7016577
2008-09-10,56.774556,56.862482,56.673131,56.761037,56.761037,10897134
2008-09-11,56.761037,56.970900,54.459938,54.662041,54.662041,4757367
2008-09-12,54.662041,56.388972,54.068235,55.782988,55.782988,11886989
2008-09-15,55.782988,56.066881,55.771117,56.054953,56.054953,9934448
2008-09-16,56.054953,56.237318,55.095809,55.275639,55.275639,5201474
2008-09-17,55.275639,58.555686,54.985032,58.249444,58.249444,7117535
2008-09-18,58.249444,58.423179,57.729391,57.902090,57.902090,8562609
2008-09-19,57.902090,58.329269,57.898223,58.325374,58.325374,9498051
2008-09-22,58.325374,58.483094,58.227671,58.385290,58.385290,6649184
2008-09-23,58.385290,58.479772,57.160728,57.253378,57.253378,4293557
2008-09-24,57.253378,57.478496,56.115318,56.336832,56.336832,7169414
2008-09-25,56.336832,58.478129,56.307470,58.447668,58.447668,4855175
2008-09-26,58.447668,58.715928,56.080029,56.338610,56.338610,2766373
2008-09-29,56.338610,56.470281,54.785845,54.914187,54.914187,14220494
2008-09-30,54.914187,55.166628,54.810893,55.063054,55.063054,3654249
2008-10-01,55.063054,58.774348,54.696232,58.385393,58.385393,2436451
2008-10-02,58.385393,58.732646,57.668187,58.013226,58.013226,4009893
2008-10-03,58.013226,68.910369,57.977361,68.867793,68.867793,7122120
2008-10-06,68.867793,69.046324,65.977548,66.149031,66.149031,11230540
2008-10-07,66.149031,67.078923,65.908289,66.835682,66.835682,12377644
2008-10-08,66.835682,66.859334,60.748012,60.769518,60.769518,8511736
2008-10-09,60.769518,61.166047,59.003986,59.391524,59.391524,5860897
2008-10-10,59.391524,59.450697,57.657489,57.714992,57.714992,8456601
2008-10-13,57.714992,57.854185,56.636288,56.773210,56.773210,13391109
2008-10-14,56.773210,57.104383,54.702662,55.023629,55.023629,11383235
2008-10-15,55.023629,56.859306,54.654883,56.480794,56.480794,8300256
2008-10-16,56.480794,56.524318,54.239073,54.280901,54.280901,6723314
2008-10-17,54.280901,54.458790,53.147167,53.321913,53.321913,8197917
2008-10-20,53.321913,57.321154,53.170993,57.159373,57.159373,7251792
2008-10-21,57.159373,57.369164,56.512654,56.720835,56.720835,5146907
2008-10-22,56.720835,56.867644,50.173414,50.303614,50.303614,9194679
2008-10-23,50.303614,50.412632,49.038054,49.144560,49.144560,5967103
2008-10-24,49.144560,50.065373,49.045982,49.965150,49.965150,6229481
2008-10-27,49.965150,50.200708,49.629724,49.864809,49.864809,7098867
2008-10-28,49.864809,49.987487,47.956530,48.074804,48.074804,4822317
2008-10-29,48.074804,48.098027,47.437732,47.460658,47.460658,3372302
2008-10-30,47.460658,47.683461,44.414687,44.624175,44.624175,6987478
2008-10-31,44.624175,45.347519,44.595745,45.318647,45.318647,2591783
2008-11-03,45.318647,45.537783,44.382746,44.598399,44.598399,5534210
2008-11-04,44.598399,45.272554,44.483917,45.156639,45.156639,5712641
2008-11-05,45.156639,45.325727,41.485291,41.641215,41.641215,10533276
2008-11-06,41.641215,45.242601,41.630477,45.230937,45.230937,5611261
2008-11-07,45.230937,46.246026,45.147747,46.161125,46.161125,5206468
2008-11-10,46.161125,46.181583,44.860429,44.880320,44.880320,4983689
2008-11-11,44.880320,49.218783,44.719542,49.043092,49.043092,9667106
2008-11-12,49.043092,49.105259,47.977774,48.038668,48.038668,6139498
2008-11-13,48.038668,48.189615,46.768235,46.915653,46.915653,2128763
2008-11-14,46.915653,46.922655,45.858083,45.864928,45.864928,5889111
2008-11-17,45.864928,45.988727,43.805474,43.924034,43.924034,7276816
2008-11-18,43.924034,43.975540,43.230078,43.280830,43.280830,5604100
2008-11-19,43.280830,46.455887,43.146370,46.312009,46.312009,6250681
2008-11-20,46.312009,46.430154,43.872959,43.985168,43.985168,4475814
2008-11-21,43.985168,44.483272,43.938053,44.435674,44.435674,3335430
2008-11-24,44.435674,44.776813,39.428968,39.734012,39.734012,5376865
2008-11-25,39.734012,39.889468,38.422533,38.573448,38.573448,4883224
2008-11-26,38.573448,40.251690,38.572965,40.251186,40.251186,10340656
2008-11-27,40.251186,40.279208,37.336802,37.362813,37.362813,14915832
2008-11-28,37.362813,43.010791,37.304157,42.943374,42.943374,4828617
2008-12-01,42.943374,44.332284,42.860873,44.247278,44.247278,8080468
2008-12-02,44.247278,44.399919,42.707172,42.855011,42.855011,7916658
2008-12-03,42.855011,45.297447,42.735241,45.171204,45.171204,5151044
2008-12-04,45.171204,45.652960,45.082798,45.563786,45.563786,3792452
2008-12-05,45.563786,49.525577,45.388831,49.336137,49.336137,15135338
2008-12-08,49.336137,51.286077,49.301497,51.250093,51.250093,5296572
2008-12-09,51.250093,51.256513,49.878475,49.884724,49.884724,3780533
2008-12-10,49.884724,50.020433,49.787770,49.923403,49.923403,4992581
2008-12-11,49.923403,51.200628,49.886145,51.162445,51.162445,5388747
2008-12-12,51.162445,51.539449,50.942797,51.319128,51.319128,5363179
2008-12-15,51.319128,51.722037,47.960183,48.339701,48.339701,8000705
2008-12-16,48.339701,48.479307,47.985853,48.124838,48.124838,5134956
2008-12-17,48.124838,51.457323,47.986759,51.310104,51.310104,6622789
2008-12-18,51.310104,51.676694,48.773733,49.124709,49.124709,7594908
2008-12-19,49.124709,50.482007,48.894923,50.246971,50.246971,9621735
2008-12-22,50.246971,50.623751,50.141453,50.517663,50.517663,6504562
2008-12-23,50.517663,50.883482,49.560008,49.921510,49.921510,6343432
2008-12-24,49.921510,51.552119,49.668972,51.292645,51.292645,5396413
2008-12-25,51.292645,51.299324,51.018038,51.024683,51.024683,3896300
2008-12-26,51.024683,51.343074,50.312271,50.628188,50.628188,4306585
2008-12-29,50.628188,51.465052,50.585355,51.421549,51.421549,3678082
2008-12-30,51.421549,52.477480,50.954681,52.005312,52.005312,5752459
2008-12-31,52.005312,52.257902,48.377185,48.613300,48.613300,7613581
2009-01-01,48.613300,48.892101,46.320726,46.587911,46.587911,4303920
2009-01-02,46.587911,46.700380,42.517239,42.620130,42.620130,4449751
2009-01-05,42.620130,44.782391,42.433711,44.587368,44.587368,4953459
2009-01-06,44.587368,46.042131,44.383290,45.832354,45.832354,10341375
2009-01-07,45.832354,45.857001,43.659305,43.682796,43.682796,4013003
2009-01-08,43.682796,43.795703,41.866953,41.975447,41.975447,10441931
2009-01-09,41.975447,42.013909,39.501916,39.538144,39.538144,6797182
2009-01-12,39.538144,40.365657,39.216010,40.039438,40.039438,9836556
2009-01-13,40.039438,43.513126,39.712975,43.161209,43.161209,6353119
2009-01-14,43.161209,43.843254,42.745298,43.424803,43.424803,3982593
2009-01-15,43.424803,43.528355,43.374714,43.478205,43.478205,3734223
2009-01-16,43.478205,43.554331,42.681538,42.756400,42.756400,3376414
2009-01-19,42.756400,45.663993,42.356946,45.241323,45.241323,5631202
2009-01-20,45.241323,48.150075,45.195882,48.101760,48.101760,4123543
2009-01-21,48.101760,48.249097,45.864504,46.005419,46.005419,4817381
2009-01-22,46.005419,46.731829,45.964181,46.689978,46.689978,5413289
2009-01-23,46.689978,46.931254,44.271891,44.501860,44.501860,1721198
2009-01-26,44.501860,44.710107,43.850435,44.056599,44.056599,7956198
2009-01-27,44.056599,44.180836,39.020091,39.130437,39.130437,5801440
2009-01-28,39.130437,39.627856,39.022613,39.518962,39.518962,7212504
2009-01-29,39.518962,41.690952,39.239001,41.397682,41.397682,4634793
2009-01-30,41.397682,41.488561,38.311340,38.395629,38.395629,5904804
2009-02-02,38.395629,38.507075,37.908746,38.019099,38.019099,7234124
2009-02-03,38.019099,39.154978,37.934018,39.067551,39.067551,10029177
2009-02-04,39.067551,40.735555,38.954081,40.617583,40.617583,5727148
2009-02-05,40.617583,40.720648,36.260318,36.352560,36.352560,7265135
2009-02-06,36.352560,36.364172,33.809300,33.820103,33.820103,4153615
2009-02-09,33.820103,34.258152,33.627454,34.064113,34.064113,6395126
2009-02-10,34.064113,34.159361,29.612377,29.695409,29.695409,11268378
2009-02-11,29.695409,29.840398,29.597457,29.742291,29.742291,9725725
2009-02-12,29.742291,31.489510,29.630256,31.371339,31.371339,6577052
2009-02-13,31.371339,31.563711,30.491375,30.679505,30.679505,6931012
2009-02-16,30.679505,30.738249,30.206750,30.264699,30.264699,4994881
2009-02-17,30.264699,30.426860,30.023269,30.185003,30.185003,6448414
2009-02-18,30.185003,32.256963,30.112311,32.179468,32.179468,4909458
2009-02-19,32.179468,32.185429,32.056164,32.062103,32.062103,6351404
2009-02-20,32.062103,32.483275,32.020040,32.440715,32.440715,7074169
2009-02-23,32.440715,33.649807,32.372955,33.579668,33.579668,5192987
2009-02-24,33.579668,33.582441,32.757925,32.760631,32.760631,5705917
2009-02-25,32.760631,32.953478,27.252000,27.413370,27.413370,6423359
2009-02-26,27.413370,28.591283,27.247948,28.419787,28.419787,5486566
2009-02-27,28.419787,31.965782,28.155235,31.670966,31.670966,9299723
2009-03-02,31.670966,31.785298,31.329557,31.443067,31.443067,3160864
2009-03-03,31.443067,33.565927,31.426720,33.548486,33.548486,6482179
2009-03-04,33.548486,35.943547,33.503987,35.895935,35.895935,7704152
2009-03-05,35.895935,39.254709,35.868421,39.224644,39.224644,4181892
2009-03-06,39.224644,40.212432,39.219124,40.206774,40.206774,4484204
2009-03-09,40.206774,40.379760,37.501659,37.663703,37.663703,10205200
2009-03-10,37.663703,37.914019,37.005690,37.253277,37.253277,6148133
2009-03-11,37.253277,37.476020,36.413013,36.632042,36.632042,6067110
2009-03-12,36.632042,36.702745,36.604702,36.675372,36.675372,6735093
2009-03-13,36.675372,36.679203,36.554737,36.558556,36.558556,6964888
2009-03-16,36.558556,37.721011,36.433383,37.592298,37.592298,3762298
2009-03-17,37.592298,38.128600,37.564827,38.100757,38.100757,5161191
2009-03-18,38.100757,38.205835,37.688912,37.793142,37.793142,3710597
2009-03-19,37.793142,37.926418,37.088545,37.219800,37.219800,4567896
2009-03-20,37.219800,37.551939,37.121073,37.452594,37.452594,7503690
2009-03-23,37.452594,38.083890,37.310707,37.940155,37.940155,7716384
2009-03-24,37.940155,38.233336,37.901250,38.194170,38.194170,7030809
2009-03-25,38.194170,38.423701,38.050540,38.279750,38.279750,6043902
2009-03-26,38.279750,38.365611,37.050667,37.133958,37.133958,9701266
2009-03-27,37.133958,37.280257,37.070326,37.216484,37.216484,9378167
2009-03-30,37.216484,37.332536,36.341741,36.455420,36.455420,5674135
2009-03-31,36.455420,37.225401,36.211925,36.978413,36.978413,11805782
2009-04-01,36.978413,37.428636,36.742825,37.191689,37.191689,5830826
2009-04-02,37.191689,37.696887,36.865498,37.369140,37.369140,6658022
2009-04-03,37.369140,37.831944,37.350218,37.812797,37.812797,3944181
2009-04-06,37.812797,38.019528,36.983310,37.186618,37.186618,14769721
2009-04-07,37.186618,37.827605,37.170012,37.810720,37.810720,10961422
2009-04-08,37.810720,38.342829,37.769403,38.300976,38.300976,7605184
2009-04-09,38.300976,38.326297,37.621560,37.646448,37.646448,6035595
2009-04-10,37.646448,37.728755,36.824641,36.905327,36.905327,4653363
2009-04-13,36.905327,37.103367,36.485718,36.682562,36.682562,3719666
2009-04-14,36.682562,36.738918,34.511588,34.564691,34.564691,2848323
2009-04-15,34.564691,35.756150,34.406606,35.593360,35.593360,5731320
2009-04-16,35.593360,37.155515,35.274431,36.825544,36.825544,7767017
2009-04-17,36.825544,37.493416,36.807802,37.475361,37.475361,7222203
2009-04-20,37.475361,37.617894,37.118130,37.259843,37.259843,4849403
2009-04-21,37.259843,37.397805,36.994272,37.131760,37.131760,7630496
2009-04-22,37.131760,37.388640,36.801248,37.057615,37.057615,6491161
2009-04-23,37.057615,37.146997,36.178144,36.265615,36.265615,6095220
2009-04-24,36.265615,37.718861,36.212857,37.664069,37.664069,15389646
2009-04-27,37.664069,37.910230,36.861538,37.104039,37.104039,8688265
2009-04-28,37.104039,37.155501,36.006961,36.056970,36.056970,7794905
2009-04-29,36.056970,36.420930,35.685835,36.049722,36.049722,4890926
2009-04-30,36.049722,36.160662,35.702079,35.812288,35.812288,6238141
2009-05-01,35.812288,36.238485,35.758217,36.183853,36.183853,5243671
2009-05-04,36.183853,36.668633,36.021159,36.504496,36.504496,8197851
2009-05-05,36.504496,36.608128,36.238507,36.341676,36.341676,2963453
2009-05-06,36.341676,36.617710,35.253140,35.522955,35.522955,7204703
2009-05-07,35.522955,36.357686,35.334429,36.165749,36.165749,4880758
2009-05-08,36.165749,36.490256,36.115799,36.439927,36.439927,3609961
2009-05-11,36.439927,36.520544,36.100298,36.180341,36.180341,8431342
2009-05-12,36.180341,36.325098,35.794055,35.937842,35.937842,5961719
2009-05-13,35.937842,35.961968,35.061604,35.085158,35.085158,4449662
2009-05-14,35.085158,35.282089,34.892890,35.089796,35.089796,8324617
2009-05-15,35.089796,35.169105,34.326301,34.404060,34.404060,8710960
2009-05-18,34.404060,34.404098,34.004015,34.004053,34.004053,4765170
2009-05-19,34.004053,34.478557,33.994524,34.468898,34.468898,2600436
2009-05-20,34.468898,34.597734,33.416878,33.542250,33.542250,4264427
2009-05-21,33.542250,33.588039,32.810967,32.855819,32.855819,12058018
2009-05-22,32.855819,32.948658,32.314647,32.406216,32.406216,6203698
2009-05-25,32.406216,33.662100,32.349867,33.603669,33.603669,9796894
2009-05-26,33.603669,33.611396,33.139752,33.147374,33.147374,5050630
2009-05-27,33.147374,33.658545,33.053691,33.563686,33.563686,6849659
2009-05-28,33.563686,34.325676,33.411425,34.170661,34.170661,3427023
2009-05-29,34.170661,34.753252,33.985881,34.566333,34.566333,5019528
2009-06-01,34.566333,35.632840,34.365466,35.426972,35.426972,4584690
2009-06-02,35.426972,36.045689,35.404908,36.023253,36.023253,5782337
2009-06-03,36.023253,36.092677,34.982693,35.050242,35.050242,10300650
2009-06-04,35.050242,35.181203,34.956676,35.087537,35.087537,9540234
2009-06-05,35.087537,35.157983,34.780081,34.850050,34.850050,8253310
2009-06-08,34.850050,34.936840,34.208097,34.293501,34.293501,6785807
2009-06-09,34.293501,35.171328,34.249995,35.126765,35.126765,4198744
2009-06-10,35.126765,35.244626,33.696942,33.810386,33.810386,7619930
2009-06-11,33.810386,33.865698,33.535181,33.590132,33.590132,5963382
2009-06-12,33.590132,34.194948,33.462763,34.065775,34.065775,5818726
2009-06-15,34.065775,34.187506,33.690836,33.811659,33.811659,11280519
2009-06-16,33.811659,33.936446,32.847376,32.969053,32.969053,6252198
2009-06-17,32.969053,33.525452,32.757736,33.311937,33.311937,9953337
2009-06-18,33.311937,33.365670,33.109385,33.162878,33.162878,5136981
2009-06-19,33.162878,34.207180,33.103902,34.146456,34.146456,6456791
2009-06-22,34.146456,34.256934,34.007860,34.118247,34.118247,7472764
2009-06-23,34.118247,34.173823,33.054347,33.108277,33.108277,4771493
2009-06-24,33.108277,33.291513,32.738204,32.920400,32.920400,7017849
2009-06-25,32.920400,33.968333,32.722471,33.765325,33.765325,5330082
2009-06-26,33.765325,34.060280,33.713004,34.007585,34.007585,4302673
2009-06-29,34.007585,34.166185,33.987277,34.145794,34.145794,7217624
2009-06-30,34.145794,34.328866,33.623487,33.804731,33.804731,10480302
2009-07-01,33.804731,34.016585,32.885601,33.092994,33.092994,4208707
2009-07-02,33.092994,33.142929,32.986982,33.036833,33.036833,5187022
2009-07-03,33.036833,33.074125,32.579490,32.616308,32.616308,3150402
2009-07-06,32.616308,32.939491,32.296007,32.619163,32.619163,8440775
2009-07-07,32.619163,33.193957,32.501064,33.074210,33.074210,6827315
2009-07-08,33.074210,33.230851,32.346316,32.500238,32.500238,7226360
2009-07-09,32.500238,33.270614,32.374785,33.142681,33.142681,6077031
2009-07-10,33.142681,33.385189,33.085099,33.327286,33.327286,8417477
2009-07-13,33.327286,33.532811,32.789856,32.993321,32.993321,6322052
2009-07-14,32.993321,33.141911,32.991518,33.140099,33.140099,6073994
2009-07-15,33.140099,33.250692,33.115519,33.226048,33.226048,6870491
2009-07-16,33.226048,33.648538,33.023252,33.444409,33.444409,4221232
2009-07-17,33.444409,33.554845,32.500530,32.608204,32.608204,5278203
2009-07-20,32.608204,32.641718,31.815851,31.848584,31.848584,8268326
2009-07-21,31.848584,31.941373,31.764089,31.856856,31.856856,4740880
2009-07-22,31.856856,32.960925,31.840432,32.943940,32.943940,6552676
2009-07-23,32.943940,34.509060,32.772420,34.330321,34.330321,5466489
2009-07-24,34.330321,34.436333,34.300792,34.406739,34.406739,5421573
2009-07-27,34.406739,34.733190,34.151385,34.477313,34.477313,7339649
2009-07-28,34.477313,34.665108,34.165030,34.352144,34.352144,6779274
2009-07-29,34.352144,34.623396,34.317679,34.588694,34.588694,11876580
2009-07-30,34.588694,34.796414,34.429193,34.636692,34.636692,5665131
2009-07-31,34.636692,34.717806,33.806053,33.885407,33.885407,6179386
2009-08-03,33.885407,36.080934,33.841362,36.034095,36.034095,5720846
2009-08-04,36.034095,36.111364,35.534832,35.611193,35.611193,6110495
2009-08-05,35.611193,35.929347,35.512066,35.829611,35.829611,5046697
2009-08-06,35.829611,35.879175,35.685521,35.734955,35.734955,9301894
2009-08-07,35.734955,36.705221,35.557356,36.523702,36.523702,6722556
2009-08-10,36.523702,36.887744,36.487594,36.851312,36.851312,5769984
2009-08-11,36.851312,36.857455,36.163241,36.169270,36.169270,5733938
2009-08-12,36.169270,36.311729,35.859195,36.000990,36.000990,5938783
2009-08-13,36.000990,36.318003,35.903139,36.219557,36.219557,5512988
2009-08-14,36.219557,36.970022,36.122740,36.871462,36.871462,11740262
2009-08-17,36.871462,37.337719,36.723183,37.188165,37.188165,4288711
2009-08-18,37.188165,37.662623,37.164112,37.638278,37.638278,7503346
2009-08-19,37.638278,37.822422,36.707975,36.888451,36.888451,3557902
2009-08-20,36.888451,37.281292,36.798074,37.190176,37.190176,6313577
2009-08-21,37.190176,37.355677,35.966962,36.127734,36.127734,4191395
2009-08-24,36.127734,36.260104,35.826150,35.957898,35.957898,4157683
2009-08-25,35.957898,35.957971,34.820956,34.821027,34.821027,6669590
2009-08-26,34.821027,34.944674,34.665196,34.788729,34.788729,7335417
2009-08-27,34.788729,35.030787,34.702140,34.943812,34.943812,6495917
2009-08-28,34.943812,34.964567,34.866120,34.886841,34.886841,9204146
2009-08-31,34.886841,34.896847,34.789490,34.799471,34.799471,8071960
2009-09-01,34.799471,34.972816,34.415151,34.587440,34.587440,7071972
2009-09-02,34.587440,34.672226,33.899148,33.982451,33.982451,8909296
2009-09-03,33.982451,34.794960,33.787869,34.596860,34.596860,5971191
2009-09-04,34.596860,35.130491,34.486155,35.018436,35.018436,4899533
2009-09-07,35.018436,36.246333,34.875086,36.098561,36.098561,8617565
2009-09-08,36.098561,36.630408,35.898203,36.428220,36.428220,4162588
2009-09-09,36.428220,36.598020,36.333573,36.503179,36.503179,11021725
2009-09-10,36.503179,36.550396,35.962810,36.009389,36.009389,9950479
2009-09-11,36.009389,36.046611,35.505224,35.541964,35.541964,6365109
2009-09-14,35.541964,36.714907,35.218961,36.384249,36.384249,4620734
2009-09-15,36.384249,36.398633,36.314744,36.329106,36.329106,13016807
2009-09-16,36.329106,36.375915,35.383427,35.429077,35.429077,5105280
2009-09-17,35.429077,36.488604,35.090701,36.143405,36.143405,10808043
2009-09-18,36.143405,36.728397,35.989506,36.572670,36.572670,6412993
2009-09-21,36.572670,37.009611,36.509723,36.946022,36.946022,4563261
2009-09-22,36.946022,38.643471,36.849578,38.542859,38.542859,5326252
2009-09-23,38.542859,39.181391,38.491985,39.129743,39.129743,6109199
2009-09-24,39.129743,39.131035,38.563593,38.564867,38.564867,6157136
2009-09-25,38.564867,38.569183,38.527471,38.531783,38.531783,7057791
2009-09-28,38.531783,38.570490,37.395380,37.432983,37.432983,7037750
2009-09-29,37.432983,37.742958,37.248601,37.557961,37.557961,13083106
2009-09-30,37.557961,37.650739,37.385074,37.477654,37.477654,6765981
2009-10-01,37.477654,37.547858,36.529514,36.598071,36.598071,6619971
2009-10-02,36.598071,37.744014,36.535665,37.679764,37.679764,8656891
2009-10-05,37.679764,37.703539,37.584067,37.607797,37.607797,6432925
2009-10-06,37.607797,37.635254,36.740327,36.767171,36.767171,9270062
2009-10-07,36.767171,37.421940,36.696400,37.350047,37.350047,4358270
2009-10-08,37.350047,37.731554,37.215634,37.596255,37.596255,9352774
2009-10-09,37.596255,37.637942,37.140100,37.181327,37.181327,3255054
2009-10-12,37.181327,37.215020,37.086197,37.119834,37.119834,6272991
2009-10-13,37.119834,37.221823,36.148655,36.248249,36.248249,5849741
2009-10-14,36.248249,36.334706,36.071681,36.157922,36.157922,10168049
2009-10-15,36.157922,36.469850,36.131543,36.443263,36.443263,8634526
2009-10-16,36.443263,36.608407,36.223612,36.388507,36.388507,4748134
2009-10-19,36.388507,37.034666,36.200905,36.844712,36.844712,11032318
2009-10-20,36.844712,37.052688,36.257856,36.463681,36.463681,6478946
2009-10-21,36.463681,37.721413,36.220401,37.471409,37.471409,5540088
2009-10-22,37.471409,38.078773,37.295705,37.901055,37.901055,8194157
2009-10-23,37.901055,37.933473,37.254254,37.286146,37.286146,4375445
2009-10-26,37.286146,38.475868,37.199141,38.386297,38.386297,3711274
2009-10-27,38.386297,39.610508,38.055777,39.272359,39.272359,4547832
2009-10-28,39.272359,39.401100,38.582562,38.709458,38.709458,10858900
2009-10-29,38.709458,39.496311,38.508855,39.292685,39.292685,7515841
2009-10-30,39.292685,39.302626,38.756342,38.766150,38.766150,4390064
2009-11-02,38.766150,39.079046,38.601202,38.913471,38.913471,5125678
2009-11-03,38.913471,39.272011,38.585186,38.943473,38.943473,7161856
2009-11-04,38.943473,39.072442,38.938818,39.067772,39.067772,4353309
2009-11-05,39.067772,39.329399,38.744357,39.005568,39.005568,6740624
2009-11-06,39.005568,39.667188,38.954734,39.615559,39.615559,6251873
2009-11-09,39.615559,39.892699,39.369878,39.646824,39.646824,4991799
2009-11-10,39.646824,39.822450,39.310923,39.485837,39.485837,9060735
2009-11-11,39.485837,39.595093,38.697818,38.805191,38.805191,6805519
2009-11-12,38.805191,38.965156,38.014177,38.171529,38.171529,9112591
2009-11-13,38.171529,39.201823,37.945445,38.971004,38.971004,6098856
2009-11-16,38.971004,39.129243,37.992106,38.146999,38.146999,4597088
2009-11-17,38.146999,38.683524,37.904767,38.439436,38.439436,4279270
2009-11-18,38.439436,38.670597,38.102519,38.333040,38.333040,4186480
2009-11-19,38.333040,40.373636,38.046400,40.073978,40.073978,4640732
2009-11-20,40.073978,40.366116,39.964467,40.256106,40.256106,6611281
2009-11-23,40.256106,41.114382,40.134843,40.990905,40.990905,7637930
2009-11-24,40.990905,41.307668,40.890317,41.206550,41.206550,11233402
2009-11-25,41.206550,43.230380,41.024368,43.040092,43.040092,6587616
2009-11-26,43.040092,43.497449,42.840483,43.296651,43.296651,7977951
2009-11-27,43.296651,43.478138,43.143752,43.325139,43.325139,4379736
2009-11-30,43.325139,43.909567,43.252241,43.835810,43.835810,5382075
2009-12-01,43.835810,43.974884,43.700009,43.839073,43.839073,5738811
2009-12-02,43.839073,44.394350,43.392471,43.946652,43.946652,4302891
2009-12-03,43.946652,44.001669,43.664768,43.719500,43.719500,6619442
2009-12-04,43.719500,44.151337,42.693835,43.119749,43.119749,3535519
2009-12-07,43.119749,47.095996,42.845901,46.798783,46.798783,6113111
2009-12-08,46.798783,47.156419,46.485529,46.842869,46.842869,6091945
2009-12-09,46.842869,47.031881,46.795797,46.984666,46.984666,4885430
2009-12-10,46.984666,47.229520,46.894056,47.138613,47.138613,6469781
2009-12-11,47.138613,48.093023,46.912983,47.863921,47.863921,7818645
2009-12-14,47.863921,47.958465,46.799491,46.892115,46.892115,5945600
2009-12-15,46.892115,47.498715,46.731372,47.336449,47.336449,5677639
2009-12-16,47.336449,47.719202,47.066728,47.448840,47.448840,9368298
2009-12-17,47.448840,47.478001,44.828569,44.856136,44.856136,7110548
2009-12-18,44.856136,45.116614,44.750540,45.010654,45.010654,3151086
2009-12-21,45.010654,45.242372,44.979367,45.210945,45.210945,6532821
2009-12-22,45.210945,48.150503,44.911578,47.833769,47.833769,6744062
2009-12-23,47.833769,48.459430,47.815838,48.441271,48.441271,7258351
2009-12-24,48.441271,48.607242,48.415905,48.581802,48.581802,6755966
2009-12-25,48.581802,48.671150,47.558616,47.646244,47.646244,9478085
2009-12-28,47.646244,47.861890,47.395986,47.611475,47.611475,6026246
2009-12-29,47.611475,48.245544,47.534635,48.167805,48.167805,8108673
2009-12-30,48.167805,48.520484,48.146809,48.499344,48.499344,5579710
2009-12-31,48.499344,49.063269,48.471096,49.034710,49.034710,6578521
2010-01-01,49.034710,49.372595,48.686743,49.024559,49.024559,4803566
2010-01-04,49.024559,49.054037,48.586702,48.615935,48.615935,5203881
2010-01-05,48.615935,48.861673,48.428131,48.673647,48.673647,11415591
2010-01-06,48.673647,48.950127,48.511909,48.788010,48.788010,3348274
2010-01-07,48.788010,48.959838,48.783993,48.955807,48.955807,5792496
2010-01-08,48.955807,48.959104,48.850551,48.853841,48.853841,6302738
2010-01-11,48.853841,49.246552,48.137844,48.527936,48.527936,8376794
2010-01-12,48.527936,49.415060,48.081221,48.964328,48.964328,9424484
2010-01-13,48.964328,49.237874,46.997574,47.261608,47.261608,6867922
2010-01-14,47.261608,47.503260,46.529126,46.768256,46.768256,7656118
2010-01-15,46.768256,46.856691,46.519846,46.607979,46.607979,5931412
2010-01-18,46.607979,47.826382,46.518546,47.734786,47.734786,7870864
2010-01-19,47.734786,47.743983,47.101222,47.110298,47.110298,3834400
2010-01-20,47.110298,47.367319,47.021112,47.277816,47.277816,5717452
2010-01-21,47.277816,47.283611,47.212589,47.218377,47.218377,4769999
2010-01-22,47.218377,48.310099,47.158821,48.249243,48.249243,6871518
2010-01-25,48.249243,50.078079,48.173346,49.999428,49.999428,3653283
2010-01-26,49.999428,50.052822,48.660389,48.712409,48.712409,5711925
2010-01-27,48.712409,48.922900,48.704301,48.914759,48.914759,5678096
2010-01-28,48.914759,48.940120,48.096010,48.120959,48.120959,5554136
2010-01-29,48.120959,48.190044,46.231448,46.297916,46.297916,3295745
2010-02-01,46.297916,46.367499,44.340182,44.406924,44.406924,3555876
2010-02-02,44.406924,45.334075,44.199457,45.123261,45.123261,5479080
2010-02-03,45.123261,46.065663,44.814657,45.752754,45.752754,3200231
2010-02-04,45.752754,47.894275,45.569420,47.703125,47.703125,6232022
2010-02-05,47.703125,47.978330,47.106553,47.379893,47.379893,4645171
2010-02-08,47.379893,48.161577,47.139483,47.918435,47.918435,5364198
2010-02-09,47.918435,49.765277,47.403273,49.235951,49.235951,8825170
2010-02-10,49.235951,49.741363,48.444859,48.947308,48.947308,6030352
2010-02-11,48.947308,49.092888,47.786571,47.929122,47.929122,4822695
2010-02-12,47.929122,48.239393,47.908366,48.218511,48.218511,4022621
2010-02-15,48.218511,48.679785,47.577838,48.037380,48.037380,3599035
2010-02-16,48.037380,48.264617,47.538876,47.764824,47.764824,8019073
2010-02-17,47.764824,47.896592,47.642110,47.773855,47.773855,4321965
2010-02-18,47.773855,48.091528,47.558119,47.875333,47.875333,9249846
2010-02-19,47.875333,47.905886,47.099441,47.129517,47.129517,5222511
2010-02-22,47.129517,47.135975,46.218854,46.225188,46.225188,7196751
2010-02-23,46.225188,46.618500,46.158971,46.551815,46.551815,4468235
2010-02-24,46.551815,46.963390,45.605992,46.012801,46.012801,4787571
2010-02-25,46.012801,48.907762,45.425135,48.290999,48.290999,8544543
2010-02-26,48.290999,48.463218,48.087386,48.259493,48.259493,5570521
2010-03-01,48.259493,49.223400,48.186270,49.148829,49.148829,8517542
2010-03-02,49.148829,49.417775,48.568942,48.836177,48.836177,4233483
2010-03-03,48.836177,48.957955,48.438641,48.559730,48.559730,5043134
2010-03-04,48.559730,49.366206,48.252916,49.056255,49.056255,5953560
2010-03-05,49.056255,49.102413,47.728286,47.773236,47.773236,8823607
2010-03-08,47.773236,48.824295,47.585572,48.633253,48.633253,5446065
2010-03-09,48.633253,48.897427,48.133310,48.396196,48.396196,7288892
2010-03-10,48.396196,48.424550,48.266469,48.294764,48.294764,3021723
2010-03-11,48.294764,48.427531,48.253965,48.386654,48.386654,8312145
2010-03-12,48.386654,48.515904,47.962825,48.091285,48.091285,6739144
2010-03-15,48.091285,49.258263,47.957953,49.122074,49.122074,4910870
2010-03-16,49.122074,49.383811,48.262078,48.520611,48.520611,5139246
2010-03-17,48.520611,51.362948,48.407148,51.243119,51.243119,5020123
2010-03-18,51.243119,51.361365,51.093435,51.211608,51.211608,7710628
2010-03-19,51.211608,51.324552,49.555010,49.664543,49.664543,4210513
2010-03-22,49.664543,50.343044,49.624451,50.302437,50.302437,4144280
2010-03-23,50.302437,52.128099,50.006629,51.823347,51.823347,7702272
2010-03-24,51.823347,52.089595,50.872444,51.135157,51.135157,4267911
2010-03-25,51.135157,51.195845,50.788902,50.849251,50.849251,10040609
2010-03-26,50.849251,50.947667,50.153506,50.250764,50.250764,14182275
2010-03-29,50.250764,51.299488,50.010316,51.055191,51.055191,6954086
2010-03-30,51.055191,51.519037,50.146119,50.605883,50.605883,7728904
2010-03-31,50.605883,51.513360,50.300364,51.204228,51.204228,6204436
2010-04-01,51.204228,51.242753,51.011968,51.050376,51.050376,7751023
2010-04-02,51.050376,51.277594,48.977527,49.196494,49.196494,7245910
2010-04-05,49.196494,49.805091,49.034126,49.641256,49.641256,7033662
2010-04-06,49.641256,49.710683,47.485156,47.551660,47.551660,6407508
2010-04-07,47.551660,48.241383,47.520943,48.210240,48.210240,3437500
2010-04-08,48.210240,48.464701,47.390347,47.641807,47.641807,6337966
2010-04-09,47.641807,47.999200,47.463316,47.820041,47.820041,4451509
2010-04-12,47.820041,47.879132,47.221882,47.280306,47.280306,6398578
2010-04-13,47.280306,47.579467,45.857559,46.149565,46.149565,7232471
2010-04-14,46.149565,48.524692,45.934872,48.299994,48.299994,3716723
2010-04-15,48.299994,48.437827,46.501094,46.634174,46.634174,4983305
2010-04-16,46.634174,46.779739,46.558692,46.704144,46.704144,4616888
2010-04-19,46.704144,46.864975,46.684349,46.845120,46.845120,4633635
2010-04-20,46.845120,47.107699,46.644108,46.906425,46.906425,6365713
2010-04-21,46.906425,47.973265,46.875909,47.942075,47.942075,3778740
2010-04-22,47.942075,48.039079,47.267218,47.363050,47.363050,3321409
2010-04-23,47.363050,47.749678,46.949025,47.335428,47.335428,8125919
2010-04-26,47.335428,47.605572,45.466933,45.727903,45.727903,4434282
2010-04-27,45.727903,46.112135,45.618434,46.002011,46.002011,5906871
2010-04-28,46.002011,47.050205,45.641695,46.684543,46.684543,4577424
2010-04-29,46.684543,48.382009,46.354467,48.042332,48.042332,4662695
2010-04-30,48.042332,49.005463,47.830937,48.790774,48.790774,5121861
2010-05-03,48.790774,48.917014,47.843994,47.968105,47.968105,5134935
2010-05-04,47.968105,48.204158,46.877576,47.109403,47.109403,9618424
2010-05-05,47.109403,47.341317,46.420964,46.650619,46.650619,7245971
2010-05-06,46.650619,48.225508,46.605445,48.178854,48.178854,5849833
2010-05-07,48.178854,48.599260,47.298563,47.714921,47.714921,6848435
2010-05-10,47.714921,47.719991,45.474723,45.479555,45.479555,6725705
2010-05-11,45.479555,45.526904,45.155784,45.202845,45.202845,4777301
2010-05-12,45.202845,45.905183,45.049385,45.749866,45.749866,5104576
2010-05-13,45.749866,46.208494,45.592389,46.049984,46.049984,5141712
2010-05-14,46.049984,46.278835,45.765665,45.994239,45.994239,3161927
2010-05-17,45.994239,46.614897,45.994108,46.614764,46.614764,6502554
2010-05-18,46.614764,46.759789,46.045769,46.189470,46.189470,4093756
2010-05-19,46.189470,46.618163,46.024277,46.452030,46.452030,3134046
2010-05-20,46.452030,46.651707,45.686199,45.883431,45.883431,6949064
2010-05-21,45.883431,46.099655,45.563662,45.779396,45.779396,6029961
2010-05-24,45.779396,45.873752,45.366217,45.459914,45.459914,7781233
2010-05-25,45.459914,45.633519,44.868056,45.040057,45.040057,9583789
2010-05-26,45.040057,46.684830,45.027488,46.671805,46.671805,5226567
2010-05-27,46.671805,47.198574,46.613296,47.139478,47.139478,5522509
2010-05-28,47.139478,47.444061,46.862522,47.166944,47.166944,8452186
2010-05-31,47.166944,47.704228,47.030599,47.566728,47.566728,5017174
2010-06-01,47.566728,47.894531,46.831628,47.156605,47.156605,6393386
2010-06-02,47.156605,47.172680,46.934355,46.950360,46.950360,8314394
2010-06-03,46.950360,46.985899,46.119329,46.154266,46.154266,5779252
2010-06-04,46.154266,46.470294,45.573724,45.887928,45.887928,4416253
2010-06-07,45.887928,46.065569,45.883340,46.060964,46.060964,10596773
2010-06-08,46.060964,46.215671,45.132438,45.284537,45.284537,5180107
2010-06-09,45.284537,45.534737,45.225817,45.475770,45.475770,9816859
2010-06-10,45.475770,46.465985,45.339067,46.326725,46.326725,4364914
2010-06-11,46.326725,46.865986,46.067401,46.605105,46.605105,3768628
2010-06-14,46.605105,46.671052,45.944560,46.009664,46.009664,4032497
2010-06-15,46.009664,46.646017,45.989503,46.625586,46.625586,5446747
2010-06-16,46.625586,47.247075,46.556024,47.176690,47.176690,2839480
2010-06-17,47.176690,47.571158,46.910029,47.303778,47.303778,4112368
2010-06-18,47.303778,47.586693,47.194485,47.477000,47.477000,7403519
2010-06-21,47.477000,49.491991,47.414985,49.427428,49.427428,6319636
2010-06-22,49.427428,50.042771,49.305558,49.919688,49.919688,10899950
2010-06-23,49.919688,50.101298,48.624376,48.801919,48.801919,5153674
2010-06-24,48.801919,49.377865,48.589308,49.163677,49.163677,8173839
2010-06-25,49.163677,51.521959,48.823373,51.167783,51.167783,6435058
2010-06-28,51.167783,51.228976,50.933232,50.994218,50.994218,9036318
2010-06-29,50.994218,51.090262,50.418122,50.513261,50.513261,4853183
2010-06-30,50.513261,50.688657,50.328576,50.503940,50.503940,6876515
2010-07-01,50.503940,50.632674,49.787653,49.914886,49.914886,5899604
2010-07-02,49.914886,49.928684,48.517228,48.530643,48.530643,6481344
2010-07-05,48.530643,48.895074,48.293212,48.657025,48.657025,8726247
2010-07-06,48.657025,49.766205,48.198584,49.301690,49.301690,7282779
2010-07-07,49.301690,49.391397,49.109020,49.198538,49.198538,8332477
2010-07-08,49.198538,49.703733,49.158485,49.663301,49.663301,3710517
2010-07-09,49.663301,50.488723,49.557171,50.381059,50.381059,5388064
2010-07-12,50.381059,50.981899,50.275627,50.875433,50.875433,3326210
2010-07-13,50.875433,51.652801,50.716242,51.491682,51.491682,11287767
2010-07-14,51.491682,51.725732,51.433314,51.667164,51.667164,4467916
2010-07-15,51.667164,52.359969,51.599276,52.291260,52.291260,5770034
2010-07-16,52.291260,52.434397,52.201865,52.344910,52.344910,4588151
2010-07-19,52.344910,52.350110,52.122681,52.127859,52.127859,7165288
2010-07-20,52.127859,52.164224,51.461701,51.497626,51.497626,3719609
2010-07-21,51.497626,51.500920,49.225868,49.229016,49.229016,5988716
2010-07-22,49.229016,49.399615,48.625343,48.794435,48.794435,5225859
2010-07-23,48.794435,49.397094,48.770455,49.372829,49.372829,5732093
2010-07-26,49.372829,49.876303,49.295750,49.798559,49.798559,5073202
2010-07-27,49.798559,49.877997,49.763005,49.842412,49.842412,7017059
2010-07-28,49.842412,50.260428,49.409129,49.827016,49.827016,3793203
2010-07-29,49.827016,49.939226,49.097455,49.208272,49.208272,7154482
2010-07-30,49.208272,49.494140,49.034318,49.319793,49.319793,4829884
2010-08-02,49.319793,50.650320,49.253661,50.582495,50.582495,7946873
2010-08-03,50.582495,50.943847,50.021973,50.381892,50.381892,5739612
2010-08-04,50.381892,51.962253,50.121637,51.695214,51.695214,5434224
2010-08-05,51.695214,51.783446,50.992852,51.080034,51.080034,4825506
2010-08-06,51.080034,51.098999,48.872650,48.890802,48.890802,5011704
2010-08-09,48.890802,49.127995,48.821456,49.058411,49.058411,7420831
2010-08-10,49.058411,49.302686,48.278405,48.520000,48.520000,8192184
2010-08-11,48.520000,49.373754,48.517331,49.371038,49.371038,4271164
2010-08-12,49.371038,50.727912,49.125965,50.477347,50.477347,5194200
2010-08-13,50.477347,50.482491,50.066297,50.071400,50.071400,6711235
2010-08-16,50.071400,50.822117,49.588199,50.336360,50.336360,4084142
2010-08-17,50.336360,53.674056,50.122109,53.446568,53.446568,5011064
2010-08-18,53.446568,53.819321,53.361262,53.733557,53.733557,5194985
2010-08-19,53.733557,53.876735,52.822637,52.963763,52.963763,6811752
2010-08-20,52.963763,53.097968,52.485652,52.618984,52.618984,7689964
2010-08-23,52.618984,53.238227,52.313919,52.931351,52.931351,10608025
2010-08-24,52.931351,53.049472,52.487377,52.604769,52.604769,5754556
2010-08-25,52.604769,52.987709,50.828391,51.201113,51.201113,5931883
2010-08-26,51.201113,52.029681,51.136774,51.964383,51.964383,11037905
2010-08-27,51.964383,53.076950,51.719951,52.828454,52.828454,4716171
2010-08-30,52.828454,53.326244,52.766630,53.263910,53.263910,6834439
2010-08-31,53.263910,53.316011,53.142795,53.194828,53.194828,5580646
2010-09-01,53.194828,53.517719,53.100050,53.422534,53.422534,14208490
2010-09-02,53.422534,53.647840,51.926908,52.146833,52.146833,7124723
2010-09-03,52.146833,52.460433,51.396463,51.707420,51.707420,3186102
2010-09-06,51.707420,51.986187,50.757790,51.032920,51.032920,8408339
2010-09-07,51.032920,51.643201,51.004146,51.614099,51.614099,10043967
2010-09-08,51.614099,51.702174,49.976277,50.061703,50.061703,3888202
2010-09-09,50.061703,50.421526,49.337663,49.694850,49.694850,7850107
2010-09-10,49.694850,52.999522,49.685500,52.989551,52.989551,5059202
2010-09-13,52.989551,53.110631,52.222704,52.342304,52.342304,3692885
2010-09-14,52.342304,52.530068,50.867062,51.050191,51.050191,13413128
2010-09-15,51.050191,52.958056,50.884206,52.786427,52.786427,3796593
2010-09-16,52.786427,52.897413,52.067077,52.176782,52.176782,2815834
2010-09-17,52.176782,52.449739,52.081060,52.353693,52.353693,5082670
2010-09-20,52.353693,52.838267,52.118821,52.602280,52.602280,5132940
2010-09-21,52.602280,52.910244,51.363545,51.666027,51.666027,7018920
2010-09-22,51.666027,51.699426,50.543798,50.576493,50.576493,3946073
2010-09-23,50.576493,50.604446,50.335923,50.363758,50.363758,4347901
2010-09-24,50.363758,50.476399,48.362266,48.470673,48.470673,5212876
2010-09-27,48.470673,48.630087,48.155550,48.314450,48.314450,6056653
2010-09-28,48.314450,49.654382,48.126979,49.462456,49.462456,5647268
2010-09-29,49.462456,51.451746,49.100113,51.077572,51.077572,4983277
2010-09-30,51.077572,51.327972,50.685946,50.935650,50.935650,8615638
2010-10-01,50.935650,51.309879,50.800795,51.174391,51.174391,3043438
2010-10-04,51.174391,51.558262,51.110352,51.493823,51.493823,12554908
2010-10-05,51.493823,51.805106,50.936114,51.245899,51.245899,7658627
2010-10-06,51.245899,54.060420,51.185102,53.996360,53.996360,6991110
2010-10-07,53.996360,55.034795,53.967976,55.005881,55.005881,4381664
2010-10-08,55.005881,55.285827,54.223981,54.501359,54.501359,4137011
2010-10-11,54.501359,54.632202,54.194679,54.325099,54.325099,9771470
2010-10-12,54.325099,54.437783,53.008964,53.119147,53.119147,4865054
2010-10-13,53.119147,53.507547,53.021920,53.409787,53.409787,7575614
2010-10-14,53.409787,53.903117,53.091763,53.584055,53.584055,4722488
2010-10-15,53.584055,53.676554,52.486711,52.577473,52.577473,5233740
2010-10-18,52.577473,53.007267,52.300894,52.729886,52.729886,3955218
2010-10-19,52.729886,52.936055,52.552349,52.758422,52.758422,5489064
2010-10-20,52.758422,53.615979,52.554955,53.409999,53.409999,2826185
2010-10-21,53.409999,53.883303,53.296314,53.768854,53.768854,10192638
2010-10-22,53.768854,53.928536,53.252832,53.411453,53.411453,4095831
2010-10-25,53.411453,53.582497,52.355720,52.523923,52.523923,6007867
2010-10-26,52.523923,52.650767,52.265945,52.392472,52.392472,7081449
2010-10-27,52.392472,52.848693,52.305421,52.761030,52.761030,7497374
2010-10-28,52.761030,53.359431,52.639037,53.236340,53.236340,6235159
2010-10-29,53.236340,53.414849,52.456842,52.633329,52.633329,3821194
2010-11-01,52.633329,52.790117,52.516430,52.673130,52.673130,6710263
2010-11-02,52.673130,52.690040,52.188766,52.205526,52.205526,2759489
2010-11-03,52.205526,52.562813,51.931402,52.288255,52.288255,4020929
2010-11-04,52.288255,52.371537,51.714622,51.797121,51.797121,6125713
2010-11-05,51.797121,52.106213,50.539167,50.842563,50.842563,8632181
2010-11-08,50.842563,51.382602,50.830534,51.370449,51.370449,4160560
2010-11-09,51.370449,52.653277,50.854654,52.129858,52.129858,8752817
2010-11-10,52.129858,53.280928,51.850766,52.997193,52.997193,6265045
2010-11-11,52.997193,53.027680,52.001488,52.031419,52.031419,4584321
2010-11-12,52.031419,54.116171,51.903632,53.983590,53.983590,4018342
2010-11-15,53.983590,54.626150,53.850959,54.492269,54.492269,5761105
2010-11-16,54.492269,54.600589,53.342767,53.449013,53.449013,5358182
2010-11-17,53.449013,53.665207,53.407839,53.623898,53.623898,2306460
2010-11-18,53.623898,53.743794,52.994427,53.113181,53.113181,5623204
2010-11-19,53.113181,53.247636,52.664919,52.798578,52.798578,3473183
2010-11-22,52.798578,53.397609,52.704470,53.302603,53.302603,4697006
2010-11-23,53.302603,55.024783,52.829122,54.540308,54.540308,7520330
2010-11-24,54.540308,54.964170,53.591393,54.011142,54.011142,5931820
2010-11-25,54.011142,54.517564,53.917567,54.423275,54.423275,8510540
2010-11-26,54.423275,54.683132,54.206455,54.466141,54.466141,3811067
2010-11-29,54.466141,54.769577,54.361487,54.664542,54.664542,6269644
2010-11-30,54.664542,54.893984,54.126258,54.354399,54.354399,4883894
2010-12-01,54.354399,54.361880,53.140699,53.148014,53.148014,9318566
2010-12-02,53.148014,53.172303,52.666053,52.690132,52.690132,6845982
2010-12-03,52.690132,54.102081,52.522257,53.930254,53.930254,8940466
2010-12-06,53.930254,54.187599,51.126284,51.371418,51.371418,10301609
2010-12-07,51.371418,51.412401,51.112249,51.153058,51.153058,5275824
2010-12-08,51.153058,52.129354,51.120666,52.096364,52.096364,6088612
2010-12-09,52.096364,52.237203,50.601555,50.738724,50.738724,11917366
2010-12-10,50.738724,52.072207,50.374562,51.701138,51.701138,6913678
2010-12-13,51.701138,51.794627,50.519911,50.611429,50.611429,4216015
2010-12-14,50.611429,50.712930,49.787914,49.887964,49.887964,6359322
2010-12-15,49.887964,50.915792,49.717836,50.742749,50.742749,4383625
2010-12-16,50.742749,51.002705,50.266401,50.525243,50.525243,8360208
2010-12-17,50.525243,50.663128,50.092665,50.229743,50.229743,2730505
2010-12-20,50.229743,50.734771,50.156717,50.661118,50.661118,7434241
2010-12-21,50.661118,50.778013,49.785114,49.900254,49.900254,6534722
2010-12-22,49.900254,50.923665,49.836122,50.858301,50.858301,4057725
2010-12-23,50.858301,51.002227,50.755229,50.899072,50.899072,6914281
2010-12-24,50.899072,50.989751,50.880943,50.971596,50.971596,5992465
2010-12-27,50.971596,51.992753,50.928685,51.949020,51.949020,14158303
2010-12-28,51.949020,52.002375,50.758473,50.810659,50.810659,11172622
2010-12-29,50.810659,51.627276,50.705989,51.521143,51.521143,6777187
2010-12-30,51.521143,52.603869,51.370011,52.450013,52.450013,7433040
2010-12-31,52.450013,52.929000,51.151970,51.623408,51.623408,9256076
2011-01-03,51.623408,52.173257,51.436804,51.985344,51.985344,9675404
2011-01-04,51.985344,51.987283,51.535731,51.537654,51.537654,3630609
2011-01-05,51.537654,51.839273,51.259443,51.560936,51.560936,3747744
2011-01-06,51.560936,52.026328,51.296175,51.760542,51.760542,5098697
2011-01-07,51.760542,51.978064,50.893186,51.107965,51.107965,6992702
2011-01-10,51.107965,55.134632,51.014568,55.034060,55.034060,5394440
2011-01-11,55.034060,55.139363,52.897497,52.998906,52.998906,4722790
2011-01-12,52.998906,54.988356,52.883505,54.868882,54.868882,7616060
2011-01-13,54.868882,55.454152,54.434697,55.018781,55.018781,6769826
2011-01-14,55.018781,55.119126,54.300453,54.399669,54.399669,6019045
2011-01-17,54.399669,55.249259,53.910382,54.756761,54.756761,6037225
2011-01-18,54.756761,54.861174,54.176994,54.280499,54.280499,6094381
2011-01-19,54.280499,54.297619,51.499932,51.516180,51.516180,7904392
2011-01-20,51.516180,51.564536,50.429421,50.476802,50.476802,4896698
2011-01-21,50.476802,50.484177,48.631938,48.639044,48.639044,6839114
2011-01-24,48.639044,49.029428,48.421805,48.811418,48.811418,5596595
2011-01-25,48.811418,49.407743,48.778839,49.374787,49.374787,3945464
2011-01-26,49.374787,50.072338,49.195286,49.890961,49.890961,4640996
2011-01-27,49.890961,49.926123,49.853805,49.888966,49.888966,5625303
2011-01-28,49.888966,49.910436,48.733334,48.754316,48.754316,6210920
2011-01-31,48.754316,49.551421,48.721888,49.518485,49.518485,4089701
2011-02-01,49.518485,50.676058,49.484721,50.641528,50.641528,5731116
2011-02-02,50.641528,51.687915,50.111673,51.152711,51.152711,3296535
2011-02-03,51.152711,51.269182,50.367236,50.482180,50.482180,7082695
2011-02-04,50.482180,50.693657,49.010259,49.216434,49.216434,12076701
2011-02-07,49.216434,49.387081,48.880824,49.050897,49.050897,4196756
2011-02-08,49.050897,49.347248,47.960053,48.251575,48.251575,3796444
2011-02-09,48.251575,48.497503,48.093057,48.338698,48.338698,5166934
2011-02-10,48.338698,48.861308,48.293100,48.815261,48.815261,7889628
2011-02-11,48.815261,49.179985,48.798014,49.162616,49.162616,4398921
2011-02-14,49.162616,49.815529,49.123949,49.776379,49.776379,4118475
2011-02-15,49.776379,49.793589,49.640837,49.658006,49.658006,5525888
2011-02-16,49.658006,51.302569,49.425250,51.063226,51.063226,3193987
2011-02-17,51.063226,51.331871,50.612526,50.880208,50.880208,10300765
2011-02-18,50.880208,51.036584,50.111551,50.266039,50.266039,7497370
2011-02-21,50.266039,50.697118,49.404075,49.831427,49.831427,5769034
2011-02-22,49.831427,50.005828,49.660536,49.834924,49.834924,8720066
2011-02-23,49.834924,50.936499,49.696301,50.795204,50.795204,5903217
2011-02-24,50.795204,51.065333,50.094131,50.361955,50.361955,4197542
2011-02-25,50.361955,50.615137,49.748913,50.000277,50.000277,4450458
2011-02-28,50.000277,50.900605,49.903508,50.802284,50.802284,5056956
2011-03-01,50.802284,50.890075,50.784684,50.872451,50.872451,8802671
2011-03-02,50.872451,51.544269,50.373553,51.043691,51.043691,4118746
2011-03-03,51.043691,51.076797,49.896757,49.929141,49.929141,3897275
2011-03-04,49.929141,50.977938,49.812993,50.859626,50.859626,5853025
2011-03-07,50.859626,51.133262,48.741689,49.005348,49.005348,7711797
2011-03-08,49.005348,49.158650,48.528234,48.680519,48.680519,5675179
2011-03-09,48.680519,48.685862,48.339899,48.345205,48.345205,5984604
2011-03-10,48.345205,48.889906,48.228759,48.772431,48.772431,4037153
2011-03-11,48.772431,50.052918,48.661394,49.939225,49.939225,3251593
2011-03-14,49.939225,50.147638,49.922712,50.131061,50.131061,8691093
2011-03-15,50.131061,50.415315,48.415404,48.691495,48.691495,13067702
2011-03-16,48.691495,49.171078,48.571996,49.050697,49.050697,4648353
2011-03-17,49.050697,49.213609,48.165114,48.325618,48.325618,4307334
2011-03-18,48.325618,48.946723,48.115955,48.735283,48.735283,6282363
2011-03-21,48.735283,48.872360,48.436964,48.573586,48.573586,3376174
2011-03-22,48.573586,48.915775,47.431544,47.768059,47.768059,8429680
2011-03-23,47.768059,47.994448,47.532957,47.759305,47.759305,6078665
2011-03-24,47.759305,48.557642,47.557015,48.352838,48.352838,2765667
2011-03-25,48.352838,48.707615,47.741958,48.094841,48.094841,7757007
2011-03-28,48.094841,48.506996,47.002539,47.408815,47.408815,3547494
2011-03-29,47.408815,48.182007,47.126868,47.897157,47.897157,3574743
2011-03-30,47.897157,47.993365,47.413912,47.509341,47.509341,5917235
2011-03-31,47.509341,48.435873,47.241641,48.164481,48.164481,5287388
2011-04-01,48.164481,49.112473,48.134870,49.082297,49.082297,4053293
2011-04-04,49.082297,49.294657,48.920596,49.132790,49.132790,5571570
2011-04-05,49.132790,49.261211,48.356316,48.483039,48.483039,5259475
2011-04-06,48.483039,49.027653,48.326861,48.870228,48.870228,5168313
2011-04-07,48.870228,49.012500,48.187281,48.327974,48.327974,7086512
2011-04-08,48.327974,48.419425,47.949884,48.040791,48.040791,9622968
2011-04-11,48.040791,48.056141,48.030669,48.046018,48.046018,3349737
2011-04-12,48.046018,48.964621,48.002624,48.920438,48.920438,7915392
2011-04-13,48.920438,49.118697,48.780173,48.978266,48.978266,10238974
2011-04-14,48.978266,49.595393,48.585849,49.201189,49.201189,5337940
2011-04-15,49.201189,49.221599,48.242370,48.262390,48.262390,4360888
2011-04-18,48.262390,48.394595,46.589180,46.717152,46.717152,10374428
2011-04-19,46.717152,47.040455,46.523554,46.846321,46.846321,4282383
2011-04-20,46.846321,47.646204,46.700389,47.498241,47.498241,5484769
2011-04-21,47.498241,47.538978,46.862901,46.903127,46.903127,5616659
2011-04-22,46.903127,46.998962,46.869712,46.965503,46.965503,10924511
2011-04-25,46.965503,49.311559,46.886545,49.228796,49.228796,4736114
2011-04-26,49.228796,50.174363,48.994177,49.936371,49.936371,9972991
2011-04-27,49.936371,50.234298,49.045517,49.339885,49.339885,4975393
2011-04-28,49.339885,49.540649,48.601652,48.800220,48.800220,6449329
2011-04-29,48.800220,48.803305,47.773095,47.776115,47.776115,6313478
2011-05-02,47.776115,47.947425,44.733686,44.894664,44.894664,3981915
2011-05-03,44.894664,45.029343,44.885065,45.019717,45.019717,6729321
2011-05-04,45.019717,45.472548,45.010523,45.463264,45.463264,5225367
2011-05-05,45.463264,45.666023,44.621849,44.821748,44.821748,5676540
2011-05-06,44.821748,44.889352,44.480749,44.547939,44.547939,7183922
2011-05-09,44.547939,44.548181,43.889609,43.889847,43.889847,5559049
2011-05-10,43.889847,46.643057,43.843657,46.594021,46.594021,5660694
2011-05-11,46.594021,47.187691,46.518250,47.111079,47.111079,5654854
2011-05-12,47.111079,47.359096,46.385937,46.631429,46.631429,3525883
2011-05-13,46.631429,46.806610,46.505293,46.680342,46.680342,4477534
2011-05-16,46.680342,46.689936,46.537300,46.546867,46.546867,7257689
2011-05-17,46.546867,47.312116,46.540945,47.306098,47.306098,8564502
2011-05-18,47.306098,47.376624,46.563565,46.633088,46.633088,11034525
2011-05-19,46.633088,46.924481,46.228737,46.519419,46.519419,13782510
2011-05-20,46.519419,46.615086,44.270370,44.361599,44.361599,7341073
2011-05-23,44.361599,44.686482,43.350191,43.670009,43.670009,6564708
2011-05-24,43.670009,44.478423,43.409442,44.214607,44.214607,4378732
2011-05-25,44.214607,44.829070,44.195908,44.810120,44.810120,5535412
2011-05-26,44.810120,44.848629,44.010927,44.048781,44.048781,3246749
2011-05-27,44.048781,44.157160,43.320979,43.427831,43.427831,5187058
2011-05-30,43.427831,43.623714,42.644069,42.837289,42.837289,7014211
2011-05-31,42.837289,42.902676,41.822183,41.886118,41.886118,5069116
2011-06-01,41.886118,42.681084,41.802413,42.595960,42.595960,6486988
2011-06-02,42.595960,42.992914,42.019794,42.415063,42.415063,11041813
2011-06-03,42.415063,42.535120,42.055119,42.174495,42.174495,4535936
2011-06-06,42.174495,42.325651,41.775531,41.925796,41.925796,6134269
2011-06-07,41.925796,42.901571,41.831390,42.805186,42.805186,7330752
2011-06-08,42.805186,42.916170,42.033704,42.142972,42.142972,3547116
2011-06-09,42.142972,42.283864,41.890054,42.030570,42.030570,5391903
2011-06-10,42.030570,42.104750,41.646333,41.719965,41.719965,7558241
2011-06-13,41.719965,42.009870,41.459283,41.749006,41.749006,4908091
2011-06-14,41.749006,42.095446,41.514678,41.860492,41.860492,6258910
2011-06-15,41.860492,42.181728,41.722061,42.042694,42.042694,6440740
2011-06-16,42.042694,42.070572,41.704583,41.732255,41.732255,21577119
2011-06-17,41.732255,42.224136,39.885632,40.361355,40.361355,7934410
2011-06-20,40.361355,40.445316,40.271335,40.355283,40.355283,5850160
2011-06-21,40.355283,41.607240,40.196502,41.444174,41.444174,9677733
2011-06-22,41.444174,41.942260,41.312627,41.809553,41.809553,14682362
2011-06-23,41.809553,41.824252,41.150271,41.164743,41.164743,5307884
2011-06-24,41.164743,41.865222,41.092526,41.791904,41.791904,11317847
2011-06-27,41.791904,41.927499,41.574156,41.709483,41.709483,7603210
2011-06-28,41.709483,41.776549,40.486573,40.551776,40.551776,6954996
2011-06-29,40.551776,40.922519,40.060010,40.429635,40.429635,4636277
2011-06-30,40.429635,40.439283,40.185682,40.195274,40.195274,7561407
2011-07-01,40.195274,41.301595,40.025854,41.128242,41.128242,5210652
2011-07-04,41.128242,42.512979,40.803825,42.180264,42.180264,7329809
2011-07-05,42.180264,42.259498,42.036198,42.115310,42.115310,4501277
2011-07-06,42.115310,42.589746,41.905695,42.378820,42.378820,5283397
2011-07-07,42.378820,42.398555,42.341948,42.361675,42.361675,6183395
2011-07-08,42.361675,42.490145,42.228488,42.356944,42.356944,6653719
2011-07-11,42.356944,44.017649,41.977077,43.626397,43.626397,7149089
2011-07-12,43.626397,43.753615,42.613128,42.737755,42.737755,4558236
2011-07-13,42.737755,42.768474,40.013488,40.042270,40.042270,4357996
2011-07-14,40.042270,40.097314,39.648023,39.702600,39.702600,4231023
2011-07-15,39.702600,40.044238,39.564258,39.905189,39.905189,5197942
2011-07-18,39.905189,40.673070,39.797332,40.563434,40.563434,5655095
2011-07-19,40.563434,40.607589,40.529659,40.573806,40.573806,7149101
2011-07-20,40.573806,41.285048,40.520135,41.230508,41.230508,5213073
2011-07-21,41.230508,41.497261,40.366534,40.629398,40.629398,5822395
2011-07-22,40.629398,41.076790,40.550469,40.997146,40.997146,4048071
2011-07-25,40.997146,41.350909,40.871164,41.224229,41.224229,3693770
2011-07-26,41.224229,41.270579,40.589212,40.634900,40.634900,6280414
2011-07-27,40.634900,40.672343,40.455495,40.492806,40.492806,3570515
2011-07-28,40.492806,41.319289,40.383612,41.208166,41.208166,3775608
2011-07-29,41.208166,41.431257,41.096540,41.319330,41.319330,6869977
2011-08-01,41.319330,41.459370,40.771612,40.910265,40.910265,8836965
2011-08-02,40.910265,41.505685,40.771651,41.365528,41.365528,13758204
2011-08-03,41.365528,42.045890,41.224493,41.903023,41.903023,5825308
2011-08-04,41.903023,43.412767,41.795294,43.301442,43.301442,4292392
2011-08-05,43.301442,43.565974,42.335190,42.595409,42.595409,6052303
2011-08-08,42.595409,43.090262,42.461126,42.954846,42.954846,5016096
2011-08-09,42.954846,43.585830,42.837899,43.467487,43.467487,9591224
2011-08-10,43.467487,43.513368,41.926596,41.970898,41.970898,7840596
2011-08-11,41.970898,42.144617,41.534200,41.706827,41.706827,7736070
2011-08-12,41.706827,41.882680,41.515854,41.691644,41.691644,5014138
2011-08-15,41.691644,43.454284,41.433928,43.187322,43.187322,7147274
2011-08-16,43.187322,43.496268,43.168426,43.477245,43.477245,4770183
2011-08-17,43.477245,43.537299,43.247899,43.307719,43.307719,6688156
2011-08-18,43.307719,43.329742,43.230660,43.252655,43.252655,6641144
2011-08-19,43.252655,45.714544,43.218956,45.678955,45.678955,3920523
2011-08-22,45.678955,45.973132,44.391953,44.679695,44.679695,6479170
2011-08-23,44.679695,44.866748,43.955594,44.140389,44.140389,13265395
2011-08-24,44.140389,44.388117,44.107284,44.354852,44.354852,6813606
2011-08-25,44.354852,44.369922,44.349934,44.365002,44.365002,6271759
2011-08-26,44.365002,45.624173,44.153843,45.408049,45.408049,4227441
2011-08-29,45.408049,46.481894,45.254218,46.324956,46.324956,7436188
2011-08-30,46.324956,48.311415,46.159349,48.139321,48.139321,4032826
2011-08-31,48.139321,48.652829,48.069774,48.582641,48.582641,8071610
2011-09-01,48.582641,48.590116,48.335768,48.343206,48.343206,5442311
2011-09-02,48.343206,48.745053,47.718895,48.118878,48.118878,5609290
2011-09-05,48.118878,48.207146,47.162223,47.248894,47.248894,3270232
2011-09-06,47.248894,48.259141,46.936530,47.942193,47.942193,7215616
2011-09-07,47.942193,50.863165,47.684655,50.591396,50.591396,11362141
2011-09-08,50.591396,50.946688,49.530353,49.880653,49.880653,9415739
2011-09-09,49.880653,50.347317,49.200340,49.664987,49.664987,3738782
2011-09-12,49.664987,51.223114,49.658314,51.216233,51.216233,4448145
2011-09-13,51.216233,51.441473,50.542334,50.765593,50.765593,4797256
2011-09-14,50.765593,51.251813,50.546739,51.031811,51.031811,13006108
2011-09-15,51.031811,51.203542,50.096907,50.266061,50.266061,4468062
2011-09-16,50.266061,50.329965,49.839519,49.902961,49.902961,4372139
2011-09-19,49.902961,50.126435,49.890886,50.114310,50.114310,7288616
2011-09-20,50.114310,50.525332,48.344473,48.744259,48.744259,4116528
2011-09-21,48.744259,49.181123,47.018288,47.443494,47.443494,4467534
2011-09-22,47.443494,47.885785,47.023048,47.465147,47.465147,4270020
2011-09-23,47.465147,48.448998,47.246316,48.226656,48.226656,5707268
2011-09-26,48.226656,49.126418,48.187139,49.086196,49.086196,7869867
2011-09-27,49.086196,49.426259,48.987575,49.327153,49.327153,10202443
2011-09-28,49.327153,49.363222,48.416252,48.451681,48.451681,4849427
2011-09-29,48.451681,48.554251,46.765589,46.864799,46.864799,14716682
2011-09-30,46.864799,47.114620,45.857311,46.103072,46.103072,7666722
2011-10-03,46.103072,46.289265,45.929849,46.115993,46.115993,2408939
2011-10-04,46.115993,47.048664,46.082018,47.014027,47.014027,8845235
2011-10-05,47.014027,47.143764,46.268113,46.396145,46.396145,6079969
2011-10-06,46.396145,46.937753,46.325586,46.866478,46.866478,4469010
2011-10-07,46.866478,46.969122,46.106835,46.208037,46.208037,4223551
2011-10-10,46.208037,47.134238,46.174980,47.100543,47.100543,7490701
2011-10-11,47.100543,47.329351,46.747906,46.976110,46.976110,4666110
2011-10-12,46.976110,47.337474,46.858032,47.218785,47.218785,10198134
2011-10-13,47.218785,47.586397,47.033805,47.400705,47.400705,12975844
2011-10-14,47.400705,47.623167,46.645758,46.865709,46.865709,3878876
2011-10-17,46.865709,47.871110,46.548665,47.549441,47.549441,8462118
2011-10-18,47.549441,48.207270,47.323055,47.978840,47.978840,4491806
2011-10-19,47.978840,48.253677,47.356618,47.629454,47.629454,8273887
2011-10-20,47.629454,47.678504,46.619822,46.667882,46.667882,3820983
2011-10-21,46.667882,46.702398,46.364134,46.398451,46.398451,8176792
2011-10-24,46.398451,46.668511,46.388521,46.658526,46.658526,8303905
2011-10-25,46.658526,47.607669,46.460105,47.406069,47.406069,5177524
2011-10-26,47.406069,47.573508,46.798257,46.964135,46.964135,8538333
2011-10-27,46.964135,47.858451,46.861434,47.754023,47.754023,7758487
2011-10-28,47.754023,48.133553,47.577705,47.956487,47.956487,3403423
2011-10-31,47.956487,49.215195,47.809014,49.064315,49.064315,7491975
2011-11-01,49.064315,49.128405,49.037604,49.101673,49.101673,9298944
2011-11-02,49.101673,49.161883,48.595018,48.654679,48.654679,4156964
2011-11-03,48.654679,49.152349,48.623674,49.121047,49.121047,8404759
2011-11-04,49.121047,50.431481,48.984929,50.292119,50.292119,6497911
2011-11-07,50.292119,50.323821,49.073010,49.103963,49.103963,5969126
2011-11-08,49.103963,50.082212,48.732583,49.706276,49.706276,4292664
2011-11-09,49.706276,49.843979,47.182985,47.314060,47.314060,5480908
2011-11-10,47.314060,47.768983,47.258530,47.712984,47.712984,6592087
2011-11-11,47.712984,47.738668,46.434923,46.459933,46.459933,7942567
2011-11-14,46.459933,47.088185,46.425841,47.053657,47.053657,3821207
2011-11-15,47.053657,47.211288,46.929960,47.087503,47.087503,3236046
2011-11-16,47.087503,48.317082,46.959670,48.186266,48.186266,7366558
2011-11-17,48.186266,48.339559,47.234738,47.385484,47.385484,10796349
2011-11-18,47.385484,47.444427,46.899115,46.957525,46.957525,10324842
2011-11-21,46.957525,47.157483,45.406248,45.600427,45.600427,3853202
2011-11-22,45.600427,45.677863,45.145407,45.222200,45.222200,6247499
2011-11-23,45.222200,45.407683,44.842109,45.026790,45.026790,6016236
2011-11-24,45.026790,45.127144,44.682697,44.782507,44.782507,5154653
2011-11-25,44.782507,45.098453,43.520514,43.829739,43.829739,3568443
2011-11-28,43.829739,43.836306,43.614609,43.621145,43.621145,15108405
2011-11-29,43.621145,43.763102,43.066830,43.207441,43.207441,7078149
2011-11-30,43.207441,43.439668,43.163606,43.395642,43.395642,10368834
2011-12-01,43.395642,43.406136,42.319161,42.329397,42.329397,3716476
2011-12-02,42.329397,42.496067,41.706666,41.871534,41.871534,6345923
2011-12-05,41.871534,41.985263,41.688585,41.802125,41.802125,4848855
2011-12-06,41.802125,42.856698,41.670929,42.722613,42.722613,3188369
2011-12-07,42.722613,43.243224,42.545829,43.065024,43.065024,7734761
2011-12-08,43.065024,43.336866,42.702042,42.973305,42.973305,5901878
2011-12-09,42.973305,43.051523,42.745582,42.823527,42.823527,8082097
2011-12-12,42.823527,43.126417,42.361287,42.663042,42.663042,5213036
2011-12-13,42.663042,42.933391,41.769745,42.036121,42.036121,8056357
2011-12-14,42.036121,42.688111,41.774652,42.424228,42.424228,7908506
2011-12-15,42.424228,42.909671,42.221710,42.705809,42.705809,8060921
2011-12-16,42.705809,43.729653,42.634158,43.656407,43.656407,4639133
2011-12-19,43.656407,43.887353,43.562569,43.793222,43.793222,6830953
2011-12-20,43.793222,44.069580,43.598117,43.874115,43.874115,6999524
2011-12-21,43.874115,44.847263,43.633816,44.602971,44.602971,6078500
2011-12-22,44.602971,44.679173,43.090521,43.164265,43.164265,4979459
2011-12-23,43.164265,44.131699,43.066933,44.032410,44.032410,5184848
2011-12-26,44.032410,44.120171,43.864592,43.952193,43.952193,3591904
2011-12-27,43.952193,44.898898,43.877872,44.823104,44.823104,9264399
2011-12-28,44.823104,46.506234,44.579720,46.255074,46.255074,6283382
2011-12-29,46.255074,46.377630,46.194505,46.316980,46.316980,12196507
2011-12-30,46.316980,47.409942,45.997029,47.084688,47.084688,7004867
2012-01-02,47.084688,47.318971,45.946142,46.175903,46.175903,3707849
2012-01-03,46.175903,46.644541,45.945489,46.412944,46.412944,9213058
2012-01-04,46.412944,47.518180,46.297620,47.400403,47.400403,4061695
2012-01-05,47.400403,47.816329,47.269765,47.684907,47.684907,5447768
2012-01-06,47.684907,48.280645,47.560459,48.154970,48.154970,10443031
2012-01-09,48.154970,49.220631,48.027949,49.091141,49.091141,5926097
2012-01-10,49.091141,49.131226,48.931381,48.971369,48.971369,4775092
2012-01-11,48.971369,49.026267,48.424326,48.478672,48.478672,4209425
2012-01-12,48.478672,50.615789,48.298722,50.428601,50.428601,6752339
2012-01-13,50.428601,50.547056,49.287961,49.404009,49.404009,2553842
2012-01-16,49.404009,50.268843,49.261662,50.124420,50.124420,8311829
2012-01-17,50.124420,50.199592,48.589301,48.662279,48.662279,4586854
2012-01-18,48.662279,48.915782,48.515505,48.768687,48.768687,3150288
2012-01-19,48.768687,50.601430,48.692698,50.522708,50.522708,6276862
2012-01-20,50.522708,50.522712,50.347673,50.347677,50.347677,12494929
2012-01-23,50.347677,50.348515,49.881072,49.881902,49.881902,5547845
2012-01-24,49.881902,50.634322,49.765237,50.516174,50.516174,5392161
2012-01-25,50.516174,50.677431,49.390718,49.548887,49.548887,10682901
2012-01-26,49.548887,49.647309,49.341103,49.439307,49.439307,12053508
2012-01-27,49.439307,51.012108,49.281166,50.849456,50.849456,5322009
2012-01-30,50.849456,51.945271,50.643360,51.735584,51.735584,8126085
2012-01-31,51.735584,52.060068,50.073573,50.389616,50.389616,4396692
2012-02-01,50.389616,50.833181,50.186604,50.629204,50.629204,5788827
2012-02-02,50.629204,51.433140,50.402220,51.203581,51.203581,4961327
2012-02-03,51.203581,51.554779,51.023915,51.374514,51.374514,7131670
2012-02-06,51.374514,52.491166,51.191835,52.305178,52.305178,5426480
2012-02-07,52.305178,52.573011,52.024917,52.292686,52.292686,8925442
2012-02-08,52.292686,52.439389,51.157195,51.301116,51.301116,8203003
2012-02-09,51.301116,51.394225,50.223252,50.314570,50.314570,9310037
2012-02-10,50.314570,50.671598,50.288544,50.645401,50.645401,2680683
2012-02-13,50.645401,51.493802,50.582513,51.429939,51.429939,8927243
2012-02-14,51.429939,52.169296,51.360986,52.099446,52.099446,11053161
2012-02-15,52.099446,52.134638,51.696938,51.731882,51.731882,8343015
2012-02-16,51.731882,52.165792,51.426366,51.859522,51.859522,2913989
2012-02-17,51.859522,52.015860,51.337215,51.492446,51.492446,5738754
2012-02-20,51.492446,52.246532,51.345171,52.097527,52.097527,3976913
2012-02-21,52.097527,52.689483,52.003481,52.594540,52.594540,5394335
2012-02-22,52.594540,53.573946,52.585506,53.564745,53.564745,8028575
2012-02-23,53.564745,53.632516,53.458295,53.526017,53.526017,4006665
2012-02-24,53.526017,53.993087,53.467690,53.934315,53.934315,9700206
2012-02-27,53.934315,53.993234,52.764316,52.822020,52.822020,3923109
2012-02-28,52.822020,53.002432,52.283701,52.462887,52.462887,3778038
2012-02-29,52.462887,52.611469,51.635138,51.781791,51.781791,5263972
2012-03-01,51.781791,51.892399,50.126250,50.233551,50.233551,5817275
2012-03-02,50.233551,50.349891,49.401146,49.515825,49.515825,7617498
2012-03-05,49.515825,50.708561,49.120068,50.306486,50.306486,7570955
2012-03-06,50.306486,50.669038,50.180452,50.542414,50.542414,7005064
2012-03-07,50.542414,50.755513,49.826135,50.037104,50.037104,6021452
2012-03-08,50.037104,50.051484,49.367479,49.381671,49.381671,4191215
2012-03-09,49.381671,49.550780,48.545521,48.712338,48.712338,5004148
2012-03-12,48.712338,49.181312,48.470002,48.937853,48.937853,4597019
2012-03-13,48.937853,48.942813,48.328289,48.333187,48.333187,7246274
2012-03-14,48.333187,49.313830,48.207625,49.186051,49.186051,5946467
2012-03-15,49.186051,49.623919,48.987255,49.424160,49.424160,8607882
2012-03-16,49.424160,50.309962,49.383299,50.268403,50.268403,6339003
2012-03-19,50.268403,50.466772,48.894969,49.088683,49.088683,6205871
2012-03-20,49.088683,49.154753,48.565044,48.630497,48.630497,4005190
2012-03-21,48.630497,50.018904,48.596264,49.983718,49.983718,6786270
2012-03-22,49.983718,50.340687,48.994935,49.347359,49.347359,8628124
2012-03-23,49.347359,49.855026,49.228217,49.734949,49.734949,2893053
2012-03-26,49.734949,50.002532,48.874373,49.138750,49.138750,6519585
2012-03-27,49.138750,49.317035,48.473670,48.650183,48.650183,5464897
2012-03-28,48.650183,49.042132,47.185389,47.568625,47.568625,10140966
2012-03-29,47.568625,49.627113,47.535360,49.592433,49.592433,6743243
2012-03-30,49.592433,49.678351,48.965772,49.050751,49.050751,7364939
2012-04-02,49.050751,49.249298,48.118624,48.314189,48.314189,3902586
2012-04-03,48.314189,48.824382,48.189770,48.698972,48.698972,10438499
2012-04-04,48.698972,48.903587,47.565667,47.766364,47.766364,3714711
2012-04-05,47.766364,47.940387,47.431123,47.604557,47.604557,7006408
2012-04-06,47.604557,47.881128,47.407448,47.683692,47.683692,3667485
2012-04-09,47.683692,48.170745,47.524069,48.010031,48.010031,8601048
2012-04-10,48.010031,48.055917,47.003906,47.048874,47.048874,6469213
2012-04-11,47.048874,47.050977,46.254955,46.257023,46.257023,5354150
2012-04-12,46.257023,46.434722,46.071226,46.248894,46.248894,8988151
2012-04-13,46.248894,46.305342,44.829172,44.883954,44.883954,6093786
2012-04-16,44.883954,45.824863,44.773212,45.712077,45.712077,7028511
2012-04-17,45.712077,45.880125,45.573821,45.741779,45.741779,5337307
2012-04-18,45.741779,46.094457,45.723721,46.076267,46.076267,7335549
2012-04-19,46.076267,46.324333,45.666354,45.913544,45.913544,4420496
2012-04-20,45.913544,46.105830,45.453851,45.645012,45.645012,6140501
2012-04-23,45.645012,45.949570,44.587239,44.886737,44.886737,5297317
2012-04-24,44.886737,45.216396,44.342218,44.670287,44.670287,5944780
2012-04-25,44.670287,44.826491,44.512731,44.668930,44.668930,8126856
2012-04-26,44.668930,44.860940,44.371072,44.562625,44.562625,6438765
2012-04-27,44.562625,44.674427,42.709899,42.817322,42.817322,14117569
2012-04-30,42.817322,43.268269,42.651553,43.101401,43.101401,4430765
2012-05-01,43.101401,43.158764,42.581593,42.638340,42.638340,5395536
2012-05-02,42.638340,42.832289,42.494042,42.687823,42.687823,4530201
2012-05-03,42.687823,42.695927,42.471400,42.479465,42.479465,4578189
2012-05-04,42.479465,42.539821,42.040287,42.100104,42.100104,7863605
2012-05-07,42.100104,43.366603,41.875153,43.136115,43.136115,7252820
2012-05-08,43.136115,43.288203,41.979256,42.127788,42.127788,2972055
2012-05-09,42.127788,42.255263,40.731385,40.855008,40.855008,2794664
2012-05-10,40.855008,41.007452,40.566550,40.718484,40.718484,4320708
2012-05-11,40.718484,41.170842,40.330773,40.782521,40.782521,5927573
2012-05-14,40.782521,42.087425,40.683824,41.985817,41.985817,8332071
2012-05-15,41.985817,43.440116,41.822369,43.271663,43.271663,8175829
2012-05-16,43.271663,43.433553,42.897682,43.058776,43.058776,6077312
2012-05-17,43.058776,43.252136,42.595326,42.787468,42.787468,3615617
2012-05-18,42.787468,42.808898,41.581627,41.602464,41.602464,6652495
2012-05-21,41.602464,41.640587,40.398744,40.435798,40.435798,4233102
2012-05-22,40.435798,40.610516,39.063751,39.233273,39.233273,4088788
2012-05-23,39.233273,41.256877,39.022852,41.036783,41.036783,5442588
2012-05-24,41.036783,41.372538,40.635732,40.970949,40.970949,10333580
2012-05-25,40.970949,41.418073,40.734664,41.180580,41.180580,3063098
2012-05-28,41.180580,41.201681,40.311346,40.332012,40.332012,6631067
2012-05-29,40.332012,40.871289,40.320200,40.859322,40.859322,3233034
2012-05-30,40.859322,41.129362,40.707090,40.976693,40.976693,6185220
2012-05-31,40.976693,41.532167,40.965481,41.520805,41.520805,5354567
2012-06-01,41.520805,42.616206,41.497618,42.592420,42.592420,5319945
2012-06-04,42.592420,43.021340,42.409772,42.837640,42.837640,8699114
2012-06-05,42.837640,42.877520,41.692897,41.731747,41.731747,6652619
2012-06-06,41.731747,41.838677,41.344209,41.450417,41.450417,3901460
2012-06-07,41.450417,41.457316,40.150403,40.157086,40.157086,6007737
2012-06-08,40.157086,40.420784,39.796339,40.059395,40.059395,7170746
2012-06-11,40.059395,40.806445,39.941959,40.687169,40.687169,2338649
2012-06-12,40.687169,40.995649,40.645038,40.953242,40.953242,6172144
2012-06-13,40.953242,41.037809,40.209606,40.292809,40.292809,7557238
2012-06-14,40.292809,41.823679,39.878625,41.398133,41.398133,4043343
2012-06-15,41.398133,41.454053,41.297538,41.353399,41.353399,5695464
2012-06-18,41.353399,41.678829,41.198611,41.523404,41.523404,7703670
2012-06-19,41.523404,41.523434,40.529056,40.529085,40.529085,5970824
2012-06-20,40.529085,41.099635,40.256180,40.824739,40.824739,11367186
2012-06-21,40.824739,40.951041,39.978571,40.102639,40.102639,7728964
2012-06-22,40.102639,41.161442,40.058835,41.116531,41.116531,5034156
2012-06-25,41.116531,41.231368,40.428964,40.542197,40.542197,7571585
2012-06-26,40.542197,40.742558,40.499427,40.699621,40.699621,3888931
2012-06-27,40.699621,40.816816,39.907501,40.022747,40.022747,6454074
2012-06-28,40.022747,40.121432,40.008595,40.107251,40.107251,4768232
2012-06-29,40.107251,40.118631,38.761075,38.772076,38.772076,7616798
2012-07-02,38.772076,39.603352,38.675609,39.505061,39.505061,7458528
2012-07-03,39.505061,40.091045,39.303046,39.887076,39.887076,6022717
2012-07-04,39.887076,39.998921,39.648396,39.759884,39.759884,5367950
2012-07-05,39.759884,40.067353,39.331537,39.638065,39.638065,4272043
2012-07-06,39.638065,40.567442,39.588590,40.516871,40.516871,7584053
2012-07-09,40.516871,41.020995,40.461206,40.964716,40.964716,7440159
2012-07-10,40.964716,41.904110,40.786294,41.722389,41.722389,6202214
2012-07-11,41.722389,42.023504,41.560363,41.860940,41.860940,8393368
2012-07-12,41.860940,42.932012,41.562785,42.628391,42.628391,4040608
2012-07-13,42.628391,42.802132,42.367421,42.540805,42.540805,10328816
2012-07-16,42.540805,42.885007,42.465887,42.809616,42.809616,11563032
2012-07-17,42.809616,42.935816,42.260284,42.385233,42.385233,4758851
2012-07-18,42.385233,42.564074,42.069504,42.247766,42.247766,6883370
2012-07-19,42.247766,42.621233,42.103176,42.475862,42.475862,4208644
2012-07-20,42.475862,42.735657,42.410571,42.670067,42.670067,7527528
2012-07-23,42.670067,43.107098,41.414191,41.842749,41.842749,5700098
2012-07-24,41.842749,42.531075,41.561191,42.246799,42.246799,4201803
2012-07-25,42.246799,42.808276,41.916467,42.476151,42.476151,7716001
2012-07-26,42.476151,43.392906,42.459897,43.376307,43.376307,5619322
2012-07-27,43.376307,43.493123,42.369090,42.483501,42.483501,10655875
2012-07-30,42.483501,43.677405,42.330479,43.520648,43.520648,6591045
2012-07-31,43.520648,45.072831,43.265147,44.809762,44.809762,11823744
2012-08-01,44.809762,44.921754,43.450009,43.558875,43.558875,8160822
2012-08-02,43.558875,43.740384,43.314949,43.496197,43.496197,4180739
2012-08-03,43.496197,43.749063,41.737599,41.981660,41.981660,5924578
2012-08-06,41.981660,42.388750,41.793891,42.200004,42.200004,4186407
2012-08-07,42.200004,43.318247,42.138290,43.254990,43.254990,7425490
2012-08-08,43.254990,43.893824,43.050752,43.687543,43.687543,6346996
2012-08-09,43.687543,43.819957,43.533134,43.665481,43.665481,5324332
2012-08-10,43.665481,43.794910,42.671998,42.798858,42.798858,5256547
2012-08-13,42.798858,43.150020,42.055093,42.403008,42.403008,9439953
2012-08-14,42.403008,42.670079,42.375135,42.642049,42.642049,8592032
2012-08-15,42.642049,43.073175,41.368198,41.790716,41.790716,4745080
2012-08-16,41.790716,41.948987,40.919245,41.074805,41.074805,6500621
2012-08-17,41.074805,41.398546,41.012881,41.336227,41.336227,10642875
2012-08-20,41.336227,42.191293,41.155393,42.007522,42.007522,3313371
2012-08-21,42.007522,42.220348,41.031042,41.239979,41.239979,8542932
2012-08-22,41.239979,41.280503,40.327652,40.367319,40.367319,3886970
2012-08-23,40.367319,41.014476,40.296168,40.942311,40.942311,5575245
2012-08-24,40.942311,41.001643,40.578345,40.637235,40.637235,6248510
2012-08-27,40.637235,40.644386,40.348730,40.355832,40.355832,11307515
2012-08-28,40.355832,41.853438,40.125170,41.615577,41.615577,6898033
2012-08-29,41.615577,41.870029,41.517492,41.771577,41.771577,6576117
2012-08-30,41.771577,41.828105,41.231701,41.287574,41.287574,6761748
2012-08-31,41.287574,41.748563,41.205115,41.665349,41.665349,6848492
2012-09-03,41.665349,41.918282,40.901977,41.151792,41.151792,7181193
2012-09-04,41.151792,41.210857,40.983603,41.042511,41.042511,5723999
2012-09-05,41.042511,42.429719,40.695656,42.074145,42.074145,6712163
2012-09-06,42.074145,42.230370,41.988855,42.144936,42.144936,4672204
2012-09-07,42.144936,42.328496,41.920806,42.104188,42.104188,7525778
2012-09-10,42.104188,42.165352,40.675280,40.734455,40.734455,3079903
2012-09-11,40.734455,41.620216,40.597041,41.480287,41.480287,4662690
2012-09-12,41.480287,41.940127,41.341805,41.800576,41.800576,7812836
2012-09-13,41.800576,41.862181,41.599126,41.660525,41.660525,4329251
2012-09-14,41.660525,41.664643,40.642182,40.646199,40.646199,10980107
2012-09-17,40.646199,43.637101,40.490771,43.470871,43.470871,6090470
2012-09-18,43.470871,43.742183,40.911733,41.168676,41.168676,9369689
2012-09-19,41.168676,41.493290,41.054515,41.378547,41.378547,12480962
2012-09-20,41.378547,42.185013,41.234620,42.038790,42.038790,6455264
2012-09-21,42.038790,42.090000,41.244780,41.295084,41.295084,3991645
2012-09-24,41.295084,42.411218,40.991706,42.101913,42.101913,7710343
2012-09-25,42.101913,42.553293,42.018759,42.469414,42.469414,3277205
2012-09-26,42.469414,42.640021,42.001703,42.171112,42.171112,2203064
2012-09-27,42.171112,42.299033,41.653425,41.780161,41.780161,7215730
2012-09-28,41.780161,41.937634,40.471250,40.624367,40.624367,8159740
2012-10-01,40.624367,41.102561,40.390690,40.867485,40.867485,6397865
2012-10-02,40.867485,42.021973,40.714259,41.865006,41.865006,5855196
2012-10-03,41.865006,42.321939,41.754522,42.210544,42.210544,12123477
2012-10-04,42.210544,42.628339,42.040675,42.457477,42.457477,4011512
2012-10-05,42.457477,42.476488,41.892527,41.911293,41.911293,7047305
2012-10-08,41.911293,42.070090,40.716886,40.871744,40.871744,4223787
2012-10-09,40.871744,41.536635,40.541275,41.203483,41.203483,4078553
2012-10-10,41.203483,41.256161,41.201429,41.254104,41.254104,6308492
2012-10-11,41.254104,41.363215,41.076932,41.185863,41.185863,9565530
2012-10-12,41.185863,41.379238,40.884016,41.076879,41.076879,6058407
2012-10-15,41.076879,41.113546,40.464264,40.500416,40.500416,15877639
2012-10-16,40.500416,40.703450,40.319972,40.522906,40.522906,4653345
2012-10-17,40.522906,40.802002,40.332729,40.611409,40.611409,5190943
2012-10-18,40.611409,40.661348,40.499879,40.549743,40.549743,4506587
2012-10-19,40.549743,42.181033,40.501362,42.130767,42.130767,3998633
2012-10-22,42.130767,42.316632,41.793020,41.978212,41.978212,2844030
2012-10-23,41.978212,42.505797,41.865557,42.392031,42.392031,5656588
2012-10-24,42.392031,42.515545,42.045834,42.168697,42.168697,6733698
2012-10-25,42.168697,42.811865,41.993854,42.635088,42.635088,4847178
2012-10-26,42.635088,43.159564,42.528581,43.052015,43.052015,5470660
2012-10-29,43.052015,43.334738,42.892084,43.174353,43.174353,7212486
2012-10-30,43.174353,43.272963,42.937361,43.035654,43.035654,7596700
2012-10-31,43.035654,43.152740,42.904942,43.021991,43.021991,4810801
2012-11-01,43.021991,43.589441,42.835433,43.401238,43.401238,4454821
2012-11-02,43.401238,43.607715,43.208424,43.414840,43.414840,6925171
2012-11-05,43.414840,43.553226,43.165785,43.303818,43.303818,6349438
2012-11-06,43.303818,43.594909,42.937064,43.227643,43.227643,9440324
2012-11-07,43.227643,44.285994,43.061608,44.116546,44.116546,9948380
2012-11-08,44.116546,44.547620,43.928785,44.358828,44.358828,3921885
2012-11-09,44.358828,45.029721,44.349076,45.019823,45.019823,8140244
2012-11-12,45.019823,45.385453,45.010670,45.376227,45.376227,7726919
2012-11-13,45.376227,45.976319,44.713013,45.312258,45.312258,6287070
2012-11-14,45.312258,46.481215,45.244418,46.411729,46.411729,4875280
2012-11-15,46.411729,48.269846,46.247414,48.099556,48.099556,3648603
2012-11-16,48.099556,48.253233,47.447043,47.599120,47.599120,6515420
2012-11-19,47.599120,47.705219,47.031941,47.137010,47.137010,3714683
2012-11-20,47.137010,47.281629,46.924644,47.069054,47.069054,3139980
2012-11-21,47.069054,47.212118,46.942193,47.085213,47.085213,11401561
2012-11-22,47.085213,47.744539,47.006451,47.664808,47.664808,5681226
2012-11-23,47.664808,47.831056,47.599020,47.765130,47.765130,5050315
2012-11-26,47.765130,49.233263,47.536651,48.998882,48.998882,3888196
2012-11-27,48.998882,49.317797,48.346413,48.663143,48.663143,7170323
2012-11-28,48.663143,48.877699,47.743238,47.954670,47.954670,4940638
2012-11-29,47.954670,47.997723,47.228708,47.271147,47.271147,3243149
2012-11-30,47.271147,47.595804,47.028042,47.352282,47.352282,6579188
2012-12-03,47.352282,48.026269,47.007064,47.678670,47.678670,5098772
2012-12-04,47.678670,48.901687,47.591700,48.812649,48.812649,3803885
2012-12-05,48.812649,48.831723,47.712102,47.730754,47.730754,7941722
2012-12-06,47.730754,48.445484,47.309340,48.021503,48.021503,4700150
2012-12-07,48.021503,48.186303,47.028608,47.190556,47.190556,4665080
2012-12-10,47.190556,48.448785,47.063289,48.318476,48.318476,4934516
2012-12-11,48.318476,50.136932,48.171914,49.985313,49.985313,9660142
2012-12-12,49.985313,50.153383,49.964579,50.132588,50.132588,5615369
2012-12-13,50.132588,50.976271,50.059452,50.902013,50.902013,6580239
2012-12-14,50.902013,51.007375,50.586375,50.691301,50.691301,9175397
2012-12-17,50.691301,50.834246,49.329820,49.469319,49.469319,11925995
2012-12-18,49.469319,50.036749,49.240846,49.806717,49.806717,3654808
2012-12-19,49.806717,50.528530,49.656051,50.376141,50.376141,7339908
2012-12-20,50.376141,50.657564,49.434629,49.712344,49.712344,3053336
2012-12-21,49.712344,49.841279,48.970257,49.097599,49.097599,4565123
2012-12-24,49.097599,49.791437,49.053208,49.746460,49.746460,11205109
2012-12-25,49.746460,49.935350,48.593173,48.778388,48.778388,7238905
2012-12-26,48.778388,48.834565,48.453317,48.509184,48.509184,3453831
2012-12-27,48.509184,48.936135,48.441856,48.868308,48.868308,4711572
2012-12-28,48.868308,49.035067,46.889316,47.049870,47.049870,7039004
2012-12-31,47.049870,47.159630,46.860987,46.970562,46.970562,6299634
2013-01-01,46.970562,47.500004,45.647122,46.167512,46.167512,7983003
2013-01-02,46.167512,46.932202,45.906404,46.668262,46.668262,13440976
2013-01-03,46.668262,47.190127,46.535705,47.056468,47.056468,4568087
2013-01-04,47.056468,47.305130,46.644236,46.892030,46.892030,6793238
2013-01-07,46.892030,48.334824,46.738919,48.177516,48.177516,11076775
2013-01-08,48.177516,49.016085,48.071563,48.908524,48.908524,4924787
2013-01-09,48.908524,49.229566,48.762395,49.082917,49.082917,5136442
2013-01-10,49.082917,50.550845,48.995418,50.460890,50.460890,5146559
2013-01-11,50.460890,50.905590,48.678630,49.111437,49.111437,6773103
2013-01-14,49.111437,49.519572,48.777840,49.185471,49.185471,7531961
2013-01-15,49.185471,49.291145,48.979762,49.085220,49.085220,8732530
2013-01-16,49.085220,49.320924,49.027428,49.262923,49.262923,4610925
2013-01-17,49.262923,49.456340,48.647415,48.839168,48.839168,8844942
2013-01-18,48.839168,48.859821,48.574742,48.595291,48.595291,7893383
2013-01-21,48.595291,49.023105,48.469024,48.896057,48.896057,8181273
2013-01-22,48.896057,49.529367,48.720458,49.352130,49.352130,4905109
2013-01-23,49.352130,50.577703,48.950939,50.169864,50.169864,5814386
2013-01-24,50.169864,51.163156,50.053863,51.045131,51.045131,4462276
2013-01-25,51.045131,52.282440,50.642829,51.873607,51.873607,4800058
2013-01-28,51.873607,52.046761,51.214941,51.386468,51.386468,7388126
2013-01-29,51.386468,51.388544,50.459783,50.461821,50.461821,8423907
2013-01-30,50.461821,51.155780,50.122138,50.813728,50.813728,8431843
2013-01-31,50.813728,51.228114,50.381325,50.795562,50.795562,6141654
2013-02-01,50.795562,52.077690,50.720185,52.000524,52.000524,9294846
2013-02-04,52.000524,52.853143,51.842165,52.692676,52.692676,4387633
2013-02-05,52.692676,52.760913,52.249066,52.316815,52.316815,8397378
2013-02-06,52.316815,52.592756,49.915685,50.180358,50.180358,3282041
2013-02-07,50.180358,51.281004,49.983104,51.080213,51.080213,6106949
2013-02-08,51.080213,52.167586,50.939735,52.024511,52.024511,7244535
2013-02-11,52.024511,52.042157,50.448994,50.466111,50.466111,4743905
2013-02-12,50.466111,52.348353,50.301926,52.178596,52.178596,10015553
2013-02-13,52.178596,52.346404,51.538498,51.704782,51.704782,9315657
2013-02-14,51.704782,51.705291,51.126651,51.127154,51.127154,5204438
2013-02-15,51.127154,51.302294,50.996507,51.171533,51.171533,6430052
2013-02-18,51.171533,52.720742,50.893147,52.435480,52.435480,5198137
2013-02-19,52.435480,52.671911,50.925193,51.155854,51.155854,4083631
2013-02-20,51.155854,51.229169,50.238272,50.310376,50.310376,3999365
2013-02-21,50.310376,51.770173,50.303474,51.763072,51.763072,11620424
2013-02-22,51.763072,52.364562,51.473756,52.073512,52.073512,5490360
2013-02-25,52.073512,52.186990,51.852379,51.965623,51.965623,7378876
2013-02-26,51.965623,52.267271,50.977490,51.275131,51.275131,3635121
2013-02-27,51.275131,51.570086,50.774469,51.068235,51.068235,5366599
2013-02-28,51.068235,52.945004,50.964901,52.838089,52.838089,6935217
2013-03-01,52.838089,53.482711,52.542360,53.185040,53.185040,6105477
2013-03-04,53.185040,53.206646,51.322935,51.343793,51.343793,5332072
2013-03-05,51.343793,52.623310,51.308285,52.586941,52.586941,6857946
2013-03-06,52.586941,52.593987,50.945765,50.952591,50.952591,4996195
2013-03-07,50.952591,50.955494,50.872900,50.875798,50.875798,8015175
2013-03-08,50.875798,51.615141,50.789054,51.527286,51.527286,8696997
2013-03-11,51.527286,52.545850,51.397879,52.414217,52.414217,7781352
2013-03-12,52.414217,53.105047,52.377106,53.067473,53.067473,9452717
2013-03-13,53.067473,56.693833,52.995005,56.616517,56.616517,6044314
2013-03-14,56.616517,56.933895,56.044505,56.360447,56.360447,8442288
2013-03-15,56.360447,56.754592,56.101837,56.495362,56.495362,6207585
2013-03-18,56.495362,57.658671,56.219756,57.378756,57.378756,8183610
2013-03-19,57.378756,57.770756,56.436158,56.824371,56.824371,3732427
2013-03-20,56.824371,56.863983,56.594531,56.634011,56.634011,5522829
2013-03-21,56.634011,57.155400,56.532291,57.052928,57.052928,5792866
2013-03-22,57.052928,57.183332,56.140720,56.269333,56.269333,3618112
2013-03-25,56.269333,56.495259,55.479037,55.702689,55.702689,7527802
2013-03-26,55.702689,55.729486,55.232785,55.259369,55.259369,5073739
2013-03-27,55.259369,55.609064,54.518495,54.865700,54.865700,6328051
2013-03-28,54.865700,54.924156,53.498802,53.555863,53.555863,5387861
2013-03-29,53.555863,53.834671,53.427053,53.705501,53.705501,7041371
2013-04-01,53.705501,56.343765,53.054215,55.668672,55.668672,3486206
2013-04-02,55.668672,55.847133,54.482774,54.657995,54.657995,3923689
2013-04-03,54.657995,54.777310,54.091252,54.209588,54.209588,9355432
2013-04-04,54.209588,54.367062,53.623247,53.779471,53.779471,5608226
2013-04-05,53.779471,54.415762,53.703315,54.338814,54.338814,6473068
2013-04-08,54.338814,55.219860,54.306690,55.187235,55.187235,7534957
2013-04-09,55.187235,55.387857,55.076779,55.277220,55.277220,11475129
2013-04-10,55.277220,56.133868,55.038067,55.892055,55.892055,5178534
2013-04-11,55.892055,55.917846,55.649297,55.674989,55.674989,9760983
2013-04-12,55.674989,56.963645,55.502520,56.787730,56.787730,5870085
2013-04-15,56.787730,57.326782,56.503565,57.041348,57.041348,9107194
2013-04-16,57.041348,57.204475,56.361047,56.522691,56.522691,4198164
2013-04-17,56.522691,56.734134,56.077898,56.288465,56.288465,5255879
2013-04-18,56.288465,56.735386,54.780381,55.218809,55.218809,4036324
2013-04-19,55.218809,55.913634,54.856807,55.549464,55.549464,5588655
2013-04-22,55.549464,55.550958,55.270518,55.272004,55.272004,10752169
2013-04-23,55.272004,55.660951,54.988644,55.377052,55.377052,5033427
2013-04-24,55.377052,55.722362,53.824047,54.161779,54.161779,6393073
2013-04-25,54.161779,54.596056,53.890393,54.323858,54.323858,4009731
2013-04-26,54.323858,54.535730,52.011586,52.215235,52.215235,5109389
2013-04-29,52.215235,52.334174,51.477298,51.594824,51.594824,6220455
2013-04-30,51.594824,52.425804,51.380928,52.209360,52.209360,5954801
2013-05-01,52.209360,53.236689,52.176435,53.203136,53.203136,10396606
2013-05-02,53.203136,53.942589,53.035676,53.773333,53.773333,6410460
2013-05-03,53.773333,53.811975,53.258781,53.297080,53.297080,5073562
2013-05-06,53.297080,54.215268,53.198178,54.114849,54.114849,9422076
2013-05-07,54.114849,54.736109,53.782007,54.401505,54.401505,10094933
2013-05-08,54.401505,54.596187,52.928777,53.118870,53.118870,6074138
2013-05-09,53.118870,53.478065,51.890014,52.243288,52.243288,4753618
2013-05-10,52.243288,53.582006,51.989817,53.323295,53.323295,8857062
2013-05-13,53.323295,53.432374,53.137806,53.246729,53.246729,11321081
2013-05-14,53.246729,53.530680,52.854365,53.137735,53.137735,6630532
2013-05-15,53.137735,53.167684,52.816449,52.846234,52.846234,5386682
2013-05-16,52.846234,53.146578,52.291923,52.590815,52.590815,5817185
2013-05-17,52.590815,53.561271,52.417850,53.385692,53.385692,4600950
2013-05-20,53.385692,53.485865,51.880326,51.977857,51.977857,7279825
2013-05-21,51.977857,52.187226,51.040072,51.246495,51.246495,6358482
2013-05-22,51.246495,51.614970,51.187656,51.555777,51.555777,4754926
2013-05-23,51.555777,52.025407,51.506840,51.976071,51.976071,4723690
2013-05-24,51.976071,52.016919,51.477275,51.517762,51.517762,5630767
2013-05-27,51.517762,51.929554,51.361229,51.772248,51.772248,5581311
2013-05-28,51.772248,51.839432,50.727532,50.793446,50.793446,10177607
2013-05-29,50.793446,52.000530,50.520880,51.722975,51.722975,4280476
2013-05-30,51.722975,51.983209,51.692106,51.952203,51.952203,18672366
2013-05-31,51.952203,52.023739,51.351871,51.422677,51.422677,10879571
2013-06-03,51.422677,51.970567,51.249092,51.795722,51.795722,4579137
2013-06-04,51.795722,51.817730,51.212614,51.234383,51.234383,10810521
2013-06-05,51.234383,51.794222,51.100066,51.658793,51.658793,6822748
2013-06-06,51.658793,52.069139,50.658016,51.063634,51.063634,5666226
2013-06-07,51.063634,51.465825,50.599850,51.001553,51.001553,6348335
2013-06-10,51.001553,51.191971,49.721468,49.907803,49.907803,9993179
2013-06-11,49.907803,50.194650,49.130936,49.414950,49.414950,12503927
2013-06-12,49.414950,50.219734,49.042173,49.843723,49.843723,6256949
2013-06-13,49.843723,50.274374,49.113866,49.541909,49.541909,5495852
2013-06-14,49.541909,49.698200,49.034921,49.190102,49.190102,7241415
2013-06-17,49.190102,49.231451,48.955294,48.996480,48.996480,7554396
2013-06-18,48.996480,49.201350,48.121538,48.323594,48.323594,9098533
2013-06-19,48.323594,48.790728,48.148436,48.614517,48.614517,5854380
2013-06-20,48.614517,48.928578,48.050080,48.362514,48.362514,7721053
2013-06-21,48.362514,48.453427,46.620428,46.708231,46.708231,4012131
2013-06-24,46.708231,46.963693,46.575776,46.830890,46.830890,3800659
2013-06-25,46.830890,47.083069,45.892101,46.140563,46.140563,10579496
2013-06-26,46.140563,46.363478,44.663240,44.880066,44.880066,8904939
2013-06-27,44.880066,45.034653,44.012277,44.164400,44.164400,4260418
2013-06-28,44.164400,44.273652,44.049868,44.159108,44.159108,4700510
2013-07-01,44.159108,44.294198,43.635198,43.769096,43.769096,6082797
2013-07-02,43.769096,45.275477,43.512237,45.011329,45.011329,7921889
2013-07-03,45.011329,45.189497,44.718830,44.896544,44.896544,4918285
2013-07-04,44.896544,44.944378,44.779172,44.826932,44.826932,6133803
2013-07-05,44.826932,46.660304,44.656108,46.483168,46.483168,6973083
2013-07-08,46.483168,46.563817,46.375568,46.456170,46.456170,4335650
2013-07-09,46.456170,46.588575,45.625433,45.755842,45.755842,5201363
2013-07-10,45.755842,45.888671,45.173923,45.305445,45.305445,4234063
2013-07-11,45.305445,46.418158,45.198526,46.308872,46.308872,6907674
2013-07-12,46.308872,46.475101,46.059437,46.225367,46.225367,8510329
2013-07-15,46.225367,46.711842,45.968255,46.453462,46.453462,5840341
2013-07-16,46.453462,47.892237,46.419930,47.857691,47.857691,4548838
2013-07-17,47.857691,48.331888,47.821233,48.295096,48.295096,5828735
2013-07-18,48.295096,48.486595,47.436637,47.625481,47.625481,4383316
2013-07-19,47.625481,49.390348,47.419970,49.178137,49.178137,5779910
2013-07-22,49.178137,49.492920,49.151344,49.465971,49.465971,8786465
2013-07-23,49.465971,49.793391,48.639578,48.963673,48.963673,4396556
2013-07-24,48.963673,49.263925,48.313333,48.611426,48.611426,2588416
2013-07-25,48.611426,48.743428,47.551358,47.680833,47.680833,6684004
2013-07-26,47.680833,48.030872,47.676331,48.026338,48.026338,5775297
2013-07-29,48.026338,48.195180,47.205013,47.371553,47.371553,5086307
2013-07-30,47.371553,47.650999,46.677197,46.954181,46.954181,9122393
2013-07-31,46.954181,47.085606,44.734027,44.859589,44.859589,4028261
2013-08-01,44.859589,44.964306,43.300199,43.401513,43.401513,8444350
2013-08-02,43.401513,43.986125,43.321401,43.905084,43.905084,17250112
2013-08-05,43.905084,44.744157,43.661453,44.497240,44.497240,10067629
2013-08-06,44.497240,44.644308,44.333052,44.480063,44.480063,3174813
2013-08-07,44.480063,44.593729,43.428391,43.539654,43.539654,7505525
2013-08-08,43.539654,44.574290,43.388703,44.420286,44.420286,3765449
2013-08-09,44.420286,44.555052,43.148072,43.279376,43.279376,5842268
2013-08-12,43.279376,43.335979,42.183749,42.238991,42.238991,6813429
2013-08-13,42.238991,42.939260,42.048029,42.746005,42.746005,3080597
2013-08-14,42.746005,42.918042,42.092743,42.262836,42.262836,3322238
2013-08-15,42.262836,42.566108,42.140394,42.443144,42.443144,6577150
2013-08-16,42.443144,42.723421,42.225486,42.505444,42.505444,6421097
2013-08-19,42.505444,42.653904,42.364465,42.512901,42.512901,5811772
2013-08-20,42.512901,42.569146,42.026049,42.081724,42.081724,5580376
2013-08-21,42.081724,42.187181,41.850125,41.955266,41.955266,6776234
2013-08-22,41.955266,41.986388,41.941887,41.973003,41.973003,5079516
2013-08-23,41.973003,42.158897,41.844485,42.030204,42.030204,3825156
2013-08-26,42.030204,42.383685,42.003254,42.356526,42.356526,4311814
2013-08-27,42.356526,42.381326,42.165909,42.190612,42.190612,4153421
2013-08-28,42.190612,42.430636,41.481281,41.718620,41.718620,6684538
2013-08-29,41.718620,41.996413,41.363138,41.640410,41.640410,5484351
2013-08-30,41.640410,42.924905,41.576730,42.859361,42.859361,4251799
2013-09-02,42.859361,42.952633,42.854062,42.947324,42.947324,7248817
2013-09-03,42.947324,45.326772,42.891354,45.267778,45.267778,8066952
2013-09-04,45.267778,45.581635,45.077006,45.390347,45.390347,7601806
2013-09-05,45.390347,45.931922,45.367923,45.909242,45.909242,8707736
2013-09-06,45.909242,45.995505,45.467625,45.553219,45.553219,8835907
2013-09-09,45.553219,45.558521,44.228575,44.233723,44.233723,4645607
2013-09-10,44.233723,44.871126,44.131768,44.767940,44.767940,5632090
2013-09-11,44.767940,46.368056,44.446271,46.037267,46.037267,6949645
2013-09-12,46.037267,46.741082,45.988505,46.691627,46.691627,6557319
2013-09-13,46.691627,46.758749,46.609967,46.677068,46.677068,5167132
2013-09-16,46.677068,47.362717,46.613836,47.298644,47.298644,4257601
2013-09-17,47.298644,47.376309,47.117318,47.194813,47.194813,7714968
2013-09-18,47.194813,48.525132,47.012622,48.338526,48.338526,5917499
2013-09-19,48.338526,48.434746,48.037518,48.133330,48.133330,4590141
2013-09-20,48.133330,48.465720,47.074172,47.401508,47.401508,7099114
2013-09-23,47.401508,49.080018,46.972692,48.639998,48.639998,3374005
2013-09-24,48.639998,48.807840,48.001228,48.167439,48.167439,10733598
2013-09-25,48.167439,48.186778,47.884554,47.903787,47.903787,15345057
2013-09-26,47.903787,49.192889,47.835196,49.122552,49.122552,4974458
2013-09-27,49.122552,49.347886,48.823298,49.048292,49.048292,7023506
2013-09-30,49.048292,49.073706,49.047051,49.072464,49.072464,7416003
2013-10-01,49.072464,54.849878,48.956047,54.720063,54.720063,7905060
2013-10-02,54.720063,54.782295,54.636591,54.698799,54.698799,6208461
2013-10-03,54.698799,55.093867,53.945006,54.337464,54.337464,6160077
2013-10-04,54.337464,54.447403,51.703842,51.808663,51.808663,7862288
2013-10-07,51.808663,52.729000,51.762058,52.681609,52.681609,6165728
2013-10-08,52.681609,53.208333,52.370249,52.895708,52.895708,5664595
2013-10-09,52.895708,53.257227,52.447044,52.807963,52.807963,6733403
2013-10-10,52.807963,52.994005,51.695263,51.878028,51.878028,4979252
2013-10-11,51.878028,51.919818,50.001547,50.041858,50.041858,9347220
2013-10-14,50.041858,51.208663,49.766923,50.928854,50.928854,7688867
2013-10-15,50.928854,52.048680,50.569348,51.683844,51.683844,5030468
2013-10-16,51.683844,51.793671,50.928705,51.037157,51.037157,8651100
2013-10-17,51.037157,52.619819,50.859420,52.437206,52.437206,7609563
2013-10-18,52.437206,52.569074,51.687091,51.817401,51.817401,6093387
2013-10-21,51.817401,52.804574,51.806054,52.793013,52.793013,3274548
2013-10-22,52.793013,53.079888,52.402568,52.688877,52.688877,5549107
2013-10-23,52.688877,52.894622,52.373834,52.579151,52.579151,9657474
2013-10-24,52.579151,53.307193,52.514485,53.241712,53.241712,5743305
2013-10-25,53.241712,53.373222,52.009348,52.138132,52.138132,5334162
2013-10-28,52.138132,52.186606,52.010867,52.059268,52.059268,7038294
2013-10-29,52.059268,52.605144,51.668032,52.212754,52.212754,8241497
2013-10-30,52.212754,52.822242,50.991005,51.593261,51.593261,10860850
2013-10-31,51.593261,51.727678,51.374694,51.508890,51.508890,4196082
2013-11-01,51.508890,52.444185,51.332392,52.265096,52.265096,3709831
2013-11-04,52.265096,52.400351,51.816430,51.950871,51.950871,5918274
2013-11-05,51.950871,52.206964,51.675990,51.931989,51.931989,6268601
2013-11-06,51.931989,51.969473,50.424656,50.461078,50.461078,6323854
2013-11-07,50.461078,50.499489,50.298435,50.336752,50.336752,5550368
2013-11-08,50.336752,50.680909,49.947191,50.291035,50.291035,6482945
2013-11-11,50.291035,50.641959,50.109676,50.459991,50.459991,5578631
2013-11-12,50.459991,50.597331,49.598853,49.734217,49.734217,4631259
2013-11-13,49.734217,50.045564,48.115341,48.418451,48.418451,5738837
2013-11-14,48.418451,48.806231,46.408906,46.783593,46.783593,2985973
2013-11-15,46.783593,47.180940,46.733935,47.130914,47.130914,3830666
2013-11-18,47.130914,47.309507,46.754093,46.931932,46.931932,4342117
2013-11-19,46.931932,47.732280,46.838354,47.637296,47.637296,7522578
2013-11-20,47.637296,47.895932,46.433330,46.686806,46.686806,6620897
2013-11-21,46.686806,47.146480,46.561629,47.020408,47.020408,5051970
2013-11-22,47.020408,47.608762,46.865407,47.452337,47.452337,2787669
2013-11-25,47.452337,47.740137,47.395083,47.682605,47.682605,4543788
2013-11-26,47.682605,47.760261,47.062569,47.139341,47.139341,2746851
2013-11-27,47.139341,47.231718,46.732878,46.824639,46.824639,5543233
2013-11-28,46.824639,46.889387,46.074877,46.138676,46.138676,6326774
2013-11-29,46.138676,47.082948,46.026739,46.968996,46.968996,7011169
2013-12-02,46.968996,47.978418,46.965345,47.974689,47.974689,14453622
2013-12-03,47.974689,48.558300,47.799868,48.381994,48.381994,6711969
2013-12-04,48.381994,49.157258,48.244633,49.018091,49.018091,7030384
2013-12-05,49.018091,49.801702,48.763807,49.544687,49.544687,2775284
2013-12-06,49.544687,50.212924,49.348959,50.015336,50.015336,7009428
2013-12-09,50.015336,50.765959,49.747613,50.495664,50.495664,5769927
2013-12-10,50.495664,50.725923,49.752114,49.980021,49.980021,4956694
2013-12-11,49.980021,50.672297,49.765448,50.455682,50.455682,3514983
2013-12-12,50.455682,50.592374,49.883515,50.019025,50.019025,4485858
2013-12-13,50.019025,50.034305,49.783502,49.798715,49.798715,6801935
2013-12-16,49.798715,50.058817,47.650417,47.900605,47.900605,4016107
2013-12-17,47.900605,48.647892,47.512175,48.256576,48.256576,10148179
2013-12-18,48.256576,48.392585,47.668876,47.803609,47.803609,5275853
2013-12-19,47.803609,47.985014,46.368853,46.545484,46.545484,8604078
2013-12-20,46.545484,48.525428,46.455821,48.432131,48.432131,4077821
2013-12-23,48.432131,48.498565,47.139727,47.204477,47.204477,3327161
2013-12-24,47.204477,47.771209,47.133356,47.699342,47.699342,9486743
2013-12-25,47.699342,48.035667,47.011906,47.345737,47.345737,5703004
2013-12-26,47.345737,48.053065,47.333034,48.040175,48.040175,7346056
2013-12-27,48.040175,48.082087,47.752686,47.794384,47.794384,5694871
2013-12-30,47.794384,48.751803,47.733357,48.689634,48.689634,4492580
2013-12-31,48.689634,49.113901,48.549686,48.973139,48.973139,7856597
2014-01-01,48.973139,49.000873,48.392020,48.419441,48.419441,6273197
2014-01-02,48.419441,48.981721,48.386807,48.948730,48.948730,10636320
2014-01-03,48.948730,49.094124,48.260188,48.403964,48.403964,9877194
2014-01-06,48.403964,51.152592,48.213621,50.952228,50.952228,9765759
2014-01-07,50.952228,51.061557,50.429807,50.538249,50.538249,3460009
2014-01-08,50.538249,50.839343,50.409996,50.710653,50.710653,3972428
2014-01-09,50.710653,50.766401,49.891842,49.946750,49.946750,4846052
2014-01-10,49.946750,50.325890,49.856864,50.235484,50.235484,4351055
2014-01-13,50.235484,50.607651,48.314842,48.675451,48.675451,6942823
2014-01-14,48.675451,49.150681,48.430039,48.904116,48.904116,3847026
2014-01-15,48.904116,48.952058,48.677934,48.725701,48.725701,6249402
2014-01-16,48.725701,50.988432,48.493100,50.746186,50.746186,3997165
2014-01-17,50.746186,50.794471,49.767646,49.815045,49.815045,4491575
2014-01-20,49.815045,50.146262,48.136135,48.458331,48.458331,4937611
2014-01-21,48.458331,49.246758,48.255919,49.041908,49.041908,5319534
2014-01-22,49.041908,55.675953,49.023093,55.654601,55.654601,5781651
2014-01-23,55.654601,55.830946,55.196101,55.371550,55.371550,5640260
2014-01-24,55.371550,56.322352,55.261386,56.210520,56.210520,4574436
2014-01-27,56.210520,56.241047,54.594601,54.624267,54.624267,5639993
2014-01-28,54.624267,55.235554,54.573816,55.184585,55.184585,4793946
2014-01-29,55.184585,55.266350,54.065311,54.145537,54.145537,3973944
2014-01-30,54.145537,54.181874,53.662440,53.698477,53.698477,5108395
2014-01-31,53.698477,53.998711,53.663616,53.963678,53.963678,8762109
2014-02-03,53.963678,54.545879,53.754969,54.335732,54.335732,9017868
2014-02-04,54.335732,55.335338,53.788254,54.783349,54.783349,4827111
2014-02-05,54.783349,54.844756,53.922132,53.982640,53.982640,5407819
2014-02-06,53.982640,54.719586,53.810808,54.545961,54.545961,9742487
2014-02-07,54.545961,55.338420,54.464159,55.255554,55.255554,6660937
2014-02-10,55.255554,55.948509,55.082320,55.773650,55.773650,3430989
2014-02-11,55.773650,55.866024,55.536417,55.628550,55.628550,5752635
2014-02-12,55.628550,57.805598,55.388273,57.556991,57.556991,3615293
2014-02-13,57.556991,58.106790,57.380993,57.929652,57.929652,4489467
2014-02-14,57.929652,57.981864,57.061820,57.113296,57.113296,3336501
2014-02-17,57.113296,58.463654,57.082853,58.432508,58.432508,6067890
2014-02-18,58.432508,60.004308,57.910412,59.472916,59.472916,5169579
2014-02-19,59.472916,60.296152,56.784904,57.581965,57.581965,8468606
2014-02-20,57.581965,57.781945,55.885393,56.080157,56.080157,6862098
2014-02-21,56.080157,56.116505,55.689522,55.725640,55.725640,6465280
2014-02-24,55.725640,56.645714,55.186883,56.103305,56.103305,8826238
2014-02-25,56.103305,56.253277,55.606684,55.755726,55.755726,3237515
2014-02-26,55.755726,56.149332,55.313930,55.707194,55.707194,3817078
2014-02-27,55.707194,56.021330,55.006813,55.318759,55.318759,3980317
2014-02-28,55.318759,55.734114,54.267227,54.677769,54.677769,6271094
2014-03-03,54.677769,55.556190,54.566693,55.443558,55.443558,2716807
2014-03-04,55.443558,56.323603,55.364031,56.242930,56.242930,6669811
2014-03-05,56.242930,56.383948,55.818244,55.958549,55.958549,7671816
2014-03-06,55.958549,56.245441,55.620043,55.906669,55.906669,6322804
2014-03-07,55.906669,55.930459,54.507683,54.530888,54.530888,7251786
2014-03-10,54.530888,54.793590,53.760080,54.020323,54.020323,5854290
2014-03-11,54.020323,54.148014,53.030312,53.155960,53.155960,6843950
2014-03-12,53.155960,53.170833,52.340588,52.355238,52.355238,10241916
2014-03-13,52.355238,52.486407,51.724260,51.854174,51.854174,6135325
2014-03-14,51.854174,51.994568,51.500327,51.640141,51.640141,3686242
2014-03-17,51.640141,51.766600,51.468780,51.595129,51.595129,8915841
2014-03-18,51.595129,52.982514,51.521221,52.906727,52.906727,9361910
2014-03-19,52.906727,53.455211,52.610846,53.157925,53.157925,4127859
2014-03-20,53.157925,54.098022,52.966100,53.903507,53.903507,9053771
2014-03-21,53.903507,54.733794,53.579355,54.406616,54.406616,4252051
2014-03-24,54.406616,54.430573,53.594765,53.618375,53.618375,5263598
2014-03-25,53.618375,53.852125,52.721713,52.952560,52.952560,7939300
2014-03-26,52.952560,53.223409,52.347571,52.616702,52.616702,6088121
2014-03-27,52.616702,52.731125,51.872936,51.985987,51.985987,6692891
2014-03-28,51.985987,52.018685,51.523459,51.555886,51.555886,8516528
2014-03-31,51.555886,51.759511,51.431019,51.634454,51.634454,4672367
2014-04-01,51.634454,51.925438,50.955253,51.244038,51.244038,2026117
2014-04-02,51.244038,51.600885,49.983682,50.334195,50.334195,4241950
2014-04-03,50.334195,50.343124,49.944700,49.953562,49.953562,7390524
2014-04-04,49.953562,50.281061,49.205767,49.530491,49.530491,7479872
2014-04-07,49.530491,49.816709,47.094036,47.367756,47.367756,7380912
2014-04-08,47.367756,47.674923,47.279651,47.586412,47.586412,9548139
2014-04-09,47.586412,49.000942,47.541117,48.954345,48.954345,5520943
2014-04-10,48.954345,49.547648,48.854341,49.446639,49.446639,5448679
2014-04-11,49.446639,49.555734,48.967327,49.075604,49.075604,9870372
2014-04-14,49.075604,50.012479,48.792888,49.726016,49.726016,5615361
2014-04-15,49.726016,49.876627,48.491847,48.639165,48.639165,8614738
2014-04-16,48.639165,50.243612,48.608278,50.211726,50.211726,3491530
2014-04-17,50.211726,50.925394,50.059379,50.771350,50.771350,12157473
2014-04-18,50.771350,50.903725,50.317982,50.449518,50.449518,3123683
2014-04-21,50.449518,50.518189,50.255996,50.324496,50.324496,4474472
2014-04-22,50.324496,50.329555,48.643643,48.648533,48.648533,5274694
2014-04-23,48.648533,48.752575,48.372965,48.476640,48.476640,4432464
2014-04-24,48.476640,48.905664,48.331689,48.759866,48.759866,4194138
2014-04-25,48.759866,49.042373,48.469788,48.752251,48.752251,5003141
2014-04-28,48.752251,50.978157,48.431897,50.645363,50.645363,7175858
2014-04-29,50.645363,50.671342,50.198114,50.223876,50.223876,2906104
2014-04-30,50.223876,50.774206,50.024634,50.573577,50.573577,8859868
2014-05-01,50.573577,50.715567,50.250355,50.391835,50.391835,4755713
2014-05-02,50.391835,51.184542,50.324177,51.115912,51.115912,4491707
2014-05-05,51.115912,51.572922,50.779204,51.235426,51.235426,7004402
2014-05-06,51.235426,52.346468,51.230176,52.341105,52.341105,5277523
2014-05-07,52.341105,53.340631,52.045621,53.041195,53.041195,8649904
2014-05-08,53.041195,53.479978,52.972369,53.410672,53.410672,3780947
2014-05-09,53.410672,53.936402,53.332296,53.857371,53.857371,5336589
2014-05-12,53.857371,54.674350,53.621173,54.435616,54.435616,4337908
2014-05-13,54.435616,54.960972,53.476745,53.997876,53.997876,10250136
2014-05-14,53.997876,54.323384,53.942300,54.267530,54.267530,13089513
2014-05-15,54.267530,54.556621,53.746137,54.033984,54.033984,5511397
2014-05-16,54.033984,54.415722,53.766268,54.147444,54.147444,3081288
2014-05-19,54.147444,54.401742,53.564642,53.817390,53.817390,5002759
2014-05-20,53.817390,53.846254,52.867753,52.896123,52.896123,5365826
2014-05-21,52.896123,53.002175,51.556467,51.660041,51.660041,9263459
2014-05-22,51.660041,51.743198,51.517278,51.600339,51.600339,6644550
2014-05-23,51.600339,51.930963,50.351444,50.676146,50.676146,6165000
2014-05-26,50.676146,50.916218,50.531832,50.771631,50.771631,6470160
2014-05-27,50.771631,51.677913,50.669284,51.573949,51.573949,5240909
2014-05-28,51.573949,51.704193,51.427450,51.557654,51.557654,6305988
2014-05-29,51.557654,51.912329,51.062632,51.416334,51.416334,2868113
2014-05-30,51.416334,51.715009,51.146159,51.444685,51.444685,3839058
2014-06-02,51.444685,52.979592,51.221218,52.750454,52.750454,4828685
2014-06-03,52.750454,52.800292,52.617418,52.667178,52.667178,11156567
2014-06-04,52.667178,53.304271,52.612656,53.249147,53.249147,5311262
2014-06-05,53.249147,54.098022,53.197795,54.045901,54.045901,4514016
2014-06-06,54.045901,54.384587,53.209682,53.545231,53.545231,5535001
2014-06-09,53.545231,53.666288,52.025731,52.143619,52.143619,3361796
2014-06-10,52.143619,52.862145,51.892616,52.608901,52.608901,8436955
2014-06-11,52.608901,52.630070,50.993570,51.014097,51.014097,3988670
2014-06-12,51.014097,51.459161,50.895638,51.339945,51.339945,4841347
2014-06-13,51.339945,51.417418,50.988480,51.065539,51.065539,6187818
2014-06-16,51.065539,51.711749,50.908429,51.553139,51.553139,15894666
2014-06-17,51.553139,53.417069,51.539444,53.402882,53.402882,3799857
2014-06-18,53.402882,53.603948,52.492031,52.690414,52.690414,6052020
2014-06-19,52.690414,52.922257,52.114900,52.345224,52.345224,8181622
2014-06-20,52.345224,53.325899,52.184595,53.162762,53.162762,3595108
2014-06-23,53.162762,53.248801,52.081731,52.166157,52.166157,6847781
2014-06-24,52.166157,52.382519,51.205127,51.418388,51.418388,11073422
2014-06-25,51.418388,51.866152,51.323791,51.770906,51.770906,6166702
2014-06-26,51.770906,53.420820,51.647960,53.294256,53.294256,7094160
2014-06-27,53.294256,53.907982,52.417647,53.028310,53.028310,9110149
2014-06-30,53.028310,53.461957,52.717435,53.150366,53.150366,3766364
2014-07-01,53.150366,54.662006,52.677871,54.180354,54.180354,4509290
2014-07-02,54.180354,54.264682,53.093493,53.176257,53.176257,5660678
2014-07-03,53.176257,54.394482,52.969253,54.183556,54.183556,2817340
2014-07-04,54.183556,54.631045,53.342983,53.787198,53.787198,9932028
2014-07-07,53.787198,54.125123,53.511304,53.848913,53.848913,8669138
2014-07-08,53.848913,54.087749,52.274779,52.507666,52.507666,8070828
2014-07-09,52.507666,53.100817,52.361077,52.952985,52.952985,4406593
2014-07-10,52.952985,53.290514,52.938102,53.275541,53.275541,7059050
2014-07-11,53.275541,54.074612,53.171920,53.969640,53.969640,4029540
2014-07-14,53.969640,54.148390,53.037267,53.213513,53.213513,6367856
2014-07-15,53.213513,54.206589,53.202144,54.195010,54.195010,7682276
2014-07-16,54.195010,54.238944,52.765696,52.808506,52.808506,9638920
2014-07-17,52.808506,52.914630,50.561159,50.662971,50.662971,8185834
2014-07-18,50.662971,50.801106,49.320050,49.454891,49.454891,4547618
2014-07-21,49.454891,50.277133,49.337194,50.157763,50.157763,8676733
2014-07-22,50.157763,50.715165,50.017305,50.573543,50.573543,5895855
2014-07-23,50.573543,50.834807,50.285047,50.546169,50.546169,3909426
2014-07-24,50.546169,50.602989,48.697490,48.752294,48.752294,5791801
2014-07-25,48.752294,50.054980,48.316697,49.611705,49.611705,7131947
2014-07-28,49.611705,49.867307,48.322714,48.572965,48.572965,3872551
2014-07-29,48.572965,48.825824,47.220856,47.467962,47.467962,9663822
2014-07-30,47.467962,47.669818,47.401967,47.603634,47.603634,3665869
2014-07-31,47.603634,49.361592,47.400560,49.151912,49.151912,5547845
2014-08-01,49.151912,49.262063,48.642193,48.751446,48.751446,4803848
2014-08-04,48.751446,48.888654,48.173906,48.309871,48.309871,3616681
2014-08-05,48.309871,48.557831,48.287488,48.535343,48.535343,4090882
2014-08-06,48.535343,48.599439,48.003536,48.067013,48.067013,10272060
2014-08-07,48.067013,48.290186,47.521479,47.743149,47.743149,6917208
2014-08-08,47.743149,47.861026,47.465782,47.583264,47.583264,6737480
2014-08-11,47.583264,47.613296,46.659681,46.689148,46.689148,7605476
2014-08-12,46.689148,46.945927,46.135833,46.390973,46.390973,7957417
2014-08-13,46.390973,46.727600,46.126691,46.462909,46.462909,11431461
2014-08-14,46.462909,48.047876,46.319844,47.900385,47.900385,7548426
2014-08-15,47.900385,48.247219,47.697950,48.044176,48.044176,4860265
2014-08-18,48.044176,49.278962,48.034400,49.268937,49.268937,8655209
2014-08-19,49.268937,49.515259,48.754407,48.999381,48.999381,7288691
2014-08-20,48.999381,49.011770,48.729317,48.741641,48.741641,3662041
2014-08-21,48.741641,48.823629,47.560299,47.640434,47.640434,6287391
2014-08-22,47.640434,48.514364,47.634354,48.508173,48.508173,3734869
2014-08-25,48.508173,48.542448,48.460545,48.494810,48.494810,7602827
2014-08-26,48.494810,48.983999,48.347499,48.835653,48.835653,12523990
2014-08-27,48.835653,49.625574,48.554529,49.341539,49.341539,9626166
2014-08-28,49.341539,49.413200,49.176389,49.247914,49.247914,5206329
2014-08-29,49.247914,49.490419,48.726348,48.967473,48.967473,4569114
2014-09-01,48.967473,49.034649,47.880658,47.946434,47.946434,3782506
2014-09-02,47.946434,49.503136,47.846324,49.399991,49.399991,10285589
2014-09-03,49.399991,49.640250,48.499584,48.736617,48.736617,5619793
2014-09-04,48.736617,50.158666,48.704651,50.125790,50.125790,4302484
2014-09-05,50.125790,50.681910,49.991056,50.546047,50.546047,9171232
2014-09-08,50.546047,51.127399,50.481942,51.062639,51.062639,8200922
2014-09-09,51.062639,52.350134,50.792246,52.074383,52.074383,4940488
2014-09-10,52.074383,52.402934,51.973454,52.301565,52.301565,8491476
2014-09-11,52.301565,52.589485,51.177222,51.460512,51.460512,8805835
2014-09-12,51.460512,51.499534,50.772363,50.810892,50.810892,8841898
2014-09-15,50.810892,51.077502,50.437161,50.703206,50.703206,4784597
2014-09-16,50.703206,50.987321,49.125644,49.402471,49.402471,8451551
2014-09-17,49.402471,49.876291,49.187748,49.660446,49.660446,8562702
2014-09-18,49.660446,50.817943,49.421092,50.574184,50.574184,8708495
2014-09-19,50.574184,52.090177,50.407468,51.919028,51.919028,6998473
2014-09-22,51.919028,52.551916,51.802260,52.433989,52.433989,6418932
2014-09-23,52.433989,54.396255,52.338316,54.297183,54.297183,9900871
2014-09-24,54.297183,55.589054,54.064246,55.351594,55.351594,3582808
2014-09-25,55.351594,55.765263,55.219947,55.632948,55.632948,8111123
2014-09-26,55.632948,56.178985,55.560697,56.106120,56.106120,13000801
2014-09-29,56.106120,56.908744,54.563818,55.355707,55.355707,6654539
2014-09-30,55.355707,56.694387,55.305908,56.643429,56.643429,8928241
2014-10-01,56.643429,58.631370,56.258562,58.235684,58.235684,8206311
2014-10-02,58.235684,58.307139,57.949172,58.020363,58.020363,6505617
2014-10-03,58.020363,58.049293,57.484849,57.513526,57.513526,5574270
2014-10-06,57.513526,57.836154,57.135177,57.457490,57.457490,5589849
2014-10-07,57.457490,58.056124,56.760371,57.357967,57.357967,5982309
2014-10-08,57.357967,57.387199,56.784162,56.813116,56.813116,6964372
2014-10-09,56.813116,56.979510,56.162366,56.327337,56.327337,7292943
2014-10-10,56.327337,56.615079,56.136105,56.423520,56.423520,4506548
2014-10-13,56.423520,56.793869,55.138401,55.502706,55.502706,6238356
2014-10-14,55.502706,55.862463,52.936817,53.282180,53.282180,4519841
2014-10-15,53.282180,53.321746,51.776762,51.815239,51.815239,8575314
2014-10-16,51.815239,52.113789,50.826623,51.121174,51.121174,3893191
2014-10-17,51.121174,51.277002,50.621862,50.776639,50.776639,2641658
2014-10-20,50.776639,53.193115,50.570161,52.977686,52.977686,4459546
2014-10-21,52.977686,53.234372,52.856860,53.113237,53.113237,6172414
2014-10-22,53.113237,54.400069,52.982472,54.266465,54.266465,6370481
2014-10-23,54.266465,54.650851,54.146243,54.530045,54.530045,7446704
2014-10-24,54.530045,54.961873,54.223438,54.654565,54.654565,9561525
2014-10-27,54.654565,54.738365,53.781221,53.863808,53.863808,4814329
2014-10-28,53.863808,53.952456,53.727952,53.816522,53.816522,4574915
2014-10-29,53.816522,53.875202,52.926053,52.983825,52.983825,4576443
2014-10-30,52.983825,53.055840,52.665508,52.737188,52.737188,8810771
2014-10-31,52.737188,54.461210,52.507647,54.225193,54.225193,9489053
2014-11-03,54.225193,54.284117,53.595183,53.653486,53.653486,6444229
2014-11-04,53.653486,54.550649,53.571074,54.466988,54.466988,6396101
2014-11-05,54.466988,55.100867,54.385723,55.018779,55.018779,5645875
2014-11-06,55.018779,56.445738,54.857686,56.280949,56.280949,3972473
2014-11-07,56.280949,57.727456,56.260766,57.706761,57.706761,4004718
2014-11-10,57.706761,57.987712,56.961066,57.239744,57.239744,6744616
2014-11-11,57.239744,57.463878,57.130480,57.354395,57.354395,11841618
2014-11-12,57.354395,57.416666,56.712998,56.774639,56.774639,5710575
2014-11-13,56.774639,56.794849,55.385460,55.405183,55.405183,6184063
2014-11-14,55.405183,56.272794,55.276159,56.142055,56.142055,3933531
2014-11-17,56.142055,56.366766,55.695771,55.919593,55.919593,8016307
2014-11-18,55.919593,55.961945,55.841202,55.883527,55.883527,4942990
2014-11-19,55.883527,56.364906,55.759028,56.239613,56.239613,4926872
2014-11-20,56.239613,56.323400,55.957956,56.041448,56.041448,10435523
2014-11-21,56.041448,56.730626,55.976612,56.665068,56.665068,7490167
2014-11-24,56.665068,57.350180,56.235490,56.918679,56.918679,5971926
2014-11-25,56.918679,58.757449,56.659361,58.490969,58.490969,6944121
2014-11-26,58.490969,58.822458,58.434781,58.766007,58.766007,4964911
2014-11-27,58.766007,59.931500,58.417581,59.578259,59.578259,9271902
2014-11-28,59.578259,60.987581,59.188980,60.591680,60.591680,7265803
2014-12-01,60.591680,60.742445,56.829106,56.970862,56.970862,9768537
2014-12-02,56.970862,57.432887,56.839272,57.300536,57.300536,7888758
2014-12-03,57.300536,58.575638,56.996066,58.266038,58.266038,6516913
2014-12-04,58.266038,59.434309,58.011502,59.175799,59.175799,3310470
2014-12-05,59.175799,60.295868,58.948290,60.064940,60.064940,5311173
2014-12-08,60.064940,60.385916,59.432401,59.751703,59.751703,8178672
2014-12-09,59.751703,59.774377,58.990791,59.013185,59.013185,7024054
2014-12-10,59.013185,59.015324,58.639458,58.641584,58.641584,5419417
2014-12-11,58.641584,60.697415,58.250382,60.295181,60.295181,3784639
2014-12-12,60.295181,60.762467,60.280399,60.747574,60.747574,8995178
2014-12-15,60.747574,61.055230,60.685427,60.992832,60.992832,4943123
2014-12-16,60.992832,61.109794,58.698728,58.811507,58.811507,6888239
2014-12-17,58.811507,58.957298,58.619160,58.764835,58.764835,5485364
2014-12-18,58.764835,58.848772,57.271885,57.353806,57.353806,5238078
2014-12-19,57.353806,57.616666,56.705482,56.966567,56.966567,7115836
2014-12-22,56.966567,57.803731,56.884631,57.720710,57.720710,4101381
2014-12-23,57.720710,58.958708,57.700022,58.937584,58.937584,5918862
2014-12-24,58.937584,59.053308,56.889677,57.001600,57.001600,7214945
2014-12-25,57.001600,57.408689,56.918578,57.325196,57.325196,9954865
2014-12-26,57.325196,57.931234,56.410782,57.013525,57.013525,6917318
2014-12-29,57.013525,57.300271,56.613873,56.900049,56.900049,3832569
2014-12-30,56.900049,57.173262,56.331009,56.602795,56.602795,6040094
2014-12-31,56.602795,57.051341,56.281655,56.729482,56.729482,4930184
2015-01-01,56.729482,56.892740,56.038870,56.200606,56.200606,6645708
2015-01-02,56.200606,56.490954,55.318231,55.605504,55.605504,4254475
2015-01-05,55.605504,57.010165,55.427184,56.827926,56.827926,9960273
2015-01-06,56.827926,56.950930,56.354481,56.476725,56.476725,4346751
2015-01-07,56.476725,58.258859,56.258315,58.034424,58.034424,2981181
2015-01-08,58.034424,58.102993,57.815357,57.883747,57.883747,6431378
2015-01-09,57.883747,58.183758,57.868816,58.168754,58.168754,6739134
2015-01-12,58.168754,58.738354,57.930765,58.499014,58.499014,4842840
2015-01-13,58.499014,58.609871,57.888814,57.998724,57.998724,13323544
2015-01-14,57.998724,58.718693,57.890476,58.609305,58.609305,6321941
2015-01-15,58.609305,58.798762,58.344097,58.533308,58.533308,3887058
2015-01-16,58.533308,58.769663,57.954021,58.188985,58.188985,5449486
2015-01-19,58.188985,58.375072,57.654669,57.839639,57.839639,6307799
2015-01-20,57.839639,58.202293,57.788662,58.151042,58.151042,12310092
2015-01-21,58.151042,58.180223,58.018704,58.047833,58.047833,3673709
2015-01-22,58.047833,59.001440,57.947847,58.899986,58.899986,3753867
2015-01-23,58.899986,59.409830,57.777140,58.281631,58.281631,8261504
2015-01-26,58.281631,59.502337,58.022661,59.239113,59.239113,5329408
2015-01-27,59.239113,59.432111,58.985309,59.178109,59.178109,8526611
2015-01-28,59.178109,60.743443,58.759028,60.316302,60.316302,7174224
2015-01-29,60.316302,61.293665,59.921783,60.895358,60.895358,4382698
2015-01-30,60.895358,61.741534,60.835834,61.681241,61.681241,7801273
2015-02-02,61.681241,61.826381,61.044345,61.188325,61.188325,4578291
2015-02-03,61.188325,61.969421,61.030277,61.809768,61.809768,6843482
2015-02-04,61.809768,62.176501,61.782702,62.149286,62.149286,7378729
2015-02-05,62.149286,62.343045,60.602642,60.792170,60.792170,8408763
2015-02-06,60.792170,62.502796,60.454996,62.158046,62.158046,4539661
2015-02-09,62.158046,62.739928,61.919550,62.500119,62.500119,9057446
2015-02-10,62.500119,63.119665,62.355011,62.973458,62.973458,4136132
2015-02-11,62.973458,64.057292,62.585518,63.665091,63.665091,4146512
2015-02-12,63.665091,64.003802,61.918980,62.250163,62.250163,3358847
2015-02-13,62.250163,62.455626,61.933267,62.138361,62.138361,5419329
2015-02-16,62.138361,63.745187,61.991588,63.594974,63.594974,7980293
2015-02-17,63.594974,64.891161,63.227765,64.518619,64.518619,5704803
2015-02-18,64.518619,64.805523,64.353393,64.639986,64.639986,4024009
2015-02-19,64.639986,65.405589,64.637920,65.403499,65.403499,5227932
2015-02-20,65.403499,65.449335,65.323407,65.369219,65.369219,7005106
2015-02-23,65.369219,65.371219,65.221867,65.223863,65.223863,10717513
2015-02-24,65.223863,65.678100,65.118060,65.571732,65.571732,6928000
2015-02-25,65.571732,65.697982,65.534057,65.660256,65.660256,4455325
2015-02-26,65.660256,68.564537,65.541836,68.441102,68.441102,8074368
2015-02-27,68.441102,68.523363,68.085206,68.167138,68.167138,4287378
2015-03-02,68.167138,68.535768,67.175576,67.540819,67.540819,3868356
2015-03-03,67.540819,67.714012,67.189450,67.362185,67.362185,10662315
2015-03-04,67.362185,68.129545,66.360715,67.125378,67.125378,4095063
2015-03-05,67.125378,67.734329,67.020884,67.629051,67.629051,4190552
2015-03-06,67.629051,68.078933,67.410768,67.859904,67.859904,14342932
2015-03-09,67.859904,70.152777,67.725124,70.013719,70.013719,3355988
2015-03-10,70.013719,70.104431,68.862965,68.952302,68.952302,8130851
2015-03-11,68.952302,69.803824,68.449360,69.298358,69.298358,3435535
2015-03-12,69.298358,69.407029,68.764277,68.872280,68.872280,10714402
2015-03-13,68.872280,68.914788,67.771342,67.813196,67.813196,9300099
2015-03-16,67.813196,67.831767,66.530428,66.548653,66.548653,4748580
2015-03-17,66.548653,68.985963,66.519553,68.955810,68.955810,4444222
2015-03-18,68.955810,68.962183,67.835522,67.841791,67.841791,7427166
2015-03-19,67.841791,69.213294,67.223575,68.588275,68.588275,7426483
2015-03-20,68.588275,70.514197,68.318032,70.237456,70.237456,6123467
2015-03-23,70.237456,70.405167,69.969210,70.136681,70.136681,5030590
2015-03-24,70.136681,70.381973,68.756698,68.998008,68.998008,6135196
2015-03-25,68.998008,69.915179,68.967252,69.884029,69.884029,5501253
2015-03-26,69.884029,69.926813,69.585426,69.628053,69.628053,4031973
2015-03-27,69.628053,69.689916,69.295678,69.357301,69.357301,7386711
2015-03-30,69.357301,70.940962,69.140154,70.719550,70.719550,3021354
2015-03-31,70.719550,71.067861,68.523978,68.863146,68.863146,6751287
2015-04-01,68.863146,69.133489,67.534224,67.800394,67.800394,4774848
2015-04-02,67.800394,67.898493,67.120288,67.217543,67.217543,8850688
2015-04-03,67.217543,68.744452,66.693470,68.212620,68.212620,7968730
2015-04-06,68.212620,69.598049,67.891866,69.272312,69.272312,5362240
2015-04-07,69.272312,69.396140,67.178801,67.299102,67.299102,4923750
2015-04-08,67.299102,67.357016,66.018599,66.075460,66.075460,6603273
2015-04-09,66.075460,66.833151,66.058813,66.816317,66.816317,5023946
2015-04-10,66.816317,68.576161,66.597789,68.352608,68.352608,5765349
2015-04-13,68.352608,68.711330,68.079218,68.437599,68.437599,5297687
2015-04-14,68.437599,68.627716,67.188823,67.375990,67.375990,3884225
2015-04-15,67.375990,68.057294,67.147559,67.827333,67.827333,5043132
2015-04-16,67.827333,68.875598,67.825652,68.873891,68.873891,10277237
2015-04-17,68.873891,69.284515,68.159635,68.568438,68.568438,7308060
2015-04-20,68.568438,69.966280,68.145852,69.537720,69.537720,5565673
2015-04-21,69.537720,70.046901,68.136224,68.638823,68.638823,6332743
2015-04-22,68.638823,68.678471,68.346873,68.386376,68.386376,3954494
2015-04-23,68.386376,68.561475,67.964404,68.138868,68.138868,5716885
2015-04-24,68.138868,69.158590,67.946484,68.963876,68.963876,7920795
2015-04-27,68.963876,71.090998,68.850894,70.974722,70.974722,3517615
2015-04-28,70.974722,71.051389,70.792407,70.868960,70.868960,6894388
2015-04-29,70.868960,70.904359,70.523572,70.558816,70.558816,7932383
2015-04-30,70.558816,70.703867,69.048477,69.190716,69.190716,6932147
2015-05-01,69.190716,70.403750,68.949984,70.159647,70.159647,6219768
2015-05-04,70.159647,71.472028,69.610538,70.916992,70.916992,8884255
2015-05-05,70.916992,74.079659,70.809414,73.967453,73.967453,5384115
2015-05-06,73.967453,74.388839,73.905407,74.326491,74.326491,8441146
2015-05-07,74.326491,74.440796,73.286710,73.399589,73.399589,7251781
2015-05-08,73.399589,73.461899,72.684850,72.746606,72.746606,5717808
2015-05-11,72.746606,72.839085,71.346140,71.436955,71.436955,4651754
2015-05-12,71.436955,73.111119,71.279827,72.950662,72.950662,5626457
2015-05-13,72.950662,73.870198,72.595833,73.512636,73.512636,5144701
2015-05-14,73.512636,73.909280,73.161507,73.557935,73.557935,7441171
2015-05-15,73.557935,74.055542,73.504422,74.001707,74.001707,7064254
2015-05-18,74.001707,74.707663,73.913467,74.618687,74.618687,7323639
2015-05-19,74.618687,76.549843,74.427836,76.354552,76.354552,3704998
2015-05-20,76.354552,77.784957,76.182307,77.609880,77.609880,3784163
2015-05-21,77.609880,77.906148,77.229153,77.525097,77.525097,4057737
2015-05-22,77.525097,78.294772,77.154641,77.922417,77.922417,4876828
2015-05-25,77.922417,78.342661,77.132008,77.550245,77.550245,9155161
2015-05-26,77.550245,77.744713,76.646583,76.839268,76.839268,4797501
2015-05-27,76.839268,81.703789,76.823788,81.687333,81.687333,9062931
2015-05-28,81.687333,83.371134,81.670305,83.353759,83.353759,5607151
2015-05-29,83.353759,83.488467,81.501279,81.633206,81.633206,4598396
2015-06-01,81.633206,81.868995,79.570063,79.800559,79.800559,9373646
2015-06-02,79.800559,81.906551,79.693325,81.796635,81.796635,3114243
2015-06-03,81.796635,83.506882,81.727226,83.436082,83.436082,5989968
2015-06-04,83.436082,83.484608,83.410204,83.458722,83.458722,6175064
2015-06-05,83.458722,83.912766,82.940875,83.394569,83.394569,9816067
2015-06-08,83.394569,86.195587,83.075872,85.867440,85.867440,5651500
2015-06-09,85.867440,86.076588,85.781750,85.990774,85.990774,3825458
2015-06-10,85.990774,88.665971,85.945871,88.619694,88.619694,4389130
2015-06-11,88.619694,90.681625,88.222469,90.276970,90.276970,5244718
2015-06-12,90.276970,91.024095,87.857595,88.590765,88.590765,4742191
2015-06-15,88.590765,91.396406,88.290500,91.087678,91.087678,7559847
2015-06-16,91.087678,91.381259,89.973290,90.264217,90.264217,4763686
2015-06-17,90.264217,91.333778,90.097065,91.164958,91.164958,6394361
2015-06-18,91.164958,91.360676,89.826445,90.019704,90.019704,4974327
2015-06-19,90.019704,90.136511,88.299225,88.413948,88.413948,6003767
2015-06-22,88.413948,88.438487,87.216832,87.241046,87.241046,8198369
2015-06-23,87.241046,90.566812,86.954682,90.270503,90.270503,5186712
2015-06-24,90.270503,90.520750,89.209731,89.457724,89.457724,8528402
2015-06-25,89.457724,90.464500,88.792892,89.797145,89.797145,5636832
2015-06-26,89.797145,90.418534,88.270914,88.885998,88.885998,4123500
2015-06-29,88.885998,89.309732,86.068468,86.480736,86.480736,4670399
2015-06-30,86.480736,87.053890,86.398636,86.971325,86.971325,4519466
2015-07-01,86.971325,87.481445,85.462866,85.967096,85.967096,4264719
2015-07-02,85.967096,86.448199,82.523821,82.988254,82.988254,3728831
2015-07-03,82.988254,83.332324,79.964107,80.297019,80.297019,12253108
2015-07-06,80.297019,80.383813,79.953307,80.039823,80.039823,5024744
2015-07-07,80.039823,80.274790,79.368347,79.602029,79.602029,6398820
2015-07-08,79.602029,79.768645,79.580277,79.746854,79.746854,13863844
2015-07-09,79.746854,80.199540,77.941598,78.386563,78.386563,7307668
2015-07-10,78.386563,78.748949,77.399746,77.759231,77.759231,4092361
2015-07-13,77.759231,78.539854,77.552753,78.331855,78.331855,5700755
2015-07-14,78.331855,78.905096,78.239112,78.811784,78.811784,4957840
2015-07-15,78.811784,79.150764,78.317806,78.656116,78.656116,6241914
2015-07-16,78.656116,78.766553,77.219886,77.328459,77.328459,3329423
2015-07-17,77.328459,77.360003,75.121197,75.151853,75.151853,6099578
2015-07-20,75.151853,75.153532,74.876899,74.878572,74.878572,7668868
2015-07-21,74.878572,76.136955,74.500452,75.754413,75.754413,3489767
2015-07-22,75.754413,76.558490,75.421130,76.223145,76.223145,8447724
2015-07-23,76.223145,76.436459,75.359659,75.571149,75.571149,7134054
2015-07-24,75.571149,76.248304,75.142845,75.818597,75.818597,6592139
2015-07-27,75.818597,76.329238,75.659259,76.169163,76.169163,10797060
2015-07-28,76.169163,76.729328,75.836241,76.395417,76.395417,5919925
2015-07-29,76.395417,76.619240,75.146789,75.367600,75.367600,5335249
2015-07-30,75.367600,75.839917,74.070669,74.537786,74.537786,6643280
2015-07-31,74.537786,77.272132,74.301079,77.027519,77.027519,14628889
2015-08-03,77.027519,77.227828,76.505755,76.705226,76.705226,3677322
2015-08-04,76.705226,77.505700,76.096252,76.895217,76.895217,4966940
2015-08-05,76.895217,77.003753,74.699704,74.805290,74.805290,9524859
2015-08-06,74.805290,74.867613,74.217599,74.279484,74.279484,6866854
2015-08-07,74.279484,75.176420,74.193749,75.089748,75.089748,7936041
2015-08-10,75.089748,75.273765,72.926629,73.105783,73.105783,8409384
2015-08-11,73.105783,73.341431,71.082763,71.312631,71.312631,4091046
2015-08-12,71.312631,71.380162,69.511712,69.577600,69.577600,4926739
2015-08-13,69.577600,72.533389,69.026083,71.962964,71.962964,5522553
2015-08-14,71.962964,74.594717,71.815240,74.441904,74.441904,8620980
2015-08-17,74.441904,74.944619,74.407446,74.909943,74.909943,9295772
2015-08-18,74.909943,74.972944,74.226663,74.289142,74.289142,8705514
2015-08-19,74.289142,75.476396,74.025386,75.209372,75.209372,3298322
2015-08-20,75.209372,75.490917,74.275824,74.554919,74.554919,6925396
2015-08-21,74.554919,75.834009,74.009238,75.282999,75.282999,8380726
2015-08-24,75.282999,76.157021,74.901972,75.773511,75.773511,4647151
2015-08-25,75.773511,75.865878,73.405447,73.495036,73.495036,12833224
2015-08-26,73.495036,74.157677,70.789301,71.433354,71.433354,7516216
2015-08-27,71.433354,71.434282,71.260293,71.261219,71.261219,5171770
2015-08-28,71.261219,71.574404,69.285719,69.591566,69.591566,6716776
2015-08-31,69.591566,69.653280,67.228264,67.287934,67.287934,5850292
2015-09-01,67.287934,67.538330,66.037298,66.283957,66.283957,7306647
2015-09-02,66.283957,67.169431,65.849195,66.731731,66.731731,4275356
2015-09-03,66.731731,66.794428,65.286490,65.347887,65.347887,5901497
2015-09-04,65.347887,65.461891,64.936533,65.050018,65.050018,8406947
2015-09-07,65.050018,66.074803,64.632162,65.653073,65.653073,4510841
2015-09-08,65.653073,65.746079,64.477258,64.568728,64.568728,4963284
2015-09-09,64.568728,64.596652,64.106587,64.134323,64.134323,6709973
2015-09-10,64.134323,64.749171,63.772688,64.386117,64.386117,8320236
2015-09-11,64.386117,65.001265,64.152015,64.765782,64.765782,6160471
2015-09-14,64.765782,65.443899,64.621871,65.298804,65.298804,4678123
2015-09-15,65.298804,66.001306,64.861070,65.561810,65.561810,6615339
2015-09-16,65.561810,65.762372,62.735175,62.927679,62.927679,4302008
2015-09-17,62.927679,63.677195,62.542973,63.290273,63.290273,4331010
2015-09-18,63.290273,63.669753,61.854664,62.227773,62.227773,8507696
2015-09-21,62.227773,63.795942,62.149581,63.715879,63.715879,4440458
2015-09-22,63.715879,63.776675,63.443123,63.503717,63.503717,5428626
2015-09-23,63.503717,65.020135,63.350920,64.864065,64.864065,5747708
2015-09-24,64.864065,65.676714,64.540141,65.350362,65.350362,10794323
2015-09-25,65.350362,65.431805,64.957061,65.038115,65.038115,6261057
2015-09-28,65.038115,66.169233,64.821259,65.949339,65.949339,7287200
2015-09-29,65.949339,65.982911,65.316038,65.349305,65.349305,8714985
2015-09-30,65.349305,65.388844,64.318647,64.357586,64.357586,12857398
2015-10-01,64.357586,65.606509,64.057418,65.301936,65.301936,4013239
2015-10-02,65.301936,65.309607,64.135016,64.142550,64.142550,5650317
2015-10-05,64.142550,66.250414,64.061973,66.167294,66.167294,10615875
2015-10-06,66.167294,66.413420,66.091502,66.337433,66.337433,5831443
2015-10-07,66.337433,66.431934,65.056179,65.148987,65.148987,7931634
2015-10-08,65.148987,65.640006,61.786522,62.255734,62.255734,5179817
2015-10-09,62.255734,62.685279,62.222964,62.652301,62.652301,4726744
2015-10-12,62.652301,63.109613,62.457627,62.914126,62.914126,13281940
2015-10-13,62.914126,63.283787,62.683867,63.053019,63.053019,11992310
2015-10-14,63.053019,65.087640,63.035689,65.069755,65.069755,5481872
2015-10-15,65.069755,65.500661,65.038414,65.469128,65.469128,3618259
2015-10-16,65.469128,70.533984,65.000057,70.032220,70.032220,5168792
2015-10-19,70.032220,70.136691,68.068434,68.170127,68.170127,7092225
2015-10-20,68.170127,69.470885,68.078714,69.377853,69.377853,7835115
2015-10-21,69.377853,69.470440,67.963807,68.054628,68.054628,2807062
2015-10-22,68.054628,68.065545,67.986021,67.996928,67.996928,5868723
2015-10-23,67.996928,67.997895,67.291214,67.292170,67.292170,8562100
2015-10-26,67.292170,67.598219,64.568364,64.863366,64.863366,4519362
2015-10-27,64.863366,65.488902,64.832132,65.457381,65.457381,12548358
2015-10-28,65.457381,65.979972,65.452193,65.974742,65.974742,3718035
2015-10-29,65.974742,66.705093,65.851655,66.580876,66.580876,4190159
2015-10-30,66.580876,66.851650,64.803502,65.068124,65.068124,5948825
2015-11-02,65.068124,65.274908,63.057800,63.258834,63.258834,3835015
2015-11-03,63.258834,63.782678,63.201243,63.724663,63.724663,5255569
2015-11-04,63.724663,63.928634,62.641369,62.842516,62.842516,5243041
2015-11-05,62.842516,64.050655,62.792261,63.999475,63.999475,5907599
2015-11-06,63.999475,64.417235,63.467792,63.884804,63.884804,7471634
2015-11-09,63.884804,65.109042,63.772830,64.995122,64.995122,3196398
2015-11-10,64.995122,65.129955,64.713487,64.848015,64.848015,8795492
2015-11-11,64.848015,65.152164,63.849695,64.150573,64.150573,4109072
2015-11-12,64.150573,65.629283,64.148293,65.626950,65.626950,6213038
2015-11-13,65.626950,66.190476,65.476276,66.038856,66.038856,4527099
2015-11-16,66.038856,66.971770,65.688849,66.618690,66.618690,10040867
2015-11-17,66.618690,66.652338,66.475766,66.509359,66.509359,9297076
2015-11-18,66.509359,66.737815,65.592140,65.818222,65.818222,8147082
2015-11-19,65.818222,66.234385,64.495377,64.905772,64.905772,5679323
2015-11-20,64.905772,65.431450,64.511184,65.036070,65.036070,5971030
2015-11-23,65.036070,65.582346,63.277016,63.813019,63.813019,4110845
2015-11-24,63.813019,64.309719,63.208289,63.704142,63.704142,4548859
2015-11-25,63.704142,64.602603,63.696392,64.594744,64.594744,7449995
2015-11-26,64.594744,65.103993,63.944277,64.452404,64.452404,3307694
2015-11-27,64.452404,64.655604,63.420537,63.621117,63.621117,5321799
2015-11-30,63.621117,64.531937,63.547998,64.457857,64.457857,6285961
2015-12-01,64.457857,65.894544,63.605241,65.034302,65.034302,6154673
2015-12-02,65.034302,65.493117,64.763211,65.221246,65.221246,4498331
2015-12-03,65.221246,65.866577,63.801223,64.438811,64.438811,8603460
2015-12-04,64.438811,65.385145,64.398139,65.343901,65.343901,5721719
2015-12-07,65.343901,65.546323,62.691966,62.886776,62.886776,10526247
2015-12-08,62.886776,63.060413,61.762599,61.933605,61.933605,4100620
2015-12-09,61.933605,63.271853,61.585253,62.917965,62.917965,6358244
2015-12-10,62.917965,63.049202,60.192646,60.318462,60.318462,6477177
2015-12-11,60.318462,60.442556,58.797034,58.918247,58.918247,11576353
2015-12-14,58.918247,58.930942,58.478113,58.490716,58.490716,8863751
2015-12-15,58.490716,61.274409,58.164277,60.934333,60.934333,8064666
2015-12-16,60.934333,61.086188,60.247594,60.398112,60.398112,7014893
2015-12-17,60.398112,60.484630,60.240159,60.326574,60.326574,3657527
2015-12-18,60.326574,60.385461,59.743823,59.802197,59.802197,8206131
2015-12-21,59.802197,59.861377,59.091305,59.149840,59.149840,5817644
2015-12-22,59.149840,60.404089,58.796874,60.045777,60.045777,7009872
2015-12-23,60.045777,60.717289,59.632041,60.301788,60.301788,6957474
2015-12-24,60.301788,60.545036,60.133843,60.376882,60.376882,6062242
2015-12-25,60.376882,60.459767,60.365198,60.448069,60.448069,4371970
2015-12-28,60.448069,61.272602,60.315879,61.138901,61.138901,6078631
2015-12-29,61.138901,62.101604,61.016497,61.977521,61.977521,6686340
2015-12-30,61.977521,61.979145,60.850904,60.852498,60.852498,7452409
2015-12-31,60.852498,61.005795,59.975923,60.127393,60.127393,7776172
2016-01-01,60.127393,60.728648,60.032602,60.633060,60.633060,5812014
2016-01-04,60.633060,63.773107,60.351812,63.478659,63.478659,12850523
2016-01-05,63.478659,64.374161,63.022897,63.915264,63.915264,9909197
2016-01-06,63.915264,65.750229,63.806234,65.638260,65.638260,4731637
2016-01-07,65.638260,67.298371,65.437868,67.093536,67.093536,4168178
2016-01-08,67.093536,67.316124,65.075899,65.292511,65.292511,6027432
2016-01-11,65.292511,65.766896,65.257507,65.731656,65.731656,4903208
2016-01-12,65.731656,65.935667,62.524426,62.719088,62.719088,6800425
2016-01-13,62.719088,62.910937,62.409227,62.600714,62.600714,10929949
2016-01-14,62.600714,65.387552,62.195875,64.967408,64.967408,10232746
2016-01-15,64.967408,67.236938,64.681794,66.942640,66.942640,5158123
2016-01-18,66.942640,68.453004,66.804175,68.311706,68.311706,7578727
2016-01-19,68.311706,68.817458,66.976580,67.476146,67.476146,5120873
2016-01-20,67.476146,68.402492,66.710399,67.634943,67.634943,8190271
2016-01-21,67.634943,69.215754,67.409997,68.986314,68.986314,3889164
2016-01-22,68.986314,69.351555,68.422033,68.786214,68.786214,7066108
2016-01-25,68.786214,69.013249,68.720186,68.947066,68.947066,10599198
2016-01-26,68.947066,69.540642,68.776923,69.369456,69.369456,5441474
2016-01-27,69.369456,69.762915,69.029826,69.423023,69.423023,3778607
2016-01-28,69.423023,71.300859,69.183548,71.055752,71.055752,4485243
2016-01-29,71.055752,71.514539,69.699686,70.152642,70.152642,10416744
2016-02-01,70.152642,70.262027,68.928781,69.036426,69.036426,4293959
2016-02-02,69.036426,69.569818,68.994861,69.527957,69.527957,6754784
2016-02-03,69.527957,69.966772,69.191743,69.630064,69.630064,9458613
2016-02-04,69.630064,69.702300,68.828566,68.900044,68.900044,7550054
2016-02-05,68.900044,69.875112,68.843234,69.817545,69.817545,10041112
2016-02-08,69.817545,72.150859,69.715317,72.045369,72.045369,2707669
2016-02-09,72.045369,73.070023,71.565705,72.586755,72.586755,7319739
2016-02-10,72.586755,72.809159,71.899674,72.120650,72.120650,4709434
2016-02-11,72.120650,74.972455,71.747231,74.586269,74.586269,6642517
2016-02-12,74.586269,74.727001,74.497008,74.637678,74.637678,6493378
2016-02-15,74.637678,75.138738,72.630627,73.121508,73.121508,5912825
2016-02-16,73.121508,73.138872,72.967295,72.984627,72.984627,3393924
2016-02-17,72.984627,75.359113,72.505405,74.867528,74.867528,6741185
2016-02-18,74.867528,75.339761,73.732710,74.200737,74.200737,5787125
2016-02-19,74.200737,74.371419,73.747660,73.917691,73.917691,8514332
2016-02-22,73.917691,74.408749,73.676610,74.166856,74.166856,4229209
2016-02-23,74.166856,75.151219,74.042995,75.025924,75.025924,13585293
2016-02-24,75.025924,75.150562,72.898867,73.020174,73.020174,3415138
2016-02-25,73.020174,73.187504,71.004268,71.167352,71.167352,6330482
2016-02-26,71.167352,71.342713,70.910626,71.085786,71.085786,5686870
2016-02-29,71.085786,73.387392,70.852691,73.147537,73.147537,5772034
2016-03-01,73.147537,73.349912,71.719002,71.917976,71.917976,7740631
2016-03-02,71.917976,72.392732,69.601169,70.063685,70.063685,7043267
2016-03-03,70.063685,71.537426,69.840373,71.310142,71.310142,4486905
2016-03-04,71.310142,71.677916,70.334669,70.699293,70.699293,4186630
2016-03-07,70.699293,70.987945,70.651410,70.939900,70.939900,4107577
2016-03-08,70.939900,70.972497,70.658879,70.691362,70.691362,5127599
2016-03-09,70.691362,71.678124,70.430332,71.414423,71.414423,5313349
2016-03-10,71.414423,71.717834,70.037391,70.336221,70.336221,2973352
2016-03-11,70.336221,71.674583,70.199523,71.535555,71.535555,4105733
2016-03-14,71.535555,72.021010,70.904157,71.388615,71.388615,5691400
2016-03-15,71.388615,71.857001,70.253276,70.717257,70.717257,12531164
2016-03-16,70.717257,70.752311,70.616615,70.651636,70.651636,5606098
2016-03-17,70.651636,71.846484,70.649545,71.844358,71.844358,10186330
2016-03-18,71.844358,72.626377,71.360362,72.140387,72.140387,6590323
2016-03-21,72.140387,75.182748,71.813445,74.843556,74.843556,2881793
2016-03-22,74.843556,75.327390,74.581610,75.064670,75.064670,5815108
2016-03-23,75.064670,76.312058,74.673640,75.916590,75.916590,5720433
2016-03-24,75.916590,76.411763,75.515534,76.010212,76.010212,6829574
2016-03-25,76.010212,76.512274,75.143215,75.642850,75.642850,8497916
2016-03-28,75.642850,76.107507,75.608685,76.073147,76.073147,2837036
2016-03-29,76.073147,76.256245,75.413459,75.595407,75.595407,6688378
2016-03-30,75.595407,78.510131,75.411069,78.319151,78.319151,7000884
2016-03-31,78.319151,79.012686,76.658601,77.343496,77.343496,4278337
2016-04-01,77.343496,77.607570,75.921355,76.181461,76.181461,4316186
2016-04-04,76.181461,78.809969,75.619461,78.232835,78.232835,3627325
2016-04-05,78.232835,78.548653,77.874904,78.190552,78.190552,4263372
2016-04-06,78.190552,79.761979,77.822800,79.388593,79.388593,7102811
2016-04-07,79.388593,79.418552,78.715911,78.745628,78.745628,5665380
2016-04-08,78.745628,80.184012,78.412522,79.846250,79.846250,7994166
2016-04-11,79.846250,80.128708,78.586817,78.865807,78.865807,6513806
2016-04-12,78.865807,79.986111,78.700887,79.819197,79.819197,3888189
2016-04-13,79.819197,80.038222,77.059996,77.272032,77.272032,4705502
2016-04-14,77.272032,77.747112,77.184673,77.659315,77.659315,7534655
2016-04-15,77.659315,78.029293,76.999316,77.367905,77.367905,5939090
2016-04-18,77.367905,79.660690,77.053160,79.337930,79.337930,5070154
2016-04-19,79.337930,81.791476,78.630249,81.068360,81.068360,2832336
2016-04-20,81.068360,83.207869,80.875880,83.010777,83.010777,5687331
2016-04-21,83.010777,86.295844,82.367563,85.632317,85.632317,4037122
2016-04-22,85.632317,86.020738,84.158522,84.541998,84.541998,5771803
2016-04-25,84.541998,85.422822,84.268264,85.147128,85.147128,8110184
2016-04-26,85.147128,85.606931,84.173326,84.630339,84.630339,6252063
2016-04-27,84.630339,85.084583,83.619755,84.070997,84.070997,4648213
2016-04-28,84.070997,85.127208,83.854178,84.908229,84.908229,3721400
2016-04-29,84.908229,85.294661,83.348913,83.729983,83.729983,6145996
2016-05-02,83.729983,84.243802,83.283061,83.796524,83.796524,6354844
2016-05-03,83.796524,88.360846,83.735878,88.296943,88.296943,8705498
2016-05-04,88.296943,89.014532,87.926843,88.642982,88.642982,7973409
2016-05-05,88.642982,90.476171,88.535815,90.366921,90.366921,4151769
2016-05-06,90.366921,92.683533,89.551303,91.854490,91.854490,6863905
2016-05-09,91.854490,92.200891,89.828321,90.168364,90.168364,8888935
2016-05-10,90.168364,90.492654,89.011204,89.332488,89.332488,6145116
2016-05-11,89.332488,90.638076,89.322544,90.627988,90.627988,5985686
2016-05-12,90.627988,91.028980,88.230463,88.622581,88.622581,5821792
2016-05-13,88.622581,92.122229,88.517662,92.013296,92.013296,2701207
2016-05-16,92.013296,92.358052,90.182235,90.521402,90.521402,3060167
2016-05-17,90.521402,90.844956,87.478919,87.792721,87.792721,7240951
2016-05-18,87.792721,91.263473,87.411309,90.868698,90.868698,6734621
2016-05-19,90.868698,92.596732,90.818774,92.545887,92.545887,2830004
2016-05-20,92.545887,92.755977,90.601217,90.807361,90.807361,4967137
2016-05-23,90.807361,92.265166,90.657991,92.113647,92.113647,3225876
2016-05-24,92.113647,96.008453,91.992477,95.882326,95.882326,5212585
2016-05-25,95.882326,96.145367,94.487380,94.747308,94.747308,2935489
2016-05-26,94.747308,94.996053,93.528155,93.774345,93.774345,6490125
2016-05-27,93.774345,94.023861,90.009777,90.249915,90.249915,5939362
2016-05-30,90.249915,90.740038,88.708240,89.192621,89.192621,9059410
2016-05-31,89.192621,89.284030,88.592171,88.683058,88.683058,5162922
2016-06-01,88.683058,90.227211,88.483870,90.025010,90.025010,6603145
2016-06-02,90.025010,90.130722,87.100593,87.202991,87.202991,7220482
2016-06-03,87.202991,88.165744,86.963740,87.924513,87.924513,7733906
2016-06-06,87.924513,88.797429,87.902756,88.775462,88.775462,4945176
2016-06-07,88.775462,89.283275,88.604916,89.112083,89.112083,4107254
2016-06-08,89.112083,89.412308,88.139602,88.437554,88.437554,8736538
2016-06-09,88.437554,88.567130,87.635464,87.764053,87.764053,6455652
2016-06-10,87.764053,87.984487,87.034875,87.254028,87.254028,4956036
2016-06-13,87.254028,88.370675,87.185988,88.301818,88.301818,5423507
2016-06-14,88.301818,88.568056,87.839766,88.105411,88.105411,7764896
2016-06-15,88.105411,91.017918,87.342657,90.236713,90.236713,5887560
2016-06-16,90.236713,91.338930,90.184511,91.286121,91.286121,7607454
2016-06-17,91.286121,91.691598,91.215339,91.620557,91.620557,6226737
2016-06-20,91.620557,92.618865,91.436277,92.432951,92.432951,7357121
2016-06-21,92.432951,92.625539,91.372414,91.563189,91.563189,5680010
2016-06-22,91.563189,91.853768,90.785622,91.074650,91.074650,10142823
2016-06-23,91.074650,91.272884,90.344216,90.541288,90.541288,6033518
2016-06-24,90.541288,92.341498,90.368397,92.165505,92.165505,8324676
2016-06-27,92.165505,92.719415,91.044768,91.595250,91.595250,6352752
2016-06-28,91.595250,93.986516,91.272165,93.656161,93.656161,9433290
2016-06-29,93.656161,94.295885,93.497859,94.136770,94.136770,6692433
2016-06-30,94.136770,94.844555,93.285111,93.991806,93.991806,8026304
2016-07-01,93.991806,95.409942,93.924294,95.341461,95.341461,3464692
2016-07-04,95.341461,95.621454,92.417374,92.689579,92.689579,6191850
2016-07-05,92.689579,92.964069,91.037013,91.307410,91.307410,7223490
2016-07-06,91.307410,92.481743,90.830224,92.000933,92.000933,5357943
2016-07-07,92.000933,94.818997,91.446307,94.250808,94.250808,6216162
2016-07-08,94.250808,94.251983,94.032557,94.033730,94.033730,8268746
2016-07-11,94.033730,94.540603,93.087162,93.591653,93.591653,7357957
2016-07-12,93.591653,93.898569,92.620510,92.925241,92.925241,5247286
2016-07-13,92.925241,94.732373,92.851210,94.656963,94.656963,5647024
2016-07-14,94.656963,95.167662,94.292516,94.802654,94.802654,10163415
2016-07-15,94.802654,95.172003,94.119741,94.487863,94.487863,5246444
2016-07-18,94.487863,94.963260,94.052089,94.527305,94.527305,7097942
2016-07-19,94.527305,94.804028,92.482621,92.754153,92.754153,8269594
2016-07-20,92.754153,94.781899,92.273503,94.293273,94.293273,3090709
2016-07-21,94.293273,95.805801,93.992776,95.501453,95.501453,6614815
2016-07-22,95.501453,96.899347,95.179851,96.574132,96.574132,7916055
2016-07-25,96.574132,96.638123,96.550713,96.614694,96.614694,6857463
2016-07-26,96.614694,97.102767,94.590428,95.070702,95.070702,7313179
2016-07-27,95.070702,95.663081,94.575850,95.167724,95.167724,8797982
2016-07-28,95.167724,95.173064,94.748225,94.753541,94.753541,8953397
2016-07-29,94.753541,95.462047,91.845674,92.537611,92.537611,5857687
2016-08-01,92.537611,92.957360,92.034958,92.454330,92.454330,4327483
2016-08-02,92.454330,94.558612,92.447880,94.552015,94.552015,11620250
2016-08-03,94.552015,95.011866,94.065385,94.525104,94.525104,6664262
2016-08-04,94.525104,97.431036,94.422243,97.325128,97.325128,12114726
2016-08-05,97.325128,99.096644,97.152685,98.921373,98.921373,9187117
2016-08-08,98.921373,99.402772,97.498454,97.975250,97.975250,4229090
2016-08-09,97.975250,98.613347,97.748092,98.385239,98.385239,4766225
2016-08-10,98.385239,99.492715,98.197550,99.303275,99.303275,3362870
2016-08-11,99.303275,103.588570,98.803781,103.070129,103.070129,5206425
2016-08-12,103.070129,103.151054,101.153544,101.233027,101.233027,5466915
2016-08-15,101.233027,101.797423,100.880973,101.444634,101.444634,6297671
2016-08-16,101.444634,103.815981,100.917069,103.278877,103.278877,5929375
2016-08-17,103.278877,103.312083,101.288982,101.321558,101.321558,4394077
2016-08-18,101.321558,101.802427,101.069288,101.549590,101.549590,5149557
2016-08-19,101.549590,102.146650,101.368442,101.964762,101.964762,3315309
2016-08-22,101.964762,105.451927,101.909913,105.395232,105.395232,10312473
2016-08-23,105.395232,105.673237,104.394565,104.670658,104.670658,5596870
2016-08-24,104.670658,105.038568,103.697333,104.063108,104.063108,7304184
2016-08-25,104.063108,107.017099,102.973184,105.907854,105.907854,6000977
2016-08-26,105.907854,106.120409,104.783972,104.994694,104.994694,4684149
2016-08-29,104.994694,105.125484,102.992783,103.121239,103.121239,5408315
2016-08-30,103.121239,103.592158,102.956570,103.427000,103.427000,9348301
2016-08-31,103.427000,103.750567,103.350506,103.673890,103.673890,7158804
2016-09-01,103.673890,104.280861,102.632311,103.236723,103.236723,8188786
2016-09-02,103.236723,103.697123,103.224874,103.685223,103.685223,6086550
2016-09-05,103.685223,106.067903,103.626792,106.008163,106.008163,5881438
2016-09-06,106.008163,107.207679,105.835307,107.033152,107.033152,7330347
2016-09-07,107.033152,107.868130,106.785557,107.619180,107.619180,4098372
2016-09-08,107.619180,107.869479,106.810791,107.059789,107.059789,10002833
2016-09-09,107.059789,108.467512,106.496972,107.900277,107.900277,5518709
2016-09-12,107.900277,108.740614,106.175520,107.008916,107.008916,1963888
2016-09-13,107.008916,108.160143,106.478104,107.626269,107.626269,5516128
2016-09-14,107.626269,108.684954,107.265088,108.321440,108.321440,11379675
2016-09-15,108.321440,109.133603,107.897854,108.708503,108.708503,9913152
2016-09-16,108.708503,112.720512,108.405635,112.407339,112.407339,5728156
2016-09-19,112.407339,113.304490,112.124612,113.020222,113.020222,6520256
2016-09-20,113.020222,114.840259,112.729764,114.545880,114.545880,6677663
2016-09-21,114.545880,114.781360,111.884906,112.115389,112.115389,5212578
2016-09-22,112.115389,112.391271,110.606261,110.879102,110.879102,6454700
2016-09-23,110.879102,110.942646,109.580315,109.643151,109.643151,5550117
2016-09-26,109.643151,109.733747,105.326930,105.414032,105.414032,6829593
2016-09-27,105.414032,105.548841,104.700295,104.834363,104.834363,5537970
2016-09-28,104.834363,107.265854,104.719691,107.148651,107.148651,6764842
2016-09-29,107.148651,110.202487,107.092918,110.145196,110.145196,5322173
2016-09-30,110.145196,110.650585,106.188323,106.677803,106.677803,5919162
2016-10-03,106.677803,106.842511,106.134482,106.298605,106.298605,4801528
2016-10-04,106.298605,109.340740,106.210589,109.250280,109.250280,6196755
2016-10-05,109.250280,109.286594,108.160035,108.195998,108.195998,3799269
2016-10-06,108.195998,109.726340,108.098703,109.627758,109.627758,12550368
2016-10-07,109.627758,111.940750,109.023815,111.327444,111.327444,6880773
2016-10-10,111.327444,113.957267,110.863023,113.483850,113.483850,7615884
2016-10-11,113.483850,113.925650,110.547439,110.979490,110.979490,6611007
2016-10-12,110.979490,111.413112,109.552657,109.982383,109.982383,4132697
2016-10-13,109.982383,111.135386,109.451981,110.601995,110.601995,3301820
2016-10-14,110.601995,113.199807,109.842957,112.428236,112.428236,9398414
2016-10-17,112.428236,112.602275,107.513872,107.680561,107.680561,1765539
2016-10-18,107.680561,107.952697,106.757639,107.028127,107.028127,7166611
2016-10-19,107.028127,109.052924,106.585395,108.603674,108.603674,5695707
2016-10-20,108.603674,108.894476,108.050780,108.340878,108.340878,4547648
2016-10-21,108.340878,109.643027,108.115041,109.414951,109.414951,5067699
2016-10-24,109.414951,111.410375,109.174758,111.166337,111.166337,9360839
2016-10-25,111.166337,111.431297,109.185463,109.446323,109.446323,5196316
2016-10-26,109.446323,109.651825,106.068159,106.267693,106.267693,8432613
2016-10-27,106.267693,106.739579,104.957824,105.425973,105.425973,6455768
2016-10-28,105.425973,105.595273,105.063249,105.232238,105.232238,4622677
2016-10-31,105.232238,106.054181,105.025995,105.846734,105.846734,4038993
2016-11-01,105.846734,106.488261,103.084263,103.712857,103.712857,7243734
2016-11-02,103.712857,104.437084,103.454836,104.177905,104.177905,14101215
2016-11-03,104.177905,104.192999,103.847530,103.862578,103.862578,7055985
2016-11-04,103.862578,104.426672,98.087631,98.623270,98.623270,5561744
2016-11-07,98.623270,101.244208,98.097456,100.707284,100.707284,5455952
2016-11-08,100.707284,101.918794,95.488912,96.651633,96.651633,4292598
2016-11-09,96.651633,96.833138,95.949296,96.129821,96.129821,5875491
2016-11-10,96.129821,96.716840,95.823062,96.409190,96.409190,2909421
2016-11-11,96.409190,96.501327,95.402869,95.494132,95.494132,7286876
2016-11-14,95.494132,96.008114,92.879210,93.381823,93.381823,6085182
2016-11-15,93.381823,96.860972,93.073147,96.541851,96.541851,14092274
2016-11-16,96.541851,97.576513,96.421259,97.454780,97.454780,7749277
2016-11-17,97.454780,99.061353,97.216369,98.819604,98.819604,6374953
2016-11-18,98.819604,100.893286,98.772465,100.845182,100.845182,8747534
2016-11-21,100.845182,106.663603,100.759498,106.573052,106.573052,13829800
2016-11-22,106.573052,106.586360,106.493239,106.506539,106.506539,6838102
2016-11-23,106.506539,107.852420,106.376127,107.720522,107.720522,3232381
2016-11-24,107.720522,108.539375,106.330260,107.144737,107.144737,4313022
2016-11-25,107.144737,107.563224,106.477754,106.895267,106.895267,9014392
2016-11-28,106.895267,107.286351,102.598107,102.974848,102.974848,5373220
2016-11-29,102.974848,103.451569,101.128934,101.599286,101.599286,6251720
2016-11-30,101.599286,104.121575,101.358248,103.875138,103.875138,3937193
2016-12-01,103.875138,104.243561,100.692369,101.050774,101.050774,4179368
2016-12-02,101.050774,101.085524,101.018043,101.052793,101.052793,7231733
2016-12-05,101.052793,101.569200,98.767679,99.275002,99.275002,13195717
2016-12-06,99.275002,102.344831,99.093403,102.157959,102.157959,6573103
2016-12-07,102.157959,102.384104,100.862593,101.086366,101.086366,5850033
2016-12-08,101.086366,102.830544,101.057946,102.801642,102.801642,4220905
2016-12-09,102.801642,104.363753,102.387361,103.944865,103.944865,4406132
2016-12-12,103.944865,104.675244,103.801369,104.530940,104.530940,4419148
2016-12-13,104.530940,106.235650,103.569922,105.267857,105.267857,10769325
2016-12-14,105.267857,107.708167,105.254795,107.694804,107.694804,4154897
2016-12-15,107.694804,107.726085,107.412020,107.443227,107.443227,7827086
2016-12-16,107.443227,107.764450,107.043704,107.364692,107.364692,8022029
2016-12-19,107.364692,107.771760,105.306013,105.706795,105.706795,4910975
2016-12-20,105.706795,106.611083,105.111030,106.013590,106.013590,6362970
2016-12-21,106.013590,106.851648,104.868196,105.703806,105.703806,9870314
2016-12-22,105.703806,106.030529,101.501112,101.815818,101.815818,7884799
2016-12-23,101.815818,106.214316,101.680677,106.073523,106.073523,6027445
2016-12-26,106.073523,106.219276,105.034660,105.179184,105.179184,4929327
2016-12-27,105.179184,106.878613,104.605518,106.298840,106.298840,11366241
2016-12-28,106.298840,106.658213,103.289182,103.639564,103.639564,9577309
2016-12-29,103.639564,104.678017,103.516599,104.553968,104.553968,6832058
2016-12-30,104.553968,105.934498,104.454031,105.833339,105.833339,6771750
2017-01-02,105.833339,106.611575,105.760651,106.538403,106.538403,7371176
2017-01-03,106.538403,107.587703,105.166100,106.212187,106.212187,5129032
2017-01-04,106.212187,106.367762,104.401370,104.554517,104.554517,5100877
2017-01-05,104.554517,104.998731,104.248696,104.692506,104.692506,2398803
2017-01-06,104.692506,106.775436,104.540466,106.620595,106.620595,7809305
2017-01-09,106.620595,112.484350,106.183059,112.024637,112.024637,7045037
2017-01-10,112.024637,113.007618,109.232677,110.199644,110.199644,4471199
2017-01-11,110.199644,111.770448,109.906571,111.473986,111.473986,6346052
2017-01-12,111.473986,116.993342,110.815877,116.306702,116.306702,9522993
2017-01-13,116.306702,117.107710,115.982428,116.782110,116.782110,8310393
2017-01-16,116.782110,116.880350,114.971111,115.067909,115.067909,7287535
2017-01-17,115.067909,118.535907,114.959371,118.424203,118.424203,3329784
2017-01-18,118.424203,119.009067,116.931949,117.512309,117.512309,10528942
2017-01-19,117.512309,118.363822,117.506295,118.357765,118.357765,8551831
2017-01-20,118.357765,118.539625,118.305148,118.486951,118.486951,4354407
2017-01-23,118.486951,119.758354,117.678582,118.946847,118.946847,7330025
2017-01-24,118.946847,119.234168,115.677167,115.957266,115.957266,7594118
2017-01-25,115.957266,116.811478,111.462091,112.289282,112.289282,6684871
2017-01-26,112.289282,112.682959,111.701078,112.094071,112.094071,6440286
2017-01-27,112.094071,113.182646,111.284907,112.371480,112.371480,3596167
2017-01-30,112.371480,113.210574,111.884888,112.722462,112.722462,6226505
2017-01-31,112.722462,115.497003,112.528418,115.298524,115.298524,5302317
2017-02-01,115.298524,117.284587,114.459848,116.437625,116.437625,6561205
2017-02-02,116.437625,116.852523,114.553855,114.963500,114.963500,7423019
2017-02-03,114.963500,115.817035,114.687459,115.539611,115.539611,5947543
2017-02-06,115.539611,115.583260,115.454544,115.498177,115.498177,5655022
2017-02-07,115.498177,115.534569,114.825931,114.862123,114.862123,7591314
2017-02-08,114.862123,115.282902,113.827870,114.246394,114.246394,2488180
2017-02-09,114.246394,115.412001,113.880215,115.043267,115.043267,10810612
2017-02-10,115.043267,115.449105,114.006509,114.410113,114.410113,6855358
2017-02-13,114.410113,114.604218,114.262624,114.456669,114.456669,6155718
2017-02-14,114.456669,118.908826,114.356790,118.805152,118.805152,4680185
2017-02-15,118.805152,119.069634,118.455680,118.719973,118.719973,4822495
2017-02-16,118.719973,119.190715,117.089352,117.555476,117.555476,5854122
2017-02-17,117.555476,119.107050,117.553028,119.104569,119.104569,5961441
2017-02-20,119.104569,119.490375,117.848115,118.231091,118.231091,5858235
2017-02-21,118.231091,118.659190,117.235987,117.662025,117.662025,6640494
2017-02-22,117.662025,122.103921,117.169951,121.595397,121.595397,5807461
2017-02-23,121.595397,122.370420,116.378783,117.125314,117.125314,6185672
2017-02-24,117.125314,117.985907,116.855714,117.714949,117.714949,7264602
2017-02-27,117.714949,119.669445,117.130659,119.078388,119.078388,11150641
2017-02-28,119.078388,119.260820,117.123452,117.303164,117.303164,4671979
2017-03-01,117.303164,118.681228,116.526941,117.901048,117.901048,3991835
2017-03-02,117.901048,122.659791,117.701533,122.452574,122.452574,4439306
2017-03-03,122.452574,123.518569,122.447177,123.513125,123.513125,5326490
2017-03-06,123.513125,125.168823,122.397097,124.047962,124.047962,3500456
2017-03-07,124.047962,125.991489,123.952367,125.894471,125.894471,13595359
2017-03-08,125.894471,126.090816,123.542501,123.735479,123.735479,5721035
2017-03-09,123.735479,126.068414,123.435784,125.763806,125.763806,6034868
2017-03-10,125.763806,126.120198,125.044998,125.400361,125.400361,8700889
2017-03-13,125.400361,125.666594,124.914256,125.180022,125.180022,7495352
2017-03-14,125.180022,126.316001,124.365130,125.499033,125.499033,6917197
2017-03-15,125.499033,125.855917,123.199640,123.550985,123.550985,14071371
2017-03-16,123.550985,123.609530,122.892818,122.951078,122.951078,10985497
2017-03-17,122.951078,123.770937,120.520941,121.329991,121.329991,11725701
2017-03-20,121.329991,122.718354,118.011400,119.377420,119.377420,6747187
2017-03-21,119.377420,121.127543,118.567491,120.311278,120.311278,6478031
2017-03-22,120.311278,121.583026,119.869723,121.138435,121.138435,4155303
2017-03-23,121.138435,125.635611,120.814980,125.301041,125.301041,3297360
2017-03-24,125.301041,127.456377,124.235313,126.381459,126.381459,3931356
2017-03-27,126.381459,126.702257,124.846674,125.164383,125.164383,11035542
2017-03-28,125.164383,127.194883,124.161016,126.183348,126.183348,9384858
2017-03-29,126.183348,130.958964,125.354044,130.103893,130.103893,4689930
2017-03-30,130.103893,132.132746,129.595153,131.618086,131.618086,7288308
2017-03-31,131.618086,134.803893,131.600676,134.786064,134.786064,5079342
2017-04-03,134.786064,135.898732,134.152242,135.262670,135.262670,4533426
2017-04-04,135.262670,135.980376,132.459000,133.165579,133.165579,5938699
2017-04-05,133.165579,133.437154,132.688469,132.959624,132.959624,6691448
2017-04-06,132.959624,136.638326,132.371697,136.036793,136.036793,6702159
2017-04-07,136.036793,138.279346,135.229798,137.463886,137.463886,3810401
2017-04-10,137.463886,137.955052,137.369629,137.860524,137.860524,13750978
2017-04-11,137.860524,138.049944,137.066208,137.254796,137.254796,10925336
2017-04-12,137.254796,142.956067,136.990763,142.681595,142.681595,10830051
2017-04-13,142.681595,142.833419,142.046261,142.197570,142.197570,5269148
2017-04-14,142.197570,143.152447,138.912254,139.851375,139.851375,5924207
2017-04-17,139.851375,140.765193,130.660589,131.519968,131.519968,3421886
2017-04-18,131.519968,132.364376,129.474068,130.310712,130.310712,5239144
2017-04-19,130.310712,133.209578,130.004811,132.897604,132.897604,2902911
2017-04-20,132.897604,134.434230,131.942967,133.475443,133.475443,3045235
2017-04-21,133.475443,133.611226,131.599068,131.733078,131.733078,7364484
2017-04-24,131.733078,131.926257,131.019993,131.212408,131.212408,3909602
2017-04-25,131.212408,131.341716,130.455344,130.584033,130.584033,5882503
2017-04-26,130.584033,131.117480,130.429005,130.962003,130.962003,6539743
2017-04-27,130.962003,131.639193,130.525358,131.201748,131.201748,5177566
2017-04-28,131.201748,132.841176,130.491121,132.125545,132.125545,6085536
2017-05-01,132.125545,133.267239,131.893238,133.033337,133.033337,5477421
2017-05-02,133.033337,136.411160,132.974749,136.351111,136.351111,3015219
2017-05-03,136.351111,137.141884,134.221193,135.004155,135.004155,4580510
2017-05-04,135.004155,137.912707,134.924973,137.831867,137.831867,8619279
2017-05-05,137.831867,138.487513,135.476727,136.124250,136.124250,5185459
2017-05-08,136.124250,136.903349,132.792898,133.557305,133.557305,5568143
2017-05-09,133.557305,134.827484,132.789201,134.056508,134.056508,5203888
2017-05-10,134.056508,135.942509,133.679970,135.561743,135.561743,3432723
2017-05-11,135.561743,135.688932,135.084827,135.211687,135.211687,4611205
2017-05-12,135.211687,135.528009,134.958005,135.274209,135.274209,4430477
2017-05-15,135.274209,137.033951,134.969251,136.725720,136.725720,6684992
2017-05-16,136.725720,137.104278,135.060932,135.435919,135.435919,4958409
2017-05-17,135.435919,135.463599,130.860409,130.887159,130.887159,3952006
2017-05-18,130.887159,131.607482,129.956516,130.675674,130.675674,5896947
2017-05-19,130.675674,130.998159,129.734249,130.055202,130.055202,7310586
2017-05-22,130.055202,130.350877,130.010472,130.306061,130.306061,5590112
2017-05-23,130.306061,131.267739,130.219270,131.180366,131.180366,6513615
2017-05-24,131.180366,131.227646,131.132928,131.180208,131.180208,4215803
2017-05-25,131.180208,133.960207,129.784314,132.549739,132.549739,9458991
2017-05-26,132.549739,132.593836,130.719762,130.763265,130.763265,8540032
2017-05-29,130.763265,132.993711,129.865110,132.086468,132.086468,11063979
2017-05-30,132.086468,132.675027,131.168216,131.755299,131.755299,8998653
2017-05-31,131.755299,133.118066,131.646960,133.008697,133.008697,4356065
2017-06-01,133.008697,133.057142,132.163812,132.211967,132.211967,9186302
2017-06-02,132.211967,132.446750,130.531341,130.763551,130.763551,3444935
2017-06-05,130.763551,132.323132,130.535619,132.092882,132.092882,4494353
2017-06-06,132.092882,134.649735,131.194284,133.739932,133.739932,10775265
2017-06-07,133.739932,134.552302,133.385433,134.196593,134.196593,3790227
2017-06-08,134.196593,134.727366,131.707691,132.230688,132.230688,4427493
2017-06-09,132.230688,132.695724,129.915008,130.373512,130.373512,4338163
2017-06-12,130.373512,131.507915,130.064192,131.196642,131.196642,4425382
2017-06-13,131.196642,131.611104,129.333093,129.742963,129.742963,10228867
2017-06-14,129.742963,132.054131,128.738070,131.039199,131.039199,7670300
2017-06-15,131.039199,132.200433,130.807572,131.967165,131.967165,5217796
2017-06-16,131.967165,132.215536,128.582320,128.824777,128.824777,3933005
2017-06-19,128.824777,129.262119,126.245707,126.675753,126.675753,9741082
2017-06-20,126.675753,126.924740,123.982090,124.226262,124.226262,5402369
2017-06-21,124.226262,124.857871,121.440893,122.061495,122.061495,9403077
2017-06-22,122.061495,125.566014,121.298226,124.785709,124.785709,5710756
2017-06-23,124.785709,125.877305,121.492761,122.564930,122.564930,9587711
2017-06-26,122.564930,124.013678,122.227559,123.673257,123.673257,6951554
2017-06-27,123.673257,125.887401,123.204562,125.412116,125.412116,4529560
2017-06-28,125.412116,128.188826,124.326717,127.088914,127.088914,3039281
2017-06-29,127.088914,127.112707,126.636290,126.660003,126.660003,5833350
2017-06-30,126.660003,128.304270,126.435678,128.077434,128.077434,9258120
2017-07-03,128.077434,128.762462,127.442263,128.127044,128.127044,5943762
2017-07-04,128.127044,128.882813,127.643525,128.398271,128.398271,11229454
2017-07-05,128.398271,130.815468,127.844681,130.253877,130.253877,12518456
2017-07-06,130.253877,130.610607,128.967571,129.321748,129.321748,5457523
2017-07-07,129.321748,129.636556,127.823592,128.135513,128.135513,4656159
2017-07-10,128.135513,130.745372,128.036823,130.644748,130.644748,6663644
2017-07-11,130.644748,131.940669,130.267901,131.561178,131.561178,4333355
2017-07-12,131.561178,132.078547,130.781340,131.297672,131.297672,4893715
2017-07-13,131.297672,131.990292,130.627758,131.320263,131.320263,4987088
2017-07-14,131.320263,132.005620,127.790556,128.460991,128.460991,1829220
2017-07-17,128.460991,129.041279,126.896048,127.471868,127.471868,4751251
2017-07-18,127.471868,128.891559,126.532763,127.948940,127.948940,9634369
2017-07-19,127.948940,128.532533,126.446386,127.025769,127.025769,5476903
2017-07-20,127.025769,127.531755,126.802214,127.307704,127.307704,3598061
2017-07-21,127.307704,129.888943,126.774340,129.347035,129.347035,6322100
2017-07-24,129.347035,129.877171,128.308756,128.836802,128.836802,9503017
2017-07-25,128.836802,129.914666,127.739103,128.816799,128.816799,5798869
2017-07-26,128.816799,128.999502,125.865496,126.044267,126.044267,9159808
2017-07-27,126.044267,126.809364,125.705278,126.469232,126.469232,4224023
2017-07-28,126.469232,127.296482,126.257547,127.083769,127.083769,3679803
2017-07-31,127.083769,128.164992,126.478729,127.557696,127.557696,5982761
2017-08-01,127.557696,128.721057,122.788075,123.918243,123.918243,6910724
2017-08-02,123.918243,126.066749,123.467419,125.609770,125.609770,7031328
2017-08-03,125.609770,126.201741,124.892935,125.484315,125.484315,9263924
2017-08-04,125.484315,125.819330,123.872132,124.203727,124.203727,4930762
2017-08-07,124.203727,124.669703,121.599624,122.057548,122.057548,5511955
2017-08-08,122.057548,122.853914,119.995704,120.783759,120.783759,4084149
2017-08-09,120.783759,122.799888,119.919795,121.927741,121.927741,4532763
2017-08-10,121.927741,122.508411,119.384035,119.955310,119.955310,5551520
2017-08-11,119.955310,119.993592,119.742166,119.780393,119.780393,6022693
2017-08-14,119.780393,124.745780,119.648608,124.608683,124.608683,3769326
2017-08-15,124.608683,126.814074,124.206784,126.406377,126.406377,5394852
2017-08-16,126.406377,126.688256,124.067239,124.344519,124.344519,5430566
2017-08-17,124.344519,124.444108,124.034239,124.133658,124.133658,3233346
2017-08-18,124.133658,125.223452,123.610431,124.697847,124.697847,4772068
2017-08-21,124.697847,125.355828,121.434078,122.078237,122.078237,9654704
2017-08-22,122.078237,122.629307,121.635497,122.186175,122.186175,5004814
2017-08-23,122.186175,122.572209,119.977720,120.357977,120.357977,10357136
2017-08-24,120.357977,124.268944,120.197311,124.103278,124.103278,6941052
2017-08-25,124.103278,124.311521,122.143900,122.349199,122.349199,5289274
2017-08-28,122.349199,124.436157,121.648767,123.727832,123.727832,7445502
2017-08-29,123.727832,124.629219,123.051324,123.951488,123.951488,6244231
2017-08-30,123.951488,124.619501,120.440361,121.092969,121.092969,4447867
2017-08-31,121.092969,122.343952,120.691227,121.939401,121.939401,5206763
2017-09-01,121.939401,123.037485,121.753699,122.850395,122.850395,6421249
2017-09-04,122.850395,126.425679,121.781716,125.335383,125.335383,9114474
2017-09-05,125.335383,125.439547,125.217898,125.322050,125.322050,7509264
2017-09-06,125.322050,125.643047,122.391133,122.705428,122.705428,6081772
2017-09-07,122.705428,123.093368,122.683986,123.071862,123.071862,5901270
2017-09-08,123.071862,123.153618,122.973198,123.054943,123.054943,7084057
2017-09-11,123.054943,123.345655,121.396427,121.683900,121.683900,7746284
2017-09-12,121.683900,121.878982,117.479655,117.668299,117.668299,11655271
2017-09-13,117.668299,118.081982,115.195971,115.602391,115.602391,7067574
2017-09-14,115.602391,116.702898,114.049580,115.145740,115.145740,9282720
2017-09-15,115.145740,116.342376,115.023626,116.219124,116.219124,7422967
2017-09-18,116.219124,116.248926,110.969315,110.997778,110.997778,6934330
2017-09-19,110.997778,111.140683,110.633806,110.776427,110.776427,6103930
2017-09-20,110.776427,113.653843,110.210918,113.076593,113.076593,4102450
2017-09-21,113.076593,118.967148,112.698274,118.570448,118.570448,4476918
2017-09-22,118.570448,120.959015,118.444179,120.830339,120.830339,5347101
2017-09-25,120.830339,121.038001,119.465110,119.670780,119.670780,8769047
2017-09-26,119.670780,119.929315,119.629643,119.888104,119.888104,7264162
2017-09-27,119.888104,120.568006,119.424647,120.103715,120.103715,5866217
2017-09-28,120.103715,120.380486,119.525843,119.801918,119.801918,10637322
2017-09-29,119.801918,121.467221,118.751796,120.411754,120.411754,6967181
2017-10-02,120.411754,121.176449,120.352131,121.116478,121.116478,6420380
2017-10-03,121.116478,121.647097,119.029056,119.552825,119.552825,5350783
2017-10-04,119.552825,121.707110,118.946137,121.092608,121.092608,5949397
2017-10-05,121.092608,124.522627,120.887319,124.311881,124.311881,4824051
2017-10-06,124.311881,124.365396,123.142886,123.195922,123.195922,6394719
2017-10-09,123.195922,124.893596,122.437606,124.129533,124.129533,5568329
2017-10-10,124.129533,125.891152,123.170778,124.926243,124.926243,7552988
2017-10-11,124.926243,125.267352,124.862775,125.203744,125.203744,8363174
2017-10-12,125.203744,126.094912,120.861450,121.727878,121.727878,6212245
2017-10-13,121.727878,122.170655,120.564015,121.004160,121.004160,3426211
2017-10-16,121.004160,122.191585,120.505064,121.689662,121.689662,5721504
2017-10-17,121.689662,125.602495,121.355227,125.258253,125.258253,3399718
2017-10-18,125.258253,126.621364,124.985331,126.346072,126.346072,8195305
2017-10-19,126.346072,127.563812,125.555181,126.770265,126.770265,5174486
2017-10-20,126.770265,128.339579,125.831126,127.395805,127.395805,7448160
2017-10-23,127.395805,129.176412,127.351716,129.131722,129.131722,5601976
2017-10-24,129.131722,129.539478,127.435380,127.839055,127.839055,7397157
2017-10-25,127.839055,128.327097,125.258634,125.738657,125.738657,10805089
2017-10-26,125.738657,125.949977,122.554681,122.760997,122.760997,4872174
2017-10-27,122.760997,125.577555,122.748392,125.564662,125.564662,2590335
2017-10-30,125.564662,133.297174,125.200543,132.911749,132.911749,5490074
2017-10-31,132.911749,133.551125,132.185028,132.823981,132.823981,2925570
2017-11-01,132.823981,133.081137,131.550553,131.805737,131.805737,6595342
2017-11-02,131.805737,135.638318,131.436032,135.258927,135.258927,6031752
2017-11-03,135.258927,135.392071,133.428436,133.559907,133.559907,7158406
2017-11-06,133.559907,134.818872,132.891686,134.147711,134.147711,6855110
2017-11-07,134.147711,134.286824,132.923523,133.061510,133.061510,9258426
2017-11-08,133.061510,133.626651,133.055853,133.620970,133.620970,4682033
2017-11-09,133.620970,133.682186,133.086791,133.147790,133.147790,5660798
2017-11-10,133.147790,133.743507,133.038913,133.634231,133.634231,4973281
2017-11-13,133.634231,135.409281,132.703783,134.472993,134.472993,2899564
2017-11-14,134.472993,138.281398,134.326012,138.130420,138.130420,3629381
2017-11-15,138.130420,138.410609,135.874275,136.150448,136.150448,9504883
2017-11-16,136.150448,136.256012,134.890063,134.994731,134.994731,8633995
2017-11-17,134.994731,136.096156,134.034534,135.134962,135.134962,4603078
2017-11-20,135.134962,135.147171,134.761443,134.773620,134.773620,8208976
2017-11-21,134.773620,139.033411,134.174915,138.418514,138.418514,9363847
2017-11-22,138.418514,151.121202,137.140341,149.738499,149.738499,5707668
2017-11-23,149.738499,150.659177,149.243786,150.163062,150.163062,4702143
2017-11-24,150.163062,150.410132,149.104849,149.350583,149.350583,6084568
2017-11-27,149.350583,149.791117,149.190433,149.630666,149.630666,4785950
2017-11-28,149.630666,151.288108,146.556813,148.198390,148.198390,2046144
2017-11-29,148.198390,150.266216,148.097441,150.163929,150.163929,5609775
2017-11-30,150.163929,151.422309,147.983072,149.233657,149.233657,6541173
2017-12-01,149.233657,151.151867,148.638717,150.551672,150.551672,2466950
2017-12-04,150.551672,152.591985,149.364411,151.398050,151.398050,3705865
2017-12-05,151.398050,153.826298,150.430081,152.849052,152.849052,8855580
2017-12-06,152.849052,154.022006,152.761660,153.933994,153.933994,6400744
2017-12-07,153.933994,159.374850,153.753761,159.188465,159.188465,6980932
2017-12-08,159.188465,162.832562,159.109973,162.752312,162.752312,7416094
2017-12-11,162.752312,163.655127,158.508303,159.392480,159.392480,6393981
2017-12-12,159.392480,161.748122,158.632252,160.980321,160.980321,7028512
2017-12-13,160.980321,161.774575,160.404455,161.197931,161.197931,11333189
2017-12-14,161.197931,161.356747,156.891286,157.046012,157.046012,7010782
2017-12-15,157.046012,157.676908,156.997361,157.628076,157.628076,5958971
2017-12-18,157.628076,158.897064,157.315627,158.582722,158.582722,5022037
2017-12-19,158.582722,164.565007,158.249101,164.219527,164.219527,3989573
2017-12-20,164.219527,168.501125,163.202784,167.464293,167.464293,3681742
2017-12-21,167.464293,168.696549,166.626138,167.856431,167.856431,9817013
2017-12-22,167.856431,168.880957,163.257458,164.260033,164.260033,4863172
2017-12-25,164.260033,165.195691,162.907993,163.841265,163.841265,5232949
2017-12-26,163.841265,164.277670,163.504406,163.940607,163.940607,8566036
2017-12-27,163.940607,164.226560,161.680574,161.963077,161.963077,13698000
2017-12-28,161.963077,165.093205,161.208921,164.328037,164.328037,5911354
2017-12-29,164.328037,164.407392,162.559161,162.637701,162.637701,8215343
2018-01-01,162.637701,165.443796,161.480052,164.274498,164.274498,6994721
2018-01-02,164.274498,167.432401,163.775145,166.924991,166.924991,4943608
2018-01-03,166.924991,168.315339,163.744514,165.119827,165.119827,6777495
2018-01-04,165.119827,165.973132,161.009272,161.845657,161.845657,7220007
2018-01-05,161.845657,164.427889,161.634036,164.213172,164.213172,2904218
2018-01-08,164.213172,164.566406,162.313392,162.663291,162.663291,3238223
2018-01-09,162.663291,166.264386,162.505025,166.102774,166.102774,2497683
2018-01-10,166.102774,169.150406,164.316741,167.350952,167.350952,10269333
2018-01-11,167.350952,167.591930,167.233514,167.474405,167.474405,6540805
2018-01-12,167.474405,167.560352,165.164704,165.249510,165.249510,6151009
2018-01-15,165.249510,165.503690,161.358420,161.606997,161.606997,4803981
2018-01-16,161.606997,162.217256,160.650490,161.259436,161.259436,8631324
2018-01-17,161.259436,162.956687,160.056355,161.749946,161.749946,13164572
2018-01-18,161.749946,163.077307,161.719194,163.046309,163.046309,9914438
2018-01-19,163.046309,163.754471,159.598936,160.295149,160.295149,8024035
2018-01-22,160.295149,160.578649,156.768273,157.046026,157.046026,8915698
2018-01-23,157.046026,158.147941,154.351375,155.442035,155.442035,8530349
2018-01-24,155.442035,157.433434,155.347661,157.337908,157.337908,5062002
2018-01-25,157.337908,157.480470,153.468167,153.607348,153.607348,5446807
2018-01-26,153.607348,155.652001,152.914954,154.953539,154.953539,7292018
2018-01-29,154.953539,155.391312,149.311408,149.734436,149.734436,4619437
2018-01-30,149.734436,152.485752,148.284376,151.023211,151.023211,6513982
2018-01-31,151.023211,151.735841,150.520225,151.232159,151.232159,6677848
2018-02-01,151.232159,151.750082,149.817150,150.331990,150.331990,5297648
2018-02-02,150.331990,153.115044,150.324275,153.107186,153.107186,7145294
2018-02-05,153.107186,155.359812,151.837107,154.081650,154.081650,9364203
2018-02-06,154.081650,155.899987,153.609511,155.423736,155.423736,6399925
2018-02-07,155.423736,155.892507,150.496066,150.951348,150.951348,10989118
2018-02-08,150.951348,151.119886,148.604392,148.770496,148.770496,7570853
2018-02-09,148.770496,150.485383,147.849545,149.559548,149.559548,4852250
2018-02-12,149.559548,150.529208,148.528350,149.497609,149.497609,9220848
2018-02-13,149.497609,149.651545,148.418272,148.571254,148.571254,4904917
2018-02-14,148.571254,150.677675,148.507274,150.612816,150.612816,6674279
2018-02-15,150.612816,154.007366,149.568214,152.946579,152.946579,5987737
2018-02-16,152.946579,153.180771,151.950606,152.183630,152.183630,4495741
2018-02-19,152.183630,155.118578,152.180396,155.115281,155.115281,9060276
2018-02-20,155.115281,156.261063,154.900645,156.045140,156.045140,8885949
2018-02-21,156.045140,156.393810,150.229646,150.566073,150.566073,5966469
2018-02-22,150.566073,154.266881,150.390373,154.087072,154.087072,7452916
2018-02-23,154.087072,154.402353,152.676346,152.989381,152.989381,4426427
2018-02-26,152.989381,153.114357,152.127867,152.252241,152.252241,6326105
2018-02-27,152.252241,152.284210,148.980574,149.011862,149.011862,7369945
2018-02-28,149.011862,150.047460,147.344494,148.375671,148.375671,5303588
2018-03-01,148.375671,149.020257,147.186529,147.828739,147.828739,7279499
2018-03-02,147.828739,147.922033,145.913620,146.005763,146.005763,7574437
2018-03-05,146.005763,147.248206,145.969261,147.211403,147.211403,6539543
2018-03-06,147.211403,148.063273,146.827356,147.678008,147.678008,3200631
2018-03-07,147.678008,151.871989,147.088940,151.268598,151.268598,5871654
2018-03-08,151.268598,155.005025,150.790767,154.516933,154.516933,6042438
2018-03-09,154.516933,155.062191,153.417753,153.961049,153.961049,5665174
2018-03-12,153.961049,154.670999,147.465165,148.148311,148.148311,8346859
2018-03-13,148.148311,148.721089,143.688288,144.245979,144.245979,5087988
2018-03-14,144.245979,145.033483,143.351289,144.138205,144.138205,6407856
2018-03-15,144.138205,144.602626,141.079157,141.535191,141.535191,6602058
2018-03-16,141.535191,142.726119,139.967613,141.155345,141.155345,8421392
2018-03-19,141.155345,141.416188,140.401627,140.661558,140.661558,4613173
2018-03-20,140.661558,140.758083,137.031117,137.125216,137.125216,4985036
2018-03-21,137.125216,138.196929,134.459914,135.519074,135.519074,4276332
2018-03-22,135.519074,135.622516,134.219857,134.322386,134.322386,5354780
2018-03-23,134.322386,137.628593,133.739429,137.033867,137.033867,8846562
2018-03-26,137.033867,137.080976,136.140834,136.187651,136.187651,5602698
2018-03-27,136.187651,139.072111,135.726831,138.603118,138.603118,2967786
2018-03-28,138.603118,139.621285,134.986246,135.985182,135.985182,4828373
2018-03-29,135.985182,138.125269,135.412419,137.545932,137.545932,4948430
2018-03-30,137.545932,139.834791,137.278368,139.563302,139.563302,9115429
2018-04-02,139.563302,142.585555,139.337575,142.355312,142.355312,3682595
2018-04-03,142.355312,142.860481,138.568294,139.061775,139.061775,4243656
2018-04-04,139.061775,143.706107,138.825613,143.462472,143.462472,8728014
2018-04-05,143.462472,143.476403,141.439401,141.453137,141.453137,3858429
2018-04-06,141.453137,142.663767,141.222182,142.431215,142.431215,6784893
2018-04-09,142.431215,145.006238,141.235743,143.799283,143.799283,5099557
2018-04-10,143.799283,146.576880,143.269696,146.039044,146.039044,3171217
2018-04-11,146.039044,147.548102,145.823035,147.330184,147.330184,3243312
2018-04-12,147.330184,148.509716,146.628427,147.805694,147.805694,5163433
2018-04-13,147.805694,147.963019,147.747482,147.904767,147.904767,7535453
2018-04-16,147.904767,148.147967,146.640104,146.881621,146.881621,4579222
2018-04-17,146.881621,156.066796,146.158149,155.301849,155.301849,3939512
2018-04-18,155.301849,155.694591,151.835019,152.219967,152.219967,13881748
2018-04-19,152.219967,154.248292,151.816049,153.840075,153.840075,10179437
2018-04-20,153.840075,157.273662,153.699029,157.129600,157.129600,9832572
2018-04-23,157.129600,158.185071,155.768919,156.822326,156.822326,5869684
2018-04-24,156.822326,158.298044,156.704256,158.178953,158.178953,6306441
2018-04-25,158.178953,158.401724,154.316946,154.534584,154.534584,5020492
2018-04-26,154.534584,154.692615,149.889068,150.042505,150.042505,7685263
2018-04-27,150.042505,150.880000,149.783129,150.619625,150.619625,4548574
2018-04-30,150.619625,151.460538,146.362694,147.184429,147.184429,4831143
2018-05-01,147.184429,147.507371,145.887763,146.208564,146.208564,8830256
2018-05-02,146.208564,149.939031,146.196066,149.926215,149.926215,8413737
2018-05-03,149.926215,150.570337,149.839291,150.483090,150.483090,6248771
2018-05-04,150.483090,150.632420,150.137580,150.286716,150.286716,5016360
2018-05-07,150.286716,150.334263,147.841884,147.888672,147.888672,10494942
2018-05-08,147.888672,148.698855,146.379962,147.186297,147.186297,3217935
2018-05-09,147.186297,148.028725,142.614231,143.435190,143.435190,5033193
2018-05-10,143.435190,145.508642,142.678372,144.744914,144.744914,3137713
2018-05-11,144.744914,146.782314,143.974303,146.004995,146.004995,8599087
2018-05-14,146.004995,146.019968,145.895699,145.910662,145.910662,6945633
2018-05-15,145.910662,146.948810,145.613781,146.650423,146.650423,5442225
2018-05-16,146.650423,146.783122,144.973869,145.105170,145.105170,8941844
2018-05-17,145.105170,145.931551,144.854495,145.679884,145.679884,8032133
2018-05-18,145.679884,146.342412,145.633360,146.295692,146.295692,2674953
2018-05-21,146.295692,148.345026,146.228598,148.277024,148.277024,2929289
2018-05-22,148.277024,148.516468,145.114350,145.349067,145.349067,6868822
2018-05-23,145.349067,145.933329,142.422288,142.997096,142.997096,4796486
2018-05-24,142.997096,144.585315,141.696806,143.282430,143.282430,8389178
2018-05-25,143.282430,143.983676,140.850826,141.543561,141.543561,5054140
2018-05-28,141.543561,141.644665,141.449420,141.550519,141.550519,4371513
2018-05-29,141.550519,141.611474,139.503964,139.564064,139.564064,5199143
2018-05-30,139.564064,140.253390,139.243739,139.932219,139.932219,7609352
2018-05-31,139.932219,141.297420,139.815061,141.179218,141.179218,3565128
2018-06-01,141.179218,145.181016,140.536946,144.523530,144.523530,3758601
2018-06-04,144.523530,144.596267,143.106413,143.178473,143.178473,3661553
2018-06-05,143.178473,144.690497,142.707274,144.215884,144.215884,4030606
2018-06-06,144.215884,145.211012,138.749652,139.713714,139.713714,8221971
2018-06-07,139.713714,144.760582,138.146574,143.154844,143.154844,5852975
2018-06-08,143.154844,145.837976,142.960668,145.640428,145.640428,6411411
2018-06-11,145.640428,145.648877,144.660109,144.668501,144.668501,4945772
2018-06-12,144.668501,146.651183,143.918071,145.894394,145.894394,6643676
2018-06-13,145.894394,147.026974,145.765627,146.897322,146.897322,7779349
2018-06-14,146.897322,148.357860,144.797236,146.251352,146.251352,4472153
2018-06-15,146.251352,148.954684,145.920630,148.618609,148.618609,6793572
2018-06-18,148.618609,149.303678,145.048809,145.720519,145.720519,12908543
2018-06-19,145.720519,145.854154,144.960858,145.093918,145.093918,6785646
2018-06-20,145.093918,147.791130,144.801497,147.493872,147.493872,5241175
2018-06-21,147.493872,147.566545,144.297781,144.368915,144.368915,4788603
2018-06-22,144.368915,152.854499,144.265374,152.744952,152.744952,4063375
2018-06-25,152.744952,153.363984,148.173763,148.776713,148.776713,9960416
2018-06-26,148.776713,149.470686,146.386543,147.072567,147.072567,7861029
2018-06-27,147.072567,147.616811,144.224164,144.759850,144.759850,3386825
2018-06-28,144.759850,144.804503,142.782910,142.826967,142.826967,5783035
2018-06-29,142.826967,143.282146,137.191559,137.630177,137.630177,4182683
2018-07-02,137.630177,137.643789,136.631882,136.645396,136.645396,8209632
2018-07-03,136.645396,137.375544,136.089486,136.818928,136.818928,7648544
2018-07-04,136.818928,136.879876,133.036398,133.095688,133.095688,5343810
2018-07-05,133.095688,133.147432,131.232186,131.283226,131.283226,4479797
2018-07-06,131.283226,131.368880,130.861497,130.946932,130.946932,5595072
2018-07-09,130.946932,131.933924,125.359179,126.311230,126.311230,6328352
2018-07-10,126.311230,129.566471,126.051147,129.300234,129.300234,4573328
2018-07-11,129.300234,131.227456,129.029835,130.953600,130.953600,4601047
2018-07-12,130.953600,132.074929,130.780708,131.900787,131.900787,6372422
2018-07-13,131.900787,132.928226,131.111428,132.137450,132.137450,6807151
2018-07-16,132.137450,132.858775,129.373282,130.083393,130.083393,5759956
2018-07-17,130.083393,130.099913,124.691315,124.707153,124.707153,3870000
2018-07-18,124.707153,124.728554,122.620301,122.641347,122.641347,4448251
2018-07-19,122.641347,122.837452,121.702763,121.897678,121.897678,6693066
2018-07-20,121.897678,122.918666,121.152670,122.171982,122.171982,4988372
2018-07-23,122.171982,122.734968,120.514647,121.072568,121.072568,8088389
2018-07-24,121.072568,121.401108,119.126478,119.450617,119.450617,2675378
2018-07-25,119.450617,119.801907,117.455284,117.801725,117.801725,6193014
2018-07-26,117.801725,117.907238,113.552254,113.654052,113.654052,4486891
2018-07-27,113.654052,117.690115,113.150482,117.170962,117.170962,12495080
2018-07-30,117.170962,118.975241,117.087701,118.890758,118.890758,4098164
2018-07-31,118.890758,122.636765,118.355854,122.087478,122.087478,3091446
2018-08-01,122.087478,124.434497,121.357280,123.694687,123.694687,7550322
2018-08-02,123.694687,124.981496,123.664530,124.951033,124.951033,5713894
2018-08-03,124.951033,126.661106,124.739007,126.446542,126.446542,5582474
2018-08-06,126.446542,126.888532,126.349744,126.791469,126.791469,5226331
2018-08-07,126.791469,129.922663,126.286555,129.407331,129.407331,10205823
2018-08-08,129.407331,129.611693,127.014518,127.215418,127.215418,9672703
2018-08-09,127.215418,127.258809,126.959065,127.002383,127.002383,5902626
2018-08-10,127.002383,129.094208,126.778539,128.867076,128.867076,2834941
2018-08-13,128.867076,134.098067,128.525228,133.743283,133.743283,13094054
2018-08-14,133.743283,140.905056,133.010568,140.137311,140.137311,5356415
2018-08-15,140.137311,142.971050,139.288909,142.110700,142.110700,3733738
2018-08-16,142.110700,142.829359,140.037223,140.748996,140.748996,6409336
2018-08-17,140.748996,140.867140,137.878786,137.994618,137.994618,7367097
2018-08-20,137.994618,138.199044,137.295375,137.499066,137.499066,7853917
2018-08-21,137.499066,138.243658,137.000696,137.744399,137.744399,7760665
2018-08-22,137.744399,142.375304,136.765808,141.370949,141.370949,5740330
2018-08-23,141.370949,142.124985,141.117525,141.870665,141.870665,7181232
2018-08-24,141.870665,142.963467,141.806283,142.898618,142.898618,8258404
2018-08-27,142.898618,144.869423,142.401948,144.367647,144.367647,5545506
2018-08-28,144.367647,144.669096,143.935775,144.236952,144.236952,5727064
2018-08-29,144.236952,144.253987,136.720716,136.736865,136.736865,5078551
2018-08-30,136.736865,138.493374,136.630351,138.385576,138.385576,6673875
2018-08-31,138.385576,138.693345,136.276149,136.579903,136.579903,5013044
2018-09-03,136.579903,140.869893,136.307688,140.589686,140.589686,5393983
2018-09-04,140.589686,142.338782,140.410103,142.157196,142.157196,7356306
2018-09-05,142.157196,146.574156,141.704905,146.109291,146.109291,7798881
2018-09-06,146.109291,146.704069,143.072617,143.657414,143.657414,9821200
2018-09-07,143.657414,147.148080,143.619860,147.109624,147.109624,5963329
2018-09-10,147.109624,149.223068,146.803896,148.913592,148.913592,2467166
2018-09-11,148.913592,149.362214,146.096254,146.537720,146.537720,7029161
2018-09-12,146.537720,147.345986,142.606577,143.397523,143.397523,7854184
2018-09-13,143.397523,143.514564,140.391667,140.506349,140.506349,2044176
2018-09-14,140.506349,141.095717,140.398506,140.987505,140.987505,5979620
2018-09-17,140.987505,143.658344,140.559533,143.223585,143.223585,7408986
2018-09-18,143.223585,143.532680,137.321600,137.618598,137.618598,6507464
2018-09-19,137.618598,138.670832,136.804257,137.855091,137.855091,4775426
2018-09-20,137.855091,141.239476,137.563563,140.941422,140.941422,6619858
2018-09-21,140.941422,141.691755,140.022943,140.772377,140.772377,7107408
2018-09-24,140.772377,141.346977,138.108592,138.674629,138.674629,4978025
2018-09-25,138.674629,139.887809,137.450854,138.663940,138.663940,6476188
2018-09-26,138.663940,138.890289,137.789431,138.014719,138.014719,7083075
2018-09-27,138.014719,138.323942,133.375860,133.675360,133.675360,7713006
2018-09-28,133.675360,135.076866,133.267338,134.665821,134.665821,5997095
2018-10-01,134.665821,134.998388,132.357333,132.685008,132.685008,3700099
2018-10-02,132.685008,134.108566,131.085936,132.507591,132.507591,5614111
2018-10-03,132.507591,132.698352,132.239421,132.430070,132.430070,10267163
2018-10-04,132.430070,133.601295,132.260159,133.430101,133.430101,3311124
2018-10-05,133.430101,133.656191,132.110552,132.334786,132.334786,8388799
2018-10-08,132.334786,132.857049,131.307893,131.828157,131.828157,4501412
2018-10-09,131.828157,132.398081,127.216511,127.768886,127.768886,6194468
2018-10-10,127.768886,127.997607,126.887857,127.115409,127.115409,8665298
2018-10-11,127.115409,129.763816,127.060342,129.707626,129.707626,5906904
2018-10-12,129.707626,129.729176,125.984855,126.005789,126.005789,6927930
2018-10-15,126.005789,129.547846,125.010442,128.532540,128.532540,6636243
2018-10-16,128.532540,129.191367,127.116509,127.771435,127.771435,4589375
2018-10-17,127.771435,129.786411,127.767513,129.782427,129.782427,7065179
2018-10-18,129.782427,135.199949,128.967182,134.355974,134.355974,6866510
2018-10-19,134.355974,134.896562,134.050837,134.590892,134.590892,10509834
2018-10-22,134.590892,135.188093,134.306205,134.902747,134.902747,3462483
2018-10-23,134.902747,134.999910,134.207453,134.304185,134.304185,6448254
2018-10-24,134.304185,137.140736,134.302125,137.138632,137.138632,2847043
2018-10-25,137.138632,137.324385,137.033916,137.219607,137.219607,7548079
2018-10-26,137.219607,138.319859,134.516021,135.603313,135.603313,7233542
2018-10-29,135.603313,137.290114,135.532874,137.218836,137.218836,9578218
2018-10-30,137.218836,137.694071,133.308775,133.772072,133.772072,4636979
2018-10-31,133.772072,134.062483,128.282156,128.561256,128.561256,6824142
2018-11-01,128.561256,132.025556,127.653684,131.100062,131.100062,4877740
2018-11-02,131.100062,133.599866,130.573461,133.065371,133.065371,4674129
2018-11-05,133.065371,134.752927,132.886727,134.572260,134.572260,5399277
2018-11-06,134.572260,137.198618,134.086313,136.704970,136.704970,6669896
2018-11-07,136.704970,137.642073,135.774111,136.711171,136.711171,6667693
2018-11-08,136.711171,137.979280,135.845541,137.111117,137.111117,9855940
2018-11-09,137.111117,137.370269,134.593272,134.848147,134.848147,6218040
2018-11-12,134.848147,136.481677,131.091024,132.698513,132.698513,7051507
2018-11-13,132.698513,134.314044,132.650825,134.265793,134.265793,4579200
2018-11-14,134.265793,135.351109,131.252814,132.322421,132.322421,4401026
2018-11-15,132.322421,133.933365,131.293983,132.900435,132.900435,7348604
2018-11-16,132.900435,133.237658,131.272126,131.606065,131.606065,6864018
2018-11-19,131.606065,132.819514,131.472905,132.685262,132.685262,5172362
2018-11-20,132.685262,132.726653,129.232396,129.272722,129.272722,5028577
2018-11-21,129.272722,129.419393,123.872705,124.013409,124.013409,8241067
2018-11-22,124.013409,124.774507,122.506037,123.262527,123.262527,5344512
2018-11-23,123.262527,126.456639,122.637378,125.818527,125.818527,5862516
2018-11-26,125.818527,126.168036,122.260729,122.601301,122.601301,4905166
2018-11-27,122.601301,123.023722,121.164650,121.583564,121.583564,4561883
2018-11-28,121.583564,122.022218,118.862511,119.292900,119.292900,9115809
2018-11-29,119.292900,122.187850,118.741840,121.626013,121.626013,3614805
2018-11-30,121.626013,121.775988,117.842663,117.988152,117.988152,5535033
2018-12-03,117.988152,120.341802,117.491609,119.837476,119.837476,3597335
2018-12-04,119.837476,123.687297,119.429961,123.268115,123.268115,6800859
2018-12-05,123.268115,123.833825,123.168815,123.734149,123.734149,9493384
2018-12-06,123.734149,123.763440,121.124787,121.153466,121.153466,6378042
2018-12-07,121.153466,122.232009,121.116071,122.194293,122.194293,5598939
2018-12-10,122.194293,122.629890,120.433577,120.864434,120.864434,5368731
2018-12-11,120.864434,121.249979,119.074106,119.455155,119.455155,4659336
2018-12-12,119.455155,123.206468,119.131581,122.873633,122.873633,4887272
2018-12-13,122.873633,123.161181,119.685451,119.966195,119.966195,6114359
2018-12-14,119.966195,120.097527,119.667526,119.798675,119.798675,6899004
2018-12-17,119.798675,120.026677,119.558773,119.786752,119.786752,13113397
2018-12-18,119.786752,122.267274,119.629522,122.106998,122.106998,10494980
2018-12-19,122.106998,122.922227,120.972584,121.785668,121.785668,4992107
2018-12-20,121.785668,124.239404,121.609458,124.059904,124.059904,5408590
2018-12-21,124.059904,124.616663,122.954284,123.508569,123.508569,8250787
2018-12-24,123.508569,125.109911,122.748701,124.344898,124.344898,8184401
2018-12-25,124.344898,124.944588,123.683770,124.283162,124.283162,9371657
2018-12-26,124.283162,125.715486,123.563307,124.991528,124.991528,6265900
2018-12-27,124.991528,126.474885,124.003695,125.483166,125.483166,4873813
2018-12-28,125.483166,127.026385,125.264075,126.804986,126.804986,8277437
2018-12-31,126.804986,127.932938,126.698268,127.825361,127.825361,7793849
2019-01-01,127.825361,131.277460,127.173625,130.611519,130.611519,5856378
2019-01-02,130.611519,133.066701,130.322225,132.772621,132.772621,8666293
2019-01-03,132.772621,133.819433,132.641009,133.686915,133.686915,5770458
2019-01-04,133.686915,134.624637,128.560585,129.468719,129.468719,8230592
2019-01-07,129.468719,129.920497,128.911086,129.362493,129.362493,5360038
2019-01-08,129.362493,129.461193,125.672576,125.768534,125.768534,3677109
2019-01-09,125.768534,127.586088,125.513006,127.327393,127.327393,4763253
2019-01-10,127.327393,127.633805,124.105852,124.405232,124.405232,5873660
2019-01-11,124.405232,125.443903,120.967451,121.985924,121.985924,4513426
2019-01-14,121.985924,124.485980,121.602191,124.095610,124.095610,4594890
2019-01-15,124.095610,126.643572,123.303022,125.839844,125.839844,6294442
2019-01-16,125.839844,126.995287,125.466367,126.619496,126.619496,5288515
2019-01-17,126.619496,128.322790,126.432606,128.133666,128.133666,6798325
2019-01-18,128.133666,130.068079,128.060338,129.993686,129.993686,6642452
2019-01-21,129.993686,132.509265,129.811087,132.323393,132.323393,4091808
2019-01-22,132.323393,133.651794,130.331647,131.653321,131.653321,5997754
2019-01-23,131.653321,133.146312,128.307490,129.779229,129.779229,9073140
2019-01-24,129.779229,130.352137,127.883327,128.450369,128.450369,5996968
2019-01-25,128.450369,128.856879,125.756519,126.155767,126.155767,5215814
2019-01-28,126.155767,126.290377,124.483225,124.616192,124.616192,4890734
2019-01-29,124.616192,126.471159,124.556502,126.410609,126.410609,10471493
2019-01-30,126.410609,127.180446,125.911889,126.680660,126.680660,5002908
2019-01-31,126.680660,127.256552,124.491401,125.059924,125.059924,5015949
2019-02-01,125.059924,125.891953,125.048248,125.880200,125.880200,4242225
2019-02-04,125.880200,130.506841,125.549398,130.164780,130.164780,6269446
2019-02-05,130.164780,130.290343,127.484669,127.607765,127.607765,4429701
2019-02-06,127.607765,129.119686,127.210039,128.718499,128.718499,6124247
2019-02-07,128.718499,129.334608,126.844474,127.454533,127.454533,7567438
2019-02-08,127.454533,127.746478,127.046987,127.338667,127.338667,5649411
2019-02-11,127.338667,129.815198,126.627541,129.094269,129.094269,4429057
2019-02-12,129.094269,129.758011,124.231796,124.873838,124.873838,7721645
2019-02-13,124.873838,125.537271,124.610077,125.272667,125.272667,8051149
2019-02-14,125.272667,125.549929,123.297643,123.571138,123.571138,3043673
2019-02-15,123.571138,124.368107,123.440094,124.236357,124.236357,6624012
2019-02-18,124.236357,126.742736,124.044977,126.547795,126.547795,9003312
2019-02-19,126.547795,128.820785,126.533082,128.805809,128.805809,3690983
2019-02-20,128.805809,129.015888,126.592588,126.799394,126.799394,11288573
2019-02-21,126.799394,127.210497,124.332562,124.736977,124.736977,3851701
2019-02-22,124.736977,125.648474,124.580417,125.490968,125.490968,8337321
2019-02-25,125.490968,130.049067,125.231276,129.780499,129.780499,7333850
2019-02-26,129.780499,134.534099,129.323695,134.062224,134.062224,5862071
2019-02-27,134.062224,134.173704,131.071912,131.180996,131.180996,5454195
2019-02-28,131.180996,131.577491,130.167767,130.562392,130.562392,4199192
2019-03-01,130.562392,130.818690,130.136984,130.392950,130.392950,9142968
2019-03-04,130.392950,130.829892,128.832474,129.265638,129.265638,3721474
2019-03-05,129.265638,129.398234,127.917067,128.048414,128.048414,6586517
2019-03-06,128.048414,128.259631,127.176916,127.387042,127.387042,12861392
2019-03-07,127.387042,128.270422,127.337863,128.220921,128.220921,9032220
2019-03-08,128.220921,128.353704,126.512045,126.643195,126.643195,7257808
2019-03-11,126.643195,126.813215,126.398942,126.568863,126.568863,4726835
2019-03-12,126.568863,127.051946,126.011152,126.493950,126.493950,6510716
2019-03-13,126.493950,128.602989,126.285535,128.391447,128.391447,5278758
2019-03-14,128.391447,129.248015,126.244297,127.092196,127.092196,3946608
2019-03-15,127.092196,127.712032,126.709106,127.328231,127.328231,5099061
2019-03-18,127.328231,127.842107,125.024544,125.531168,125.531168,3913750
2019-03-19,125.531168,125.964588,124.495508,124.926841,124.926841,8750670
2019-03-20,124.926841,128.311472,124.241702,127.611609,127.611609,7637906
2019-03-21,127.611609,131.241003,127.202843,130.821954,130.821954,7570369
2019-03-22,130.821954,133.106546,130.812725,133.097157,133.097157,6358361
2019-03-25,133.097157,133.118304,131.784055,131.804997,131.804997,4456240
2019-03-26,131.804997,134.484507,131.599490,134.275149,134.275149,6068350
2019-03-27,134.275149,134.812171,129.114040,129.632495,129.632495,4963185
2019-03-28,129.632495,129.800899,128.411828,128.578863,128.578863,10116035
2019-03-29,128.578863,128.847288,128.295245,128.563638,128.563638,3101761
2019-04-01,128.563638,131.241820,128.430176,131.105718,131.105718,6003436
2019-04-02,131.105718,131.545505,129.848156,130.285190,130.285190,2820512
2019-04-03,130.285190,131.230662,129.869371,130.813158,130.813158,10312909
2019-04-04,130.813158,131.462186,128.914680,129.557478,129.557478,8869389
2019-04-05,129.557478,130.213850,126.886308,127.532420,127.532420,4998995
2019-04-08,127.532420,129.185237,127.348922,128.999629,128.999629,2484404
2019-04-09,128.999629,134.443631,128.555792,133.982649,133.982649,5760573
2019-04-10,133.982649,134.497585,133.980072,134.494998,134.494998,8279343
2019-04-11,134.494998,138.534465,134.151750,138.181807,138.181807,5881670
2019-04-12,138.181807,138.336698,135.186145,135.337847,135.337847,2351356
2019-04-15,135.337847,137.680874,135.134985,137.474809,137.474809,5893558
2019-04-16,137.474809,138.961702,134.865228,136.339846,136.339846,7530317
2019-04-17,136.339846,138.246624,135.898650,137.800701,137.800701,7089164
2019-04-18,137.800701,140.998173,137.116467,140.301521,140.301521,6262848
2019-04-19,140.301521,143.473375,139.569581,142.728772,142.728772,2993102
2019-04-22,142.728772,143.238054,141.781207,142.288920,142.288920,4258503
2019-04-23,142.288920,143.090630,142.263452,143.065023,143.065023,4201216
2019-04-24,143.065023,145.084956,142.497359,144.511552,144.511552,7277219
2019-04-25,144.511552,144.627643,143.777957,143.893551,143.893551,6940383
2019-04-26,143.893551,145.112209,141.659520,142.869505,142.869505,6751715
2019-04-29,142.869505,143.085509,140.556568,140.769397,140.769397,10476708
2019-04-30,140.769397,141.038663,140.440668,140.709820,140.709820,6289867
2019-05-01,140.709820,145.573943,140.376722,145.230144,145.230144,3830628
2019-05-02,145.230144,145.808699,142.043580,142.611705,142.611705,7820006
2019-05-03,142.611705,143.142447,135.312213,135.817671,135.817671,6138425
2019-05-06,135.817671,135.987512,132.462946,132.628800,132.628800,4424598
2019-05-07,132.628800,133.337673,129.885239,130.583179,130.583179,4779284
2019-05-08,130.583179,131.097797,128.619631,129.128516,129.128516,8873117
2019-05-09,129.128516,129.377903,126.640764,126.885820,126.885820,9708806
2019-05-10,126.885820,127.487913,126.499604,127.101041,127.101041,4569496
2019-05-13,127.101041,130.810277,126.732587,130.432167,130.432167,6206162
2019-05-14,130.432167,133.802941,129.842871,133.201134,133.201134,3966572
2019-05-15,133.201134,133.711327,132.718746,133.228838,133.228838,4910214
2019-05-16,133.228838,136.241354,132.406188,135.405265,135.405265,5648768
2019-05-17,135.405265,137.005941,134.666821,136.262821,136.262821,12017379
2019-05-20,136.262821,137.109839,134.896899,135.740672,135.740672,5714745
2019-05-21,135.740672,135.964519,133.633646,133.854382,133.854382,5811418
2019-05-22,133.854382,134.106636,129.642600,129.887377,129.887377,5451628
2019-05-23,129.887377,130.292960,128.391209,128.793375,128.793375,4251939
2019-05-24,128.793375,130.522319,128.598359,130.324984,130.324984,7152766
2019-05-27,130.324984,131.025969,130.278787,130.979540,130.979540,4371686
2019-05-28,130.979540,133.939294,130.450085,133.400054,133.400054,6740745
2019-05-29,133.400054,135.229096,132.922181,134.746400,134.746400,4430417
2019-05-30,134.746400,138.337479,134.099480,137.676492,137.676492,9397045
2019-05-31,137.676492,140.681093,137.625270,140.628772,140.628772,5559910
2019-06-03,140.628772,141.713480,140.418932,141.502337,141.502337,7094937
2019-06-04,141.502337,143.259675,141.394599,143.150682,143.150682,8198379
2019-06-05,143.150682,143.467046,141.286919,141.599855,141.599855,4284139
2019-06-06,141.599855,150.761286,141.589187,150.749929,150.749929,9480794
2019-06-07,150.749929,153.839881,150.574032,153.660588,153.660588,9900892
2019-06-10,153.660588,161.527349,152.645644,160.467445,160.467445,10022949
2019-06-11,160.467445,161.212207,159.043513,159.785109,159.785109,5566199
2019-06-12,159.785109,160.417556,157.422037,158.047606,158.047606,4970524
2019-06-13,158.047606,158.224816,156.891598,157.067709,157.067709,6245963
2019-06-14,157.067709,157.839414,155.706818,156.475614,156.475614,3497944
2019-06-17,156.475614,156.813381,156.285834,156.623422,156.623422,8889594
2019-06-18,156.623422,157.139082,155.861170,156.376016,156.376016,4002950
2019-06-19,156.376016,156.931575,156.074088,156.629159,156.629159,5238668
2019-06-20,156.629159,157.787584,153.030218,154.170458,154.170458,3619359
2019-06-21,154.170458,157.955810,153.900434,157.679639,157.679639,4159795
2019-06-24,157.679639,158.410804,156.150209,156.877655,156.877655,5261712
2019-06-25,156.877655,158.679281,155.760337,157.557123,157.557123,3824706
2019-06-26,157.557123,161.799775,157.080617,161.311913,161.311913,4940703
2019-06-27,161.311913,161.880069,154.083875,154.628491,154.628491,5098865
2019-06-28,154.628491,157.517099,154.298448,157.181606,157.181606,4739375
2019-07-01,157.181606,160.075056,156.818113,159.705725,159.705725,6593672
2019-07-02,159.705725,162.589633,159.189002,162.065276,162.065276,4484485
2019-07-03,162.065276,168.516970,160.188645,166.587969,166.587969,4886161
2019-07-04,166.587969,167.393211,164.568431,165.367776,165.367776,4977756
2019-07-05,165.367776,165.640546,164.679226,164.951310,164.951310,3375455
2019-07-08,164.951310,168.069770,164.668469,167.782075,167.782075,9745940
2019-07-09,167.782075,168.164653,165.542432,165.920767,165.920767,5084354
2019-07-10,165.920767,167.840077,162.599313,164.502214,164.502214,5526621
2019-07-11,164.502214,166.112681,164.123971,165.731612,165.731612,8080427
2019-07-12,165.731612,167.534156,165.682197,167.484218,167.484218,9592539
2019-07-15,167.484218,167.656717,167.482543,167.655040,167.655040,3351004
2019-07-16,167.655040,167.932243,162.457403,162.726457,162.726457,4234060
2019-07-17,162.726457,162.891135,159.526880,159.688483,159.688483,5099898
2019-07-18,159.688483,161.515328,159.348286,161.171971,161.171971,3431685
2019-07-19,161.171971,162.878928,159.537917,161.244142,161.244142,5246698
2019-07-22,161.244142,164.456317,160.973150,164.180390,164.180390,5371266
2019-07-23,164.180390,167.717895,163.643731,167.171459,167.171459,14037770
2019-07-24,167.171459,168.454506,167.140570,168.423386,168.423386,5327172
2019-07-25,168.423386,172.442131,167.858529,171.865729,171.865729,7381738
2019-07-26,171.865729,172.233777,169.742644,170.106926,170.106926,4212431
2019-07-29,170.106926,173.148974,169.978907,173.018764,173.018764,6001259
2019-07-30,173.018764,173.867113,171.329353,172.173558,172.173558,5860477
2019-07-31,172.173558,172.973215,171.993676,172.792687,172.792687,8650139
2019-08-01,172.792687,175.966813,172.158416,175.323253,175.323253,6112338
2019-08-02,175.323253,177.375724,174.505415,176.552154,176.552154,6920874
2019-08-05,176.552154,180.249108,175.260576,178.940061,178.940061,6598982
2019-08-06,178.940061,179.415256,176.140305,176.609310,176.609310,6736775
2019-08-07,176.609310,177.076048,173.292689,173.751876,173.751876,2377128
2019-08-08,173.751876,174.607064,169.916432,170.756879,170.756879,2963001
2019-08-09,170.756879,172.959059,170.399659,172.597987,172.597987,6271220
2019-08-12,172.597987,176.248762,171.873796,175.512342,175.512342,3241438
2019-08-13,175.512342,176.335302,172.702222,173.515820,173.515820,4402010
2019-08-14,173.515820,174.215245,168.808270,169.491473,169.491473,8996011
2019-08-15,169.491473,169.548211,165.202411,165.257731,165.257731,4974751
2019-08-16,165.257731,167.229853,164.676494,166.643740,166.643740,4761689
2019-08-19,166.643740,170.530028,166.639518,170.525707,170.525707,5307578
2019-08-20,170.525707,172.136950,169.480446,171.088241,171.088241,3905805
2019-08-21,171.088241,174.304760,171.026214,174.241590,174.241590,5171131
2019-08-22,174.241590,174.669860,171.980042,172.403795,172.403795,6493723
2019-08-23,172.403795,176.420091,172.003155,176.011068,176.011068,3927512
2019-08-26,176.011068,177.768693,175.553038,177.307290,177.307290,3977046
2019-08-27,177.307290,179.666604,176.661261,179.014355,179.014355,4346861
2019-08-28,179.014355,179.072349,178.374580,178.432385,178.432385,6972970
2019-08-29,178.432385,179.733306,173.185835,174.457778,174.457778,5074441
2019-08-30,174.457778,176.265363,174.397271,176.204250,176.204250,3721480
2019-09-02,176.204250,176.317936,174.315012,174.427552,174.427552,6517868
2019-09-03,174.427552,174.757012,172.980969,173.308315,173.308315,10142802
2019-09-04,173.308315,175.884397,172.458722,175.026382,175.026382,3280642
2019-09-05,175.026382,181.952646,174.233585,181.132193,181.132193,3898191
2019-09-06,181.132193,181.944336,179.918646,180.728981,180.728981,4154736
2019-09-09,180.728981,181.315211,178.282801,178.862977,178.862977,5110377
2019-09-10,178.862977,180.701207,178.496713,180.331935,180.331935,5720254
2019-09-11,180.331935,188.490994,179.165206,187.279317,187.279317,4383919
2019-09-12,187.279317,187.340528,185.782180,185.842921,185.842921,4485039
2019-09-13,185.842921,190.457524,184.296234,188.885515,188.885515,7844718
2019-09-16,188.885515,189.064166,186.904190,187.081134,187.081134,5080251
2019-09-17,187.081134,187.377567,182.339841,182.629220,182.629220,4884466
2019-09-18,182.629220,189.025682,181.099757,187.455797,187.455797,9033948
2019-09-19,187.455797,188.238027,183.876455,184.646964,184.646964,19888206
2019-09-20,184.646964,185.985515,179.432882,180.743133,180.743133,4175934
2019-09-23,180.743133,187.286023,180.354826,186.884522,186.884522,5339713
2019-09-24,186.884522,187.411819,183.849379,184.369580,184.369580,5581926
2019-09-25,184.369580,184.899395,184.153113,184.682560,184.682560,8600964
2019-09-26,184.682560,186.495330,184.637142,186.449477,186.449477,7749966
2019-09-27,186.449477,187.518808,186.214494,187.282775,187.282775,3214531
2019-09-30,187.282775,188.321152,185.844322,186.880468,186.880468,2274918
2019-10-01,186.880468,189.939713,186.423636,189.476535,189.476535,7034638
2019-10-02,189.476535,190.312275,186.421075,187.246980,187.246980,4947793
2019-10-03,187.246980,187.257220,186.723646,186.733858,186.733858,3091261
2019-10-04,186.733858,189.431075,185.101709,187.789698,187.789698,9196360
2019-10-07,187.789698,191.777330,187.103969,191.079588,191.079588,4404109
2019-10-08,191.079588,193.344411,190.355517,192.614523,192.614523,4147520
2019-10-09,192.614523,193.942640,191.466760,192.793809,192.793809,11358873
2019-10-10,192.793809,199.048241,192.270199,198.509109,198.509109,10638849
2019-10-11,198.509109,199.371949,198.305330,199.167494,199.167494,4932913
2019-10-14,199.167494,201.120722,199.105540,201.058181,201.058181,4783149
2019-10-15,201.058181,201.635505,200.390660,200.967725,200.967725,7259468
2019-10-16,200.967725,204.177117,200.711917,203.917554,203.917554,8824177
2019-10-17,203.917554,204.115405,202.913718,203.110786,203.110786,6293462
2019-10-18,203.110786,203.543203,202.828444,203.260653,203.260653,6223878
2019-10-21,203.260653,205.626426,202.961493,205.324229,205.324229,6849381
2019-10-22,205.324229,206.614538,202.465039,203.745427,203.745427,5557067
2019-10-23,203.745427,206.691066,203.194661,206.133844,206.133844,6371326
2019-10-24,206.133844,206.495293,204.036658,204.395058,204.395058,9565573
2019-10-25,204.395058,204.489870,200.727871,200.821026,200.821026,5507175
2019-10-28,200.821026,203.490824,200.354671,203.019364,203.019364,7059124
2019-10-29,203.019364,203.166637,201.973368,202.119988,202.119988,2532060
2019-10-30,202.119988,204.609201,202.023346,204.511416,204.511416,3679009
2019-10-31,204.511416,205.290844,201.446086,202.216769,202.216769,7611310
2019-11-01,202.216769,203.033898,200.161369,200.973474,200.973474,9634803
2019-11-04,200.973474,201.469664,200.660546,201.156450,201.156450,4218347
2019-11-05,201.156450,201.904599,199.137794,199.881199,199.881199,5781095
2019-11-06,199.881199,201.985902,199.126826,201.226452,201.226452,7459941
2019-11-07,201.226452,202.652118,200.089067,201.513114,201.513114,6769020
2019-11-08,201.513114,207.932165,201.477859,207.895794,207.895794,6775544
2019-11-11,207.895794,208.904651,204.296750,205.292976,205.292976,3492139
2019-11-12,205.292976,207.250202,204.089124,206.041957,206.041957,5360299
2019-11-13,206.041957,207.338694,206.020374,207.316977,207.316977,9476028
2019-11-14,207.316977,209.353712,202.012779,204.017095,204.017095,6988656
2019-11-15,204.017095,204.148919,194.829003,194.954972,194.954972,4280996
2019-11-18,194.954972,195.098983,193.706945,193.850140,193.850140,3211076
2019-11-19,193.850140,195.826423,193.559215,195.532973,195.532973,4383553
2019-11-20,195.532973,198.406394,193.901112,196.764257,196.764257,7598051
2019-11-21,196.764257,196.936065,195.749813,195.920885,195.920885,3924048
2019-11-22,195.920885,195.964501,191.716828,191.759518,191.759518,4775421
2019-11-25,191.759518,193.822651,191.516425,193.577254,193.577254,10848324
2019-11-26,193.577254,193.626435,193.482545,193.531714,193.531714,6651661
2019-11-27,193.531714,196.400926,193.262333,196.127932,196.127932,5775181
2019-11-28,196.127932,196.296907,195.091389,195.259615,195.259615,5265465
2019-11-29,195.259615,196.617264,192.439075,193.786482,193.786482,6191598
2019-12-02,193.786482,195.179169,193.071917,194.462113,194.462113,2650806
2019-12-03,194.462113,195.230327,192.013301,192.774849,192.774849,10456160
2019-12-04,192.774849,199.381096,192.566574,199.165915,199.165915,8199799
2019-12-05,199.165915,199.309236,196.848974,196.990729,196.990729,4023989
2019-12-06,196.990729,198.300290,196.485568,197.793072,197.793072,9101278
2019-12-09,197.793072,199.413262,184.636110,186.161017,186.161017,5907691
2019-12-10,186.161017,188.822707,185.586680,188.241949,188.241949,11977604
2019-12-11,188.241949,189.910249,187.722771,189.387910,189.387910,5369442
2019-12-12,189.387910,190.458760,186.561020,187.621883,187.621883,3038063
2019-12-13,187.621883,189.021446,185.386577,186.779858,186.779858,3678136
2019-12-16,186.779858,187.023072,184.723620,184.964470,184.964470,9088158
2019-12-17,184.964470,186.351798,184.546028,185.931169,185.931169,10313863
2019-12-18,185.931169,186.325451,185.568519,185.962739,185.962739,8249594
2019-12-19,185.962739,186.130769,184.606405,184.773360,184.773360,3547749
2019-12-20,184.773360,185.137803,184.718214,185.082564,185.082564,6532923
2019-12-23,185.082564,185.358591,181.327281,181.598111,181.598111,6153870
2019-12-24,181.598111,184.288571,179.647081,182.329682,182.329682,3129620
2019-12-25,182.329682,184.010571,181.891227,183.569136,183.569136,4435554
2019-12-26,183.569136,184.008945,180.535796,180.969377,180.969377,6479940
2019-12-27,180.969377,181.408677,180.464472,180.903612,180.903612,11081762
2019-12-30,180.903612,181.112119,180.629421,180.837852,180.837852,7298804
2019-12-31,180.837852,184.355202,180.339924,183.848983,183.848983,7907880
2020-01-01,183.848983,183.885973,181.018025,181.054453,181.054453,7563993
2020-01-02,181.054453,181.309913,180.948277,181.203651,181.203651,7199673
2020-01-03,181.203651,185.762460,179.218860,183.749780,183.749780,7925952
2020-01-06,183.749780,183.760485,182.481278,182.491910,182.491910,5460637
2020-01-07,182.491910,185.517398,182.187564,185.208521,185.208521,11029008
2020-01-08,185.208521,187.955270,184.809803,187.551507,187.551507,7542451
2020-01-09,187.551507,188.262051,180.566127,181.252808,181.252808,2791211
2020-01-10,181.252808,181.993061,180.777596,181.517157,181.517157,11732642
2020-01-13,181.517157,186.930205,181.190454,186.594364,186.594364,6506523
2020-01-14,186.594364,189.003885,182.099889,184.482135,184.482135,8405393
2020-01-15,184.482135,188.619512,183.851552,187.976983,187.976983,4239443
2020-01-16,187.976983,191.233223,187.260786,190.507384,190.507384,7182072
2020-01-17,190.507384,192.731362,189.473134,191.690687,191.690687,7860030
2020-01-20,191.690687,193.473439,191.430034,193.210718,193.210718,9387888
2020-01-21,193.210718,193.774641,191.108211,191.667631,191.667631,8769127
2020-01-22,191.667631,191.817902,189.838879,189.987833,189.987833,5408079
2020-01-23,189.987833,195.418993,189.252510,194.665565,194.665565,7721733
2020-01-24,194.665565,195.916804,192.208692,193.452131,193.452131,10739096
2020-01-27,193.452131,193.990542,193.294083,193.832183,193.832183,5448698
2020-01-28,193.832183,194.664824,192.208140,193.037366,193.037366,6996457
2020-01-29,193.037366,194.965284,193.015382,194.943084,194.943084,5712214
2020-01-30,194.943084,196.784260,194.234847,196.071922,196.071922,7666879
2020-01-31,196.071922,198.789594,194.408468,197.117270,197.117270,5916992
2020-02-03,197.117270,197.172365,192.722679,192.776560,192.776560,6995269
2020-02-04,192.776560,195.419426,192.383288,195.021574,195.021574,4439209
2020-02-05,195.021574,198.289902,192.497276,195.756096,195.756096,15098936
2020-02-06,195.756096,204.288872,194.518722,203.005674,203.005674,2582904
2020-02-07,203.005674,203.474108,202.748450,203.216617,203.216617,3085545
2020-02-10,203.216617,203.808620,201.031450,201.618798,201.618798,4284828
2020-02-11,201.618798,202.745842,199.504502,200.625997,200.625997,6495419
2020-02-12,200.625997,201.044230,194.758012,195.164861,195.164861,8464763
2020-02-13,195.164861,196.589943,194.255564,195.678254,195.678254,5124175
2020-02-14,195.678254,195.787339,190.713026,190.819402,190.819402,5866555
2020-02-17,190.819402,191.853672,187.951749,188.976028,188.976028,2690393
2020-02-18,188.976028,189.794750,185.556751,186.364158,186.364158,7013717
2020-02-19,186.364158,187.167897,184.257204,185.055299,185.055299,11897640
2020-02-20,185.055299,185.121869,181.408195,181.473477,181.473477,4761800
2020-02-21,181.473477,181.568312,168.240610,168.328577,168.328577,3662031
2020-02-24,168.328577,168.456968,154.066667,154.184270,154.184270,5316719
2020-02-25,154.184270,154.323776,126.475643,126.590182,126.590182,9907566
2020-02-26,126.590182,126.759689,113.272047,113.423924,113.423924,5548402
2020-02-27,113.423924,113.600900,107.990302,108.159063,108.159063,3854441
2020-02-28,108.159063,108.206479,93.248002,93.288899,93.288899,3658035
2020-03-02,93.288899,109.801779,92.898715,109.344442,109.344442,7684853
2020-03-03,109.344442,112.153591,108.869149,111.668197,111.668197,9930719
2020-03-04,111.668197,112.265982,101.690871,102.238174,102.238174,6675924
2020-03-05,102.238174,102.757874,96.287195,96.779146,96.779146,5741000
2020-03-06,96.779146,97.621663,96.601900,97.443201,97.443201,5069671
2020-03-09,97.443201,102.174817,96.964083,101.674892,101.674892,5395316
2020-03-10,101.674892,102.084198,95.981947,96.369897,96.369897,9507830
2020-03-11,96.369897,103.196238,95.151779,101.908117,101.908117,5800733
2020-03-12,101.908117,102.741561,96.364985,97.159594,97.159594,5019139
2020-03-13,97.159594,97.245951,96.680760,96.766768,96.766768,6288617
2020-03-16,96.766768,97.101840,96.098092,96.432005,96.432005,6337333
2020-03-17,96.432005,97.137681,89.324321,89.982802,89.982802,3166871
2020-03-18,89.982802,98.754234,89.467552,98.191978,98.191978,5058678
2020-03-19,98.191978,105.688000,97.935518,105.412680,105.412680,5519852
2020-03-20,105.412680,105.506449,103.149941,103.241779,103.241779,5352876
2020-03-23,103.241779,103.523723,95.314272,95.575279,95.575279,5033754
2020-03-24,95.575279,96.337574,95.117341,95.878184,95.878184,3984950
2020-03-25,95.878184,97.304423,95.835558,97.261182,97.261182,7579735
2020-03-26,97.261182,98.202380,97.015858,97.955305,97.955305,4810395
2020-03-27,97.955305,98.214016,95.351024,95.603524,95.603524,8335149
2020-03-30,95.603524,96.273450,95.361953,96.030799,96.030799,4752841
2020-03-31,96.030799,96.418476,95.967186,96.354648,96.354648,4041801
2020-04-01,96.354648,99.917488,96.315050,99.876442,99.876442,7740039
2020-04-02,99.876442,100.624172,99.522843,100.269182,100.269182,5738377
2020-04-03,100.269182,100.665693,98.756746,99.148826,99.148826,1776411
2020-04-06,99.148826,99.916382,93.171461,93.898371,93.898371,5302163
2020-04-07,93.898371,94.332277,93.695614,94.129022,94.129022,6536752
2020-04-08,94.129022,94.229507,91.054338,91.151644,91.151644,4170505
2020-04-09,91.151644,91.356586,90.292578,90.496046,90.496046,5175047
2020-04-10,90.496046,90.810487,88.857348,89.167171,89.167171,11977846
2020-04-13,89.167171,89.294343,89.018669,89.145811,89.145811,8396749
2020-04-14,89.145811,90.642904,89.051661,90.547274,90.547274,5258736
2020-04-15,90.547274,90.659507,90.048034,90.159786,90.159786,10205256
2020-04-16,90.159786,90.429853,89.965707,90.235611,90.235611,5826175
2020-04-17,90.235611,93.013011,90.222432,92.999428,92.999428,9040084
2020-04-20,92.999428,93.433523,92.099358,92.531268,92.531268,6355076
2020-04-21,92.531268,97.197690,91.682381,96.314100,96.314100,7098138
2020-04-22,96.314100,96.649229,95.505279,95.838755,95.838755,3778659
2020-04-23,95.838755,97.682335,95.310367,97.146736,97.146736,6112410
2020-04-24,97.146736,100.176094,96.496451,99.509990,99.509990,4957580
2020-04-27,99.509990,100.264072,94.616492,95.338966,95.338966,4671871
2020-04-28,95.338966,95.825557,93.197675,93.675778,93.675778,3779744
2020-04-29,93.675778,93.801950,93.053606,93.179109,93.179109,5191353
2020-04-30,93.179109,93.318751,93.143008,93.282610,93.282610,6581757
2020-05-01,93.282610,93.629450,92.789609,93.135904,93.135904,5840677
2020-05-04,93.135904,94.214360,92.463628,93.539173,93.539173,6205937
2020-05-05,93.539173,95.401089,93.417149,95.276799,95.276799,5188583
2020-05-06,95.276799,95.490757,95.142375,95.356221,95.356221,3481363
2020-05-07,95.356221,96.343708,94.909143,95.894109,95.894109,14967897
2020-05-08,95.894109,96.516018,92.377370,92.980382,92.980382,5046501
2020-05-11,92.980382,93.973684,92.126237,93.118272,93.118272,5776803
2020-05-12,93.118272,94.805922,92.827292,94.510591,94.510591,8290871
2020-05-13,94.510591,96.136379,93.607394,95.226341,95.226341,10829528
2020-05-14,95.226341,96.995283,94.747629,96.510116,96.510116,8313028
2020-05-15,96.510116,96.512767,95.621347,95.623973,95.623973,8621552
2020-05-18,95.623973,95.869144,94.740871,94.984402,94.984402,3710603
2020-05-19,94.984402,95.019035,92.986333,93.020250,93.020250,4823894
2020-05-20,93.020250,93.146405,91.988917,92.113843,92.113843,4029367
2020-05-21,92.113843,93.402069,91.730524,93.015000,93.015000,4212245
2020-05-22,93.015000,93.463651,90.862172,91.302563,91.302563,8365125
2020-05-25,91.302563,92.456968,91.211964,92.365314,92.365314,10192936
2020-05-26,92.365314,92.880122,92.252021,92.766337,92.766337,5833233
2020-05-27,92.766337,95.779508,92.603565,95.611744,95.611744,5907518
2020-05-28,95.611744,95.932106,95.516479,95.836618,95.836618,3088309
2020-05-29,95.836618,96.205276,95.000438,95.367292,95.367292,8423082
2020-06-01,95.367292,96.021437,95.342719,95.996702,95.996702,7577679
2020-06-02,95.996702,96.124012,94.477873,94.603336,94.603336,7377790
2020-06-03,94.603336,95.117302,91.290104,91.788780,91.788780,4419440
2020-06-04,91.788780,93.595378,91.292955,93.092511,93.092511,11637353
2020-06-05,93.092511,93.183107,88.677179,88.763562,88.763562,7569293
2020-06-08,88.763562,89.453336,85.669468,86.340413,86.340413,5408917
2020-06-09,86.340413,86.461968,86.030888,86.152178,86.152178,2754349
2020-06-10,86.152178,86.544128,84.374724,84.760342,84.760342,7690135
2020-06-11,84.760342,84.777339,84.519823,84.536776,84.536776,3536328
2020-06-12,84.536776,86.375869,84.401346,86.237715,86.237715,4865615
2020-06-15,86.237715,86.594473,85.470968,85.826024,85.826024,4564572
2020-06-16,85.826024,86.488398,85.525043,86.186155,86.186155,8222391
2020-06-17,86.186155,86.830553,84.280063,84.914957,84.914957,7074340
2020-06-18,84.914957,86.972499,84.467360,86.516460,86.516460,9812580
2020-06-19,86.516460,86.742593,84.915723,85.138253,85.138253,5177621
2020-06-22,85.138253,87.609451,84.395964,86.852218,86.852218,5987357
2020-06-23,86.852218,86.954923,86.523200,86.625637,86.625637,5040903
2020-06-24,86.625637,86.739675,86.588080,86.702084,86.702084,5242372
2020-06-25,86.702084,86.733040,84.037663,84.067678,84.067678,5977216
2020-06-26,84.067678,84.174516,82.760431,82.865741,82.865741,9740081
2020-06-29,82.865741,83.712569,82.864413,83.711228,83.711228,7241155
2020-06-30,83.711228,83.998731,80.731528,81.009753,81.009753,12543654
2020-07-01,81.009753,81.216848,80.335118,80.541015,80.541015,5541884
2020-07-02,80.541015,80.902328,80.248854,80.609917,80.609917,5649009
2020-07-03,80.609917,80.655836,79.405541,79.450801,79.450801,4178106
2020-07-06,79.450801,79.936158,79.284830,79.769521,79.769521,6900684
2020-07-07,79.769521,80.064551,79.655836,79.950608,79.950608,5743364
2020-07-08,79.950608,82.054671,79.689037,81.787092,81.787092,5977748
2020-07-09,81.787092,82.025385,78.385876,78.614926,78.614926,9898564
2020-07-10,78.614926,78.913622,77.618610,77.914645,77.914645,3058817
2020-07-13,77.914645,78.012813,77.651427,77.749387,77.749387,4687671
2020-07-14,77.749387,81.022838,77.716068,80.988132,80.988132,4473144
2020-07-15,80.988132,81.360456,79.435528,79.802401,79.802401,4249562
2020-07-16,79.802401,80.329885,78.850018,79.374674,79.374674,4302624
2020-07-17,79.374674,82.506098,79.174845,82.298907,82.298907,7459825
2020-07-20,82.298907,83.699507,82.175047,83.573729,83.573729,8708723
2020-07-21,83.573729,83.794939,82.807356,83.027119,83.027119,5863171
2020-07-22,83.027119,83.911287,81.561221,82.439127,82.439127,6809965
2020-07-23,82.439127,82.787252,81.061008,81.404766,81.404766,3185699
2020-07-24,81.404766,81.608168,80.317149,80.518337,80.518337,3829416
2020-07-27,80.518337,81.691301,80.236206,81.406060,81.406060,7201857
2020-07-28,81.406060,82.742051,81.359844,82.695103,82.695103,7337758
2020-07-29,82.695103,83.757885,82.298552,83.358154,83.358154,7488117
2020-07-30,83.358154,83.777435,80.233737,80.639344,80.639344,3820174
2020-07-31,80.639344,82.461818,80.459807,82.278632,82.278632,4867179
2020-08-03,82.278632,83.991176,82.120992,83.830563,83.830563,8305893
2020-08-04,83.830563,84.367438,83.612594,84.148642,84.148642,5236368
2020-08-05,84.148642,85.484285,83.624177,84.954795,84.954795,5884845
2020-08-06,84.954795,85.069388,84.937899,85.052473,85.052473,5908733
2020-08-07,85.052473,85.493571,84.999981,85.440840,85.440840,3168684
2020-08-10,85.440840,85.735081,82.445852,82.730760,82.730760,6096131
2020-08-11,82.730760,83.558715,80.765524,81.581982,81.581982,3870872
2020-08-12,81.581982,84.469478,81.576758,84.464070,84.464070,9065498
2020-08-13,84.464070,88.026403,84.045524,87.592355,87.592355,6256557
2020-08-14,87.592355,87.909822,85.014086,85.323329,85.323329,6820623
2020-08-17,85.323329,87.013223,85.312807,87.002494,87.002494,3873049
2020-08-18,87.002494,90.550853,86.818404,90.359659,90.359659,4686556
2020-08-19,90.359659,90.364205,88.542406,88.546861,88.546861,5177303
2020-08-20,88.546861,91.207998,88.308119,90.962743,90.962743,6905675
2020-08-21,90.962743,91.165488,87.672364,87.868211,87.868211,9905462
2020-08-24,87.868211,90.868205,87.194244,90.176532,90.176532,2933945
2020-08-25,90.176532,90.723173,90.049525,90.595575,90.595575,5252667
2020-08-26,90.595575,91.010054,88.437794,88.844261,88.844261,5129981
2020-08-27,88.844261,89.616455,88.717968,89.489245,89.489245,4808145
2020-08-28,89.489245,92.167306,89.269359,91.941395,91.941395,1894954
2020-08-31,91.941395,92.982081,91.891984,92.932138,92.932138,3755147
2020-09-01,92.932138,92.932495,91.054382,91.054732,91.054732,7176775
2020-09-02,91.054732,91.698120,90.975663,91.618561,91.618561,4496987
2020-09-03,91.618561,91.779004,89.187151,89.343609,89.343609,5969572
2020-09-04,89.343609,89.641608,87.036977,87.328254,87.328254,9409523
2020-09-07,87.328254,89.207155,86.960139,88.832698,88.832698,3176807
2020-09-08,88.832698,88.899404,88.125257,88.191481,88.191481,4860303
2020-09-09,88.191481,88.575783,86.605000,86.984041,86.984041,3765670
2020-09-10,86.984041,87.319500,84.346661,84.673208,84.673208,7866280
2020-09-11,84.673208,84.963684,83.778768,84.067165,84.067165,4038659
2020-09-14,84.067165,84.408886,83.758551,84.100151,84.100151,9851313
2020-09-15,84.100151,84.463960,80.420429,80.769832,80.769832,4416917
2020-09-16,80.769832,81.248001,80.740081,81.218085,81.218085,5012247
2020-09-17,81.218085,81.412756,79.997967,80.190174,80.190174,4561879
2020-09-18,80.190174,80.582372,80.102412,80.494277,80.494277,7204002
2020-09-21,80.494277,81.125938,80.474230,81.105738,81.105738,11072235
2020-09-22,81.105738,82.150655,80.645133,81.686750,81.686750,4793475
2020-09-23,81.686750,83.758915,81.030300,83.091179,83.091179,6758964
2020-09-24,83.091179,83.259586,79.743676,79.905627,79.905627,2477157
2020-09-25,79.905627,79.981319,79.371964,79.447222,79.447222,5069782
2020-09-28,79.447222,79.480332,79.156022,79.189024,79.189024,4002837
2020-09-29,79.189024,79.342430,78.444935,78.597194,78.597194,6125357
2020-09-30,78.597194,78.834503,76.951752,77.184796,77.184796,6781773
2020-10-01,77.184796,77.613543,77.097819,77.526182,77.526182,5868584
2020-10-02,77.526182,78.077786,73.987839,74.518041,74.518041,5279479
2020-10-05,74.518041,76.690459,74.410306,76.579743,76.579743,6158721
2020-10-06,76.579743,76.919155,74.969049,75.302801,75.302801,9328100
2020-10-07,75.302801,75.432104,72.228484,72.352721,72.352721,8886297
2020-10-08,72.352721,74.377001,72.282006,74.304379,74.304379,6109647
2020-10-09,74.304379,74.733691,73.890256,74.319484,74.319484,6292996
2020-10-12,74.319484,75.917435,74.004456,75.596992,75.596992,5801429
2020-10-13,75.596992,76.004427,75.540778,75.947951,75.947951,9233984
2020-10-14,75.947951,76.529899,75.239169,75.820137,75.820137,5730000
2020-10-15,75.820137,75.979438,75.634870,75.794117,75.794117,3651571
2020-10-16,75.794117,76.079947,75.530163,75.815917,75.815917,8425079
2020-10-19,75.815917,76.106233,74.384489,74.670419,74.670419,8497985
2020-10-20,74.670419,74.809713,73.640896,73.778526,73.778526,5481694
2020-10-21,73.778526,75.633450,73.312325,75.158529,75.158529,4491612
2020-10-22,75.158529,76.035599,74.805488,75.680108,75.680108,4853709
2020-10-23,75.680108,76.260925,75.519631,76.099559,76.099559,5554268
2020-10-26,76.099559,77.449033,75.654129,76.998342,76.998342,5280195
2020-10-27,76.998342,78.671337,76.975197,78.647696,78.647696,4508559
2020-10-28,78.647696,80.410373,78.438947,80.197511,80.197511,6403072
2020-10-29,80.197511,80.568911,80.133452,80.504607,80.504607,9142389
2020-10-30,80.504607,80.621199,79.870966,79.986808,79.986808,4151681
2020-11-02,79.986808,83.313700,79.706565,83.022821,83.022821,7801917
2020-11-03,83.022821,85.042724,82.916911,84.934376,84.934376,4674534
2020-11-04,84.934376,85.229354,83.896145,84.188532,84.188532,6443547
2020-11-05,84.188532,84.215530,83.960406,83.987339,83.987339,5967259
2020-11-06,83.987339,85.007342,83.515950,84.532891,84.532891,4994283
2020-11-09,84.532891,84.722467,84.478008,84.667497,84.667497,10523303
2020-11-10,84.667497,86.232558,84.373486,85.934149,85.934149,6359405
2020-11-11,85.934149,86.481208,85.571125,86.117411,86.117411,7129457
2020-11-12,86.117411,86.145232,85.589313,85.616973,85.616973,4127516
2020-11-13,85.616973,88.045838,85.189503,87.608425,87.608425,3777128
2020-11-16,87.608425,91.685031,86.996100,91.048661,91.048661,5713144
2020-11-17,91.048661,91.519702,89.592930,90.058851,90.058851,5192811
2020-11-18,90.058851,90.991555,90.019779,90.952096,90.952096,6259786
2020-11-19,90.952096,92.355169,90.587115,91.986039,91.986039,4934773
2020-11-20,91.986039,92.489352,90.372415,90.869620,90.869620,6326788
2020-11-23,90.869620,91.245093,90.768640,91.143809,91.143809,6979267
2020-11-24,91.143809,93.257231,91.140612,93.253959,93.253959,6754899
2020-11-25,93.253959,93.960310,93.010767,93.715913,93.715913,4042423
2020-11-26,93.715913,93.847839,92.420606,92.550892,92.550892,4531913
2020-11-27,92.550892,93.120314,92.491017,93.060109,93.060109,4915111
2020-11-30,93.060109,93.475244,92.727772,93.142613,93.142613,4996912
2020-12-01,93.142613,95.652599,92.882248,95.385963,95.385963,10763070
2020-12-02,95.385963,98.035868,94.883996,97.522656,97.522656,6729095
2020-12-03,97.522656,99.211214,97.258261,98.942968,98.942968,4805541
2020-12-04,98.942968,99.001410,98.271409,98.329488,98.329488,6425629
2020-12-07,98.329488,99.681982,98.325663,99.678105,99.678105,10011329
2020-12-08,99.678105,99.830937,98.058476,98.209056,98.209056,7416875
2020-12-09,98.209056,99.095438,98.015675,98.900695,98.900695,3864554
2020-12-10,98.900695,100.485058,98.616252,100.196887,100.196887,6334669
2020-12-11,100.196887,101.233295,99.728133,100.761898,100.761898,4901492
2020-12-14,100.761898,101.155397,99.371875,99.761467,99.761467,2510427
2020-12-15,99.761467,100.697978,99.453213,100.387789,100.387789,6003368
2020-12-16,100.387789,100.984338,98.005385,98.591259,98.591259,8568461
2020-12-17,98.591259,99.781811,98.357186,99.545473,99.545473,4595105
2020-12-18,99.545473,100.198026,98.868856,99.521250,99.521250,6285866
2020-12-21,99.521250,103.741567,98.946375,103.145755,103.145755,6145811
2020-12-22,103.145755,104.603623,102.524105,103.976963,103.976963,7698004
2020-12-23,103.976963,104.549930,103.813456,104.385780,104.385780,6800354
2020-12-24,104.385780,105.165971,104.170905,104.949936,104.949936,4064812
2020-12-25,104.949936,105.108870,102.921616,103.077715,103.077715,11216046
2020-12-28,103.077715,103.149048,99.662363,99.731380,99.731380,3902587
2020-12-29,99.731380,99.766805,98.305945,98.340875,98.340875,10354651
2020-12-30,98.340875,98.986663,98.263250,98.908590,98.908590,6444116
2020-12-31,98.908590,99.052613,98.152500,98.295630,98.295630,4932797
2021-01-01,98.295630,98.782717,96.870392,97.352806,97.352806,8008985
2021-01-04,97.352806,97.759456,96.950389,97.357022,97.357022,3830965
2021-01-05,97.357022,98.744781,97.042063,98.426363,98.426363,3807034
2021-01-06,98.426363,100.529755,97.833618,99.927967,99.927967,2035837
2021-01-07,99.927967,99.978424,99.293391,99.343553,99.343553,8327530
2021-01-08,99.343553,102.108435,99.140202,101.899852,101.899852,6285863
2021-01-11,101.899852,102.209094,101.229261,101.537404,101.537404,9402034
2021-01-12,101.537404,101.747942,97.567735,97.770463,97.770463,6206771
2021-01-13,97.770463,102.035488,97.309533,101.556708,101.556708,9982698
2021-01-14,101.556708,102.317240,101.166639,101.925754,101.925754,7863071
2021-01-15,101.925754,102.169518,98.779833,99.016640,99.016640,4934263
2021-01-18,99.016640,99.239150,97.445736,97.665209,97.665209,6847469
2021-01-19,97.665209,98.390042,97.508269,98.232191,98.232191,7459276
2021-01-20,98.232191,98.863596,98.112780,98.743564,98.743564,5494805
2021-01-21,98.743564,98.882853,96.538868,96.675240,96.675240,3630638
2021-01-22,96.675240,96.980788,96.021917,96.326363,96.326363,4718667
2021-01-25,96.326363,97.157225,96.094059,96.923481,96.923481,6712552
2021-01-26,96.923481,100.493423,96.618195,100.177886,100.177886,5595955
2021-01-27,100.177886,100.339952,99.687696,99.849230,99.849230,6860319
2021-01-28,99.849230,102.536302,99.700008,102.383293,102.383293,6438924
2021-01-29,102.383293,104.696355,102.017198,104.323324,104.323324,5397735
2021-02-01,104.323324,105.182088,104.236659,105.094782,105.094782,6488555
2021-02-02,105.094782,106.063986,103.881395,104.848326,104.848326,3288002
2021-02-03,104.848326,105.410819,103.776360,104.336104,104.336104,4453567
2021-02-04,104.336104,104.447264,103.117638,103.227616,103.227616,7820342
2021-02-05,103.227616,103.624331,102.970888,103.367256,103.367256,3871734
2021-02-08,103.367256,103.796398,100.481449,100.900350,100.900350,8014226
2021-02-09,100.900350,101.612338,95.892844,96.574306,96.574306,7257616
2021-02-10,96.574306,97.220381,93.819303,94.451174,94.451174,8345245
2021-02-11,94.451174,94.632066,93.940787,94.121047,94.121047,5059541
2021-02-12,94.121047,94.308976,93.922091,94.109999,94.109999,8000184
2021-02-15,94.109999,95.358093,93.855008,95.100418,95.100418,4322341
2021-02-16,95.100418,95.585199,93.249313,93.727094,93.727094,5336819
2021-02-17,93.727094,95.960340,93.614554,95.845258,95.845258,6829450
2021-02-18,95.845258,95.896720,95.397056,95.448305,95.448305,7895264
2021-02-19,95.448305,96.038956,95.175851,95.765595,95.765595,4571498
2021-02-22,95.765595,96.864050,95.053026,96.148631,96.148631,4112567
2021-02-23,96.148631,96.633023,95.357254,95.840092,95.840092,6927624
2021-02-24,95.840092,96.389919,92.263474,92.795836,92.795836,6619559
2021-02-25,92.795836,93.747857,91.978853,92.929695,92.929695,11169049
2021-02-26,92.929695,95.308758,92.235304,94.601872,94.601872,4660617
2021-03-01,94.601872,94.995638,92.919728,93.308110,93.308110,4400347
2021-03-02,93.308110,93.344424,90.304032,90.339191,90.339191,7920413
2021-03-03,90.339191,90.829229,89.919688,90.409400,90.409400,7376892
2021-03-04,90.409400,92.110192,89.878465,91.572427,91.572427,4654119
2021-03-05,91.572427,93.371330,91.354978,93.150135,93.150135,4130390
2021-03-08,93.150135,93.223574,93.063448,93.136876,93.136876,1562961
2021-03-09,93.136876,94.275991,92.793678,93.929870,93.929870,7762376
2021-03-10,93.929870,95.730961,93.239610,95.032598,95.032598,6116049
2021-03-11,95.032598,96.306561,94.262726,95.532639,95.532639,5233613
2021-03-12,95.532639,96.632008,94.678030,95.775229,95.775229,4057678
2021-03-15,95.775229,96.301537,95.527639,96.053228,96.053228,3491324
2021-03-16,96.053228,96.919157,95.342999,96.207785,96.207785,3076106
2021-03-17,96.207785,96.701655,95.712444,96.206307,96.206307,4935061
2021-03-18,96.206307,96.744692,96.077423,96.615261,96.615261,7364979
2021-03-19,96.615261,98.000120,96.461062,97.843961,97.843961,7074299
2021-03-22,97.843961,99.021420,97.697399,98.873315,98.873315,7299603
2021-03-23,98.873315,99.127904,98.000111,98.253102,98.253102,4528768
2021-03-24,98.253102,100.445899,97.993109,100.180805,100.180805,4791378
2021-03-25,100.180805,103.621748,99.669180,103.095238,103.095238,4831994
2021-03-26,103.095238,103.177616,101.637939,101.719216,101.719216,5528177
2021-03-29,101.719216,102.409318,100.691878,101.379677,101.379677,8241868
2021-03-30,101.379677,101.837592,101.297864,101.755477,101.755477,8073446
2021-03-31,101.755477,102.330488,100.592624,101.164294,101.164294,4962417
2021-04-01,101.164294,102.358711,100.832175,102.023771,102.023771,6189706
2021-04-02,102.023771,102.350052,101.915286,102.241336,102.241336,4848993
2021-04-05,102.241336,105.105681,101.911119,104.767305,104.767305,5679209
2021-04-06,104.767305,105.262850,103.550933,104.043052,104.043052,5724489
2021-04-07,104.043052,104.291614,103.847453,104.095916,104.095916,3890798
2021-04-08,104.095916,104.376253,99.465190,99.733779,99.733779,7924103
2021-04-09,99.733779,102.770495,99.715963,102.752140,102.752140,4323087
2021-04-12,102.752140,102.785704,100.957697,100.990686,100.990686,7577799
2021-04-13,100.990686,101.281115,100.627485,100.917705,100.917705,3877984
2021-04-14,100.917705,100.939920,99.243081,99.264933,99.264933,8558670
2021-04-15,99.264933,100.806302,99.122098,100.661457,100.661457,3300942
2021-04-16,100.661457,102.163520,100.517021,102.017139,102.017139,8018162
2021-04-19,102.017139,102.430563,100.605189,101.014549,101.014549,3614396
2021-04-20,101.014549,101.118641,100.164758,100.268081,100.268081,10850384
2021-04-21,100.268081,103.524222,100.103925,103.355012,103.355012,6215896
2021-04-22,103.355012,103.480317,102.968799,103.093787,103.093787,5645045
2021-04-23,103.093787,104.776699,103.027178,104.709046,104.709046,8246263
2021-04-26,104.709046,105.456017,103.459656,104.203017,104.203017,6693461
2021-04-27,104.203017,104.428332,102.025423,102.246508,102.246508,8825716
2021-04-28,102.246508,105.535429,101.296115,104.563499,104.563499,3945182
2021-04-29,104.563499,106.219821,104.152313,105.803758,105.803758,4542921
2021-04-30,105.803758,107.772711,105.778083,107.746564,107.746564,7408727
2021-05-03,107.746564,107.953925,106.488811,106.694146,106.694146,4624701
2021-05-04,106.694146,106.902123,106.439947,106.647835,106.647835,6397424
2021-05-05,106.647835,106.892204,106.002628,106.246077,106.246077,8447978
2021-05-06,106.246077,107.945494,105.869102,107.563844,107.563844,5213969
2021-05-07,107.563844,112.366767,107.293368,112.084923,112.084923,7577373
2021-05-10,112.084923,112.403105,110.807588,111.123039,111.123039,7503854
2021-05-11,111.123039,112.320895,110.662191,111.857003,111.857003,3280007
2021-05-12,111.857003,112.350975,110.931262,111.423319,111.423319,7208643
2021-05-13,111.423319,112.876861,109.744591,111.195156,111.195156,4864813
2021-05-14,111.195156,112.282192,110.538248,111.622758,111.622758,8677147
2021-05-17,111.622758,112.896191,111.616336,112.889695,112.889695,7732027
2021-05-18,112.889695,113.192548,109.771786,110.067066,110.067066,4933293
2021-05-19,110.067066,110.118100,107.463813,107.513663,107.513663,8520217
2021-05-20,107.513663,108.675134,107.117779,108.276442,108.276442,7377899
2021-05-21,108.276442,108.862000,106.907265,107.488562,107.488562,7986922
2021-05-24,107.488562,107.787182,106.101471,106.397059,106.397059,3540703
2021-05-25,106.397059,106.461286,105.792363,105.856265,105.856265,6589147
2021-05-26,105.856265,106.576938,105.366395,106.086005,106.086005,5596934
2021-05-27,106.086005,106.630320,105.278370,105.821327,105.821327,4943819
2021-05-28,105.821327,107.282442,105.663602,107.122777,107.122777,7474241
2021-05-31,107.122777,107.291778,103.774197,103.938174,103.938174,7968785
2021-06-01,103.938174,104.244265,101.710499,102.010915,102.010915,6147680
2021-06-02,102.010915,105.627465,101.855817,105.467112,105.467112,3441617
2021-06-03,105.467112,107.744504,104.906758,107.175075,107.175075,7447143
2021-06-04,107.175075,111.744187,106.735372,111.287612,111.287612,7913725
2021-06-07,111.287612,114.643772,110.767507,114.110475,114.110475,3887637
2021-06-08,114.110475,116.032350,113.860492,115.778712,115.778712,14890827
2021-06-09,115.778712,116.222143,112.826900,113.260687,113.260687,7979739
2021-06-10,113.260687,113.372573,112.232375,112.343355,112.343355,6051878
2021-06-11,112.343355,112.540798,110.632110,110.826887,110.826887,3323345
2021-06-14,110.826887,113.796192,110.472356,113.433323,113.433323,7608890
2021-06-15,113.433323,113.862797,112.129288,112.555439,112.555439,4958222
2021-06-16,112.555439,114.154974,112.431331,114.029241,114.029241,5708334
2021-06-17,114.029241,117.386709,113.684081,117.032459,117.032459,8021043
2021-06-18,117.032459,121.570180,116.665677,121.190367,121.190367,4889174
2021-06-21,121.190367,122.490944,120.327371,121.624854,121.624854,4446918
2021-06-22,121.624854,121.705217,121.518928,121.599274,121.599274,7228965
2021-06-23,121.599274,121.952925,119.853530,120.203120,120.203120,5022401
2021-06-24,120.203120,123.329573,119.235314,122.344525,122.344525,11525611
2021-06-25,122.344525,124.046958,121.838188,123.535690,123.535690,4709203
2021-06-28,123.535690,124.358736,123.279091,124.100962,124.100962,7315316
2021-06-29,124.100962,124.634890,122.063359,122.590790,122.590790,6788345
2021-06-30,122.590790,125.345133,122.503307,125.255748,125.255748,5842511
2021-07-01,125.255748,125.287748,124.626795,124.658643,124.658643,8406993
2021-07-02,124.658643,125.627005,121.060831,122.008607,122.008607,4918588
2021-07-05,122.008607,123.309309,121.718930,123.017238,123.017238,3061784
2021-07-06,123.017238,123.460719,119.602079,120.034808,120.034808,8012932
2021-07-07,120.034808,122.204916,119.312600,121.474048,121.474048,6390455
2021-07-08,121.474048,125.364599,120.799231,124.672017,124.672017,3880985
2021-07-09,124.672017,124.914587,119.251419,119.483895,119.483895,5013896
2021-07-12,119.483895,122.863616,119.163951,122.535500,122.535500,9104561
2021-07-13,122.535500,123.141971,121.731753,122.337242,122.337242,10276306
2021-07-14,122.337242,123.061382,122.089244,122.812422,122.812422,8809616
2021-07-15,122.812422,123.333299,122.736584,123.257187,123.257187,6769852
2021-07-16,123.257187,123.430765,120.917514,121.088037,121.088037,6381436
2021-07-19,121.088037,123.935888,120.933477,123.777895,123.777895,6935713
2021-07-20,123.777895,124.220199,123.398587,123.840699,123.840699,7270040
2021-07-21,123.840699,124.813381,123.037390,124.008981,124.008981,4345514
2021-07-22,124.008981,125.581504,123.641789,125.210754,125.210754,5625705
2021-07-23,125.210754,127.374044,125.150173,127.312446,127.312446,5292447
2021-07-26,127.312446,128.129439,125.648848,126.460374,126.460374,7515122
2021-07-27,126.460374,131.864257,126.299865,131.697102,131.697102,7084308
2021-07-28,131.697102,133.651310,131.038983,132.986747,132.986747,10281176
2021-07-29,132.986747,133.217349,131.441588,131.669907,131.669907,4986035
2021-07-30,131.669907,131.945417,130.451790,130.725324,130.725324,5022437
2021-08-02,130.725324,132.072819,130.544723,131.890608,131.890608,11149932
2021-08-03,131.890608,136.357552,131.278416,135.727550,135.727550,6907410
2021-08-04,135.727550,135.865284,133.880627,134.016626,134.016626,5198362
2021-08-05,134.016626,137.061478,133.887709,136.929759,136.929759,6263928
2021-08-06,136.929759,137.641880,133.704908,134.403892,134.403892,6925726
2021-08-09,134.403892,134.836766,132.559747,132.988061,132.988061,8275847
2021-08-10,132.988061,134.593005,132.300020,133.900244,133.900244,7850224
2021-08-11,133.900244,135.797489,133.712160,135.607007,135.607007,3314744
2021-08-12,135.607007,136.808259,133.718037,134.913142,134.913142,6049452
2021-08-13,134.913142,135.638155,133.453691,134.174736,134.174736,3298651
2021-08-16,134.174736,134.456495,130.304311,130.578519,130.578519,7456825
2021-08-17,130.578519,133.726912,129.731253,132.864810,132.864810,3478606
2021-08-18,132.864810,133.550278,131.359631,132.040848,132.040848,7515973
2021-08-19,132.040848,135.115163,131.902232,134.973468,134.973468,6532749
2021-08-20,134.973468,137.212945,134.662248,136.897289,136.897289,13561999
2021-08-23,136.897289,137.015148,133.334127,133.449018,133.449018,5225759
2021-08-24,133.449018,134.110768,131.755350,132.411958,132.411958,7537854
2021-08-25,132.411958,134.976733,132.351101,134.914727,134.914727,8315953
2021-08-26,134.914727,135.286501,133.151264,133.519192,133.519192,10350344
2021-08-27,133.519192,136.281798,133.304366,136.062879,136.062879,6817869
2021-08-30,136.062879,138.225978,136.062249,138.225337,138.225337,13355250
2021-08-31,138.225337,138.574677,138.188317,138.537573,138.537573,3574380
2021-09-01,138.537573,138.619028,134.320240,134.399262,134.399262,5785404
2021-09-02,134.399262,135.868743,133.781929,135.247514,135.247514,3376533
2021-09-03,135.247514,137.162062,134.108033,136.016105,136.016105,5612721
2021-09-06,136.016105,136.578574,134.032032,134.588598,134.588598,5745971
2021-09-07,134.588598,135.358208,134.022487,134.791245,134.791245,5925989
2021-09-08,134.791245,134.969545,132.266132,132.441323,132.441323,7524542
2021-09-09,132.441323,133.413556,132.215336,133.186298,133.186298,4755475
2021-09-10,133.186298,133.601383,131.884316,132.296628,132.296628,6473583
2021-09-13,132.296628,132.477534,132.290265,132.471163,132.471163,7672198
2021-09-14,132.471163,133.452216,132.246882,133.226657,133.226657,5406310
2021-09-15,133.226657,134.229328,133.214024,134.216601,134.216601,10691082
2021-09-16,134.216601,134.601615,130.979908,131.356718,131.356718,9461952
2021-09-17,131.356718,131.826823,121.451616,121.887833,121.887833,6476372
2021-09-20,121.887833,122.067563,121.484795,121.664195,121.664195,9730465
2021-09-21,121.664195,125.957555,120.967119,125.239991,125.239991,6372000
2021-09-22,125.239991,127.189522,124.670639,126.613923,126.613923,6490518
2021-09-23,126.613923,126.717459,125.890080,125.993108,125.993108,4465270
2021-09-24,125.993108,126.742041,125.932789,126.681393,126.681393,3442218
2021-09-27,126.681393,130.306623,125.992824,129.602178,129.602178,4928529
2021-09-28,129.602178,129.825197,127.215133,127.434421,127.434421,11270843
2021-09-29,127.434421,127.830624,125.366540,125.757529,125.757529,3289558
2021-09-30,125.757529,126.133913,124.559471,124.933388,124.933388,7113073
2021-10-01,124.933388,125.141337,122.755513,122.960178,122.960178,5517373
2021-10-04,122.960178,123.195030,121.895605,122.128870,122.128870,3378420
2021-10-05,122.128870,124.108207,121.776500,123.751156,123.751156,3162625
2021-10-06,123.751156,124.317515,121.913044,122.473555,122.473555,7419064
2021-10-07,122.473555,123.978949,121.600866,123.101783,123.101783,4839552
2021-10-08,123.101783,123.390096,122.617677,122.905530,122.905530,5179412
2021-10-11,122.905530,124.288209,122.475927,123.855286,123.855286,5256765
2021-10-12,123.855286,128.160286,122.723525,126.999792,126.999792,3835155
2021-10-13,126.999792,132.019306,126.570067,131.574103,131.574103,8212595
2021-10-14,131.574103,132.061972,124.055790,124.517494,124.517494,7217581
2021-10-15,124.517494,125.103682,124.298586,124.884131,124.884131,5406032
2021-10-18,124.884131,125.803062,124.560900,125.478293,125.478293,6352943
2021-10-19,125.478293,127.034151,125.278983,126.832690,126.832690,4801091
2021-10-20,126.832690,128.829938,126.436405,128.428665,128.428665,5007854
2021-10-21,128.428665,128.507718,125.618107,125.695478,125.695478,4973586
2021-10-22,125.695478,125.825753,125.552501,125.682764,125.682764,7089025
2021-10-25,125.682764,127.740750,125.306891,127.359862,127.359862,5891490
2021-10-26,127.359862,127.422293,126.093160,126.155000,126.155000,5630269
2021-10-27,126.155000,128.392421,126.111497,128.348162,128.348162,4327368
2021-10-28,128.348162,129.157956,127.062766,127.869540,127.869540,3505186
2021-10-29,127.869540,128.226574,125.228918,125.579558,125.579558,5568998
2021-11-01,125.579558,126.007637,122.108411,122.526080,122.526080,6131642
2021-11-02,122.526080,122.686874,122.007150,122.167473,122.167473,3837910
2021-11-03,122.167473,124.251260,121.308504,123.383739,123.383739,4856394
2021-11-04,123.383739,123.395096,117.545913,117.556734,117.556734,7736644
2021-11-05,117.556734,117.721478,116.830744,116.994700,116.994700,5123657
2021-11-08,116.994700,122.186686,116.011663,121.168579,121.168579,3452149
2021-11-09,121.168579,122.756984,120.892242,122.477662,122.477662,6143379
2021-11-10,122.477662,123.988240,122.330399,123.839340,123.839340,5242537
2021-11-11,123.839340,123.894709,122.241649,122.296329,122.296329,7789802
2021-11-12,122.296329,122.577490,119.654434,119.930155,119.930155,12903733
2021-11-15,119.930155,121.245171,119.723201,121.036308,121.036308,7280444
2021-11-16,121.036308,123.684655,120.676509,123.318072,123.318072,4273687
2021-11-17,123.318072,123.768669,122.693910,123.143870,123.143870,8053502
2021-11-18,123.143870,124.121586,122.792104,123.768037,123.768037,5210350
2021-11-19,123.768037,124.570162,120.047551,120.830639,120.830639,11671225
2021-11-22,120.830639,122.014312,120.782884,121.966107,121.966107,3643303
2021-11-23,121.966107,123.740723,121.843441,123.616397,123.616397,4130726
2021-11-24,123.616397,123.955296,120.103018,120.433190,120.433190,8446851
2021-11-25,120.433190,121.451468,119.783117,120.799418,120.799418,3472289
2021-11-26,120.799418,121.551178,118.688810,119.432060,119.432060,6054597
2021-11-29,119.432060,120.323391,119.292153,120.182604,120.182604,6419929
2021-11-30,120.182604,120.281930,116.658561,116.755054,116.755054,5332846
2021-12-01,116.755054,117.615413,114.502720,115.352746,115.352746,6038830
2021-12-02,115.352746,119.545084,114.982480,119.162590,119.162590,10069253
2021-12-03,119.162590,120.037679,119.133830,120.008714,120.008714,5450065
2021-12-06,120.008714,122.603046,119.052781,121.634165,121.634165,7690906
2021-12-07,121.634165,125.435884,121.535242,125.333951,125.333951,3704721
2021-12-08,125.333951,125.410827,122.614327,122.689581,122.689581,6069124
2021-12-09,122.689581,123.716997,122.122359,123.147657,123.147657,3810237
2021-12-10,123.147657,124.413353,122.912270,124.175999,124.175999,6529867
2021-12-13,124.175999,124.911246,120.321986,121.038656,121.038656,5639124
2021-12-14,121.038656,121.272115,117.085170,117.311440,117.311440,4840832
2021-12-15,117.311440,117.698199,115.185184,115.566190,115.566190,4311742
2021-12-16,115.566190,116.927815,114.798344,116.156050,116.156050,6067880
2021-12-17,116.156050,118.596992,115.918709,118.355157,118.355157,3821137
2021-12-20,118.355157,125.028841,117.998667,124.653381,124.653381,9858533
2021-12-21,124.653381,125.741863,124.593958,125.681950,125.681950,6754706
2021-12-22,125.681950,126.042699,125.075316,125.435357,125.435357,4981083
2021-12-23,125.435357,128.551825,124.201373,127.299502,127.299502,8687714
2021-12-24,127.299502,127.707827,125.492030,125.895852,125.895852,11012840
2021-12-27,125.895852,126.555057,125.494646,126.153031,126.153031,4560031
2021-12-28,126.153031,126.385017,125.672646,125.904173,125.904173,6739495
2021-12-29,125.904173,132.189364,125.633148,131.905420,131.905420,7369225
2021-12-30,131.905420,133.573071,131.396282,133.059479,133.059479,8952225
2021-12-31,133.059479,133.297900,128.183585,128.413682,128.413682,4655331
2022-01-03,128.413682,133.769356,127.663331,132.992252,132.992252,7929820
2022-01-04,132.992252,136.807994,132.706877,136.515060,136.515060,6017120
2022-01-05,136.515060,140.753610,136.108633,140.335808,140.335808,6020159
2022-01-06,140.335808,147.981381,139.928215,147.552827,147.552827,6853917
2022-01-07,147.552827,147.570108,142.153501,142.170152,142.170152,7937436
2022-01-10,142.170152,146.916899,141.111896,145.831390,145.831390,6415015
2022-01-11,145.831390,146.351624,139.895933,140.396780,140.396780,6937470
2022-01-12,140.396780,141.016456,137.090673,137.698439,137.698439,5307396
2022-01-13,137.698439,140.606080,137.629632,140.535856,140.535856,7195684
2022-01-14,140.535856,143.110043,140.038443,142.605306,142.605306,6235863
2022-01-17,142.605306,143.731312,139.200849,140.308721,140.308721,3757043
2022-01-18,140.308721,140.532448,138.749801,138.971395,138.971395,9079965
2022-01-19,138.971395,139.192420,125.423322,125.623117,125.623117,4428100
2022-01-20,125.623117,130.453589,124.936077,129.744012,129.744012,6562225
2022-01-21,129.744012,136.618070,129.468921,136.329017,136.329017,3412844
2022-01-24,136.329017,136.497780,131.568965,131.732037,131.732037,7735894
2022-01-25,131.732037,132.478596,124.899460,125.611332,125.611332,6737108
2022-01-26,125.611332,129.471394,124.996418,128.840671,128.840671,9434124
2022-01-27,128.840671,129.037328,125.674995,125.867113,125.867113,3361117
2022-01-28,125.867113,126.380922,123.869914,124.377643,124.377643,4496361
2022-01-31,124.377643,124.641274,122.984239,123.245471,123.245471,5467265
2022-02-01,123.245471,124.169559,122.193808,123.116933,123.116933,7586191
2022-02-02,123.116933,129.429219,122.638064,128.927749,128.927749,8935777
2022-02-03,128.927749,129.338100,128.860796,129.270969,129.270969,7574962
2022-02-04,129.270969,130.424811,128.986724,130.138659,130.138659,6740257
2022-02-07,130.138659,130.449485,125.727783,126.028794,126.028794,5943108
2022-02-08,126.028794,131.059430,125.566876,130.580829,130.580829,7636562
2022-02-09,130.580829,130.733058,125.023827,125.169748,125.169748,2961999
2022-02-10,125.169748,132.234283,124.865653,131.913804,131.913804,5909732
2022-02-11,131.913804,136.014564,131.186486,135.268748,135.268748,11033758
2022-02-14,135.268748,136.154315,131.181332,132.045800,132.045800,6098279
2022-02-15,132.045800,136.077745,131.970948,136.000651,136.000651,5882346
2022-02-16,136.000651,137.825696,135.189700,137.008734,137.008734,6933232
2022-02-17,137.008734,139.747452,136.942577,139.680004,139.680004,5027482
2022-02-18,139.680004,141.629620,138.649057,140.591942,140.591942,10744254
2022-02-21,140.591942,144.004943,140.565746,143.978116,143.978116,4604076
2022-02-22,143.978116,144.649020,142.643179,143.310975,143.310975,3479763
2022-02-23,143.310975,147.602934,142.992734,147.275888,147.275888,3686449
2022-02-24,147.275888,147.695664,145.181970,145.596960,145.596960,5866134
2022-02-25,145.596960,146.117360,141.037437,141.543348,141.543348,10367029
2022-02-28,141.543348,142.123906,138.336348,138.906088,138.906088,3897010
2022-03-01,138.906088,139.413022,137.788506,138.293203,138.293203,5588422
2022-03-02,138.293203,141.104115,138.224710,141.034264,141.034264,5011761
2022-03-03,141.034264,143.717984,140.867070,143.547810,143.547810,8503433
2022-03-04,143.547810,143.589493,136.124523,136.164061,136.164061,6623760
2022-03-07,136.164061,136.466102,132.737478,133.032573,133.032573,11728917
2022-03-08,133.032573,134.498850,125.287147,126.683444,126.683444,5578079
2022-03-09,126.683444,133.482772,126.652709,133.450396,133.450396,2835726
2022-03-10,133.450396,137.636856,133.401983,137.586942,137.586942,5909735
2022-03-11,137.586942,152.489338,137.182816,152.042752,152.042752,3525818
2022-03-14,152.042752,156.151250,150.920183,155.006797,155.006797,6055644
2022-03-15,155.006797,155.410529,154.569944,154.973590,154.973590,5923563
2022-03-16,154.973590,156.839581,154.308861,156.169723,156.169723,7856309
2022-03-17,156.169723,156.666691,154.630333,155.123973,155.123973,6588064
2022-03-18,155.123973,156.733425,153.835121,155.441931,155.441931,7140744
2022-03-21,155.441931,157.590408,143.931875,145.949145,145.949145,5793459
2022-03-22,145.949145,149.158051,145.797635,149.003370,149.003370,6585933
2022-03-23,149.003370,152.880108,147.872031,151.728080,151.728080,5820853
2022-03-24,151.728080,151.993574,142.671605,142.921689,142.921689,4602796
2022-03-25,142.921689,143.849039,140.564339,141.482349,141.482349,5900241
2022-03-28,141.482349,141.482956,140.689605,140.690209,140.690209,6237665
2022-03-29,140.690209,145.145248,140.054786,144.492652,144.492652,3972704
2022-03-30,144.492652,150.670882,143.002029,149.132394,149.132394,7976761
2022-03-31,149.132394,149.519673,134.973813,135.325236,135.325236,5039659
2022-04-01,135.325236,141.203893,135.276189,141.152734,141.152734,8236188
2022-04-04,141.152734,143.908304,140.942724,143.694513,143.694513,3312662
2022-04-05,143.694513,144.836123,142.681257,143.821969,143.821969,5458605
2022-04-06,143.821969,144.126821,138.524399,138.818646,138.818646,6554454
2022-04-07,138.818646,139.912880,138.633862,139.726887,139.726887,7375638
2022-04-08,139.726887,140.219979,134.661353,135.138251,135.138251,10638636
2022-04-11,135.138251,137.203566,134.730515,136.790843,136.790843,8029067
2022-04-12,136.790843,138.275174,136.289559,137.770300,137.770300,8435690
2022-04-13,137.770300,138.332945,135.114087,135.668147,135.668147,4302628
2022-04-14,135.668147,135.835776,126.922150,127.079167,127.079167,7212459
2022-04-15,127.079167,127.414149,123.012442,123.337561,123.337561,7032760
2022-04-18,123.337561,123.933206,115.116574,115.675216,115.675216,4310983
2022-04-19,115.675216,115.953143,113.271240,113.544047,113.544047,12949272
2022-04-20,113.544047,113.667638,106.716717,106.833004,106.833004,8290315
2022-04-21,106.833004,110.592074,106.652861,110.405907,110.405907,6028680
2022-04-22,110.405907,114.995036,109.921229,114.492419,114.492419,10597162
2022-04-25,114.492419,115.084470,114.404207,114.995870,114.995870,11520066
2022-04-26,114.995870,116.066725,114.619824,115.688415,115.688415,6630557
2022-04-27,115.688415,117.091875,108.902124,110.239482,110.239482,5569646
2022-04-28,110.239482,111.077028,110.167558,111.004605,111.004605,5895353
2022-04-29,111.004605,118.535558,110.783241,118.299646,118.299646,5298102
2022-05-02,118.299646,118.720600,115.694788,116.107943,116.107943,6289376
2022-05-03,116.107943,116.326658,114.392612,114.608503,114.608503,9030972
2022-05-04,114.608503,119.665104,114.333653,119.378814,119.378814,6914238
2022-05-05,119.378814,119.383067,111.298025,111.301990,111.301990,5417925
2022-05-06,111.301990,112.204832,111.163452,112.065343,112.065343,7455454
2022-05-09,112.065343,112.408066,111.643703,111.986185,111.986185,5363768
2022-05-10,111.986185,112.189774,110.522054,110.723348,110.723348,9533342
2022-05-11,110.723348,110.730747,110.416507,110.423886,110.423886,9661442
2022-05-12,110.423886,114.666549,109.838992,114.062383,114.062383,5773539
2022-05-13,114.062383,115.329176,113.970057,115.235900,115.235900,5562833
2022-05-16,115.235900,115.758791,114.343444,114.864651,114.864651,10326697
2022-05-17,114.864651,115.671949,111.536258,112.325712,112.325712,12472083
2022-05-18,112.325712,115.884002,111.829063,115.373875,115.373875,6645445
2022-05-19,115.373875,116.002291,110.966734,111.574455,111.574455,6187551
2022-05-20,111.574455,119.299641,111.521410,119.242950,119.242950,14328422
2022-05-23,119.242950,122.782457,118.912872,122.443519,122.443519,6193607
2022-05-24,122.443519,122.875497,121.676260,122.107051,122.107051,4008565
2022-05-25,122.107051,122.306303,116.763748,116.954593,116.954593,5413303
2022-05-26,116.954593,117.675825,116.858970,117.579691,117.579691,5948570
2022-05-27,117.579691,118.934323,116.869604,118.220368,118.220368,6511119
2022-05-30,118.220368,122.672058,118.166179,122.615855,122.615855,12457086
2022-05-31,122.615855,126.771715,122.410828,126.560094,126.560094,4893322
2022-06-01,126.560094,126.653895,125.492317,125.585396,125.585396,6548105
2022-06-02,125.585396,125.894983,123.119202,123.423459,123.423459,4962725
2022-06-03,123.423459,125.863583,123.084383,125.518750,125.518750,5423379
2022-06-06,125.518750,126.066005,121.507335,122.039420,122.039420,5285175
2022-06-07,122.039420,122.169740,121.987516,122.117802,122.117802,6681771
2022-06-08,122.117802,123.075719,119.695485,120.641824,120.641824,4217807
2022-06-09,120.641824,121.934052,120.209966,121.499125,121.499125,4547866
2022-06-10,121.499125,123.460924,121.416677,123.377201,123.377201,5830355
2022-06-13,123.377201,128.559046,122.779197,127.938932,127.938932,3846341
2022-06-14,127.938932,128.706894,122.975398,123.718023,123.718023,5245496
2022-06-15,123.718023,123.965863,121.336632,121.580188,121.580188,7307248
2022-06-16,121.580188,128.105694,121.420597,127.937757,127.937757,6379038
2022-06-17,127.937757,128.327684,126.698489,127.085820,127.085820,6952631
2022-06-20,127.085820,130.908125,126.426206,130.232180,130.232180,8188499
2022-06-21,130.232180,130.584170,120.878341,121.205935,121.205935,9274390
2022-06-22,121.205935,121.999975,117.648083,118.423897,118.423897,6966457
2022-06-23,118.423897,119.134352,113.797188,114.484006,114.484006,9233530
2022-06-24,114.484006,114.953191,110.248445,110.702132,110.702132,4521284
2022-06-27,110.702132,113.907949,110.162323,113.355204,113.355204,10458744
2022-06-28,113.355204,113.407689,112.054769,112.106676,112.106676,5413172
2022-06-29,112.106676,112.619103,110.879915,111.389063,111.389063,6237099
2022-06-30,111.389063,114.875250,111.053644,114.530372,114.530372,5032204
2022-07-01,114.530372,116.531951,113.731144,115.724391,115.724391,7686006
2022-07-04,115.724391,116.685622,115.466798,116.426467,116.426467,9246800
2022-07-05,116.426467,116.656737,115.167576,115.395808,115.395808,5268167
2022-07-06,115.395808,115.659176,112.541939,112.799382,112.799382,5595155
2022-07-07,112.799382,112.879290,105.280206,105.354840,105.354840,4257576
2022-07-08,105.354840,106.423008,105.337211,106.405203,106.405203,6168787
2022-07-11,106.405203,106.642164,97.955480,98.174111,98.174111,3479110
2022-07-12,98.174111,99.271162,98.119879,99.216355,99.216355,6939189
2022-07-13,99.216355,103.855391,99.042566,103.673794,103.673794,6172452
2022-07-14,103.673794,103.935916,100.206049,100.460045,100.460045,9578048
2022-07-15,100.460045,103.582680,100.052239,103.163898,103.163898,4360658
2022-07-18,103.163898,103.522416,101.089101,101.441634,101.441634,8560862
2022-07-19,101.441634,102.142222,97.439383,98.117010,98.117010,2597294
2022-07-20,98.117010,98.410033,93.784882,94.065807,94.065807,8063057
2022-07-21,94.065807,95.116877,93.303998,94.352744,94.352744,7722643
2022-07-22,94.352744,94.720305,94.261251,94.628544,94.628544,5687528
2022-07-25,94.628544,95.481846,92.338171,93.178397,93.178397,6223444
2022-07-26,93.178397,93.563934,89.476254,89.848011,89.848011,6551443
2022-07-27,89.848011,89.979696,89.562668,89.694127,89.694127,6052268
2022-07-28,89.694127,89.968898,89.169813,89.443817,89.443817,3779453
2022-07-29,89.443817,89.621464,87.755502,87.930143,87.930143,4090919
2022-08-01,87.930143,96.185852,87.823632,96.069481,96.069481,8720875
2022-08-02,96.069481,96.255803,96.033533,96.219798,96.219798,3939800
2022-08-03,96.219798,96.751259,94.595930,95.121324,95.121324,10591662
2022-08-04,95.121324,95.337364,93.958484,94.172368,94.172368,4766415
2022-08-05,94.172368,94.322336,92.890064,93.038226,93.038226,7877541
2022-08-08,93.038226,93.198654,86.501784,86.651199,86.651199,7151822
2022-08-09,86.651199,87.057339,84.711333,85.110251,85.110251,3196569
2022-08-10,85.110251,89.925752,84.702994,89.497501,89.497501,5434292
2022-08-11,89.497501,90.428516,89.292468,90.221824,90.221824,7413820
2022-08-12,90.221824,90.718065,87.506656,87.990625,87.990625,9037803
2022-08-15,87.990625,89.074139,87.643871,88.724494,88.724494,4354713
2022-08-16,88.724494,89.007450,87.928184,88.209498,88.209498,6030679
2022-08-17,88.209498,88.292250,85.295460,85.375553,85.375553,4085422
2022-08-18,85.375553,85.793098,83.068654,83.476913,83.476913,7206324
2022-08-19,83.476913,84.028483,83.280572,83.831309,83.831309,5102514
2022-08-22,83.831309,84.439254,83.310156,83.917565,83.917565,14358682
2022-08-23,83.917565,85.864992,83.454907,85.394192,85.394192,7975116
2022-08-24,85.394192,86.117566,85.307143,86.029869,86.029869,6804892
2022-08-25,86.029869,89.806500,85.898581,89.669658,89.669658,4550978
2022-08-26,89.669658,89.737281,88.182504,88.249055,88.249055,4113074
2022-08-29,88.249055,88.717485,85.635221,86.092202,86.092202,6284078
2022-08-30,86.092202,86.203530,85.538912,85.649668,85.649668,11119684
2022-08-31,85.649668,85.656398,85.123424,85.130112,85.130112,5519547
2022-09-01,85.130112,85.608392,84.501624,84.979055,84.979055,4121652
2022-09-02,84.979055,85.026208,84.459053,84.505944,84.505944,3093380
2022-09-05,84.505944,87.003503,84.183154,86.672437,86.672437,5312404
2022-09-06,86.672437,97.414379,86.184651,96.869207,96.869207,3673563
2022-09-07,96.869207,96.875723,94.364826,94.371174,94.371174,5182210
2022-09-08,94.371174,95.955716,93.887253,95.466180,95.466180,3198584
2022-09-09,95.466180,100.582396,95.101950,100.200104,100.200104,4471837
2022-09-12,100.200104,100.491070,99.502823,99.792606,99.792606,5051803
2022-09-13,99.792606,100.377414,97.290347,97.863851,97.863851,4149843
2022-09-14,97.863851,98.522893,97.088552,97.746805,97.746805,5751387
2022-09-15,97.746805,98.252196,97.136231,97.641075,97.641075,5580790
2022-09-16,97.641075,99.434479,97.398302,99.187861,99.187861,6959054
2022-09-19,99.187861,99.386877,98.609654,98.807908,98.807908,3166376
2022-09-20,98.807908,99.636722,97.061579,97.882632,97.882632,9725716
2022-09-21,97.882632,98.061171,95.752871,95.927844,95.927844,4382180
2022-09-22,95.927844,96.159439,94.183315,94.411248,94.411248,4583488
2022-09-23,94.411248,94.802871,92.292240,92.676668,92.676668,3292992
2022-09-26,92.676668,92.906792,89.862031,90.085722,90.085722,8717035
2022-09-27,90.085722,92.810518,89.767238,92.483557,92.483557,5784069
2022-09-28,92.483557,93.350608,89.950598,90.801883,90.801883,8478206
2022-09-29,90.801883,91.137898,90.036619,90.371040,90.371040,10346668
2022-09-30,90.371040,90.914306,87.868020,88.399434,88.399434,2502639
2022-10-03,88.399434,89.964159,88.093541,89.653926,89.653926,4555806
2022-10-04,89.653926,95.551696,89.652508,95.550185,95.550185,10919945
2022-10-05,95.550185,96.495023,92.442073,93.365305,93.365305,6066848
2022-10-06,93.365305,93.452009,90.151818,90.235614,90.235614,9548911
2022-10-07,90.235614,90.635526,89.470619,89.868905,89.868905,6504217
2022-10-10,89.868905,92.860915,89.612526,92.596754,92.596754,3628231
2022-10-11,92.596754,92.606878,91.554203,91.564213,91.564213,4116286
2022-10-12,91.564213,92.634169,91.247537,92.314896,92.314896,8068012
2022-10-13,92.314896,92.487174,90.235042,90.403753,90.403753,7577030
2022-10-14,90.403753,92.365304,89.996451,91.951031,91.951031,9055349
2022-10-17,91.951031,92.188171,89.482841,89.714212,89.714212,7233001
2022-10-18,89.714212,90.333982,89.238744,89.857753,89.857753,4047532
2022-10-19,89.857753,92.502851,89.452709,92.087755,92.087755,4951615
2022-10-20,92.087755,92.362056,91.082655,91.354772,91.354772,3373499
2022-10-21,91.354772,91.595931,87.690690,87.922789,87.922789,4133961
2022-10-24,87.922789,88.120389,86.692309,86.887582,86.887582,5408594
2022-10-25,86.887582,87.716308,86.501353,87.328121,87.328121,7900115
2022-10-26,87.328121,88.304149,87.277882,88.253377,88.253377,8053838
2022-10-27,88.253377,92.623636,88.131063,92.495442,92.495442,4064571
2022-10-28,92.495442,94.296962,91.808710,93.602015,93.602015,5840029
2022-10-31,93.602015,93.809549,92.313892,92.519025,92.519025,5194260
2022-11-01,92.519025,96.134101,92.206955,95.810928,95.810928,8499009
2022-11-02,95.810928,97.149053,95.610882,96.946637,96.946637,5983444
2022-11-03,96.946637,97.914226,94.480928,95.433415,95.433415,7113307
2022-11-04,95.433415,95.881623,92.936466,93.375007,93.375007,5257335
2022-11-07,93.375007,93.652140,92.734726,93.010778,93.010778,6137305
2022-11-08,93.010778,96.220941,92.449907,95.644191,95.644191,5828946
2022-11-09,95.644191,96.473276,94.489613,95.315852,95.315852,2640085
2022-11-10,95.315852,95.574613,94.722506,94.980357,94.980357,4557941
2022-11-11,94.980357,95.235954,94.475798,94.730723,94.730723,5392729
2022-11-14,94.730723,95.339897,94.119515,94.728676,94.728676,9008625
2022-11-15,94.728676,96.844380,94.718946,96.834435,96.834435,8030841
2022-11-16,96.834435,97.234074,94.327275,94.718180,94.718180,4167851
2022-11-17,94.718180,95.132529,93.172827,93.582206,93.582206,5575884
2022-11-18,93.582206,94.003294,91.814410,92.229411,92.229411,4795493
2022-11-21,92.229411,93.838145,92.084251,93.690685,93.690685,6550966
2022-11-22,93.690685,94.323526,92.190968,92.817914,92.817914,6927224
2022-11-23,92.817914,94.259136,92.463407,93.900495,93.900495,6302658
2022-11-24,93.900495,94.948372,93.773513,94.820147,94.820147,5625001
2022-11-25,94.820147,94.934511,92.918712,93.030918,93.030918,6617370
2022-11-28,93.030918,93.293758,92.579484,92.841790,92.841790,4680354
2022-11-29,92.841790,93.751052,92.807208,93.716144,93.716144,2991608
2022-11-30,93.716144,94.148805,93.138668,93.570658,93.570658,7563556
2022-12-01,93.570658,93.736182,92.718896,92.883204,92.883204,4719819
2022-12-02,92.883204,93.571682,92.618894,93.306168,93.306168,6368387
2022-12-05,93.306168,93.449021,92.195041,92.336410,92.336410,5539040
2022-12-06,92.336410,92.592728,91.301568,91.555718,91.555718,9402032
2022-12-07,91.555718,92.849248,91.529272,92.822436,92.822436,5598439
2022-12-08,92.822436,93.534715,91.614340,92.322785,92.322785,5134688
2022-12-09,92.322785,92.514080,91.000627,91.189573,91.189573,10904977
2022-12-12,91.189573,91.530167,88.967857,89.301398,89.301398,5380202
2022-12-13,89.301398,91.350282,89.161769,91.207673,91.207673,8190799
2022-12-14,91.207673,93.678437,90.873207,93.336166,93.336166,5736493
2022-12-15,93.336166,93.620986,92.396376,92.679190,92.679190,5636965
2022-12-16,92.679190,93.965177,92.344277,93.626840,93.626840,8842689
2022-12-19,93.626840,95.902977,93.412636,95.684067,95.684067,3118228
2022-12-20,95.684067,97.831988,95.477306,97.621042,97.621042,5828273
2022-12-21,97.621042,97.735951,94.200240,94.311254,94.311254,11548961
2022-12-22,94.311254,94.841355,94.126005,94.655431,94.655431,9004268
2022-12-23,94.655431,94.940731,93.244815,93.526713,93.526713,5396385
2022-12-26,93.526713,93.969637,92.570922,93.011406,93.011406,6974462
2022-12-27,93.011406,93.204057,92.253841,92.445319,92.445319,6446870
2022-12-28,92.445319,93.072617,92.096723,92.722974,92.722974,13750449
2022-12-29,92.722974,92.801454,89.137381,89.212890,89.212890,6510835
2022-12-30,89.212890,89.732462,89.202303,89.721814,89.721814,5418839
2023-01-02,89.721814,92.003780,89.424145,91.699549,91.699549,4747152
2023-01-03,91.699549,92.098100,90.505152,90.900229,90.900229,5740686
2023-01-04,90.900229,90.989759,90.782617,90.872121,90.872121,6587947
2023-01-05,90.872121,91.299452,89.521304,89.944272,89.944272,7719094
2023-01-06,89.944272,90.075044,88.960943,89.090475,89.090475,4256448
2023-01-09,89.090475,89.103541,88.655727,88.668731,88.668731,7492528
2023-01-10,88.668731,89.042576,87.331714,87.701480,87.701480,6987190
2023-01-11,87.701480,90.291117,87.454915,90.037983,90.037983,7260885
2023-01-12,90.037983,90.136302,89.978463,90.076757,90.076757,4868592
2023-01-13,90.076757,90.173556,89.976955,90.073751,90.073751,2775080
2023-01-16,90.073751,91.221597,89.972496,91.119166,91.119166,7603185
2023-01-17,91.119166,91.643073,91.019920,91.543365,91.543365,5917157
2023-01-18,91.543365,91.549025,91.214362,91.220002,91.220002,4359664
2023-01-19,91.220002,91.256303,89.262213,89.297749,89.297749,6400512
2023-01-20,89.297749,89.684885,88.523111,88.908559,88.908559,7407306
2023-01-23,88.908559,89.343590,88.873164,89.308036,89.308036,4732316
2023-01-24,89.308036,89.664496,87.676795,88.028147,88.028147,6453365
2023-01-25,88.028147,89.435418,87.827410,89.231936,89.231936,5950921
2023-01-26,89.231936,89.292578,88.169736,88.229697,88.229697,4454105
2023-01-27,88.229697,88.979956,87.568270,88.317868,88.317868,4019882
2023-01-30,88.317868,88.445547,87.869923,87.997139,87.997139,3800808
2023-01-31,87.997139,88.115854,86.541977,86.658887,86.658887,5028867
2023-02-01,86.658887,89.598065,86.235922,89.162879,89.162879,4013960
2023-02-02,89.162879,91.813996,89.081265,91.730033,91.730033,8448734
2023-02-03,91.730033,92.492789,89.756601,90.509206,90.509206,3693804
2023-02-06,90.509206,90.827502,88.851093,89.164660,89.164660,5733907
2023-02-07,89.164660,89.696120,86.102045,86.618327,86.618327,2519907
2023-02-08,86.618327,86.753552,85.869727,86.003993,86.003993,4220760
2023-02-09,86.003993,86.400279,83.991624,84.380428,84.380428,6681417
2023-02-10,84.380428,85.723218,84.034951,85.373673,85.373673,3920514
2023-02-13,85.373673,86.583253,85.155885,86.362941,86.362941,4286617
2023-02-14,86.362941,87.303498,80.986330,81.878042,81.878042,6881742
2023-02-15,81.878042,85.316866,81.580864,85.008327,85.008327,4968277
2023-02-16,85.008327,85.075413,84.589404,84.656212,84.656212,8389494
2023-02-17,84.656212,87.454844,84.392020,87.182767,87.182767,3858128
2023-02-20,87.182767,87.401553,85.600069,85.815423,85.815423,7482749
2023-02-21,85.815423,86.310828,84.653927,85.145464,85.145464,3983857
2023-02-22,85.145464,86.256580,85.064212,86.174346,86.174346,6870098
2023-02-23,86.174346,88.480005,85.987455,88.288529,88.288529,6023845
2023-02-24,88.288529,88.815484,86.851354,87.372844,87.372844,4831825
2023-02-27,87.372844,89.500085,86.680496,88.796457,88.796457,4860141
2023-02-28,88.796457,89.830723,88.054925,89.086766,89.086766,4145352
2023-03-01,89.086766,89.805811,88.959517,89.677718,89.677718,5890111
2023-03-02,89.677718,90.497527,89.555283,90.374141,90.374141,5890911
2023-03-03,90.374141,91.728583,90.098839,91.450004,91.450004,5324876
2023-03-06,91.450004,93.012765,90.910836,92.467598,92.467598,5568776
2023-03-07,92.467598,95.003053,91.936361,94.460368,94.460368,7799600
2023-03-08,94.460368,94.475112,94.407349,94.422088,94.422088,6460112
2023-03-09,94.422088,94.674374,93.605151,93.855924,93.855924,6389906
2023-03-10,93.855924,96.768015,92.887330,95.779569,95.779569,9065665
2023-03-13,95.779569,95.959203,94.665272,94.843150,94.843150,7894459
2023-03-14,94.843150,95.709995,94.211454,95.076742,95.076742,3379177
2023-03-15,95.076742,95.414981,94.795224,95.133295,95.133295,6059398
2023-03-16,95.133295,95.569311,94.689234,95.125212,95.125212,4348073
2023-03-17,95.125212,103.409956,94.666201,102.913365,102.913365,6212445
2023-03-20,102.913365,104.156659,102.644153,103.884906,103.884906,8442406
2023-03-21,103.884906,103.909098,102.728463,102.752391,102.752391,4464484
2023-03-22,102.752391,105.011188,102.519616,104.773834,104.773834,5479347
2023-03-23,104.773834,106.471611,103.924096,105.615050,105.615050,7805554
2023-03-24,105.615050,105.763037,104.011918,104.157864,104.157864,6271332
2023-03-27,104.157864,104.619893,103.187937,103.647703,103.647703,8269031
2023-03-28,103.647703,104.289306,103.425393,104.066099,104.066099,3584019
2023-03-29,104.066099,104.147322,103.874057,103.955193,103.955193,9356442
2023-03-30,103.955193,106.064844,103.578084,105.681473,105.681473,4859700
2023-03-31,105.681473,105.775535,105.603084,105.697134,105.697134,6383754
2023-04-03,105.697134,106.537643,105.420107,106.259142,106.259142,6932058
2023-04-04,106.259142,106.509806,103.404679,103.649186,103.649186,7879845
2023-04-05,103.649186,105.825683,103.501818,105.675434,105.675434,5419411
2023-04-06,105.675434,108.047732,105.241859,107.606235,107.606235,7339472
2023-04-07,107.606235,108.314669,107.182053,107.889371,107.889371,4760625
2023-04-10,107.889371,108.682931,107.233647,108.026374,108.026374,8781592
2023-04-11,108.026374,108.064603,107.035960,107.073851,107.073851,7312059
2023-04-12,107.073851,110.129966,107.013935,110.068374,110.068374,5897047
2023-04-13,110.068374,110.560824,109.036188,109.526212,109.526212,7190601
2023-04-14,109.526212,110.385356,105.552042,106.386559,106.386559,4781194
2023-04-17,106.386559,109.307232,106.290120,109.208236,109.208236,6346533
2023-04-18,109.208236,110.953167,108.875535,110.616177,110.616177,3792468
2023-04-19,110.616177,111.455205,107.483082,108.304576,108.304576,3438746
2023-04-20,108.304576,109.384052,108.230158,109.308943,109.308943,6101002
2023-04-21,109.308943,109.694479,105.701522,106.075654,106.075654,8078306
2023-04-24,106.075654,107.075105,105.890795,106.888829,106.888829,5679780
2023-04-25,106.888829,107.030338,105.355097,105.494761,105.494761,11699214
2023-04-26,105.494761,105.551716,102.631649,102.687088,102.687088,7685390
2023-04-27,102.687088,103.125784,102.616010,103.054452,103.054452,6643764
2023-04-28,103.054452,103.142338,100.832902,100.918967,100.918967,6936481
2023-05-01,100.918967,102.133003,100.840887,102.054045,102.054045,6940373
2023-05-02,102.054045,102.221897,99.258930,99.422454,99.422454,7424434
2023-05-03,99.422454,99.523092,96.818193,96.916294,96.916294,2759418
2023-05-04,96.916294,100.946334,96.393779,100.405009,100.405009,5456852
2023-05-05,100.405009,100.423233,98.933806,98.951767,98.951767,16620866
2023-05-08,98.951767,100.048089,98.497032,99.590420,99.590420,7097930
2023-05-09,99.590420,100.265173,98.727276,99.400745,99.400745,5627455
2023-05-10,99.400745,99.427920,99.218822,99.245955,99.245955,5272134
2023-05-11,99.245955,99.342901,97.983570,98.079377,98.079377,8213615
2023-05-12,98.079377,98.096617,96.335576,96.352512,96.352512,5429819
2023-05-15,96.352512,97.016750,94.381423,95.036589,95.036589,4871757
2023-05-16,95.036589,96.985465,95.007355,96.955640,96.955640,4722661
2023-05-17,96.955640,97.012861,96.781032,96.838183,96.838183,7755562
2023-05-18,96.838183,101.115695,96.158662,100.411101,100.411101,4256740
2023-05-19,100.411101,101.401777,100.226191,101.215386,101.215386,4770453
2023-05-22,101.215386,102.335366,101.176776,102.296344,102.296344,3143037
2023-05-23,102.296344,102.436278,100.811106,100.949197,100.949197,4202226
2023-05-24,100.949197,101.219275,98.376677,98.640579,98.640579,6178270
2023-05-25,98.640579,99.636334,98.433225,99.427326,99.427326,4188442
2023-05-26,99.427326,99.712274,98.960494,99.244920,99.244920,3996527
2023-05-29,99.244920,101.226061,99.126400,101.105320,101.105320,3721064
2023-05-30,101.105320,101.878675,100.030610,100.801642,100.801642,6397039
2023-05-31,100.801642,101.375070,97.772084,98.331460,98.331460,5807225
2023-06-01,98.331460,98.345438,97.628836,97.642716,97.642716,6352398
2023-06-02,97.642716,99.529740,97.508552,99.393170,99.393170,10762850
2023-06-05,99.393170,102.353284,99.221869,102.177184,102.177184,4646815
2023-06-06,102.177184,102.578688,100.783080,101.180668,101.180668,4513092
2023-06-07,101.180668,101.392579,99.056221,99.264118,99.264118,3692506
2023-06-08,99.264118,100.211332,99.011418,99.956868,99.956868,3175871
2023-06-09,99.956868,100.813423,97.857631,98.703445,98.703445,9771754
2023-06-12,98.703445,101.130194,97.983836,100.398229,100.398229,7515973
2023-06-13,100.398229,100.465911,99.019391,99.086189,99.086189,5860511
2023-06-14,99.086189,101.017574,98.740656,100.666531,100.666531,5897610
2023-06-15,100.666531,105.739950,100.546792,105.614326,105.614326,5228378
2023-06-16,105.614326,106.035482,104.288854,104.706388,104.706388,4435311
2023-06-19,104.706388,106.474945,104.371096,106.135078,106.135078,4445713
2023-06-20,106.135078,108.207902,105.208645,107.271550,107.271550,5738365
2023-06-21,107.271550,107.319540,105.296264,105.343392,105.343392,6997818
2023-06-22,105.343392,106.573704,104.966461,106.193730,106.193730,7068261
2023-06-23,106.193730,107.269664,106.168838,107.244526,107.244526,5226438
2023-06-26,107.244526,108.137925,103.269965,104.137481,104.137481,6216119
2023-06-27,104.137481,104.308818,103.218159,103.388263,103.388263,6767535
2023-06-28,103.388263,103.434075,103.310399,103.356197,103.356197,3238083
2023-06-29,103.356197,103.389935,101.561868,101.595031,101.595031,4179869
2023-06-30,101.595031,102.147128,101.525599,102.077367,102.077367,4576880
2023-07-03,102.077367,102.770686,99.942981,100.626446,100.626446,3776359
2023-07-04,100.626446,104.245335,100.485179,104.099192,104.099192,9856006
2023-07-05,104.099192,104.361148,101.752586,102.009282,102.009282,4177527
2023-07-06,102.009282,103.159900,101.585538,102.733149,102.733149,7215379
2023-07-07,102.733149,102.768013,102.119394,102.154061,102.154061,7903174
2023-07-10,102.154061,102.458080,101.711275,102.014880,102.014880,6273600
2023-07-11,102.014880,104.014986,101.151832,103.142399,103.142399,7519118
2023-07-12,103.142399,106.503103,102.956876,106.311879,106.311879,4004052
2023-07-13,106.311879,107.529109,106.009790,107.224427,107.224427,5232635
2023-07-14,107.224427,107.504502,106.987102,107.267082,107.267082,10630400
2023-07-17,107.267082,110.836039,106.802814,110.358392,110.358392,4932512
2023-07-18,110.358392,111.710411,110.068931,111.418170,111.418170,4207812
2023-07-19,111.418170,113.457873,111.231313,113.267914,113.267914,3976798
2023-07-20,113.267914,113.428782,110.527016,110.684215,110.684215,4351322
2023-07-21,110.684215,112.925692,110.599993,112.839831,112.839831,4997641
2023-07-24,112.839831,113.173249,112.615377,112.948579,112.948579,5809316
2023-07-25,112.948579,113.087806,111.195478,111.332714,111.332714,8160282
2023-07-26,111.332714,112.310217,111.287544,112.264669,112.264669,5145698
2023-07-27,112.264669,115.493606,111.210112,114.418814,114.418814,6221505
2023-07-28,114.418814,118.774321,114.263889,118.613716,118.613716,3754749
2023-07-31,118.613716,119.578460,118.475192,119.438972,119.438972,8034271
2023-08-01,119.438972,120.706293,119.437221,120.704523,120.704523,4798115
2023-08-02,120.704523,125.092145,120.151681,124.521821,124.521821,9080426
2023-08-03,124.521821,125.295495,123.800310,124.573684,124.573684,4415161
2023-08-04,124.573684,126.700603,124.394775,126.518900,126.518900,7089181
2023-08-07,126.518900,126.658806,126.109657,126.249264,126.249264,6242676
2023-08-08,126.249264,132.814720,125.553371,132.086652,132.086652,4590489
2023-08-09,132.086652,133.035049,130.497504,131.441268,131.441268,5238347
2023-08-10,131.441268,135.491486,131.338232,135.385358,135.385358,9201751
2023-08-11,135.385358,135.466245,134.820203,134.900800,134.900800,4457238
2023-08-14,134.900800,135.496576,132.234866,132.821459,132.821459,6405295
2023-08-15,132.821459,134.728199,132.569885,134.473496,134.473496,5475406
2023-08-16,134.473496,136.858736,134.293062,136.675348,136.675348,4136938
2023-08-17,136.675348,137.514012,134.828282,135.660720,135.660720,5649672
2023-08-18,135.660720,139.592025,135.104224,139.021742,139.021742,6094119
2023-08-21,139.021742,142.517365,138.678867,142.166733,142.166733,6671320
2023-08-22,142.166733,142.277868,141.521610,141.632328,141.632328,3763517
2023-08-23,141.632328,142.271009,140.751408,141.388991,141.388991,6743099
2023-08-24,141.388991,141.824732,139.512993,139.944281,139.944281,8662506
2023-08-25,139.944281,143.355803,139.712967,143.119240,143.119240,4390156
2023-08-28,143.119240,149.143972,142.853374,148.867428,148.867428,4583601
2023-08-29,148.867428,148.972907,146.692654,146.796666,146.796666,5956169
2023-08-30,146.796666,149.142018,145.632237,147.968296,147.968296,5939099
2023-08-31,147.968296,148.200084,141.395228,141.617066,141.617066,4918903
2023-09-01,141.617066,141.836777,140.332889,140.550946,140.550946,6097524
2023-09-04,140.550946,141.108490,140.059140,140.616455,140.616455,6028763
2023-09-05,140.616455,141.423626,137.968270,138.764812,138.764812,7328008
2023-09-06,138.764812,139.486156,138.715147,139.436250,139.436250,8147223
2023-09-07,139.436250,141.776083,139.032896,141.367143,141.367143,6073018
2023-09-08,141.367143,147.934405,141.173445,147.731985,147.731985,4754179
2023-09-11,147.731985,148.171190,145.619419,146.053635,146.053635,4777222
2023-09-12,146.053635,147.357100,145.714784,147.016017,147.016017,5411561
2023-09-13,147.016017,150.395728,146.728459,150.102133,150.102133,8049117
2023-09-14,150.102133,153.495292,149.740874,153.126753,153.126753,5589493
2023-09-15,153.126753,153.627072,150.231111,150.723578,150.723578,3601849
2023-09-18,150.723578,150.976632,150.389338,150.642255,150.642255,7680556
2023-09-19,150.642255,150.995708,150.345685,150.699027,150.699027,7866968
2023-09-20,150.699027,151.300764,148.543059,149.138565,149.138565,6828082
2023-09-21,149.138565,149.617425,146.182642,146.653523,146.653523,8404234
2023-09-22,146.653523,147.059040,146.474776,146.880018,146.880018,5210122
2023-09-25,146.880018,150.852685,146.614099,150.580067,150.580067,8731157
2023-09-26,150.580067,152.223523,148.292199,149.928544,149.928544,6862237
2023-09-27,149.928544,150.206362,147.608996,147.883024,147.883024,6965088
2023-09-28,147.883024,149.077139,144.130747,145.304037,145.304037,3735712
2023-09-29,145.304037,146.296991,139.118966,140.076195,140.076195,10201572
2023-10-02,140.076195,142.169611,139.980934,142.072992,142.072992,8159218
2023-10-03,142.072992,142.691986,139.528972,140.139543,140.139543,3548603
2023-10-04,140.139543,140.642632,139.795002,140.297702,140.297702,6297085
2023-10-05,140.297702,141.487336,140.293856,141.483457,141.483457,8076853
2023-10-06,141.483457,142.385334,140.265261,141.165109,141.165109,6401786
2023-10-09,141.165109,141.482872,137.389377,137.699339,137.699339,3748098
2023-10-10,137.699339,139.000479,136.269639,137.569553,137.569553,5874001
2023-10-11,137.569553,137.612109,137.433538,137.476066,137.476066,5720625
2023-10-12,137.476066,138.337396,136.868378,137.728592,137.728592,5118532
2023-10-13,137.728592,138.173575,136.513815,136.956303,136.956303,7065412
2023-10-16,136.956303,139.941760,136.076247,139.048261,139.048261,5189516
2023-10-17,139.048261,140.196957,138.264268,139.410920,139.410920,3953897
2023-10-18,139.410920,140.009117,137.653532,138.246734,138.246734,6676857
2023-10-19,138.246734,138.528835,137.477488,137.758593,137.758593,3625924
2023-10-20,137.758593,137.870693,132.998748,133.107063,133.107063,7791528
2023-10-23,133.107063,137.318050,132.309572,136.500228,136.500228,4709304
2023-10-24,136.500228,137.269309,134.540863,135.303199,135.303199,7858711
2023-10-25,135.303199,136.013378,133.980463,134.687409,134.687409,5519912
2023-10-26,134.687409,134.990487,133.368905,133.669693,133.669693,8605029
2023-10-27,133.669693,134.579621,133.008943,133.917645,133.917645,5195638
2023-10-30,133.917645,136.858884,133.692130,136.628803,136.628803,7309706
2023-10-31,136.628803,137.111872,136.467679,136.950369,136.950369,6734217
2023-11-01,136.950369,137.196908,135.680670,135.925364,135.925364,4764928
2023-11-02,135.925364,136.194428,135.279029,135.547344,135.547344,4745141
2023-11-03,135.547344,136.639693,134.870055,135.960340,135.960340,5014440
2023-11-06,135.960340,136.313753,135.891726,136.244995,136.244995,7298824
2023-11-07,136.244995,136.720261,135.766960,136.242217,136.242217,4000852
2023-11-08,136.242217,136.611124,132.208562,132.567518,132.567518,11659226
2023-11-09,132.567518,133.124154,130.828871,131.380522,131.380522,6250040
2023-11-10,131.380522,132.082570,128.949995,129.642757,129.642757,9625488
2023-11-13,129.642757,130.370834,128.440386,129.165785,129.165785,4133820
2023-11-14,129.165785,131.651168,129.107263,131.591547,131.591547,4093624
2023-11-15,131.591547,132.193259,131.365523,131.966591,131.966591,4797392
2023-11-16,131.966591,138.805736,131.361967,138.172678,138.172678,5699479
2023-11-17,138.172678,142.678306,137.547386,142.035533,142.035533,9425255
2023-11-20,142.035533,143.058060,138.794884,139.801327,139.801327,9023575
2023-11-21,139.801327,141.597686,138.961337,140.751984,140.751984,9513474
2023-11-22,140.751984,141.397214,137.544818,138.178249,138.178249,3872244
2023-11-23,138.178249,140.238110,138.015846,140.073480,140.073480,5900521
2023-11-24,140.073480,141.001388,139.606938,140.533316,140.533316,7341724
2023-11-27,140.533316,140.963749,136.493812,136.913157,136.913157,11705577
2023-11-28,136.913157,137.191436,133.387217,133.658882,133.658882,5799476
2023-11-29,133.658882,137.109180,132.762711,136.195998,136.195998,4222764
2023-11-30,136.195998,140.312781,135.767891,139.873115,139.873115,5779412
2023-12-01,139.873115,141.347310,139.493879,140.965113,140.965113,6595113
2023-12-04,140.965113,145.822855,140.296954,145.134931,145.134931,8697239
2023-12-05,145.134931,145.450661,143.513925,143.826809,143.826809,9052804
2023-12-06,143.826809,146.919439,142.659318,145.736446,145.736446,4421194
2023-12-07,145.736446,146.360091,143.361379,143.977497,143.977497,4579482
2023-12-08,143.977497,144.412244,141.851916,142.281542,142.281542,4195208
2023-12-11,142.281542,142.457275,140.705457,140.879458,140.879458,5663578
2023-12-12,140.879458,141.475117,140.373478,140.968816,140.968816,5464120
2023-12-13,140.968816,144.425562,140.383169,143.828037,143.828037,3062686
2023-12-14,143.828037,144.161183,141.287833,141.615855,141.615855,4313712
2023-12-15,141.615855,143.491282,141.464660,143.338248,143.338248,7419294
2023-12-18,143.338248,143.921621,143.105762,143.688566,143.688566,5907913
2023-12-19,143.688566,144.127202,141.871445,142.305859,142.305859,3124862
2023-12-20,142.305859,143.020934,139.800193,140.506225,140.506225,5294938
2023-12-21,140.506225,140.735809,136.977247,137.201431,137.201431,5569813
2023-12-22,137.201431,137.443312,134.605648,134.843372,134.843372,9399297
2023-12-25,134.843372,138.625862,134.841537,138.623976,138.623976,1696753
2023-12-26,138.623976,140.210062,138.494338,140.079064,140.079064,5525024
2023-12-27,140.079064,146.106644,139.079120,145.071065,145.071065,12628170
2023-12-28,145.071065,145.111781,139.301165,139.340272,139.340272,3982845
2023-12-29,139.340272,141.747504,138.649010,141.047771,141.047771,5579372
2024-01-01,141.047771,141.291879,139.901915,140.144459,140.144459,5041418
2024-01-02,140.144459,142.947222,139.258795,142.049518,142.049518,5574170
2024-01-03,142.049518,144.750232,141.887712,144.585538,144.585538,3677847
2024-01-04,144.585538,144.977014,141.122191,141.505327,141.505327,5001098
2024-01-05,141.505327,141.742697,141.496389,141.733745,141.733745,7739201
2024-01-08,141.733745,143.004262,140.993549,142.261311,142.261311,6287868
2024-01-09,142.261311,142.874188,141.599951,142.212618,142.212618,5581596
2024-01-10,142.212618,143.597585,140.264839,141.644272,141.644272,5867686
2024-01-11,141.644272,142.981631,141.429123,142.764780,142.764780,8036482
2024-01-12,142.764780,145.061392,142.729243,145.025292,145.025292,6532011
2024-01-15,145.025292,146.666906,144.415899,146.053194,146.053194,9485233
2024-01-16,146.053194,146.167149,144.463167,144.575969,144.575969,5783303
2024-01-17,144.575969,145.470290,143.714426,144.608553,144.608553,4993947
2024-01-18,144.608553,145.514151,143.462745,144.366829,144.366829,9148479
2024-01-19,144.366829,144.510201,141.312968,141.453447,141.453447,7089681
2024-01-22,141.453447,144.108114,141.428266,144.082466,144.082466,6331814
2024-01-23,144.082466,144.529445,141.389151,141.829139,141.829139,4757478
2024-01-24,141.829139,142.739827,140.495388,141.403341,141.403341,5850972
2024-01-25,141.403341,141.641537,139.126101,139.360856,139.360856,6756277
2024-01-26,139.360856,142.781342,138.800717,142.209752,142.209752,4486617
2024-01-29,142.209752,142.305513,140.721930,140.816752,140.816752,11987623
2024-01-30,140.816752,141.679460,140.086156,140.948182,140.948182,3243835
2024-01-31,140.948182,141.194528,136.862964,137.102588,137.102588,5001870
2024-02-01,137.102588,138.659454,136.504302,138.057002,138.057002,4166977
2024-02-02,138.057002,139.100397,136.783645,137.825289,137.825289,5563710
2024-02-05,137.825289,140.838499,137.572615,140.580774,140.580774,7703368
2024-02-06,140.580774,140.599706,138.842417,138.861118,138.861118,3567354
2024-02-07,138.861118,144.393528,137.973926,143.476846,143.476846,3255550
2024-02-08,143.476846,143.707254,143.457697,143.688077,143.688077,5306042
2024-02-09,143.688077,145.365319,140.402329,142.060573,142.060573,4151449
2024-02-12,142.060573,146.016960,141.846871,145.797635,145.797635,3793887
2024-02-13,145.797635,146.491967,144.757496,145.450172,145.450172,3963955
2024-02-14,145.450172,145.515621,143.750237,143.814950,143.814950,6392374
2024-02-15,143.814950,143.833529,142.953294,142.971765,142.971765,3750106
2024-02-16,142.971765,143.554704,140.162009,140.735832,140.735832,4632666
2024-02-19,140.735832,141.034158,138.410828,138.704848,138.704848,11134063
2024-02-20,138.704848,140.892532,138.356244,140.539317,140.539317,3920587
2024-02-21,140.539317,147.075672,139.887972,146.397178,146.397178,6872702
2024-02-22,146.397178,146.443149,144.410605,144.455967,144.455967,5655748
2024-02-23,144.455967,144.870343,143.764934,144.178514,144.178514,7153563
2024-02-26,144.178514,144.241216,141.423103,141.484634,141.484634,10970043
2024-02-27,141.484634,141.639420,141.028286,141.182742,141.182742,7353286
2024-02-28,141.182742,141.519471,139.201527,139.534325,139.534325,14538012
2024-02-29,139.534325,141.020438,139.127286,140.610261,140.610261,6151800
2024-03-01,140.610261,141.993160,138.872659,140.252035,140.252035,9366235
2024-03-04,140.252035,141.573116,136.099908,137.394068,137.394068,3801251
2024-03-05,137.394068,138.065281,131.471910,132.117345,132.117345,3824741
2024-03-06,132.117345,132.319152,130.670973,130.870876,130.870876,3751762
2024-03-07,130.870876,133.850531,130.491829,133.463974,133.463974,7005097
2024-03-08,133.463974,135.619280,133.272566,135.425060,135.425060,3479196
2024-03-11,135.425060,137.314365,135.183228,137.069597,137.069597,8640839
2024-03-12,137.069597,137.275629,135.717127,135.921433,135.921433,3039826
2024-03-13,135.921433,139.322571,135.816840,139.215443,139.215443,3743671
2024-03-14,139.215443,139.648759,136.721944,137.148828,137.148828,5397101
2024-03-15,137.148828,137.912952,137.032213,137.795787,137.795787,5201275
2024-03-18,137.795787,137.832848,137.398275,137.435238,137.435238,3919923
2024-03-19,137.435238,138.184524,137.331653,138.080452,138.080452,3982987
2024-03-20,138.080452,138.104813,137.860154,137.884480,137.884480,7757210
2024-03-21,137.884480,138.320744,136.283282,136.715849,136.715849,5065656
2024-03-22,136.715849,136.867361,136.423756,136.575111,136.575111,10646683
2024-03-25,136.575111,138.214521,136.090809,137.726137,137.726137,9328512
2024-03-26,137.726137,138.027301,137.483434,137.784495,137.784495,6928764
2024-03-27,137.784495,140.394679,137.677263,140.285501,140.285501,4306489
2024-03-28,140.285501,141.643216,140.148905,141.505432,141.505432,5124852
2024-03-29,141.505432,142.389557,139.392861,140.269262,140.269262,5201401
2024-04-01,140.269262,140.417255,135.331565,135.474499,135.474499,5385362
2024-04-02,135.474499,139.361778,134.453445,138.319284,138.319284,4710247
2024-04-03,138.319284,138.737083,133.818422,134.223850,134.223850,6018525
2024-04-04,134.223850,134.253642,133.306241,133.335836,133.335836,8272348
2024-04-05,133.335836,133.826572,130.529219,131.011400,131.011400,7293234
2024-04-08,131.011400,135.259823,130.774777,135.015967,135.015967,5979693
2024-04-09,135.015967,135.765093,134.861676,135.610123,135.610123,5373319
2024-04-10,135.610123,135.682833,133.969408,134.041277,134.041277,6108063
2024-04-11,134.041277,135.518524,133.389378,134.862631,134.862631,8233349
2024-04-12,134.862631,135.294029,128.092249,128.503305,128.503305,5314093
2024-04-15,128.503305,132.781622,128.439798,132.716033,132.716033,8733356
2024-04-16,132.716033,133.595919,130.041509,130.909417,130.909417,3712918
2024-04-17,130.909417,132.068217,130.463580,131.619960,131.619960,6568420
2024-04-18,131.619960,132.028603,128.131079,128.530129,128.530129,4826834
2024-04-19,128.530129,130.939322,128.174071,130.577592,130.577592,8171926
2024-04-22,130.577592,130.647869,122.196814,122.262616,122.262616,7885554
2024-04-23,122.262616,126.731759,121.982345,126.441907,126.441907,5546673
2024-04-24,126.441907,130.674139,125.723438,129.935817,129.935817,3990868
2024-04-25,129.935817,130.077897,128.192601,128.332928,128.332928,3102565
2024-04-26,128.332928,128.356904,124.101754,124.124943,124.124943,5108443
2024-04-29,124.124943,124.375116,119.384797,119.625903,119.625903,6692818
2024-04-30,119.625903,120.831998,119.577820,120.783449,120.783449,4713377
2024-05-01,120.783449,120.873287,120.505906,120.595605,120.595605,5745841
2024-05-02,120.595605,122.282549,120.288839,121.972281,121.972281,9388965
2024-05-03,121.972281,122.214429,121.070393,121.311229,121.311229,7973763
2024-05-06,121.311229,121.332617,120.583495,120.604758,120.604758,9697626
2024-05-07,120.604758,120.933940,120.192499,120.521454,120.521454,4142664
2024-05-08,120.521454,122.452588,119.794872,121.718788,121.718788,7054222
2024-05-09,121.718788,122.525952,120.965011,121.771847,121.771847,3236667
2024-05-10,121.771847,122.920703,121.232240,122.378409,122.378409,4790894
2024-05-13,122.378409,122.605672,122.352876,122.580097,122.580097,6948449
2024-05-14,122.580097,122.922753,120.849913,121.188679,121.188679,5508749
2024-05-15,121.188679,121.272066,120.202226,120.284991,120.284991,6516959
2024-05-16,120.284991,121.521074,120.264221,121.500095,121.500095,7062413
2024-05-17,121.500095,121.791007,119.157469,119.443456,119.443456,7107506
2024-05-20,119.443456,120.827610,118.879907,120.260206,120.260206,4415384
2024-05-21,120.260206,123.589098,120.170296,123.496768,123.496768,5310227
2024-05-22,123.496768,123.994979,122.154778,122.649570,122.649570,3587608
2024-05-23,122.649570,123.044037,122.031481,122.425227,122.425227,6126948
2024-05-24,122.425227,124.165297,121.868677,123.603391,123.603391,8708344
2024-05-27,123.603391,123.818414,121.576546,121.788412,121.788412,2929052
2024-05-28,121.788412,123.030952,121.787311,123.029840,123.029840,8433016
2024-05-29,123.029840,123.751715,119.422228,120.127070,120.127070,7700127
2024-05-30,120.127070,121.573224,119.942430,121.386648,121.386648,3426018
2024-05-31,121.386648,122.434089,121.334326,122.381338,122.381338,8867412
2024-06-03,122.381338,122.806777,120.127614,120.546675,120.546675,6165133
2024-06-04,120.546675,121.187509,120.081992,120.722151,120.722151,4876510
2024-06-05,120.722151,122.166763,117.423460,118.845617,118.845617,9294723
2024-06-06,118.845617,119.976500,118.187622,119.315902,119.315902,4561650
2024-06-07,119.315902,119.570042,116.125446,116.373318,116.373318,4946452
2024-06-10,116.373318,117.525616,116.154248,117.304792,117.304792,9937189
2024-06-11,117.304792,119.047595,116.756496,118.493742,118.493742,7012318
2024-06-12,118.493742,118.735648,116.217564,116.455309,116.455309,3654951
2024-06-13,116.455309,120.375085,115.732430,119.632484,119.632484,3599956
2024-06-14,119.632484,120.525621,119.456595,120.348679,120.348679,14830590
2024-06-17,120.348679,125.014659,120.074113,124.730096,124.730096,4598105
2024-06-18,124.730096,125.464119,123.972287,124.706169,124.706169,5011606
2024-06-19,124.706169,125.322626,124.073972,124.690351,124.690351,4994588
2024-06-20,124.690351,127.994717,124.612441,127.914793,127.914793,4533249
2024-06-21,127.914793,127.953070,127.457971,127.496123,127.496123,12403099
2024-06-24,127.496123,128.462203,126.635808,127.601179,127.601179,4385305
2024-06-25,127.601179,130.609424,127.062396,130.060258,130.060258,6667025
2024-06-26,130.060258,130.773733,129.069844,129.781792,129.781792,5860473
2024-06-27,129.781792,130.140039,127.747817,128.101425,128.101425,5373063
2024-06-28,128.101425,129.135663,128.017755,129.051373,129.051373,5966652
2024-07-01,129.051373,129.565755,126.970990,127.479105,127.479105,7345429
2024-07-02,127.479105,128.028692,125.956523,126.501896,126.501896,12687603
2024-07-03,126.501896,130.312097,125.887511,129.682266,129.682266,5224938
2024-07-04,129.682266,133.889290,129.373714,133.571484,133.571484,8048274
2024-07-05,133.571484,133.775688,132.913474,133.116983,133.116983,6080093
2024-07-08,133.116983,133.424297,132.849073,133.156308,133.156308,3397054
2024-07-09,133.156308,133.851642,130.505990,131.191062,131.191062,6403788
2024-07-10,131.191062,132.246756,130.520234,131.573970,131.573970,6287952
2024-07-11,131.573970,131.614138,130.832294,130.872249,130.872249,7928906
2024-07-12,130.872249,132.680689,130.643109,132.448790,132.448790,6625818
2024-07-15,132.448790,132.942388,131.463413,131.955171,131.955171,9372882
2024-07-16,131.955171,133.287992,131.310180,132.639655,132.639655,6239149
2024-07-17,132.639655,133.009757,130.941064,131.307448,131.307448,5013045
2024-07-18,131.307448,131.725570,131.290642,131.708712,131.708712,8424125
2024-07-19,131.708712,131.815912,129.684335,129.789973,129.789973,8362812
2024-07-22,129.789973,129.950599,127.449792,127.607717,127.607717,6131767
2024-07-23,127.607717,127.680845,126.680085,126.752723,126.752723,8386882
2024-07-24,126.752723,127.711111,126.435329,127.392116,127.392116,4089469
2024-07-25,127.392116,129.260610,127.072481,128.937098,128.937098,4963601
2024-07-26,128.937098,129.638255,128.608786,129.308996,129.308996,4758226
2024-07-29,129.308996,129.978652,126.779129,127.439102,127.439102,8795380
2024-07-30,127.439102,127.832313,127.178190,127.571131,127.571131,5260928
2024-07-31,127.571131,128.215071,127.430774,128.074159,128.074159,3950615
2024-08-01,128.074159,129.490402,126.902037,128.316066,128.316066,5296834
2024-08-02,128.316066,128.874514,127.400347,127.957233,127.957233,12651719
2024-08-05,127.957233,128.809599,126.928640,127.779824,127.779824,4295018
2024-08-06,127.779824,128.844394,127.513345,128.576254,128.576254,5054952
2024-08-07,128.576254,129.956601,127.721771,129.098646,129.098646,4179927
2024-08-08,129.098646,133.085797,128.206530,132.172440,132.172440,5881087
2024-08-09,132.172440,132.396870,131.688010,131.911998,131.911998,4815535
2024-08-12,131.911998,134.652535,131.089130,133.817779,133.817779,6652272
2024-08-13,133.817779,134.253652,130.594794,131.021559,131.021559,7549726
2024-08-14,131.021559,131.543900,128.541097,129.055600,129.055600,8102640
2024-08-15,129.055600,132.118946,128.004485,131.051574,131.051574,4158939
2024-08-16,131.051574,132.362524,130.529610,131.837431,131.837431,4278533
2024-08-19,131.837431,132.113087,126.749558,127.015131,127.015131,7753013
2024-08-20,127.015131,127.632880,126.156414,126.772985,126.772985,9429819
2024-08-21,126.772985,127.078636,122.908770,123.205821,123.205821,7017986
2024-08-22,123.205821,124.870883,122.186727,123.846490,123.846490,4389955
2024-08-23,123.846490,124.731356,123.136597,124.020466,124.020466,6245668
2024-08-26,124.020466,124.085189,121.638007,121.701520,121.701520,8692062
2024-08-27,121.701520,122.846546,121.501353,122.644827,122.644827,6596404
2024-08-28,122.644827,123.036762,121.457962,121.847349,121.847349,5521325
2024-08-29,121.847349,122.612874,120.715816,121.479026,121.479026,6454767
2024-08-30,121.479026,122.410961,120.641281,121.572571,121.572571,5063171
2024-09-02,121.572571,123.232884,121.289825,122.946942,122.946942,5604236
2024-09-03,122.946942,123.795991,122.851782,123.700247,123.700247,8881355
2024-09-04,123.700247,123.741962,122.449469,122.490775,122.490775,12046644
2024-09-05,122.490775,123.341019,121.826019,122.675262,122.675262,6477790
2024-09-06,122.675262,123.588496,122.140464,123.052056,123.052056,3969199
2024-09-09,123.052056,123.462776,120.714330,121.118597,121.118597,5100127
2024-09-10,121.118597,121.548800,120.851671,121.281515,121.281515,5423524
2024-09-11,121.281515,121.595154,119.758286,120.068788,120.068788,3523491
2024-09-12,120.068788,122.340676,118.822126,121.083478,121.083478,10351564
2024-09-13,121.083478,122.085036,118.332260,119.319224,119.319224,4255266
2024-09-16,119.319224,119.482070,118.223380,118.384951,118.384951,3917437
2024-09-17,118.384951,121.636921,117.448051,120.681844,120.681844,4626965
2024-09-18,120.681844,120.786612,119.087160,119.190633,119.190633,7451031
2024-09-19,119.190633,120.206696,118.906365,119.920686,119.920686,7010985
2024-09-20,119.920686,123.096561,119.389671,122.553886,122.553886,5906462
2024-09-23,122.553886,122.682362,121.635044,121.762691,121.762691,6880743
2024-09-24,121.762691,122.042785,118.676008,118.949632,118.949632,5428507
2024-09-25,118.949632,120.705761,118.235386,119.985296,119.985296,4892454
2024-09-26,119.985296,120.399199,114.340843,114.736640,114.736640,8783078
2024-09-27,114.736640,114.846643,112.783639,112.891874,112.891874,3741516
2024-09-30,112.891874,116.606770,112.128490,115.823563,115.823563,6050853
2024-10-01,115.823563,119.137817,115.501156,118.807106,118.807106,9420509
2024-10-02,118.807106,119.727102,118.293842,119.212089,119.212089,5995620
2024-10-03,119.212089,120.404019,118.723738,119.912798,119.912798,7559514
2024-10-04,119.912798,120.267813,119.603787,119.958684,119.958684,5635156
2024-10-07,119.958684,121.605701,119.665728,121.309447,121.309447,4363344
2024-10-08,121.309447,126.024560,120.992975,125.696643,125.696643,4425066
2024-10-09,125.696643,125.749830,125.485346,125.538466,125.538466,6245405
2024-10-10,125.538466,127.047112,125.221288,126.726932,126.726932,10840816
2024-10-11,126.726932,129.422222,126.653019,129.346780,129.346780,3737075
2024-10-14,129.346780,129.568017,126.514938,126.731701,126.731701,7469190
2024-10-15,126.731701,127.482286,123.642603,124.379255,124.379255,10048911
2024-10-16,124.379255,124.656342,123.987029,124.263859,124.263859,4818122
2024-10-17,124.263859,125.224673,120.666138,121.606405,121.606405,11395441
2024-10-18,121.606405,122.049113,121.396408,121.838715,121.838715,5947582
2024-10-21,121.838715,122.621982,121.677009,122.459453,122.459453,4471997
2024-10-22,122.459453,123.750849,122.092297,123.380930,123.380930,8786174
2024-10-23,123.380930,123.655232,119.731311,119.998093,119.998093,6825018
2024-10-24,119.998093,123.257119,119.223549,122.466641,122.466641,6111524
2024-10-25,122.466641,123.374794,122.095929,123.002460,123.002460,3702165
2024-10-28,123.002460,125.431642,121.975857,124.393430,124.393430,6371702
2024-10-29,124.393430,124.397063,121.932544,121.936105,121.936105,7184912
2024-10-30,121.936105,121.955046,121.884778,121.903713,121.903713,5144101
2024-10-31,121.903713,121.976706,118.599813,118.670870,118.670870,5872362
2024-11-01,118.670870,119.538278,118.021526,118.887747,118.887747,4106849
2024-11-04,118.887747,119.603339,118.887528,119.603118,119.603118,7184778
2024-11-05,119.603118,119.947719,118.700806,119.043795,119.043795,4571448
2024-11-06,119.043795,122.166720,118.744338,121.860179,121.860179,6217834
2024-11-07,121.860179,123.775810,121.427246,123.337628,123.337628,4511783
2024-11-08,123.337628,125.144081,122.580479,124.380529,124.380529,4610449
2024-11-11,124.380529,124.979665,122.913885,123.508822,123.508822,5532796
2024-11-12,123.508822,126.049671,123.299130,125.836027,125.836027,12293417
2024-11-13,125.836027,128.553256,125.424461,128.134174,128.134174,2315972
2024-11-14,128.134174,129.150344,127.902703,128.917458,128.917458,10755998
2024-11-15,128.917458,133.360023,128.421890,132.849340,132.849340,4559754
2024-11-18,132.849340,133.322631,132.572144,133.045027,133.045027,4691958
2024-11-19,133.045027,133.175795,131.929074,132.058873,132.058873,5909339
2024-11-20,132.058873,132.878870,129.485221,130.294261,130.294261,5992135
2024-11-21,130.294261,133.346916,130.001763,133.048236,133.048236,5234660
2024-11-22,133.048236,133.460576,122.294304,122.674494,122.674494,6512658
2024-11-25,122.674494,122.682823,121.917947,121.926225,121.926225,8422852
2024-11-26,121.926225,122.187637,121.872827,122.134149,122.134149,9960185
2024-11-27,122.134149,122.226800,120.887001,120.978775,120.978775,5419916
2024-11-28,120.978775,124.703684,120.601104,124.315597,124.315597,7665335
2024-11-29,124.315597,128.014727,124.162774,127.857551,127.857551,6354201
2024-12-02,127.857551,128.481753,125.926814,126.544606,126.544606,8517330
2024-12-03,126.544606,126.845241,123.695086,123.989651,123.989651,6878795
2024-12-04,123.989651,126.215818,123.867305,126.091398,126.091398,2174009
2024-12-05,126.091398,126.115327,123.567799,123.591253,123.591253,11061232
2024-12-06,123.591253,123.699016,123.281311,123.388898,123.388898,7012968
2024-12-09,123.388898,125.112468,122.947141,124.666139,124.666139,5033356
2024-12-10,124.666139,124.813344,121.933821,122.077970,122.077970,7001336
2024-12-11,122.077970,123.075154,120.992054,121.988507,121.988507,5531312
2024-12-12,121.988507,122.299172,118.217143,118.518973,118.518973,5494295
2024-12-13,118.518973,118.564205,116.353515,116.397938,116.397938,8611208
2024-12-16,116.397938,118.345975,116.101781,118.045626,118.045626,7658858
2024-12-17,118.045626,118.120794,116.354950,116.429090,116.429090,5016938
2024-12-18,116.429090,117.214218,112.978222,113.745252,113.745252,2902062
2024-12-19,113.745252,115.045766,113.276936,114.574038,114.574038,8463122
2024-12-20,114.574038,115.424526,112.432729,113.273564,113.273564,4770169
2024-12-23,113.273564,113.343447,111.510673,111.579511,111.579511,4546293
2024-12-24,111.579511,111.678773,111.208517,111.307537,111.307537,4432641
2024-12-25,111.307537,112.712522,110.471919,111.872661,111.872661,9833786
2024-12-26,111.872661,115.214703,111.463532,114.794887,114.794887,5012490
2024-12-27,114.794887,118.963410,114.351196,118.505378,118.505378,3471931
2024-12-30,118.505378,118.512533,115.968980,115.975982,115.975982,6053575
2024-12-31,115.975982,116.018921,115.090386,115.133012,115.133012,4998509
