date,open,high,low,close,adjusted_close,volume
2007-01-01,29.000000,29.105720,28.660345,28.765208,28.765208,4506459
2007-01-02,28.765208,29.430002,28.724116,29.388020,29.388020,4987516
2007-01-03,29.388020,29.630232,28.693756,28.932211,28.932211,4697742
2007-01-04,28.932211,29.428796,28.731723,29.226270,29.226270,5950389
2007-01-05,29.226270,29.247691,28.116208,28.136831,28.136831,3596730
2007-01-08,28.136831,28.198501,28.085902,28.147552,28.147552,5419032
2007-01-09,28.147552,28.268468,27.670588,27.789967,27.789967,6170593
2007-01-10,27.789967,27.883255,27.302470,27.394430,27.394430,4798007
2007-01-11,27.394430,27.844502,27.329189,27.778346,27.778346,5830279
2007-01-12,27.778346,27.919304,27.060176,27.198190,27.198190,9836519
2007-01-15,27.198190,27.250220,26.998438,27.050185,27.050185,4732651
2007-01-16,27.050185,27.161072,26.847502,26.958012,26.958012,5678669
2007-01-17,26.958012,27.127833,26.878869,27.048424,27.048424,6881824
2007-01-18,27.048424,27.276118,26.920607,27.147831,27.147831,8840856
2007-01-19,27.147831,27.161339,26.922619,26.936022,26.936022,5537550
2007-01-22,26.936022,26.949366,26.346770,26.359828,26.359828,4786065
2007-01-23,26.359828,26.583196,26.230846,26.453754,26.453754,6758580
2007-01-24,26.453754,26.612495,26.312291,26.470940,26.470940,13366743
2007-01-25,26.470940,27.094939,26.387876,27.010183,27.010183,6522720
2007-01-26,27.010183,27.236966,26.813350,27.039916,27.039916,7801627
2007-01-29,27.039916,27.235913,26.361448,26.553922,26.553922,6484550
2007-01-30,26.553922,27.321688,26.471712,27.237363,27.237363,9510713
2007-01-31,27.237363,27.362340,26.913935,27.037997,27.037997,3817660
2007-02-01,27.037997,27.372782,26.994262,27.328577,27.328577,7848320
2007-02-02,27.328577,28.087273,27.282013,28.039498,28.039498,6958225
2007-02-05,28.039498,28.295235,27.932806,28.187978,28.187978,7439836
2007-02-06,28.187978,28.520640,28.098696,28.430591,28.430591,6938183
2007-02-07,28.430591,28.581200,28.327360,28.477798,28.477798,8935183
2007-02-08,28.477798,28.544606,28.151101,28.217298,28.217298,5882525
2007-02-09,28.217298,28.323404,28.159792,28.265799,28.265799,4860131
2007-02-12,28.265799,28.281388,28.111919,28.127432,28.127432,6240159
2007-02-13,28.127432,28.988736,27.864217,28.719976,28.719976,6705176
2007-02-14,28.719976,28.888079,28.631002,28.798861,28.798861,8333278
2007-02-15,28.798861,29.689518,28.743438,29.632490,29.632490,6841913
2007-02-16,29.632490,30.095796,29.484205,29.945942,29.945942,4078145
2007-02-19,29.945942,30.721108,29.920516,30.695045,30.695045,6876144
2007-02-20,30.695045,30.751080,29.636678,29.690880,29.690880,8213172
2007-02-21,29.690880,29.752092,29.563235,29.624310,29.624310,5336832
2007-02-22,29.624310,29.735569,29.191048,29.301094,29.301094,8704197
2007-02-23,29.301094,29.481097,29.261989,29.441804,29.441804,5498011
2007-02-26,29.441804,29.499612,29.048149,29.105297,29.105297,9021935
2007-02-27,29.105297,29.763923,28.640703,29.296281,29.296281,5541550
2007-02-28,29.296281,29.486816,29.273254,29.463657,29.463657,4371902
2007-03-01,29.463657,29.476266,28.813799,28.826135,28.826135,3870718
2007-03-02,28.826135,29.355045,28.717623,29.244955,29.244955,5204614
2007-03-05,29.244955,29.364383,28.981338,29.100174,29.100174,6665529
2007-03-06,29.100174,29.220441,28.917109,29.037116,29.037116,8548023
2007-03-07,29.037116,29.044955,28.669726,28.677468,28.677468,6592060
2007-03-08,28.677468,28.914421,27.846912,28.078920,28.078920,3453261
2007-03-09,28.078920,28.227408,28.007084,28.155377,28.155377,7345642
2007-03-12,28.155377,28.230843,28.003487,28.078748,28.078748,6010077
2007-03-13,28.078748,28.171284,27.375395,27.465911,27.465911,7972430
2007-03-14,27.465911,28.530350,27.161308,28.217412,28.217412,4060744
2007-03-15,28.217412,28.439199,27.729806,27.949487,27.949487,10218206
2007-03-16,27.949487,28.104276,27.873748,28.028324,28.028324,6592644
2007-03-19,28.028324,28.088676,27.537227,27.596649,27.596649,7962266
2007-03-20,27.596649,27.759804,27.564079,27.727080,27.727080,3640800
2007-03-21,27.727080,28.014829,27.470407,27.757870,27.757870,12369761
2007-03-22,27.757870,27.914673,27.587492,27.744218,27.744218,4802098
2007-03-23,27.744218,27.841224,27.564608,27.661325,27.661325,5215301
2007-03-26,27.661325,27.769428,27.624432,27.732440,27.732440,4506544
2007-03-27,27.732440,28.176702,27.531256,27.973767,27.973767,5098293
2007-03-28,27.973767,28.181247,27.927997,28.135213,28.135213,4343054
2007-03-29,28.135213,28.942784,28.134200,28.941741,28.941741,5576244
2007-03-30,28.941741,28.985851,28.482187,28.525663,28.525663,12504925
2007-04-02,28.525663,28.978259,28.293499,28.744316,28.744316,5217569
2007-04-03,28.744316,28.780269,28.312406,28.347863,28.347863,4082683
2007-04-04,28.347863,29.087205,28.189163,28.925272,28.925272,5011696
2007-04-05,28.925272,29.123352,28.639212,28.836685,28.836685,4315412
2007-04-06,28.836685,28.863196,28.776364,28.802844,28.802844,5839947
2007-04-09,28.802844,28.813381,28.088154,28.098433,28.098433,6982777
2007-04-10,28.098433,28.449537,28.024843,28.375222,28.375222,7490304
2007-04-11,28.375222,28.992489,28.272618,28.888030,28.888030,3493750
2007-04-12,28.888030,29.097893,27.759610,27.962751,27.962751,6832534
2007-04-13,27.962751,28.022473,27.860939,27.920571,27.920571,4118265
2007-04-16,27.920571,28.155545,27.825375,28.059874,28.059874,6571890
2007-04-17,28.059874,28.134880,28.036508,28.111472,28.111472,6674395
2007-04-18,28.111472,28.158512,27.841185,27.887851,27.887851,4460095
2007-04-19,27.887851,28.116092,27.839533,28.067463,28.067463,4751466
2007-04-20,28.067463,28.166374,27.669607,27.767461,27.767461,4444771
2007-04-23,27.767461,29.415487,27.573271,29.211200,29.211200,5858568
2007-04-24,29.211200,29.520841,29.024323,29.333184,29.333184,5772905
2007-04-25,29.333184,29.550120,29.332207,29.549136,29.549136,6320398
2007-04-26,29.549136,29.567377,29.407852,29.426017,29.426017,4821498
2007-04-27,29.426017,29.550225,28.528115,28.649044,28.649044,1475634
2007-04-30,28.649044,28.712157,28.148936,28.211085,28.211085,8662899
2007-05-01,28.211085,28.675533,28.047901,28.510617,28.510617,3186943
2007-05-02,28.510617,28.998501,28.480303,28.967701,28.967701,10390618
2007-05-03,28.967701,29.047146,28.443151,28.521372,28.521372,4581240
2007-05-04,28.521372,29.627388,28.501897,29.607172,29.607172,6702798
2007-05-07,29.607172,30.298034,29.582633,30.272944,30.272944,3885511
2007-05-08,30.272944,30.328945,30.102631,30.158421,30.158421,5064247
2007-05-09,30.158421,30.188005,29.509612,29.538588,29.538588,6749643
2007-05-10,29.538588,30.463052,29.486804,30.409740,30.409740,2961746
2007-05-11,30.409740,30.437017,30.313861,30.341076,30.341076,5400126
2007-05-14,30.341076,30.948485,30.244698,30.850488,30.850488,14399043
2007-05-15,30.850488,31.862641,30.561722,31.567168,31.567168,4516852
2007-05-16,31.567168,31.643030,30.665150,30.739022,30.739022,6979035
2007-05-17,30.739022,31.510714,30.615963,31.385069,31.385069,5391787
2007-05-18,31.385069,31.392496,31.073986,31.081342,31.081342,7269563
2007-05-21,31.081342,31.268369,30.125715,30.308090,30.308090,3851747
2007-05-22,30.308090,31.044216,30.190022,30.923750,30.923750,7761628
2007-05-23,30.923750,31.193425,30.724017,30.993242,30.993242,4846945
2007-05-24,30.993242,31.230950,30.933761,31.171127,31.171127,4756453
2007-05-25,31.171127,31.310826,30.608039,30.745832,30.745832,8991356
2007-05-28,30.745832,30.923006,30.656415,30.833334,30.833334,6034090
2007-05-29,30.833334,30.904589,30.273282,30.343404,30.343404,5503446
2007-05-30,30.343404,31.352792,30.339459,31.348716,31.348716,5616620
2007-05-31,31.348716,31.617822,31.229230,31.497767,31.497767,9858713
2007-06-01,31.497767,31.605367,30.740130,30.845501,30.845501,11261179
2007-06-04,30.845501,30.870765,29.745949,29.770332,29.770332,13181727
2007-06-05,29.770332,29.901395,28.725533,28.852556,28.852556,4097472
2007-06-06,28.852556,29.310588,28.723431,29.179998,29.179998,4828091
2007-06-07,29.179998,29.335918,28.472976,28.625936,28.625936,4965284
2007-06-08,28.625936,28.825409,28.465629,28.664884,28.664884,9428440
2007-06-11,28.664884,28.684089,28.585208,28.604372,28.604372,6362943
2007-06-12,28.604372,28.875250,28.456428,28.726674,28.726674,5464557
2007-06-13,28.726674,28.759551,28.589142,28.621899,28.621899,8769063
2007-06-14,28.621899,29.006547,28.506975,28.890544,28.890544,4635418
2007-06-15,28.890544,29.729885,28.710992,29.546257,29.546257,4909284
2007-06-18,29.546257,29.666183,28.670200,28.787044,28.787044,6589688
2007-06-19,28.787044,29.868228,28.736646,29.816028,29.816028,10861632
2007-06-20,29.816028,29.848102,29.708903,29.740896,29.740896,9518738
2007-06-21,29.740896,29.996075,28.872397,29.122268,29.122268,2964364
2007-06-22,29.122268,29.174007,27.712206,27.761527,27.761527,3695785
2007-06-25,27.761527,27.913051,27.337048,27.487075,27.487075,4217767
2007-06-26,27.487075,27.894844,27.408842,27.815676,27.815676,8152294
2007-06-27,27.815676,28.219049,27.655905,28.057887,28.057887,5000849
2007-06-28,28.057887,28.578464,27.969286,28.488504,28.488504,7718574
2007-06-29,28.488504,28.535673,27.331480,27.376808,27.376808,7563509
2007-07-02,27.376808,27.844515,27.252643,27.718798,27.718798,10564823
2007-07-03,27.718798,27.852972,27.402175,27.535462,27.535462,11445124
2007-07-04,27.535462,27.580416,27.474803,27.519733,27.519733,6969616
2007-07-05,27.519733,27.544758,26.620161,26.644391,26.644391,5694007
2007-07-06,26.644391,27.697223,26.626595,27.678736,27.678736,4564998
2007-07-09,27.678736,27.711658,27.229090,27.261516,27.261516,5853792
2007-07-10,27.261516,27.794975,27.192489,27.724775,27.724775,7206101
2007-07-11,27.724775,27.868519,27.186851,27.328540,27.328540,6584742
2007-07-12,27.328540,27.791676,27.095484,27.556674,27.556674,5976174
2007-07-13,27.556674,27.675050,27.117714,27.234707,27.234707,5291531
2007-07-16,27.234707,27.529171,27.118982,27.412690,27.412690,7129027
2007-07-17,27.412690,27.417910,27.200190,27.205371,27.205371,5904955
2007-07-18,27.205371,27.334736,27.110577,27.239822,27.239822,7081177
2007-07-19,27.239822,28.134627,27.069422,27.959724,27.959724,5862813
2007-07-20,27.959724,28.829583,27.878302,28.745871,28.745871,8915109
2007-07-23,28.745871,29.052392,28.722628,29.028920,29.028920,5281470
2007-07-24,29.028920,29.260087,28.769467,29.000407,29.000407,5271014
2007-07-25,29.000407,29.908846,28.747715,29.650489,29.650489,7241279
2007-07-26,29.650489,29.988914,29.141956,29.478417,29.478417,7330826
2007-07-27,29.478417,30.558249,29.450261,30.529089,30.529089,3830678
2007-07-30,30.529089,30.957946,30.299399,30.726768,30.726768,4211302
2007-07-31,30.726768,31.381322,30.617698,31.270323,31.270323,3071087
2007-08-01,31.270323,31.595486,31.184676,31.509185,31.509185,4216554
2007-08-02,31.509185,31.668142,31.244555,31.402975,31.402975,9034945
2007-08-03,31.402975,31.794798,31.302466,31.693360,31.693360,4158031
2007-08-06,31.693360,31.797155,31.550751,31.654419,31.654419,4177109
2007-08-07,31.654419,32.099743,31.617213,32.062058,32.062058,5533042
2007-08-08,32.062058,32.527591,31.770129,32.234095,32.234095,6364108
2007-08-09,32.234095,32.939096,32.209331,32.913810,32.913810,5954697
2007-08-10,32.913810,34.016631,32.653541,33.749752,33.749752,6430907
2007-08-13,33.749752,33.842683,33.211113,33.302814,33.302814,10308895
2007-08-14,33.302814,33.314043,33.268513,33.279734,33.279734,3530502
2007-08-15,33.279734,33.737506,33.204518,33.661428,33.661428,10238517
2007-08-16,33.661428,34.818123,33.462887,34.613964,34.613964,3237854
2007-08-17,34.613964,35.653093,34.355547,35.388890,35.388890,6140655
2007-08-20,35.388890,35.420083,33.763661,33.793448,33.793448,6305234
2007-08-21,33.793448,34.544904,33.788829,34.540183,34.540183,7485564
2007-08-22,34.540183,34.840137,34.428817,34.728165,34.728165,6718596
2007-08-23,34.728165,34.840594,33.936976,34.047200,34.047200,7005064
2007-08-24,34.047200,34.428704,33.983170,34.364077,34.364077,9586363
2007-08-27,34.364077,34.372256,34.356937,34.365116,34.365116,6506209
2007-08-28,34.365116,34.690513,34.298742,34.623641,34.623641,4434638
2007-08-29,34.623641,35.195677,34.550665,35.121651,35.121651,3572806
2007-08-30,35.121651,35.182962,34.881886,34.942884,34.942884,4439710
2007-08-31,34.942884,35.531411,34.842730,35.429861,35.429861,5179069
2007-09-03,35.429861,35.485445,34.886125,34.940942,34.940942,6230354
2007-09-04,34.940942,35.001655,34.567041,34.627209,34.627209,3763185
2007-09-05,34.627209,34.693123,33.693186,33.757444,33.757444,4070863
2007-09-06,33.757444,33.892321,32.530463,32.660959,32.660959,4823715
2007-09-07,32.660959,32.706751,31.880701,31.925462,31.925462,6738328
2007-09-10,31.925462,34.263309,31.809274,34.139065,34.139065,4413243
2007-09-11,34.139065,34.222914,33.534757,33.617324,33.617324,10023434
2007-09-12,33.617324,34.147255,33.530436,34.059224,34.059224,14636331
2007-09-13,34.059224,34.516432,33.952998,34.409114,34.409114,4739421
2007-09-14,34.409114,34.518295,34.332096,34.441205,34.441205,3528335
2007-09-17,34.441205,34.556214,33.847320,33.960724,33.960724,4306657
2007-09-18,33.960724,34.345333,33.894876,34.278868,34.278868,3876838
2007-09-19,34.278868,34.355692,34.124601,34.201251,34.201251,5093165
2007-09-20,34.201251,34.668608,34.058873,34.524882,34.524882,3936723
2007-09-21,34.524882,34.891710,34.079022,34.445001,34.445001,4250894
2007-09-24,34.445001,34.481943,34.198058,34.234774,34.234774,3186450
2007-09-25,34.234774,35.259809,34.130038,35.152266,35.152266,3989337
2007-09-26,35.152266,35.168831,35.141068,35.157632,35.157632,4516315
2007-09-27,35.157632,35.378713,34.349255,34.566619,34.566619,9932623
2007-09-28,34.566619,34.683410,33.975756,34.090939,34.090939,11785550
2007-10-01,34.090939,34.171663,33.865721,33.946101,33.946101,3704978
2007-10-02,33.946101,33.962007,33.668348,33.684131,33.684131,8395954
2007-10-03,33.684131,34.065393,33.482508,33.862701,33.862701,8246698
2007-10-04,33.862701,34.493200,33.737752,34.366393,34.366393,7519646
2007-10-05,34.366393,34.621077,34.285626,34.539903,34.539903,8637083
2007-10-08,34.539903,35.208569,34.401735,35.068287,35.068287,5413363
2007-10-09,35.068287,35.094577,34.002616,34.028126,34.028126,5156225
2007-10-10,34.028126,34.351418,33.964230,34.287036,34.287036,3291851
2007-10-11,34.287036,35.693759,34.225149,35.629448,35.629448,4590299
2007-10-12,35.629448,38.920101,35.512747,38.793038,38.793038,3744573
2007-10-15,38.793038,38.908186,37.964483,38.077507,38.077507,3656029
2007-10-16,38.077507,38.233885,36.552674,36.703408,36.703408,5256025
2007-10-17,36.703408,36.917559,36.660170,36.874120,36.874120,4789014
2007-10-18,36.874120,37.851514,36.814571,37.790485,37.790485,5277689
2007-10-19,37.790485,38.712390,37.522591,38.439892,38.439892,4797314
2007-10-22,38.439892,38.893557,38.206628,38.658964,38.658964,10212885
2007-10-23,38.658964,39.114300,38.566940,39.021413,39.021413,7550714
2007-10-24,39.021413,39.729585,38.843125,39.548886,39.548886,5500423
2007-10-25,39.548886,39.831699,39.184817,39.467044,39.467044,4906896
2007-10-26,39.467044,39.477571,36.331143,36.340836,36.340836,6166194
2007-10-29,36.340836,36.393966,35.577916,35.630007,35.630007,6918116
2007-10-30,35.630007,35.828076,35.164750,35.361325,35.361325,4856534
2007-10-31,35.361325,35.644588,35.321492,35.604481,35.604481,4289559
2007-11-01,35.604481,36.852446,35.551466,36.797655,36.797655,7104817
2007-11-02,36.797655,37.645445,36.704529,37.550414,37.550414,5064848
2007-11-05,37.550414,38.426213,37.527759,38.403043,38.403043,9982542
2007-11-06,38.403043,38.530823,36.989290,37.112776,37.112776,6161233
2007-11-07,37.112776,39.037707,36.953056,38.870422,38.870422,9372691
2007-11-08,38.870422,40.881610,38.832035,40.841277,40.841277,4586580
2007-11-09,40.841277,43.530005,40.815901,43.502976,43.502976,4516387
2007-11-12,43.502976,43.966093,43.398475,43.860732,43.860732,7173355
2007-11-13,43.860732,45.519869,43.757257,45.412733,45.412733,4311756
2007-11-14,45.412733,45.424885,44.081920,44.093718,44.093718,9137643
2007-11-15,44.093718,44.368680,43.275828,43.547382,43.547382,6129300
2007-11-16,43.547382,43.733441,41.816214,41.995642,41.995642,3798233
2007-11-19,41.995642,42.123052,41.806865,41.934088,41.934088,6188771
2007-11-20,41.934088,42.236253,41.681417,41.983285,41.983285,5822710
2007-11-21,41.983285,42.790417,41.800832,42.605260,42.605260,7527228
2007-11-22,42.605260,42.958339,42.598620,42.951644,42.951644,5964387
2007-11-23,42.951644,43.080271,42.919364,43.047919,43.047919,4716190
2007-11-26,43.047919,45.678989,42.896425,45.518800,45.518800,3383737
2007-11-27,45.518800,46.824554,45.408841,46.711713,46.711713,7082066
2007-11-28,46.711713,46.753124,45.450369,45.490698,45.490698,8428005
2007-11-29,45.490698,46.257842,45.219798,45.984004,45.984004,10776740
2007-11-30,45.984004,46.044374,44.973181,45.032301,45.032301,7280775
2007-12-03,45.032301,45.139157,43.777548,43.881674,43.881674,3947355
2007-12-04,43.881674,44.127535,43.118098,43.361042,43.361042,6525004
2007-12-05,43.361042,46.402832,43.141270,46.168829,46.168829,11140808
2007-12-06,46.168829,46.225824,43.867818,43.922039,43.922039,6271293
2007-12-07,43.922039,44.839777,43.909038,44.826508,44.826508,7174350
2007-12-10,44.826508,45.027462,43.936841,44.134694,44.134694,4206383
2007-12-11,44.134694,44.369869,44.070626,44.305553,44.305553,5140968
2007-12-12,44.305553,44.424011,42.786168,42.900870,42.900870,9663989
2007-12-13,42.900870,44.098399,42.695610,43.888413,43.888413,3942845
2007-12-14,43.888413,44.933702,43.795203,44.838474,44.838474,5707401
2007-12-17,44.838474,44.965464,43.473081,43.596554,43.596554,3802126
2007-12-18,43.596554,43.915098,43.566900,43.885247,43.885247,6653233
2007-12-19,43.885247,45.149960,43.824842,45.087900,45.087900,8605176
2007-12-20,45.087900,45.271532,44.719367,44.902243,44.902243,6822261
2007-12-21,44.902243,45.356164,44.767572,45.220539,45.220539,11352768
2007-12-24,45.220539,45.443944,44.790844,45.013226,45.013226,4421969
2007-12-25,45.013226,47.910520,44.711479,47.591490,47.591490,3009258
2007-12-26,47.591490,48.375733,47.457443,48.239860,48.239860,7083265
2007-12-27,48.239860,48.310603,47.853886,47.924166,47.924166,4076672
2007-12-28,47.924166,48.066366,47.513546,47.654948,47.654948,4306130
2007-12-31,47.654948,48.086971,47.521116,47.952304,47.952304,5155248
2008-01-01,47.952304,47.978756,47.918711,47.945159,47.945159,5882823
2008-01-02,47.945159,49.736444,47.930694,49.721443,49.721443,6005992
2008-01-03,49.721443,49.937829,48.747032,48.960104,48.960104,4504463
2008-01-04,48.960104,49.069475,48.629289,48.738163,48.738163,9281709
2008-01-07,48.738163,48.830544,48.107349,48.198707,48.198707,6182564
2008-01-08,48.198707,48.777768,47.887136,48.464479,48.464479,4896966
2008-01-09,48.464479,48.505728,46.938716,46.978700,46.978700,8588694
2008-01-10,46.978700,47.423535,44.307592,44.731145,44.731145,4116103
2008-01-11,44.731145,44.752786,42.019225,42.039563,42.039563,8685536
2008-01-14,42.039563,42.170499,40.245944,40.371684,40.371684,6928976
2008-01-15,40.371684,40.470309,39.598451,39.695423,39.695423,4206969
2008-01-16,39.695423,39.706326,38.574187,38.584785,38.584785,7607744
2008-01-17,38.584785,38.941996,38.584074,38.941278,38.941278,3998507
2008-01-18,38.941278,38.986842,37.144627,37.188139,37.188139,6335636
2008-01-21,37.188139,37.897780,37.150477,37.859438,37.859438,5358128
2008-01-22,37.859438,38.504676,37.608866,38.251509,38.251509,9654509
2008-01-23,38.251509,40.184709,38.155474,40.084073,40.084073,3620608
2008-01-24,40.084073,40.087448,39.071949,39.075240,39.075240,16216784
2008-01-25,39.075240,39.163729,38.713929,38.801799,38.801799,5160428
2008-01-28,38.801799,39.210568,38.683986,39.091875,39.091875,7311614
2008-01-29,39.091875,39.199032,36.675328,36.776138,36.776138,3115591
2008-01-30,36.776138,37.718921,36.595391,37.534447,37.534447,5153025
2008-01-31,37.534447,38.069426,37.504856,38.039436,38.039436,5561377
2008-02-01,38.039436,38.147319,36.754395,36.858930,36.858930,6163624
2008-02-04,36.858930,36.932750,34.118446,34.186916,34.186916,7493233
2008-02-05,34.186916,35.539341,34.042716,35.390067,35.390067,7110222
2008-02-06,35.390067,36.506309,35.312545,36.426516,36.426516,6751983
2008-02-07,36.426516,36.561132,35.063158,35.193216,35.193216,5299372
2008-02-08,35.193216,35.239619,32.297234,32.339875,32.339875,5440919
2008-02-11,32.339875,32.374779,31.587505,31.621634,31.621634,5901385
2008-02-12,31.621634,32.356234,31.387846,32.118771,32.118771,8951037
2008-02-13,32.118771,32.238683,32.030643,32.150467,32.150467,12356960
2008-02-14,32.150467,32.444427,29.882541,30.158287,30.158287,8925372
2008-02-15,30.158287,30.230312,29.911760,29.983368,29.983368,5476609
2008-02-18,29.983368,30.650941,29.920555,30.586864,30.586864,4663423
2008-02-19,30.586864,31.071650,30.585241,31.070002,31.070002,4138441
2008-02-20,31.070002,31.400423,30.950697,31.280311,31.280311,4472171
2008-02-21,31.280311,31.439566,29.668758,29.820581,29.820581,5187533
2008-02-22,29.820581,31.385711,29.723356,31.283716,31.283716,4091823
2008-02-25,31.283716,31.591257,29.840381,30.136646,30.136646,5183200
2008-02-26,30.136646,30.215848,29.024061,29.100540,29.100540,7957291
2008-02-27,29.100540,29.831233,29.063763,29.793580,29.793580,6716607
2008-02-28,29.793580,32.336131,29.756530,32.295969,32.295969,8425611
2008-02-29,32.295969,33.540747,32.248499,33.491520,33.491520,4515740
2008-03-03,33.491520,33.705474,32.680860,32.890977,32.890977,6540276
2008-03-04,32.890977,32.899226,32.560940,32.569108,32.569108,6289969
2008-03-05,32.569108,32.657365,30.728873,30.812370,30.812370,8923983
2008-03-06,30.812370,31.622574,30.593429,31.399462,31.399462,5781914
2008-03-07,31.399462,31.411525,30.609054,30.620819,30.620819,3222079
2008-03-10,30.620819,30.724441,30.188902,30.291410,30.291410,3021896
2008-03-11,30.291410,30.433330,30.187111,30.328903,30.328903,5653943
2008-03-12,30.328903,30.519946,29.395695,29.582034,29.582034,6525571
2008-03-13,29.582034,30.116575,29.460385,29.993235,29.993235,7723205
2008-03-14,29.993235,30.020138,29.125880,29.152028,29.152028,10952978
2008-03-17,29.152028,29.459383,28.491272,28.794861,28.794861,8544580
2008-03-18,28.794861,28.857660,28.610284,28.672816,28.672816,3977883
2008-03-19,28.672816,28.800747,28.348066,28.475115,28.475115,9656085
2008-03-20,28.475115,28.663125,27.945006,28.130742,28.130742,6180743
2008-03-21,28.130742,28.287189,27.435337,27.588769,27.588769,3966016
2008-03-24,27.588769,27.601501,27.346708,27.359334,27.359334,3797680
2008-03-25,27.359334,27.383473,26.070733,26.093756,26.093756,5813516
2008-03-26,26.093756,26.220264,25.910867,26.037101,26.037101,7043266
2008-03-27,26.037101,26.900099,25.965772,26.826607,26.826607,5716041
2008-03-28,26.826607,27.071839,25.825635,26.063895,26.063895,7852572
2008-03-31,26.063895,26.283911,25.882315,26.102065,26.102065,4994772
2008-04-01,26.102065,26.132541,25.484764,25.514554,25.514554,6951862
2008-04-02,25.514554,25.672565,24.679408,24.833199,24.833199,4536143
2008-04-03,24.833199,25.593661,24.795382,25.554745,25.554745,3989021
2008-04-04,25.554745,25.638427,25.483388,25.567036,25.567036,5269716
2008-04-07,25.567036,25.580291,24.988972,25.001934,25.001934,8378964
2008-04-08,25.001934,25.119329,24.387259,24.502308,24.502308,6863241
2008-04-09,24.502308,25.064825,24.489830,25.052067,25.052067,6834165
2008-04-10,25.052067,25.306651,24.958904,25.212890,25.212890,3110007
2008-04-11,25.212890,25.248425,25.121319,25.156775,25.156775,4791443
2008-04-14,25.156775,25.523209,25.022371,25.387572,25.387572,6011375
2008-04-15,25.387572,25.631580,25.360039,25.603812,25.603812,7572929
2008-04-16,25.603812,26.928819,25.584224,26.908233,26.908233,4708181
2008-04-17,26.908233,27.820561,26.600031,27.505517,27.505517,5814660
2008-04-18,27.505517,27.576484,27.229081,27.299516,27.299516,5974739
2008-04-21,27.299516,29.105939,27.162628,28.960721,28.960721,9915398
2008-04-22,28.960721,29.683541,28.920664,29.642541,29.642541,11656537
2008-04-23,29.642541,29.709298,28.418379,28.482524,28.482524,6169988
2008-04-24,28.482524,28.767270,28.398462,28.682617,28.682617,6774006
2008-04-25,28.682617,30.546644,28.564083,30.420926,30.420926,9049034
2008-04-28,30.420926,30.453395,30.161982,30.194210,30.194210,8680311
2008-04-29,30.194210,30.857240,30.109248,30.770656,30.770656,4169636
2008-04-30,30.770656,30.780689,30.554915,30.564881,30.564881,3545846
2008-05-01,30.564881,30.647100,29.395463,29.474750,29.474750,4660248
2008-05-02,29.474750,29.851326,29.378009,29.753670,29.753670,5150755
2008-05-05,29.753670,30.456308,29.727035,30.429068,30.429068,8997274
2008-05-06,30.429068,30.893595,30.331754,30.795110,30.795110,12240293
2008-05-07,30.795110,30.852688,30.124364,30.180794,30.180794,5206076
2008-05-08,30.180794,31.013281,30.128269,30.959401,30.959401,4257025
2008-05-09,30.959401,31.096376,30.695832,30.832245,30.832245,10029542
2008-05-12,30.832245,31.724916,30.807807,31.699791,31.699791,4342539
2008-05-13,31.699791,31.831844,29.969082,30.094448,30.094448,5526867
2008-05-14,30.094448,31.240213,29.984627,31.126625,31.126625,5542286
2008-05-15,31.126625,31.993036,30.878890,31.740415,31.740415,4395124
2008-05-16,31.740415,31.988913,31.671240,31.919348,31.919348,9683021
2008-05-19,31.919348,32.452315,31.789659,32.320995,32.320995,6738349
2008-05-20,32.320995,32.999613,32.320570,32.999179,32.999179,3168820
2008-05-21,32.999179,33.799644,32.979879,33.779888,33.779888,4534777
2008-05-22,33.779888,34.106559,33.470956,33.797467,33.797467,9247615
2008-05-23,33.797467,35.462897,33.769785,35.433874,35.433874,5973477
2008-05-26,35.433874,35.490693,34.562388,34.617899,34.617899,5294588
2008-05-27,34.617899,34.623820,32.997491,33.003136,33.003136,5675574
2008-05-28,33.003136,34.414273,32.714408,34.115811,34.115811,5127797
2008-05-29,34.115811,34.351102,31.458513,31.676984,31.676984,8635729
2008-05-30,31.676984,31.895604,29.629749,29.835661,29.835661,5281042
2008-06-02,29.835661,29.940507,29.164253,29.267100,29.267100,6369724
2008-06-03,29.267100,29.709331,29.169554,29.610639,29.610639,6347343
2008-06-04,29.610639,29.743140,28.465879,28.593830,28.593830,7004591
2008-06-05,28.593830,28.763141,28.144759,28.312404,28.312404,7782490
2008-06-06,28.312404,28.632090,28.240404,28.559462,28.559462,5891545
2008-06-09,28.559462,29.123937,28.475042,29.038103,29.038103,8320199
2008-06-10,29.038103,31.044701,28.823476,30.816927,30.816927,5668729
2008-06-11,30.816927,30.953133,30.020652,30.153928,30.153928,3975195
2008-06-12,30.153928,30.218880,30.039014,30.103857,30.103857,4635011
2008-06-13,30.103857,30.798134,30.094471,30.788534,30.788534,7925674
2008-06-16,30.788534,30.843167,30.698990,30.753562,30.753562,4552890
2008-06-17,30.753562,31.369857,30.692267,31.307459,31.307459,5139724
2008-06-18,31.307459,31.596291,30.814376,31.101306,31.101306,4688767
2008-06-19,31.101306,33.752670,30.849078,33.481142,33.481142,6831069
2008-06-20,33.481142,33.524977,32.439440,32.481966,32.481966,7599268
2008-06-23,32.481966,32.753588,32.183672,32.455069,32.455069,8567975
2008-06-24,32.455069,32.862029,32.236928,32.642628,32.642628,6196925
2008-06-25,32.642628,32.677346,31.353203,31.386585,31.386585,5723758
2008-06-26,31.386585,31.444821,31.041594,31.099297,31.099297,5311833
2008-06-27,31.099297,31.131388,30.735958,30.767707,30.767707,7648370
2008-06-30,30.767707,34.008965,30.589596,33.813224,33.813224,2259965
2008-07-01,33.813224,34.525592,33.732580,34.443444,34.443444,4717649
2008-07-02,34.443444,34.621927,34.105594,34.283247,34.283247,8640864
2008-07-03,34.283247,34.406924,33.544664,33.666115,33.666115,5746071
2008-07-04,33.666115,33.811928,32.622614,32.764523,32.764523,7007543
2008-07-07,32.764523,33.195365,32.672575,33.102469,33.102469,3877863
2008-07-08,33.102469,33.781442,33.037979,33.715758,33.715758,3814267
2008-07-09,33.715758,33.918738,33.608956,33.811632,33.811632,10725230
2008-07-10,33.811632,34.403520,33.623974,34.213631,34.213631,3128881
2008-07-11,34.213631,34.344208,33.460749,33.588942,33.588942,4723353
2008-07-14,33.588942,33.639359,33.239776,33.289744,33.289744,5075729
2008-07-15,33.289744,35.040740,33.023661,34.762882,34.762882,5509962
2008-07-16,34.762882,35.106053,34.520877,34.863349,34.863349,8238503
2008-07-17,34.863349,35.015047,33.816856,33.964643,33.964643,5257942
2008-07-18,33.964643,35.761790,33.954695,35.751318,35.751318,6393385
2008-07-21,35.751318,35.898543,34.328806,34.470758,34.470758,3870045
2008-07-22,34.470758,34.575251,32.921864,33.021965,33.021965,8400872
2008-07-23,33.021965,33.028177,32.678858,32.685006,32.685006,11082043
2008-07-24,32.685006,34.705318,32.607889,34.623627,34.623627,8041672
2008-07-25,34.623627,35.136993,34.454973,34.966668,34.966668,5389668
2008-07-28,34.966668,35.045064,34.238310,34.315246,34.315246,6674802
2008-07-29,34.315246,35.038717,34.063058,34.783091,34.783091,6378798
2008-07-30,34.783091,35.383255,34.751952,35.351607,35.351607,6531369
2008-07-31,35.351607,35.490500,35.204753,35.343614,35.343614,5966541
2008-08-01,35.343614,35.468633,34.657407,34.780434,34.780434,12637430
2008-08-04,34.780434,34.941959,33.579764,33.736441,33.736441,10989277
2008-08-05,33.736441,33.934262,33.261991,33.458180,33.458180,3744250
2008-08-06,33.458180,33.515711,32.067442,32.122676,32.122676,4842331
2008-08-07,32.122676,32.241794,31.496686,31.613917,31.613917,3406922
2008-08-08,31.613917,32.183980,31.468918,32.037041,32.037041,3762153
2008-08-11,32.037041,32.119679,31.235893,31.316673,31.316673,5845533
2008-08-12,31.316673,31.327488,30.484988,30.495520,30.495520,4237648
2008-08-13,30.495520,30.604060,29.680535,29.786552,29.786552,6435702
2008-08-14,29.786552,29.839652,29.709510,29.762568,29.762568,5914965
2008-08-15,29.762568,31.651151,29.731943,31.618617,31.618617,5250096
2008-08-18,31.618617,31.949464,31.574712,31.905162,31.905162,7003916
2008-08-19,31.905162,31.931364,30.283294,30.308185,30.308185,10003449
2008-08-20,30.308185,30.375165,29.998357,30.064798,30.064798,3187206
2008-08-21,30.064798,31.550013,29.835946,31.311670,31.311670,5752178
2008-08-22,31.311670,31.372883,29.603122,29.661109,29.661109,7673786
2008-08-25,29.661109,29.821526,29.428688,29.588714,29.588714,6549470
2008-08-26,29.588714,29.728480,28.772673,28.909230,28.909230,3660828
2008-08-27,28.909230,29.087517,28.630778,28.808444,28.808444,7756598
2008-08-28,28.808444,29.120280,28.756865,29.068236,29.068236,8230315
2008-08-29,29.068236,32.283212,29.001658,32.209440,32.209440,5868943
2008-09-01,32.209440,32.359796,31.990443,32.140477,32.140477,4840870
2008-09-02,32.140477,32.336794,31.927134,32.123346,32.123346,9266627
2008-09-03,32.123346,32.162864,31.949238,31.988590,31.988590,9014618
2008-09-04,31.988590,32.150653,31.831747,31.993784,31.993784,4853481
2008-09-05,31.993784,32.097206,30.828157,30.928135,30.928135,5295692
2008-09-08,30.928135,31.168868,30.902261,31.142814,31.142814,4771273
2008-09-09,31.142814,31.239869,31.036979,31.134006,31.134006,4918121
2008-09-10,31.134006,31.437032,30.331433,30.629549,30.629549,9680410
2008-09-11,30.629549,30.850602,29.773857,29.990296,29.990296,3656095
2008-09-12,29.990296,30.473597,29.983354,30.466544,30.466544,4372873
2008-09-15,30.466544,31.150874,30.415905,31.099183,31.099183,5588782
2008-09-16,31.099183,31.484806,30.896915,31.281353,31.281353,4797894
2008-09-17,31.281353,33.382073,31.130291,33.221641,33.221641,6882041
2008-09-18,33.221641,33.283889,32.925198,32.987006,32.987006,4572858
2008-09-19,32.987006,33.065176,32.872355,32.950438,32.950438,3763156
2008-09-22,32.950438,33.146100,32.387320,32.580786,32.580786,7422277
2008-09-23,32.580786,32.642176,32.516463,32.577847,32.577847,4123358
2008-09-24,32.577847,32.682486,31.064835,31.164936,31.164936,6394522
2008-09-25,31.164936,31.677131,31.146556,31.658461,31.658461,5616250
2008-09-26,31.658461,31.799521,30.822982,30.960934,30.960934,5169277
2008-09-29,30.960934,31.080009,30.259522,30.376349,30.376349,4770544
2008-09-30,30.376349,30.838169,30.275121,30.735743,30.735743,3561755
2008-10-01,30.735743,32.434398,30.596571,32.288197,32.288197,3242123
2008-10-02,32.288197,32.570810,31.180106,31.455430,31.455430,6214813
2008-10-03,31.455430,35.574601,31.414746,35.528649,35.528649,6719221
2008-10-06,35.528649,35.663855,34.827929,34.960976,34.960976,8451213
2008-10-07,34.960976,35.797126,34.784396,35.617232,35.617232,6117314
2008-10-08,35.617232,35.660406,33.573799,33.614545,33.614545,5496520
2008-10-09,33.614545,33.663458,33.067453,33.115641,33.115641,10457414
2008-10-10,33.115641,33.344811,31.913933,32.136326,32.136326,8267238
2008-10-13,32.136326,32.403258,31.876949,32.143820,32.143820,6766750
2008-10-14,32.143820,32.640197,32.138593,32.634890,32.634890,5242699
2008-10-15,32.634890,33.188147,32.508135,33.059742,33.059742,9055236
2008-10-16,33.059742,33.108310,32.543125,32.591004,32.591004,3508186
2008-10-17,32.591004,32.765267,31.972793,32.144669,32.144669,6600849
2008-10-20,32.144669,32.796831,31.942107,32.591454,32.591454,10055883
2008-10-21,32.591454,32.593927,31.896708,31.899129,31.899129,3676734
2008-10-22,31.899129,32.148955,29.756954,29.991843,29.991843,4931754
2008-10-23,29.991843,30.050508,29.768219,29.826560,29.826560,4862446
2008-10-24,29.826560,30.828492,29.645308,30.642284,30.642284,6535328
2008-10-27,30.642284,30.732383,30.387291,30.476904,30.476904,6119004
2008-10-28,30.476904,30.532670,29.394349,29.448232,29.448232,6368363
2008-10-29,29.448232,29.448571,29.428557,29.428895,29.428895,4177057
2008-10-30,29.428895,29.492771,28.574975,28.637132,28.637132,5369920
2008-10-31,28.637132,29.155628,28.547476,29.064633,29.064633,7986097
2008-11-03,29.064633,29.116949,28.676579,28.728289,28.728289,6362377
2008-11-04,28.728289,28.736879,28.660063,28.668635,28.668635,4640052
2008-11-05,28.668635,28.681769,27.445226,27.457806,27.457806,21127501
2008-11-06,27.457806,29.476063,27.396107,29.409977,29.409977,9066441
2008-11-07,29.409977,29.828674,29.401058,29.819631,29.819631,3943803
2008-11-10,29.819631,29.848636,29.620845,29.649685,29.649685,8270313
2008-11-11,29.649685,30.824516,29.506167,30.676031,30.676031,8647596
2008-11-12,30.676031,30.927869,29.932683,30.180453,30.180453,7333917
2008-11-13,30.180453,30.197617,29.507063,29.523854,29.523854,6146102
2008-11-14,29.523854,29.552160,29.014496,29.042340,29.042340,6300956
2008-11-17,29.042340,29.097926,28.306859,28.361141,28.361141,4035382
2008-11-18,28.361141,28.511261,27.872513,28.020831,28.020831,5198247
2008-11-19,28.020831,28.801409,27.902228,28.680016,28.680016,5343292
2008-11-20,28.680016,28.805705,28.305408,28.430001,28.430001,6144613
2008-11-21,28.430001,28.953658,28.422037,28.945550,28.945550,5164550
2008-11-24,28.945550,29.045711,27.541519,27.637153,27.637153,6366607
2008-11-25,27.637153,27.679916,27.371573,27.413991,27.413991,4965871
2008-11-26,27.413991,27.518191,27.406009,27.510181,27.510181,5363995
2008-11-27,27.510181,27.558471,26.945550,26.992933,26.992933,3041417
2008-11-28,26.992933,29.306205,26.936683,29.245262,29.245262,5671566
2008-12-01,29.245262,30.101253,29.000613,29.851532,29.851532,3207164
2008-12-02,29.851532,29.887868,28.984768,29.020092,29.020092,6804629
2008-12-03,29.020092,29.679526,28.921133,29.578663,29.578663,6598382
2008-12-04,29.578663,29.922844,29.555625,29.899557,29.899557,5974116
2008-12-05,29.899557,31.247683,29.865872,31.212520,31.212520,12883225
2008-12-08,31.212520,32.107356,31.126585,32.019201,32.019201,7822674
2008-12-09,32.019201,32.132282,31.624821,31.736906,31.736906,6404299
2008-12-10,31.736906,32.404391,31.590386,32.255478,32.255478,5902261
2008-12-11,32.255478,32.642678,32.201114,32.587755,32.587755,5661536
2008-12-12,32.587755,33.438089,32.584002,33.434239,33.434239,4951291
2008-12-15,33.434239,33.464925,32.740969,32.771046,32.771046,8000472
2008-12-16,32.771046,33.297369,32.646979,33.171784,33.171784,4063777
2008-12-17,33.171784,33.968809,33.165373,33.962245,33.962245,5873698
2008-12-18,33.962245,33.964344,33.624504,33.626582,33.626582,4946678
2008-12-19,33.626582,34.637573,33.468614,34.475617,34.475617,6177929
2008-12-22,34.475617,35.048197,34.185086,34.755310,34.755310,6608863
2008-12-23,34.755310,35.013519,34.679329,34.937141,34.937141,5106325
2008-12-24,34.937141,35.573092,34.903028,35.538392,35.538392,2619609
2008-12-25,35.538392,35.539896,35.347137,35.348633,35.348633,5685249
2008-12-26,35.348633,35.578085,34.162183,34.385383,34.385383,3848272
2008-12-29,34.385383,34.889562,34.355926,34.859699,34.859699,5941351
2008-12-30,34.859699,35.035281,34.134140,34.306938,34.306938,4935427
2008-12-31,34.306938,34.661615,32.794646,33.137230,33.137230,6821042
2009-01-01,33.137230,33.159977,32.717732,32.740206,32.740206,4308522
2009-01-02,32.740206,32.909315,31.888253,32.053817,32.053817,6479231
2009-01-05,32.053817,32.540892,32.038638,32.525490,32.525490,7232083
2009-01-06,32.525490,33.604297,32.476965,33.554237,33.554237,4286660
2009-01-07,33.554237,33.742035,31.778337,31.957197,31.957197,4334488
2009-01-08,31.957197,32.112862,30.977823,31.129455,31.129455,10673550
2009-01-09,31.129455,31.132242,29.973789,29.976473,29.976473,3239663
2009-01-12,29.976473,30.192570,29.838182,30.053922,30.053922,6385803
2009-01-13,30.053922,31.477393,29.897378,31.314284,31.314284,5462306
2009-01-14,31.314284,32.044948,31.163394,31.891278,31.891278,3061547
2009-01-15,31.891278,32.211906,31.717290,32.037123,32.037123,4721249
2009-01-16,32.037123,32.178956,31.977517,32.119198,32.119198,4470130
2009-01-19,32.119198,33.154324,32.018965,33.051183,33.051183,7787755
2009-01-20,33.051183,33.860562,33.036696,33.845727,33.845727,8212288
2009-01-21,33.845727,33.852992,33.313710,33.320863,33.320863,4443225
2009-01-22,33.320863,33.445459,32.733818,32.856678,32.856678,6917460
2009-01-23,32.856678,32.981440,31.473918,31.593886,31.593886,4615418
2009-01-26,31.593886,32.457152,31.575904,32.438690,32.438690,4836089
2009-01-27,32.438690,32.607485,30.312804,30.471362,30.471362,6856762
2009-01-28,30.471362,30.971379,30.431975,30.931397,30.931397,8599891
2009-01-29,30.931397,31.063789,30.858768,30.991020,30.991020,14133837
2009-01-30,30.991020,31.049687,30.190197,30.247457,30.247457,12038747
2009-02-02,30.247457,30.653065,30.082028,30.486330,30.486330,3387877
2009-02-03,30.486330,30.970040,30.477854,30.961433,30.961433,7303671
2009-02-04,30.961433,31.990856,30.947630,31.976600,31.976600,9213289
2009-02-05,31.976600,32.203314,30.205779,30.421466,30.421466,2890758
2009-02-06,30.421466,30.526130,29.291792,29.392917,29.392917,10523183
2009-02-09,29.392917,29.579860,28.816160,29.000607,29.000607,7533237
2009-02-10,29.000607,29.073625,26.807577,26.875244,26.875244,8368851
2009-02-11,26.875244,27.495192,26.768813,27.386735,27.386735,5658920
2009-02-12,27.386735,27.988659,27.368947,27.970491,27.970491,8767738
2009-02-13,27.970491,28.178614,27.297089,27.501723,27.501723,5933206
2009-02-16,27.501723,27.609484,27.280484,27.387799,27.387799,15579240
2009-02-17,27.387799,27.487990,27.306954,27.407088,27.407088,8257874
2009-02-18,27.407088,28.982308,27.338841,28.910318,28.910318,6034327
2009-02-19,28.910318,29.401611,28.883517,29.374380,29.374380,8606772
2009-02-20,29.374380,29.546390,29.116879,29.288386,29.288386,5257193
2009-02-23,29.288386,30.557006,28.999944,30.259005,30.259005,6679058
2009-02-24,30.259005,30.428850,29.751970,29.919912,29.919912,8721796
2009-02-25,29.919912,29.969801,26.912591,26.957540,26.957540,5251266
2009-02-26,26.957540,27.289632,26.921023,27.252715,27.252715,6240639
2009-02-27,27.252715,29.767454,27.193869,29.703317,29.703317,5314342
2009-03-02,29.703317,29.778474,29.118485,29.192349,29.192349,3711930
2009-03-03,29.192349,30.450549,28.937812,30.187336,30.187336,5659427
2009-03-04,30.187336,31.087789,30.084120,30.981856,30.981856,6185639
2009-03-05,30.981856,32.965852,30.905668,32.884984,32.884984,6652419
2009-03-06,32.884984,33.434122,32.650919,33.197830,33.197830,7422586
2009-03-09,33.197830,33.299847,32.796061,32.897154,32.897154,7987469
2009-03-10,32.897154,32.927859,32.787289,32.817920,32.817920,6163561
2009-03-11,32.817920,32.996777,32.392603,32.570109,32.570109,5398165
2009-03-12,32.570109,32.848928,32.495325,32.773677,32.773677,5609482
2009-03-13,32.773677,33.127590,32.608860,32.961828,32.961828,4833634
2009-03-16,32.961828,33.084274,32.628931,32.750593,32.750593,4040132
2009-03-17,32.750593,33.041447,32.728065,33.018734,33.018734,7952439
2009-03-18,33.018734,33.093881,32.995344,33.070454,33.070454,4517702
2009-03-19,33.070454,33.558529,33.014365,33.501708,33.501708,6626311
2009-03-20,33.501708,33.583872,33.272378,33.354181,33.354181,6713956
2009-03-23,33.354181,33.778652,32.972325,33.396314,33.396314,4986089
2009-03-24,33.396314,33.481450,33.001930,33.086276,33.086276,2340391
2009-03-25,33.086276,33.116754,32.880770,32.911087,32.911087,5888552
2009-03-26,32.911087,33.093556,32.331505,32.511760,32.511760,7217055
2009-03-27,32.511760,32.624449,31.831151,31.941865,31.941865,8165185
2009-03-30,31.941865,32.105570,31.862141,32.025637,32.025637,3807939
2009-03-31,32.025637,32.502431,31.856890,32.332069,32.332069,8215649
2009-04-01,32.332069,32.399553,31.370607,31.436222,31.436222,5806300
2009-04-02,31.436222,31.928005,31.401946,31.893231,31.893231,9566722
2009-04-03,31.893231,32.190151,31.858555,32.155190,32.155190,9495812
2009-04-06,32.155190,32.439289,32.147814,32.431849,32.431849,6106299
2009-04-07,32.431849,32.457936,32.295300,32.321298,32.321298,3399308
2009-04-08,32.321298,33.499237,32.253558,33.429175,33.429175,3897993
2009-04-09,33.429175,33.684419,33.421387,33.676574,33.676574,9113583
2009-04-10,33.676574,33.721968,33.395392,33.440468,33.440468,8705868
2009-04-13,33.440468,33.706565,32.225299,32.483784,32.483784,7928438
2009-04-14,32.483784,32.663214,32.453693,32.632985,32.632985,6291942
2009-04-15,32.632985,33.683424,32.587680,33.636725,33.636725,10681690
2009-04-16,33.636725,34.270920,33.461812,34.093632,34.093632,5867419
2009-04-17,34.093632,34.841556,34.005273,34.751492,34.751492,4532113
2009-04-20,34.751492,34.906435,33.700131,33.851060,33.851060,6903740
2009-04-21,33.851060,33.921932,33.694894,33.765587,33.765587,8697085
2009-04-22,33.765587,34.091477,33.560172,33.885335,33.885335,3235453
2009-04-23,33.885335,33.899442,33.606423,33.620420,33.620420,7587864
2009-04-24,33.620420,34.082943,33.490899,33.952144,33.952144,11536087
2009-04-27,33.952144,34.055318,33.022620,33.123276,33.123276,7305638
2009-04-28,33.123276,33.263247,33.115005,33.254944,33.254944,4238311
2009-04-29,33.254944,33.552513,33.252940,33.550491,33.550491,13252396
2009-04-30,33.550491,33.603429,33.372108,33.424847,33.424847,9390625
2009-05-01,33.424847,33.604431,33.175311,33.354518,33.354518,9059129
2009-05-04,33.354518,33.855394,33.262732,33.762486,33.762486,6943939
2009-05-05,33.762486,33.782883,33.149167,33.169206,33.169206,5910903
2009-05-06,33.169206,33.327983,32.850748,33.008757,33.008757,9265612
2009-05-07,33.008757,33.028350,32.833096,32.852596,32.852596,2362346
2009-05-08,32.852596,33.360697,32.840976,33.348902,33.348902,4900332
2009-05-11,33.348902,33.587274,32.176680,32.408330,32.408330,5844499
2009-05-12,32.408330,33.406635,32.288460,33.283529,33.283529,7493593
2009-05-13,33.283529,33.618599,33.068985,33.403283,33.403283,6319381
2009-05-14,33.403283,34.591580,33.133371,34.314307,34.314307,8659595
2009-05-15,34.314307,34.444010,33.876644,34.005179,34.005179,6292525
2009-05-18,34.005179,34.044731,33.442017,33.480959,33.480959,8095254
2009-05-19,33.480959,33.589724,32.847628,32.954683,32.954683,3309658
2009-05-20,32.954683,33.069257,32.928912,33.043416,33.043416,4838786
2009-05-21,33.043416,33.243445,32.322873,32.519731,32.519731,12003928
2009-05-22,32.519731,32.626945,32.480299,32.587431,32.587431,5262467
2009-05-25,32.587431,33.477110,32.479020,33.366108,33.366108,3874469
2009-05-26,33.366108,33.525486,32.993066,33.151418,33.151418,5773748
2009-05-27,33.151418,33.240207,32.985967,33.074550,33.074550,4206765
2009-05-28,33.074550,33.266070,33.035770,33.227112,33.227112,10717138
2009-05-29,33.227112,34.465002,33.175708,34.411765,34.411765,7205500
2009-06-01,34.411765,34.565994,33.489655,33.640427,33.640427,4836997
2009-06-02,33.640427,34.236218,33.488283,34.082076,34.082076,4970767
2009-06-03,34.082076,34.149000,33.468949,33.534799,33.534799,7018140
2009-06-04,33.534799,33.636018,33.107233,33.207464,33.207464,7696891
2009-06-05,33.207464,33.233708,33.057580,33.083725,33.083725,3553647
2009-06-08,33.083725,33.328281,32.572944,32.815517,32.815517,11311882
2009-06-09,32.815517,33.432863,32.647133,33.262187,33.262187,4150241
2009-06-10,33.262187,33.361639,32.712434,32.810535,32.810535,4772577
2009-06-11,32.810535,32.857130,32.224972,32.270800,32.270800,4597215
2009-06-12,32.270800,32.746479,32.204653,32.679494,32.679494,9803040
2009-06-15,32.679494,32.766562,32.307028,32.393334,32.393334,7035155
2009-06-16,32.393334,32.513883,32.046161,32.165863,32.165863,5975616
2009-06-17,32.165863,32.255960,31.977733,32.067554,32.067554,3316688
2009-06-18,32.067554,32.137306,31.896035,31.965564,31.965564,11922061
2009-06-19,31.965564,32.360412,31.707885,32.101636,32.101636,4678832
2009-06-22,32.101636,32.182131,31.986788,32.067197,32.067197,6759897
2009-06-23,32.067197,32.079012,30.697501,30.708816,30.708816,4127619
2009-06-24,30.708816,30.819027,30.490532,30.600354,30.600354,4104208
2009-06-25,30.600354,30.754887,29.927434,30.079337,30.079337,12681824
2009-06-26,30.079337,30.264743,29.294398,29.476086,29.476086,4759954
2009-06-29,29.476086,29.854035,29.475801,29.853747,29.853747,8924138
2009-06-30,29.853747,30.497583,29.777498,30.419888,30.419888,8830378
2009-07-01,30.419888,30.509673,30.390025,30.479751,30.479751,6451873
2009-07-02,30.479751,30.890101,30.364163,30.773400,30.773400,5663218
2009-07-03,30.773400,32.086626,30.763875,32.076697,32.076697,6253607
2009-07-06,32.076697,32.577293,32.053403,32.553653,32.553653,4858805
2009-07-07,32.553653,32.768303,32.351935,32.566506,32.566506,3486893
2009-07-08,32.566506,32.596861,31.869608,31.899341,31.899341,4739705
2009-07-09,31.899341,32.916689,31.839586,32.855144,32.855144,4506873
2009-07-10,32.855144,32.972462,32.443399,32.559662,32.559662,4601235
2009-07-13,32.559662,32.726158,31.712783,31.875782,31.875782,10178235
2009-07-14,31.875782,31.976775,31.839696,31.940616,31.940616,7253025
2009-07-15,31.940616,32.067481,31.449391,31.574803,31.574803,6593125
2009-07-16,31.574803,31.679828,31.145901,31.249844,31.249844,5661079
2009-07-17,31.249844,31.277364,30.677870,30.704911,30.704911,7872805
2009-07-20,30.704911,30.916282,30.025426,30.233553,30.233553,7574544
2009-07-21,30.233553,30.282103,30.193629,30.242168,30.242168,7712113
2009-07-22,30.242168,30.981080,30.007520,30.742550,30.742550,9893654
2009-07-23,30.742550,31.462904,30.647676,31.366106,31.366106,4533133
2009-07-24,31.366106,32.034631,31.272169,31.938979,31.938979,7443603
2009-07-27,31.938979,32.132088,31.928451,32.121499,32.121499,2876905
2009-07-28,32.121499,32.179948,31.952765,32.011013,32.011013,8712746
2009-07-29,32.011013,33.005498,31.878966,32.869909,32.869909,7116828
2009-07-30,32.869909,33.034488,32.311199,32.473795,32.473795,5309040
2009-07-31,32.473795,32.645213,31.748051,31.916528,31.916528,3931113
2009-08-03,31.916528,32.478442,31.807334,32.367704,32.367704,3493628
2009-08-04,32.367704,32.415398,30.897530,30.943124,30.943124,5400998
2009-08-05,30.943124,30.948820,29.886056,29.891559,29.891559,7684648
2009-08-06,29.891559,30.174249,29.777637,30.059687,30.059687,5694353
2009-08-07,30.059687,30.499727,29.980613,30.419706,30.419706,7075105
2009-08-10,30.419706,30.515080,30.241759,30.336874,30.336874,5624084
2009-08-11,30.336874,30.402315,29.717747,29.781991,29.781991,6881187
2009-08-12,29.781991,30.046856,29.677917,29.942222,29.942222,5077204
2009-08-13,29.942222,30.147444,29.558184,29.762172,29.762172,4766045
2009-08-14,29.762172,29.946238,29.658195,29.841982,29.841982,7253194
2009-08-17,29.841982,29.978633,29.607426,29.743625,29.743625,4735493
2009-08-18,29.743625,30.723871,29.536375,30.511272,30.511272,5499110
2009-08-19,30.511272,30.592455,30.300511,30.381348,30.381348,7200477
2009-08-20,30.381348,30.669792,30.192832,30.480660,30.480660,3151370
2009-08-21,30.480660,30.489068,30.194012,30.202343,30.202343,8842430
2009-08-24,30.202343,30.526009,30.182055,30.505517,30.505517,7319858
2009-08-25,30.505517,30.539506,29.618606,29.651644,29.651644,4812586
2009-08-26,29.651644,29.779095,29.554745,29.682096,29.682096,4731037
2009-08-27,29.682096,30.337935,29.627661,30.282399,30.282399,8464274
2009-08-28,30.282399,30.878978,30.253075,30.849104,30.849104,9467791
2009-08-31,30.849104,31.070972,30.782931,31.004465,31.004465,6327015
2009-09-01,31.004465,31.083414,30.689828,30.768175,30.768175,8152046
2009-09-02,30.768175,30.843834,30.064828,30.138939,30.138939,5798855
2009-09-03,30.138939,31.473506,29.856937,31.181746,31.181746,5609777
2009-09-04,31.181746,31.673969,30.992851,31.483248,31.483248,9182167
2009-09-07,31.483248,32.654066,31.277077,32.441618,32.441618,5452189
2009-09-08,32.441618,32.999407,32.317325,32.873460,32.873460,8348979
2009-09-09,32.873460,32.929786,32.778041,32.834300,32.834300,5539207
2009-09-10,32.834300,32.866398,32.704491,32.736493,32.736493,2637113
2009-09-11,32.736493,32.806712,32.708692,32.778875,32.778875,3860074
2009-09-14,32.778875,33.182199,32.624160,33.026316,33.026316,5730581
2009-09-15,33.026316,33.047337,32.982881,33.003887,33.003887,7813879
2009-09-16,33.003887,33.256106,32.998766,33.250947,33.250947,6407715
2009-09-17,33.250947,33.585171,32.677531,33.009327,33.009327,6048584
2009-09-18,33.009327,33.202360,32.944452,33.137234,33.137234,6711673
2009-09-21,33.137234,33.210151,33.087453,33.160335,33.160335,5419507
2009-09-22,33.160335,33.641008,32.935187,33.414136,33.414136,6113036
2009-09-23,33.414136,33.761635,32.946597,33.292835,33.292835,3700876
2009-09-24,33.292835,33.441744,33.002571,33.150845,33.150845,5194983
2009-09-25,33.150845,33.245600,32.354682,32.447427,32.447427,6800417
2009-09-28,32.447427,32.564898,31.842376,31.958075,31.958075,6607094
2009-09-29,31.958075,32.051252,31.343649,31.435302,31.435302,10870977
2009-09-30,31.435302,31.566070,30.756152,30.884629,30.884629,5333858
2009-10-01,30.884629,31.072997,30.862215,31.050463,31.050463,4971113
2009-10-02,31.050463,31.287574,30.831107,31.068094,31.068094,6440007
2009-10-05,31.068094,31.547574,30.987733,31.466184,31.466184,6588893
2009-10-06,31.466184,31.482813,30.458809,30.474915,30.474915,6279142
2009-10-07,30.474915,30.663948,29.963127,30.150145,30.150145,5280893
2009-10-08,30.150145,30.184289,29.710515,29.744199,29.744199,4409051
2009-10-09,29.744199,30.148711,29.489300,29.892540,29.892540,8663005
2009-10-12,29.892540,30.587957,29.695653,30.387808,30.387808,5260418
2009-10-13,30.387808,30.772977,30.266958,30.651080,30.651080,5178190
2009-10-14,30.651080,30.950751,30.475191,30.774156,30.774156,9462595
2009-10-15,30.774156,30.979237,30.649694,30.854449,30.854449,7982085
2009-10-16,30.854449,31.301810,30.705395,31.151322,31.151322,7205234
2009-10-19,31.151322,31.168362,30.527101,30.543808,30.543808,6392879
2009-10-20,30.543808,30.565803,30.360901,30.382779,30.382779,7105610
2009-10-21,30.382779,30.425536,30.222201,30.264792,30.264792,7344018
2009-10-22,30.264792,31.017997,30.080904,30.830670,30.830670,8274574
2009-10-23,30.830670,30.864984,30.284502,30.318246,30.318246,10395133
2009-10-26,30.318246,30.607966,30.065747,30.355159,30.355159,6755921
2009-10-27,30.355159,31.011316,30.294124,30.949087,30.949087,7580475
2009-10-28,30.949087,31.175166,30.730578,30.956604,30.956604,5175086
2009-10-29,30.956604,31.273878,30.762088,31.078595,31.078595,6961485
2009-10-30,31.078595,31.143821,31.004618,31.069826,31.069826,9931355
2009-11-02,31.069826,31.149484,30.475749,30.554085,30.554085,6278747
2009-11-03,30.554085,30.568463,29.836146,29.850193,29.850193,5521786
2009-11-04,29.850193,30.815865,29.728982,30.691239,30.691239,8716324
2009-11-05,30.691239,31.389822,30.646344,31.343973,31.343973,4699064
2009-11-06,31.343973,32.265906,31.092848,32.009449,32.009449,4998554
2009-11-09,32.009449,32.586336,31.840186,32.414928,32.414928,10684779
2009-11-10,32.414928,32.471512,32.233023,32.289388,32.289388,19031604
2009-11-11,32.289388,32.356812,31.702430,31.768767,31.768767,6376689
2009-11-12,31.768767,31.831074,31.517608,31.579545,31.579545,7233399
2009-11-13,31.579545,32.180650,31.240965,31.839286,31.839286,5086842
2009-11-16,31.839286,32.080307,31.752674,31.993277,31.993277,9473523
2009-11-17,31.993277,32.086731,31.965505,32.058902,32.058902,9175563
2009-11-18,32.058902,32.211711,31.540231,31.691288,31.691288,9573569
2009-11-19,31.691288,32.953801,31.599940,32.859087,32.859087,5517110
2009-11-20,32.859087,33.413439,32.760919,33.313912,33.313912,5072208
2009-11-23,33.313912,33.477940,32.951033,33.114077,33.114077,5556253
2009-11-24,33.114077,33.243673,33.015781,33.145284,33.145284,9292481
2009-11-25,33.145284,33.148233,33.054329,33.057269,33.057269,5990261
2009-11-26,33.057269,33.645011,32.996699,33.583476,33.583476,5743357
2009-11-27,33.583476,33.766283,33.500890,33.683450,33.683450,3516894
2009-11-30,33.683450,33.704685,33.117737,33.138628,33.138628,4563443
2009-12-01,33.138628,33.654609,32.926644,33.440693,33.440693,6904039
2009-12-02,33.440693,33.696550,32.858748,33.112091,33.112091,6011582
2009-12-03,33.112091,33.304625,33.098732,33.291194,33.291194,10055918
2009-12-04,33.291194,33.532422,33.196968,33.437781,33.437781,4760751
2009-12-07,33.437781,33.664987,33.349693,33.576534,33.576534,6218002
2009-12-08,33.576534,33.726946,33.247576,33.397185,33.397185,8378057
2009-12-09,33.397185,33.872764,33.212825,33.686806,33.686806,5699723
2009-12-10,33.686806,34.437093,33.550197,34.298005,34.298005,6852836
2009-12-11,34.298005,34.560110,33.901226,34.162294,34.162294,11792882
2009-12-14,34.162294,34.588527,34.015127,34.440163,34.440163,4995710
2009-12-15,34.440163,34.626538,34.337424,34.523551,34.523551,4829202
2009-12-16,34.523551,34.760100,34.257135,34.493478,34.493478,7789409
2009-12-17,34.493478,34.772898,32.446282,32.711264,32.711264,5395432
2009-12-18,32.711264,32.929200,32.607578,32.825152,32.825152,3515907
2009-12-21,32.825152,33.100001,32.815527,33.090298,33.090298,11436365
2009-12-22,33.090298,34.034790,33.028879,33.971735,33.971735,2942626
2009-12-23,33.971735,34.329963,33.823730,34.181046,34.181046,4098098
2009-12-24,34.181046,34.231440,33.535690,33.585206,33.585206,3780807
2009-12-25,33.585206,33.758203,32.740964,32.910486,32.910486,5493499
2009-12-28,32.910486,33.506721,32.885255,33.481054,33.481054,7880381
2009-12-29,33.481054,33.971767,33.368723,33.858171,33.858171,7244452
2009-12-30,33.858171,34.478196,33.713614,34.331618,34.331618,3972640
2009-12-31,34.331618,34.860972,34.128177,34.655611,34.655611,5874624
2010-01-01,34.655611,34.780042,34.044603,34.167280,34.167280,8392082
2010-01-04,34.167280,34.517311,34.011757,34.360906,34.360906,6259167
2010-01-05,34.360906,34.588608,33.966181,34.192768,34.192768,10689788
2010-01-06,34.192768,34.445726,34.019559,34.272115,34.272115,10663874
2010-01-07,34.272115,34.696961,34.160861,34.584692,34.584692,4449346
2010-01-08,34.584692,34.695253,34.087316,34.196636,34.196636,4499430
2010-01-11,34.196636,34.365886,34.183908,34.353100,34.353100,4331727
2010-01-12,34.353100,34.737869,34.208827,34.592590,34.592590,8057832
2010-01-13,34.592590,34.594502,33.972521,33.974398,33.974398,6268223
2010-01-14,33.974398,34.154112,33.855678,34.035180,34.035180,4566784
2010-01-15,34.035180,34.055004,33.626276,33.645873,33.645873,7931763
2010-01-18,33.645873,34.720296,33.597698,34.670653,34.670653,5717726
2010-01-19,34.670653,34.891951,33.665816,33.882080,33.882080,4111032
2010-01-20,33.882080,34.010369,33.848353,33.976548,33.976548,4134743
2010-01-21,33.976548,33.979109,33.556626,33.559155,33.559155,4614591
2010-01-22,33.559155,34.618874,33.509933,34.568172,34.568172,5249802
2010-01-25,34.568172,35.210731,34.534951,35.176924,35.176924,4614264
2010-01-26,35.176924,35.223094,34.915171,34.961058,34.961058,4080245
2010-01-27,34.961058,35.034257,34.852726,34.925852,34.925852,4126052
2010-01-28,34.925852,35.414546,34.793073,35.280419,35.280419,4375202
2010-01-29,35.280419,35.355603,35.256386,35.331535,35.331535,7113524
2010-02-01,35.331535,35.563525,33.563331,33.785167,33.785167,5617695
2010-02-02,33.785167,33.881885,33.764232,33.860902,33.860902,5615106
2010-02-03,33.860902,33.936911,33.823404,33.899371,33.899371,8359099
2010-02-04,33.899371,34.229723,33.825800,34.155596,34.155596,6760782
2010-02-05,34.155596,34.463650,33.594286,33.900035,33.900035,4474703
2010-02-08,33.900035,33.912830,33.302871,33.315445,33.315445,5536969
2010-02-09,33.315445,34.541637,33.247077,34.470897,34.470897,10458687
2010-02-10,34.470897,34.596480,34.400630,34.526101,34.526101,5204237
2010-02-11,34.526101,34.616166,33.475569,33.563122,33.563122,4326271
2010-02-12,33.563122,34.303272,33.463756,34.202014,34.202014,5516582
2010-02-15,34.202014,34.504949,34.145498,34.448026,34.448026,5573173
2010-02-16,34.448026,35.580105,34.295715,35.423481,35.423481,6330244
2010-02-17,35.423481,35.553290,35.212300,35.341810,35.341810,6502089
2010-02-18,35.341810,35.344684,34.888548,34.891385,34.891385,6677694
2010-02-19,34.891385,35.092374,33.812189,34.008090,34.008090,6147334
2010-02-22,34.008090,34.126977,33.764171,33.882619,33.882619,13690929
2010-02-23,33.882619,33.978014,33.476785,33.571303,33.571303,7157407
2010-02-24,33.571303,33.782282,33.552105,33.762974,33.762974,8483337
2010-02-25,33.762974,35.650765,33.533862,35.410473,35.410473,4543540
2010-02-26,35.410473,35.731833,35.237719,35.558357,35.558357,6429219
2010-03-01,35.558357,35.957432,35.547631,35.946589,35.946589,4324097
2010-03-02,35.946589,36.026527,35.837022,35.916894,35.916894,6894809
2010-03-03,35.916894,35.940348,35.449819,35.472984,35.472984,5586264
2010-03-04,35.472984,36.176448,35.463862,36.167148,36.167148,8258971
2010-03-05,36.167148,36.369878,35.263138,35.461915,35.461915,5309895
2010-03-08,35.461915,36.544044,35.364250,36.443675,36.443675,5172402
2010-03-09,36.443675,36.463028,36.399096,36.418436,36.418436,11585662
2010-03-10,36.418436,36.524081,36.185454,36.290729,36.290729,8869436
2010-03-11,36.290729,37.580781,36.163178,37.449158,37.449158,9378146
2010-03-12,37.449158,37.540598,36.835062,36.925223,36.925223,4240073
2010-03-15,36.925223,37.398198,36.866809,37.339130,37.339130,6875857
2010-03-16,37.339130,37.410783,37.277662,37.349298,37.349298,8640764
2010-03-17,37.349298,38.026968,37.168657,37.843935,37.843935,6111792
2010-03-18,37.843935,37.863514,37.499562,37.518973,37.518973,7620074
2010-03-19,37.518973,37.662805,36.968735,37.111003,37.111003,6611577
2010-03-22,37.111003,37.864197,37.067847,37.820216,37.820216,2997720
2010-03-23,37.820216,37.998120,37.801724,37.979550,37.979550,5995365
2010-03-24,37.979550,38.030007,37.658845,37.708943,37.708943,3650023
2010-03-25,37.708943,38.042057,37.595853,37.928309,37.928309,7750376
2010-03-26,37.928309,38.183722,37.841499,38.096528,38.096528,5792435
2010-03-29,38.096528,39.255100,37.789062,38.940821,38.940821,6582431
2010-03-30,38.940821,38.981975,38.496313,38.537041,38.537041,3343707
2010-03-31,38.537041,38.740727,38.337250,38.540915,38.540915,6539709
2010-04-01,38.540915,38.713008,38.230183,38.401654,38.401654,5780306
2010-04-02,38.401654,38.506171,37.194557,37.296064,37.296064,7355764
2010-04-05,37.296064,37.520693,37.117932,37.342340,37.342340,6865155
2010-04-06,37.342340,37.594860,36.235850,36.482557,36.482557,10677720
2010-04-07,36.482557,37.393266,36.419458,37.328704,37.328704,9416386
2010-04-08,37.328704,37.494027,37.230875,37.396021,37.396021,7229950
2010-04-09,37.396021,37.680873,34.439849,34.704197,34.704197,6683011
2010-04-12,34.704197,34.723074,34.481064,34.499830,34.499830,7897569
2010-04-13,34.499830,34.502117,33.633669,33.635898,33.635898,7466557
2010-04-14,33.635898,33.744818,33.419936,33.528508,33.528508,3496653
2010-04-15,33.528508,34.100169,33.294438,33.863758,33.863758,5851648
2010-04-16,33.863758,33.926995,33.472411,33.535034,33.535034,5711043
2010-04-19,33.535034,33.905402,33.345822,33.715173,33.715173,6363862
2010-04-20,33.715173,34.380065,33.649454,34.313181,34.313181,11173406
2010-04-21,34.313181,35.232013,34.090293,35.004634,35.004634,4193567
2010-04-22,35.004634,35.405638,34.931943,35.332267,35.332267,4426959
2010-04-23,35.332267,35.895907,35.181534,35.743420,35.743420,4746432
2010-04-26,35.743420,35.909294,35.327914,35.492623,35.492623,5881046
2010-04-27,35.492623,36.077781,35.241106,35.823916,35.823916,4329960
2010-04-28,35.823916,36.502745,35.779762,36.457810,36.457810,7714102
2010-04-29,36.457810,37.054916,36.315421,36.910758,36.910758,8760566
2010-04-30,36.910758,37.086989,36.888588,37.064727,37.064727,7550595
2010-05-03,37.064727,37.251073,36.036505,36.218597,36.218597,8092570
2010-05-04,36.218597,36.772718,35.857735,36.409949,36.409949,4471667
2010-05-05,36.409949,36.520262,35.981800,36.091148,36.091148,6022347
2010-05-06,36.091148,36.343339,36.052822,36.304785,36.304785,5125275
2010-05-07,36.304785,36.505987,36.187551,36.388483,36.388483,6169840
2010-05-10,36.388483,36.429036,36.220136,36.260546,36.260546,5042458
2010-05-11,36.260546,36.267284,35.572011,35.578622,35.578622,6334861
2010-05-12,35.578622,35.942429,35.571888,35.935628,35.935628,10210202
2010-05-13,35.935628,36.197427,35.917667,36.179344,36.179344,6752313
2010-05-14,36.179344,37.029917,36.143343,36.993106,36.993106,4901277
2010-05-17,36.993106,38.139405,36.840602,37.982820,37.982820,6313571
2010-05-18,37.982820,38.172623,37.283105,37.470347,37.470347,8146453
2010-05-19,37.470347,37.787503,37.231748,37.548407,37.548407,15469639
2010-05-20,37.548407,37.720590,36.268384,36.435464,36.435464,8802563
2010-05-21,36.435464,36.657669,36.400269,36.622294,36.622294,5891913
2010-05-24,36.622294,36.945692,36.487058,36.809764,36.809764,4131222
2010-05-25,36.809764,36.874487,36.519080,36.583405,36.583405,6929300
2010-05-26,36.583405,36.745599,36.526044,36.688074,36.688074,14621171
2010-05-27,36.688074,37.038396,36.470742,36.820281,36.820281,7622202
2010-05-28,36.820281,36.849217,36.613465,36.642261,36.642261,6059255
2010-05-31,36.642261,36.754331,35.974549,36.084914,36.084914,2468701
2010-06-01,36.084914,36.351669,36.031948,36.298390,36.298390,5557087
2010-06-02,36.298390,37.004467,36.261319,36.966714,36.966714,4939768
2010-06-03,36.966714,37.073244,36.244476,36.349227,36.349227,8628851
2010-06-04,36.349227,37.196655,36.144618,36.988449,36.988449,6712765
2010-06-07,36.988449,37.057226,36.985840,37.054612,37.054612,7271082
2010-06-08,37.054612,37.103489,36.777345,36.825921,36.825921,6098133
2010-06-09,36.825921,36.827216,36.710113,36.711405,36.711405,6762148
2010-06-10,36.711405,37.036940,36.550176,36.874991,36.874991,7680736
2010-06-11,36.874991,37.521114,36.825490,37.470814,37.470814,5582503
2010-06-14,37.470814,38.138272,37.001630,37.666636,37.666636,5416223
2010-06-15,37.666636,38.925531,37.633426,38.891241,38.891241,7285582
2010-06-16,38.891241,39.762771,38.802998,39.672754,39.672754,6319225
2010-06-17,39.672754,39.806715,39.352058,39.485387,39.485387,6534208
2010-06-18,39.485387,40.155250,39.420975,40.089852,40.089852,7697266
2010-06-21,40.089852,41.307610,40.079216,41.296654,41.296654,3425957
2010-06-22,41.296654,41.771715,41.270251,41.745026,41.745026,3249359
2010-06-23,41.745026,41.773542,41.247878,41.276073,41.276073,6770985
2010-06-24,41.276073,41.446256,41.004083,41.173844,41.173844,13256957
2010-06-25,41.173844,41.229639,39.545889,39.599551,39.599551,11648280
2010-06-28,39.599551,39.769061,39.225923,39.394556,39.394556,8794026
2010-06-29,39.394556,39.495867,38.440167,38.539278,38.539278,10778745
2010-06-30,38.539278,38.690748,38.317374,38.468565,38.468565,5795480
2010-07-01,38.468565,38.588614,38.159621,38.279078,38.279078,4045392
2010-07-02,38.279078,38.303350,37.629890,37.653765,37.653765,6468087
2010-07-05,37.653765,38.228143,37.537168,38.110132,38.110132,5005048
2010-07-06,38.110132,38.552927,38.055932,38.498176,38.498176,5820108
2010-07-07,38.498176,38.778898,38.358605,38.638818,38.638818,10248484
2010-07-08,38.638818,39.805076,38.446606,39.608043,39.608043,9075972
2010-07-09,39.608043,40.453565,39.540711,40.384912,40.384912,6338599
2010-07-12,40.384912,40.829750,40.251103,40.694915,40.694915,7968249
2010-07-13,40.694915,41.552444,40.678162,41.535346,41.535346,8124816
2010-07-14,41.535346,42.162930,41.291232,41.916575,41.916575,4428519
2010-07-15,41.916575,42.196991,41.552826,41.832681,41.832681,3725250
2010-07-16,41.832681,42.165382,41.765262,42.097536,42.097536,5522631
2010-07-19,42.097536,42.824725,41.959636,42.684900,42.684900,6380382
2010-07-20,42.684900,42.949692,41.819007,42.080046,42.080046,5386228
2010-07-21,42.080046,42.085909,41.180514,41.186253,41.186253,2528445
2010-07-22,41.186253,41.495931,41.161182,41.470686,41.470686,10140036
2010-07-23,41.470686,41.861134,40.610025,40.996004,40.996004,5752533
2010-07-26,40.996004,41.450495,40.700025,41.153380,41.153380,6886455
2010-07-27,41.153380,41.439768,41.077961,41.363964,41.363964,10746906
2010-07-28,41.363964,41.522129,40.828052,40.984768,40.984768,6031350
2010-07-29,40.984768,41.058428,40.663031,40.736245,40.736245,4667774
2010-07-30,40.736245,41.113188,40.405821,40.782390,40.782390,3720887
2010-08-02,40.782390,40.825531,40.646159,40.689201,40.689201,7784686
2010-08-03,40.689201,41.177857,40.423074,40.910284,40.910284,6828919
2010-08-04,40.910284,41.600618,40.628336,41.315875,41.315875,5526287
2010-08-05,41.315875,41.371931,40.565036,40.620148,40.620148,5043564
2010-08-06,40.620148,41.459474,40.539547,41.377370,41.377370,5048021
2010-08-09,41.377370,41.423929,41.218641,41.265074,41.265074,5713661
2010-08-10,41.265074,41.550670,41.119257,41.404362,41.404362,7881946
2010-08-11,41.404362,42.249132,41.221290,42.063147,42.063147,11142633
2010-08-12,42.063147,42.392105,41.842259,42.170652,42.170652,4832411
2010-08-13,42.170652,42.280662,40.806936,40.913666,40.913666,10445538
2010-08-16,40.913666,41.104464,40.259841,40.448469,40.448469,5856123
2010-08-17,40.448469,42.396448,40.411476,42.357708,42.357708,6386905
2010-08-18,42.357708,44.689834,42.183167,44.506438,44.506438,4934669
2010-08-19,44.506438,44.615291,44.050891,44.158894,44.158894,4871406
2010-08-20,44.158894,44.272975,43.369435,43.481766,43.481766,5847496
2010-08-23,43.481766,43.722102,43.419191,43.659271,43.659271,6411871
2010-08-24,43.659271,43.717544,42.992638,43.050098,43.050098,6021289
2010-08-25,43.050098,43.311888,42.998101,43.259639,43.259639,5648389
2010-08-26,43.259639,44.332982,43.185484,44.257118,44.257118,5982010
2010-08-27,44.257118,44.789826,43.955747,44.486891,44.486891,5519703
2010-08-30,44.486891,45.197608,44.406084,45.115660,45.115660,4019720
2010-08-31,45.115660,45.738841,45.095146,45.718052,45.718052,4004574
2010-09-01,45.718052,46.017150,45.582509,45.881124,45.881124,8099386
2010-09-02,45.881124,45.893350,45.350252,45.362340,45.362340,7047017
2010-09-03,45.362340,45.569107,44.929155,45.134886,45.134886,4859334
2010-09-06,45.134886,45.640415,44.952758,45.456987,45.456987,5823152
2010-09-07,45.456987,46.100999,45.412582,46.056009,46.056009,6503195
2010-09-08,46.056009,46.106495,44.889218,44.938479,44.938479,5656916
2010-09-09,44.938479,45.150603,43.878525,44.086628,44.086628,6452035
2010-09-10,44.086628,45.138708,43.997170,45.047301,45.047301,7031294
2010-09-13,45.047301,45.255029,43.631872,43.834006,43.834006,8848030
2010-09-14,43.834006,43.994828,42.169852,42.325138,42.325138,4748491
2010-09-15,42.325138,43.295276,42.003805,42.969054,42.969054,8097357
2010-09-16,42.969054,43.819250,42.803050,43.650613,43.650613,5840209
2010-09-17,43.650613,43.797441,43.646418,43.793233,43.793233,5742972
2010-09-20,43.793233,44.386228,43.605806,44.197073,44.197073,5588479
2010-09-21,44.197073,44.235272,43.017735,43.054946,43.054946,3948385
2010-09-22,43.054946,43.117368,42.330544,42.392005,42.392005,9274415
2010-09-23,42.392005,42.491760,41.758196,41.856691,41.856691,2029508
2010-09-24,41.856691,42.151479,40.716974,41.005769,41.005769,5454004
2010-09-27,41.005769,41.197926,40.270999,40.460600,40.460600,7832498
2010-09-28,40.460600,40.946851,40.365413,40.850745,40.850745,4504247
2010-09-29,40.850745,41.202479,40.688215,41.039200,41.039200,3493122
2010-09-30,41.039200,41.467352,40.855181,41.282243,41.282243,6209704
2010-10-01,41.282243,41.298142,40.223989,40.239486,40.239486,4513413
2010-10-04,40.239486,40.884544,39.978301,40.620884,40.620884,5767844
2010-10-05,40.620884,40.715083,40.081688,40.174853,40.174853,9165098
2010-10-06,40.174853,40.539627,40.126777,40.491172,40.491172,4836419
2010-10-07,40.491172,40.624379,39.895727,40.027408,40.027408,8720210
2010-10-08,40.027408,40.219055,39.128237,39.316480,39.316480,3449101
2010-10-11,39.316480,39.484968,38.702886,38.869458,38.869458,6447129
2010-10-12,38.869458,38.987447,38.787301,38.905215,38.905215,7172329
2010-10-13,38.905215,39.471266,38.465264,39.029905,39.029905,5096658
2010-10-14,39.029905,39.877815,38.645700,39.489090,39.489090,5207595
2010-10-15,39.489090,39.577756,39.119184,39.207218,39.207218,13144347
2010-10-18,39.207218,39.650266,39.101943,39.544087,39.544087,6824624
2010-10-19,39.544087,39.958662,39.371393,39.784916,39.784916,6099429
2010-10-20,39.784916,40.282736,39.751212,40.248640,40.248640,3774370
2010-10-21,40.248640,40.604272,38.438271,38.780934,38.780934,4352964
2010-10-22,38.780934,39.171606,38.486665,38.876610,38.876610,6997241
2010-10-25,38.876610,39.023049,38.147516,38.291751,38.291751,9031996
2010-10-26,38.291751,38.339138,37.616700,37.663309,37.663309,7592169
2010-10-27,37.663309,37.965734,37.581467,37.883415,37.883415,7780887
2010-10-28,37.883415,38.116555,37.039893,37.269254,37.269254,6929289
2010-10-29,37.269254,37.351066,36.710011,36.790773,36.790773,6836578
2010-11-01,36.790773,36.800199,36.237239,36.246525,36.246525,8432470
2010-11-02,36.246525,36.712520,36.208095,36.673638,36.673638,6787536
2010-11-03,36.673638,37.358534,36.554603,37.237668,37.237668,4513447
2010-11-04,37.237668,37.271636,36.840852,36.874489,36.874489,5699168
2010-11-05,36.874489,37.210724,36.651823,36.987376,36.987376,6213999
2010-11-08,36.987376,37.313140,36.754940,37.080121,37.080121,2818858
2010-11-09,37.080121,37.451869,37.029302,37.400611,37.400611,4501234
2010-11-10,37.400611,37.460724,37.133379,37.193159,37.193159,4566840
2010-11-11,37.193159,37.348725,36.512114,36.665473,36.665473,8394817
2010-11-12,36.665473,37.035817,36.592481,36.962234,36.962234,9215524
2010-11-15,36.962234,37.190600,36.958447,37.186790,37.186790,5763503
2010-11-16,37.186790,37.295385,36.893065,37.001118,37.001118,3768926
2010-11-17,37.001118,37.771289,36.734705,37.501275,37.501275,4444190
2010-11-18,37.501275,37.602310,36.635254,36.734223,36.734223,6763490
2010-11-19,36.734223,36.874705,36.092342,36.230899,36.230899,7323402
2010-11-22,36.230899,36.452466,35.911612,36.132578,36.132578,6868903
2010-11-23,36.132578,36.751037,36.038499,36.655596,36.655596,7567558
2010-11-24,36.655596,36.677135,36.219089,36.240384,36.240384,2670140
2010-11-25,36.240384,36.464056,36.077872,36.301271,36.301271,7296718
2010-11-26,36.301271,36.424253,36.119694,36.242477,36.242477,5972673
2010-11-29,36.242477,36.937095,36.134087,36.826957,36.826957,4692221
2010-11-30,36.826957,36.884787,36.788790,36.846599,36.846599,10606375
2010-12-01,36.846599,36.925655,36.173006,36.250783,36.250783,3908822
2010-12-02,36.250783,36.397257,36.079444,36.225817,36.225817,7052375
2010-12-03,36.225817,36.689704,36.132097,36.595030,36.595030,5741315
2010-12-06,36.595030,37.212662,36.462712,37.078596,37.078596,4730554
2010-12-07,37.078596,37.929710,36.971002,37.819965,37.819965,6704726
2010-12-08,37.819965,37.881816,36.894001,36.954436,36.954436,3573902
2010-12-09,36.954436,37.035332,36.287039,36.366648,36.366648,4503517
2010-12-10,36.366648,36.628575,36.303888,36.565472,36.565472,11694259
2010-12-13,36.565472,36.885215,36.543856,36.863422,36.863422,6538971
2010-12-14,36.863422,36.962236,36.606864,36.705254,36.705254,5209190
2010-12-15,36.705254,37.123900,36.653817,37.071950,37.071950,7808923
2010-12-16,37.071950,37.167611,36.832936,36.928227,36.928227,6104413
2010-12-17,36.928227,37.063819,36.737552,36.872941,36.872941,9360866
2010-12-20,36.872941,36.964575,35.812076,35.901296,35.901296,5127292
2010-12-21,35.901296,36.168251,35.318420,35.583009,35.583009,4033744
2010-12-22,35.583009,36.123772,35.540274,36.080439,36.080439,5970679
2010-12-23,36.080439,36.289625,35.975732,36.184616,36.184616,4859614
2010-12-24,36.184616,36.815500,36.036649,36.665565,36.665565,4060165
2010-12-27,36.665565,38.094786,36.497105,37.920559,37.920559,3784378
2010-12-28,37.920559,38.105425,37.107410,37.289198,37.289198,7953611
2010-12-29,37.289198,37.575836,37.086595,37.372779,37.372779,9142416
2010-12-30,37.372779,38.247156,37.198148,38.069271,38.069271,9748396
2010-12-31,38.069271,38.130155,37.558343,37.618506,37.618506,4945874
2011-01-03,37.618506,37.722955,37.294911,37.398750,37.398750,5105836
2011-01-04,37.398750,37.462536,36.761681,36.824487,36.824487,2733621
2011-01-05,36.824487,36.964183,36.482358,36.621284,36.621284,8820755
2011-01-06,36.621284,37.002002,36.590515,36.970939,36.970939,7609211
2011-01-07,36.970939,37.229318,36.732286,36.990538,36.990538,9645041
2011-01-10,36.990538,39.476749,36.954623,39.438457,39.438457,3437914
2011-01-11,39.438457,39.709381,37.677903,37.938522,37.938522,5876366
2011-01-12,37.938522,38.365069,37.696257,38.121634,38.121634,4851801
2011-01-13,38.121634,38.219745,37.855271,37.952948,37.952948,6530753
2011-01-14,37.952948,38.424210,37.896894,38.367544,38.367544,5983134
2011-01-17,38.367544,38.953158,38.269959,38.854335,38.854335,2328817
2011-01-18,38.854335,39.557838,38.708673,39.410093,39.410093,5094027
2011-01-19,39.410093,39.473844,38.323139,38.385232,38.385232,4359232
2011-01-20,38.385232,38.475977,37.392254,37.480861,37.480861,5733010
2011-01-21,37.480861,37.562755,35.806386,35.884792,35.884792,4246384
2011-01-24,35.884792,36.072839,35.806703,35.994512,35.994512,4943683
2011-01-25,35.994512,36.516227,35.862595,36.382887,36.382887,8154626
2011-01-26,36.382887,36.527349,36.221343,36.365736,36.365736,6850056
2011-01-27,36.365736,36.699134,36.175419,36.508072,36.508072,3472259
2011-01-28,36.508072,36.687586,35.782435,35.959251,35.959251,6139360
2011-01-31,35.959251,36.516684,35.914673,36.471471,36.471471,6703566
2011-02-01,36.471471,36.909705,36.417879,36.855549,36.855549,8577469
2011-02-02,36.855549,37.680196,36.561889,37.382339,37.382339,5077964
2011-02-03,37.382339,37.412342,36.951918,36.981599,36.981599,5196623
2011-02-04,36.981599,37.111851,36.709889,36.839641,36.839641,14725675
2011-02-07,36.839641,37.058771,36.501276,36.719693,36.719693,14842437
2011-02-08,36.719693,37.248360,36.576980,37.104152,37.104152,4699958
2011-02-09,37.104152,37.227727,36.961955,37.085468,37.085468,7135866
2011-02-10,37.085468,37.184065,36.687867,36.785666,36.785666,6474667
2011-02-11,36.785666,36.888645,36.424417,36.526671,36.526671,3593294
2011-02-14,36.526671,36.694023,35.964829,36.130365,36.130365,8157021
2011-02-15,36.130365,36.314496,35.996619,36.180563,36.180563,12723930
2011-02-16,36.180563,36.200716,36.124751,36.144883,36.144883,8325261
2011-02-17,36.144883,36.382279,36.046098,36.283116,36.283116,5250573
2011-02-18,36.283116,36.767564,36.266075,36.750303,36.750303,7587531
2011-02-21,36.750303,36.830351,36.274288,36.353472,36.353472,5239235
2011-02-22,36.353472,36.653274,35.854520,36.152666,36.152666,4051877
2011-02-23,36.152666,37.026965,35.991585,36.862720,36.862720,5869261
2011-02-24,36.862720,36.906124,36.671701,36.714931,36.714931,6186474
2011-02-25,36.714931,37.393372,36.418754,37.094136,37.094136,6632228
2011-02-28,37.094136,37.622325,37.005084,37.532221,37.532221,9237001
2011-03-01,37.532221,37.874547,36.495459,36.831392,36.831392,11770613
2011-03-02,36.831392,37.604472,36.742829,37.514267,37.514267,2812388
2011-03-03,37.514267,37.624349,37.053927,37.162979,37.162979,3267874
2011-03-04,37.162979,37.227706,36.717892,36.781955,36.781955,3921118
2011-03-07,36.781955,36.847988,36.053508,36.118350,36.118350,7225262
2011-03-08,36.118350,36.278868,35.192335,35.349437,35.349437,10242065
2011-03-09,35.349437,35.495908,34.898068,35.043270,35.043270,7684043
2011-03-10,35.043270,36.079613,34.656032,35.685280,35.685280,9117366
2011-03-11,35.685280,36.050250,35.518931,35.882979,35.882979,4691983
2011-03-14,35.882979,36.293144,35.717407,36.126449,36.126449,5622429
2011-03-15,36.126449,36.265760,35.005507,35.141018,35.141018,10445449
2011-03-16,35.141018,35.174294,34.923845,34.956946,34.956946,5180437
2011-03-17,34.956946,34.970808,34.565584,34.579297,34.579297,3742623
2011-03-18,34.579297,34.610096,34.138118,34.168551,34.168551,6675216
2011-03-21,34.168551,34.610641,34.029028,34.469888,34.469888,4778518
2011-03-22,34.469888,34.642722,34.444663,34.617389,34.617389,4328840
2011-03-23,34.617389,34.661927,34.434311,34.478671,34.478671,4630531
2011-03-24,34.478671,35.087816,34.455199,35.063946,35.063946,5464953
2011-03-25,35.063946,35.326042,34.926739,35.188349,35.188349,7584096
2011-03-28,35.188349,35.478943,34.564326,34.852143,34.852143,5642283
2011-03-29,34.852143,34.933286,34.672787,34.753701,34.753701,6013624
2011-03-30,34.753701,35.375904,34.499592,35.119124,35.119124,10745157
2011-03-31,35.119124,35.599733,34.767263,35.246596,35.246596,9624981
2011-04-01,35.246596,35.295660,35.107824,35.156763,35.156763,6479567
2011-04-04,35.156763,35.433603,34.657300,34.932373,34.932373,3277091
2011-04-05,34.932373,34.977648,34.725116,34.770181,34.770181,5550802
2011-04-06,34.770181,34.862008,34.626355,34.718045,34.718045,4596533
2011-04-07,34.718045,34.748105,34.256411,34.286097,34.286097,5594425
2011-04-08,34.286097,34.483090,34.214491,34.411222,34.411222,3617799
2011-04-11,34.411222,34.558373,33.641855,33.786334,33.786334,7450356
2011-04-12,33.786334,34.415561,33.646043,34.273249,34.273249,4944997
2011-04-13,34.273249,34.314656,33.484013,33.524515,33.524515,6428588
2011-04-14,33.524515,34.758605,33.348815,34.577387,34.577387,5194183
2011-04-15,34.577387,35.603906,34.385961,35.407882,35.407882,4993509
2011-04-18,35.407882,35.796970,35.092644,35.481080,35.481080,5597855
2011-04-19,35.481080,36.432598,35.206269,36.152586,36.152586,4791190
2011-04-20,36.152586,36.310696,36.076394,36.234332,36.234332,7260330
2011-04-21,36.234332,36.884425,36.112712,36.761037,36.761037,8244093
2011-04-22,36.761037,37.180172,36.581429,36.999399,36.999399,8871883
2011-04-25,36.999399,37.270633,36.521151,36.790856,36.790856,6634473
2011-04-26,36.790856,36.894298,36.409191,36.511849,36.511849,3326404
2011-04-27,36.511849,36.602285,36.118942,36.208627,36.208627,5270394
2011-04-28,36.208627,36.423818,35.534099,35.746544,35.746544,6830405
2011-04-29,35.746544,35.957970,34.956240,35.164222,35.164222,3630490
2011-05-02,35.164222,35.425428,35.133065,35.394068,35.394068,7815526
2011-05-03,35.394068,35.434748,34.762695,34.802695,34.802695,7305905
2011-05-04,34.802695,34.847931,34.724078,34.769270,34.769270,3526634
2011-05-05,34.769270,34.774854,34.580147,34.585701,34.585701,6001903
2011-05-06,34.585701,34.776597,34.269332,34.459531,34.459531,5315202
2011-05-09,34.459531,34.640110,33.392219,33.568126,33.568126,6285033
2011-05-10,33.568126,33.795221,33.500715,33.727489,33.727489,6662465
2011-05-11,33.727489,34.187285,33.640611,34.099448,34.099448,6565694
2011-05-12,34.099448,34.322531,33.953556,34.176311,34.176311,7854474
2011-05-13,34.176311,34.193713,33.923550,33.940833,33.940833,5239835
2011-05-16,33.940833,34.877735,33.896764,34.832508,34.832508,5150371
2011-05-17,34.832508,35.320316,34.618948,35.105085,35.105085,6373246
2011-05-18,35.105085,35.217704,34.425095,34.535888,34.535888,6192553
2011-05-19,34.535888,35.225690,34.427791,35.115779,35.115779,6541253
2011-05-20,35.115779,35.276642,33.757066,33.912417,33.912417,3809228
2011-05-23,33.912417,34.000154,32.916730,33.002112,33.002112,7165172
2011-05-24,33.002112,33.424692,32.989499,33.411922,33.411922,7779284
2011-05-25,33.411922,33.445258,33.240593,33.273791,33.273791,4512354
2011-05-26,33.273791,33.338481,32.780067,32.843921,32.843921,3260684
2011-05-27,32.843921,32.898060,32.476220,32.529841,32.529841,3463924
2011-05-30,32.529841,33.270446,32.240057,32.976682,32.976682,4375209
2011-05-31,32.976682,33.097891,32.326114,32.445370,32.445370,6647699
2011-06-01,32.445370,32.505737,32.294300,32.354498,32.354498,5169954
2011-06-02,32.354498,32.433203,31.810290,31.887859,31.887859,11179190
2011-06-03,31.887859,32.517423,31.856676,32.485655,32.485655,16767810
2011-06-06,32.485655,32.718063,32.362397,32.594393,32.594393,11369539
2011-06-07,32.594393,32.642861,32.590519,32.638982,32.638982,7568134
2011-06-08,32.638982,32.861319,32.623826,32.846066,32.846066,5820713
2011-06-09,32.846066,33.150598,32.787469,33.091562,33.091562,8916026
2011-06-10,33.091562,33.105342,32.717343,32.730973,32.730973,10287699
2011-06-13,32.730973,33.212244,32.499326,32.978843,32.978843,6595575
2011-06-14,32.978843,33.255931,32.827690,33.104204,33.104204,8935580
2011-06-15,33.104204,33.314528,32.976940,33.186946,33.186946,4983009
2011-06-16,33.186946,33.475056,32.848582,33.136251,33.136251,4398658
2011-06-17,33.136251,33.252272,32.438390,32.552366,32.552366,6821556
2011-06-20,32.552366,32.601695,32.395968,32.445134,32.445134,4781616
2011-06-21,32.445134,33.230169,32.410712,33.194952,33.194952,6867303
2011-06-22,33.194952,33.688052,33.088232,33.580094,33.580094,3291830
2011-06-23,33.580094,33.599203,32.686661,32.705273,32.705273,13144464
2011-06-24,32.705273,33.343812,32.581219,33.217814,33.217814,7527629
2011-06-27,33.217814,33.221367,33.071268,33.074805,33.074805,5951899
2011-06-28,33.074805,33.331866,32.951651,33.208216,33.208216,7930551
2011-06-29,33.208216,33.212755,32.877254,32.881749,32.881749,4817383
2011-06-30,32.881749,33.240634,32.838465,33.196935,33.196935,4142362
2011-07-01,33.196935,33.386504,32.771340,32.959553,32.959553,5720207
2011-07-04,32.959553,33.017345,32.640696,32.698029,32.698029,6813953
2011-07-05,32.698029,32.793355,32.575522,32.670769,32.670769,6417475
2011-07-06,32.670769,33.202321,32.598091,33.128624,33.128624,9884208
2011-07-07,33.128624,33.400266,33.046712,33.317886,33.317886,6799093
2011-07-08,33.317886,34.439975,33.272185,34.392800,34.392800,2833282
2011-07-11,34.392800,35.470648,34.335522,35.411673,35.411673,3823831
2011-07-12,35.411673,35.441995,34.715983,34.745735,34.745735,3742681
2011-07-13,34.745735,34.747724,32.609511,32.611378,32.611378,5413992
2011-07-14,32.611378,32.682368,32.280874,32.351298,32.351298,8933950
2011-07-15,32.351298,32.487629,32.102715,32.238571,32.238571,5655067
2011-07-18,32.238571,32.591296,32.206123,32.558525,32.558525,12024221
2011-07-19,32.558525,32.699848,32.486741,32.627911,32.627911,5820577
2011-07-20,32.627911,33.669142,32.611359,33.652070,33.652070,7234084
2011-07-21,33.652070,34.290007,33.598648,34.235659,34.235659,5014421
2011-07-22,34.235659,34.595024,34.131749,34.490341,34.490341,4332531
2011-07-25,34.490341,34.630336,33.936415,34.074723,34.074723,7849336
2011-07-26,34.074723,34.638422,33.800645,34.362033,34.362033,3604903
2011-07-27,34.362033,34.461726,34.258695,34.358377,34.358377,2504015
2011-07-28,34.358377,34.712568,34.217332,34.570652,34.570652,3302871
2011-07-29,34.570652,35.060274,34.558301,35.047753,35.047753,5729542
2011-08-01,35.047753,35.264723,34.917814,35.134462,35.134462,2533447
2011-08-02,35.134462,35.453227,34.895875,35.214100,35.214100,3712750
2011-08-03,35.214100,35.823869,35.192665,35.802077,35.802077,3878594
2011-08-04,35.802077,35.815479,35.602741,35.616074,35.616074,8077486
2011-08-05,35.616074,35.675611,34.862326,34.920701,34.920701,9218302
2011-08-08,34.920701,35.133051,34.773556,34.985632,34.985632,6325683
2011-08-09,34.985632,34.993371,34.909476,34.917199,34.917199,5993502
2011-08-10,34.917199,35.029107,34.374362,34.484884,34.484884,9724472
2011-08-11,34.484884,34.525232,34.178802,34.218839,34.218839,10143604
2011-08-12,34.218839,34.480574,33.661755,33.921213,33.921213,6042768
2011-08-15,33.921213,34.618889,33.841249,34.537472,34.537472,8865344
2011-08-16,34.537472,34.751489,34.402444,34.616153,34.616153,6826858
2011-08-17,34.616153,34.670399,34.533464,34.587666,34.587666,8506722
2011-08-18,34.587666,34.640947,33.667601,33.719546,33.719546,6180559
2011-08-19,33.719546,36.994279,33.614757,36.879670,36.879670,6383684
2011-08-22,36.879670,37.088665,36.559067,36.767426,36.767426,4317681
2011-08-23,36.767426,36.851193,36.582954,36.666491,36.666491,5267903
2011-08-24,36.666491,37.402166,36.344506,37.076580,37.076580,7582558
2011-08-25,37.076580,37.076959,36.724469,36.724844,36.724844,4880869
2011-08-26,36.724844,37.645495,36.622423,37.540799,37.540799,5749946
2011-08-29,37.540799,38.134119,36.318771,36.901994,36.901994,8071851
2011-08-30,36.901994,37.874798,36.721654,37.690604,37.690604,7613939
2011-08-31,37.690604,37.852223,36.857466,37.016192,37.016192,4117493
2011-09-01,37.016192,37.070034,36.141564,36.194211,36.194211,5649926
2011-09-02,36.194211,36.878869,36.041775,36.724201,36.724201,6901242
2011-09-05,36.724201,37.295115,36.659808,37.229836,37.229836,11277849
2011-09-06,37.229836,38.431437,37.172174,38.372007,38.372007,5437229
2011-09-07,38.372007,38.695354,38.348140,38.671302,38.671302,8788286
2011-09-08,38.671302,38.758556,38.661775,38.749010,38.749010,4709543
2011-09-09,38.749010,38.905098,38.286744,38.441593,38.441593,7355113
2011-09-12,38.441593,38.722504,38.255291,38.535745,38.535745,4849697
2011-09-13,38.535745,38.587288,37.771235,37.821823,37.821823,6284142
2011-09-14,37.821823,38.001963,37.692896,37.872863,37.872863,8884701
2011-09-15,37.872863,38.292485,37.771432,38.190205,38.190205,10906691
2011-09-16,38.190205,38.295257,38.166023,38.271024,38.271024,9874869
2011-09-19,38.271024,38.842124,38.139149,38.708740,38.708740,6756612
2011-09-20,38.708740,38.840184,38.662530,38.793872,38.793872,2925498
2011-09-21,38.793872,38.834298,37.237389,37.276233,37.276233,5795797
2011-09-22,37.276233,37.500965,37.223444,37.447933,37.447933,4698445
2011-09-23,37.447933,38.113944,37.437740,38.103573,38.103573,4675254
2011-09-26,38.103573,38.439787,38.027919,38.363617,38.363617,6566013
2011-09-27,38.363617,38.482181,37.979550,38.097292,38.097292,2866850
2011-09-28,38.097292,38.298237,37.170532,37.367629,37.367629,8405830
2011-09-29,37.367629,37.710854,36.885094,37.227028,37.227028,5243695
2011-09-30,37.227028,38.166877,37.091250,38.028177,38.028177,8971851
2011-10-03,38.028177,38.193039,37.946882,38.111565,38.111565,5873104
2011-10-04,38.111565,39.017320,38.011841,38.915492,38.915492,4924132
2011-10-05,38.915492,39.087288,38.227077,38.396583,38.396583,7085708
2011-10-06,38.396583,39.904207,38.388562,39.895873,39.895873,4207848
2011-10-07,39.895873,39.968527,39.174645,39.246116,39.246116,4883462
2011-10-10,39.246116,39.553463,38.690341,38.995727,38.995727,6710284
2011-10-11,38.995727,39.187257,38.918658,39.109961,39.109961,11254519
2011-10-12,39.109961,39.197073,38.658441,38.744739,38.744739,5873214
2011-10-13,38.744739,38.995217,38.196403,38.444942,38.444942,4416892
2011-10-14,38.444942,38.630230,38.363843,38.548911,38.548911,5958501
2011-10-17,38.548911,39.206128,38.372494,39.027521,39.027521,4852770
2011-10-18,39.027521,39.353192,38.723950,39.049451,39.049451,9806620
2011-10-19,39.049451,39.132420,38.918262,39.001129,39.001129,4304036
2011-10-20,39.001129,39.242917,38.156781,38.394811,38.394811,4033352
2011-10-21,38.394811,38.510998,37.930648,38.045778,38.045778,9993235
2011-10-24,38.045778,39.341890,37.736877,39.025038,39.025038,7838543
2011-10-25,39.025038,39.743113,38.951756,39.668622,39.668622,6188811
2011-10-26,39.668622,39.789595,39.276786,39.396930,39.396930,7009377
2011-10-27,39.396930,40.396014,39.110747,40.104690,40.104690,7249413
2011-10-28,40.104690,40.115730,39.974104,39.985110,39.985110,5861110
2011-10-31,39.985110,42.386690,39.928779,42.327059,42.327059,5868355
2011-11-01,42.327059,42.451608,42.283510,42.407976,42.407976,5028535
2011-11-02,42.407976,42.413547,42.060183,42.065710,42.065710,5005830
2011-11-03,42.065710,42.170997,41.921928,42.027118,42.027118,6940298
2011-11-04,42.027118,42.633189,41.808786,42.412853,42.412853,5480272
2011-11-07,42.412853,42.558322,41.071163,41.212515,41.212515,7927410
2011-11-08,41.212515,41.662397,41.085686,41.534577,41.534577,5427630
2011-11-09,41.534577,41.876326,41.520290,41.861926,41.861926,3190664
2011-11-10,41.861926,41.963882,41.667227,41.768957,41.768957,7993606
2011-11-11,41.768957,41.961519,41.507549,41.699793,41.699793,6777367
2011-11-14,41.699793,42.017467,40.829892,41.143327,41.143327,2832216
2011-11-15,41.143327,41.235930,40.727020,40.818892,40.818892,7235057
2011-11-16,40.818892,41.593642,40.750129,41.523692,41.523692,7668383
2011-11-17,41.523692,41.662826,41.276884,41.415656,41.415656,4963780
2011-11-18,41.415656,41.683907,41.267112,41.534935,41.534935,6410165
2011-11-21,41.534935,41.768387,39.613076,39.836985,39.836985,4674797
2011-11-22,39.836985,39.913901,39.517344,39.593790,39.593790,5865699
2011-11-23,39.593790,39.996341,38.975165,39.375496,39.375496,6678780
2011-11-24,39.375496,39.594324,39.059496,39.277781,39.277781,3916745
2011-11-25,39.277781,39.410361,38.580491,38.711159,38.711159,6649099
2011-11-28,38.711159,38.825320,38.655767,38.769844,38.769844,10807324
2011-11-29,38.769844,38.781352,38.243812,38.255167,38.255167,3901629
2011-11-30,38.255167,38.771629,37.982718,38.497455,38.497455,5020614
2011-12-01,38.497455,39.240144,38.226629,38.966021,38.966021,4772949
2011-12-02,38.966021,39.259657,38.953762,39.247309,39.247309,2515127
2011-12-05,39.247309,39.935879,38.935545,39.621146,39.621146,4723412
2011-12-06,39.621146,39.955628,39.581840,39.916030,39.916030,6695776
2011-12-07,39.916030,40.169629,39.761545,40.014761,40.014761,4504220
2011-12-08,40.014761,40.094522,39.407099,39.485806,39.485806,8794713
2011-12-09,39.485806,39.590462,39.318933,39.423424,39.423424,5401872
2011-12-12,39.423424,39.444199,38.891530,38.912035,38.912035,6095092
2011-12-13,38.912035,38.936022,37.934298,37.957696,37.957696,4487136
2011-12-14,37.957696,37.986191,37.918047,37.946533,37.946533,3831857
2011-12-15,37.946533,38.534171,37.758241,38.343907,38.343907,4719221
2011-12-16,38.343907,39.632697,38.310663,39.598365,39.598365,5380829
2011-12-19,39.598365,39.964364,39.501775,39.867118,39.867118,4631930
2011-12-20,39.867118,40.442604,39.676144,40.249796,40.249796,5589998
2011-12-21,40.249796,40.302391,40.168247,40.220804,40.220804,8872315
2011-12-22,40.220804,40.373753,39.473814,39.624496,39.624496,7457986
2011-12-23,39.624496,39.890497,39.542555,39.808176,39.808176,4628259
2011-12-26,39.808176,39.934087,39.362574,39.487470,39.487470,7673108
2011-12-27,39.487470,39.683912,39.140584,39.336274,39.336274,6131040
2011-12-28,39.336274,40.921457,39.239273,40.820795,40.820795,4428026
2011-12-29,40.820795,40.858408,40.495288,40.532634,40.532634,4916102
2011-12-30,40.532634,40.539695,40.526938,40.533999,40.533999,7729698
2012-01-02,40.533999,40.553393,40.264989,40.284263,40.284263,4537092
2012-01-03,40.284263,40.426472,39.566172,39.706340,39.706340,5726031
2012-01-04,39.706340,39.925220,39.559436,39.778050,39.778050,9207813
2012-01-05,39.778050,39.889876,39.734330,39.846080,39.846080,4771757
2012-01-06,39.846080,40.326068,39.822914,40.302636,40.302636,4393451
2012-01-09,40.302636,41.039809,40.241789,40.977943,40.977943,7379843
2012-01-10,40.977943,40.992210,40.923333,40.937587,40.937587,7693093
2012-01-11,40.937587,40.979044,40.151453,40.192155,40.192155,6761474
2012-01-12,40.192155,41.921048,40.062698,41.786456,41.786456,5311871
2012-01-13,41.786456,41.890601,39.860391,39.959984,39.959984,5074614
2012-01-16,39.959984,40.464238,39.880903,40.384317,40.384317,5766001
2012-01-17,40.384317,40.487306,40.160055,40.262735,40.262735,8513593
2012-01-18,40.262735,41.027630,40.247765,41.012381,41.012381,6696757
2012-01-19,41.012381,41.622568,40.822798,41.431050,41.431050,4529352
2012-01-20,41.431050,42.029475,41.185058,41.781403,41.781403,6078720
2012-01-23,41.781403,41.783151,41.731722,41.733468,41.733468,4768990
2012-01-24,41.733468,42.197311,41.511824,41.974388,41.974388,9870199
2012-01-25,41.974388,42.595402,41.636795,42.255548,42.255548,4607020
2012-01-26,42.255548,42.579083,42.090472,42.413391,42.413391,5733945
2012-01-27,42.413391,43.789052,42.101986,43.469890,43.469890,6695879
2012-01-30,43.469890,44.309138,42.937409,43.772944,43.772944,6913163
2012-01-31,43.772944,44.401192,43.688541,44.315742,44.315742,6260390
2012-02-01,44.315742,44.687602,43.805906,44.176598,44.176598,5720239
2012-02-02,44.176598,44.816522,44.147618,44.787142,44.787142,10931158
2012-02-03,44.787142,45.089987,44.080441,44.380537,44.380537,6519938
2012-02-06,44.380537,44.652380,44.334880,44.606491,44.606491,7050226
2012-02-07,44.606491,45.289051,44.420168,45.100663,45.100663,10495408
2012-02-08,45.100663,45.202028,44.867916,44.968985,44.968985,4976486
2012-02-09,44.968985,45.102601,43.775476,43.905933,43.905933,8582431
2012-02-10,43.905933,44.051329,43.780790,43.926128,43.926128,4951811
2012-02-13,43.926128,46.620909,43.791227,46.478170,46.478170,4718417
2012-02-14,46.478170,46.890958,46.365849,46.777913,46.777913,6173232
2012-02-15,46.777913,47.863234,46.581088,47.662686,47.662686,3878055
2012-02-16,47.662686,47.688334,47.647623,47.673269,47.673269,5323428
2012-02-17,47.673269,47.884017,46.976094,47.184683,47.184683,4702110
2012-02-20,47.184683,47.252109,47.007363,47.074631,47.074631,3144290
2012-02-21,47.074631,47.173329,46.865593,46.964059,46.964059,9157955
2012-02-22,46.964059,47.855880,46.489832,47.377478,47.377478,6768533
2012-02-23,47.377478,47.446838,46.479948,46.548093,46.548093,8312139
2012-02-24,46.548093,46.726219,45.335224,45.509375,45.509375,2982743
2012-02-27,45.509375,46.001449,45.239533,45.730297,45.730297,3057687
2012-02-28,45.730297,45.743783,45.532011,45.545442,45.545442,7075758
2012-02-29,45.545442,45.623037,45.421187,45.498702,45.498702,5543194
2012-03-01,45.498702,45.542683,44.646406,44.689606,44.689606,7885515
2012-03-02,44.689606,44.738131,44.283903,44.332040,44.332040,4443516
2012-03-05,44.332040,44.859577,43.928444,44.454862,44.454862,8303767
2012-03-06,44.454862,44.998241,44.206689,44.748429,44.748429,5167464
2012-03-07,44.748429,45.022852,43.307356,43.574581,43.574581,6574668
2012-03-08,43.574581,43.578769,42.325225,42.329293,42.329293,3556120
2012-03-09,42.329293,43.200340,42.287473,43.157701,43.157701,8696863
2012-03-12,43.157701,43.168421,42.029865,42.040307,42.040307,11917787
2012-03-13,42.040307,42.057295,41.927026,41.943975,41.943975,3783481
2012-03-14,41.943975,42.311633,41.881603,42.248807,42.248807,4377154
2012-03-15,42.248807,42.381728,42.205499,42.338328,42.338328,5144814
2012-03-16,42.338328,42.356858,42.083241,42.101667,42.101667,9031521
2012-03-19,42.101667,42.225901,41.031633,41.153069,41.153069,4833605
2012-03-20,41.153069,41.592459,40.170496,40.604023,40.604023,4011136
2012-03-21,40.604023,40.880723,40.430882,40.707142,40.707142,4785260
2012-03-22,40.707142,40.715520,39.405842,39.413954,39.413954,6593203
2012-03-23,39.413954,39.687354,39.397817,39.671112,39.671112,5629215
2012-03-26,39.671112,39.715533,39.530361,39.574674,39.574674,5676175
2012-03-27,39.574674,39.760048,39.504780,39.689950,39.689950,6581870
2012-03-28,39.689950,39.918184,39.532586,39.760541,39.760541,3719652
2012-03-29,39.760541,41.352910,39.685625,41.275141,41.275141,6940232
2012-03-30,41.275141,41.434771,41.121072,41.280681,41.280681,7110539
2012-04-02,41.280681,41.696348,41.144657,41.559405,41.559405,8311530
2012-04-03,41.559405,41.565297,41.257581,41.263431,41.263431,7912512
2012-04-04,41.263431,41.323140,40.862689,40.921904,40.921904,6318522
2012-04-05,40.921904,41.400237,40.778811,41.255977,41.255977,6803832
2012-04-06,41.255977,42.462860,41.246325,42.452928,42.452928,4270294
2012-04-09,42.452928,42.593943,42.405695,42.546607,42.546607,6247976
2012-04-10,42.546607,42.589678,42.191938,42.234693,42.234693,3671132
2012-04-11,42.234693,42.337213,41.929703,42.031731,42.031731,7907610
2012-04-12,42.031731,43.066219,42.022426,43.056687,43.056687,6285445
2012-04-13,43.056687,43.060954,42.197522,42.201704,42.201704,3492589
2012-04-16,42.201704,42.387482,41.271979,41.454468,41.454468,4062385
2012-04-17,41.454468,41.691415,41.428459,41.665274,41.665274,3267419
2012-04-18,41.665274,41.769975,41.551294,41.655972,41.655972,5787213
2012-04-19,41.655972,42.402560,41.248861,41.992164,41.992164,5119789
2012-04-20,41.992164,42.050161,40.701772,40.758065,40.758065,4547999
2012-04-23,40.758065,40.839691,40.211972,40.292665,40.292665,4839502
2012-04-24,40.292665,40.872035,40.090181,40.667666,40.667666,7342677
2012-04-25,40.667666,41.494185,40.641842,41.467853,41.467853,9560977
2012-04-26,41.467853,41.724786,40.125257,40.375421,40.375421,6378005
2012-04-27,40.375421,40.643646,38.600539,38.858689,38.858689,3413243
2012-04-30,38.858689,38.947939,38.694434,38.783512,38.783512,3397230
2012-05-01,38.783512,38.989022,38.558032,38.763436,38.763436,8357240
2012-05-02,38.763436,39.309074,38.584517,39.128470,39.128470,5339477
2012-05-03,39.128470,39.667585,39.083393,39.621939,39.621939,4800213
2012-05-04,39.621939,39.691828,38.863008,38.931680,38.931680,3458293
2012-05-07,38.931680,39.040233,38.477214,38.584800,38.584800,6178064
2012-05-08,38.584800,38.720860,38.196951,38.332120,38.332120,6048738
2012-05-09,38.332120,38.500231,37.667497,37.833422,37.833422,4951220
2012-05-10,37.833422,37.917303,37.422553,37.505707,37.505707,5841226
2012-05-11,37.505707,37.598287,37.379366,37.471862,37.471862,6053626
2012-05-14,37.471862,37.599853,37.312505,37.440388,37.440388,6898832
2012-05-15,37.440388,37.713049,37.275121,37.547310,37.547310,6574214
2012-05-16,37.547310,37.894049,36.636345,36.977825,36.977825,9398665
2012-05-17,36.977825,37.059519,36.657772,36.738939,36.738939,7416618
2012-05-18,36.738939,36.962660,36.729370,36.953035,36.953035,3624466
2012-05-21,36.953035,37.107826,36.653888,36.808071,36.808071,3196629
2012-05-22,36.808071,36.881974,36.141956,36.214668,36.214668,8483311
2012-05-23,36.214668,36.608446,36.172739,36.566110,36.566110,7017788
2012-05-24,36.566110,36.938355,36.302406,36.673873,36.673873,3518293
2012-05-25,36.673873,36.743694,35.668041,35.736077,35.736077,4658531
2012-05-28,35.736077,35.915451,35.399268,35.577848,35.577848,5667251
2012-05-29,35.577848,35.864790,35.511672,35.798205,35.798205,5623122
2012-05-30,35.798205,36.375600,35.564852,36.140019,36.140019,13804090
2012-05-31,36.140019,36.786692,35.793728,36.437550,36.437550,5010353
2012-06-01,36.437550,37.131828,36.370671,37.063799,37.063799,5028478
2012-06-04,37.063799,37.141490,37.002627,37.080291,37.080291,10121870
2012-06-05,37.080291,37.148696,37.043018,37.111391,37.111391,5002165
2012-06-06,37.111391,37.273057,36.470856,36.630426,36.630426,8906136
2012-06-07,36.630426,36.647841,36.486367,36.503721,36.503721,8717100
2012-06-08,36.503721,37.549832,36.484841,37.530421,37.530421,6411027
2012-06-11,37.530421,38.716011,37.360142,38.541147,38.541147,3737238
2012-06-12,38.541147,38.765123,38.473502,38.697204,38.697204,4912770
2012-06-13,38.697204,39.225193,38.581812,39.108574,39.108574,4716952
2012-06-14,39.108574,39.573674,39.080322,39.545106,39.545106,2589017
2012-06-15,39.545106,40.257603,39.392067,40.102408,40.102408,6395625
2012-06-18,40.102408,40.544068,40.095857,40.537446,40.537446,4122108
2012-06-19,40.537446,40.628061,39.228727,39.316613,39.316613,13126726
2012-06-20,39.316613,39.355067,39.226676,39.265079,39.265079,5711873
2012-06-21,39.265079,39.270480,39.078590,39.083966,39.083966,7102014
2012-06-22,39.083966,39.128500,38.584599,38.628614,38.628614,6921778
2012-06-25,38.628614,38.757132,37.239635,37.363945,37.363945,7987636
2012-06-26,37.363945,37.512267,37.333211,37.481435,37.481435,4651408
2012-06-27,37.481435,37.496514,37.301342,37.316354,37.316354,11086480
2012-06-28,37.316354,38.157078,37.017856,37.854277,37.854277,3190159
2012-06-29,37.854277,38.037033,37.267018,37.447812,37.447812,4134183
2012-07-02,37.447812,37.835871,37.161123,37.548412,37.548412,5375880
2012-07-03,37.548412,37.557452,37.545270,37.554310,37.554310,5156668
2012-07-04,37.554310,38.349151,37.514795,38.308842,38.308842,5574432
2012-07-05,38.308842,38.455302,38.108554,38.254808,38.254808,5205969
2012-07-06,38.254808,38.324157,38.164788,38.234099,38.234099,6651848
2012-07-09,38.234099,38.796532,38.191715,38.753572,38.753572,6696790
2012-07-10,38.753572,38.955902,38.712158,38.914317,38.914317,4624618
2012-07-11,38.914317,38.938430,38.614041,38.637983,38.637983,4213946
2012-07-12,38.637983,38.644460,38.537565,38.544026,38.544026,5161014
2012-07-13,38.544026,39.005689,38.271601,38.731936,38.731936,3659889
2012-07-16,38.731936,39.281733,38.689290,39.238529,39.238529,6210926
2012-07-17,39.238529,39.829481,39.018084,39.606967,39.606967,3039531
2012-07-18,39.606967,39.890175,38.418484,38.695172,38.695172,4629353
2012-07-19,38.695172,38.750524,38.282466,38.337306,38.337306,14653674
2012-07-20,38.337306,38.608337,37.350341,37.616275,37.616275,4360928
2012-07-23,37.616275,37.677955,36.567932,36.627992,36.627992,7035043
2012-07-24,36.627992,36.737732,35.898677,36.006555,36.006555,4306769
2012-07-25,36.006555,36.805178,35.728990,36.523628,36.523628,4291992
2012-07-26,36.523628,36.559328,36.029773,36.065024,36.065024,5169033
2012-07-27,36.065024,36.083480,35.327373,35.345460,35.345460,3074239
2012-07-30,35.345460,35.429330,35.201225,35.284951,35.284951,6782176
2012-07-31,35.284951,35.949307,35.025162,35.686561,35.686561,4214511
2012-08-01,35.686561,36.138462,35.596102,36.047089,36.047089,4760692
2012-08-02,36.047089,36.234456,36.016171,36.203403,36.203403,3643791
2012-08-03,36.203403,36.372913,34.845763,35.009684,35.009684,2046097
2012-08-06,35.009684,35.688231,34.906043,35.582893,35.582893,5544359
2012-08-07,35.582893,36.956141,35.539875,36.911517,36.911517,8695920
2012-08-08,36.911517,37.684512,36.781100,37.551833,37.551833,7029086
2012-08-09,37.551833,37.670905,37.048833,37.166684,37.166684,6225010
2012-08-10,37.166684,37.424675,37.138382,37.396198,37.396198,6864594
2012-08-13,37.396198,37.614027,37.256389,37.473928,37.473928,4377398
2012-08-14,37.473928,37.522856,36.760927,36.808988,36.808988,4972159
2012-08-15,36.808988,37.056638,36.789221,37.036749,37.036749,8315313
2012-08-16,37.036749,37.068738,36.650847,36.682529,36.682529,6933583
2012-08-17,36.682529,37.006785,36.567811,36.891414,36.891414,4205296
2012-08-20,36.891414,36.959892,36.519508,36.587422,36.587422,7277741
2012-08-21,36.587422,36.730483,36.560658,36.703634,36.703634,6381055
2012-08-22,36.703634,36.946984,36.550606,36.793581,36.793581,3459787
2012-08-23,36.793581,37.357232,36.463377,37.024952,37.024952,5666393
2012-08-24,37.024952,37.107538,35.430436,35.509642,35.509642,11889362
2012-08-27,35.509642,35.709069,35.267724,35.466910,35.466910,8569062
2012-08-28,35.466910,35.644179,35.182254,35.358984,35.358984,4154174
2012-08-29,35.358984,36.076750,35.332529,36.049778,36.049778,4877166
2012-08-30,36.049778,36.263763,35.944549,36.158217,36.158217,7358586
2012-08-31,36.158217,36.520297,36.121380,36.483130,36.483130,8478373
2012-09-03,36.483130,36.613474,35.382444,35.509309,35.509309,5143013
2012-09-04,35.509309,36.109446,35.455016,36.054320,36.054320,4857696
2012-09-05,36.054320,36.158375,35.694714,35.798030,35.798030,9370772
2012-09-06,35.798030,36.695212,35.569763,36.462706,36.462706,5563746
2012-09-07,36.462706,36.536033,36.097249,36.169987,36.169987,4706291
2012-09-10,36.169987,36.317006,36.087619,36.234491,36.234491,6498013
2012-09-11,36.234491,37.198204,36.076228,37.036437,37.036437,7912595
2012-09-12,37.036437,37.159528,36.995626,37.118626,37.118626,4271084
2012-09-13,37.118626,37.216958,36.992127,37.090384,37.090384,5402878
2012-09-14,37.090384,37.110473,36.274763,36.294421,36.294421,11111497
2012-09-17,36.294421,38.240252,36.151535,38.090296,38.090296,5539988
2012-09-18,38.090296,38.371270,36.439526,36.710320,36.710320,4114484
2012-09-19,36.710320,36.744765,36.121720,36.155644,36.155644,5907816
2012-09-20,36.155644,36.285261,35.810991,35.939835,35.939835,5097067
2012-09-21,35.939835,35.966404,35.549332,35.575632,35.575632,6509736
2012-09-24,35.575632,35.954220,35.571528,35.950073,35.950073,8221479
2012-09-25,35.950073,36.119971,35.743542,35.913266,35.913266,3029498
2012-09-26,35.913266,35.976909,35.544636,35.607737,35.607737,4289386
2012-09-27,35.607737,35.647561,35.213215,35.252642,35.252642,7255883
2012-09-28,35.252642,35.555734,35.102593,35.405037,35.405037,6476289
2012-10-01,35.405037,35.804356,35.116458,35.514882,35.514882,6155857
2012-10-02,35.514882,35.831959,35.243100,35.559834,35.559834,14463900
2012-10-03,35.559834,35.623155,35.385282,35.448404,35.448404,4692751
2012-10-04,35.448404,35.687602,35.161090,35.399960,35.399960,8589501
2012-10-05,35.399960,35.481962,35.274352,35.356253,35.356253,4788970
2012-10-08,35.356253,35.689505,35.204851,35.537328,35.537328,4347958
2012-10-09,35.537328,36.569993,35.411200,36.440660,36.440660,2631568
2012-10-10,36.440660,36.484874,36.086529,36.130367,36.130367,7010662
2012-10-11,36.130367,36.242493,36.051191,36.163245,36.163245,6000894
2012-10-12,36.163245,36.659095,35.923883,36.418046,36.418046,4729719
2012-10-15,36.418046,36.517943,36.049793,36.148951,36.148951,3834125
2012-10-16,36.148951,36.285694,35.948892,36.085395,36.085395,2659278
2012-10-17,36.085395,36.561895,36.065039,36.541282,36.541282,6405053
2012-10-18,36.541282,36.593212,35.360948,35.411272,35.411272,6717577
2012-10-19,35.411272,35.856149,35.203989,35.647483,35.647483,4493575
2012-10-22,35.647483,35.853449,35.344475,35.549877,35.549877,7794159
2012-10-23,35.549877,35.662551,35.485388,35.597976,35.597976,6580286
2012-10-24,35.597976,36.345186,35.398588,36.142748,36.142748,4273552
2012-10-25,36.142748,36.431856,36.044322,36.332913,36.332913,6595218
2012-10-26,36.332913,36.427155,35.559648,35.652125,35.652125,7010422
2012-10-29,35.652125,36.183886,35.456804,35.986732,35.986732,3667776
2012-10-30,35.986732,36.184177,35.579900,35.776190,35.776190,5656698
2012-10-31,35.776190,36.244790,35.728958,36.197002,36.197002,4744767
2012-11-01,36.197002,36.627809,36.184049,36.614706,36.614706,6996818
2012-11-02,36.614706,37.410558,36.540938,37.335338,37.335338,15290674
2012-11-05,37.335338,38.931865,37.273476,38.867464,38.867464,5690230
2012-11-06,38.867464,38.976297,38.832040,38.940805,38.940805,6882295
2012-11-07,38.940805,39.348607,38.884245,39.291538,39.291538,14110689
2012-11-08,39.291538,40.494048,39.208685,40.408839,40.408839,6291013
2012-11-09,40.408839,40.490304,39.182029,39.261181,39.261181,2858609
2012-11-12,39.261181,39.815999,39.042567,39.595523,39.595523,5087826
2012-11-13,39.595523,39.698437,39.269806,39.372139,39.372139,5768739
2012-11-14,39.372139,40.377326,39.297115,40.300533,40.300533,5210681
2012-11-15,40.300533,40.364743,39.709668,39.773038,39.773038,5432435
2012-11-16,39.773038,39.944350,39.280934,39.450858,39.450858,7516549
2012-11-19,39.450858,39.617805,39.380773,39.547548,39.547548,6722669
2012-11-20,39.547548,39.858140,39.446911,39.756971,39.756971,5194327
2012-11-21,39.756971,41.059373,39.645237,40.944302,40.944302,3928572
2012-11-22,40.944302,41.069380,40.504959,40.629074,40.629074,6337479
2012-11-23,40.629074,41.192446,40.452020,41.013716,41.013716,4168228
2012-11-26,41.013716,42.159953,40.963575,42.108473,42.108473,6054237
2012-11-27,42.108473,42.118537,41.815094,41.825090,41.825090,5234605
2012-11-28,41.825090,42.267004,41.713704,42.154740,42.154740,5195333
2012-11-29,42.154740,42.187192,41.742003,41.774163,41.774163,11251184
2012-11-30,41.774163,42.054713,41.159472,41.437763,41.437763,4684843
2012-12-03,41.437763,42.145515,41.301089,42.006964,42.006964,14905338
2012-12-04,42.006964,42.212826,41.971953,42.177673,42.177673,4782796
2012-12-05,42.177673,42.234525,41.657198,41.713424,41.713424,4766061
2012-12-06,41.713424,42.602766,41.530497,42.416754,42.416754,10635768
2012-12-07,42.416754,42.601638,41.932334,42.115907,42.115907,5869930
2012-12-10,42.115907,42.422975,42.009629,42.316192,42.316192,5403452
2012-12-11,42.316192,42.456797,42.216469,42.356977,42.356977,6344843
2012-12-12,42.356977,42.358571,41.995796,41.997376,41.997376,5310661
2012-12-13,41.997376,42.254691,41.599767,41.856216,41.856216,7567998
2012-12-14,41.856216,42.054878,40.876457,41.071394,41.071394,10762585
2012-12-17,41.071394,41.679165,40.870198,41.475986,41.475986,3693881
2012-12-18,41.475986,41.551682,41.083491,41.158608,41.158608,16398471
2012-12-19,41.158608,41.962703,41.006468,41.808163,41.808163,6152209
2012-12-20,41.808163,42.849902,41.547434,42.584333,42.584333,6749334
2012-12-21,42.584333,42.647374,41.989688,42.051940,42.051940,4682857
2012-12-24,42.051940,42.954981,41.779577,42.678560,42.678560,4421140
2012-12-25,42.678560,42.805103,41.288249,41.411034,41.411034,2912991
2012-12-26,41.411034,41.473689,41.139533,41.201871,41.201871,8881518
2012-12-27,41.201871,41.526711,41.184456,41.509165,41.509165,3709775
2012-12-28,41.509165,43.149252,41.309620,42.942814,42.942814,5813736
2012-12-31,42.942814,43.126617,42.664703,42.848100,42.848100,5289346
2013-01-01,42.848100,43.118810,41.616056,41.880653,41.880653,3964436
2013-01-02,41.880653,42.645278,41.870313,42.634752,42.634752,4209270
2013-01-03,42.634752,42.938883,42.565008,42.868755,42.868755,3501333
2013-01-04,42.868755,42.946506,42.312591,42.389472,42.389472,4831924
2013-01-07,42.389472,42.815326,41.560371,41.982133,41.982133,5649588
2013-01-08,41.982133,42.264034,41.831089,42.112521,42.112521,5141709
2013-01-09,42.112521,42.150756,41.805105,41.843095,41.843095,7954576
2013-01-10,41.843095,42.476464,41.758016,42.390272,42.390272,5501449
2013-01-11,42.390272,42.841384,41.678050,42.126353,42.126353,8531740
2013-01-14,42.126353,43.192201,41.926302,42.988058,42.988058,3591074
2013-01-15,42.988058,43.150283,42.318604,42.478907,42.478907,5274271
2013-01-16,42.478907,42.522724,41.307011,41.349663,41.349663,8563139
2013-01-17,41.349663,41.529888,41.291017,41.471069,41.471069,6281363
2013-01-18,41.471069,41.572825,41.160948,41.262192,41.262192,9085686
2013-01-21,41.262192,41.323426,41.023104,41.084074,41.084074,6984914
2013-01-22,41.084074,41.125790,40.316737,40.357716,40.357716,6033135
2013-01-23,40.357716,40.699269,40.145873,40.486749,40.486749,5799634
2013-01-24,40.486749,41.485864,40.333895,41.329827,41.329827,4730624
2013-01-25,41.329827,41.685859,41.327864,41.683880,41.683880,7742564
2013-01-28,41.683880,42.819815,41.567992,42.701099,42.701099,3574435
2013-01-29,42.701099,42.754011,41.931832,41.983855,41.983855,8087220
2013-01-30,41.983855,42.021241,41.610937,41.648024,41.648024,5417990
2013-01-31,41.648024,42.045517,41.569109,41.966000,41.966000,3090663
2013-02-01,41.966000,42.506302,41.735677,42.274286,42.274286,4227806
2013-02-04,42.274286,43.784495,41.941335,43.442344,43.442344,6756538
2013-02-05,43.442344,43.586127,42.550984,42.692284,42.692284,10052147
2013-02-06,42.692284,42.798154,41.628061,41.731549,41.731549,5045847
2013-02-07,41.731549,42.102167,41.538262,41.908063,41.908063,9928238
2013-02-08,41.908063,41.982873,41.870706,41.945483,41.945483,3579088
2013-02-11,41.945483,41.979315,40.408839,40.441459,40.441459,4750836
2013-02-12,40.441459,40.486711,40.431692,40.476936,40.476936,10750287
2013-02-13,40.476936,40.721091,40.452180,40.696201,40.696201,5097239
2013-02-14,40.696201,41.075345,40.580317,40.958714,40.958714,3413328
2013-02-15,40.958714,41.192956,40.927106,41.161192,41.161192,10219895
2013-02-18,41.161192,42.157664,41.128568,42.124277,42.124277,5136291
2013-02-19,42.124277,42.360236,41.066163,41.297491,41.297491,5920233
2013-02-20,41.297491,41.656226,40.409278,40.763374,40.763374,5584942
2013-02-21,40.763374,40.932716,40.619354,40.788607,40.788607,7800644
2013-02-22,40.788607,40.969140,40.343164,40.522519,40.522519,7626954
2013-02-25,40.522519,40.696347,40.109163,40.281959,40.281959,9898296
2013-02-26,40.281959,40.309222,39.209361,39.235916,39.235916,2939139
2013-02-27,39.235916,39.385094,39.182833,39.331881,39.331881,15002605
2013-02-28,39.331881,40.394203,39.227258,40.287039,40.287039,8024232
2013-03-01,40.287039,40.920426,40.030541,40.661544,40.661544,8501642
2013-03-04,40.661544,41.357176,40.519334,41.213038,41.213038,6874087
2013-03-05,41.213038,41.726867,40.750464,41.263724,41.263724,9876474
2013-03-06,41.263724,41.501292,41.164917,41.402153,41.402153,4428462
2013-03-07,41.402153,41.739023,41.349946,41.686458,41.686458,2927527
2013-03-08,41.686458,41.738828,41.146829,41.198586,41.198586,4303778
2013-03-11,41.198586,41.427404,40.608703,40.835504,40.835504,6705415
2013-03-12,40.835504,41.352112,40.810470,41.326777,41.326777,6165962
2013-03-13,41.326777,43.736157,41.167860,43.568619,43.568619,3540969
2013-03-14,43.568619,44.419370,43.548909,44.399284,44.399284,7137484
2013-03-15,44.399284,44.501529,43.492695,43.593084,43.593084,9692061
2013-03-18,43.593084,43.985952,43.582312,43.975086,43.975086,7840997
2013-03-19,43.975086,44.057943,43.140627,43.222065,43.222065,7122528
2013-03-20,43.222065,43.296315,43.168804,43.243028,43.243028,2592270
2013-03-21,43.243028,43.372307,42.522593,42.650098,42.650098,5891464
2013-03-22,42.650098,43.230719,42.529411,43.108734,43.108734,5901055
2013-03-25,43.108734,43.421371,42.259092,42.567806,42.567806,4313399
2013-03-26,42.567806,42.700723,41.972268,42.103735,42.103735,4439760
2013-03-27,42.103735,42.115800,41.525943,41.537846,41.537846,5970822
2013-03-28,41.537846,41.770737,40.713825,40.943383,40.943383,7976793
2013-03-29,40.943383,41.862185,40.750084,41.665476,41.665476,6869098
2013-04-01,41.665476,42.832745,41.536281,42.700341,42.700341,4765741
2013-04-02,42.700341,42.741398,42.643719,42.684761,42.684761,4599953
2013-04-03,42.684761,42.702821,42.486808,42.504792,42.504792,6602893
2013-04-04,42.504792,42.708443,41.881068,42.082697,42.082697,4136769
2013-04-05,42.082697,42.191900,41.858649,41.967554,41.967554,7123756
2013-04-08,41.967554,42.245977,41.824900,42.102864,42.102864,2211238
2013-04-09,42.102864,42.768221,42.031823,42.696179,42.696179,6478854
2013-04-10,42.696179,43.126298,42.648496,43.078189,43.078189,4919349
2013-04-11,43.078189,43.081987,42.432538,42.436279,42.436279,8202158
2013-04-12,42.436279,43.655050,42.230493,43.444375,43.444375,4044088
2013-04-15,43.444375,44.274795,43.405246,44.234954,44.234954,7854373
2013-04-16,44.234954,44.893301,44.033189,44.689464,44.689464,5298301
2013-04-17,44.689464,45.801462,44.523604,45.632104,45.632104,5812269
2013-04-18,45.632104,45.872107,44.886935,45.124266,45.124266,6695812
2013-04-19,45.124266,46.057010,44.730600,45.658681,45.658681,7782070
2013-04-22,45.658681,45.829264,45.246832,45.416510,45.416510,3522505
2013-04-23,45.416510,45.894159,45.314146,45.790950,45.790950,7291719
2013-04-24,45.790950,45.990720,44.082845,44.276006,44.276006,12399858
2013-04-25,44.276006,45.589083,44.091323,45.399713,45.399713,3247022
2013-04-26,45.399713,45.516390,44.207956,44.321863,44.321863,7541984
2013-04-29,44.321863,44.377067,43.232491,43.286405,43.286405,5304176
2013-04-30,43.286405,44.648964,43.118253,44.476190,44.476190,6098250
2013-05-01,44.476190,44.672007,44.063490,44.258348,44.258348,11297251
2013-05-02,44.258348,45.755133,44.214249,45.709588,45.709588,10700129
2013-05-03,45.709588,46.912277,45.546359,46.745350,46.745350,3876937
2013-05-06,46.745350,46.915760,46.628125,46.798401,46.798401,8104427
2013-05-07,46.798401,47.110366,46.671863,46.983328,46.983328,8650657
2013-05-08,46.983328,46.988622,46.324527,46.329747,46.329747,8217453
2013-05-09,46.329747,46.885284,46.111552,46.665508,46.665508,4530367
2013-05-10,46.665508,46.695139,46.651995,46.681622,46.681622,5699077
2013-05-13,46.681622,47.000625,46.300340,46.618914,46.618914,3193121
2013-05-14,46.618914,46.804989,45.938653,46.122747,46.122747,4557804
2013-05-15,46.122747,46.328006,45.358642,45.561403,45.561403,8073768
2013-05-16,45.561403,45.721044,44.307677,44.463471,44.463471,5128783
2013-05-17,44.463471,45.266874,44.432457,45.235322,45.235322,7044296
2013-05-20,45.235322,45.385712,45.179383,45.329656,45.329656,3071642
2013-05-21,45.329656,45.409001,45.126207,45.205335,45.205335,5329675
2013-05-22,45.205335,45.281091,45.072901,45.148562,45.148562,4874763
2013-05-23,45.148562,45.967285,44.980906,45.797221,45.797221,5742357
2013-05-24,45.797221,46.664112,45.657944,46.522629,46.522629,6527583
2013-05-27,46.522629,46.777790,46.410725,46.665542,46.665542,5332580
2013-05-28,46.665542,46.810502,45.869145,46.012075,46.012075,5057754
2013-05-29,46.012075,46.106669,45.944299,46.038854,46.038854,3181005
2013-05-30,46.038854,46.306008,45.759969,46.027054,46.027054,7714820
2013-05-31,46.027054,46.360309,45.272802,45.602986,45.602986,6840388
2013-06-03,45.602986,45.722590,44.770877,44.888607,44.888607,6746212
2013-06-04,44.888607,44.917210,44.523047,44.551435,44.551435,3442070
2013-06-05,44.551435,44.809363,44.491427,44.749089,44.749089,4780206
2013-06-06,44.749089,45.598078,44.665704,45.513269,45.513269,6222248
2013-06-07,45.513269,46.398425,45.398176,46.281390,46.281390,7807660
2013-06-10,46.281390,46.436042,45.834084,45.987754,45.987754,5453122
2013-06-11,45.987754,46.875685,45.945675,46.832832,46.832832,5179916
2013-06-12,46.832832,47.679032,46.570714,47.413663,47.413663,3857943
2013-06-13,47.413663,47.648283,46.424518,46.655385,46.655385,4499834
2013-06-14,46.655385,47.075293,46.575394,46.994719,46.994719,3384383
2013-06-17,46.994719,47.000403,45.876401,45.881950,45.881950,7102756
2013-06-18,45.881950,46.448678,45.800752,46.366621,46.366621,6016608
2013-06-19,46.366621,46.490383,46.116816,46.240241,46.240241,6761823
2013-06-20,46.240241,46.421608,45.437632,45.616553,45.616553,2857609
2013-06-21,45.616553,46.015781,44.011927,44.400513,44.400513,8806583
2013-06-24,44.400513,44.421504,44.047843,44.068677,44.068677,5500964
2013-06-25,44.068677,44.226253,42.452945,42.605289,42.605289,4374171
2013-06-26,42.605289,42.847938,42.022948,42.263651,42.263651,5987556
2013-06-27,42.263651,42.462859,41.276884,41.472363,41.472363,5946069
2013-06-28,41.472363,41.497294,40.910674,40.935283,40.935283,6500691
2013-07-01,40.935283,40.972147,40.516632,40.553152,40.553152,5665102
2013-07-02,40.553152,40.978215,40.531956,40.956809,40.956809,3657540
2013-07-03,40.956809,41.235525,40.931682,41.210243,41.210243,4791240
2013-07-04,41.210243,42.272191,41.009526,42.067299,42.067299,5370298
2013-07-05,42.067299,42.985781,42.036156,42.953981,42.953981,3970982
2013-07-08,42.953981,43.028427,42.437576,42.511255,42.511255,4337154
2013-07-09,42.511255,43.134884,42.186069,42.807432,42.807432,3976129
2013-07-10,42.807432,43.016577,42.725215,42.934116,42.934116,5619079
2013-07-11,42.934116,43.609877,42.910226,43.585624,43.585624,11635805
2013-07-12,43.585624,43.864706,42.857616,43.133805,43.133805,6445917
2013-07-15,43.133805,44.614600,43.119339,44.599642,44.599642,4698696
2013-07-16,44.599642,45.753377,44.531489,45.683567,45.683567,7061538
2013-07-17,45.683567,47.013691,45.582358,46.909765,46.909765,9186632
2013-07-18,46.909765,47.427359,46.593727,47.109972,47.109972,4963568
2013-07-19,47.109972,47.838893,47.027377,47.755167,47.755167,9097891
2013-07-22,47.755167,47.901369,47.032624,47.177056,47.177056,5069146
2013-07-23,47.177056,48.229360,47.171244,48.223419,48.223419,4834226
2013-07-24,48.223419,48.462074,47.367491,47.603076,47.603076,5978158
2013-07-25,47.603076,47.921417,47.594618,47.912905,47.912905,7508236
2013-07-26,47.912905,48.724897,47.855886,48.666980,48.666980,3192276
2013-07-29,48.666980,48.759981,48.186197,48.278455,48.278455,5322453
2013-07-30,48.278455,48.829641,48.167513,48.717690,48.717690,5421090
2013-07-31,48.717690,48.775475,48.621714,48.679453,48.679453,6464285
2013-08-01,48.679453,48.875382,48.192643,48.387397,48.387397,13064663
2013-08-02,48.387397,48.577021,47.757938,47.945832,47.945832,6035248
2013-08-05,47.945832,48.436398,47.770271,48.259688,48.259688,5439001
2013-08-06,48.259688,48.578314,48.143750,48.461891,48.461891,12059284
2013-08-07,48.461891,48.629621,47.265704,47.429862,47.429862,10569097
2013-08-08,47.429862,47.497683,46.950690,47.017922,47.017922,6366443
2013-08-09,47.017922,47.038245,46.114144,46.134084,46.134084,10320360
2013-08-12,46.134084,46.265387,45.171739,45.300669,45.300669,5795886
2013-08-13,45.300669,45.530255,44.582364,44.809460,44.809460,5813354
2013-08-14,44.809460,44.937758,42.821781,42.944739,42.944739,12595073
2013-08-15,42.944739,43.860079,42.720730,43.632482,43.632482,7919868
2013-08-16,43.632482,44.235463,43.392950,43.993947,43.993947,6679887
2013-08-19,43.993947,44.184944,43.668016,43.858425,43.858425,9667422
2013-08-20,43.858425,44.047093,43.158296,43.344754,43.344754,6442909
2013-08-21,43.344754,43.502001,42.557227,42.712180,42.712180,10934202
2013-08-22,42.712180,42.998319,42.213022,42.497725,42.497725,4296093
2013-08-23,42.497725,42.633172,42.475119,42.610506,42.610506,5241609
2013-08-26,42.610506,42.870386,42.054583,42.312647,42.312647,5950652
2013-08-27,42.312647,42.511185,42.035348,42.233515,42.233515,7761966
2013-08-28,42.233515,42.763317,42.096577,42.625109,42.625109,12258291
2013-08-29,42.625109,42.856537,42.586196,42.817448,42.817448,4837620
2013-08-30,42.817448,43.130388,42.757815,43.070403,43.070403,5948316
2013-09-02,43.070403,43.553130,43.059318,43.541924,43.541924,4755633
2013-09-03,43.541924,43.695676,43.447976,43.601600,43.601600,9329245
2013-09-04,43.601600,43.650446,43.183855,43.232287,43.232287,4150258
2013-09-05,43.232287,44.675923,42.956133,44.392358,44.392358,4640489
2013-09-06,44.392358,45.182688,44.207747,44.995568,44.995568,5486774
2013-09-09,44.995568,45.291062,43.792988,44.082485,44.082485,5086516
2013-09-10,44.082485,45.036765,44.039595,44.992989,44.992989,5094630
2013-09-11,44.992989,47.133020,44.956339,47.094658,47.094658,5590068
2013-09-12,47.094658,49.688727,47.064495,49.656923,49.656923,10673423
2013-09-13,49.656923,53.108510,49.306598,52.736460,52.736460,5953337
2013-09-16,52.736460,52.886965,51.861258,52.009689,52.009689,11737647
2013-09-17,52.009689,52.087668,51.918215,51.996173,51.996173,5081773
2013-09-18,51.996173,52.199462,50.660553,50.859397,50.859397,6629741
2013-09-19,50.859397,51.267321,50.454416,50.862316,50.862316,4017457
2013-09-20,50.862316,51.031304,49.163467,49.327354,49.327354,6682815
2013-09-23,49.327354,49.679323,49.135119,49.486467,49.486467,4286076
2013-09-24,49.486467,49.497207,49.291545,49.302245,49.302245,3924795
2013-09-25,49.302245,49.907987,48.928063,49.532061,49.532061,9316217
2013-09-26,49.532061,50.502620,49.455040,50.424212,50.424212,10058918
2013-09-27,50.424212,51.500379,50.267346,51.340663,51.340663,6423021
2013-09-30,51.340663,51.442371,49.712483,49.811161,49.811161,7442566
2013-10-01,49.811161,52.397201,49.728501,52.310393,52.310393,5965087
2013-10-02,52.310393,53.776877,52.226577,53.690850,53.690850,9250824
2013-10-03,53.690850,54.780903,53.642594,54.731712,54.731712,5534693
2013-10-04,54.731712,55.408156,54.488277,55.162803,55.162803,6583189
2013-10-07,55.162803,57.233819,55.044291,57.111121,57.111121,7304116
2013-10-08,57.111121,57.504770,56.848947,57.241995,57.241995,4547497
2013-10-09,57.241995,58.732001,57.204729,58.693790,58.693790,6660063
2013-10-10,58.693790,58.805279,58.517778,58.629144,58.629144,5624543
2013-10-11,58.629144,58.675402,58.363437,58.409521,58.409521,9135414
2013-10-14,58.409521,58.496220,57.834679,57.920652,57.920652,4248340
2013-10-15,57.920652,59.053377,57.734666,58.864360,58.864360,8590507
2013-10-16,58.864360,59.072421,58.358455,58.565458,58.565458,5428909
2013-10-17,58.565458,60.633716,57.999539,60.053419,60.053419,6771051
2013-10-18,60.053419,60.349065,59.480632,59.774908,59.774908,5300203
2013-10-21,59.774908,60.533268,59.768937,60.527222,60.527222,5463028
2013-10-22,60.527222,60.761542,59.758483,59.990725,59.990725,3190521
2013-10-23,59.990725,61.066560,59.331246,60.402554,60.402554,4698017
2013-10-24,60.402554,60.507901,59.458181,59.562063,59.562063,6963964
2013-10-25,59.562063,61.295757,58.710865,60.432125,60.432125,4816928
2013-10-28,60.432125,60.477586,59.954272,59.999407,59.999407,5897710
2013-10-29,59.999407,60.763059,59.721362,60.482775,60.482775,4692572
2013-10-30,60.482775,61.431372,60.111865,61.056941,61.056941,9429880
2013-10-31,61.056941,63.226380,60.866155,63.029430,63.029430,5686770
2013-11-01,63.029430,63.536555,63.005821,63.512765,63.512765,3321675
2013-11-04,63.512765,63.594473,62.895882,62.976901,62.976901,6942968
2013-11-05,62.976901,64.171171,62.968994,64.163115,64.163115,9397680
2013-11-06,64.163115,64.261265,64.132604,64.230722,64.230722,5153474
2013-11-07,64.230722,64.548493,63.681054,63.997673,63.997673,4905040
2013-11-08,63.997673,64.607239,63.170218,63.777688,63.777688,4783642
2013-11-11,63.777688,64.691885,63.413580,64.324655,64.324655,8481258
2013-11-12,64.324655,64.726680,63.584959,63.984860,63.984860,7919313
2013-11-13,63.984860,67.755929,63.523810,67.271199,67.271199,5198912
2013-11-14,67.271199,67.400493,64.630509,64.754966,64.754966,2500521
2013-11-15,64.754966,65.296074,63.778876,64.316318,64.316318,7246335
2013-11-18,64.316318,64.352346,62.834378,62.869595,62.869595,5971408
2013-11-19,62.869595,62.958576,62.811263,62.900215,62.900215,8322930
2013-11-20,62.900215,62.903368,62.879796,62.882949,62.882949,4186228
2013-11-21,62.882949,64.269049,62.659912,64.041901,64.041901,5901643
2013-11-22,64.041901,64.905531,63.946459,64.808946,64.808946,3719661
2013-11-25,64.808946,65.182218,64.186524,64.558352,64.558352,6911631
2013-11-26,64.558352,64.867287,63.644634,63.950660,63.950660,8139582
2013-11-27,63.950660,64.256040,63.329609,63.633473,63.633473,4179336
2013-11-28,63.633473,63.903833,62.689301,62.956786,62.956786,5403553
2013-11-29,62.956786,64.585170,62.546296,64.166791,64.166791,6401745
2013-12-02,64.166791,64.218271,63.997785,64.049171,64.049171,11713240
2013-12-03,64.049171,64.353163,63.121446,63.422464,63.422464,6277500
2013-12-04,63.422464,64.309252,63.050466,63.934252,63.934252,3234183
2013-12-05,63.934252,64.546939,63.845511,64.457471,64.457471,8290915
2013-12-06,64.457471,65.012256,64.382097,64.936322,64.936322,5052144
2013-12-09,64.936322,66.994321,64.876546,66.932707,66.932707,8855953
2013-12-10,66.932707,66.946505,66.473541,66.487248,66.487248,5925381
2013-12-11,66.487248,67.597680,66.282200,67.389848,67.389848,5923053
2013-12-12,67.389848,67.737209,66.331494,66.675171,66.675171,5124537
2013-12-13,66.675171,67.587322,66.624288,67.535782,67.535782,7742911
2013-12-16,67.535782,67.757043,67.141268,67.361960,67.361960,7642279
2013-12-17,67.361960,68.081343,67.216763,67.934911,67.934911,6804471
2013-12-18,67.934911,70.075223,67.704556,69.838414,69.838414,10729066
2013-12-19,69.838414,70.142298,69.204599,69.507042,69.507042,4407845
2013-12-20,69.507042,70.323657,69.325983,70.140946,70.140946,7144436
2013-12-23,70.140946,70.270800,69.234832,69.363246,69.363246,6013403
2013-12-24,69.363246,70.007968,69.308343,69.952598,69.952598,3049161
2013-12-25,69.952598,71.553267,69.493244,71.086468,71.086468,6145660
2013-12-26,71.086468,74.854955,71.055608,74.822473,74.822473,5966204
2013-12-27,74.822473,75.222665,74.484017,74.883931,74.883931,8012244
2013-12-30,74.883931,75.539596,74.740894,75.395582,75.395582,8337767
2013-12-31,75.395582,75.666986,74.130977,74.398793,74.398793,4734155
2014-01-01,74.398793,74.831903,71.336396,71.754110,71.754110,5377611
2014-01-02,71.754110,71.928361,71.397433,71.571240,71.571240,5307117
2014-01-03,71.571240,71.604280,70.286099,70.318562,70.318562,4061126
2014-01-06,70.318562,72.838733,69.969863,72.479319,72.479319,8059433
2014-01-07,72.479319,72.542040,71.159692,71.221324,71.221324,3612650
2014-01-08,71.221324,73.463875,70.942327,73.177216,73.177216,4538386
2014-01-09,73.177216,74.319706,72.692211,73.830372,73.830372,7230515
2014-01-10,73.830372,73.887003,73.666198,73.722747,73.722747,5263412
2014-01-13,73.722747,74.707604,73.487523,74.469995,74.469995,4579616
2014-01-14,74.469995,75.828298,74.338113,75.694248,75.694248,7467128
2014-01-15,75.694248,76.141464,74.943232,75.388643,75.388643,3108999
2014-01-16,75.388643,75.689962,75.018027,75.319068,75.319068,4534036
2014-01-17,75.319068,75.666827,73.738225,74.080265,74.080265,5970906
2014-01-20,74.080265,74.389614,73.125362,73.432004,73.432004,6839725
2014-01-21,73.432004,75.408299,73.010149,74.977565,74.977565,5764858
2014-01-22,74.977565,83.578007,74.674941,83.242027,83.242027,4503517
2014-01-23,83.242027,83.973240,82.674632,83.404736,83.404736,4635746
2014-01-24,83.404736,83.703133,83.229699,83.527837,83.527837,4298309
2014-01-27,83.527837,84.718620,82.701840,83.889051,83.889051,4566424
2014-01-28,83.889051,84.378373,83.750428,84.239171,84.239171,6281937
2014-01-29,84.239171,84.242872,82.342674,82.346291,82.346291,10203391
2014-01-30,82.346291,82.829531,81.336813,81.816946,81.816946,10909105
2014-01-31,81.816946,82.893696,81.540913,82.614971,82.614971,5790493
2014-02-03,82.614971,82.921993,81.456758,81.760605,81.760605,5792513
2014-02-04,81.760605,82.085353,81.407249,81.731883,81.731883,6221483
2014-02-05,81.731883,82.466625,81.539023,82.272490,82.272490,6817053
2014-02-06,82.272490,82.956885,81.891993,82.574990,82.574990,7133254
2014-02-07,82.574990,82.612522,82.316010,82.353442,82.353442,6913736
2014-02-10,82.353442,82.849340,79.812090,80.295596,80.295596,6757861
2014-02-11,80.295596,80.498346,79.642944,79.844555,79.844555,5327196
2014-02-12,79.844555,82.010669,79.799044,81.963950,81.963950,7264389
2014-02-13,81.963950,83.301358,81.613441,82.946647,82.946647,5913295
2014-02-14,82.946647,83.430593,81.624589,82.103617,82.103617,3583344
2014-02-17,82.103617,82.555237,81.836684,82.287705,82.287705,2768385
2014-02-18,82.287705,84.536102,81.630156,83.865941,83.865941,7869030
2014-02-19,83.865941,84.746960,83.863121,84.744110,84.744110,3725749
2014-02-20,84.744110,85.243941,84.218144,84.717821,84.717821,7215910
2014-02-21,84.717821,86.864739,84.293459,86.431791,86.431791,8514048
2014-02-24,86.431791,87.905044,86.328933,87.800557,87.800557,4691111
2014-02-25,87.800557,87.902427,87.254236,87.355590,87.355590,5225741
2014-02-26,87.355590,88.404963,87.292966,88.341633,88.341633,8332222
2014-02-27,88.341633,88.374472,86.463406,86.495559,86.495559,8155116
2014-02-28,86.495559,86.780904,85.349157,85.631653,85.631653,4198533
2014-03-03,85.631653,87.119832,85.127902,86.610324,86.610324,4517290
2014-03-04,86.610324,89.679145,86.290745,89.349458,89.349458,4529034
2014-03-05,89.349458,89.979661,87.253150,87.872938,87.872938,5308591
2014-03-06,87.872938,88.506362,85.383503,86.003450,86.003450,7427334
2014-03-07,86.003450,86.148705,85.518690,85.663370,85.663370,4453732
2014-03-10,85.663370,86.473577,85.519787,86.328879,86.328879,9383233
2014-03-11,86.328879,86.350538,84.445013,84.466205,84.466205,8036210
2014-03-12,84.466205,85.367204,84.310389,85.210017,85.210017,9627143
2014-03-13,85.210017,85.847118,83.908615,84.540712,84.540712,5012686
2014-03-14,84.540712,84.612121,83.386820,83.457314,83.457314,6337070
2014-03-17,83.457314,83.707946,80.784815,81.028152,81.028152,7825473
2014-03-18,81.028152,82.266603,80.857717,82.093926,82.093926,6393576
2014-03-19,82.093926,82.278982,80.701216,80.883543,80.883543,5492960
2014-03-20,80.883543,84.073013,80.438241,83.612686,83.612686,4500146
2014-03-21,83.612686,86.394561,83.080423,85.848068,85.848068,5378604
2014-03-24,85.848068,86.745950,85.777544,86.674746,86.674746,4504666
2014-03-25,86.674746,86.804347,86.507846,86.637391,86.637391,5587216
2014-03-26,86.637391,86.773110,85.859144,85.993855,85.993855,7681594
2014-03-27,85.993855,86.116876,83.782560,83.902589,83.902589,6333438
2014-03-28,83.902589,84.274779,83.736557,84.108340,84.108340,6515052
2014-03-31,84.108340,86.670291,83.601963,86.151612,86.151612,9670553
2014-04-01,86.151612,86.344973,86.015331,86.208601,86.208601,2573807
2014-04-02,86.208601,86.647675,85.972113,86.410633,86.410633,5331200
2014-04-03,86.410633,87.188438,83.838320,84.599825,84.599825,13850664
2014-04-04,84.599825,85.634122,83.723193,84.755872,84.755872,7768032
2014-04-07,84.755872,85.103862,81.986787,82.324794,82.324794,4870811
2014-04-08,82.324794,84.290663,81.526350,83.481005,83.481005,5713479
2014-04-09,83.481005,85.956160,83.426545,85.900121,85.900121,7507280
2014-04-10,85.900121,86.648279,85.494120,86.240668,86.240668,3685108
2014-04-11,86.240668,87.700146,86.009002,87.465190,87.465190,6773107
2014-04-14,87.465190,88.760944,87.042133,88.333685,88.333685,6537293
2014-04-15,88.333685,88.624974,85.249183,85.531230,85.531230,9483188
2014-04-16,85.531230,86.023319,85.147772,85.639376,85.639376,5841635
2014-04-17,85.639376,85.760269,85.417643,85.538393,85.538393,6254070
2014-04-18,85.538393,85.717564,82.767128,82.940858,82.940858,4117969
2014-04-21,82.940858,82.999142,82.006215,82.063883,82.063883,7863272
2014-04-22,82.063883,82.103627,81.327659,81.367065,81.367065,2484314
2014-04-23,81.367065,85.074745,81.221925,84.923261,84.923261,5942099
2014-04-24,84.923261,85.451941,84.502590,85.030737,85.030737,7812307
2014-04-25,85.030737,85.350273,83.881989,84.198397,84.198397,11452359
2014-04-28,84.198397,86.666730,83.312919,85.764779,85.764779,5148672
2014-04-29,85.764779,87.412659,85.059850,86.700043,86.700043,10985184
2014-04-30,86.700043,86.727495,85.016916,85.043844,85.043844,11871936
2014-05-01,85.043844,85.573289,84.430187,84.959104,84.959104,11796625
2014-05-02,84.959104,86.508157,84.922843,86.471250,86.471250,5937047
2014-05-05,86.471250,86.610393,86.005662,86.144279,86.144279,5362102
2014-05-06,86.144279,87.056667,85.884314,86.794739,86.794739,5571392
2014-05-07,86.794739,87.745113,86.717537,87.667134,87.667134,5438115
2014-05-08,87.667134,87.766458,87.417070,87.516223,87.516223,5670612
2014-05-09,87.516223,88.295082,87.073955,87.851121,87.851121,10277237
2014-05-12,87.851121,89.981435,87.737036,89.864735,89.864735,4314738
2014-05-13,89.864735,90.767052,89.641159,90.541792,90.541792,6269527
2014-05-14,90.541792,91.021674,90.194216,90.673592,90.673592,10314580
2014-05-15,90.673592,90.793739,90.636395,90.756507,90.756507,10202452
2014-05-16,90.756507,90.979074,90.124245,90.345805,90.345805,4344059
2014-05-19,90.345805,94.061055,90.274510,93.986887,93.986887,5870075
2014-05-20,93.986887,94.861373,93.614424,94.486928,94.486928,6561448
2014-05-21,94.486928,95.397956,94.368862,95.278900,95.278900,15445247
2014-05-22,95.278900,95.514531,94.091269,94.324541,94.324541,8118193
2014-05-23,94.324541,94.778616,94.100749,94.554279,94.554279,8388496
2014-05-26,94.554279,94.653655,92.601600,92.699026,92.699026,4746980
2014-05-27,92.699026,94.011446,92.368390,93.677321,93.677321,11696598
2014-05-28,93.677321,95.362509,93.611637,95.295690,95.295690,3197599
2014-05-29,95.295690,95.929791,88.543585,89.136704,89.136704,9452087
2014-05-30,89.136704,89.283897,87.945866,88.091333,88.091333,14537331
2014-06-02,88.091333,92.682863,87.584350,92.152508,92.152508,6455586
2014-06-03,92.152508,92.375194,92.028090,92.250644,92.250644,3441377
2014-06-04,92.250644,93.337844,91.909662,92.994115,92.994115,9683804
2014-06-05,92.994115,96.455588,92.661538,96.111861,96.111861,5946518
2014-06-06,96.111861,96.664057,94.845387,95.393455,95.393455,5138966
2014-06-09,95.393455,99.157871,94.974993,98.724795,98.724795,8988221
2014-06-10,98.724795,98.998768,97.200826,97.471320,97.471320,7256540
2014-06-11,97.471320,97.822951,95.288070,95.633069,95.633069,8321755
2014-06-12,95.633069,96.159643,93.356392,93.873276,93.873276,5490312
2014-06-13,93.873276,94.101945,92.771288,92.997824,92.997824,3290804
2014-06-16,92.997824,93.852634,92.487185,93.340115,93.340115,9995295
2014-06-17,93.340115,96.027934,93.324910,96.012294,96.012294,12422847
2014-06-18,96.012294,97.526617,95.392967,96.901554,96.901554,4712504
2014-06-19,96.901554,97.154640,96.122952,96.374662,96.374662,6405629
2014-06-20,96.374662,98.453188,96.282618,98.359249,98.359249,5563794
2014-06-23,98.359249,98.451783,96.984780,97.076108,97.076108,4790828
2014-06-24,97.076108,97.275617,95.965441,96.163074,96.163074,8246486
2014-06-25,96.163074,96.482791,94.890067,95.206604,95.206604,7382778
2014-06-26,95.206604,96.475409,94.786687,96.051765,96.051765,6775381
2014-06-27,96.051765,96.094062,94.437442,94.479047,94.479047,4204001
2014-06-30,94.479047,94.617510,94.245767,94.384090,94.384090,7570232
2014-07-01,94.384090,97.172627,93.859602,96.635627,96.635627,14195936
2014-07-02,96.635627,97.285805,93.663087,94.297534,94.297534,3490491
2014-07-03,94.297534,96.000942,94.115043,95.815513,95.815513,12423528
2014-07-04,95.815513,96.277377,95.043695,95.504058,95.504058,4690759
2014-07-07,95.504058,95.862934,92.943484,93.294055,93.294055,4525402
2014-07-08,93.294055,93.798028,90.890243,91.383898,91.383898,6914683
2014-07-09,91.383898,92.831980,91.295399,92.742166,92.742166,5154604
2014-07-10,92.742166,93.500146,92.185348,92.942128,92.942128,4164796
2014-07-11,92.942128,95.695299,92.422289,95.163039,95.163039,4950592
2014-07-14,95.163039,95.311671,92.971037,93.116473,93.116473,3356252
2014-07-15,93.116473,94.793477,93.009774,94.684981,94.684981,3266820
2014-07-16,94.684981,94.803167,93.210247,93.326737,93.326737,5207782
2014-07-17,93.326737,93.941886,92.192753,92.804460,92.804460,8539604
2014-07-18,92.804460,95.126736,92.160537,94.471247,94.471247,3405397
2014-07-21,94.471247,95.330466,93.984779,94.842088,94.842088,8290156
2014-07-22,94.842088,96.229765,94.698916,96.084718,96.084718,11774197
2014-07-23,96.084718,96.522964,95.953175,96.391002,96.391002,9075481
2014-07-24,96.391002,97.165813,96.152224,96.925710,96.925710,5181189
2014-07-25,96.925710,97.493463,96.859012,97.426420,97.426420,6110123
2014-07-28,97.426420,97.619066,96.912947,97.104958,97.104958,6576110
2014-07-29,97.104958,99.221553,96.824646,98.935955,98.935955,8359549
2014-07-30,98.935955,98.970525,98.751689,98.786207,98.786207,7481053
2014-07-31,98.786207,102.268294,98.382983,101.852554,101.852554,7952303
2014-08-01,101.852554,101.856665,101.233158,101.237244,101.237244,4120085
2014-08-04,101.237244,101.261514,97.876533,97.900002,97.900002,7982103
2014-08-05,97.900002,98.103395,96.509615,96.710536,96.710536,7841490
2014-08-06,96.710536,96.871350,95.218398,95.376994,95.376994,3801963
2014-08-07,95.376994,95.413761,93.704932,93.741068,93.741068,5507695
2014-08-08,93.741068,93.947915,92.365289,92.569550,92.569550,6645084
2014-08-11,92.569550,92.587840,91.489085,91.507165,91.507165,3821390
2014-08-12,91.507165,91.616264,91.486442,91.595521,91.595521,4600028
2014-08-13,91.595521,91.726857,91.200347,91.331304,91.331304,8024014
2014-08-14,91.331304,91.608353,91.105292,91.382215,91.382215,4654884
2014-08-15,91.382215,91.843601,89.954277,90.410758,90.410758,4663734
2014-08-18,90.410758,90.611623,90.070071,90.270625,90.270625,5729148
2014-08-19,90.270625,91.013189,88.802844,89.539392,89.539392,4261755
2014-08-20,89.539392,90.447327,89.484422,90.391833,90.391833,5705713
2014-08-21,90.391833,91.088385,87.367861,88.046338,88.046338,4746205
2014-08-22,88.046338,88.623316,87.952533,88.528997,88.528997,5540119
2014-08-25,88.528997,89.795511,88.470121,89.735833,89.735833,4805221
2014-08-26,89.735833,91.058024,89.663261,90.984442,90.984442,5921661
2014-08-27,90.984442,91.284521,90.334145,90.633065,90.633065,5176489
2014-08-28,90.633065,90.816249,90.097466,90.279936,90.279936,4491760
2014-08-29,90.279936,90.780447,88.585061,89.078914,89.078914,13844119
2014-09-01,89.078914,89.162683,88.121772,88.204719,88.204719,9755017
2014-09-02,88.204719,88.349160,87.259124,87.402251,87.402251,5748626
2014-09-03,87.402251,88.292620,87.312314,88.201860,88.201860,6029215
2014-09-04,88.201860,91.437451,87.979202,91.207206,91.207206,6644835
2014-09-05,91.207206,91.257163,90.577270,90.626909,90.626909,6117421
2014-09-08,90.626909,91.217854,89.443671,90.030728,90.030728,2920192
2014-09-09,90.030728,91.943037,89.577025,91.482021,91.482021,2912214
2014-09-10,91.482021,91.916106,90.676624,91.108939,91.108939,6028954
2014-09-11,91.108939,92.963897,90.856664,92.707196,92.707196,5851075
2014-09-12,92.707196,93.085183,92.449870,92.827523,92.827523,6662933
2014-09-15,92.827523,93.006950,90.827079,91.002979,91.002979,5309437
2014-09-16,91.002979,91.275564,89.154220,89.422070,89.422070,4821270
2014-09-17,89.422070,89.699839,88.284937,88.560029,88.560029,10426275
2014-09-18,88.560029,90.323216,88.343017,90.102425,90.102425,6208011
2014-09-19,90.102425,92.838494,90.101143,92.837173,92.837173,8322809
2014-09-22,92.837173,93.259056,91.699443,92.118058,92.118058,6173803
2014-09-23,92.118058,92.436748,91.806193,92.124860,92.124860,5346610
2014-09-24,92.124860,96.168360,91.810925,95.841759,95.841759,3653923
2014-09-25,95.841759,95.962045,94.437294,94.555966,94.555966,13481026
2014-09-26,94.555966,94.818618,92.335937,92.593137,92.593137,5465655
2014-09-29,92.593137,92.943180,91.587548,91.935103,91.935103,5787195
2014-09-30,91.935103,92.257908,91.637097,91.959821,91.959821,5564629
2014-10-01,91.959821,94.224542,91.642064,93.900080,93.900080,7262584
2014-10-02,93.900080,94.174215,92.882533,93.154491,93.154491,3061737
2014-10-03,93.154491,95.079618,92.872143,94.792305,94.792305,3604033
2014-10-06,94.792305,98.157959,94.670214,98.031695,98.031695,4208588
2014-10-07,98.031695,98.303687,97.916676,98.188485,98.188485,2710452
2014-10-08,98.188485,98.744090,95.408610,95.951558,95.951558,4090982
2014-10-09,95.951558,96.807387,93.911019,94.756186,94.756186,8745417
2014-10-10,94.756186,98.947769,94.291674,98.465075,98.465075,11223979
2014-10-13,98.465075,98.844359,95.371499,95.740287,95.740287,6487496
2014-10-14,95.740287,95.941874,94.226733,94.425552,94.425552,4331211
2014-10-15,94.425552,94.621837,91.620783,91.811635,91.811635,8672026
2014-10-16,91.811635,91.958823,90.916681,91.062668,91.062668,6070739
2014-10-17,91.062668,91.160592,90.733845,90.831521,90.831521,5994092
2014-10-20,90.831521,91.516429,90.735514,91.419799,91.419799,5910859
2014-10-21,91.419799,92.551739,90.699949,91.828669,91.828669,8344671
2014-10-22,91.828669,94.921700,91.369490,94.449416,94.449416,12101397
2014-10-23,94.449416,94.695182,91.930693,92.170529,92.170529,10072266
2014-10-24,92.170529,92.384439,91.498410,91.711254,91.711254,7898616
2014-10-27,91.711254,92.154454,91.433645,91.876346,91.876346,8961132
2014-10-28,91.876346,92.345706,91.738641,92.207505,92.207505,9006277
2014-10-29,92.207505,92.350852,91.716679,91.859485,91.859485,3912629
2014-10-30,91.859485,92.728369,91.418996,92.285835,92.285835,5649939
2014-10-31,92.285835,92.370769,91.923417,92.008095,92.008095,5982681
2014-11-03,92.008095,92.058944,91.047283,91.097628,91.097628,4405023
2014-11-04,91.097628,93.197881,90.475830,92.566060,92.566060,5619061
2014-11-05,92.566060,93.525441,92.361587,93.319304,93.319304,5448857
2014-11-06,93.319304,97.082752,93.245823,97.006368,97.006368,8754639
2014-11-07,97.006368,98.542767,96.515678,98.046814,98.046814,6371347
2014-11-10,98.046814,98.638690,97.964394,98.555842,98.555842,6209103
2014-11-11,98.555842,98.667473,97.024192,97.134213,97.134213,5254886
2014-11-12,97.134213,99.522695,96.376830,98.752692,98.752692,4199041
2014-11-13,98.752692,99.360278,98.326530,98.933337,98.933337,5471920
2014-11-14,98.933337,99.882443,97.101148,98.041701,98.041701,6461296
2014-11-17,98.041701,98.100788,96.956315,97.014783,97.014783,5739437
2014-11-18,97.014783,97.510200,95.494241,95.984396,95.984396,8173608
2014-11-19,95.984396,96.154004,93.893308,94.059515,94.059515,9775829
2014-11-20,94.059515,95.097409,93.699056,94.734364,94.734364,6913878
2014-11-21,94.734364,94.919472,94.551042,94.736147,94.736147,4522784
2014-11-24,94.736147,95.996134,94.422398,95.679262,95.679262,5063095
2014-11-25,95.679262,96.685187,95.423259,96.427183,96.427183,4613988
2014-11-26,96.427183,96.937221,96.054665,96.564174,96.564174,4785438
2014-11-27,96.564174,97.006148,95.686067,96.126036,96.126036,5740584
2014-11-28,96.126036,97.212835,96.124574,97.211356,97.211356,5743090
2014-12-01,97.211356,97.270482,94.430387,94.487856,94.487856,6211629
2014-12-02,94.487856,96.449119,94.450082,96.410576,96.410576,2872736
2014-12-03,96.410576,97.619161,95.874594,97.079460,97.079460,4495858
2014-12-04,97.079460,97.253050,96.971089,97.144605,97.144605,6657061
2014-12-05,97.144605,97.306641,96.010428,96.170839,96.170839,9340580
2014-12-08,96.170839,97.000870,95.876239,96.704635,96.704635,5788751
2014-12-09,96.704635,97.420913,96.666837,97.382850,97.382850,5060056
2014-12-10,97.382850,97.567708,96.026489,96.209119,96.209119,6600349
2014-12-11,96.209119,98.025819,96.012960,97.826363,97.826363,3978857
2014-12-12,97.826363,99.655217,97.467020,99.290496,99.290496,6386894
2014-12-15,99.290496,99.970299,97.804419,98.478664,98.478664,5496481
2014-12-16,98.478664,98.629002,96.358085,96.505411,96.505411,5165809
2014-12-17,96.505411,97.877765,95.964507,97.332227,97.332227,12881966
2014-12-18,97.332227,98.363413,97.138318,98.167839,98.167839,4233424
2014-12-19,98.167839,99.101670,97.814786,98.746536,98.746536,5454051
2014-12-22,98.746536,101.334332,98.469503,101.050834,101.050834,6508873
2014-12-23,101.050834,106.879793,100.089469,105.872556,105.872556,3587276
2014-12-24,105.872556,106.160374,102.849401,103.129763,103.129763,6645199
2014-12-25,103.129763,105.627554,102.936775,105.430261,105.430261,8244097
2014-12-26,105.430261,105.818458,104.798683,105.185981,105.185981,6662415
2014-12-29,105.185981,105.590506,104.670465,105.074561,105.074561,6695510
2014-12-30,105.074561,106.108773,104.676399,105.708210,105.708210,9195990
2014-12-31,105.708210,106.269921,105.451849,106.012820,106.012820,6408575
2015-01-01,106.012820,106.272291,103.545921,103.799975,103.799975,8379284
2015-01-02,103.799975,105.645736,102.823349,104.661009,104.661009,5268464
2015-01-05,104.661009,108.699115,104.514671,108.547343,108.547343,5224116
2015-01-06,108.547343,108.994112,106.594961,107.035507,107.035507,6040617
2015-01-07,107.035507,107.138494,106.870501,106.973428,106.973428,4167514
2015-01-08,106.973428,107.004293,105.314455,105.344851,105.344851,3395101
2015-01-09,105.344851,105.524980,105.159805,105.339925,105.339925,5767076
2015-01-12,105.339925,105.918513,104.565783,105.143291,105.143291,4082867
2015-01-13,105.143291,105.227417,104.473752,104.557409,104.557409,4827352
2015-01-14,104.557409,105.043078,104.431453,104.916689,104.916689,6056329
2015-01-15,104.916689,105.336383,104.224852,104.643452,104.643452,4094831
2015-01-16,104.643452,105.692076,104.410625,105.457437,105.457437,4120794
2015-01-19,105.457437,105.847978,103.813629,104.199511,104.199511,2410962
2015-01-20,104.199511,105.295097,104.023900,105.117938,105.117938,7139844
2015-01-21,105.117938,105.437845,105.117685,105.437591,105.437591,5319339
2015-01-22,105.437591,105.810598,104.996134,105.368898,105.368898,4472504
2015-01-23,105.368898,106.118850,104.302363,105.050046,105.050046,6119233
2015-01-26,105.050046,105.061485,104.484899,104.496278,104.496278,2808647
2015-01-27,104.496278,105.143406,104.119798,104.765954,104.765954,7910731
2015-01-28,104.765954,106.633361,104.371170,106.233049,106.233049,7531464
2015-01-29,106.233049,109.034025,106.012572,108.808204,108.808204,4626239
2015-01-30,108.808204,109.129427,106.570235,106.885783,106.885783,6933289
2015-02-02,106.885783,109.510550,106.483694,109.100131,109.100131,4226610
2015-02-03,109.100131,112.517530,108.932530,112.344944,112.344944,3329228
2015-02-04,112.344944,114.390635,112.082194,114.123725,114.123725,6149131
2015-02-05,114.123725,114.313223,113.884616,114.074031,114.074031,4671656
2015-02-06,114.074031,114.649257,113.805846,114.380351,114.380351,4145125
2015-02-09,114.380351,114.700413,114.066754,114.386798,114.386798,6440914
2015-02-10,114.386798,114.967648,111.837294,112.408097,112.408097,5754914
2015-02-11,112.408097,115.085506,112.135946,114.807545,114.807545,3567848
2015-02-12,114.807545,114.963634,114.700303,114.856347,114.856347,4302911
2015-02-13,114.856347,115.327698,111.534718,111.994325,111.994325,6211784
2015-02-16,111.994325,112.936554,110.257852,111.193343,111.193343,5156917
2015-02-17,111.193343,111.377557,110.425840,110.609086,110.609086,4426816
2015-02-18,110.609086,110.669070,107.655452,107.713866,107.713866,4065474
2015-02-19,107.713866,110.077259,107.642205,110.004074,110.004074,7482196
2015-02-20,110.004074,110.116674,108.973476,109.085136,109.085136,8588206
2015-02-23,109.085136,109.810640,107.449494,108.168904,108.168904,5607285
2015-02-24,108.168904,108.563269,107.184532,107.576738,107.576738,5335433
2015-02-25,107.576738,109.185571,107.529480,109.137627,109.137627,7127170
2015-02-26,109.137627,109.447755,106.806412,107.110781,107.110781,4904075
2015-02-27,107.110781,107.176191,105.984009,106.048771,106.048771,7236503
2015-03-02,106.048771,106.405738,103.479339,103.828834,103.828834,8256224
2015-03-03,103.828834,104.979843,103.748536,104.898718,104.898718,5631365
2015-03-04,104.898718,105.277522,103.518459,103.893634,103.893634,6079197
2015-03-05,103.893634,104.346919,103.037812,103.489334,103.489334,8820481
2015-03-06,103.489334,103.642284,102.599052,102.750911,102.750911,5370880
2015-03-09,102.750911,103.743532,102.382902,103.373294,103.373294,8795021
2015-03-10,103.373294,104.189854,100.229069,101.027096,101.027096,5006113
2015-03-11,101.027096,101.073617,99.224725,99.270436,99.270436,6156496
2015-03-12,99.270436,99.289757,98.434242,98.453403,98.453403,7166945
2015-03-13,98.453403,98.864372,95.063214,95.461694,95.461694,8995378
2015-03-16,95.461694,96.124261,93.613391,94.267670,94.267670,4947351
2015-03-17,94.267670,95.307417,94.227807,95.267132,95.267132,6486043
2015-03-18,95.267132,97.043645,95.087789,96.861301,96.861301,3757627
2015-03-19,96.861301,99.357197,96.038391,98.520193,98.520193,9411671
2015-03-20,98.520193,100.460218,98.489710,100.429144,100.429144,4352973
2015-03-23,100.429144,102.267411,100.311620,102.147876,102.147876,5944842
2015-03-24,102.147876,104.139891,101.979712,103.968729,103.968729,11084602
2015-03-25,103.968729,104.505874,103.894520,104.431335,104.431335,3390760
2015-03-26,104.431335,104.885450,103.809397,104.262779,104.262779,7636934
2015-03-27,104.262779,105.398671,103.886740,105.019901,105.019901,6591764
2015-03-30,105.019901,105.045721,104.805219,104.830993,104.830993,2789206
2015-03-31,104.830993,105.135977,102.479245,102.778257,102.778257,4688329
2015-04-01,102.778257,102.955349,100.777261,100.951205,100.951205,4623019
2015-04-02,100.951205,100.970869,100.507048,100.526629,100.526629,7756978
2015-04-03,100.526629,102.635840,100.207224,102.310767,102.310767,8153601
2015-04-06,102.310767,102.711501,102.088747,102.489094,102.489094,9360581
2015-04-07,102.489094,103.280694,102.479241,103.270766,103.270766,8859261
2015-04-08,103.270766,103.765705,101.416744,101.905138,101.905138,5041914
2015-04-09,101.905138,104.557544,101.787405,104.436887,104.436887,5761502
2015-04-10,104.436887,104.513754,103.095646,103.171582,103.171582,9346068
2015-04-13,103.171582,103.602082,103.065686,103.495854,103.495854,4425615
2015-04-14,103.495854,104.664570,103.176519,104.342623,104.342623,5786355
2015-04-15,104.342623,105.665740,104.206376,105.527946,105.527946,4633751
2015-04-16,105.527946,105.668741,103.464711,103.602938,103.602938,5276872
2015-04-17,103.602938,104.379602,103.273005,104.048252,104.048252,7879844
2015-04-20,104.048252,104.133167,103.952064,104.036970,104.036970,5985338
2015-04-21,104.036970,105.282193,103.998320,105.243095,105.243095,6090560
2015-04-22,105.243095,106.173501,104.841709,105.770104,105.770104,5113491
2015-04-23,105.770104,106.281528,104.487297,104.994973,104.994973,3047994
2015-04-24,104.994973,105.474388,103.728440,104.204244,104.204244,7266971
2015-04-27,104.204244,108.512748,104.003791,108.304408,108.304408,5165107
2015-04-28,108.304408,108.340141,108.050888,108.086550,108.086550,8322255
2015-04-29,108.086550,109.100268,107.903944,108.916260,108.916260,11999007
2015-04-30,108.916260,108.934606,107.475265,107.493371,107.493371,5916130
2015-05-01,107.493371,107.506902,106.528211,106.541622,106.541622,7843852
2015-05-04,106.541622,109.016857,105.628931,108.090894,108.090894,8629006
2015-05-05,108.090894,108.172514,106.647926,106.728517,106.728517,4914237
2015-05-06,106.728517,110.348110,106.458108,110.069237,110.069237,7307131
2015-05-07,110.069237,110.419973,107.081244,107.423550,107.423550,6233970
2015-05-08,107.423550,109.076787,106.967137,108.615310,108.615310,4013801
2015-05-11,108.615310,110.061595,108.240723,109.683325,109.683325,4627121
2015-05-12,109.683325,110.686623,109.203906,110.204925,110.204925,6019761
2015-05-13,110.204925,110.467767,108.198903,108.457577,108.457577,7557511
2015-05-14,108.457577,108.506696,108.341095,108.390183,108.390183,6792931
2015-05-15,108.390183,108.863119,106.226569,106.692095,106.692095,12314293
2015-05-18,106.692095,107.069736,103.834520,104.203352,104.203352,5273882
2015-05-19,104.203352,106.415384,103.809426,106.014611,106.014611,7825680
2015-05-20,106.014611,106.691570,105.949763,106.626349,106.626349,7411221
2015-05-21,106.626349,107.205615,106.372620,106.951114,106.951114,11634478
2015-05-22,106.951114,108.527162,106.625838,108.198094,108.198094,3842620
2015-05-25,108.198094,108.600121,106.434770,106.831721,106.831721,5514541
2015-05-26,106.831721,107.138020,106.358267,106.664085,106.664085,4822616
2015-05-27,106.664085,106.868159,105.224387,105.426092,105.426092,5923412
2015-05-28,105.426092,109.023018,105.049478,108.634941,108.634941,6187287
2015-05-29,108.634941,108.741811,107.169002,107.274534,107.274534,4755389
2015-06-01,107.274534,107.587694,105.840679,106.150557,106.150557,4330746
2015-06-02,106.150557,109.235719,105.761108,108.836417,108.836417,6077338
2015-06-03,108.836417,109.862526,108.800925,109.826711,109.826711,10407999
2015-06-04,109.826711,110.506706,109.480105,110.159051,110.159051,5145191
2015-06-05,110.159051,111.909623,109.971140,111.719051,111.719051,5296469
2015-06-08,111.719051,114.728699,111.007608,114.002713,114.002713,10076550
2015-06-09,114.002713,114.342476,113.451856,113.790988,113.790988,6074872
2015-06-10,113.790988,114.631706,113.569593,114.409109,114.409109,9787837
2015-06-11,114.409109,114.461748,114.158595,114.211143,114.211143,6241566
2015-06-12,114.211143,114.529896,114.104352,114.422907,114.422907,4590553
2015-06-15,114.422907,116.009824,113.378187,114.960198,114.960198,9066841
2015-06-16,114.960198,115.436840,114.286767,114.762589,114.762589,8527600
2015-06-17,114.762589,115.555928,113.898769,114.691618,114.691618,6415452
2015-06-18,114.691618,115.654684,113.944947,114.906614,114.906614,5492013
2015-06-19,114.906614,115.898435,112.741190,113.722793,113.722793,7490983
2015-06-22,113.722793,113.990174,112.425823,112.690778,112.690778,7907817
2015-06-23,112.690778,116.019100,112.673252,116.001060,116.001060,3524812
2015-06-24,116.001060,116.526766,114.160076,114.679794,114.679794,4609410
2015-06-25,114.679794,114.910902,112.888636,113.116594,113.116594,10562684
2015-06-26,113.116594,116.062488,112.805196,115.743858,115.743858,3799122
2015-06-29,115.743858,115.948175,115.020177,115.223576,115.223576,7690866
2015-06-30,115.223576,115.470819,113.653223,113.897620,113.897620,6868180
2015-07-01,113.897620,114.102113,111.565746,111.766413,111.766413,7635679
2015-07-02,111.766413,112.125960,111.203159,111.562048,111.562048,5681868
2015-07-03,111.562048,111.832409,108.791511,109.055799,109.055799,4768777
2015-07-06,109.055799,109.804971,108.903631,109.651971,109.651971,6940531
2015-07-07,109.651971,109.934367,109.117296,109.399041,109.399041,4427525
2015-07-08,109.399041,109.988436,109.065156,109.653774,109.653774,4701911
2015-07-09,109.653774,110.549430,104.521945,105.382715,105.382715,3598733
2015-07-10,105.382715,106.661716,105.052589,106.328626,106.328626,2483871
2015-07-13,106.328626,107.866695,105.693130,107.225836,107.225836,4025158
2015-07-14,107.225836,107.240825,106.874792,106.889735,106.889735,7012960
2015-07-15,106.889735,108.611478,106.766153,108.486051,108.486051,9486947
2015-07-16,108.486051,110.503508,108.399990,110.415916,110.415916,8115475
2015-07-17,110.415916,113.007619,109.671120,112.250450,112.250450,2657791
2015-07-20,112.250450,112.267268,112.154257,112.171063,112.171063,6642258
2015-07-21,112.171063,114.430400,111.501013,113.750913,113.750913,6113761
2015-07-22,113.750913,113.781463,113.095051,113.125433,113.125433,4417374
2015-07-23,113.125433,113.479558,111.572398,111.922758,111.922758,7775645
2015-07-24,111.922758,112.708758,111.707391,112.492295,112.492295,13430009
2015-07-27,112.492295,112.777524,109.514586,109.792971,109.792971,10569393
2015-07-28,109.792971,110.906942,109.757723,110.871348,110.871348,3857178
2015-07-29,110.871348,111.240652,109.050041,109.414492,109.414492,4411732
2015-07-30,109.414492,110.128546,105.828677,106.523866,106.523866,4649240
2015-07-31,106.523866,110.693559,106.240257,110.399630,110.399630,5209512
2015-08-03,110.399630,110.444419,109.438216,109.482632,109.482632,8111933
2015-08-04,109.482632,109.486992,108.888331,108.892667,108.892667,5850056
2015-08-05,108.892667,109.072003,107.551045,107.728464,107.728464,6326761
2015-08-06,107.728464,107.801151,106.486838,106.558736,106.558736,7277566
2015-08-07,106.558736,107.897005,106.273190,107.608645,107.608645,4379975
2015-08-10,107.608645,108.104025,105.354089,105.841333,105.841333,5858701
2015-08-11,105.841333,106.352749,105.586717,106.097517,106.097517,3676773
2015-08-12,106.097517,106.123793,105.651797,105.677969,105.677969,5721560
2015-08-13,105.677969,105.833474,105.573809,105.729264,105.729264,7354745
2015-08-14,105.729264,108.383930,105.588947,108.240281,108.240281,10568372
2015-08-17,108.240281,108.954925,108.113559,108.827515,108.827515,6834898
2015-08-18,108.827515,109.834712,107.922839,108.929190,108.929190,9077788
2015-08-19,108.929190,109.386590,106.487139,106.936170,106.936170,6857672
2015-08-20,106.936170,107.141089,105.447874,105.650328,105.650328,4223303
2015-08-21,105.650328,108.188783,105.408229,107.941433,107.941433,9212532
2015-08-24,107.941433,108.973799,107.699056,108.729652,108.729652,6587350
2015-08-25,108.729652,109.076521,106.893951,107.236056,107.236056,5244641
2015-08-26,107.236056,107.562332,104.626101,104.945408,104.945408,6699826
2015-08-27,104.945408,105.360606,103.953140,104.366046,104.366046,8468603
2015-08-28,104.366046,104.405511,102.777505,102.816384,102.816384,5912197
2015-08-31,102.816384,103.893503,102.483609,103.558326,103.558326,12080510
2015-09-01,103.558326,104.550804,102.701721,103.693084,103.693084,6829771
2015-09-02,103.693084,104.450263,103.469889,104.225921,104.225921,4616228
2015-09-03,104.225921,104.265429,102.575661,102.614558,102.614558,4797609
2015-09-04,102.614558,102.894421,102.415964,102.695670,102.695670,6196699
2015-09-07,102.695670,103.570497,100.615315,101.479784,101.479784,7904221
2015-09-08,101.479784,103.831367,101.131585,103.476318,103.476318,5215325
2015-09-09,103.476318,104.284075,103.294988,104.101649,104.101649,3407857
2015-09-10,104.101649,107.145897,103.129919,106.155000,106.155000,4859131
2015-09-11,106.155000,107.518393,103.879419,105.230944,105.230944,6713442
2015-09-14,105.230944,106.050109,103.691074,104.504585,104.504585,4939212
2015-09-15,104.504585,106.144339,103.675944,105.309317,105.309317,8370577
2015-09-16,105.309317,105.541939,101.102326,101.326149,101.326149,7705985
2015-09-17,101.326149,101.413294,100.998222,101.085160,101.085160,7284685
2015-09-18,101.085160,101.321227,100.661739,100.897368,100.897368,3725313
2015-09-21,100.897368,102.043234,100.607043,101.750454,101.750454,9710282
2015-09-22,101.750454,104.728821,101.623575,104.598390,104.598390,6467545
2015-09-23,104.598390,104.624110,98.131923,98.156059,98.156059,6829547
2015-09-24,98.156059,98.587510,95.811571,96.234576,96.234576,5584889
2015-09-25,96.234576,98.007783,96.007203,97.776766,97.776766,4094445
2015-09-28,97.776766,98.009541,97.677153,97.909793,97.909793,3641191
2015-09-29,97.909793,98.121466,96.706268,96.915792,96.915792,5277703
2015-09-30,96.915792,97.098125,96.135997,96.317204,96.317204,4472935
2015-10-01,96.317204,96.804369,95.659156,96.145452,96.145452,8090037
2015-10-02,96.145452,96.516586,95.905243,96.276051,96.276051,5909534
2015-10-05,96.276051,97.501842,95.942269,97.164978,97.164978,5200462
2015-10-06,97.164978,99.596934,96.633201,99.054814,99.054814,5164999
2015-10-07,99.054814,99.113322,96.923322,96.980604,96.980604,7190953
2015-10-08,96.980604,97.666531,94.455257,95.128081,95.128081,5774474
2015-10-09,95.128081,95.188862,94.660733,94.721254,94.721254,6520938
2015-10-12,94.721254,97.058121,94.562227,96.895444,96.895444,7669856
2015-10-13,96.895444,97.346789,96.090816,96.540507,96.540507,6937604
2015-10-14,96.540507,96.935369,96.355648,96.750109,96.750109,4424804
2015-10-15,96.750109,97.858567,96.393497,97.499194,97.499194,5613876
2015-10-16,97.499194,100.245059,97.363120,100.105348,100.105348,8070783
2015-10-19,100.105348,100.300358,96.815764,97.004734,97.004734,4698745
2015-10-20,97.004734,97.747672,96.799138,97.540940,97.540940,4070787
2015-10-21,97.540940,97.836738,95.923018,96.214795,96.214795,5943871
2015-10-22,96.214795,96.408380,96.048835,96.242371,96.242371,9267337
2015-10-23,96.242371,96.995534,95.761021,96.512831,96.512831,5682431
2015-10-26,96.512831,97.370134,94.466255,95.312899,95.312899,6333504
2015-10-27,95.312899,95.483757,92.861976,93.028739,93.028739,8710688
2015-10-28,93.028739,93.313708,91.442461,91.723432,91.723432,3923981
2015-10-29,91.723432,91.799262,91.552702,91.628454,91.628454,6514922
2015-10-30,91.628454,92.070444,90.374790,90.812847,90.812847,3439844
2015-11-02,90.812847,91.157029,88.882763,89.220911,89.220911,6327125
2015-11-03,89.220911,90.320733,89.058955,90.157077,90.157077,7419344
2015-11-04,90.157077,91.910702,89.859852,91.608691,91.608691,7212857
2015-11-05,91.608691,94.743638,91.126809,94.247873,94.247873,4792464
2015-11-06,94.247873,94.300761,94.146255,94.199116,94.199116,4696414
2015-11-09,94.199116,94.432849,92.572057,92.802324,92.802324,6795832
2015-11-10,92.802324,94.777204,92.626690,94.598172,94.598172,4925018
2015-11-11,94.598172,95.104385,94.382175,94.887726,94.887726,4528942
2015-11-12,94.887726,95.025654,94.774202,94.912101,94.912101,6009145
2015-11-13,94.912101,94.972752,92.386875,92.445950,92.445950,4681453
2015-11-16,92.445950,92.670766,90.428745,90.649191,90.649191,6473067
2015-11-17,90.649191,90.846483,90.628164,90.825415,90.825415,7523772
2015-11-18,90.825415,91.385507,89.427387,89.982280,89.982280,3932280
2015-11-19,89.982280,90.493398,88.459712,88.965052,88.965052,6230621
2015-11-20,88.965052,89.884688,87.028636,87.937652,87.937652,6261948
2015-11-23,87.937652,88.782288,83.958515,84.772752,84.772752,4348416
2015-11-24,84.772752,85.027708,83.860860,84.113834,84.113834,5438083
2015-11-25,84.113834,84.815358,83.702172,84.402284,84.402284,3069313
2015-11-26,84.402284,85.325830,83.955408,84.876443,84.876443,10073600
2015-11-27,84.876443,85.159407,83.382957,83.661872,83.661872,8607057
2015-11-30,83.661872,83.733436,82.644415,82.715170,82.715170,5264205
2015-12-01,82.715170,83.608129,82.639897,83.532113,83.532113,5180308
2015-12-02,83.532113,84.216491,82.692182,83.375275,83.375275,9883970
2015-12-03,83.375275,85.136414,83.020105,84.775280,84.775280,13031168
2015-12-04,84.775280,86.151720,84.085457,85.456354,85.456354,6698706
2015-12-07,85.456354,85.876771,83.096958,83.507788,83.507788,5182263
2015-12-08,83.507788,84.026632,82.068649,82.581740,82.581740,11110726
2015-12-09,82.581740,84.976810,82.044754,84.427820,84.427820,5477859
2015-12-10,84.427820,84.907891,84.199455,84.678847,84.678847,8421397
2015-12-11,84.678847,85.345299,83.665694,84.329395,84.329395,4736509
2015-12-14,84.329395,84.927993,82.451986,83.041442,83.041442,4462755
2015-12-15,83.041442,85.280455,82.716231,84.947778,84.947778,8627966
2015-12-16,84.947778,85.145439,84.466457,84.663457,84.663457,4699795
2015-12-17,84.663457,85.362124,84.412279,85.109622,85.109622,3344410
2015-12-18,85.109622,85.220437,84.195652,84.305419,84.305419,8928904
2015-12-21,84.305419,84.690405,82.450601,82.828844,82.828844,4864616
2015-12-22,82.828844,83.360174,81.576176,82.102848,82.102848,10383148
2015-12-23,82.102848,82.491093,82.038429,82.426419,82.426419,3419093
2015-12-24,82.426419,82.778354,82.280662,82.632233,82.632233,6310802
2015-12-25,82.632233,83.288743,82.420004,83.075376,83.075376,8254175
2015-12-28,83.075376,83.571443,82.896636,83.392021,83.392021,2987664
2015-12-29,83.392021,83.506499,83.323873,83.438312,83.438312,8932012
2015-12-30,83.438312,86.264600,82.942157,85.754672,85.754672,7345515
2015-12-31,85.754672,88.642385,85.621372,88.504810,88.504810,9290405
2016-01-01,88.504810,90.044917,87.883856,89.417558,89.417558,4820992
2016-01-04,89.417558,90.381190,89.308981,90.271576,90.271576,6212896
2016-01-05,90.271576,90.302154,90.072972,90.103494,90.103494,6521940
2016-01-06,90.103494,91.729907,89.735804,91.357102,91.357102,10892996
2016-01-07,91.357102,91.699765,90.509636,90.850399,90.850399,10911568
2016-01-08,90.850399,91.096581,88.964587,89.206315,89.206315,8419277
2016-01-11,89.206315,92.592076,88.438193,91.801606,91.801606,5474352
2016-01-12,91.801606,91.834472,89.936270,89.968479,89.968479,6572277
2016-01-13,89.968479,90.569766,89.680762,90.281049,90.281049,5083867
2016-01-14,90.281049,92.288050,89.684256,91.681996,91.681996,3730545
2016-01-15,91.681996,91.699744,90.817774,90.835359,90.835359,7543051
2016-01-18,90.835359,92.677940,90.820426,92.662707,92.662707,5730550
2016-01-19,92.662707,92.799553,92.415605,92.552289,92.552289,4017978
2016-01-20,92.552289,92.703510,91.509793,91.659556,91.659556,2241573
2016-01-21,91.659556,92.811918,91.598271,92.749905,92.749905,7680566
2016-01-22,92.749905,93.487444,92.578179,93.314673,93.314673,5784900
2016-01-25,93.314673,93.322334,91.808105,91.815643,91.815643,4632906
2016-01-26,91.815643,93.359686,91.213265,92.751170,92.751170,8065266
2016-01-27,92.751170,92.865673,91.282428,91.395257,91.395257,7094715
2016-01-28,91.395257,91.905032,90.187000,90.692857,90.692857,7803135
2016-01-29,90.692857,90.774945,88.686699,88.767044,88.767044,4188942
2016-02-01,88.767044,89.090529,88.249444,88.572219,88.572219,7816873
2016-02-02,88.572219,88.845062,86.821685,87.089962,87.089962,7555278
2016-02-03,87.089962,87.499363,86.801548,87.210550,87.210550,4711419
2016-02-04,87.210550,87.858332,85.772133,86.413999,86.413999,3082812
2016-02-05,86.413999,88.576963,86.001019,88.155659,88.155659,6090037
2016-02-08,88.155659,89.239043,86.879036,87.960016,87.960016,6673856
2016-02-09,87.960016,87.993634,87.877342,87.910941,87.910941,6260441
2016-02-10,87.910941,87.932887,87.222251,87.244030,87.244030,5917857
2016-02-11,87.244030,87.398484,87.009375,87.163687,87.163687,6598101
2016-02-12,87.163687,87.183923,86.887128,86.907305,86.907305,6999977
2016-02-15,86.907305,86.914935,86.771320,86.778940,86.778940,2838595
2016-02-16,86.778940,87.689473,85.706122,86.614934,86.614934,7704647
2016-02-17,86.614934,86.658306,86.590945,86.634311,86.634311,5717313
2016-02-18,86.634311,87.571883,86.448409,87.384371,87.384371,6351919
2016-02-19,87.384371,89.208024,87.187862,89.007864,89.007864,4388823
2016-02-22,89.007864,89.330013,84.836561,85.144728,85.144728,11436336
2016-02-23,85.144728,85.184122,83.573032,83.611717,83.611717,3681797
2016-02-24,83.611717,86.498351,83.307371,86.184640,86.184640,4654300
2016-02-25,86.184640,86.293975,85.979210,86.088423,86.088423,6108690
2016-02-26,86.088423,87.737233,85.673406,87.316297,87.316297,4833985
2016-02-29,87.316297,88.981445,87.171685,88.834319,88.834319,8495756
2016-03-01,88.834319,89.933425,88.828399,89.927432,89.927432,4322577
2016-03-02,89.927432,90.524726,89.818772,90.415476,90.415476,5269140
2016-03-03,90.415476,90.948865,90.056623,90.589322,90.589322,7332770
2016-03-04,90.589322,90.888473,89.444832,89.741182,89.741182,8079869
2016-03-07,89.741182,89.956973,89.723057,89.938808,89.938808,6993231
2016-03-08,89.938808,90.816860,86.876066,87.732579,87.732579,8204099
2016-03-09,87.732579,87.859433,87.619499,87.746336,87.746336,4147542
2016-03-10,87.746336,87.974324,87.366072,87.593663,87.593663,6582555
2016-03-11,87.593663,88.518457,87.458037,88.381611,88.381611,8954989
2016-03-14,88.381611,88.572083,88.011055,88.201138,88.201138,9847643
2016-03-15,88.201138,88.439889,86.535541,86.770419,86.770419,6211707
2016-03-16,86.770419,86.820093,84.781192,84.829756,84.829756,6133706
2016-03-17,84.829756,85.050131,84.803256,85.023571,85.023571,2717038
2016-03-18,85.023571,85.696585,84.791217,85.463030,85.463030,6163081
2016-03-21,85.463030,88.794864,85.386216,88.715127,88.715127,7614880
2016-03-22,88.715127,90.387835,88.456647,90.125247,90.125247,6930808
2016-03-23,90.125247,91.190172,89.896660,90.959468,90.959468,7259336
2016-03-24,90.959468,91.451535,90.145515,90.635830,90.635830,6254461
2016-03-25,90.635830,93.298728,90.355802,93.011360,93.011360,5681724
2016-03-28,93.011360,95.797080,92.637698,95.413767,95.413767,6095415
2016-03-29,95.413767,95.463323,94.571729,94.620874,94.620874,5008670
2016-03-30,94.620874,95.141690,93.564641,94.082493,94.082493,5909245
2016-03-31,94.082493,94.647450,90.883173,91.432216,91.432216,5445953
2016-04-01,91.432216,92.541415,91.392752,92.501490,92.501490,3572361
2016-04-04,92.501490,92.670848,92.155688,92.324723,92.324723,7429537
2016-04-05,92.324723,94.070858,92.273056,94.018243,94.018243,12203519
2016-04-06,94.018243,94.582985,93.598635,94.162732,94.162732,3028234
2016-04-07,94.162732,94.550522,93.991685,94.379082,94.379082,4554009
2016-04-08,94.379082,96.368492,93.547175,95.526471,95.526471,6777763
2016-04-11,95.526471,96.397503,95.369114,96.238972,96.238972,3022394
2016-04-12,96.238972,96.999625,96.095010,96.854742,96.854742,2759065
2016-04-13,96.854742,97.377934,95.247672,95.764977,95.764977,5509239
2016-04-14,95.764977,98.433206,95.670805,98.336505,98.336505,4155580
2016-04-15,98.336505,101.478535,98.060348,101.194353,101.194353,4843693
2016-04-18,101.194353,104.933802,100.980340,104.712350,104.712350,3753643
2016-04-19,104.712350,105.320708,101.414561,102.007202,102.007202,7220021
2016-04-20,102.007202,102.481650,101.954271,102.428501,102.428501,7455403
2016-04-21,102.428501,103.009611,101.999512,102.579988,102.579988,7276030
2016-04-22,102.579988,102.610758,101.724714,101.755236,101.755236,5511345
2016-04-25,101.755236,101.861232,101.108313,101.213745,101.213745,5450090
2016-04-26,101.213745,101.743443,100.986974,101.515994,101.515994,2957586
2016-04-27,101.515994,101.750229,97.744988,97.971044,97.971044,4598669
2016-04-28,97.971044,99.963618,97.706020,99.693934,99.693934,7865361
2016-04-29,99.693934,99.904270,99.617807,99.828042,99.828042,6665727
2016-05-02,99.828042,99.970368,98.888358,99.029546,99.029546,4566433
2016-05-03,99.029546,106.528197,98.813752,106.296567,106.296567,5274175
2016-05-04,106.296567,107.494971,106.247750,107.445626,107.445626,4110312
2016-05-05,107.445626,110.072988,107.410558,110.037075,110.037075,2364290
2016-05-06,110.037075,110.223185,109.938797,110.124828,110.124828,7001063
2016-05-09,110.124828,110.365163,108.479855,108.717118,108.717118,3758830
2016-05-10,108.717118,109.335831,108.264083,108.882109,108.882109,5374590
2016-05-11,108.882109,109.212000,107.349815,107.676051,107.676051,5135137
2016-05-12,107.676051,108.131443,107.280815,107.735987,107.735987,5972735
2016-05-13,107.735987,110.697787,107.013764,109.960650,109.960650,3303287
2016-05-16,109.960650,110.882443,109.442880,110.362780,110.362780,9481722
2016-05-17,110.362780,111.358781,110.256857,111.252004,111.252004,2688342
2016-05-18,111.252004,112.187041,111.131001,112.065153,112.065153,7005609
2016-05-19,112.065153,112.101706,110.557734,110.593808,110.593808,7584474
2016-05-20,110.593808,111.392172,109.993028,110.790325,110.790325,5758275
2016-05-23,110.790325,110.798709,110.751042,110.759423,110.759423,4554062
2016-05-24,110.759423,116.256252,110.244249,115.718014,115.718014,8465572
2016-05-25,115.718014,117.161839,115.686343,117.129781,117.129781,6291720
2016-05-26,117.129781,117.339037,115.898998,116.106426,116.106426,4302690
2016-05-27,116.106426,116.239561,113.699387,113.829911,113.829911,11005974
2016-05-30,113.829911,113.990150,113.493131,113.653121,113.653121,9770586
2016-05-31,113.653121,114.758790,113.353093,114.456641,114.456641,7031456
2016-06-01,114.456641,114.869566,113.402074,113.812676,113.812676,7708623
2016-06-02,113.812676,114.043643,113.276277,113.506623,113.506623,3885550
2016-06-03,113.506623,114.695517,110.174006,111.340208,111.340208,3383316
2016-06-06,111.340208,112.007109,108.518809,109.172727,109.172727,2647336
2016-06-07,109.172727,110.206766,104.730262,105.731710,105.731710,6936611
2016-06-08,105.731710,106.078428,104.460179,104.803854,104.803854,6462559
2016-06-09,104.803854,105.094561,102.255819,102.540247,102.540247,6598260
2016-06-10,102.540247,103.790606,102.117446,103.364406,103.364406,5474817
2016-06-13,103.364406,105.242409,102.481636,104.351211,104.351211,5815384
2016-06-14,104.351211,104.367310,103.670947,103.686944,103.686944,5166706
2016-06-15,103.686944,105.191892,103.396509,104.898065,104.898065,6246173
2016-06-16,104.898065,105.461169,102.583067,103.136715,103.136715,8062639
2016-06-17,103.136715,104.004321,103.045114,103.912031,103.912031,4691437
2016-06-20,103.912031,104.302969,102.562064,102.949380,102.949380,5883907
2016-06-21,102.949380,103.808132,102.789061,103.646727,103.646727,9787799
2016-06-22,103.646727,104.585532,103.399402,104.336560,104.336560,6139406
2016-06-23,104.336560,104.656247,102.952862,103.269279,103.269279,10466344
2016-06-24,103.269279,107.637485,103.260047,107.627864,107.627864,5385539
2016-06-27,107.627864,108.441689,104.880973,105.680069,105.680069,4308611
2016-06-28,105.680069,106.402554,105.677172,106.399637,106.399637,9788712
2016-06-29,106.399637,106.806408,105.382991,105.787421,105.787421,6723443
2016-06-30,105.787421,106.141205,104.961244,105.313442,105.313442,12886387
2016-07-01,105.313442,109.402546,104.889973,108.964396,108.964396,5325324
2016-07-04,108.964396,110.092508,107.324423,108.447180,108.447180,4316888
2016-07-05,108.447180,110.574762,107.928363,110.048285,110.048285,5858179
2016-07-06,110.048285,111.364981,107.814000,109.119584,109.119584,8166092
2016-07-07,109.119584,109.342990,108.249210,108.471288,108.471288,3913905
2016-07-08,108.471288,108.998620,108.217125,108.743818,108.743818,10436606
2016-07-11,108.743818,108.920725,107.347308,107.522227,107.522227,4463984
2016-07-12,107.522227,107.983165,106.043488,106.500045,106.500045,8046098
2016-07-13,106.500045,107.231992,106.331180,107.062236,107.062236,5673175
2016-07-14,107.062236,107.429565,103.829899,104.187364,104.187364,5209662
2016-07-15,104.187364,105.495839,103.812052,105.117178,105.117178,6223121
2016-07-18,105.117178,105.285340,104.579545,104.747116,104.747116,3908278
2016-07-19,104.747116,105.222725,101.744168,102.208249,102.208249,6291476
2016-07-20,102.208249,102.304473,101.613864,101.709617,101.709617,10145237
2016-07-21,101.709617,102.952982,101.552794,102.794485,102.794485,13654247
2016-07-22,102.794485,103.571045,102.273621,103.048892,103.048892,4207355
2016-07-25,103.048892,105.994548,102.603783,105.538685,105.538685,9605191
2016-07-26,105.538685,110.951522,105.294205,110.695097,110.695097,5654533
2016-07-27,110.695097,111.350660,109.015146,109.664606,109.664606,5766958
2016-07-28,109.664606,109.936086,109.633115,109.904526,109.904526,4596041
2016-07-29,109.904526,110.058512,108.460796,108.612972,108.612972,7756033
2016-08-01,108.612972,109.858867,107.897566,109.139989,109.139989,6054763
2016-08-02,109.139989,111.966948,109.133157,111.959940,111.959940,6798200
2016-08-03,111.959940,112.009814,110.235631,110.284759,110.284759,6363757
2016-08-04,110.284759,111.711566,109.818794,111.241558,111.241558,5890910
2016-08-05,111.241558,112.259001,110.684868,111.700016,111.700016,8683501
2016-08-08,111.700016,112.077603,110.207987,110.581794,110.581794,2660896
2016-08-09,110.581794,110.795376,110.430100,110.643597,110.643597,9772416
2016-08-10,110.643597,112.627396,110.611829,112.595068,112.595068,4262715
2016-08-11,112.595068,113.031832,111.695545,112.130507,112.130507,3916702
2016-08-12,112.130507,114.026782,111.520901,113.410219,113.410219,4605258
2016-08-15,113.410219,113.819642,113.173831,113.582894,113.582894,1849863
2016-08-16,113.582894,116.884585,112.732483,116.015957,116.015957,8275698
2016-08-17,116.015957,117.279749,115.808302,117.070207,117.070207,5791409
2016-08-18,117.070207,117.266443,115.858529,116.053060,116.053060,8152027
2016-08-19,116.053060,116.335490,116.018984,116.301342,116.301342,5992870
2016-08-22,116.301342,116.734968,115.809321,116.242728,116.242728,9273427
2016-08-23,116.242728,116.476241,114.696082,114.926951,114.926951,4866489
2016-08-24,114.926951,115.747944,114.873697,115.694335,115.694335,6707675
2016-08-25,115.694335,118.344724,115.274992,117.917324,117.917324,4011283
2016-08-26,117.917324,118.178770,115.332254,115.588536,115.588536,5404016
2016-08-29,115.588536,116.238679,115.017181,115.666937,115.666937,8403607
2016-08-30,115.666937,115.916370,114.948393,115.196812,115.196812,6259188
2016-08-31,115.196812,116.864394,114.718394,116.381057,116.381057,3800923
2016-09-01,116.381057,116.416912,110.581830,110.615908,110.615908,11408308
2016-09-02,110.615908,111.210220,108.014323,108.597792,108.597792,4908697
2016-09-05,108.597792,111.388961,108.413658,111.200415,111.200415,4707462
2016-09-06,111.200415,111.465038,108.581580,108.840587,108.840587,3502090
2016-09-07,108.840587,111.561274,108.034004,110.740611,110.740611,5953596
2016-09-08,110.740611,111.331068,110.697364,111.287608,111.287608,6635660
2016-09-09,111.287608,111.561153,110.853001,111.126150,111.126150,5611077
2016-09-12,111.126150,111.791993,110.009843,110.672971,110.672971,3675962
2016-09-13,110.672971,111.438843,109.192942,109.953838,109.953838,6271962
2016-09-14,109.953838,109.981677,109.559660,109.587407,109.587407,9676662
2016-09-15,109.587407,110.076676,108.866615,109.354846,109.354846,6887152
2016-09-16,109.354846,112.987418,108.648908,112.262708,112.262708,3006006
2016-09-19,112.262708,112.649255,110.507621,110.889439,110.889439,4092009
2016-09-20,110.889439,116.766949,110.755858,116.626458,116.626458,6241751
2016-09-21,116.626458,117.367962,113.910752,114.639625,114.639625,8584884
2016-09-22,114.639625,116.624519,113.418439,115.395283,115.395283,4731100
2016-09-23,115.395283,115.701767,113.884953,114.188231,114.188231,17022205
2016-09-26,114.188231,114.269526,111.285138,111.364424,111.364424,5726881
2016-09-27,111.364424,111.944237,111.181445,111.760608,111.760608,6756004
2016-09-28,111.760608,117.991629,110.988229,117.181785,117.181785,7942297
2016-09-29,117.181785,118.493851,117.154081,118.465843,118.465843,4385896
2016-09-30,118.465843,118.604757,114.562930,114.697426,114.697426,10138943
2016-10-03,114.697426,115.679759,113.928511,114.909423,114.909423,13178992
2016-10-04,114.909423,117.213339,114.535253,116.832906,116.832906,7069332
2016-10-05,116.832906,117.055253,115.234231,115.453954,115.453954,6473333
2016-10-06,115.453954,115.524122,115.090161,115.160151,115.160151,6524648
2016-10-07,115.160151,119.310653,114.928379,119.071010,119.071010,4097524
2016-10-10,119.071010,120.938855,118.461730,120.323168,120.323168,7737373
2016-10-11,120.323168,120.345907,118.873138,118.895608,118.895608,10085867
2016-10-12,118.895608,118.950455,115.569698,115.623035,115.623035,11248974
2016-10-13,115.623035,118.680688,114.856726,117.899293,117.899293,4888814
2016-10-14,117.899293,120.826336,117.723944,120.646900,120.646900,7655081
2016-10-17,120.646900,121.213449,119.246001,119.808613,119.808613,4937884
2016-10-18,119.808613,120.045749,117.356596,117.589339,117.589339,4802104
2016-10-19,117.589339,118.061119,117.468760,117.940180,117.940180,6546536
2016-10-20,117.940180,118.383120,116.647522,117.087259,117.087259,2191229
2016-10-21,117.087259,117.418797,117.074136,117.405638,117.405638,8468278
2016-10-24,117.405638,120.874162,117.220869,120.684233,120.684233,6136348
2016-10-25,120.684233,121.880840,120.259106,121.453005,121.453005,4677179
2016-10-26,121.453005,122.208879,117.249290,117.983572,117.983572,4050466
2016-10-27,117.983572,118.353376,115.795718,116.159806,116.159806,7101609
2016-10-28,116.159806,116.527276,115.713226,116.080445,116.080445,4003344
2016-10-31,116.080445,116.230280,115.265592,115.414568,115.414568,7368876
2016-11-01,115.414568,115.437338,113.255884,113.278232,113.278232,3390653
2016-11-02,113.278232,115.225215,112.540243,114.479401,114.479401,4396398
2016-11-03,114.479401,114.833437,114.073255,114.427130,114.427130,4233126
2016-11-04,114.427130,114.993852,112.904983,113.466950,113.466950,3766888
2016-11-07,113.466950,114.346155,112.249909,113.126476,113.126476,7682042
2016-11-08,113.126476,113.371628,110.492784,110.732747,110.732747,7097158
2016-11-09,110.732747,111.232606,110.576849,111.076223,111.076223,3793160
2016-11-10,111.076223,111.235671,111.032121,111.191523,111.191523,3565513
2016-11-11,111.191523,111.698599,110.760659,111.267441,111.267441,8488455
2016-11-14,111.267441,111.572325,110.334095,110.637253,110.637253,4479935
2016-11-15,110.637253,113.717727,109.858394,112.922779,112.922779,8520794
2016-11-16,112.922779,114.069072,112.609073,113.753059,113.753059,8116305
2016-11-17,113.753059,116.046555,113.352428,115.639281,115.639281,6024517
2016-11-18,115.639281,117.061308,114.918816,116.336498,116.336498,7015487
2016-11-21,116.336498,117.614838,116.318010,117.596150,117.596150,10023273
2016-11-22,117.596150,118.326778,117.467782,118.197753,118.197753,4016992
2016-11-23,118.197753,122.183193,117.937443,121.914697,121.914697,5959627
2016-11-24,121.914697,122.759861,121.702650,122.546715,122.546715,4312122
2016-11-25,122.546715,125.041241,122.029725,124.515944,124.515944,3396283
2016-11-28,124.515944,125.843782,123.919158,125.243509,125.243509,6820678
2016-11-29,125.243509,125.620286,122.443890,122.813357,122.813357,8274462
2016-11-30,122.813357,125.245911,122.632278,125.061518,125.061518,7376628
2016-12-01,125.061518,125.925193,123.556787,124.416005,124.416005,6421670
2016-12-02,124.416005,125.076057,121.369603,122.016927,122.016927,3282703
2016-12-05,122.016927,122.333707,121.331299,121.647119,121.647119,5016229
2016-12-06,121.647119,124.387694,120.988366,123.717728,123.717728,8555703
2016-12-07,123.717728,124.540073,123.031871,123.853463,123.853463,11286758
2016-12-08,123.853463,125.899515,123.843905,125.889800,125.889800,3339508
2016-12-09,125.889800,128.320652,125.602596,128.028569,128.028569,3908735
2016-12-12,128.028569,128.868641,127.980827,128.820605,128.820605,5040578
2016-12-13,128.820605,129.920540,128.665267,129.764064,129.764064,6989239
2016-12-14,129.764064,132.164187,129.116485,131.507906,131.507906,3176253
2016-12-15,131.507906,132.399219,131.480604,132.371739,132.371739,6763521
2016-12-16,132.371739,132.631286,131.960437,132.219686,132.219686,8856260
2016-12-19,132.219686,132.693151,131.893050,132.366153,132.366153,14438015
2016-12-20,132.366153,132.716576,131.815740,132.165632,132.165632,9257532
2016-12-21,132.165632,132.404964,128.617900,128.851230,128.851230,7715281
2016-12-22,128.851230,128.903390,124.765174,124.815701,124.815701,7684311
2016-12-23,124.815701,126.389713,124.478072,126.048749,126.048749,12822790
2016-12-26,126.048749,126.484276,125.452119,125.887088,125.887088,5759048
2016-12-27,125.887088,126.308619,124.074472,124.491330,124.491330,4032429
2016-12-28,124.491330,126.218385,123.932388,125.654223,125.654223,3347932
2016-12-29,125.654223,129.029331,125.585471,128.958772,128.958772,5017475
2016-12-30,128.958772,131.855541,128.877079,131.772066,131.772066,5144083
2017-01-02,131.772066,131.920555,131.030567,131.178387,131.178387,4004650
2017-01-03,131.178387,131.728021,130.944501,131.493572,131.493572,3440433
2017-01-04,131.493572,132.743863,131.228727,132.477037,132.477037,5549530
2017-01-05,132.477037,132.957268,130.568202,131.043236,131.043236,4930745
2017-01-06,131.043236,135.662669,130.888212,135.502370,135.502370,7248642
2017-01-09,135.502370,136.781619,135.164144,136.441050,136.441050,6505973
2017-01-10,136.441050,137.555686,136.164872,137.277815,137.277815,6425722
2017-01-11,137.277815,138.269552,135.461877,136.447617,136.447617,5107804
2017-01-12,136.447617,139.472643,136.404654,139.428741,139.428741,5236483
2017-01-13,139.428741,139.754368,139.266831,139.592268,139.592268,6798108
2017-01-16,139.592268,142.767140,138.471720,141.630233,141.630233,4353907
2017-01-17,141.630233,143.097600,140.974831,142.438458,142.438458,4903601
2017-01-18,142.438458,142.566867,142.358135,142.486517,142.486517,4266023
2017-01-19,142.486517,143.765422,141.813710,143.089766,143.089766,6372827
2017-01-20,143.089766,144.155860,142.815939,143.880519,143.880519,5555343
2017-01-23,143.880519,147.997508,143.616135,147.726057,147.726057,5099139
2017-01-24,147.726057,148.106709,146.824105,147.203410,147.203410,7613558
2017-01-25,147.203410,147.508292,146.156505,146.459848,146.459848,5819069
2017-01-26,146.459848,150.141389,146.131628,149.805671,149.805671,5562972
2017-01-27,149.805671,150.060116,147.013833,147.263961,147.263961,5154363
2017-01-30,147.263961,147.891447,145.726840,146.350434,146.350434,3888826
2017-01-31,146.350434,150.644123,145.799009,150.078651,150.078651,5011638
2017-02-01,150.078651,150.217523,149.650166,149.788770,149.788770,5646858
2017-02-02,149.788770,153.946588,149.180838,153.324307,153.324307,5686613
2017-02-03,153.324307,153.677177,149.299665,149.644066,149.644066,5017292
2017-02-06,149.644066,150.858069,146.818541,148.019364,148.019364,9292175
2017-02-07,148.019364,153.270798,147.390168,152.622036,152.622036,6424268
2017-02-08,152.622036,155.947279,151.853268,155.165698,155.165698,2962068
2017-02-09,155.165698,157.392688,154.850536,157.073652,157.073652,7191478
2017-02-10,157.073652,157.244674,156.961489,157.132470,157.132470,9681227
2017-02-13,157.132470,157.337370,155.508874,155.711922,155.711922,7127504
2017-02-14,155.711922,159.877336,155.148262,159.300685,159.300685,7261514
2017-02-15,159.300685,159.813455,157.833111,158.342797,158.342797,3773828
2017-02-16,158.342797,158.478712,150.887981,151.017608,151.017608,3449040
2017-02-17,151.017608,158.366537,150.556904,157.884884,157.884884,3731984
2017-02-20,157.884884,158.227599,157.563839,157.906510,157.906510,4797213
2017-02-21,157.906510,165.581444,156.577346,164.199311,164.199311,4605148
2017-02-22,164.199311,167.252003,163.773712,166.819612,166.819612,10095425
2017-02-23,166.819612,167.400058,159.318712,159.874994,159.874994,6355242
2017-02-24,159.874994,162.485218,159.234516,161.836880,161.836880,8061464
2017-02-27,161.836880,164.185000,161.627538,163.972895,163.972895,6785971
2017-02-28,163.972895,165.025003,160.050335,161.083905,161.083905,3687796
2017-03-01,161.083905,162.217368,160.931342,162.063876,162.063876,5706632
2017-03-02,162.063876,167.242554,161.816798,166.987969,166.987969,5061210
2017-03-03,166.987969,167.192566,165.775047,165.978407,165.978407,2875818
2017-03-06,165.978407,170.580329,164.912404,169.491762,169.491762,6103561
2017-03-07,169.491762,172.061609,169.164046,171.729566,171.729566,7899270
2017-03-08,171.729566,172.615378,169.112556,169.989392,169.989392,7923258
2017-03-09,169.989392,170.614674,168.833882,169.457206,169.457206,6607466
2017-03-10,169.457206,170.340418,163.322433,164.178131,164.178131,8221198
2017-03-13,164.178131,166.062799,162.761863,164.642525,164.642525,5755272
2017-03-14,164.642525,165.061460,162.252070,162.665975,162.665975,5331410
2017-03-15,162.665975,170.677833,161.671241,169.640449,169.640449,7064294
2017-03-16,169.640449,171.824802,168.735827,170.913392,170.913392,8764689
2017-03-17,170.913392,172.801974,170.056846,171.940281,171.940281,3491086
2017-03-20,171.940281,172.352988,169.873253,170.281980,170.281980,6438494
2017-03-21,170.281980,171.340950,169.508452,170.566132,170.566132,10047140
2017-03-22,170.566132,170.970383,166.860306,167.256714,167.256714,9908017
2017-03-23,167.256714,170.405718,167.043268,170.188531,170.188531,3889564
2017-03-24,170.188531,170.729262,169.234580,169.773994,169.773994,6712257
2017-03-27,169.773994,170.501720,168.369568,169.094380,169.094380,5264058
2017-03-28,169.094380,173.719283,168.572728,173.185012,173.185012,9683445
2017-03-29,173.185012,177.824883,172.775836,177.405735,177.405735,4251243
2017-03-30,177.405735,177.801123,171.122815,171.505052,171.505052,5359121
2017-03-31,171.505052,177.174510,170.906900,176.558732,176.558732,5922773
2017-04-03,176.558732,180.720794,176.265318,180.420961,180.420961,11482332
2017-04-04,180.420961,180.823645,177.890860,178.288786,178.288786,6041615
2017-04-05,178.288786,178.903098,172.886267,173.484024,173.484024,4968715
2017-04-06,173.484024,177.561242,172.884542,176.949784,176.949784,7261992
2017-04-07,176.949784,178.052529,174.880925,175.977611,175.977611,5336973
2017-04-10,175.977611,178.314773,175.742137,178.076491,178.076491,7558993
2017-04-11,178.076491,180.583936,176.642265,179.141136,179.141136,3208069
2017-04-12,179.141136,180.846189,178.211928,179.912977,179.912977,2739556
2017-04-13,179.912977,181.726720,179.323145,181.132888,181.132888,3084094
2017-04-14,181.132888,182.198533,176.726541,177.772416,177.772416,4631254
2017-04-17,177.772416,178.379292,175.003411,175.602881,175.602881,7666498
2017-04-18,175.602881,175.798426,175.546478,175.741979,175.741979,9943313
2017-04-19,175.741979,179.489761,175.614284,179.359438,179.359438,4991497
2017-04-20,179.359438,180.456357,179.325491,180.422209,180.422209,4802273
2017-04-21,180.422209,181.522660,175.512897,176.589974,176.589974,2884189
2017-04-24,176.589974,176.655018,175.934140,175.998967,175.998967,5486042
2017-04-25,175.998967,176.267314,174.602651,174.869276,174.869276,5868709
2017-04-26,174.869276,177.971368,174.073709,177.165354,177.165354,7987342
2017-04-27,177.165354,177.508566,176.987933,177.330979,177.330979,10443265
2017-04-28,177.330979,177.340953,175.922355,175.932251,175.932251,3749317
2017-05-01,175.932251,176.928105,174.777113,175.772060,175.772060,11659825
2017-05-02,175.772060,176.125950,173.371350,173.721111,173.721111,5673137
2017-05-03,173.721111,176.229382,173.417266,175.921688,175.921688,16472872
2017-05-04,175.921688,177.759605,175.285733,177.119321,177.119321,6190166
2017-05-05,177.119321,177.523440,173.608252,174.005267,174.005267,6914016
2017-05-08,174.005267,174.845758,169.868517,170.693009,170.693009,6167431
2017-05-09,170.693009,177.027862,169.599092,175.900571,175.900571,11231661
2017-05-10,175.900571,176.901765,175.035957,176.036482,176.036482,5654732
2017-05-11,176.036482,176.786377,173.466078,174.208185,174.208185,7146317
2017-05-12,174.208185,176.588471,173.164136,175.536462,175.536462,6407612
2017-05-15,175.536462,175.820027,173.296695,173.577095,173.577095,5962640
2017-05-16,173.577095,174.683625,168.018280,169.096246,169.096246,6822101
2017-05-17,169.096246,169.740892,167.249272,167.889317,167.889317,5274575
2017-05-18,167.889317,170.119792,167.853650,170.083658,170.083658,3166980
2017-05-19,170.083658,173.643123,169.855245,173.410242,173.410242,6048385
2017-05-22,173.410242,176.226647,172.069742,174.874825,174.874825,6744470
2017-05-23,174.874825,181.475760,174.010107,180.582817,180.582817,5087492
2017-05-24,180.582817,181.280279,178.597882,179.290352,179.290352,11015068
2017-05-25,179.290352,183.412427,179.280156,183.401997,183.401997,3547983
2017-05-26,183.401997,184.522396,178.902220,180.001847,180.001847,5414918
2017-05-29,180.001847,181.342576,179.472763,180.811113,180.811113,5221538
2017-05-30,180.811113,183.079640,180.418641,182.683104,182.683104,5844498
2017-05-31,182.683104,183.524681,180.439380,181.274467,181.274467,6520845
2017-06-01,181.274467,183.701419,181.100968,183.525764,183.525764,6844736
2017-06-02,183.525764,183.824761,181.637299,181.933702,181.933702,5755090
2017-06-05,181.933702,184.878269,181.498221,184.436797,184.436797,4962514
2017-06-06,184.436797,186.890993,184.172902,186.623969,186.623969,7307022
2017-06-07,186.623969,190.108634,185.951518,189.426086,189.426086,6595373
2017-06-08,189.426086,190.329136,185.319951,186.207657,186.207657,5703557
2017-06-09,186.207657,186.313269,184.051840,184.156289,184.156289,7377395
2017-06-12,184.156289,187.460759,183.473823,186.768612,186.768612,5015118
2017-06-13,186.768612,187.132747,180.886305,181.239660,181.239660,6441181
2017-06-14,181.239660,181.497891,173.966867,174.215089,174.215089,5821957
2017-06-15,174.215089,175.020217,173.762954,174.567168,174.567168,9007074
2017-06-16,174.567168,174.877136,170.005603,170.308008,170.308008,4495469
2017-06-19,170.308008,171.915048,165.594017,167.171461,167.171461,7907449
2017-06-20,167.171461,167.517668,164.415030,164.756236,164.756236,5458899
2017-06-21,164.756236,165.648928,160.765192,161.641005,161.641005,6744020
2017-06-22,161.641005,165.410323,160.858905,164.613839,164.613839,11053082
2017-06-23,164.613839,165.197562,162.152178,162.729218,162.729218,5052258
2017-06-26,162.729218,169.149515,162.589105,169.003999,169.003999,4463032
2017-06-27,169.003999,171.618993,168.573032,171.182470,171.182470,5999226
2017-06-28,171.182470,171.970237,167.636117,168.411131,168.411131,7070754
2017-06-29,168.411131,168.831980,167.806269,168.226656,168.226656,7038668
2017-06-30,168.226656,170.075380,168.091060,169.938404,169.938404,4037213
2017-07-03,169.938404,172.054234,169.669859,171.782774,171.782774,4887369
2017-07-04,171.782774,172.071793,170.508096,170.795454,170.795454,6787507
2017-07-05,170.795454,173.407906,170.706092,173.317225,173.317225,4559761
2017-07-06,173.317225,173.384538,171.778023,171.844764,171.844764,3189836
2017-07-07,171.844764,172.008581,166.943502,167.102799,167.102799,15210550
2017-07-10,167.102799,168.364805,165.442774,166.701751,166.701751,5769966
2017-07-11,166.701751,167.533460,164.730820,165.556817,165.556817,7788507
2017-07-12,165.556817,165.834014,165.531887,165.809047,165.809047,5312363
2017-07-13,165.809047,168.118109,165.163430,167.466040,167.466040,9553520
2017-07-14,167.466040,168.823763,163.775459,165.114114,165.114114,9451182
2017-07-17,165.114114,165.734687,164.055699,164.674620,164.674620,8001507
2017-07-18,164.674620,165.209287,162.423402,162.952478,162.952478,5425313
2017-07-19,162.952478,167.395613,162.756353,167.194382,167.194382,7352227
2017-07-20,167.194382,169.052820,167.023224,168.879936,168.879936,6098937
2017-07-21,168.879936,174.766228,168.320416,174.189118,174.189118,8325369
2017-07-24,174.189118,174.520667,172.762000,173.091459,173.091459,9154342
2017-07-25,173.091459,173.146540,170.728885,170.783231,170.783231,2329874
2017-07-26,170.783231,172.278489,169.825511,171.317772,171.317772,10416464
2017-07-27,171.317772,171.752743,171.289070,171.723973,171.723973,4893148
2017-07-28,171.723973,172.371860,168.902093,169.541747,169.541747,5628843
2017-07-31,169.541747,171.065175,169.366043,170.888075,170.888075,7433657
2017-08-01,170.888075,171.099453,169.864872,170.075245,170.075245,4970851
2017-08-02,170.075245,170.450588,167.480467,167.850902,167.850902,11101180
2017-08-03,167.850902,172.357043,167.464814,171.961499,171.961499,3368942
2017-08-04,171.961499,172.376483,170.269957,170.681853,170.681853,2882692
2017-08-07,170.681853,171.358946,167.703626,168.371555,168.371555,5791261
2017-08-08,168.371555,169.252483,164.080984,164.943979,164.943979,4730401
2017-08-09,164.943979,167.449993,163.742983,166.239563,166.239563,5021168
2017-08-10,166.239563,166.776643,161.685575,162.209635,162.209635,4322997
2017-08-11,162.209635,164.025850,160.782515,162.595335,162.595335,4293490
2017-08-14,162.595335,169.076506,161.965844,168.424446,168.424446,4068614
2017-08-15,168.424446,169.888098,167.646725,169.107224,169.107224,4569905
2017-08-16,169.107224,169.473400,164.507660,164.864649,164.864649,2326248
2017-08-17,164.864649,167.747401,163.883909,166.755414,166.755414,6533776
2017-08-18,166.755414,166.969639,165.671442,165.884548,165.884548,10062738
2017-08-21,165.884548,166.537991,164.026097,164.674774,164.674774,4972760
2017-08-22,164.674774,165.610891,164.162635,165.097437,165.097437,4644203
2017-08-23,165.097437,165.768444,159.886071,160.538549,160.538549,10515441
2017-08-24,160.538549,163.274185,159.793887,162.520331,162.520331,7223484
2017-08-25,162.520331,163.960593,162.422915,163.862373,163.862373,4517967
2017-08-28,163.862373,166.573427,163.582095,166.288999,166.288999,4414252
2017-08-29,166.288999,168.372701,165.318415,167.395658,167.395658,3636558
2017-08-30,167.395658,167.711916,166.263241,166.577954,166.577954,7096541
2017-08-31,166.577954,169.355447,165.554124,168.320905,168.320905,4861888
2017-09-01,168.320905,169.639813,167.834490,169.150999,169.150999,5251685
2017-09-04,169.150999,173.736084,169.112479,173.696528,173.696528,4126158
2017-09-05,173.696528,176.317901,172.403459,175.015017,175.015017,11398122
2017-09-06,175.015017,176.795366,174.704983,176.482732,176.482732,10318744
2017-09-07,176.482732,176.502762,174.827860,174.847704,174.847704,4145873
2017-09-08,174.847704,176.165779,173.945896,175.261835,175.261835,7593481
2017-09-11,175.261835,178.162789,173.904056,176.793147,176.793147,12437795
2017-09-12,176.793147,180.452331,175.536158,179.178383,179.178383,3807623
2017-09-13,179.178383,180.621438,178.986464,180.428181,180.428181,4303692
2017-09-14,180.428181,180.808304,180.002249,180.382276,180.382276,6504665
2017-09-15,180.382276,181.629146,179.018894,180.264954,180.264954,6683666
2017-09-18,180.264954,180.609147,179.720882,180.064694,180.064694,8604535
2017-09-19,180.064694,180.332572,178.208333,178.473844,178.473844,5135287
2017-09-20,178.473844,179.379170,178.351620,179.256409,179.256409,6993535
2017-09-21,179.256409,184.060834,178.549108,183.337430,183.337430,6605348
2017-09-22,183.337430,186.717091,182.368582,185.735571,185.735571,3357550
2017-09-25,185.735571,186.278826,185.700013,186.243172,186.243172,7102108
2017-09-26,186.243172,187.168574,184.361360,185.281987,185.281987,8862413
2017-09-27,185.281987,187.434955,184.762469,186.910870,186.910870,8966939
2017-09-28,186.910870,187.115186,185.657995,185.861163,185.861163,9511295
2017-09-29,185.861163,186.317121,185.286803,185.742469,185.742469,3150282
2017-10-02,185.742469,186.102719,185.640929,186.001038,186.001038,6159475
2017-10-03,186.001038,186.101685,183.734273,183.833747,183.833747,3681202
2017-10-04,183.833747,185.893816,183.371785,185.427848,185.427848,8090062
2017-10-05,185.427848,185.604610,182.491865,182.665993,182.665993,8539270
2017-10-06,182.665993,183.379088,182.647873,183.360899,183.360899,5871977
2017-10-09,183.360899,184.742512,183.184365,184.564818,184.564818,3473970
2017-10-10,184.564818,186.354278,183.846969,185.632277,185.632277,6587222
2017-10-11,185.632277,187.306781,181.280557,182.930692,182.930692,5862254
2017-10-12,182.930692,184.436419,176.035621,177.496620,177.496620,4651297
2017-10-13,177.496620,178.063522,177.043362,177.609974,177.609974,3483264
2017-10-16,177.609974,181.986303,177.092427,181.457545,181.457545,6914188
2017-10-17,181.457545,185.948868,180.895495,185.374686,185.374686,5215540
2017-10-18,185.374686,186.046165,184.840808,185.511891,185.511891,3197820
2017-10-19,185.511891,186.646147,181.781231,182.899514,182.899514,3336135
2017-10-20,182.899514,184.945342,177.591864,179.600794,179.600794,8822800
2017-10-23,179.600794,183.265820,179.209554,182.867463,182.867463,7328919
2017-10-24,182.867463,184.449439,179.068842,180.631474,180.631474,4319905
2017-10-25,180.631474,181.243521,178.452317,179.059036,179.059036,5521541
2017-10-26,179.059036,179.499160,175.934736,176.368247,176.368247,6039273
2017-10-27,176.368247,178.129463,175.937635,177.695610,177.695610,5853216
2017-10-30,177.695610,179.818811,177.140336,179.258653,179.258653,4343721
2017-10-31,179.258653,180.013396,172.959034,173.690333,173.690333,5972671
2017-11-01,173.690333,174.890830,169.329835,170.508339,170.508339,9247026
2017-11-02,170.508339,172.347373,170.178877,172.015000,172.015000,4420220
2017-11-03,172.015000,173.520179,171.709645,173.212697,173.212697,8296731
2017-11-06,173.212697,174.913596,173.151640,174.851961,174.851961,5694893
2017-11-07,174.851961,176.243762,171.965647,173.345457,173.345457,4962551
2017-11-08,173.345457,180.256193,172.095750,178.965966,178.965966,5216003
2017-11-09,178.965966,179.078985,177.697705,177.809994,177.809994,7090227
2017-11-10,177.809994,181.032684,177.077353,180.289825,180.289825,8574215
2017-11-13,180.289825,183.224594,179.741569,182.669102,182.669102,6182805
2017-11-14,182.669102,183.907324,181.534304,182.771887,182.771887,6486424
2017-11-15,182.771887,183.207314,181.355810,181.788894,181.788894,6278232
2017-11-16,181.788894,182.843864,177.630303,178.667157,178.667157,6189329
2017-11-17,178.667157,179.122378,175.817298,176.266402,176.266402,4726051
2017-11-20,176.266402,177.092183,175.917707,176.742546,176.742546,10129195
2017-11-21,176.742546,181.048456,176.096440,180.389021,180.389021,4634887
2017-11-22,180.389021,193.717351,180.245286,193.563119,193.563119,3047744
2017-11-23,193.563119,194.473420,190.233771,191.132641,191.132641,3232893
2017-11-24,191.132641,191.439210,189.057969,189.361697,189.361697,11192287
2017-11-27,189.361697,189.700724,187.202615,187.538377,187.538377,4188049
2017-11-28,187.538377,187.640298,186.355966,186.457299,186.457299,10541190
2017-11-29,186.457299,187.443773,185.381674,186.367674,186.367674,5798839
2017-11-30,186.367674,189.941239,185.516352,189.077538,189.077538,3046577
2017-12-01,189.077538,191.529213,188.536144,190.982364,190.982364,5539454
2017-12-04,190.982364,192.449569,188.207188,189.664267,189.664267,6217384
2017-12-05,189.664267,191.198688,188.161922,189.696091,189.696091,7934287
2017-12-06,189.696091,193.098819,188.622123,192.011741,192.011741,4773517
2017-12-07,192.011741,194.310692,191.447905,193.741776,193.741776,11776353
2017-12-08,193.741776,196.481422,192.773016,195.503852,195.503852,9127091
2017-12-11,195.503852,196.112124,191.276912,191.873890,191.873890,4004243
2017-12-12,191.873890,193.924456,189.720277,191.769730,191.769730,2580470
2017-12-13,191.769730,194.319128,190.696800,193.237983,193.237983,13443458
2017-12-14,193.237983,193.888721,191.161826,191.807748,191.807748,5340888
2017-12-15,191.807748,192.060126,190.534200,190.785232,190.785232,7622187
2017-12-18,190.785232,193.022230,190.334056,192.566841,192.566841,7522561
2017-12-19,192.566841,196.648393,192.061694,196.133890,196.133890,7357046
2017-12-20,196.133890,196.583063,194.425410,194.871692,194.871692,6572239
2017-12-21,194.871692,198.231742,193.718697,197.065765,197.065765,6040736
2017-12-22,197.065765,197.255162,194.721071,194.908395,194.908395,6212810
2017-12-25,194.908395,199.311879,194.540064,198.935937,198.935937,8023717
2017-12-26,198.935937,199.575817,196.382300,197.016005,197.016005,4580931
2017-12-27,197.016005,199.734290,196.016802,198.726413,198.726413,5425734
2017-12-28,198.726413,204.904869,198.073740,204.234106,204.234106,7404778
2017-12-29,204.234106,204.943617,201.942756,202.646752,202.646752,3867164
2018-01-01,202.646752,205.044174,202.072902,204.465174,204.465174,10575344
2018-01-02,204.465174,208.619749,204.281154,208.432159,208.432159,8077451
2018-01-03,208.432159,209.105956,208.134180,208.807441,208.807441,8640180
2018-01-04,208.807441,214.596420,208.450166,214.229867,214.229867,5860244
2018-01-05,214.229867,222.205413,212.683915,220.613396,220.613396,4986449
2018-01-08,220.613396,222.394685,216.841901,218.606990,218.606990,4680245
2018-01-09,218.606990,219.929742,217.235595,218.558051,218.558051,4594571
2018-01-10,218.558051,223.861536,217.046436,222.323875,222.323875,7864206
2018-01-11,222.323875,222.732862,215.277247,215.674001,215.674001,4290138
2018-01-12,215.674001,215.926805,213.275474,213.525760,213.525760,3787858
2018-01-15,213.525760,215.762801,209.548371,211.766986,211.766986,3134388
2018-01-16,211.766986,213.161754,211.647841,213.041892,213.041892,7910143
2018-01-17,213.041892,213.847541,209.924476,210.721350,210.721350,9238908
2018-01-18,210.721350,211.880078,209.022624,210.178367,210.178367,9517591
2018-01-19,210.178367,212.863228,209.981919,212.664457,212.664457,8404030
2018-01-22,212.664457,212.812884,212.185996,212.334193,212.334193,5057859
2018-01-23,212.334193,214.427072,211.702810,213.791356,213.791356,3929269
2018-01-24,213.791356,217.708537,211.659778,215.559333,215.559333,6590936
2018-01-25,215.559333,218.257248,215.278042,217.972808,217.972808,3655262
2018-01-26,217.972808,218.265445,214.879235,215.168107,215.168107,6564811
2018-01-29,215.168107,215.591893,212.947455,213.367695,213.367695,9029832
2018-01-30,213.367695,217.834134,212.687477,217.141884,217.141884,6724307
2018-01-31,217.141884,217.807458,214.082816,214.741031,214.741031,9270598
2018-02-01,214.741031,215.155970,210.347740,210.754977,210.754977,8183022
2018-02-02,210.754977,212.129358,209.727523,211.100221,211.100221,11855327
2018-02-05,211.100221,211.742029,210.543100,211.184685,211.184685,8113364
2018-02-06,211.184685,211.389710,210.048060,210.252179,210.252179,8023668
2018-02-07,210.252179,211.030006,205.267467,206.029673,206.029673,6589152
2018-02-08,206.029673,206.192285,201.546915,201.706115,201.706115,6722638
2018-02-09,201.706115,201.775079,200.989962,201.058704,201.058704,10444871
2018-02-12,201.058704,201.431274,198.839934,199.209077,199.209077,5092600
2018-02-13,199.209077,199.510151,194.953623,195.248712,195.248712,5662418
2018-02-14,195.248712,200.400225,194.686679,199.825019,199.825019,5682266
2018-02-15,199.825019,200.443787,197.899222,198.513931,198.513931,5432763
2018-02-16,198.513931,199.025311,194.685462,195.188275,195.188275,5156433
2018-02-19,195.188275,196.108965,191.744231,192.652962,192.652962,6464430
2018-02-20,192.652962,196.279202,191.461368,195.072642,195.072642,8005404
2018-02-21,195.072642,196.024363,194.558897,195.509467,195.509467,3108346
2018-02-22,195.509467,197.444637,194.552457,196.482863,196.482863,5471740
2018-02-23,196.482863,196.677215,191.957385,192.147449,192.147449,3708983
2018-02-26,192.147449,194.789037,190.717261,193.349899,193.349899,6980873
2018-02-27,193.349899,193.859742,187.038936,187.533441,187.533441,6675886
2018-02-28,187.533441,188.336978,187.181070,187.983761,187.983761,4218468
2018-03-01,187.983761,188.966645,187.248116,188.230037,188.230037,6608003
2018-03-02,188.230037,189.316211,186.974553,188.059744,188.059744,3392524
2018-03-05,188.059744,189.862421,187.544692,189.343852,189.343852,5662462
2018-03-06,189.343852,190.840546,185.812162,187.292641,187.292641,10958943
2018-03-07,187.292641,189.070144,187.103399,188.879298,188.879298,5847417
2018-03-08,188.879298,192.481603,187.843931,191.432242,191.432242,9028451
2018-03-09,191.432242,192.281418,190.551853,191.400890,191.400890,7766356
2018-03-12,191.400890,191.581155,190.696562,190.876334,190.876334,8273389
2018-03-13,190.876334,191.327827,188.461388,188.908227,188.908227,5026588
2018-03-14,188.908227,193.730892,188.600673,193.415999,193.415999,4347134
2018-03-15,193.415999,195.624998,192.891830,195.096275,195.096275,5795203
2018-03-16,195.096275,198.767305,194.387081,198.047384,198.047384,3360548
2018-03-19,198.047384,202.537048,197.523655,202.002859,202.002859,7065092
2018-03-20,202.002859,203.147329,195.464108,196.577841,196.577841,4631328
2018-03-21,196.577841,198.235016,191.487568,193.115554,193.115554,3993644
2018-03-22,193.115554,193.898076,192.511765,193.293729,193.293729,7747692
2018-03-23,193.293729,204.389958,192.761898,203.829140,203.829140,6920088
2018-03-26,203.829140,204.343009,202.265310,202.776525,202.776525,4638179
2018-03-27,202.776525,210.661132,202.311164,210.178783,210.178783,10321530
2018-03-28,210.178783,213.283939,209.375703,212.472096,212.472096,3702207
2018-03-29,212.472096,217.792093,211.569751,216.871066,216.871066,5558837
2018-03-30,216.871066,221.195125,216.704918,221.025793,221.025793,4579787
2018-04-02,221.025793,226.325470,220.786152,226.080348,226.080348,4370089
2018-04-03,226.080348,226.721652,221.379162,222.008917,222.008917,7232146
2018-04-04,222.008917,222.513814,221.590116,222.094852,222.094852,6263189
2018-04-05,222.094852,222.687307,215.468534,216.044850,216.044850,7150031
2018-04-06,216.044850,221.521630,214.951594,220.406305,220.406305,3300761
2018-04-09,220.406305,223.772190,219.246891,222.601230,222.601230,5196123
2018-04-10,222.601230,231.437282,222.017555,230.832025,230.832025,4746712
2018-04-11,230.832025,231.870717,230.627689,231.665643,231.665643,3957378
2018-04-12,231.665643,232.519531,231.394482,232.247689,232.247689,17735236
2018-04-13,232.247689,232.836653,230.734473,231.321087,231.321087,3058033
2018-04-16,231.321087,232.940502,227.388065,228.991169,228.991169,2461212
2018-04-17,228.991169,248.950338,228.090498,247.975000,247.975000,9274385
2018-04-18,247.975000,251.160497,243.590026,246.759913,246.759913,3361549
2018-04-19,246.759913,247.258441,246.111519,246.609744,246.609744,8021843
2018-04-20,246.609744,247.559948,245.173750,246.122076,246.122076,4412206
2018-04-23,246.122076,248.953487,245.411192,248.236496,248.236496,3776120
2018-04-24,248.236496,248.452510,242.136704,242.347593,242.347593,7863490
2018-04-25,242.347593,242.440286,234.726807,234.816619,234.816619,3532657
2018-04-26,234.816619,235.703961,231.274311,232.151582,232.151582,3991648
2018-04-27,232.151582,232.766554,229.525789,230.135421,230.135421,5403403
2018-04-30,230.135421,230.546639,227.868062,228.275958,228.275958,4531867
2018-05-01,228.275958,231.693658,227.703487,231.114070,231.114070,9341054
2018-05-02,231.114070,234.832094,230.677658,234.389498,234.389498,7360350
2018-05-03,234.389498,236.556792,233.997805,236.162136,236.162136,6076478
2018-05-04,236.162136,237.696083,233.827862,235.356576,235.356576,3958877
2018-05-07,235.356576,237.034930,227.217579,228.849530,228.849530,5206467
2018-05-08,228.849530,229.129193,228.352350,228.631747,228.631747,7302132
2018-05-09,228.631747,229.884840,225.269317,226.510785,226.510785,2608385
2018-05-10,226.510785,228.036665,220.545732,222.041505,222.041505,5224816
2018-05-11,222.041505,223.986713,221.737146,223.680109,223.680109,5660239
2018-05-14,223.680109,224.307661,221.529449,222.152715,222.152715,5353591
2018-05-15,222.152715,225.049760,221.568723,224.459704,224.459704,3056970
2018-05-16,224.459704,225.845792,224.439757,225.825723,225.825723,7808254
2018-05-17,225.825723,228.054813,225.194262,227.418897,227.418897,7720905
2018-05-18,227.418897,230.250679,226.625640,229.450335,229.450335,5671518
2018-05-21,229.450335,234.013357,229.027915,233.583328,233.583328,4645019
2018-05-22,233.583328,234.379414,226.815818,227.591484,227.591484,10540574
2018-05-23,227.591484,229.240410,224.865482,226.506548,226.506548,7420799
2018-05-24,226.506548,228.825052,225.410026,227.722643,227.722643,4242093
2018-05-25,227.722643,229.201096,226.910735,228.386820,228.386820,14485502
2018-05-28,228.386820,231.352637,227.882330,230.842721,230.842721,9111745
2018-05-29,230.842721,233.131981,229.598897,231.882554,231.882554,6225300
2018-05-30,231.882554,232.274809,228.134416,228.520984,228.520984,6723925
2018-05-31,228.520984,229.433041,227.117574,228.027662,228.027662,5585140
2018-06-01,228.027662,229.757354,227.464895,229.191714,229.191714,5269160
2018-06-04,229.191714,229.731802,225.413750,225.946190,225.946190,6891562
2018-06-05,225.946190,226.422089,225.710480,226.186129,226.186129,1824284
2018-06-06,226.186129,226.840571,222.845640,223.492287,223.492287,8799411
2018-06-07,223.492287,232.221469,222.667463,231.367580,231.367580,8907295
2018-06-08,231.367580,241.515517,231.080803,241.216532,241.216532,6701160
2018-06-11,241.216532,242.278375,239.111718,240.168950,240.168950,6990177
2018-06-12,240.168950,244.522789,238.303622,242.638282,242.638282,6079876
2018-06-13,242.638282,242.895295,242.238028,242.494889,242.494889,6942073
2018-06-14,242.494889,243.774233,237.374101,238.633070,238.633070,3781512
2018-06-15,238.633070,243.748368,237.925202,243.027465,243.027465,4753146
2018-06-18,243.027465,246.300384,236.275072,239.500493,239.500493,7067116
2018-06-19,239.500493,239.787633,237.123066,237.407698,237.407698,4062677
2018-06-20,237.407698,237.566625,235.561221,235.719019,235.719019,6796369
2018-06-21,235.719019,235.929129,232.390877,232.598205,232.598205,7521338
2018-06-22,232.598205,242.134633,231.664915,241.166961,241.166961,4756182
2018-06-25,241.166961,241.351532,240.525934,240.710156,240.710156,4287826
2018-06-26,240.710156,241.105624,239.652204,240.046582,240.046582,4485239
2018-06-27,240.046582,240.642697,235.805858,236.392899,236.392899,3008848
2018-06-28,236.392899,237.886041,230.236982,231.700485,231.700485,9125771
2018-06-29,231.700485,232.047606,229.759420,230.104149,230.104149,9030483
2018-07-02,230.104149,230.414498,229.186449,229.495978,229.495978,7009026
2018-07-03,229.495978,235.017553,228.129404,233.626384,233.626384,6270992
2018-07-04,233.626384,234.272597,228.135534,228.768309,228.768309,6708282
2018-07-05,228.768309,229.096169,227.972813,228.300001,228.300001,6151488
2018-07-06,228.300001,231.432912,227.984883,231.113909,231.113909,7095853
2018-07-09,231.113909,231.303959,225.287956,225.473368,225.473368,3185658
2018-07-10,225.473368,227.098671,222.976109,224.595080,224.595080,6058580
2018-07-11,224.595080,225.531566,222.819318,223.752289,223.752289,4339104
2018-07-12,223.752289,225.935751,223.000049,225.178715,225.178715,4385143
2018-07-13,225.178715,225.244091,222.963071,223.027822,223.027822,6751611
2018-07-16,223.027822,231.422418,223.026297,231.420836,231.420836,6920737
2018-07-17,231.420836,231.475666,221.538693,221.591194,221.591194,3161396
2018-07-18,221.591194,222.355650,213.796068,214.536185,214.536185,7021190
2018-07-19,214.536185,216.082513,209.841072,211.364540,211.364540,5808503
2018-07-20,211.364540,212.630911,209.621395,210.884892,210.884892,5160091
2018-07-23,210.884892,212.744372,210.845549,212.704689,212.704689,5547622
2018-07-24,212.704689,213.425321,209.343694,210.055350,210.055350,4764854
2018-07-25,210.055350,210.805171,206.885359,207.626510,207.626510,4136521
2018-07-26,207.626510,208.322140,205.790761,206.482559,206.482559,5941904
2018-07-27,206.482559,207.270987,205.138854,205.925153,205.925153,9414311
2018-07-30,205.925153,206.918019,204.463584,205.454179,205.454179,8735691
2018-07-31,205.454179,206.706836,205.156285,206.407559,206.407559,7521109
2018-08-01,206.407559,208.008248,206.085939,207.684638,207.684638,7658917
2018-08-02,207.684638,207.869441,204.727756,204.910090,204.910090,10187081
2018-08-03,204.910090,209.430186,204.367689,208.877283,208.877283,8587840
2018-08-06,208.877283,209.326653,205.546985,205.990143,205.990143,3368673
2018-08-07,205.990143,209.041754,205.737986,208.786174,208.786174,14662326
2018-08-08,208.786174,209.290680,204.958343,205.454798,205.454798,11171694
2018-08-09,205.454798,205.583616,203.926804,204.054743,204.054743,4875737
2018-08-10,204.054743,205.342450,203.945334,205.232409,205.232409,4227429
2018-08-13,205.232409,208.437439,204.692098,207.890132,207.890132,3377459
2018-08-14,207.890132,214.429554,207.822753,214.360078,214.360078,6382494
2018-08-15,214.360078,214.967513,214.067735,214.674740,214.674740,11721199
2018-08-16,214.674740,217.426780,213.704101,216.448123,216.448123,4799300
2018-08-17,216.448123,216.983021,215.900678,216.435546,216.435546,10419057
2018-08-20,216.435546,216.734990,215.073122,215.371094,215.371094,7781750
2018-08-21,215.371094,221.447474,214.198128,220.247948,220.247948,6694461
2018-08-22,220.247948,224.074968,220.045814,223.869510,223.869510,7842306
2018-08-23,223.869510,227.415588,223.670077,227.213176,227.213176,6189484
2018-08-24,227.213176,229.126410,225.779228,227.689457,227.689457,4535755
2018-08-27,227.689457,229.529983,227.128456,228.965839,228.965839,5087055
2018-08-28,228.965839,229.990035,228.235668,229.258929,229.258929,5789448
2018-08-29,229.258929,230.504415,224.781230,226.009060,226.009060,9710391
2018-08-30,226.009060,226.021048,224.835368,224.847294,224.847294,5348694
2018-08-31,224.847294,224.986450,215.903283,216.036986,216.036986,14506705
2018-09-03,216.036986,224.371385,215.559124,223.876184,223.876184,9000377
2018-09-04,223.876184,225.236203,223.837412,225.197202,225.197202,8029278
2018-09-05,225.197202,226.190958,223.795972,224.787922,224.787922,5682571
2018-09-06,224.787922,225.135872,222.694232,223.039476,223.039476,4161634
2018-09-07,223.039476,230.773858,221.943750,229.645677,229.645677,8971911
2018-09-10,229.645677,234.312820,227.975810,232.621314,232.621314,4468952
2018-09-11,232.621314,238.892288,232.039473,238.296252,238.296252,9949235
2018-09-12,238.296252,240.971765,233.213791,235.861973,235.861973,7568600
2018-09-13,235.861973,236.963311,234.524988,235.625221,235.625221,12732351
2018-09-14,235.625221,236.959308,234.240556,235.574355,235.574355,5386432
2018-09-17,235.574355,240.875620,235.095344,240.386824,240.386824,5570329
2018-09-18,240.386824,240.564407,234.705495,234.879009,234.879009,6628144
2018-09-19,234.879009,235.850277,232.304517,233.269129,233.269129,5006182
2018-09-20,233.269129,235.161208,233.167642,235.058943,235.058943,4445793
2018-09-21,235.058943,235.186433,231.594000,231.719679,231.719679,7084426
2018-09-24,231.719679,231.934642,228.679538,228.891877,228.891877,8829158
2018-09-25,228.891877,229.396496,225.150191,225.647658,225.647658,5147300
2018-09-26,225.647658,229.604616,225.380634,229.333231,229.333231,3386678
2018-09-27,229.333231,229.826568,229.222384,229.715537,229.715537,8031855
2018-09-28,229.715537,232.136094,229.302150,231.719100,231.719100,8057164
2018-10-01,231.719100,232.045278,230.888291,231.213758,231.213758,3545144
2018-10-02,231.213758,231.820832,229.932464,230.537764,230.537764,12178207
2018-10-03,230.537764,234.909240,230.515883,234.886947,234.886947,7094708
2018-10-04,234.886947,234.930304,234.303382,234.346639,234.346639,4508089
2018-10-05,234.346639,237.229196,233.250940,236.125180,236.125180,6378241
2018-10-08,236.125180,236.895805,231.908126,232.667466,232.667466,6956118
2018-10-09,232.667466,234.488297,229.505292,231.315543,231.315543,6746911
2018-10-10,231.315543,231.546989,227.932660,228.160950,228.160950,5093788
2018-10-11,228.160950,229.111441,224.528984,225.468257,225.468257,9194607
2018-10-12,225.468257,226.908949,220.921958,222.342678,222.342678,7434445
2018-10-15,222.342678,222.635795,221.772001,222.064751,222.064751,4472740
2018-10-16,222.064751,222.701855,221.304616,221.941366,221.941366,6747663
2018-10-17,221.941366,228.973098,221.107540,228.116073,228.116073,11445258
2018-10-18,228.116073,237.761728,228.030617,237.672691,237.672691,4821320
2018-10-19,237.672691,238.460387,236.549347,237.335926,237.335926,7742994
2018-10-22,237.335926,238.505845,235.846211,237.014545,237.014545,6628219
2018-10-23,237.014545,245.671221,236.893373,245.545687,245.545687,10475967
2018-10-24,245.545687,247.942038,244.473236,246.863830,246.863830,4002488
2018-10-25,246.863830,251.284095,245.955535,250.362925,250.362925,2936920
2018-10-26,250.362925,252.909565,249.413416,251.954022,251.954022,7421521
2018-10-29,251.954022,261.453372,251.762739,261.255028,261.255028,3097780
2018-10-30,261.255028,264.460775,259.995662,263.192072,263.192072,7322581
2018-10-31,263.192072,264.741828,253.450259,254.951492,254.951492,6073293
2018-11-01,254.951492,256.389538,254.080465,255.516581,255.516581,6017525
2018-11-02,255.516581,258.830866,253.794281,257.097907,257.097907,7009801
2018-11-05,257.097907,257.378424,252.192731,252.468197,252.468197,6731070
2018-11-06,252.468197,252.886091,252.346596,252.764348,252.764348,7932715
2018-11-07,252.764348,257.720720,252.135434,257.081066,257.081066,7971824
2018-11-08,257.081066,257.103231,254.316210,254.338138,254.338138,9213193
2018-11-09,254.338138,259.370195,251.619752,256.627341,256.627341,5498569
2018-11-12,256.627341,257.913652,253.132142,254.407325,254.407325,3230493
2018-11-13,254.407325,259.419978,252.821720,257.813146,257.813146,5120505
2018-11-14,257.813146,259.194739,251.356133,252.710381,252.710381,7526033
2018-11-15,252.710381,255.325672,249.832789,252.445337,252.445337,11908235
2018-11-16,252.445337,252.887759,251.845539,252.287685,252.287685,7025824
2018-11-19,252.287685,253.874878,249.538164,251.117999,251.117999,8468516
2018-11-20,251.117999,255.037610,250.708035,254.621926,254.621926,7811105
2018-11-21,254.621926,254.780866,242.535847,242.687337,242.687337,3498938
2018-11-22,242.687337,242.726882,239.011993,239.050945,239.050945,7980696
2018-11-23,239.050945,239.221565,232.256840,232.422729,232.422729,4314124
2018-11-26,232.422729,233.420221,232.035971,233.032449,233.032449,4413174
2018-11-27,233.032449,234.024437,229.188037,230.167831,230.167831,6450068
2018-11-28,230.167831,232.907056,228.686200,231.417382,231.417382,7925289
2018-11-29,231.417382,236.254503,229.810002,234.624844,234.624844,8979943
2018-11-30,234.624844,234.709421,233.618376,233.702621,233.702621,8442220
2018-12-03,233.702621,240.583763,233.025934,239.889164,239.889164,4662837
2018-12-04,239.889164,240.158798,237.384932,237.652052,237.652052,6469507
2018-12-05,237.652052,244.411941,237.093608,243.838960,243.838960,6315835
2018-12-06,243.838960,248.247382,243.100133,247.497470,247.497470,3810098
2018-12-07,247.497470,248.075314,245.153582,245.727294,245.727294,12940484
2018-12-10,245.727294,246.462010,244.781157,245.515240,245.515240,6054944
2018-12-11,245.515240,246.293996,243.131509,243.905157,243.905157,4411926
2018-12-12,243.905157,245.150090,242.952937,244.196732,244.196732,3632542
2018-12-13,244.196732,245.193737,242.190624,243.183492,243.183492,3331341
2018-12-14,243.183492,246.705577,242.191911,245.703719,245.703719,6484176
2018-12-17,245.703719,246.565614,245.320332,246.181481,246.181481,11756160
2018-12-18,246.181481,247.037724,244.154854,245.007011,245.007011,13050986
2018-12-19,245.007011,245.349826,244.311522,244.653843,244.653843,7886689
2018-12-20,244.653843,252.286712,243.546552,251.150020,251.150020,3639780
2018-12-21,251.150020,252.848724,247.935339,249.623720,249.623720,5957731
2018-12-24,249.623720,250.656550,247.561187,248.589740,248.589740,5214907
2018-12-25,248.589740,253.358395,248.561031,253.329140,253.329140,4819355
2018-12-26,253.329140,256.108988,251.406112,254.179505,254.179505,5071651
2018-12-27,254.179505,258.351337,253.708076,257.873058,257.873058,5175969
2018-12-28,257.873058,268.345595,257.347112,267.799404,267.799404,6761889
2018-12-31,267.799404,269.715974,263.246216,265.143779,265.143779,7617636
2019-01-01,265.143779,266.950772,264.418732,266.222774,266.222774,12933689
2019-01-02,266.222774,277.949388,265.532986,277.231078,277.231078,5574034
2019-01-03,277.231078,277.391663,277.013990,277.174542,277.174542,6417046
2019-01-04,277.174542,278.387107,273.904850,275.108375,275.108375,7375092
2019-01-07,275.108375,275.482949,274.363203,274.737272,274.737272,8730359
2019-01-08,274.737272,275.641114,270.679444,271.572876,271.572876,5917416
2019-01-09,271.572876,280.349243,270.677421,279.427887,279.427887,3918745
2019-01-10,279.427887,279.829067,276.100692,276.497665,276.497665,5991763
2019-01-11,276.497665,276.748533,271.126867,271.373085,271.373085,3757060
2019-01-14,271.373085,272.534362,268.651593,269.806165,269.806165,3011026
2019-01-15,269.806165,271.812959,265.242121,267.229752,267.229752,6396001
2019-01-16,267.229752,269.454220,264.645852,266.867303,266.867303,4250370
2019-01-17,266.867303,268.259023,266.290039,267.680000,267.680000,10061038
2019-01-18,267.680000,271.480659,267.575659,271.374877,271.374877,4196955
2019-01-21,271.374877,275.185719,270.791348,274.595266,274.595266,9364936
2019-01-22,274.595266,275.212640,268.371298,268.976039,268.976039,6249312
2019-01-23,268.976039,269.722631,261.382754,262.110289,262.110289,2976541
2019-01-24,262.110289,263.096590,260.956727,261.942396,261.942396,6433528
2019-01-25,261.942396,262.951651,257.519019,258.515069,258.515069,4359043
2019-01-28,258.515069,260.351920,257.546868,259.380478,259.380478,4106539
2019-01-29,259.380478,264.043284,258.382874,263.031637,263.031637,7832032
2019-01-30,263.031637,265.251591,260.747597,262.967006,262.967006,5359633
2019-01-31,262.967006,263.804536,253.497751,254.307702,254.307702,6346624
2019-02-01,254.307702,255.648106,253.001502,254.341732,254.341732,7200448
2019-02-04,254.341732,256.245037,252.397395,254.300392,254.300392,4515017
2019-02-05,254.300392,255.462669,250.866309,252.018156,252.018156,4397177
2019-02-06,252.018156,253.017924,247.283901,248.268795,248.268795,7686221
2019-02-07,248.268795,248.747750,244.340015,244.812302,244.812302,3295726
2019-02-08,244.812302,253.026081,244.605527,252.812549,252.812549,8305108
2019-02-11,252.812549,255.343315,251.098457,253.623724,253.623724,6036896
2019-02-12,253.623724,254.551253,247.572553,248.481276,248.481276,4494519
2019-02-13,248.481276,249.585507,248.145336,249.248529,249.248529,3794845
2019-02-14,249.248529,250.150265,245.479074,246.370397,246.370397,5150511
2019-02-15,246.370397,248.960528,246.252863,248.841815,248.841815,5963249
2019-02-18,248.841815,249.494345,246.650188,247.298671,247.298671,7141333
2019-02-19,247.298671,248.275275,245.549602,246.523143,246.523143,7567334
2019-02-20,246.523143,246.764993,246.484805,246.726623,246.726623,8731423
2019-02-21,246.726623,248.289075,244.009236,245.564327,245.564327,6585078
2019-02-22,245.564327,247.009972,242.328186,243.763228,243.763228,7634188
2019-02-25,243.763228,244.884576,242.431995,243.552373,243.552373,9304365
2019-02-26,243.552373,245.559266,240.289481,242.285938,242.285938,6684211
2019-02-27,242.285938,246.939140,241.132021,245.768636,245.768636,7805596
2019-02-28,245.768636,246.171525,245.001689,245.403981,245.403981,4758605
2019-03-01,245.403981,245.848928,242.894061,243.335258,243.335258,3660747
2019-03-04,243.335258,243.702603,240.096811,240.459815,240.459815,11270409
2019-03-05,240.459815,242.995202,239.858625,242.389188,242.389188,4879600
2019-03-06,242.389188,247.257041,241.694357,246.550282,246.550282,6052915
2019-03-07,246.550282,253.218929,246.101354,252.758697,252.758697,2889493
2019-03-08,252.758697,253.315510,250.771700,251.325355,251.325355,9152875
2019-03-11,251.325355,251.584587,246.734671,246.989431,246.989431,3472573
2019-03-12,246.989431,248.249269,242.974478,244.220190,244.220190,5228011
2019-03-13,244.220190,249.443365,243.231314,248.437413,248.437413,9942528
2019-03-14,248.437413,249.729275,248.429903,249.721726,249.721726,6112880
2019-03-15,249.721726,251.319670,249.621287,251.218630,251.218630,5083965
2019-03-18,251.218630,252.293403,246.966549,248.027671,248.027671,4933726
2019-03-19,248.027671,248.265802,243.814326,244.048637,244.048637,5658619
2019-03-20,244.048637,249.286698,243.816970,249.050283,249.050283,5722009
2019-03-21,249.050283,255.998793,248.859783,255.803129,255.803129,5642029
2019-03-22,255.803129,261.071269,254.738997,259.989721,259.989721,4517373
2019-03-25,259.989721,264.355963,259.865709,264.229928,264.229928,5786081
2019-03-26,264.229928,268.786799,263.796733,268.346855,268.346855,5765346
2019-03-27,268.346855,268.562253,265.787393,266.000908,266.000908,4665724
2019-03-28,266.000908,266.460120,262.578612,263.032699,263.032699,3898796
2019-03-29,263.032699,270.344380,261.636365,268.916809,268.916809,5474588
2019-04-01,268.916809,276.409810,268.449316,275.930125,275.930125,3803340
2019-04-02,275.930125,280.939046,275.783106,280.789439,280.789439,5069077
2019-04-03,280.789439,284.744573,279.162929,283.104652,283.104652,5529037
2019-04-04,283.104652,283.773444,281.564575,282.231304,282.231304,4627513
2019-04-05,282.231304,291.780921,281.612095,291.142162,291.142162,6473876
2019-04-08,291.142162,291.448369,290.092034,290.397458,290.397458,5838619
2019-04-09,290.397458,302.609869,289.593966,301.774897,301.774897,10101864
2019-04-10,301.774897,304.530473,296.418480,299.150088,299.150088,5980611
2019-04-11,299.150088,299.239844,298.411019,298.500580,298.500580,5805872
2019-04-12,298.500580,299.192302,287.526435,288.194274,288.194274,7306944
2019-04-15,288.194274,291.147697,288.125403,291.078136,291.078136,3810768
2019-04-16,291.078136,292.390882,281.862531,283.139474,283.139474,4531039
2019-04-17,283.139474,283.306298,280.476542,280.641894,280.641894,6256243
2019-04-18,280.641894,283.365285,279.966614,282.685088,282.685088,3543710
2019-04-19,282.685088,284.937701,277.174946,279.401392,279.401392,3647034
2019-04-22,279.401392,281.134412,271.219524,272.912294,272.912294,5181012
2019-04-23,272.912294,279.279920,270.402726,276.735199,276.735199,8489356
2019-04-24,276.735199,280.740104,276.527214,280.529268,280.529268,11237705
2019-04-25,280.529268,281.619379,279.182313,280.271422,280.271422,6243642
2019-04-26,280.271422,281.059348,275.679534,276.456736,276.456736,7767501
2019-04-29,276.456736,278.140924,270.878376,272.538695,272.538695,5178958
2019-04-30,272.538695,272.662186,269.669077,269.791323,269.791323,9159710
2019-05-01,269.791323,279.204671,269.685594,279.095295,279.095295,4740571
2019-05-02,279.095295,279.756593,272.877201,273.525301,273.525301,5278360
2019-05-03,273.525301,274.411833,266.283323,267.149189,267.149189,9746165
2019-05-06,267.149189,270.064371,265.652680,268.559959,268.559959,9723980
2019-05-07,268.559959,269.571725,267.534789,268.546504,268.546504,6080320
2019-05-08,268.546504,272.100849,267.207851,270.751207,270.751207,7222572
2019-05-09,270.751207,273.316282,269.678217,272.237402,272.237402,6381570
2019-05-10,272.237402,283.213350,271.516038,282.464886,282.464886,2864535
2019-05-13,282.464886,283.266276,275.923234,276.708292,276.708292,7263700
2019-05-14,276.708292,277.173689,276.405062,276.870281,276.870281,6020120
2019-05-15,276.870281,277.312271,276.117075,276.558567,276.558567,5078987
2019-05-16,276.558567,278.200351,270.146883,271.760181,271.760181,4667525
2019-05-17,271.760181,272.442324,268.704543,269.380714,269.380714,5065414
2019-05-20,269.380714,270.528040,263.926256,265.055159,265.055159,5414360
2019-05-21,265.055159,267.978070,263.840515,266.755634,266.755634,4547119
2019-05-22,266.755634,266.926243,255.818340,255.982058,255.982058,5231658
2019-05-23,255.982058,256.886929,254.796344,255.700218,255.700218,3945969
2019-05-24,255.700218,258.789621,255.306540,258.391799,258.391799,7392832
2019-05-27,258.391799,264.003143,258.365546,263.976322,263.976322,4526682
2019-05-28,263.976322,265.570735,261.109691,262.696372,262.696372,10890297
2019-05-29,262.696372,263.052931,257.986493,258.337135,258.337135,4124359
2019-05-30,258.337135,259.463398,253.673364,254.784137,254.784137,8028584
2019-05-31,254.784137,254.858568,251.624563,251.698093,251.698093,5605815
2019-06-03,251.698093,254.911238,250.842183,254.047340,254.047340,3626552
2019-06-04,254.047340,254.134862,252.775553,252.862667,252.862667,2998888
2019-06-05,252.862667,252.882101,251.168860,251.188165,251.188165,11911157
2019-06-06,251.188165,258.140175,250.216124,257.145082,257.145082,6455835
2019-06-07,257.145082,258.795851,253.792765,255.432540,255.432540,10239978
2019-06-10,255.432540,258.336840,254.308240,257.204740,257.204740,5860474
2019-06-11,257.204740,260.502627,256.564431,259.855719,259.855719,7006821
2019-06-12,259.855719,262.032500,255.503817,257.662224,257.662224,11259233
2019-06-13,257.662224,259.279970,247.954781,249.521415,249.521415,5465770
2019-06-14,249.521415,257.822708,248.783361,257.062349,257.062349,7938786
2019-06-17,257.062349,257.455041,254.814056,255.203910,255.203910,3805836
2019-06-18,255.203910,260.383950,253.884690,259.044875,259.044875,7179099
2019-06-19,259.044875,264.142024,258.421675,263.508087,263.508087,4082631
2019-06-20,263.508087,266.834282,262.003307,265.319160,265.319160,4825395
2019-06-21,265.319160,266.347945,263.814406,264.841339,264.841339,3068744
2019-06-24,264.841339,270.022829,263.649885,268.813505,268.813505,7992700
2019-06-25,268.813505,269.508132,264.815375,265.501443,265.501443,5423480
2019-06-26,265.501443,265.962720,265.327147,265.788235,265.788235,7502060
2019-06-27,265.788235,266.735579,257.323194,258.243648,258.243648,3892992
2019-06-28,258.243648,263.770904,256.608221,262.110986,262.110986,7267358
2019-07-01,262.110986,265.358163,261.524116,264.765349,264.765349,5132238
2019-07-02,264.765349,265.207399,264.712909,265.154881,265.154881,11393593
2019-07-03,265.154881,271.382313,264.239331,270.448485,270.448485,6053633
2019-07-04,270.448485,271.235430,256.659169,257.408170,257.408170,6466461
2019-07-05,257.408170,258.499627,253.625563,254.705561,254.705561,11812082
2019-07-08,254.705561,261.463955,253.831159,260.569422,260.569422,9876528
2019-07-09,260.569422,261.831568,256.503592,257.752091,257.752091,10643941
2019-07-10,257.752091,258.879691,255.124137,256.245145,256.245145,8685958
2019-07-11,256.245145,257.683700,255.519837,256.956379,256.956379,3734800
2019-07-12,256.956379,257.487898,254.191648,254.718538,254.718538,7220345
2019-07-15,254.718538,258.084843,254.238458,257.599334,257.599334,6550505
2019-07-16,257.599334,260.317069,255.997322,258.708161,258.708161,5487678
2019-07-17,258.708161,264.639632,258.194585,264.115322,264.115322,4906051
2019-07-18,264.115322,265.161512,264.102275,265.148414,265.148414,5603514
2019-07-19,265.148414,267.671016,265.124468,267.646844,267.646844,5149583
2019-07-22,267.646844,268.295297,266.792142,267.440094,267.440094,6100531
2019-07-23,267.440094,267.859394,262.110400,262.521990,262.521990,4063723
2019-07-24,262.521990,267.162900,260.347560,264.968209,264.968209,8881871
2019-07-25,264.968209,270.202566,264.113092,269.333362,269.333362,3809148
2019-07-26,269.333362,272.084988,268.354906,271.100113,271.100113,7437041
2019-07-29,271.100113,275.665115,270.703390,275.262300,275.262300,4439291
2019-07-30,275.262300,275.872296,269.912452,270.511920,270.511920,6330645
2019-07-31,270.511920,271.344806,268.802189,269.632367,269.632367,4086327
2019-08-01,269.632367,274.392021,269.162095,273.914280,273.914280,4676749
2019-08-02,273.914280,276.478841,273.087089,275.646418,275.646418,10303520
2019-08-05,275.646418,276.465171,270.649320,271.455624,271.455624,7862281
2019-08-06,271.455624,271.658159,267.885956,268.085977,268.085977,3406437
2019-08-07,268.085977,268.854789,265.473202,266.236710,266.236710,7187485
2019-08-08,266.236710,268.689581,262.467160,264.907788,264.907788,5290332
2019-08-09,264.907788,270.609825,263.837393,269.520792,269.520792,3619590
2019-08-12,269.520792,271.843269,264.373240,266.671162,266.671162,10632148
2019-08-13,266.671162,267.889012,265.619551,266.836748,266.836748,6457774
2019-08-14,266.836748,269.620245,266.785664,269.568638,269.568638,4922670
2019-08-15,269.568638,271.011981,266.191006,267.623936,267.623936,8387166
2019-08-16,267.623936,275.334162,267.147635,274.845009,274.845009,7066989
2019-08-19,274.845009,277.899775,273.336864,276.383190,276.383190,4613368
2019-08-20,276.383190,277.948602,274.634368,276.198736,276.198736,3716588
2019-08-21,276.198736,277.743399,272.342921,273.874587,273.874587,3703254
2019-08-22,273.874587,276.265771,273.084239,275.470817,275.470817,5702013
2019-08-23,275.470817,279.854147,274.141442,278.510105,278.510105,5117820
2019-08-26,278.510105,286.149300,277.033980,284.640683,284.640683,10178620
2019-08-27,284.640683,285.611181,280.723907,281.684325,281.684325,9595660
2019-08-28,281.684325,283.597022,281.636779,283.549162,283.549162,5935033
2019-08-29,283.549162,283.931288,283.541045,283.923161,283.923161,8884262
2019-08-30,283.923161,285.470069,280.930130,282.469117,282.469117,4285634
2019-09-02,282.469117,284.806222,280.637137,282.970988,282.970988,7528065
2019-09-03,282.970988,287.594483,281.182145,285.787833,285.787833,6259536
2019-09-04,285.787833,287.091141,285.290219,286.592126,286.592126,9137438
2019-09-05,286.592126,289.340093,286.241426,288.986462,288.986462,6622326
2019-09-06,288.986462,290.685881,288.455661,290.152937,290.152937,6251505
2019-09-09,290.152937,290.437326,281.978092,282.254740,282.254740,6654657
2019-09-10,282.254740,283.840479,280.701757,282.287317,282.287317,5368917
2019-09-11,282.287317,284.138198,279.782652,281.629218,281.629218,4207396
2019-09-12,281.629218,283.274394,271.659221,273.255480,273.255480,6482615
2019-09-13,273.255480,288.629547,272.150363,287.466955,287.466955,5179408
2019-09-16,287.466955,288.513582,287.434895,288.481409,288.481409,5911511
2019-09-17,288.481409,291.167142,287.927007,290.608652,290.608652,5599646
2019-09-18,290.608652,294.184673,290.574397,294.150000,294.150000,6450798
2019-09-19,294.150000,294.733895,289.739748,290.316032,290.316032,8057460
2019-09-20,290.316032,292.002934,289.428319,291.112785,291.112785,4996773
2019-09-23,291.112785,299.598823,289.220124,297.663572,297.663572,8679180
2019-09-24,297.663572,299.225539,285.110002,286.613987,286.613987,5790498
2019-09-25,286.613987,294.607980,285.564396,293.533052,293.533052,5111638
2019-09-26,293.533052,293.573630,292.306987,292.347401,292.347401,16783775
2019-09-27,292.347401,296.331071,292.004541,295.983945,295.983945,10326380
2019-09-30,295.983945,296.928546,295.922860,296.867279,296.867279,11756000
2019-10-01,296.867279,300.240235,296.363305,299.731399,299.731399,7258039
2019-10-02,299.731399,299.765625,295.571113,295.604868,295.604868,6862502
2019-10-03,295.604868,296.252313,295.519841,296.167125,296.167125,4686003
2019-10-04,296.167125,296.327585,290.298496,290.455862,290.455862,6323123
2019-10-07,290.455862,299.995839,290.354662,299.891352,299.891352,5819580
2019-10-08,299.891352,306.734892,298.846881,305.670293,305.670293,9330468
2019-10-09,305.670293,307.915618,305.091718,307.333894,307.333894,4838579
2019-10-10,307.333894,315.153851,306.345770,314.143832,314.143832,6882192
2019-10-11,314.143832,316.191507,305.364437,307.367945,307.367945,6496157
2019-10-14,307.367945,307.689416,302.730720,303.047672,303.047672,9267297
2019-10-15,303.047672,303.935890,301.952592,302.840202,302.840202,7319627
2019-10-16,302.840202,304.834699,300.852059,302.846514,302.846514,5004149
2019-10-17,302.846514,308.297566,301.026493,306.455854,306.455854,7366521
2019-10-18,306.455854,313.275850,305.847689,312.655381,312.655381,8088174
2019-10-21,312.655381,316.218162,312.148697,315.706533,315.706533,6484493
2019-10-22,315.706533,316.914400,311.386619,312.582534,312.582534,7491912
2019-10-23,312.582534,312.731101,306.409281,306.554983,306.554983,4070949
2019-10-24,306.554983,309.388836,306.295072,309.126744,309.126744,7526184
2019-10-25,309.126744,309.308159,304.320873,304.499571,304.499571,4379158
2019-10-28,304.499571,306.507469,301.436668,303.437562,303.437562,5778424
2019-10-29,303.437562,306.535388,302.701346,305.793457,305.793457,6646720
2019-10-30,305.793457,305.863579,304.743838,304.813735,304.813735,2441233
2019-10-31,304.813735,305.652765,287.363649,288.156829,288.156829,6091225
2019-11-01,288.156829,289.815799,282.449511,284.085039,284.085039,5544447
2019-11-04,284.085039,284.735647,282.445372,283.093709,283.093709,6783718
2019-11-05,283.093709,288.094515,281.817016,286.801102,286.801102,4959973
2019-11-06,286.801102,287.790127,281.316732,282.290201,282.290201,4575415
2019-11-07,282.290201,287.729414,282.095176,287.530768,287.530768,7261316
2019-11-08,287.530768,290.691184,286.652831,289.806299,289.806299,4527010
2019-11-11,289.806299,290.185672,283.349206,283.720613,283.720613,5138719
2019-11-12,283.720613,283.767674,278.739966,278.786209,278.786209,8047691
2019-11-13,278.786209,280.853168,278.284075,280.348221,280.348221,3945235
2019-11-14,280.348221,281.099907,277.412067,278.157880,278.157880,7413845
2019-11-15,278.157880,278.973372,274.773675,275.581614,275.581614,6264852
2019-11-18,275.581614,279.549485,275.120360,279.082371,279.082371,8439702
2019-11-19,279.082371,284.860481,276.617536,282.366640,282.366640,6550365
2019-11-20,282.366640,285.996531,281.436006,285.057029,285.057029,7240714
2019-11-21,285.057029,286.790418,278.587859,280.292274,280.292274,4049396
2019-11-22,280.292274,280.509362,270.261803,270.471284,270.471284,4891960
2019-11-25,270.471284,271.620098,270.246287,271.394333,271.394333,10672935
2019-11-26,271.394333,274.987093,270.700395,274.285761,274.285761,3145782
2019-11-27,274.285761,277.722538,272.963455,276.390087,276.390087,6375536
2019-11-28,276.390087,276.509049,274.744848,274.863154,274.863154,5020119
2019-11-29,274.863154,277.067036,271.806941,274.003934,274.003934,7894619
2019-12-02,274.003934,276.609951,273.564267,276.166814,276.166814,5642920
2019-12-03,276.166814,278.051800,276.095790,277.980309,277.980309,3054443
2019-12-04,277.980309,280.121738,276.915078,279.052399,279.052399,6820560
2019-12-05,279.052399,279.507268,277.646651,278.099968,278.099968,8092536
2019-12-06,278.099968,281.033109,277.345960,280.273209,280.273209,5588563
2019-12-09,280.273209,282.312706,269.777624,271.755137,271.755137,9058527
2019-12-10,271.755137,273.289988,270.450668,271.984419,271.984419,10131334
2019-12-11,271.984419,273.997408,267.045827,269.037002,269.037002,4536966
2019-12-12,269.037002,269.399207,266.691940,267.051472,267.051472,6386311
2019-12-13,267.051472,270.309422,265.268212,268.516380,268.516380,5427916
2019-12-16,268.516380,269.170899,266.187395,266.837822,266.837822,6986502
2019-12-17,266.837822,270.177070,265.122699,268.451575,268.451575,7534638
2019-12-18,268.451575,271.014668,266.861040,269.418404,269.418404,3324721
2019-12-19,269.418404,270.352796,267.573003,268.504225,268.504225,6140964
2019-12-20,268.504225,274.068872,268.121193,273.678460,273.678460,3766993
2019-12-23,273.678460,275.814044,268.977330,271.092738,271.092738,6478167
2019-12-24,271.092738,276.305070,269.825080,275.019052,275.019052,10477519
2019-12-25,275.019052,282.835475,273.408189,281.188475,281.188475,4413819
2019-12-26,281.188475,282.606198,275.289835,276.684851,276.684851,5879878
2019-12-27,276.684851,279.127552,276.037732,278.476244,278.476244,12380996
2019-12-30,278.476244,286.035542,277.324218,284.857119,284.857119,3530058
2019-12-31,284.857119,286.645885,281.735478,283.515821,283.515821,5587233
2020-01-01,283.515821,289.040178,282.851845,288.364846,288.364846,5637440
2020-01-02,288.364846,289.566835,280.918250,282.094101,282.094101,2205142
2020-01-03,282.094101,286.341440,281.973701,286.219280,286.219280,10047205
2020-01-06,286.219280,287.930427,281.871394,283.566683,283.566683,5203993
2020-01-07,283.566683,287.434557,282.325912,286.182340,286.182340,10417035
2020-01-08,286.182340,286.778895,283.187993,283.779539,283.779539,4108538
2020-01-09,283.779539,284.117066,280.092704,280.426242,280.426242,6335172
2020-01-10,280.426242,281.746896,277.198205,278.509834,278.509834,5554261
2020-01-13,278.509834,281.569039,277.521814,280.573697,280.573697,5981293
2020-01-14,280.573697,281.441047,272.949222,273.795618,273.795618,5549318
2020-01-15,273.795618,280.545262,272.024619,278.742266,278.742266,3007609
2020-01-16,278.742266,279.262267,276.754679,277.271937,277.271937,2883575
2020-01-17,277.271937,283.925470,276.785555,283.428289,283.428289,5671960
2020-01-20,283.428289,285.869909,280.517778,282.955323,282.955323,5067913
2020-01-21,282.955323,282.994252,278.948826,278.987209,278.987209,4821168
2020-01-22,278.987209,279.385712,276.636522,277.032233,277.032233,6036479
2020-01-23,277.032233,286.859927,276.565459,286.377408,286.377408,5879004
2020-01-24,286.377408,289.655742,285.111782,288.381260,288.381260,4533467
2020-01-27,288.381260,289.046998,287.025583,287.689725,287.689725,3773775
2020-01-28,287.689725,292.060516,286.549278,290.907314,290.907314,3075623
2020-01-29,290.907314,298.468549,290.479153,298.029904,298.029904,7055069
2020-01-30,298.029904,301.671800,297.450166,301.086118,301.086118,7206298
2020-01-31,301.086118,305.815132,299.899574,304.614683,304.614683,9776422
2020-02-03,304.614683,305.435326,304.413425,305.233658,305.233658,9997314
2020-02-04,305.233658,307.137980,304.234417,306.135785,306.135785,6674815
2020-02-05,306.135785,307.292917,300.748870,301.889953,301.889953,6013284
2020-02-06,301.889953,311.784848,300.201743,310.051001,310.051001,3783846
2020-02-07,310.051001,318.652406,308.532461,317.099346,317.099346,4202763
2020-02-10,317.099346,317.188165,312.410996,312.498527,312.498527,5714527
2020-02-11,312.498527,313.556964,309.659275,310.711660,310.711660,13715154
2020-02-12,310.711660,314.773599,309.664811,313.716626,313.716626,8727601
2020-02-13,313.716626,315.290494,310.098373,311.661933,311.661933,7982900
2020-02-14,311.661933,314.111769,307.518689,309.955109,309.955109,4125243
2020-02-17,309.955109,311.608202,307.751453,309.401594,309.401594,2913552
2020-02-18,309.401594,310.165293,303.703024,304.454512,304.454512,3740954
2020-02-19,304.454512,306.257575,303.615466,305.415879,305.415879,4533056
2020-02-20,305.415879,307.101502,293.501987,295.130845,295.130845,5237879
2020-02-21,295.130845,296.944827,275.182703,276.884537,276.884537,4911439
2020-02-24,276.884537,277.631342,262.641422,263.351726,263.351726,6334162
2020-02-25,263.351726,264.153615,233.608163,234.321657,234.321657,6360928
2020-02-26,234.321657,236.589727,215.139405,217.242158,217.242158,4748201
2020-02-27,217.242158,217.308979,212.280042,212.345358,212.345358,8452736
2020-02-28,212.345358,212.399976,197.714990,197.765858,197.765858,8972819
2020-03-02,197.765858,218.801991,196.988914,217.945768,217.945768,5731577
2020-03-03,217.945768,219.689337,217.345724,219.086153,219.086153,5562526
2020-03-04,219.086153,220.263993,205.969481,207.082789,207.082789,8139612
2020-03-05,207.082789,207.710822,197.499197,198.099987,198.099987,5255063
2020-03-06,198.099987,199.648064,197.731019,199.276904,199.276904,6011933
2020-03-09,199.276904,203.779198,198.117917,202.600879,202.600879,5331288
2020-03-10,202.600879,202.812690,198.581443,198.789269,198.789269,6069606
2020-03-11,198.789269,206.139839,198.158035,205.487336,205.487336,6846119
2020-03-12,205.487336,206.682930,197.763422,198.920810,198.920810,4726917
2020-03-13,198.920810,202.859968,197.481433,201.402633,201.402633,5576538
2020-03-16,201.402633,201.508413,200.089869,200.195014,200.195014,4235761
2020-03-17,200.195014,200.330358,190.371756,190.500545,190.500545,8072803
2020-03-18,190.500545,200.694555,189.702589,199.857405,199.857405,5331821
2020-03-19,199.857405,205.289983,199.628700,205.055330,205.055330,6561415
2020-03-20,205.055330,205.624406,199.978232,200.534763,200.534763,10226947
2020-03-23,200.534763,201.104279,190.779111,191.322465,191.322465,4573053
2020-03-24,191.322465,192.057758,190.933741,191.668332,191.668332,4818481
2020-03-25,191.668332,193.286602,190.506716,192.122235,192.122235,8591697
2020-03-26,192.122235,192.483783,189.837025,190.194946,190.194946,3242270
2020-03-27,190.194946,192.380861,189.392652,191.572755,191.572755,12463677
2020-03-30,191.572755,191.997054,191.320275,191.744348,191.744348,8469772
2020-03-31,191.744348,192.497912,189.554218,190.302114,190.302114,6141216
2020-04-01,190.302114,194.833450,189.449602,193.964533,193.964533,2522643
2020-04-02,193.964533,195.114438,193.922704,195.072370,195.072370,10592853
2020-04-03,195.072370,195.492914,192.319751,192.735257,192.735257,8664702
2020-04-06,192.735257,192.958841,187.168824,187.386203,187.386203,5466214
2020-04-07,187.386203,187.826460,184.361183,184.795352,184.795352,8049804
2020-04-08,184.795352,188.589843,184.518410,188.307637,188.307637,4573851
2020-04-09,188.307637,194.409828,187.629722,193.712455,193.712455,5676643
2020-04-10,193.712455,194.298438,193.040329,193.626051,193.626051,3770341
2020-04-13,193.626051,195.226744,193.578663,195.178975,195.178975,9601674
2020-04-14,195.178975,196.342701,194.785839,195.948016,195.948016,9084445
2020-04-15,195.948016,199.782851,193.039420,196.860707,196.860707,5933818
2020-04-16,196.860707,196.991465,196.507214,196.637825,196.637825,9775233
2020-04-17,196.637825,197.132631,195.999960,196.494405,196.494405,5118860
2020-04-20,196.494405,197.212941,190.291003,190.989409,190.989409,7062364
2020-04-21,190.989409,193.254449,190.804631,193.067660,193.067660,6788659
2020-04-22,193.067660,197.008020,192.542819,196.473919,196.473919,6315672
2020-04-23,196.473919,196.999726,192.830144,193.347584,193.347584,4324432
2020-04-24,193.347584,195.220261,192.289452,194.157695,194.157695,5207078
2020-04-27,194.157695,194.992125,190.304582,191.125982,191.125982,5265438
2020-04-28,191.125982,191.545032,189.866111,190.283313,190.283313,5512026
2020-04-29,190.283313,190.477353,189.641685,189.835268,189.835268,7304692
2020-04-30,189.835268,190.743158,189.246706,190.153609,190.153609,5092822
2020-05-01,190.153609,190.623759,189.251185,189.720264,189.720264,6076350
2020-05-04,189.720264,191.238121,189.067990,190.582881,190.582881,5092017
2020-05-05,190.582881,192.219901,190.060603,191.694576,191.694576,6390926
2020-05-06,191.694576,191.980101,189.886232,190.169485,190.169485,7280331
2020-05-07,190.169485,194.593462,189.393110,193.802256,193.802256,7595544
2020-05-08,193.802256,193.948288,191.798122,191.942752,191.942752,3512496
2020-05-11,191.942752,193.492653,191.392643,192.939687,192.939687,5742988
2020-05-12,192.939687,197.487101,192.393105,196.929217,196.929217,5845732
2020-05-13,196.929217,200.309369,195.790105,199.157368,199.157368,9423296
2020-05-14,199.157368,199.589833,196.739919,197.168064,197.168064,7224682
2020-05-15,197.168064,197.186932,195.258309,195.276996,195.276996,3140965
2020-05-18,195.276996,195.331563,193.317388,193.371423,193.371423,5429750
2020-05-19,193.371423,193.530150,186.941906,187.095482,187.095482,4651665
2020-05-20,187.095482,187.585696,185.594380,186.081939,186.081939,7833849
2020-05-21,186.081939,187.194135,184.633703,185.743878,185.743878,6809728
2020-05-22,185.743878,192.964725,185.271745,192.475480,192.475480,12095926
2020-05-25,192.475480,193.181927,191.707296,192.413516,192.413516,3009788
2020-05-26,192.413516,194.551916,192.032413,194.167339,194.167339,7087097
2020-05-27,194.167339,196.231018,193.404108,195.462696,195.462696,9154551
2020-05-28,195.462696,197.076645,194.278438,195.889800,195.889800,4342604
2020-05-29,195.889800,196.636027,195.435153,196.180704,196.180704,3038419
2020-06-01,196.180704,197.887947,193.737115,195.437894,195.437894,5069132
2020-06-02,195.437894,195.761035,193.996765,194.318055,194.318055,12178400
2020-06-03,194.318055,194.635540,188.095864,188.403685,188.403685,7363285
2020-06-04,188.403685,192.174243,188.030451,191.794292,191.794292,8919443
2020-06-05,191.794292,192.370695,181.775132,182.323070,182.323070,2044055
2020-06-08,182.323070,183.604678,182.289363,183.570740,183.570740,8038001
2020-06-09,183.570740,184.235578,183.301283,183.965542,183.965542,7997138
2020-06-10,183.965542,185.336226,180.438385,181.792881,181.792881,7561923
2020-06-11,181.792881,181.855305,180.150370,180.212251,180.212251,6794230
2020-06-12,180.212251,185.508427,179.699476,184.982080,184.982080,3607186
2020-06-15,184.982080,185.452136,183.734282,184.202357,184.202357,7949377
2020-06-16,184.202357,186.102248,183.931821,185.829322,185.829322,4980254
2020-06-17,185.829322,185.873678,183.779940,183.823818,183.823818,5572994
2020-06-18,183.823818,184.210414,183.125700,183.511639,183.511639,4448623
2020-06-19,183.511639,183.718617,181.963184,182.168648,182.168648,8656918
2020-06-22,182.168648,182.626540,180.257526,180.711756,180.711756,6960588
2020-06-23,180.711756,182.256680,179.935510,181.477147,181.477147,2795850
2020-06-24,181.477147,182.080638,177.368869,177.960666,177.960666,4931309
2020-06-25,177.960666,179.096486,176.928474,178.063696,178.063696,5401045
2020-06-26,178.063696,179.309287,175.474003,176.710126,176.710126,8561848
2020-06-29,176.710126,176.734160,176.015295,176.039238,176.039238,6859338
2020-06-30,176.039238,176.070723,170.600912,170.631431,170.631431,3302460
2020-07-01,170.631431,173.662038,170.438079,173.465476,173.465476,6598035
2020-07-02,173.465476,174.179790,172.330355,173.042929,173.042929,8605061
2020-07-03,173.042929,173.603678,169.508373,170.059454,170.059454,7683660
2020-07-06,170.059454,170.337867,166.325273,166.598020,166.598020,5571658
2020-07-07,166.598020,166.729589,164.449028,164.579003,164.579003,4763275
2020-07-08,164.579003,165.876956,164.565604,165.863452,165.863452,5155547
2020-07-09,165.863452,166.646107,162.761779,163.533439,163.533439,8029586
2020-07-10,163.533439,163.557681,162.849465,162.873609,162.873609,7753527
2020-07-13,162.873609,163.080827,161.350602,161.556144,161.556144,12314559
2020-07-14,161.556144,170.817180,161.113268,170.350196,170.350196,4369697
2020-07-15,170.350196,172.974932,170.230515,172.853492,172.853492,5531083
2020-07-16,172.853492,172.989108,170.340912,170.474662,170.474662,7544705
2020-07-17,170.474662,176.852233,170.191795,176.559269,176.559269,12074735
2020-07-20,176.559269,180.539897,175.740458,179.706490,179.706490,3622070
2020-07-21,179.706490,180.321747,175.402319,176.004903,176.004903,7413087
2020-07-22,176.004903,176.522937,175.107152,175.624066,175.624066,5534082
2020-07-23,175.624066,175.628635,174.077467,174.081997,174.081997,4814540
2020-07-24,174.081997,175.120852,168.507497,169.519123,169.519123,7353796
2020-07-27,169.519123,170.060452,168.994514,169.535791,169.535791,3966838
2020-07-28,169.535791,170.213513,167.183758,167.854760,167.854760,5729104
2020-07-29,167.854760,170.307089,167.419365,169.866476,169.866476,7042544
2020-07-30,169.866476,170.232520,166.884916,167.245312,167.245312,7593608
2020-07-31,167.245312,167.373269,165.323763,165.450346,165.450346,13141160
2020-08-03,165.450346,169.315730,165.380485,169.244267,169.244267,4708490
2020-08-04,169.244267,169.433763,168.164891,168.353390,168.353390,8347858
2020-08-05,168.353390,171.990408,167.814721,171.441857,171.441857,4445100
2020-08-06,171.441857,171.699727,171.115987,171.373755,171.373755,8862843
2020-08-07,171.373755,172.553451,171.103547,172.281812,172.281812,5747786
2020-08-10,172.281812,173.012607,168.351261,169.068426,169.068426,4242272
2020-08-11,169.068426,171.465936,168.401204,170.791912,170.791912,8845489
2020-08-12,170.791912,173.809048,170.235491,173.244637,173.244637,5896805
2020-08-13,173.244637,175.000677,172.491663,174.243363,174.243363,9574164
2020-08-14,174.243363,174.717672,173.208632,173.681412,173.681412,8282138
2020-08-17,173.681412,174.668206,169.344781,170.312433,170.312433,10062768
2020-08-18,170.312433,171.630522,169.701122,171.016683,171.016683,4964917
2020-08-19,171.016683,171.992410,169.903767,170.878707,170.878707,6677154
2020-08-20,170.878707,172.737118,170.865916,172.724189,172.724189,6255034
2020-08-21,172.724189,173.035405,170.922198,171.230723,171.230723,11330671
2020-08-24,171.230723,174.280561,170.846115,173.889980,173.889980,3544458
2020-08-25,173.889980,176.484547,173.262327,175.849820,175.849820,6320722
2020-08-26,175.849820,176.261708,172.157786,172.561972,172.561972,4579512
2020-08-27,172.561972,179.110961,172.256351,178.794302,178.794302,2844217
2020-08-28,178.794302,181.977176,178.788821,181.971598,181.971598,6249615
2020-08-31,181.971598,182.334697,179.788580,180.148040,180.148040,11891432
2020-09-01,180.148040,180.743665,178.714090,179.306933,179.306933,3403169
2020-09-02,179.306933,182.242723,178.232155,181.156856,181.156856,6526414
2020-09-03,181.156856,184.477687,180.092211,183.399860,183.399860,9141651
2020-09-04,183.399860,183.695317,182.361294,182.655552,182.655552,3527114
2020-09-07,182.655552,185.789267,181.722266,184.844795,184.844795,5135852
2020-09-08,184.844795,185.826716,182.329407,183.303138,183.303138,6899262
2020-09-09,183.303138,184.367121,178.903361,179.947868,179.947868,3253544
2020-09-10,179.947868,180.810745,178.886529,179.748450,179.748450,6177393
2020-09-11,179.748450,181.244095,179.197678,180.690437,180.690437,7217659
2020-09-14,180.690437,182.736981,178.373943,180.417394,180.417394,4971763
2020-09-15,180.417394,180.505782,179.517803,179.605792,179.605792,9997194
2020-09-16,179.605792,180.759695,178.969098,180.121174,180.121174,5569226
2020-09-17,180.121174,181.675324,178.822595,180.374915,180.374915,3283552
2020-09-18,180.374915,180.705633,177.263447,177.589058,177.589058,9448688
2020-09-21,177.589058,180.916702,177.356448,180.680043,180.680043,8085274
2020-09-22,180.680043,185.535951,180.640810,185.495673,185.495673,8868701
2020-09-23,185.495673,185.501857,183.868696,183.874826,183.874826,5642979
2020-09-24,183.874826,184.611282,182.162401,182.894932,182.894932,7984199
2020-09-25,182.894932,194.583861,181.757964,193.381703,193.381703,7613698
2020-09-28,193.381703,195.894158,193.259276,195.770220,195.770220,4452869
2020-09-29,195.770220,197.863386,195.728687,197.821418,197.821418,5376836
2020-09-30,197.821418,197.876197,196.380006,196.434400,196.434400,5530188
2020-10-01,196.434400,196.984748,193.914752,194.459568,194.459568,8237443
2020-10-02,194.459568,195.295152,193.756383,194.591490,194.591490,6798700
2020-10-05,194.591490,196.174316,194.589256,196.172064,196.172064,3273565
2020-10-06,196.172064,196.441949,195.446426,195.715683,195.715683,6284754
2020-10-07,195.715683,196.798384,190.876095,191.937897,191.937897,4354039
2020-10-08,191.937897,197.841273,190.999751,196.878976,196.878976,4264000
2020-10-09,196.878976,198.139051,196.829668,198.089439,198.089439,7739298
2020-10-12,198.089439,200.555827,197.856783,200.320551,200.320551,7442578
2020-10-13,200.320551,201.861090,199.182113,200.720379,200.720379,3975723
2020-10-14,200.720379,203.116170,200.676859,203.072140,203.072140,5376899
2020-10-15,203.072140,204.644729,201.788541,203.359315,203.359315,4926137
2020-10-16,203.359315,204.717212,203.002254,204.358397,204.358397,3157412
2020-10-19,204.358397,206.217321,202.631418,204.489236,204.489236,5631951
2020-10-20,204.489236,207.651436,204.091009,207.247836,207.247836,4186737
2020-10-21,207.247836,210.282789,206.319169,209.344725,209.344725,4721316
2020-10-22,209.344725,209.412039,202.271653,202.336713,202.336713,3614000
2020-10-23,202.336713,203.049175,201.050920,201.761356,201.761356,5984970
2020-10-26,201.761356,202.425899,200.109727,200.771008,200.771008,5661086
2020-10-27,200.771008,207.456987,200.089259,206.754918,206.754918,8699739
2020-10-28,206.754918,209.930851,205.529928,208.694370,208.694370,3603060
2020-10-29,208.694370,210.917772,208.123216,210.342109,210.342109,7534485
2020-10-30,210.342109,214.307675,209.695570,213.650965,213.650965,6860463
2020-11-02,213.650965,214.267661,213.437625,214.053919,214.053919,5498870
2020-11-03,214.053919,221.728257,213.382159,221.034590,221.034590,4358114
2020-11-04,221.034590,225.265322,220.357210,224.577085,224.577085,5682443
2020-11-05,224.577085,227.304468,224.209948,226.933479,226.933479,4377887
2020-11-06,226.933479,227.258807,226.592262,226.917567,226.917567,7694694
2020-11-09,226.917567,232.228829,226.666304,231.971969,231.971969,4486203
2020-11-10,231.971969,232.212778,228.430510,228.667888,228.667888,5426492
2020-11-11,228.667888,228.937535,228.440760,228.710365,228.710365,5284204
2020-11-12,228.710365,229.079353,223.012103,223.372480,223.372480,3780746
2020-11-13,223.372480,224.544190,223.152215,224.322988,224.322988,6185708
2020-11-16,224.322988,232.051226,223.304378,231.002286,231.002286,4190057
2020-11-17,231.002286,232.733876,224.772627,226.470245,226.470245,7272340
2020-11-18,226.470245,230.747898,225.474517,229.737804,229.737804,4673588
2020-11-19,229.737804,229.984252,228.850275,229.096034,229.096034,8317152
2020-11-20,229.096034,229.112552,227.239348,227.255734,227.255734,3723659
2020-11-23,227.255734,228.294794,222.812602,223.836027,223.836027,5232796
2020-11-24,223.836027,224.917881,223.212866,224.293446,224.293446,7736189
2020-11-25,224.293446,224.940243,220.211335,220.848196,220.848196,4769562
2020-11-26,220.848196,221.686513,219.034506,219.869107,219.869107,3953046
2020-11-27,219.869107,220.286399,219.819364,220.236572,220.236572,5461263
2020-11-30,220.236572,221.148329,220.141562,221.052967,221.052967,8486386
2020-12-01,221.052967,229.012885,219.773911,227.695395,227.695395,7810753
2020-12-02,227.695395,233.696159,225.837856,231.805093,231.805093,7274511
2020-12-03,231.805093,232.470410,231.477639,232.142479,232.142479,4168548
2020-12-04,232.142479,232.693450,231.407623,231.958156,231.958156,7243473
2020-12-07,231.958156,237.581125,230.930871,236.533577,236.533577,4625073
2020-12-08,236.533577,238.521291,231.891765,233.856987,233.856987,3988768
2020-12-09,233.856987,234.508016,233.621048,234.271658,234.271658,5760842
2020-12-10,234.271658,237.834590,233.166167,236.717557,236.717557,6004585
2020-12-11,236.717557,237.178350,231.780933,232.232996,232.232996,7106830
2020-12-14,232.232996,234.274350,231.865757,233.904468,233.904468,5923101
2020-12-15,233.904468,234.260675,231.628358,231.981636,231.981636,6366125
2020-12-16,231.981636,232.355773,231.696270,232.070297,232.070297,8290853
2020-12-17,232.070297,232.316180,229.492467,229.735876,229.735876,2949896
2020-12-18,229.735876,230.239044,225.295653,225.790179,225.790179,4384471
2020-12-21,225.790179,232.041535,225.016709,231.249364,231.249364,1963638
2020-12-22,231.249364,234.420480,229.035477,232.197517,232.197517,4294250
2020-12-23,232.197517,233.703268,230.218580,231.721243,231.721243,5840961
2020-12-24,231.721243,233.529631,231.681484,233.489569,233.489569,6072989
2020-12-25,233.489569,234.080987,227.747895,228.326235,228.326235,4323705
2020-12-28,228.326235,228.972464,221.070196,221.697664,221.697664,5774579
2020-12-29,221.697664,226.385321,220.857146,225.530272,225.530272,5148568
2020-12-30,225.530272,227.014776,224.402137,225.884867,225.884867,5527703
2020-12-31,225.884867,226.880565,219.305139,220.276114,220.276114,4650611
2021-01-01,220.276114,220.440666,218.716340,218.879848,218.879848,5166173
2021-01-04,218.879848,219.141180,209.930458,210.181404,210.181404,8125936
2021-01-05,210.181404,210.885684,208.900144,209.602483,209.602483,3323532
2021-01-06,209.602483,209.790524,208.868303,209.055853,209.055853,8098944
2021-01-07,209.055853,209.593185,207.881435,208.417125,208.417125,5384132
2021-01-08,208.417125,211.716738,208.048810,211.343252,211.343252,3395880
2021-01-11,211.343252,212.055377,209.390443,210.098373,210.098373,6431600
2021-01-12,210.098373,210.145812,206.382194,206.428804,206.428804,10401500
2021-01-13,206.428804,212.169156,205.530509,211.249882,211.249882,7956608
2021-01-14,211.249882,212.263504,208.908604,209.915826,209.915826,6018303
2021-01-15,209.915826,211.157247,205.865373,207.090083,207.090083,4039049
2021-01-18,207.090083,207.972090,203.777036,204.648645,204.648645,4724735
2021-01-19,204.648645,205.457243,200.984991,201.782264,201.782264,8501370
2021-01-20,201.782264,202.268450,200.047373,200.530543,200.530543,6301686
2021-01-21,200.530543,204.582373,199.005138,203.037896,203.037896,5938834
2021-01-22,203.037896,203.904920,198.043649,198.892973,198.892973,6045735
2021-01-25,198.892973,201.190853,196.742316,199.038622,199.038622,8234852
2021-01-26,199.038622,201.434395,197.512387,199.901544,199.901544,12095974
2021-01-27,199.901544,201.991383,198.647731,200.732360,200.732360,6489829
2021-01-28,200.732360,206.405893,200.464561,206.130892,206.130892,6602636
2021-01-29,206.130892,206.310843,204.755347,204.934253,204.934253,5390454
2021-02-01,204.934253,204.989367,202.913789,202.968374,202.968374,6291461
2021-02-02,202.968374,208.326737,202.028002,207.365990,207.365990,4441494
2021-02-03,207.365990,207.879074,202.281560,202.783305,202.783305,5392297
2021-02-04,202.783305,203.487985,197.487596,198.176266,198.176266,8529623
2021-02-05,198.176266,199.057568,194.354708,195.222875,195.222875,6595241
2021-02-08,195.222875,195.394808,194.102877,194.273974,194.273974,5945293
2021-02-09,194.273974,199.193325,193.198404,198.096592,198.096592,5047481
2021-02-10,198.096592,198.732497,194.349743,194.975630,194.975630,6717946
2021-02-11,194.975630,195.039878,194.193010,194.257022,194.257022,4903004
2021-02-12,194.257022,196.275753,189.891959,191.886050,191.886050,6528885
2021-02-15,191.886050,193.593451,190.991501,192.695130,192.695130,13115260
2021-02-16,192.695130,193.198980,191.882301,192.385342,192.385342,4442301
2021-02-17,192.385342,193.324213,190.159839,191.092401,191.092401,10255153
2021-02-18,191.092401,192.211751,186.781095,187.881638,187.881638,6139348
2021-02-19,187.881638,189.144389,187.777964,189.040076,189.040076,7358028
2021-02-22,189.040076,189.857049,185.006964,185.809978,185.809978,5612366
2021-02-23,185.809978,187.616607,185.601605,187.406444,187.406444,3108910
2021-02-24,187.406444,187.730486,182.314360,182.630143,182.630143,5948217
2021-02-25,182.630143,186.360309,181.712328,185.428430,185.428430,5819943
2021-02-26,185.428430,189.898227,184.734093,189.189805,189.189805,4549990
2021-03-01,189.189805,189.749805,186.775188,187.329681,187.329681,4739889
2021-03-02,187.329681,188.509442,182.968588,184.128186,184.128186,8073040
2021-03-03,184.128186,186.964602,183.914574,186.747950,186.747950,4685769
2021-03-04,186.747950,186.977504,184.643329,184.870575,184.870575,7002031
2021-03-05,184.870575,188.308061,184.660333,188.094153,188.094153,4960808
2021-03-08,188.094153,188.757788,183.508611,184.158359,184.158359,4847426
2021-03-09,184.158359,184.808859,180.934366,181.575743,181.575743,6154633
2021-03-10,181.575743,191.163948,180.333109,189.864589,189.864589,5269748
2021-03-11,189.864589,191.610523,189.450714,191.193751,191.193751,7209675
2021-03-12,191.193751,193.789566,191.115214,193.709995,193.709995,3991186
2021-03-15,193.709995,195.411745,191.735766,193.435102,193.435102,4271004
2021-03-16,193.435102,193.492437,192.363716,192.420751,192.420751,3106050
2021-03-17,192.420751,194.360109,185.605697,187.495414,187.495414,6519319
2021-03-18,187.495414,188.742633,186.169166,187.415855,187.415855,4218075
2021-03-19,187.415855,192.142470,186.978869,191.695505,191.695505,6958493
2021-03-22,191.695505,192.907583,190.900047,192.110403,192.110403,7186096
2021-03-23,192.110403,192.110554,191.219780,191.219929,191.219929,8189658
2021-03-24,191.219929,191.890361,188.898710,189.563334,189.563334,3649806
2021-03-25,189.563334,196.163170,189.403046,195.997441,195.997441,10049472
2021-03-26,195.997441,196.004984,194.568902,194.576390,194.576390,6359228
2021-03-29,194.576390,194.739116,190.041752,190.200819,190.200819,8020014
2021-03-30,190.200819,195.294432,189.968712,195.056399,195.056399,10155347
2021-03-31,195.056399,199.027074,194.759826,198.724923,198.724923,4958944
2021-04-01,198.724923,201.946910,198.092996,201.306773,201.306773,7003034
2021-04-02,201.306773,201.497002,200.558541,200.748242,200.748242,9674786
2021-04-05,200.748242,204.021915,200.515919,203.786077,203.786077,5691204
2021-04-06,203.786077,204.914387,200.094718,201.208758,201.208758,15383849
2021-04-07,201.208758,201.831235,200.242080,200.863490,200.863490,5266710
2021-04-08,200.863490,202.855836,200.164522,202.152384,202.152384,3864205
2021-04-09,202.152384,208.498195,202.119676,208.464465,208.464465,4775998
2021-04-12,208.464465,208.565786,205.967103,206.067259,206.067259,4301984
2021-04-13,206.067259,208.670793,204.957896,207.553429,207.553429,4550842
2021-04-14,207.553429,209.195456,204.565879,206.197176,206.197176,6651977
2021-04-15,206.197176,206.761554,202.546290,203.102197,203.102197,7814884
2021-04-16,203.102197,209.110181,202.409360,208.399275,208.399275,17596459
2021-04-19,208.399275,208.946933,204.204832,204.742882,204.742882,4569298
2021-04-20,204.742882,209.720341,204.319624,209.287688,209.287688,3108436
2021-04-21,209.287688,215.438179,208.515415,214.646133,214.646133,9940178
2021-04-22,214.646133,215.454020,213.634141,214.441257,214.441257,5625199
2021-04-23,214.441257,220.200903,214.332448,220.089228,220.089228,5199051
2021-04-26,220.089228,221.333983,218.610288,219.853711,219.853711,10134557
2021-04-27,219.853711,220.271674,218.277919,218.693676,218.693676,8701852
2021-04-28,218.693676,224.914931,217.055606,223.242787,223.242787,4905916
2021-04-29,223.242787,226.030691,222.679733,225.462039,225.462039,4491153
2021-04-30,225.462039,229.905744,224.274379,228.701022,228.701022,4135347
2021-05-03,228.701022,229.878173,222.338059,223.488380,223.488380,4394731
2021-05-04,223.488380,223.558889,217.501986,217.570628,217.570628,9611079
2021-05-05,217.570628,217.845686,215.699991,215.973028,215.973028,5642921
2021-05-06,215.973028,217.073682,215.489937,216.589213,216.589213,2357291
2021-05-07,216.589213,218.813786,215.403436,217.622353,217.622353,7585218
2021-05-10,217.622353,217.668562,217.111662,217.157772,217.157772,9914275
2021-05-11,217.157772,217.891155,216.738761,217.471539,217.471539,4215681
2021-05-12,217.471539,217.860789,214.229549,214.613684,214.613684,6788286
2021-05-13,214.613684,219.603392,213.857577,218.832422,218.832422,4350022
2021-05-14,218.832422,219.919613,218.722803,219.809504,219.809504,4029482
2021-05-17,219.809504,222.494164,218.961424,221.639025,221.639025,8667289
2021-05-18,221.639025,222.197318,214.637038,215.179058,215.179058,10113700
2021-05-19,215.179058,218.011411,214.695982,217.523073,217.523073,6894042
2021-05-20,217.523073,217.826162,216.955521,217.258242,217.258242,5751236
2021-05-21,217.258242,217.824209,211.927316,212.480838,212.480838,8871867
2021-05-24,212.480838,213.513729,208.417374,209.435461,209.435461,4378789
2021-05-25,209.435461,210.454915,209.215723,210.234340,210.234340,4049728
2021-05-26,210.234340,210.521167,208.132993,208.417341,208.417341,5309770
2021-05-27,208.417341,208.813709,207.745385,208.141228,208.141228,5708294
2021-05-28,208.141228,212.381976,207.516456,211.746383,211.746383,7561582
2021-05-31,211.746383,212.748624,206.050306,207.030224,207.030224,7031706
2021-06-01,207.030224,207.525831,202.736829,203.223323,203.223323,8056956
2021-06-02,203.223323,203.637311,199.235157,199.641849,199.641849,2846819
2021-06-03,199.641849,200.021036,196.105124,196.478303,196.478303,11261987
2021-06-04,196.478303,200.096255,195.610210,199.216065,199.216065,7501392
2021-06-07,199.216065,200.091632,198.226642,199.101706,199.101706,2851727
2021-06-08,199.101706,203.260073,198.231582,202.375642,202.375642,5178752
2021-06-09,202.375642,202.455864,197.377333,197.455605,197.455605,4959115
2021-06-10,197.455605,198.424381,195.564454,196.528682,196.528682,6390004
2021-06-11,196.528682,197.009193,195.678374,196.157978,196.157978,4139090
2021-06-14,196.157978,198.873607,195.978407,198.691717,198.691717,4008850
2021-06-15,198.691717,198.886600,197.826309,198.020533,198.020533,4818634
2021-06-16,198.020533,199.134899,197.719909,198.833041,198.833041,8396235
2021-06-17,198.833041,202.078111,197.669798,200.902759,200.902759,4664880
2021-06-18,200.902759,210.665198,200.097624,209.824309,209.824309,9897773
2021-06-21,209.824309,210.035028,206.949205,207.157245,207.157245,7490971
2021-06-22,207.157245,207.664605,206.547881,207.054990,207.054990,8353240
2021-06-23,207.054990,208.025101,204.055299,205.015856,205.015856,3880714
2021-06-24,205.015856,209.135030,204.165559,208.271231,208.271231,5517952
2021-06-25,208.271231,209.230915,206.252570,207.207352,207.207352,3956654
2021-06-28,207.207352,207.647860,204.782442,205.218722,205.218722,7244633
2021-06-29,205.218722,209.329829,205.133764,209.243204,209.243204,3348532
2021-06-30,209.243204,210.285021,208.734859,209.775382,209.775382,3411953
2021-07-01,209.775382,213.805403,209.172954,213.193159,213.193159,3902030
2021-07-02,213.193159,213.648017,210.696277,211.146769,211.146769,6991122
2021-07-05,211.146769,211.924485,206.628118,207.392005,207.392005,2451010
2021-07-06,207.392005,208.744582,206.343866,207.694913,207.694913,4818962
2021-07-07,207.694913,211.747628,206.543177,210.579894,210.579894,5407982
2021-07-08,210.579894,213.223514,210.493370,213.135940,213.135940,4741844
2021-07-09,213.135940,213.356811,204.173999,204.385802,204.385802,4772032
2021-07-12,204.385802,204.920768,202.636710,203.168489,203.168489,4914894
2021-07-13,203.168489,203.952167,201.412603,202.192515,202.192515,5838410
2021-07-14,202.192515,204.371754,201.764853,203.940394,203.940394,7623074
2021-07-15,203.940394,204.098592,201.191092,201.347279,201.347279,8689958
2021-07-16,201.347279,202.284668,200.503603,201.440601,201.440601,3137603
2021-07-19,201.440601,207.871859,200.776038,207.188335,207.188335,5195359
2021-07-20,207.188335,207.282838,206.801592,206.895961,206.895961,4021896
2021-07-21,206.895961,207.122166,206.630882,206.857044,206.857044,4782567
2021-07-22,206.857044,207.131383,203.805877,204.076528,204.076528,5157607
2021-07-23,204.076528,206.307824,203.385396,205.611493,205.611493,4431685
2021-07-26,205.611493,211.071417,205.085215,210.532543,210.532543,3376810
2021-07-27,210.532543,219.083116,209.259749,217.766588,217.766588,5077176
2021-07-28,217.766588,220.308204,211.337570,213.833279,213.833279,5449826
2021-07-29,213.833279,214.176567,210.769431,211.108344,211.108344,7861769
2021-07-30,211.108344,211.779945,209.999463,210.669668,210.669668,6362904
2021-08-02,210.669668,215.496218,208.427996,213.227330,213.227330,5999654
2021-08-03,213.227330,219.270710,212.966031,219.002334,219.002334,5505470
2021-08-04,219.002334,219.015074,217.335781,217.348425,217.348425,5530850
2021-08-05,217.348425,217.452548,216.842310,216.946241,216.946241,7239934
2021-08-06,216.946241,220.778034,215.087003,218.902035,218.902035,9782111
2021-08-09,218.902035,219.153210,217.987380,218.237793,218.237793,6681946
2021-08-10,218.237793,218.552502,214.618246,214.928183,214.928183,9582910
2021-08-11,214.928183,216.951387,214.732094,216.753633,216.753633,7311427
2021-08-12,216.753633,218.482099,211.704085,213.405855,213.405855,4949156
2021-08-13,213.405855,217.883011,212.461912,216.923509,216.923509,5049884
2021-08-16,216.923509,217.213512,213.942872,214.229273,214.229273,4440505
2021-08-17,214.229273,214.835765,212.611713,213.215334,213.215334,7025757
2021-08-18,213.215334,215.878996,213.113920,215.776364,215.776364,7223991
2021-08-19,215.776364,222.025172,214.712373,220.935740,220.935740,5059439
2021-08-20,220.935740,221.916764,219.410766,220.389364,220.389364,6086698
2021-08-23,220.389364,220.411274,220.287626,220.309527,220.309527,12189128
2021-08-24,220.309527,221.894328,216.443381,218.011652,218.011652,5527726
2021-08-25,218.011652,220.555735,217.892985,220.435748,220.435748,3604055
2021-08-26,220.435748,222.272638,215.113648,216.921251,216.921251,6374408
2021-08-27,216.921251,218.659015,216.871984,218.609364,218.609364,6564678
2021-08-30,218.609364,223.078963,218.472536,222.939425,222.939425,2523306
2021-08-31,222.939425,223.497888,218.208355,218.756339,218.756339,4286956
2021-09-01,218.756339,220.542595,218.099165,219.882039,219.882039,6322554
2021-09-02,219.882039,220.989848,219.335176,220.441594,220.441594,5063083
2021-09-03,220.441594,221.642733,215.436092,216.616389,216.616389,6585871
2021-09-06,216.616389,217.007966,215.361683,215.751698,215.751698,6178397
2021-09-07,215.751698,217.402287,214.666695,216.314454,216.314454,4283315
2021-09-08,216.314454,216.723258,214.125646,214.531080,214.531080,4692395
2021-09-09,214.531080,215.193436,213.756081,214.418089,214.418089,4506255
2021-09-10,214.418089,214.925928,211.941749,212.444914,212.444914,10247848
2021-09-13,212.444914,220.884145,211.029355,219.422096,219.422096,5612922
2021-09-14,219.422096,221.586977,217.875645,220.036198,220.036198,6777163
2021-09-15,220.036198,232.308018,218.291518,230.480524,230.480524,9643783
2021-09-16,230.480524,230.823565,226.759853,227.097860,227.097860,5727685
2021-09-17,227.097860,228.067275,211.396133,212.302391,212.302391,9003607
2021-09-20,212.302391,212.311873,211.583746,211.593196,211.593196,4268747
2021-09-21,211.593196,216.111274,211.215751,215.726455,215.726455,5069006
2021-09-22,215.726455,219.519966,213.896044,217.673038,217.673038,7808490
2021-09-23,217.673038,220.110068,216.755180,219.185831,219.185831,6128866
2021-09-24,219.185831,222.212064,219.174364,222.200439,222.200439,6402952
2021-09-27,222.200439,223.882845,221.918691,223.599324,223.599324,2790407
2021-09-28,223.599324,224.440759,220.922417,221.756919,221.756919,4586215
2021-09-29,221.756919,222.496459,220.581986,221.320070,221.320070,6804988
2021-09-30,221.320070,221.680114,215.950763,216.302645,216.302645,6216134
2021-10-01,216.302645,216.422665,211.071050,211.188232,211.188232,6981311
2021-10-04,211.188232,211.198296,207.409298,207.419182,207.419182,5460282
2021-10-05,207.419182,213.475601,206.921502,212.964615,212.964615,5915613
2021-10-06,212.964615,216.508872,211.443132,214.973040,214.973040,5589899
2021-10-07,214.973040,219.125053,214.503452,218.647439,218.647439,5607672
2021-10-08,218.647439,218.843762,214.896690,215.089819,215.089819,9251930
2021-10-11,215.089819,215.467663,213.640086,214.016044,214.016044,6035661
2021-10-12,214.016044,218.190471,212.454569,216.610069,216.610069,7328329
2021-10-13,216.610069,227.713740,215.234327,226.276603,226.276603,5570913
2021-10-14,226.276603,226.769031,222.543891,223.029252,223.029252,3070173
2021-10-15,223.029252,223.443433,217.907284,218.312706,218.312706,4528163
2021-10-18,218.312706,220.534539,217.957682,220.176484,220.176484,5408288
2021-10-19,220.176484,221.585050,214.373833,215.754107,215.754107,4603584
2021-10-20,215.754107,220.748563,214.553359,219.526819,219.526819,8599392
2021-10-21,219.526819,220.550872,215.920583,216.932534,216.932534,2832871
2021-10-22,216.932534,221.251371,216.448846,220.759151,220.759151,4415726
2021-10-25,220.759151,223.083969,219.079954,221.399898,221.399898,4269714
2021-10-26,221.399898,221.586306,220.182175,220.367713,220.367713,12211455
2021-10-27,220.367713,225.084899,218.986655,223.683063,223.683063,6014568
2021-10-28,223.683063,224.438731,222.620425,223.375052,223.375052,6523082
2021-10-29,223.375052,223.919814,220.621656,221.161019,221.161019,4111232
2021-11-01,221.161019,223.068867,220.629270,222.533818,222.533818,2964925
2021-11-02,222.533818,223.902088,219.299221,220.655945,220.655945,8898210
2021-11-03,220.655945,221.658890,217.416785,218.409519,218.409519,10961179
2021-11-04,218.409519,219.185660,217.869381,218.644940,218.644940,5821525
2021-11-05,218.644940,219.318684,213.544823,214.204885,214.204885,5882375
2021-11-08,214.204885,217.356280,213.710965,216.856247,216.856247,2321982
2021-11-09,216.856247,217.727470,216.579542,217.450007,217.450007,8231157
2021-11-10,217.450007,222.183513,216.418153,221.134176,221.134176,4612597
2021-11-11,221.134176,221.920900,217.216415,217.991959,217.991959,5004421
2021-11-12,217.991959,219.657418,216.461103,218.125623,218.125623,7708325
2021-11-15,218.125623,218.610332,217.871707,218.356147,218.356147,8457570
2021-11-16,218.356147,224.877819,215.952449,222.429283,222.429283,9170821
2021-11-17,222.429283,223.565777,217.426066,218.542701,218.542701,7658523
2021-11-18,218.542701,221.992261,218.395354,221.842688,221.842688,10339137
2021-11-19,221.842688,222.075482,218.961411,219.191423,219.191423,3946802
2021-11-22,219.191423,224.165918,218.003979,222.958069,222.958069,5032217
2021-11-23,222.958069,224.793409,222.771446,224.605407,224.605407,4740630
2021-11-24,224.605407,225.622161,215.160170,216.138596,216.138596,6128020
2021-11-25,216.138596,216.569938,216.029411,216.460591,216.460591,5192363
2021-11-26,216.460591,216.818132,211.463119,211.812983,211.812983,5374493
2021-11-29,211.812983,211.962136,208.468560,208.615462,208.615462,2623870
2021-11-30,208.615462,209.889523,202.867611,204.114182,204.114182,4258518
2021-12-01,204.114182,204.197055,203.839062,203.921856,203.921856,5654769
2021-12-02,203.921856,210.844556,203.033812,209.930346,209.930346,5635152
2021-12-03,209.930346,212.984448,209.107701,212.153093,212.153093,6223684
2021-12-06,212.153093,217.495096,211.810605,217.144550,217.144550,6421209
2021-12-07,217.144550,220.692821,216.822739,220.366236,220.366236,7610096
2021-12-08,220.366236,220.473590,219.363385,219.470302,219.470302,5726382
2021-12-09,219.470302,220.465983,215.312645,216.293915,216.293915,7760039
2021-12-10,216.293915,217.650916,209.446274,210.768611,210.768611,7985062
2021-12-13,210.768611,211.266340,204.541832,205.026000,205.026000,4521589
2021-12-14,205.026000,208.608090,204.534331,208.109027,208.109027,3355533
2021-12-15,208.109027,208.618471,207.087432,207.595620,207.595620,4167042
2021-12-16,207.595620,209.700664,207.174066,209.275698,209.275698,8804643
2021-12-17,209.275698,213.183862,209.099664,213.004691,213.004691,6178757
2021-12-20,213.004691,214.831006,212.434292,214.257253,214.257253,4474656
2021-12-21,214.257253,215.910007,214.249237,215.901930,215.901930,5311047
2021-12-22,215.901930,216.214086,214.325571,214.635896,214.635896,7217134
2021-12-23,214.635896,215.913277,213.955411,215.230905,215.230905,5988280
2021-12-24,215.230905,217.473688,214.142663,216.379638,216.379638,7129014
2021-12-27,216.379638,221.181108,216.235642,221.034015,221.034015,6820567
2021-12-28,221.034015,225.558293,220.633933,225.150760,225.150760,5404797
2021-12-29,225.150760,226.775027,225.075290,226.699038,226.699038,6549058
2021-12-30,226.699038,228.210023,224.142438,225.646407,225.646407,4939147
2021-12-31,225.646407,225.875457,224.025109,224.252745,224.252745,4394515
2022-01-03,224.252745,231.016624,223.499387,230.243142,230.243142,6638089
2022-01-04,230.243142,235.639974,229.523899,234.906164,234.906164,7675566
2022-01-05,234.906164,241.391315,233.776300,240.235816,240.235816,5663178
2022-01-06,240.235816,250.017039,238.377641,248.098051,248.098051,6242642
2022-01-07,248.098051,248.386337,242.290792,242.572658,242.572658,6355903
2022-01-10,242.572658,246.657699,242.456784,246.539930,246.539930,8511243
2022-01-11,246.539930,247.112624,238.935878,239.492201,239.492201,6989978
2022-01-12,239.492201,241.025981,233.007977,234.509848,234.509848,3879318
2022-01-13,234.509848,236.794352,233.035044,235.314488,235.314488,9452482
2022-01-14,235.314488,240.179468,235.289566,240.154034,240.154034,2976096
2022-01-17,240.154034,240.702116,238.713762,239.259802,239.259802,5174746
2022-01-18,239.259802,242.994877,238.874912,242.604607,242.604607,5175841
2022-01-19,242.604607,242.745270,227.821730,227.953899,227.953899,8523840
2022-01-20,227.953899,230.892109,227.521174,230.454637,230.454637,3845586
2022-01-21,230.454637,236.089497,230.159063,235.787084,235.787084,3043654
2022-01-24,235.787084,236.066298,223.672380,223.937562,223.937562,6605581
2022-01-25,223.937562,224.445435,217.379527,217.873647,217.873647,3719855
2022-01-26,217.873647,221.520923,217.092329,220.729365,220.729365,6671261
2022-01-27,220.729365,222.962334,220.192533,222.421387,222.421387,4761839
2022-01-28,222.421387,223.194777,213.362817,214.107297,214.107297,6350567
2022-01-31,214.107297,215.721629,212.070750,213.681874,213.681874,6053951
2022-02-01,213.681874,214.128140,211.551963,211.994705,211.994705,4912708
2022-02-02,211.994705,216.604995,211.979668,216.589632,216.589632,8632597
2022-02-03,216.589632,216.922327,213.839284,214.168260,214.168260,5836700
2022-02-04,214.168260,218.642625,213.477453,217.939653,217.939653,12410078
2022-02-07,217.939653,217.976392,215.977011,216.013425,216.013425,5387393
2022-02-08,216.013425,219.502154,215.086720,218.564505,218.564505,3590523
2022-02-09,218.564505,219.254335,210.098931,210.764142,210.764142,4751646
2022-02-10,210.764142,213.524683,210.379638,213.135852,213.135852,9375128
2022-02-11,213.135852,217.069773,211.854016,215.772082,215.772082,5730767
2022-02-14,215.772082,218.515397,206.390619,209.048450,209.048450,4166823
2022-02-15,209.048450,212.140359,208.500914,211.586177,211.586177,8404612
2022-02-16,211.586177,216.819320,210.984776,216.204791,216.204791,6920274
2022-02-17,216.204791,223.901973,215.691087,223.371241,223.371241,6127754
2022-02-18,223.371241,226.315098,223.246037,226.188316,226.188316,7375696
2022-02-21,226.188316,232.847180,225.732570,232.378961,232.378961,10704207
2022-02-22,232.378961,233.124328,230.676177,231.418464,231.418464,5643688
2022-02-23,231.418464,241.031910,230.187729,239.756831,239.756831,4149106
2022-02-24,239.756831,245.417260,238.464703,244.101716,244.101716,7385311
2022-02-25,244.101716,246.035863,243.159726,245.090058,245.090058,6062045
2022-02-28,245.090058,245.862699,244.404856,245.177254,245.177254,8718042
2022-03-01,245.177254,245.594577,245.088731,245.505936,245.505936,7624662
2022-03-02,245.505936,246.489544,245.151093,246.133793,246.133793,7391320
2022-03-03,246.133793,248.774697,246.066603,248.706804,248.706804,6092356
2022-03-04,248.706804,249.136383,240.532021,240.948198,240.948198,11507698
2022-03-07,240.948198,241.584505,238.814898,239.447240,239.447240,4649211
2022-03-08,239.447240,239.452015,235.628971,235.633670,235.633670,5790437
2022-03-09,235.633670,244.499724,234.645370,243.478521,243.478521,5417970
2022-03-10,243.478521,244.280307,242.310635,243.111211,243.111211,4759914
2022-03-11,243.111211,265.068864,243.065518,265.019052,265.019052,7857683
2022-03-14,265.019052,268.010846,264.145262,267.130095,267.130095,7435129
2022-03-15,267.130095,273.408359,266.887626,273.160415,273.160415,3908670
2022-03-16,273.160415,277.785008,272.559949,277.175715,277.175715,9580725
2022-03-17,277.175715,277.934152,275.571293,276.327409,276.327409,4577624
2022-03-18,276.327409,278.615157,271.467340,273.733613,273.733613,7547143
2022-03-21,273.733613,274.163231,261.044010,261.454356,261.454356,4176077
2022-03-22,261.454356,270.508548,260.425606,269.448344,269.448344,4699212
2022-03-23,269.448344,281.896467,267.758114,280.139174,280.139174,10325054
2022-03-24,280.139174,282.557515,272.560180,274.933582,274.933582,5152653
2022-03-25,274.933582,275.979532,274.651462,275.696629,275.696629,12628828
2022-03-28,275.696629,276.670910,270.157057,271.115149,271.115149,5710016
2022-03-29,271.115149,276.198891,270.473923,275.547184,275.547184,7106225
2022-03-30,275.547184,277.911761,275.214102,277.576226,277.576226,6450532
2022-03-31,277.576226,278.369845,260.796378,261.544159,261.544159,7089899
2022-04-01,261.544159,265.010380,261.324634,264.788132,264.788132,7308437
2022-04-04,264.788132,266.367849,264.460074,266.038242,266.038242,8017035
2022-04-05,266.038242,272.255851,264.570063,270.761605,270.761605,8878438
2022-04-06,270.761605,271.606552,265.105774,265.935661,265.935661,5388201
2022-04-07,265.935661,267.202016,265.584524,266.849672,266.849672,6893775
2022-04-08,266.849672,266.862384,259.043901,259.056242,259.056242,7369393
2022-04-11,259.056242,259.177826,257.358190,257.479034,257.479034,6618685
2022-04-12,257.479034,260.395446,255.599368,258.508266,258.508266,5097261
2022-04-13,258.508266,258.893582,257.428369,257.812647,257.812647,5020274
2022-04-14,257.812647,257.948445,246.644763,246.774746,246.774746,5772005
2022-04-15,246.774746,247.238692,242.027837,242.483715,242.483715,3691641
2022-04-18,242.483715,244.985307,230.440514,232.842644,232.842644,8452124
2022-04-19,232.842644,233.884511,231.165048,232.204057,232.204057,6929914
2022-04-20,232.204057,233.728922,219.428437,220.878930,220.878930,5464500
2022-04-21,220.878930,228.089403,220.001177,227.186584,227.186584,3548992
2022-04-22,227.186584,228.998117,226.895419,228.705007,228.705007,8601800
2022-04-25,228.705007,229.457922,228.152038,228.904472,228.904472,9185836
2022-04-26,228.904472,230.648766,227.535047,229.277112,229.277112,4690886
2022-04-27,229.277112,230.370281,226.122319,227.205611,227.205611,9083839
2022-04-28,227.205611,227.662858,225.095522,225.549436,225.549436,8629330
2022-04-29,225.549436,235.810150,224.867022,235.098844,235.098844,6393324
2022-05-02,235.098844,235.352936,228.559547,228.806839,228.806839,4815907
2022-05-03,228.806839,229.277763,225.328646,225.793368,225.793368,7858881
2022-05-04,225.793368,234.882589,224.817909,233.872228,233.872228,7591683
2022-05-05,233.872228,236.021759,226.191520,228.289743,228.289743,5765894
2022-05-06,228.289743,229.414528,221.930767,223.029636,223.029636,4105853
2022-05-09,223.029636,233.943518,222.216268,233.093448,233.093448,5175667
2022-05-10,233.093448,234.314605,229.021124,230.227265,230.227265,6025605
2022-05-11,230.227265,235.046885,228.576194,233.373253,233.373253,5743971
2022-05-12,233.373253,237.219437,233.296390,237.141333,237.141333,6515697
2022-05-13,237.141333,237.990436,237.114154,237.963163,237.963163,4553346
2022-05-16,237.963163,239.132693,236.271505,237.438456,237.438456,8078150
2022-05-17,237.438456,238.258253,236.037775,236.855560,236.855560,7693653
2022-05-18,236.855560,237.432079,235.156251,235.730030,235.730030,5608037
2022-05-19,235.730030,236.017166,228.743147,229.022113,229.022113,2793162
2022-05-20,229.022113,238.181636,227.318939,236.423421,236.423421,8639922
2022-05-23,236.423421,236.627370,234.363866,234.566213,234.566213,5031404
2022-05-24,234.566213,235.565795,228.466354,229.444109,229.444109,3625122
2022-05-25,229.444109,230.716837,221.992265,223.230526,223.230526,4354230
2022-05-26,223.230526,223.243273,218.076226,218.088679,218.088679,5048440
2022-05-27,218.088679,218.240666,216.963893,217.115201,217.115201,4223283
2022-05-30,217.115201,225.272720,216.862534,225.010864,225.010864,5671187
2022-05-31,225.010864,228.573428,224.284525,227.837963,227.837963,9837158
2022-06-01,227.837963,229.802998,223.395165,225.338644,225.338644,7496140
2022-06-02,225.338644,225.633239,221.286316,221.575993,221.575993,3357044
2022-06-03,221.575993,226.068841,221.556033,226.048479,226.048479,9157662
2022-06-06,226.048479,227.015449,218.577085,219.516111,219.516111,9371963
2022-06-07,219.516111,220.455484,219.458551,220.397693,220.397693,3693577
2022-06-08,220.397693,221.066082,218.111359,218.774827,218.774827,6598667
2022-06-09,218.774827,218.895124,216.338552,216.457575,216.457575,3367018
2022-06-10,216.457575,217.132226,212.184674,212.848075,212.848075,11781941
2022-06-13,212.848075,219.225845,211.839329,218.191773,218.191773,4578771
2022-06-14,218.191773,219.120553,210.382520,211.281886,211.281886,8996570
2022-06-15,211.281886,211.407915,207.541359,207.665231,207.665231,4356583
2022-06-16,207.665231,213.841822,207.646849,213.822896,213.822896,4366670
2022-06-17,213.822896,216.457116,213.485347,216.115947,216.115947,5317414
2022-06-20,216.115947,224.115102,215.474432,223.451811,223.451811,6737789
2022-06-21,223.451811,224.775128,215.357703,216.640683,216.640683,4004447
2022-06-22,216.640683,217.012729,214.926672,215.296409,215.296409,6051018
2022-06-23,215.296409,216.004694,204.918519,205.594888,205.594888,5073294
2022-06-24,205.594888,207.738464,198.016655,200.102971,200.102971,8021252
2022-06-27,200.102971,206.994005,199.452260,206.323067,206.323067,5111566
2022-06-28,206.323067,207.536380,202.276701,203.473255,203.473255,4439397
2022-06-29,203.473255,207.507309,202.736291,206.758446,206.758446,7523461
2022-06-30,206.758446,208.848953,205.816726,207.902024,207.902024,4175307
2022-07-01,207.902024,209.434552,207.331196,208.861091,208.861091,6124536
2022-07-04,208.861091,211.156511,207.840653,210.129875,210.129875,7416981
2022-07-05,210.129875,210.631712,208.178064,208.676430,208.676430,7675681
2022-07-06,208.676430,208.744020,207.774693,207.842013,207.842013,7817074
2022-07-07,207.842013,208.440339,203.708072,204.296190,204.296190,4476460
2022-07-08,204.296190,204.961825,203.027837,203.691502,203.691502,7866352
2022-07-11,203.691502,205.268261,196.234204,197.765088,197.765088,5966153
2022-07-12,197.765088,199.383354,195.897873,197.514085,197.514085,8324775
2022-07-13,197.514085,203.386545,197.298227,203.164513,203.164513,4261608
2022-07-14,203.164513,204.236717,200.150926,201.212830,201.212830,8865399
2022-07-15,201.212830,202.798491,199.952275,201.535912,201.535912,7023244
2022-07-18,201.535912,201.884130,197.503777,197.845619,197.845619,6021027
2022-07-19,197.845619,199.267347,193.284749,194.683756,194.683756,5003935
2022-07-20,194.683756,195.112799,190.913044,191.334707,191.334707,6601958
2022-07-21,191.334707,194.662856,190.945066,194.267243,194.267243,5113998
2022-07-22,194.267243,194.958178,194.184755,194.875432,194.875432,5281816
2022-07-25,194.875432,195.504994,194.030943,194.659809,194.659809,4002573
2022-07-26,194.659809,194.994341,191.983902,192.314403,192.314403,6817593
2022-07-27,192.314403,193.611231,191.776244,193.070955,193.070955,4118226
2022-07-28,193.070955,194.585539,192.402209,193.913874,193.913874,3962126
2022-07-29,193.913874,194.249323,192.395205,192.728604,192.728604,4361549
2022-08-01,192.728604,200.978194,191.144482,199.339733,199.339733,5931539
2022-08-02,199.339733,201.020068,199.111051,200.789722,200.789722,5333715
2022-08-03,200.789722,201.655166,196.453663,197.304083,197.304083,3289385
2022-08-04,197.304083,199.555331,196.975012,199.223061,199.223061,8521964
2022-08-05,199.223061,200.829504,193.394472,194.966594,194.966594,7925277
2022-08-08,194.966594,195.311721,193.465875,193.808953,193.808953,7972698
2022-08-09,193.808953,196.077917,193.191305,195.455023,195.455023,7403090
2022-08-10,195.455023,202.900013,194.991847,202.420332,202.420332,7109275
2022-08-11,202.420332,204.393038,202.182280,204.152949,204.152949,7884331
2022-08-12,204.152949,204.977274,199.946597,200.757210,200.757210,7096250
2022-08-15,200.757210,200.921873,197.517080,197.679218,197.679218,3682249
2022-08-16,197.679218,198.396797,194.521881,195.230572,195.230572,8802151
2022-08-17,195.230572,195.904526,190.333130,190.992454,190.992454,8349278
2022-08-18,190.992454,191.665584,188.477838,189.144455,189.144455,5139103
2022-08-19,189.144455,189.626637,186.680195,187.157310,187.157310,6497398
2022-08-22,187.157310,188.725919,186.889853,188.456605,188.456605,2888638
2022-08-23,188.456605,190.670248,187.656047,189.863713,189.863713,5444182
2022-08-24,189.863713,192.271807,188.941118,191.342028,191.342028,3380744
2022-08-25,191.342028,198.820165,189.904566,197.337661,197.337661,4795132
2022-08-26,197.337661,197.719509,190.058386,190.426862,190.426862,9877749
2022-08-29,190.426862,190.651913,185.426331,185.645732,185.645732,5031122
2022-08-30,185.645732,188.525808,184.575342,187.445043,187.445043,3968913
2022-08-31,187.445043,187.900750,186.472201,186.926648,186.926648,5317113
2022-09-01,186.926648,187.973269,184.777683,185.818097,185.818097,13321845
2022-09-02,185.818097,186.601656,185.613962,186.396884,186.396884,5528016
2022-09-05,186.396884,187.055703,185.177940,185.834772,185.834772,8701464
2022-09-06,185.834772,199.460763,185.303147,198.891785,198.891785,8700836
2022-09-07,198.891785,199.254697,191.342443,191.692219,191.692219,5181129
2022-09-08,191.692219,192.673758,191.200718,192.181004,192.181004,3235597
2022-09-09,192.181004,196.952124,191.747390,196.508746,196.508746,4142862
2022-09-12,196.508746,197.362150,195.584324,196.437419,196.437419,3859258
2022-09-13,196.437419,198.777917,195.755846,198.090609,198.090609,5912645
2022-09-14,198.090609,198.708902,196.691800,197.307650,197.307650,7365573
2022-09-15,197.307650,197.698787,193.574787,193.959287,193.959287,3839706
2022-09-16,193.959287,194.629154,192.959564,193.628289,193.628289,10165894
2022-09-19,193.628289,193.781963,192.185206,192.337856,192.337856,1658277
2022-09-20,192.337856,192.841442,190.827454,191.328397,191.328397,5542241
2022-09-21,191.328397,193.660051,190.859815,193.186917,193.186917,8314065
2022-09-22,193.186917,194.204471,187.027967,188.018298,188.018298,6769482
2022-09-23,188.018298,188.186288,186.328994,186.495624,186.495624,4332749
2022-09-26,186.495624,186.976929,180.089682,180.555658,180.555658,3365210
2022-09-27,180.555658,182.103773,178.970618,180.518414,180.518414,5265487
2022-09-28,180.518414,181.604695,177.639096,178.714522,178.714522,7828303
2022-09-29,178.714522,179.631958,178.208517,179.124792,179.124792,5582545
2022-09-30,179.124792,181.152668,178.696627,180.720688,180.720688,9741300
2022-10-03,180.720688,182.723125,180.063502,182.061065,182.061065,9943246
2022-10-04,182.061065,190.470396,180.515181,188.866726,188.866726,4745494
2022-10-05,188.866726,189.879436,182.455629,183.439236,183.439236,3645483
2022-10-06,183.439236,184.164019,181.365254,182.084684,182.084684,10709997
2022-10-07,182.084684,183.187619,181.456108,182.557411,182.557411,4555856
2022-10-10,182.557411,187.931155,181.540206,186.889811,186.889811,7250652
2022-10-11,186.889811,192.015708,186.833355,191.957722,191.957722,4715904
2022-10-12,191.957722,194.153797,191.498256,193.690185,193.690185,7008489
2022-10-13,193.690185,193.763157,190.947722,191.019689,191.019689,5005857
2022-10-14,191.019689,194.157876,189.537960,192.663397,192.663397,5740729
2022-10-17,192.663397,193.137279,191.115062,191.586294,191.586294,3302629
2022-10-18,191.586294,192.941079,190.756620,192.109140,192.109140,5568676
2022-10-19,192.109140,197.497722,191.001351,196.365389,196.365389,5105612
2022-10-20,196.365389,196.616933,191.051994,191.297046,191.297046,5885632
2022-10-21,191.297046,192.601879,190.971157,192.274326,192.274326,6572552
2022-10-24,192.274326,193.207365,191.956437,192.888461,192.888461,7538760
2022-10-25,192.888461,193.842356,192.177605,193.130609,193.130609,6370439
2022-10-26,193.130609,196.351408,191.871731,195.079825,195.079825,8042287
2022-10-27,195.079825,206.680310,194.561318,206.132426,206.132426,8273231
2022-10-28,206.132426,209.086411,205.572150,208.519646,208.519646,4923005
2022-10-31,208.519646,208.576415,207.099802,207.156199,207.156199,4389818
2022-11-01,207.156199,215.956787,207.045021,215.840949,215.840949,14523419
2022-11-02,215.840949,223.506524,215.748235,223.410558,223.410558,7825274
2022-11-03,223.410558,224.590885,218.761723,219.923628,219.923628,6080813
2022-11-04,219.923628,220.213629,207.409862,207.683722,207.683722,5762564
2022-11-07,207.683722,209.125671,201.562680,202.971915,202.971915,9575656
2022-11-08,202.971915,203.239852,201.369109,201.635281,201.635281,6932674
2022-11-09,201.635281,203.480376,200.130927,201.973498,201.973498,7348767
2022-11-10,201.973498,202.157863,201.558405,201.742560,201.742560,5614313
2022-11-11,201.742560,202.811374,195.428518,196.469395,196.469395,10177671
2022-11-14,196.469395,198.331369,195.963339,197.821829,197.821829,6640553
2022-11-15,197.821829,197.954626,195.924001,196.055612,196.055612,4922593
2022-11-16,196.055612,198.368506,195.334709,197.641770,197.641770,4359428
2022-11-17,197.641770,199.497722,193.632323,195.467860,195.467860,8074320
2022-11-18,195.467860,196.127021,189.988624,190.631476,190.631476,6892669
2022-11-21,190.631476,195.820739,189.375709,194.539230,194.539230,7108131
2022-11-22,194.539230,194.684607,192.140135,192.283827,192.283827,8303843
2022-11-23,192.283827,194.275476,191.318457,193.304979,193.304979,7302032
2022-11-24,193.304979,196.062540,193.062059,195.816463,195.816463,6145848
2022-11-25,195.816463,196.766943,195.552567,196.502123,196.502123,5732842
2022-11-28,196.502123,196.987766,196.009489,196.495114,196.495114,4855702
2022-11-29,196.495114,197.311534,195.352453,196.167512,196.167512,3876764
2022-11-30,196.167512,196.416761,196.091780,196.340962,196.340962,7949891
2022-12-01,196.340962,197.556664,192.821059,194.022404,194.022404,5293769
2022-12-02,194.022404,195.419652,192.897266,194.292945,194.292945,11999422
2022-12-05,194.292945,194.460851,193.446280,193.613599,193.613599,9604953
2022-12-06,193.613599,194.973863,192.032324,193.391024,193.391024,7987562
2022-12-07,193.391024,194.508521,184.626712,185.699766,185.699766,7019485
2022-12-08,185.699766,186.003632,183.632773,183.933749,183.933749,4699937
2022-12-09,183.933749,186.845276,182.896449,185.797465,185.797465,14174361
2022-12-12,185.797465,186.322743,181.405809,181.920125,181.920125,7305507
2022-12-13,181.920125,182.800169,179.073975,179.944461,179.944461,7569695
2022-12-14,179.944461,184.649315,179.629173,184.326349,184.326349,4434473
2022-12-15,184.326349,185.013830,181.385877,182.064924,182.064924,10617965
2022-12-16,182.064924,185.760175,181.911403,185.603669,185.603669,3117786
2022-12-19,185.603669,187.043688,184.395865,185.834383,185.834383,2384482
2022-12-20,185.834383,186.064104,183.708563,183.935937,183.935937,4001253
2022-12-21,183.935937,183.947392,179.721234,179.732427,179.732427,4986063
2022-12-22,179.732427,181.170586,179.349919,180.785836,180.785836,15034065
2022-12-23,180.785836,183.933666,179.565424,182.700330,182.700330,7409586
2022-12-26,182.700330,182.875277,179.560124,179.732228,179.732228,6489599
2022-12-27,179.732228,181.397471,179.409705,181.072542,181.072542,3633114
2022-12-28,181.072542,181.988106,180.415341,181.329970,181.329970,8014589
2022-12-29,181.329970,182.542962,180.847535,182.058588,182.058588,7229379
2022-12-30,182.058588,183.549201,181.952010,183.441813,183.441813,7223143
2023-01-02,183.441813,188.145203,183.005646,187.698914,187.698914,2604204
2023-01-03,187.698914,187.775550,185.566949,185.642745,185.642745,4519575
2023-01-04,185.642745,186.796362,184.174897,185.326549,185.326549,8052441
2023-01-05,185.326549,185.548347,185.205430,185.427162,185.427162,4453594
2023-01-06,185.427162,186.427947,185.265103,186.265156,186.265156,3897056
2023-01-09,186.265156,187.979237,186.201466,187.914982,187.914982,5497004
2023-01-10,187.914982,188.174992,185.896103,186.153676,186.153676,4645003
2023-01-11,186.153676,189.761346,186.018489,189.623640,189.623640,3283769
2023-01-12,189.623640,191.372458,183.688401,185.398250,185.398250,3000043
2023-01-13,185.398250,187.873518,184.061891,186.529009,186.529009,7107746
2023-01-16,186.529009,187.828279,185.677869,186.975104,186.975104,4420849
2023-01-17,186.975104,190.259591,186.352949,189.628607,189.628607,8368211
2023-01-18,189.628607,190.016744,189.308327,189.696350,189.696350,7408193
2023-01-19,189.696350,190.813882,183.343672,184.430181,184.430181,8133934
2023-01-20,184.430181,186.364067,183.662563,185.591616,185.591616,6308843
2023-01-23,185.591616,190.490984,185.186025,190.075595,190.075595,5472779
2023-01-24,190.075595,190.207366,188.537783,188.668579,188.668579,6850368
2023-01-25,188.668579,195.100274,187.852504,194.260014,194.260014,4013514
2023-01-26,194.260014,194.533539,193.347257,193.619880,193.619880,6341432
2023-01-27,193.619880,195.961120,192.972594,195.308189,195.308189,5049299
2023-01-30,195.308189,196.461020,192.851547,193.996636,193.996636,6906082
2023-01-31,193.996636,195.831019,190.516139,192.334809,192.334809,8810433
2023-02-01,192.334809,196.359039,192.331135,196.355288,196.355288,10759461
2023-02-02,196.355288,200.871532,195.875628,200.382035,200.382035,4664642
2023-02-03,200.382035,202.703360,199.372352,201.687101,201.687101,8178187
2023-02-06,201.687101,207.344113,201.441353,207.091779,207.091779,6889476
2023-02-07,207.091779,207.294654,199.328479,199.523940,199.523940,5199168
2023-02-08,199.523940,200.820000,198.784916,200.078920,200.078920,4961454
2023-02-09,200.078920,201.787464,199.861576,201.568501,201.568501,7074660
2023-02-10,201.568501,204.257391,200.787229,203.468753,203.468753,5146940
2023-02-13,203.468753,206.317772,202.376231,205.215868,205.215868,4958714
2023-02-14,205.215868,205.607848,199.525827,199.907667,199.907667,12331568
2023-02-15,199.907667,209.693326,199.798072,209.578429,209.578429,10583826
2023-02-16,209.578429,210.309941,206.481092,207.204318,207.204318,7967042
2023-02-17,207.204318,207.439751,206.336174,206.570887,206.570887,7479168
2023-02-20,206.570887,206.696358,206.529319,206.654774,206.654774,4413888
2023-02-21,206.654774,207.007908,204.885449,205.236159,205.236159,10774829
2023-02-22,205.236159,205.947570,204.581292,205.292523,205.292523,6180976
2023-02-23,205.292523,205.619158,205.211247,205.537785,205.537785,3533760
2023-02-24,205.537785,206.410382,204.032452,204.902352,204.902352,5586393
2023-02-27,204.902352,204.965312,203.789081,203.851718,203.851718,5821803
2023-02-28,203.851718,205.649095,203.799071,205.595998,205.595998,6041973
2023-03-01,205.595998,205.962841,200.343178,200.701288,200.701288,6523317
2023-03-02,200.701288,201.048390,194.105247,194.441523,194.441523,5185227
2023-03-03,194.441523,195.649599,192.596075,193.800167,193.800167,5871341
2023-03-06,193.800167,196.526955,193.254008,195.974668,195.974668,7840934
2023-03-07,195.974668,198.272446,194.618167,196.909474,196.909474,5820413
2023-03-08,196.909474,197.490246,194.742983,195.319065,195.319065,8389244
2023-03-09,195.319065,196.452224,193.064482,194.191097,194.191097,8278314
2023-03-10,194.191097,197.301948,193.451062,196.552913,196.552913,10272085
2023-03-13,196.552913,199.131623,196.306451,198.882240,198.882240,4270399
2023-03-14,198.882240,199.466668,197.152115,197.733166,197.733166,3039228
2023-03-15,197.733166,197.843559,195.408941,195.518097,195.518097,7085983
2023-03-16,195.518097,196.370341,191.395932,192.233860,192.233860,4179494
2023-03-17,192.233860,192.970354,189.417928,190.146425,190.146425,5228472
2023-03-20,190.146425,190.619204,189.698324,190.171045,190.171045,4157026
2023-03-21,190.171045,190.377136,187.741168,187.944847,187.944847,4332029
2023-03-22,187.944847,188.137178,185.479881,185.669884,185.669884,5720559
2023-03-23,185.669884,187.194562,185.561341,187.085192,187.085192,6234929
2023-03-24,187.085192,187.403486,184.507675,184.822118,184.822118,6793837
2023-03-27,184.822118,185.129714,180.392986,180.693712,180.693712,12996808
2023-03-28,180.693712,182.287424,180.311817,181.902973,181.902973,6911009
2023-03-29,181.902973,183.243105,180.291013,181.629128,181.629128,9584628
2023-03-30,181.629128,183.956207,180.304618,182.624440,182.624440,5240665
2023-03-31,182.624440,182.882003,182.155275,182.412539,182.412539,4248639
2023-04-03,182.412539,187.636318,182.204945,187.423022,187.423022,7929031
2023-04-04,187.423022,189.671268,187.355882,189.603346,189.603346,4219138
2023-04-05,189.603346,194.568065,188.268912,193.208260,193.208260,8250031
2023-04-06,193.208260,194.127179,193.053715,193.972023,193.972023,4257322
2023-04-07,193.972023,198.703292,193.953082,198.683892,198.683892,4390593
2023-04-10,198.683892,199.900611,198.257396,199.472422,199.472422,6400327
2023-04-11,199.472422,199.758093,196.199729,196.481115,196.481115,5065283
2023-04-12,196.481115,197.642052,193.513279,194.663477,194.663477,9622046
2023-04-13,194.663477,195.882847,192.663425,193.877874,193.877874,5880771
2023-04-14,193.877874,194.123030,189.177383,189.416899,189.416899,3387578
2023-04-17,189.416899,196.870659,188.401876,195.821316,195.821316,6732200
2023-04-18,195.821316,202.010173,195.287878,201.461371,201.461371,3709517
2023-04-19,201.461371,201.481973,200.562247,200.582759,200.582759,5275285
2023-04-20,200.582759,201.109681,196.529095,197.046728,197.046728,4219613
2023-04-21,197.046728,197.878815,190.710614,191.519360,191.519360,3792532
2023-04-24,191.519360,193.493382,187.481757,189.434288,189.434288,7284020
2023-04-25,189.434288,190.481932,189.147572,190.194066,190.194066,5856958
2023-04-26,190.194066,190.896216,188.302986,189.000730,189.000730,7672152
2023-04-27,189.000730,194.524709,188.190258,193.694110,193.694110,8732175
2023-04-28,193.694110,194.291532,187.467021,188.047025,188.047025,9704925
2023-05-01,188.047025,189.185693,184.559774,185.684134,185.684134,7707504
2023-05-02,185.684134,185.833455,181.759327,181.905609,181.905609,7096152
2023-05-03,181.905609,183.788362,181.437018,183.316138,183.316138,8398139
2023-05-04,183.316138,191.372328,183.221026,191.273088,191.273088,4066666
2023-05-05,191.273088,191.276736,190.473762,190.477396,190.477396,6928929
2023-05-08,190.477396,193.641953,190.079362,193.238150,193.238150,5423696
2023-05-09,193.238150,194.318426,192.629166,193.707961,193.707961,5390230
2023-05-10,193.707961,195.197609,193.172884,194.659902,194.659902,4826438
2023-05-11,194.659902,197.499386,194.044866,196.877343,196.877343,9883320
2023-05-12,196.877343,197.395609,194.686617,195.200469,195.200469,9181292
2023-05-15,195.200469,196.616920,194.108535,195.523180,195.523180,7015286
2023-05-16,195.523180,198.813625,194.617184,197.896631,197.896631,4561591
2023-05-17,197.896631,197.967499,191.123140,191.191607,191.191607,8598124
2023-05-18,191.191607,191.901665,187.066034,187.763359,187.763359,4918073
2023-05-19,187.763359,188.098177,187.039730,187.373853,187.373853,10511973
2023-05-22,187.373853,192.259067,186.120204,190.981281,190.981281,4133571
2023-05-23,190.981281,192.809124,188.273298,190.092636,190.092636,5315252
2023-05-24,190.092636,190.317508,187.653083,187.875332,187.875332,6322758
2023-05-25,187.875332,188.967155,185.688138,186.773558,186.773558,5740402
2023-05-26,186.773558,187.692097,186.332011,187.249425,187.249425,4490487
2023-05-29,187.249425,188.807908,187.103360,188.660743,188.660743,6135476
2023-05-30,188.660743,190.101078,187.817914,189.255592,189.255592,5861918
2023-05-31,189.255592,189.549930,185.172224,185.460660,185.460660,4281874
2023-06-01,185.460660,189.556883,184.618805,188.700322,188.700322,4718582
2023-06-02,188.700322,191.226520,188.160617,190.681149,190.681149,7455359
2023-06-05,190.681149,193.659573,190.389369,193.363689,193.363689,4911091
2023-06-06,193.363689,194.996009,193.336210,194.968302,194.968302,10339460
2023-06-07,194.968302,197.841511,194.465796,197.332911,197.332911,8872909
2023-06-08,197.332911,197.865833,194.722868,195.250165,195.250165,6159223
2023-06-09,195.250165,196.990649,194.979623,196.718073,196.718073,7687582
2023-06-12,196.718073,199.577060,196.316481,199.170462,199.170462,3830825
2023-06-13,199.170462,199.871144,191.775970,192.453020,192.453020,7085667
2023-06-14,192.453020,194.223377,192.369363,194.138987,194.138987,4434747
2023-06-15,194.138987,197.627031,192.675805,196.148703,196.148703,7024220
2023-06-16,196.148703,196.936410,193.459996,194.240038,194.240038,8663230
2023-06-19,194.240038,199.935559,194.114222,199.806138,199.806138,5072337
2023-06-20,199.806138,205.718442,199.278929,205.177061,205.177061,7279683
2023-06-21,205.177061,205.283288,194.999521,195.100531,195.100531,10664671
2023-06-22,195.100531,196.112159,194.844003,195.854639,195.854639,9622041
2023-06-23,195.854639,200.657391,195.705252,200.504457,200.504457,4928467
2023-06-26,200.504457,201.588667,199.895718,200.978488,200.978488,5955444
2023-06-27,200.978488,203.755708,200.349076,203.119591,203.119591,3364924
2023-06-28,203.119591,207.748650,202.841900,207.465019,207.465019,7868886
2023-06-29,207.465019,207.939420,203.769382,204.236400,204.236400,4621895
2023-06-30,204.236400,204.295824,204.083453,204.142850,204.142850,6045383
2023-07-03,204.142850,206.770188,202.977262,205.596301,205.596301,4710270
2023-07-04,205.596301,206.268401,203.437883,204.105108,204.105108,10459641
2023-07-05,204.105108,204.535028,195.235773,195.647880,195.647880,6312596
2023-07-06,195.647880,195.840332,192.078520,192.267647,192.267647,7031614
2023-07-07,192.267647,192.756571,188.461684,188.942151,188.942151,5906734
2023-07-10,188.942151,189.563899,186.559342,187.175276,187.175276,5057683
2023-07-11,187.175276,188.265488,186.813039,187.901845,187.901845,5679818
2023-07-12,187.901845,188.436187,187.525876,188.059901,188.059901,3444213
2023-07-13,188.059901,188.166947,186.389777,186.495933,186.495933,8767413
2023-07-14,186.495933,186.598986,185.995031,186.097864,186.097864,9311446
2023-07-17,186.097864,190.485738,185.561286,189.938088,189.938088,5128122
2023-07-18,189.938088,193.935389,189.595357,193.586075,193.586075,9386668
2023-07-19,193.586075,199.204456,192.986168,198.589045,198.589045,8181405
2023-07-20,198.589045,199.490986,189.583850,190.448820,190.448820,8595532
2023-07-21,190.448820,198.879994,190.074841,198.490224,198.490224,5914277
2023-07-24,198.490224,199.763207,197.945428,199.216419,199.216419,5552314
2023-07-25,199.216419,199.548255,196.550145,196.878086,196.878086,4510599
2023-07-26,196.878086,197.684892,194.983350,195.785679,195.785679,7647287
2023-07-27,195.785679,196.819385,193.490177,194.517186,194.517186,3504707
2023-07-28,194.517186,199.043002,193.268777,197.773693,197.773693,5580345
2023-07-31,197.773693,199.421014,197.403912,199.048848,199.048848,7234877
2023-08-01,199.048848,199.911658,197.598243,198.458493,198.458493,11934380
2023-08-02,198.458493,198.989371,197.615732,198.145774,198.145774,4232590
2023-08-03,198.145774,198.388107,197.983950,198.226217,198.226217,4255144
2023-08-04,198.226217,198.434573,197.562267,197.770143,197.770143,5935079
2023-08-07,197.770143,197.864104,196.097403,196.190613,196.190613,3207688
2023-08-08,196.190613,197.326320,189.440365,190.543381,190.543381,6194685
2023-08-09,190.543381,193.548002,190.023714,193.021576,193.021576,3489549
2023-08-10,193.021576,193.102994,192.444801,192.526010,192.526010,9351463
2023-08-11,192.526010,192.806064,186.925164,187.197468,187.197468,6438655
2023-08-14,187.197468,187.431059,186.094977,186.327483,186.327483,6618093
2023-08-15,186.327483,186.982108,185.870280,186.524421,186.524421,6619661
2023-08-16,186.524421,190.410255,185.701979,189.574364,189.574364,7384260
2023-08-17,189.574364,190.273993,187.810325,188.506011,188.506011,5476841
2023-08-18,188.506011,190.462489,188.090124,190.043210,190.043210,6938738
2023-08-21,190.043210,193.248637,189.791818,192.993343,192.993343,7487427
2023-08-22,192.993343,195.549844,192.408754,194.959300,194.959300,5549430
2023-08-23,194.959300,195.499130,190.259133,190.787411,190.787411,5547862
2023-08-24,190.787411,192.670562,190.122975,192.001897,192.001897,10361156
2023-08-25,192.001897,193.349805,191.665274,193.011413,193.011413,4877388
2023-08-28,193.011413,193.599526,192.455857,193.043877,193.043877,5943819
2023-08-29,193.043877,193.137462,188.606021,188.697498,188.697498,6846520
2023-08-30,188.697498,189.117659,181.144171,181.548413,181.548413,4427684
2023-08-31,181.548413,185.200072,180.838961,184.479167,184.479167,4405099
2023-09-01,184.479167,184.791567,182.857744,183.167924,183.167924,9155473
2023-09-04,183.167924,184.180344,181.999111,183.010661,183.010661,7162755
2023-09-05,183.010661,183.061255,178.745841,178.795269,178.795269,4479289
2023-09-06,178.795269,180.236432,178.414184,179.853092,179.853092,3830384
2023-09-07,179.853092,182.154536,178.314129,180.609104,180.609104,5745030
2023-09-08,180.609104,184.001772,179.452604,182.831045,182.831045,7902531
2023-09-11,182.831045,184.703744,182.207528,184.075981,184.075981,7606043
2023-09-12,184.075981,185.647914,183.783849,185.353755,185.353755,7346032
2023-09-13,185.353755,185.511118,183.958661,184.114972,184.114972,6958731
2023-09-14,184.114972,188.614346,183.129399,187.610064,187.610064,5186243
2023-09-15,187.610064,188.765789,185.147657,186.295282,186.295282,4540235
2023-09-18,186.295282,188.248064,185.711687,187.660193,187.660193,4520086
2023-09-19,187.660193,187.777112,185.786449,185.902273,185.902273,4274282
2023-09-20,185.902273,186.430294,181.569733,182.086917,182.086917,4396612
2023-09-21,182.086917,182.493084,177.289078,177.685427,177.685427,5823389
2023-09-22,177.685427,177.787039,175.540952,175.641395,175.641395,6352051
2023-09-25,175.641395,177.877409,174.470783,176.699743,176.699743,6901185
2023-09-26,176.699743,179.808089,176.414658,179.518458,179.518458,6156014
2023-09-27,179.518458,181.468152,179.329875,181.277722,181.277722,14170212
2023-09-28,181.277722,182.093570,179.523510,180.335116,180.335116,7128792
2023-09-29,180.335116,182.165420,173.633354,175.413709,175.413709,3413542
2023-10-02,175.413709,177.186789,173.915940,175.686689,175.686689,3675612
2023-10-03,175.686689,176.766817,173.790675,174.865755,174.865755,8536780
2023-10-04,174.865755,175.953102,171.559765,172.633230,172.633230,7402897
2023-10-05,172.633230,176.984343,171.516075,175.846394,175.846394,7251361
2023-10-06,175.846394,178.118157,174.769828,177.034317,177.034317,9766208
2023-10-09,177.034317,177.352861,174.654695,174.969523,174.969523,4049890
2023-10-10,174.969523,175.104773,173.737954,173.872355,173.872355,6962095
2023-10-11,173.872355,175.153918,172.394447,173.674553,173.674553,8497988
2023-10-12,173.674553,179.026131,173.341700,178.683679,178.683679,6946788
2023-10-13,178.683679,182.252673,177.862534,181.418959,181.418959,5106258
2023-10-16,181.418959,183.197538,181.053850,182.829591,182.829591,5044314
2023-10-17,182.829591,183.469425,181.287966,181.924634,181.924634,10293361
2023-10-18,181.924634,183.355055,181.803352,183.232900,183.232900,5436679
2023-10-19,183.232900,185.531227,182.022446,184.313634,184.313634,4793096
2023-10-20,184.313634,186.054395,179.448384,181.159354,181.159354,5822766
2023-10-23,181.159354,186.520456,180.994076,186.350442,186.350442,5419493
2023-10-24,186.350442,186.725298,184.745080,185.117456,185.117456,5786525
2023-10-25,185.117456,185.358320,183.083438,183.321966,183.321966,5154975
2023-10-26,183.321966,183.703075,182.386427,182.766381,182.766381,6628852
2023-10-27,182.766381,184.153068,182.269787,183.654062,183.654062,6069315
2023-10-30,183.654062,187.503312,183.645762,187.494838,187.494838,8427866
2023-10-31,187.494838,189.039668,183.740676,185.267151,185.267151,9529912
2023-11-01,185.267151,188.694818,184.705954,188.124964,188.124964,3301828
2023-11-02,188.124964,188.992323,182.642236,183.488218,183.488218,6477553
2023-11-03,183.488218,185.948419,183.214420,185.671364,185.671364,3144800
2023-11-06,185.671364,186.618725,182.455346,183.391072,183.391072,4149849
2023-11-07,183.391072,183.665239,180.386347,180.656425,180.656425,3815011
2023-11-08,180.656425,183.928057,179.842397,183.103005,183.103005,7083084
2023-11-09,183.103005,183.863910,180.111319,180.862916,180.862916,2430719
2023-11-10,180.862916,181.383638,175.638447,176.145587,176.145587,4604305
2023-11-13,176.145587,181.973416,175.959086,181.780948,181.780948,3950879
2023-11-14,181.780948,181.945732,181.554796,181.719524,181.719524,2272018
2023-11-15,181.719524,181.763169,181.181480,181.225006,181.225006,4938975
2023-11-16,181.225006,185.802869,179.964068,184.519012,184.519012,3859428
2023-11-17,184.519012,188.213628,184.375509,188.067366,188.067366,4396067
2023-11-20,188.067366,191.321554,187.865950,191.116872,191.116872,3450956
2023-11-21,191.116872,191.995544,190.952469,191.830527,191.830527,5971669
2023-11-22,191.830527,192.631802,185.311907,186.089201,186.089201,5020747
2023-11-23,186.089201,188.994483,185.158641,188.054097,188.054097,4581989
2023-11-24,188.054097,191.146844,186.809206,189.889801,189.889801,4652562
2023-11-27,189.889801,190.278022,185.729591,186.110085,186.110085,5842344
2023-11-28,186.110085,186.247166,185.909505,186.046539,186.046539,8771016
2023-11-29,186.046539,186.601719,183.350306,183.899077,183.899077,6798835
2023-11-30,183.899077,185.322705,182.861076,184.282539,184.282539,7984776
2023-12-01,184.282539,186.191139,184.064531,185.971133,185.971133,4412732
2023-12-04,185.971133,193.348737,185.301195,192.654722,192.654722,12472259
2023-12-05,192.654722,192.685437,188.717369,188.747461,188.747461,3538855
2023-12-06,188.747461,191.625680,188.646917,191.523657,191.523657,4302956
2023-12-07,191.523657,194.686191,190.989374,194.144597,194.144597,2542422
2023-12-08,194.144597,196.332201,192.762607,194.944516,194.944516,6279545
2023-12-11,194.944516,195.822799,192.489396,193.360542,193.360542,10264217
2023-12-12,193.360542,193.377313,191.262666,191.279256,191.279256,4217501
2023-12-13,191.279256,194.145911,191.185808,194.051108,194.051108,13532025
2023-12-14,194.051108,197.015228,193.793320,196.753848,196.753848,10195405
2023-12-15,196.753848,197.839367,195.568335,196.653300,196.653300,4397550
2023-12-18,196.653300,196.721954,195.355388,195.423614,195.423614,5625971
2023-12-19,195.423614,195.766743,191.429911,191.766619,191.766619,7416519
2023-12-20,191.766619,192.543061,187.599899,188.362558,188.362558,6109075
2023-12-21,188.362558,191.402114,188.326764,191.365748,191.365748,4501409
2023-12-22,191.365748,195.344021,191.232126,195.207716,195.207716,6432833
2023-12-25,195.207716,200.253143,194.924817,199.963352,199.963352,3351373
2023-12-26,199.963352,202.176619,199.193989,201.401722,201.401722,3605300
2023-12-27,201.401722,202.510669,197.902522,198.998235,198.998235,6996468
2023-12-28,198.998235,199.915019,195.539444,196.444463,196.444463,6745642
2023-12-29,196.444463,200.766048,196.040367,200.353911,200.353911,8582604
2024-01-01,200.353911,204.270118,198.744531,202.642357,202.642357,5979550
2024-01-02,202.642357,206.501847,202.314829,206.168620,206.168620,4348026
2024-01-03,206.168620,207.028462,203.627987,204.480790,204.480790,2746351
2024-01-04,204.480790,205.430855,204.075318,205.024305,205.024305,6997590
2024-01-05,205.024305,205.743091,204.701991,205.420154,205.420154,5143557
2024-01-08,205.420154,206.935136,203.477850,204.989657,204.989657,7183881
2024-01-09,204.989657,207.565815,204.318709,206.888652,206.888652,4431700
2024-01-10,206.888652,207.087785,204.097606,204.294242,204.294242,3431818
2024-01-11,204.294242,204.569256,204.005547,204.280543,204.280543,7431046
2024-01-12,204.280543,204.617795,203.714841,204.051715,204.051715,8707339
2024-01-15,204.051715,208.472324,203.609024,208.021022,208.021022,11454311
2024-01-16,208.021022,208.999946,207.499299,208.477078,208.477078,5574450
2024-01-17,208.477078,211.805710,206.539764,209.855585,209.855585,5408784
2024-01-18,209.855585,210.623918,203.347464,204.094705,204.094705,6327155
2024-01-19,204.094705,204.455658,199.786432,200.140391,200.140391,8605162
2024-01-22,200.140391,207.460020,199.346656,206.640506,206.640506,7493061
2024-01-23,206.640506,208.348394,205.799837,207.504212,207.504212,3692019
2024-01-24,207.504212,207.689432,204.674921,204.857778,204.857778,6652302
2024-01-25,204.857778,207.249402,204.314771,206.701508,206.701508,5650465
2024-01-26,206.701508,212.402750,205.583661,211.260249,211.260249,7845204
2024-01-29,211.260249,211.582449,209.225235,209.544820,209.544820,3999875
2024-01-30,209.544820,210.584089,204.190985,205.208749,205.208749,3337202
2024-01-31,205.208749,206.289500,201.180506,202.245652,202.245652,5895107
2024-02-01,202.245652,202.851662,198.230141,198.825905,198.825905,3295660
2024-02-02,198.825905,205.436016,196.884153,203.449114,203.449114,4964956
2024-02-05,203.449114,203.816394,203.093740,203.461000,203.461000,4588644
2024-02-06,203.461000,203.469817,201.615305,201.624043,201.624043,7219343
2024-02-07,201.624043,205.990673,201.424371,205.786879,205.786879,4350993
2024-02-08,205.786879,208.904775,205.555902,208.670562,208.670562,7055978
2024-02-09,208.670562,208.923688,207.638164,207.890343,207.890343,11014637
2024-02-12,207.890343,209.939049,207.699908,209.746912,209.746912,6490685
2024-02-13,209.746912,210.886279,208.828658,209.967061,209.967061,8459753
2024-02-14,209.967061,211.039819,209.231821,210.303401,210.303401,5106100
2024-02-15,210.303401,213.660201,210.169889,213.524644,213.524644,12107960
2024-02-16,213.524644,213.779671,211.725844,211.979024,211.979024,6160442
2024-02-19,211.979024,212.260463,209.026374,209.304262,209.304262,5393247
2024-02-20,209.304262,212.361286,209.258745,212.315115,212.315115,4285291
2024-02-21,212.315115,217.974685,209.833091,215.455944,215.455944,7389526
2024-02-22,215.455944,219.920615,215.025858,219.482491,219.482491,4740857
2024-02-23,219.482491,220.395922,217.161389,218.068938,218.068938,4772678
2024-02-26,218.068938,218.113775,216.569327,216.613865,216.613865,4458987
2024-02-27,216.613865,217.777615,215.929637,217.091877,217.091877,3503435
2024-02-28,217.091877,218.380102,215.249025,216.533940,216.533940,5093499
2024-02-29,216.533940,217.256775,212.151088,212.861665,212.861665,6387984
2024-03-01,212.861665,213.778311,211.247777,212.161407,212.161407,13535307
2024-03-04,212.161407,212.258820,209.653455,209.749760,209.749760,6594812
2024-03-05,209.749760,210.505565,205.715217,206.459165,206.459165,8548944
2024-03-06,206.459165,207.921546,203.510385,204.962162,204.962162,8152910
2024-03-07,204.962162,208.050114,204.182483,207.261687,207.261687,7832339
2024-03-08,207.261687,209.373951,206.713439,208.821577,208.821577,6932290
2024-03-11,208.821577,211.666691,207.221741,210.057387,210.057387,7192761
2024-03-12,210.057387,211.378455,206.925341,208.234948,208.234948,4860062
2024-03-13,208.234948,211.704767,206.894844,210.351044,210.351044,4164606
2024-03-14,210.351044,211.167081,205.237246,206.036545,206.036545,19149530
2024-03-15,206.036545,206.859783,205.095837,205.918603,205.918603,7588065
2024-03-18,205.918603,206.180414,198.444527,198.697156,198.697156,5327015
2024-03-19,198.697156,201.594115,197.384949,200.271511,200.271511,9262693
2024-03-20,200.271511,200.737780,198.951484,199.415761,199.415761,5569311
2024-03-21,199.415761,202.720156,198.604456,201.898750,201.898750,6212194
2024-03-22,201.898750,202.153119,201.122379,201.376090,201.376090,6513695
2024-03-25,201.376090,202.511123,199.853955,200.986795,200.986795,8487915
2024-03-26,200.986795,202.249431,198.304304,199.557964,199.557964,6399213
2024-03-27,199.557964,205.594734,198.996707,205.018121,205.018121,5276911
2024-03-28,205.018121,205.444821,203.592564,204.017180,204.017180,9472280
2024-03-29,204.017180,209.777716,202.830734,208.564823,208.564823,9508906
2024-04-01,208.564823,209.137081,202.534977,203.092219,203.092219,9677646
2024-04-02,203.092219,205.987833,201.749631,204.635046,204.635046,3016537
2024-04-03,204.635046,205.304400,201.595906,202.257482,202.257482,4287461
2024-04-04,202.257482,203.640757,196.386349,197.738719,197.738719,3330991
2024-04-05,197.738719,198.227014,190.031181,190.501605,190.501605,10181508
2024-04-08,190.501605,194.578699,190.251866,194.323949,194.323949,5314238
2024-04-09,194.323949,195.646094,184.483514,185.747305,185.747305,4849678
2024-04-10,185.747305,186.191022,183.760986,184.201009,184.201009,4564196
2024-04-11,184.201009,187.760716,182.632240,186.175134,186.175134,5140215
2024-04-12,186.175134,186.887506,182.649726,183.351293,183.351293,6246620
2024-04-15,183.351293,183.466270,180.681352,180.794726,180.794726,6601558
2024-04-16,180.794726,182.110687,179.628742,180.943741,180.943741,5168385
2024-04-17,180.943741,181.223121,178.744262,179.020673,179.020673,6145817
2024-04-18,179.020673,179.422301,176.087488,176.483424,176.483424,5977258
2024-04-19,176.483424,177.354067,173.252558,174.111500,174.111500,8010356
2024-04-22,174.111500,174.161241,167.468103,167.515960,167.515960,7158267
2024-04-23,167.515960,174.784876,167.144005,174.397641,174.397641,11339193
2024-04-24,174.397641,178.039282,172.905800,176.529206,176.529206,6190115
2024-04-25,176.529206,176.887088,174.462818,174.817229,174.817229,7381815
2024-04-26,174.817229,175.147092,172.113118,172.438492,172.438492,4491659
2024-04-29,172.438492,173.379013,169.083686,170.010967,170.010967,8913838
2024-04-30,170.010967,170.585741,169.362303,169.936826,169.936826,4495680
2024-05-01,169.936826,170.482152,169.761955,170.306900,170.306900,8264149
2024-05-02,170.306900,171.393354,170.014075,171.099168,171.099168,9482171
2024-05-03,171.099168,173.502217,171.045714,173.448029,173.448029,8321947
2024-05-06,173.448029,174.428542,173.086772,174.065998,174.065998,7129015
2024-05-07,174.065998,175.086247,170.903800,171.911421,171.911421,4692957
2024-05-08,171.911421,172.963031,171.741612,172.792352,172.792352,2833783
2024-05-09,172.792352,174.270871,171.703246,173.179325,173.179325,2583169
2024-05-10,173.179325,173.563439,172.854655,173.238658,173.238658,3891055
2024-05-13,173.238658,175.016157,172.848539,174.622921,174.622921,5392623
2024-05-14,174.622921,174.761210,172.337326,172.473913,172.473913,8210447
2024-05-15,172.473913,173.217447,170.277467,171.014710,171.014710,6721609
2024-05-16,171.014710,174.319848,169.660248,172.950058,172.950058,9046332
2024-05-17,172.950058,174.308040,172.932294,174.290138,174.290138,10064752
2024-05-20,174.290138,181.896929,173.709713,181.293183,181.293183,8918586
2024-05-21,181.293183,181.561709,178.977342,179.242832,179.242832,7687057
2024-05-22,179.242832,180.110052,178.657250,179.523552,179.523552,4410044
2024-05-23,179.523552,180.817056,175.572949,176.847169,176.847169,7888351
2024-05-24,176.847169,178.820232,176.118982,178.086939,178.086939,9277212
2024-05-27,178.086939,178.580588,176.683967,177.175089,177.175089,2857651
2024-05-28,177.175089,177.622565,174.310996,174.752353,174.752353,7579182
2024-05-29,174.752353,175.516292,167.712118,168.448500,168.448500,4366440
2024-05-30,168.448500,172.438431,168.198945,172.183343,172.183343,8106982
2024-05-31,172.183343,175.070696,171.159362,174.035699,174.035699,7059809
2024-06-03,174.035699,174.351369,172.324913,172.638047,172.638047,6180392
2024-06-04,172.638047,175.325867,171.767467,174.446168,174.446168,7141132
2024-06-05,174.446168,174.929879,172.494948,172.974579,172.974579,5043552
2024-06-06,172.974579,173.109497,165.597858,165.727124,165.727124,7634856
2024-06-07,165.727124,166.383294,163.561542,164.211712,164.211712,11470202
2024-06-10,164.211712,165.527653,163.949528,165.263789,165.263789,4443401
2024-06-11,165.263789,166.031151,162.348922,163.106267,163.106267,7246679
2024-06-12,163.106267,163.816247,159.051321,159.746678,159.746678,5368865
2024-06-13,159.746678,161.835526,158.974474,161.056988,161.056988,5724845
2024-06-14,161.056988,162.798287,160.337096,162.073850,162.073850,3630671
2024-06-17,162.073850,165.506302,162.034621,165.466252,165.466252,10171453
2024-06-18,165.466252,169.434418,164.788755,168.743503,168.743503,4632385
2024-06-19,168.743503,169.353394,166.354047,166.957482,166.957482,6183620
2024-06-20,166.957482,167.672575,166.579926,167.294257,167.294257,6378427
2024-06-21,167.294257,169.472114,167.293023,169.470864,169.470864,4241878
2024-06-24,169.470864,171.816793,168.745424,171.084446,171.084446,3098279
2024-06-25,171.084446,171.544860,170.551134,171.011352,171.011352,3350674
2024-06-26,171.011352,171.794191,168.362640,169.136899,169.136899,12006757
2024-06-27,169.136899,169.679965,165.986466,166.521133,166.521133,8120187
2024-06-28,166.521133,167.730286,166.258542,167.466205,167.466205,5895039
2024-07-01,167.466205,167.859283,164.711688,165.099211,165.099211,6009551
2024-07-02,165.099211,166.881213,161.485508,163.247524,163.247524,7458409
2024-07-03,163.247524,163.661194,162.020344,162.431947,162.431947,11277262
2024-07-04,162.431947,162.508910,159.343174,159.418709,159.418709,4856952
2024-07-05,159.418709,159.464592,157.568547,157.613910,157.613910,5055460
2024-07-08,157.613910,158.000953,155.805415,156.188959,156.188959,4084348
2024-07-09,156.188959,157.482144,155.793328,157.084245,157.084245,5414300
2024-07-10,157.084245,163.634869,156.684410,163.219417,163.219417,6730383
2024-07-11,163.219417,163.226968,162.426485,162.434000,162.434000,7314563
2024-07-12,162.434000,163.132836,161.862525,162.560915,162.560915,6630066
2024-07-15,162.560915,166.543318,161.926843,165.896236,165.896236,3965386
2024-07-16,165.896236,166.127592,160.284335,160.508177,160.508177,4942591
2024-07-17,160.508177,161.055307,159.023210,159.567132,159.567132,6375170
2024-07-18,159.567132,160.706021,157.983048,159.118737,159.118737,11165080
2024-07-19,159.118737,161.257342,158.395801,160.528003,160.528003,3768902
2024-07-22,160.528003,161.026450,155.834143,156.319523,156.319523,3537971
2024-07-23,156.319523,156.405623,155.606432,155.692186,155.692186,5150177
2024-07-24,155.692186,157.289742,155.465010,157.060569,157.060569,5029296
2024-07-25,157.060569,158.657691,156.783411,158.378208,158.378208,4776340
2024-07-26,158.378208,159.031335,155.193105,155.835746,155.835746,6079441
2024-07-29,155.835746,156.966230,155.495638,156.624400,156.624400,8678079
2024-07-30,156.624400,158.953374,156.069378,158.392088,158.392088,9293104
2024-07-31,158.392088,159.684747,155.423145,156.702011,156.702011,6198053
2024-08-01,156.702011,162.244024,155.970189,161.489843,161.489843,10802392
2024-08-02,161.489843,162.237016,160.227329,160.972108,160.972108,10525587
2024-08-05,160.972108,162.031674,160.044887,161.103695,161.103695,5473901
2024-08-06,161.103695,164.374934,159.688059,162.943135,162.943135,7786037
2024-08-07,162.943135,164.082848,160.802965,161.935631,161.935631,10324493
2024-08-08,161.935631,162.053714,161.469393,161.587222,161.587222,4185844
2024-08-09,161.587222,164.278942,160.861239,163.544167,163.544167,8266167
2024-08-12,163.544167,165.564317,163.470285,165.489555,165.489555,5037013
2024-08-13,165.489555,166.746469,163.445858,164.696751,164.696751,6694075
2024-08-14,164.696751,169.808426,164.694344,169.805945,169.805945,4372772
2024-08-15,169.805945,171.544640,169.528556,171.264867,171.264867,5779536
2024-08-16,171.264867,171.993783,169.185230,169.908373,169.908373,3338037
2024-08-19,169.908373,170.113812,169.597811,169.803123,169.803123,7861638
2024-08-20,169.803123,174.651267,168.941760,173.769783,173.769783,3828922
2024-08-21,173.769783,174.701054,165.623250,166.515644,166.515644,4460912
2024-08-22,166.515644,167.414446,165.855492,166.753352,166.753352,11126644
2024-08-23,166.753352,166.923186,159.890246,160.053256,160.053256,8266396
2024-08-26,160.053256,160.939802,159.882949,160.768734,160.768734,6852863
2024-08-27,160.768734,162.394930,160.091765,161.713981,161.713981,5529368
2024-08-28,161.713981,161.817745,160.284550,160.387464,160.387464,8568816
2024-08-29,160.387464,163.461781,160.002379,163.070255,163.070255,4870128
2024-08-30,163.070255,163.397010,162.471654,162.797864,162.797864,6105346
2024-09-02,162.797864,166.633417,162.455168,166.283384,166.283384,6907481
2024-09-03,166.283384,167.060137,164.899401,165.673304,165.673304,8360697
2024-09-04,165.673304,166.361027,165.644092,166.331699,166.331699,3434670
2024-09-05,166.331699,166.750325,165.375912,165.793183,165.793183,8645552
2024-09-06,165.793183,171.807371,165.021470,171.011369,171.011369,7541599
2024-09-09,171.011369,171.910698,170.100589,170.999857,170.999857,7729634
2024-09-10,170.999857,171.018042,170.025930,170.044013,170.044013,4965420
2024-09-11,170.044013,179.162377,169.365267,178.450077,178.450077,3381394
2024-09-12,178.450077,178.566793,177.874961,177.991377,177.991377,4558501
2024-09-13,177.991377,178.799845,176.002558,176.805640,176.805640,4973937
2024-09-16,176.805640,180.589656,175.541179,179.307303,179.307303,7643121
2024-09-17,179.307303,180.424456,179.129057,180.245278,180.245278,10699442
2024-09-18,180.245278,180.298000,177.767557,177.819570,177.819570,3270773
2024-09-19,177.819570,178.726756,176.505979,177.411080,177.411080,4575116
2024-09-20,177.411080,178.999232,175.406834,176.991228,176.991228,8092261
2024-09-23,176.991228,178.547344,172.869622,174.402982,174.402982,8707171
2024-09-24,174.402982,174.586983,171.491058,171.672178,171.672178,8311300
2024-09-25,171.672178,172.396809,170.618811,171.342049,171.342049,5127252
2024-09-26,171.342049,171.513984,169.428915,169.599101,169.599101,8753325
2024-09-27,169.599101,170.159652,168.798218,169.357972,169.357972,11513824
2024-09-30,169.357972,170.577833,165.934513,167.138386,167.138386,5385768
2024-10-01,167.138386,167.958600,166.529863,167.349309,167.349309,8702129
2024-10-02,167.349309,168.232999,162.070380,162.930737,162.930737,6032670
2024-10-03,162.930737,163.616440,161.498727,162.181275,162.181275,8589677
2024-10-04,162.181275,166.798177,161.717193,166.322245,166.322245,5700556
2024-10-07,166.322245,166.617941,161.270178,161.557403,161.557403,4308524
2024-10-08,161.557403,163.704679,160.869428,163.010517,163.010517,7666755
2024-10-09,163.010517,163.429957,161.610787,162.027698,162.027698,7319178
2024-10-10,162.027698,162.264736,159.128537,159.361675,159.361675,5306778
2024-10-11,159.361675,160.212948,158.537294,159.388428,159.388428,3870649
2024-10-14,159.388428,162.529774,158.719545,161.850558,161.850558,6888418
2024-10-15,161.850558,161.946763,160.877580,160.973264,160.973264,5017830
2024-10-16,160.973264,163.387967,160.830169,163.242854,163.242854,7684553
2024-10-17,163.242854,163.546588,161.215305,161.515825,161.515825,4658167
2024-10-18,161.515825,163.606077,160.594442,162.678064,162.678064,9809234
2024-10-21,162.678064,166.752235,162.255662,166.320375,166.320375,8161390
2024-10-22,166.320375,173.309514,165.567721,172.528764,172.528764,4881871
2024-10-23,172.528764,173.195294,170.726956,171.389083,171.389083,3986867
2024-10-24,171.389083,173.622178,170.815504,173.043064,173.043064,4045247
2024-10-25,173.043064,173.845861,171.144969,171.942662,171.942662,3378172
2024-10-28,171.942662,179.117637,171.502852,178.660643,178.660643,3433751
2024-10-29,178.660643,180.433963,177.691845,179.460826,179.460826,4701218
2024-10-30,179.460826,180.250294,179.249928,180.038717,180.038717,6165527
2024-10-31,180.038717,180.266348,176.335513,176.558744,176.558744,6521104
2024-11-01,176.558744,176.772930,173.007051,173.217184,173.217184,3046611
2024-11-04,173.217184,175.581543,171.743739,174.100583,174.100583,3834323
2024-11-05,174.100583,174.249413,171.256436,171.402960,171.402960,3859955
2024-11-06,171.402960,174.310974,170.884995,173.785808,173.785808,5857126
2024-11-07,173.785808,174.187623,168.747324,169.138394,169.138394,5091667
2024-11-08,169.138394,169.906965,166.057526,166.815542,166.815542,8802244
2024-11-11,166.815542,167.030711,165.386266,165.599866,165.599866,6796661
2024-11-12,165.599866,168.357819,165.480348,168.236398,168.236398,5599061
2024-11-13,168.236398,171.317402,168.223270,171.304034,171.304034,5403744
2024-11-14,171.304034,172.695003,170.853780,172.242282,172.242282,6958083
2024-11-15,172.242282,175.827296,171.816351,175.393571,175.393571,8764897
2024-11-18,175.393571,175.555185,174.067625,174.228165,174.228165,7131223
2024-11-19,174.228165,174.264091,170.864923,170.900163,170.900163,6026855
2024-11-20,170.900163,172.131580,170.579649,171.809361,171.809361,6528211
2024-11-21,171.809361,176.187549,170.236369,174.589108,174.589108,3956287
2024-11-22,174.589108,174.594334,161.680455,161.685294,161.685294,8180258
2024-11-25,161.685294,162.763073,161.592982,162.670199,162.670199,5342739
2024-11-26,162.670199,164.116655,153.570570,154.948364,154.948364,12218466
2024-11-27,154.948364,155.206860,151.501353,151.754521,151.754521,5117013
2024-11-28,151.754521,153.016986,151.417363,152.677777,152.677777,6454337
2024-11-29,152.677777,152.809059,148.347872,148.475541,148.475541,6352177
2024-12-02,148.475541,149.429101,145.322616,146.261960,146.261960,4255796
2024-12-03,146.261960,146.752380,143.558624,144.041598,144.041598,6563783
2024-12-04,144.041598,145.234215,143.862686,145.054046,145.054046,5794294
2024-12-05,145.054046,145.248197,143.023306,143.214996,143.214996,9401332
2024-12-06,143.214996,143.261092,141.418225,141.463758,141.463758,9795152
2024-12-09,141.463758,142.181155,138.988245,139.696681,139.696681,5515257
2024-12-10,139.696681,140.428110,136.156493,136.873139,136.873139,5640291
2024-12-11,136.873139,137.616721,133.310778,134.038963,134.038963,9342320
2024-12-12,134.038963,134.745776,132.450278,133.152415,133.152415,7349899
2024-12-13,133.152415,136.140854,133.081594,136.068482,136.068482,5583956
2024-12-16,136.068482,136.273551,135.697110,135.901928,135.901928,12904938
2024-12-17,135.901928,136.148038,133.686392,133.928929,133.928929,5936914
2024-12-18,133.928929,134.454136,126.263259,126.760354,126.760354,4795696
2024-12-19,126.760354,128.347395,126.519933,128.104424,128.104424,6372055
2024-12-20,128.104424,128.519655,126.037763,126.447623,126.447623,4026199
2024-12-23,126.447623,126.757239,123.849446,124.153444,124.153444,6198539
2024-12-24,124.153444,125.820798,124.043717,125.709695,125.709695,4798001
2024-12-25,125.709695,125.970740,124.121371,124.379654,124.379654,3320964
2024-12-26,124.379654,124.535981,123.540308,123.695775,123.695775,4558768
2024-12-27,123.695775,125.432539,123.127767,124.859188,124.859188,11096279
2024-12-30,124.859188,125.047513,123.968117,124.155380,124.155380,11248815
2024-12-31,124.155380,124.893208,118.018869,118.724422,118.724422,7319935
