date,open,high,low,close,adjusted_close,volume
2007-01-01,37.000000,37.027888,36.309891,36.337280,36.337280,9709016
2007-01-02,36.337280,36.397239,36.297864,36.357801,36.357801,10039341
2007-01-03,36.357801,36.387523,36.057308,36.086808,36.086808,5118690
2007-01-04,36.086808,36.720354,35.889518,36.520691,36.520691,5747992
2007-01-05,36.520691,36.558835,36.144266,36.182056,36.182056,4332792
2007-01-08,36.182056,36.559523,35.959429,36.335949,36.335949,5866058
2007-01-09,36.335949,36.559714,36.131711,36.355367,36.355367,5541491
2007-01-10,36.355367,36.696439,36.200686,36.540968,36.540968,7192009
2007-01-11,36.540968,37.111364,36.412272,36.981117,36.981117,6133004
2007-01-12,36.981117,37.077244,36.857440,36.953495,36.953495,4330424
2007-01-15,36.953495,37.671900,36.936107,37.654182,37.654182,8981348
2007-01-16,37.654182,37.906122,37.490171,37.741729,37.741729,4083603
2007-01-17,37.741729,38.315921,37.663096,38.236258,38.236258,12520718
2007-01-18,38.236258,38.575954,37.984453,38.323574,38.323574,7621040
2007-01-19,38.323574,38.344388,37.680652,37.701128,37.701128,6408139
2007-01-22,37.701128,38.109244,36.520253,36.919913,36.919913,5993257
2007-01-23,36.919913,36.962427,36.546352,36.588484,36.588484,5963537
2007-01-24,36.588484,37.077696,36.465730,36.953716,36.953716,5543232
2007-01-25,36.953716,37.668922,36.814944,37.527994,37.527994,5488487
2007-01-26,37.527994,37.623139,37.524414,37.619551,37.619551,5929094
2007-01-29,37.619551,37.928449,37.576498,37.885092,37.885092,6737545
2007-01-30,37.885092,38.007353,37.443320,37.564547,37.564547,5912074
2007-01-31,37.564547,37.732309,37.027374,37.193479,37.193479,5923638
2007-02-01,37.193479,37.234447,36.683994,36.724446,36.724446,3823239
2007-02-02,36.724446,36.727269,36.398154,36.400952,36.400952,6491618
2007-02-05,36.400952,36.577043,36.045187,36.220404,36.220404,3373360
2007-02-06,36.220404,36.265068,35.705908,35.749992,35.749992,5796800
2007-02-07,35.749992,35.863403,35.409057,35.521744,35.521744,3549377
2007-02-08,35.521744,35.559496,35.191031,35.228471,35.228471,8037918
2007-02-09,35.228471,35.862060,34.974495,35.605367,35.605367,5922974
2007-02-12,35.605367,35.856456,35.571212,35.822093,35.822093,6440741
2007-02-13,35.822093,35.997793,35.556865,35.732123,35.732123,7869772
2007-02-14,35.732123,35.944439,35.648589,35.860604,35.860604,3356421
2007-02-15,35.860604,36.153230,35.775678,36.067813,36.067813,6249759
2007-02-16,36.067813,36.532251,35.982607,36.446151,36.446151,8182792
2007-02-19,36.446151,37.871920,36.349518,37.771772,37.771772,12921834
2007-02-20,37.771772,38.362910,37.564663,38.153706,38.153706,4845236
2007-02-21,38.153706,38.233304,37.828871,37.907957,37.907957,11068227
2007-02-22,37.907957,37.987029,37.594694,37.673277,37.673277,10206546
2007-02-23,37.673277,37.941968,36.344713,36.605791,36.605791,7177496
2007-02-26,36.605791,36.703434,36.013020,36.109339,36.109339,5927392
2007-02-27,36.109339,36.119640,35.721380,35.731573,35.731573,3730583
2007-02-28,35.731573,35.882600,35.682552,35.833440,35.833440,2967149
2007-03-01,35.833440,36.001649,35.523234,35.690774,35.690774,3219806
2007-03-02,35.690774,35.929560,35.584101,35.822494,35.822494,4070778
2007-03-05,35.822494,35.891439,35.730977,35.799879,35.799879,5560367
2007-03-06,35.799879,35.810497,35.531317,35.541858,35.541858,7046690
2007-03-07,35.541858,35.742399,35.149837,35.349292,35.349292,6314155
2007-03-08,35.349292,35.416278,35.174199,35.240981,35.240981,4854500
2007-03-09,35.240981,35.322593,33.710994,33.789244,33.789244,5673955
2007-03-12,33.789244,33.942561,33.382604,33.534766,33.534766,8179098
2007-03-13,33.534766,34.139261,33.252664,33.854470,33.854470,5317731
2007-03-14,33.854470,34.023768,33.644123,33.813215,33.813215,8855162
2007-03-15,33.813215,33.945645,33.233570,33.364242,33.364242,9923876
2007-03-16,33.364242,33.968171,33.259781,33.862151,33.862151,6364945
2007-03-19,33.862151,33.929556,33.846426,33.913807,33.913807,2978553
2007-03-20,33.913807,34.088599,33.839129,34.013702,34.013702,3889691
2007-03-21,34.013702,34.218881,34.008317,34.213465,34.213465,9116237
2007-03-22,34.213465,34.620465,34.170352,34.576894,34.576894,5159957
2007-03-23,34.576894,34.705334,34.229772,34.357397,34.357397,3932880
2007-03-26,34.357397,34.746681,34.338309,34.727388,34.727388,7163234
2007-03-27,34.727388,35.492462,34.629338,35.392534,35.392534,6389822
2007-03-28,35.392534,35.882536,35.174123,35.662460,35.662460,8032065
2007-03-29,35.662460,36.253202,35.590683,36.180383,36.180383,9441043
2007-03-30,36.180383,37.190614,36.033802,37.040548,37.040548,5614661
2007-04-02,37.040548,37.383728,36.755454,37.098190,37.098190,4359696
2007-04-03,37.098190,37.274198,36.968064,37.143911,37.143911,5161175
2007-04-04,37.143911,37.198848,36.811214,36.865739,36.865739,6858075
2007-04-05,36.865739,37.013317,36.581527,36.728556,36.728556,4501967
2007-04-06,36.728556,37.074738,36.555006,36.900377,36.900377,7071196
2007-04-09,36.900377,37.062736,36.830115,36.992298,36.992298,10831487
2007-04-10,36.992298,37.312050,36.986437,37.306139,37.306139,6778343
2007-04-11,37.306139,38.535122,37.150201,38.374718,38.374718,6811676
2007-04-12,38.374718,38.545620,37.671280,37.839800,37.839800,5536385
2007-04-13,37.839800,38.264051,37.717925,38.141206,38.141206,5440763
2007-04-16,38.141206,38.267980,37.969715,38.096340,38.096340,7514916
2007-04-17,38.096340,38.141256,37.158265,37.202127,37.202127,3012773
2007-04-18,37.202127,37.396221,36.885410,37.078862,37.078862,5646705
2007-04-19,37.078862,37.448042,37.008732,37.377347,37.377347,4767054
2007-04-20,37.377347,37.715878,37.282224,37.620138,37.620138,4231723
2007-04-23,37.620138,38.147143,37.485304,38.010909,38.010909,7193939
2007-04-24,38.010909,38.032615,37.557945,37.579405,37.579405,4808222
2007-04-25,37.579405,37.700437,37.113270,37.233187,37.233187,10325364
2007-04-26,37.233187,37.432468,36.846267,37.044538,37.044538,5989936
2007-04-27,37.044538,37.191070,36.644976,36.790503,36.790503,5936276
2007-04-30,36.790503,37.037916,36.743160,36.990317,36.990317,10641479
2007-05-01,36.990317,37.337141,36.956511,37.303049,37.303049,4888969
2007-05-02,37.303049,37.845739,37.182211,37.723538,37.723538,8024858
2007-05-03,37.723538,37.769140,37.246335,37.291414,37.291414,3865432
2007-05-04,37.291414,37.774176,37.208928,37.690806,37.690806,5927846
2007-05-07,37.690806,37.774911,37.561557,37.645561,37.645561,5626186
2007-05-08,37.645561,37.793651,37.644042,37.792126,37.792126,12326165
2007-05-09,37.792126,37.910318,36.985610,37.101642,37.101642,5426400
2007-05-10,37.101642,37.610207,37.034178,37.541942,37.541942,5819201
2007-05-11,37.541942,37.906185,37.510996,37.874964,37.874964,8690967
2007-05-14,37.874964,38.427213,37.759146,38.310065,38.310065,8844007
2007-05-15,38.310065,38.775707,38.015940,38.480276,38.480276,12471692
2007-05-16,38.480276,38.581426,38.209710,38.310414,38.310414,5157303
2007-05-17,38.310414,38.804857,37.399282,37.888276,37.888276,10021474
2007-05-18,37.888276,38.876649,37.803106,38.789454,38.789454,5763784
2007-05-21,38.789454,38.803671,38.731835,38.746036,38.746036,7412077
2007-05-22,38.746036,38.986388,38.595177,38.835181,38.835181,5664413
2007-05-23,38.835181,39.629035,38.483214,39.273099,39.273099,6701419
2007-05-24,39.273099,39.306474,38.986055,39.019214,39.019214,7024809
2007-05-25,39.019214,40.863826,38.938352,40.779317,40.779317,4906476
2007-05-28,40.779317,41.711668,40.696941,41.627579,41.627579,6019865
2007-05-29,41.627579,41.825071,41.523401,41.720659,41.720659,7739308
2007-05-30,41.720659,41.917413,41.645440,41.841976,41.841976,9533832
2007-05-31,41.841976,42.031243,41.537953,41.726698,41.726698,2692356
2007-06-01,41.726698,42.241990,41.568426,42.082369,42.082369,5312548
2007-06-04,42.082369,43.560663,42.029186,43.505681,43.505681,5215914
2007-06-05,43.505681,44.071864,43.246196,43.810560,43.810560,7978911
2007-06-06,43.810560,43.877662,43.515615,43.582367,43.582367,5272759
2007-06-07,43.582367,45.129935,43.355450,44.896177,44.896177,5652353
2007-06-08,44.896177,45.400717,44.871330,45.375605,45.375605,5774858
2007-06-11,45.375605,45.616311,45.183555,45.424056,45.424056,3922233
2007-06-12,45.424056,45.435966,44.402368,44.414013,44.414013,5245067
2007-06-13,44.414013,45.026221,44.248518,44.859067,44.859067,5374240
2007-06-14,44.859067,45.159218,44.634503,44.934278,44.934278,4942841
2007-06-15,44.934278,45.100093,44.809702,44.975403,44.975403,4444527
2007-06-18,44.975403,45.504241,44.912891,45.441081,45.441081,5835659
2007-06-19,45.441081,46.038740,45.209703,45.805505,45.805505,8345726
2007-06-20,45.805505,46.049265,45.761098,46.004665,46.004665,2166166
2007-06-21,46.004665,46.126723,44.036699,44.153847,44.153847,5463344
2007-06-22,44.153847,44.278566,43.442917,43.565976,43.565976,5285239
2007-06-25,43.565976,43.832669,43.495082,43.761457,43.761457,6049353
2007-06-26,43.761457,43.837463,43.053178,43.128084,43.128084,11097769
2007-06-27,43.128084,43.551978,42.915445,43.338304,43.338304,4772430
2007-06-28,43.338304,43.401423,42.846889,42.909383,42.909383,6362791
2007-06-29,42.909383,43.166758,42.828529,43.085571,43.085571,7090606
2007-07-02,43.085571,43.756606,42.736469,43.404916,43.404916,3918558
2007-07-03,43.404916,43.600882,42.582403,42.775527,42.775527,7432319
2007-07-04,42.775527,42.965062,42.062591,42.249796,42.249796,6152179
2007-07-05,42.249796,42.784664,42.134274,42.667999,42.667999,5879549
2007-07-06,42.667999,43.160798,42.529458,43.021111,43.021111,4262928
2007-07-09,43.021111,43.157501,42.022692,42.156340,42.156340,6715094
2007-07-10,42.156340,42.220330,41.788816,41.852345,41.852345,7745604
2007-07-11,41.852345,41.911148,41.729787,41.788501,41.788501,5533250
2007-07-12,41.788501,42.003784,41.244195,41.457775,41.457775,8713438
2007-07-13,41.457775,41.579955,41.396526,41.518616,41.518616,10779174
2007-07-16,41.518616,41.629252,41.392804,41.503400,41.503400,7865393
2007-07-17,41.503400,41.700223,41.258491,41.455084,41.455084,6743428
2007-07-18,41.455084,41.921092,41.330819,41.795805,41.795805,7908326
2007-07-19,41.795805,42.629237,41.718943,42.550986,42.550986,4161168
2007-07-20,42.550986,42.732696,42.050849,42.231193,42.231193,3552240
2007-07-23,42.231193,42.335751,42.085301,42.189756,42.189756,3338409
2007-07-24,42.189756,42.449658,42.068906,42.328410,42.328410,8603590
2007-07-25,42.328410,43.092196,42.191190,42.952952,42.952952,6275434
2007-07-26,42.952952,43.453843,42.821228,43.320991,43.320991,7444473
2007-07-27,43.320991,43.594139,43.033467,43.306524,43.306524,4730382
2007-07-30,43.306524,43.514744,43.163879,43.371884,43.371884,8171900
2007-07-31,43.371884,43.770205,42.924300,43.322165,43.322165,7069976
2007-08-01,43.322165,43.460375,42.738290,42.875073,42.875073,8443686
2007-08-02,42.875073,44.158724,42.742393,44.022493,44.022493,4220120
2007-08-03,44.022493,44.501020,43.939284,44.417065,44.417065,4756417
2007-08-06,44.417065,44.583202,43.593535,43.757204,43.757204,16149859
2007-08-07,43.757204,45.055913,43.747936,45.046372,45.046372,5085025
2007-08-08,45.046372,46.151268,44.723193,45.822520,45.822520,5663714
2007-08-09,45.822520,46.624684,45.300406,46.099415,46.099415,6788725
2007-08-10,46.099415,46.578609,45.707087,46.185547,46.185547,5600909
2007-08-13,46.185547,46.548897,44.650795,45.004856,45.004856,6266354
2007-08-14,45.004856,45.197711,44.806943,44.999777,44.999777,5859851
2007-08-15,44.999777,45.377999,44.708354,45.086017,45.086017,11807593
2007-08-16,45.086017,45.156547,44.489253,44.558958,44.558958,10578169
2007-08-17,44.558958,44.695481,44.201985,44.337830,44.337830,3813153
2007-08-20,44.337830,44.375787,44.119485,44.157287,44.157287,7908497
2007-08-21,44.157287,44.384962,42.990948,43.213758,43.213758,6379356
2007-08-22,43.213758,43.271532,43.197366,43.255124,43.255124,6766899
2007-08-23,43.255124,44.250518,42.936563,43.927009,43.927009,6172062
2007-08-24,43.927009,44.016981,43.597353,43.686832,43.686832,7991785
2007-08-27,43.686832,43.726463,43.451807,43.491260,43.491260,5865396
2007-08-28,43.491260,44.627067,43.283086,44.414474,44.414474,8509667
2007-08-29,44.414474,44.546419,42.004057,42.129213,42.129213,6341612
2007-08-30,42.129213,43.071256,41.974865,42.914032,42.914032,5352334
2007-08-31,42.914032,43.062641,42.394585,42.541905,42.541905,4775312
2007-09-03,42.541905,42.826370,42.402990,42.686981,42.686981,4517925
2007-09-04,42.686981,43.088982,42.271173,42.673043,42.673043,5893562
2007-09-05,42.673043,42.856401,42.613224,42.796409,42.796409,6720789
2007-09-06,42.796409,43.216057,42.760732,43.180060,43.180060,9072828
2007-09-07,43.180060,43.573730,42.941535,43.334353,43.334353,5388977
2007-09-10,43.334353,43.666778,43.112270,43.444133,43.444133,5276270
2007-09-11,43.444133,43.767117,43.383229,43.705847,43.705847,4055762
2007-09-12,43.705847,43.710691,43.636432,43.641269,43.641269,5444057
2007-09-13,43.641269,44.258984,43.402985,44.018639,44.018639,8077499
2007-09-14,44.018639,45.193953,43.828238,44.999311,44.999311,4012588
2007-09-17,44.999311,45.925173,44.773578,45.695946,45.695946,5072894
2007-09-18,45.695946,46.183521,45.295763,45.782579,45.782579,6265609
2007-09-19,45.782579,46.032212,45.748094,45.997566,45.997566,11279200
2007-09-20,45.997566,46.938893,45.970228,46.911013,46.911013,10237331
2007-09-21,46.911013,47.063582,46.711187,46.863602,46.863602,15561943
2007-09-24,46.863602,47.119740,46.723072,46.978864,46.978864,4464684
2007-09-25,46.978864,47.274759,46.503333,46.798089,46.798089,7694778
2007-09-26,46.798089,47.331366,46.649365,47.181424,47.181424,3119804
2007-09-27,47.181424,47.424124,46.886590,47.129021,47.129021,5427865
2007-09-28,47.129021,47.681428,47.089435,47.641412,47.641412,4222810
2007-10-01,47.641412,47.925841,47.509446,47.793454,47.793454,4032203
2007-10-02,47.793454,47.896107,46.135165,46.234470,46.234470,6443195
2007-10-03,46.234470,46.255394,46.025924,46.046763,46.046763,6739435
2007-10-04,46.046763,46.523792,45.194253,45.667351,45.667351,4448862
2007-10-05,45.667351,45.806119,45.508159,45.646865,45.646865,5155871
2007-10-08,45.646865,46.455869,45.318595,46.124166,46.124166,8189359
2007-10-09,46.124166,49.041262,45.529975,48.417526,48.417526,4349064
2007-10-10,48.417526,49.955022,48.345999,49.881333,49.881333,5774129
2007-10-11,49.881333,50.319268,48.494084,48.923611,48.923611,5577190
2007-10-12,48.923611,48.932039,47.990424,47.998693,47.998693,4958541
2007-10-15,47.998693,48.138770,47.262860,47.401193,47.401193,4630648
2007-10-16,47.401193,47.461943,47.011215,47.071542,47.071542,7881086
2007-10-17,47.071542,47.282075,47.006610,47.216942,47.216942,6121246
2007-10-18,47.216942,47.706356,46.255718,46.740191,46.740191,8243836
2007-10-19,46.740191,47.031121,46.575196,46.865683,46.865683,8753040
2007-10-22,46.865683,47.137663,45.770801,46.037977,46.037977,3793243
2007-10-23,46.037977,46.040674,45.426717,45.429379,45.429379,2979680
2007-10-24,45.429379,46.329946,45.351176,46.250331,46.250331,3765249
2007-10-25,46.250331,46.479931,45.096340,45.321329,45.321329,4495185
2007-10-26,45.321329,45.382481,43.397334,43.455969,43.455969,5602205
2007-10-29,43.455969,43.759503,42.349055,42.646939,42.646939,7836438
2007-10-30,42.646939,42.673546,42.290214,42.316615,42.316615,5648749
2007-10-31,42.316615,42.370334,42.249592,42.303294,42.303294,4022431
2007-11-01,42.303294,43.162941,42.134450,42.991351,42.991351,4101834
2007-11-02,42.991351,43.164449,42.826010,42.999078,42.999078,5335571
2007-11-05,42.999078,44.065303,42.820638,43.883194,43.883194,3063487
2007-11-06,43.883194,44.092384,43.123448,43.330001,43.330001,7876093
2007-11-07,43.330001,43.334137,43.006775,43.010881,43.010881,3384138
2007-11-08,43.010881,47.091495,42.903400,46.974110,46.974110,4662291
2007-11-09,46.974110,47.150439,45.499300,45.670737,45.670737,4940043
2007-11-12,45.670737,45.712687,43.866029,43.906359,43.906359,10303537
2007-11-13,43.906359,44.067711,41.636904,41.790480,41.790480,8103785
2007-11-14,41.790480,42.323624,41.707756,42.240010,42.240010,5406002
2007-11-15,42.240010,42.340292,41.509903,41.608687,41.608687,7370375
2007-11-16,41.608687,41.955026,39.898829,40.233723,40.233723,10123057
2007-11-19,40.233723,40.259398,39.685834,39.711176,39.711176,9200986
2007-11-20,39.711176,40.037489,38.262545,38.579560,38.579560,7627623
2007-11-21,38.579560,39.460970,38.338689,39.216125,39.216125,9356982
2007-11-22,39.216125,39.642300,39.113678,39.539010,39.539010,5465422
2007-11-23,39.539010,39.917192,39.192054,39.569964,39.569964,5119338
2007-11-26,39.569964,40.802541,39.395203,40.623129,40.623129,10393028
2007-11-27,40.623129,41.115989,40.438667,40.930133,40.930133,8301386
2007-11-28,40.930133,41.018936,39.957879,40.044762,40.044762,6853297
2007-11-29,40.044762,40.417197,39.808637,40.180273,40.180273,2338394
2007-11-30,40.180273,40.249808,40.119694,40.189215,40.189215,5851376
2007-12-03,40.189215,40.231220,38.521670,38.561974,38.561974,11000580
2007-12-04,38.561974,38.679862,38.014145,38.130715,38.130715,6068085
2007-12-05,38.130715,40.018140,38.020980,39.903303,39.903303,7190341
2007-12-06,39.903303,40.109146,39.451931,39.656500,39.656500,14035823
2007-12-07,39.656500,40.157368,39.494416,39.993904,39.993904,9048972
2007-12-10,39.993904,40.066808,39.554752,39.626987,39.626987,7264797
2007-12-11,39.626987,40.620708,39.494806,40.485664,40.485664,8053549
2007-12-12,40.485664,40.652223,39.861657,40.026326,40.026326,4318219
2007-12-13,40.026326,40.137657,39.901763,40.013057,40.013057,8338769
2007-12-14,40.013057,40.133936,38.660820,38.777968,38.777968,4245465
2007-12-17,38.777968,38.951596,37.933389,38.104000,38.104000,4868822
2007-12-18,38.104000,39.187594,37.795553,38.872924,38.872924,6180421
2007-12-19,38.872924,40.867741,38.851188,40.844903,40.844903,2233770
2007-12-20,40.844903,40.970131,38.137189,38.254475,38.254475,5982821
2007-12-21,38.254475,39.262928,38.196161,39.203168,39.203168,6290926
2007-12-24,39.203168,39.255102,37.201716,37.251065,37.251065,5655470
2007-12-25,37.251065,37.336920,36.376493,36.460526,36.460526,4579657
2007-12-26,36.460526,36.725261,36.409562,36.673999,36.673999,9257967
2007-12-27,36.673999,38.472667,36.635423,38.432243,38.432243,4760840
2007-12-28,38.432243,39.650093,38.397187,39.613960,39.613960,3898376
2007-12-31,39.613960,40.813178,39.391960,40.585732,40.585732,6098385
2008-01-01,40.585732,41.687841,40.454804,41.553790,41.553790,10142408
2008-01-02,41.553790,42.220710,41.341139,42.005746,42.005746,4265445
2008-01-03,42.005746,42.103554,40.231735,40.325631,40.325631,6510236
2008-01-04,40.325631,41.122870,40.157808,40.952439,40.952439,5230702
2008-01-07,40.952439,42.061674,40.612423,41.715324,41.715324,3560887
2008-01-08,41.715324,42.038945,40.402060,40.717944,40.717944,6779966
2008-01-09,40.717944,40.801359,40.045158,40.127363,40.127363,5904683
2008-01-10,40.127363,40.226957,39.079607,39.176841,39.176841,4611921
2008-01-11,39.176841,39.500671,37.929566,38.245699,38.245699,9647673
2008-01-14,38.245699,38.914235,38.129609,38.796472,38.796472,8002138
2008-01-15,38.796472,38.809842,37.305539,37.318399,37.318399,5771781
2008-01-16,37.318399,37.350318,36.950404,36.982035,36.982035,10463287
2008-01-17,36.982035,37.510366,36.708065,37.234525,37.234525,10647366
2008-01-18,37.234525,37.377942,36.535928,36.677198,36.677198,7537938
2008-01-21,36.677198,37.206604,35.015065,35.527881,35.527881,7050897
2008-01-22,35.527881,37.597470,35.413781,37.477110,37.477110,12493782
2008-01-23,37.477110,37.731907,36.809045,37.061014,37.061014,2762966
2008-01-24,37.061014,37.243626,35.627532,35.803951,35.803951,5132755
2008-01-25,35.803951,35.989064,35.517764,35.702352,35.702352,10757322
2008-01-28,35.702352,36.657163,35.562853,36.514491,36.514491,5113971
2008-01-29,36.514491,36.594447,35.574568,35.652637,35.652637,6374911
2008-01-30,35.652637,35.733130,35.376875,35.456926,35.456926,11817724
2008-01-31,35.456926,35.661837,34.106944,34.305199,34.305199,7068409
2008-02-01,34.305199,34.311135,33.030492,33.036209,33.036209,5120317
2008-02-04,33.036209,34.056583,32.681147,33.694447,33.694447,8123234
2008-02-05,33.694447,33.790133,32.836103,32.929617,32.929617,7720709
2008-02-06,32.929617,33.090297,32.743067,32.903620,32.903620,7590576
2008-02-07,32.903620,33.115835,31.704400,31.910207,31.910207,6800157
2008-02-08,31.910207,32.240222,31.734746,32.063915,32.063915,9918635
2008-02-11,32.063915,32.119967,31.727238,31.782798,31.782798,6820554
2008-02-12,31.782798,31.843174,30.800634,30.859255,30.859255,6331205
2008-02-13,30.859255,31.125599,30.638568,30.904587,30.904587,3731049
2008-02-14,30.904587,31.623612,30.802575,31.519570,31.519570,8043820
2008-02-15,31.519570,31.792638,30.142760,30.406183,30.406183,6615637
2008-02-18,30.406183,32.351052,30.183036,32.115362,32.115362,7247885
2008-02-19,32.115362,32.428806,31.833939,32.147104,32.147104,3979796
2008-02-20,32.147104,32.475486,31.976291,32.303840,32.303840,6928303
2008-02-21,32.303840,32.332314,32.215977,32.244399,32.244399,5028690
2008-02-22,32.244399,32.253954,31.509398,31.518738,31.518738,7318790
2008-02-25,31.518738,31.962570,31.477623,31.920930,31.920930,3856634
2008-02-26,31.920930,31.977784,31.179528,31.235161,31.235161,6424583
2008-02-27,31.235161,31.350488,28.934159,29.041385,29.041385,3181788
2008-02-28,29.041385,30.152647,28.976717,30.085653,30.085653,8093088
2008-02-29,30.085653,30.107182,28.829905,28.850549,28.850549,7488148
2008-03-03,28.850549,30.191194,28.759444,30.096155,30.096155,6857505
2008-03-04,30.096155,30.129578,29.210920,29.243396,29.243396,6014922
2008-03-05,29.243396,29.729568,29.156223,29.641209,29.641209,9882647
2008-03-06,29.641209,29.676012,28.599211,28.632830,28.632830,5356037
2008-03-07,28.632830,28.662987,26.966574,26.995007,26.995007,7611474
2008-03-10,26.995007,28.307758,26.915522,28.224653,28.224653,7464077
2008-03-11,28.224653,28.439642,28.214517,28.429433,28.429433,7296913
2008-03-12,28.429433,29.366257,28.420565,29.357100,29.357100,6503474
2008-03-13,29.357100,29.409642,27.841702,27.891621,27.891621,6131454
2008-03-14,27.891621,28.352029,27.867200,28.327226,28.327226,4896665
2008-03-17,28.327226,28.396276,27.715350,27.783074,27.783074,3749820
2008-03-18,27.783074,28.176743,27.744782,28.137962,28.137962,6600563
2008-03-19,28.137962,29.518051,27.996526,29.370421,29.370421,8708525
2008-03-20,29.370421,30.381117,29.345322,30.355177,30.355177,6668004
2008-03-21,30.355177,30.612300,30.187488,30.444120,30.444120,3570826
2008-03-24,30.444120,30.767221,30.439783,30.762839,30.762839,8862977
2008-03-25,30.762839,30.829252,28.559183,28.620972,28.620972,5509405
2008-03-26,28.620972,28.674421,28.015878,28.068295,28.068295,5457783
2008-03-27,28.068295,28.223535,27.574650,27.728009,27.728009,8080550
2008-03-28,27.728009,27.814858,27.585298,27.671971,27.671971,6254751
2008-03-31,27.671971,28.232591,27.614945,28.174529,28.174529,5069469
2008-04-01,28.174529,28.285798,27.719312,27.829216,27.829216,7441979
2008-04-02,27.829216,28.427996,27.747481,28.344746,28.344746,5604079
2008-04-03,28.344746,28.564673,27.863001,28.080881,28.080881,6163118
2008-04-04,28.080881,28.531387,28.044253,28.494219,28.494219,5551493
2008-04-07,28.494219,28.548193,27.772179,27.824885,27.824885,4226936
2008-04-08,27.824885,28.441271,27.787378,28.402984,28.402984,3669905
2008-04-09,28.402984,29.027728,28.283859,28.906492,28.906492,6929941
2008-04-10,28.906492,29.545486,28.862277,29.500362,29.500362,7528916
2008-04-11,29.500362,29.728513,29.407276,29.635001,29.635001,4515079
2008-04-14,29.635001,31.427982,29.583803,31.373780,31.373780,5609715
2008-04-15,31.373780,31.478238,29.782735,29.882226,29.882226,6468876
2008-04-16,29.882226,30.105681,29.826242,30.049383,30.049383,5101126
2008-04-17,30.049383,30.094376,29.782360,29.827020,29.827020,3892416
2008-04-18,29.827020,30.078165,29.789067,30.039941,30.039941,4210284
2008-04-21,30.039941,30.568505,29.790438,30.316703,30.316703,5877745
2008-04-22,30.316703,30.324674,29.887745,29.895606,29.895606,3222325
2008-04-23,29.895606,29.987851,29.649577,29.741346,29.741346,4002383
2008-04-24,29.741346,29.879613,28.332755,28.465088,28.465088,6313701
2008-04-25,28.465088,28.521147,27.075711,27.129139,27.129139,5928517
2008-04-28,27.129139,27.151609,26.789313,26.811521,26.811521,13312597
2008-04-29,26.811521,26.869612,26.491587,26.549110,26.549110,3770222
2008-04-30,26.549110,26.583924,25.609024,25.642649,25.642649,4867925
2008-05-01,25.642649,26.145272,25.570193,26.071604,26.071604,5148112
2008-05-02,26.071604,26.917693,25.930406,26.772698,26.772698,6107410
2008-05-05,26.772698,26.876784,25.226247,25.324704,25.324704,5495747
2008-05-06,25.324704,25.617155,25.207707,25.499351,25.499351,5642762
2008-05-07,25.499351,25.838641,25.450612,25.789349,25.789349,6000918
2008-05-08,25.789349,25.853842,25.507753,25.571703,25.571703,3703073
2008-05-09,25.571703,25.811146,25.445546,25.684433,25.684433,7788491
2008-05-12,25.684433,25.922819,25.045814,25.280450,25.280450,4885578
2008-05-13,25.280450,25.638870,25.242181,25.600116,25.600116,5170680
2008-05-14,25.600116,25.629243,25.509744,25.538801,25.538801,4685511
2008-05-15,25.538801,25.667585,24.804108,24.929821,24.929821,7298973
2008-05-16,24.929821,25.007128,24.255567,24.331017,24.331017,10011081
2008-05-19,24.331017,24.423765,24.277881,24.370542,24.370542,5350440
2008-05-20,24.370542,24.440854,23.888910,23.958031,23.958031,5237290
2008-05-21,23.958031,23.995456,23.405703,23.442323,23.442323,3874606
2008-05-22,23.442323,24.740635,23.426100,24.723526,24.723526,4397872
2008-05-23,24.723526,24.800510,24.208203,24.283818,24.283818,5038453
2008-05-26,24.283818,25.155216,24.280106,25.151372,25.151372,4282652
2008-05-27,25.151372,25.259746,24.263454,24.368454,24.368454,6514910
2008-05-28,24.368454,24.484649,24.367776,24.483967,24.483967,4507018
2008-05-29,24.483967,24.561357,24.278872,24.355857,24.355857,4792126
2008-05-30,24.355857,24.433947,23.810119,23.886704,23.886704,8333009
2008-06-02,23.886704,23.991054,23.657317,23.761117,23.761117,8322825
2008-06-03,23.761117,23.916327,23.637224,23.792271,23.792271,7697604
2008-06-04,23.792271,25.850357,23.755164,25.810104,25.810104,4315497
2008-06-05,25.810104,26.111831,25.787030,26.088509,26.088509,4121368
2008-06-06,26.088509,26.222010,24.931413,25.059650,25.059650,6316022
2008-06-09,25.059650,26.570518,24.974910,26.480972,26.480972,3506307
2008-06-10,26.480972,26.590971,26.346323,26.456219,26.456219,4907604
2008-06-11,26.456219,26.963928,26.427833,26.935029,26.935029,7663711
2008-06-12,26.935029,27.383029,26.894421,27.341808,27.341808,5808432
2008-06-13,27.341808,29.280924,27.304733,29.241273,29.241273,5497874
2008-06-16,29.241273,29.272488,28.894491,28.925369,28.925369,6213295
2008-06-17,28.925369,29.074611,27.510441,27.653119,27.653119,8594492
2008-06-18,27.653119,27.708348,27.250631,27.305165,27.305165,5853710
2008-06-19,27.305165,27.378603,26.230537,26.301275,26.301275,6518954
2008-06-20,26.301275,26.359565,26.207325,26.265535,26.265535,6898917
2008-06-23,26.265535,26.429224,25.743757,25.905200,25.905200,6604332
2008-06-24,25.905200,26.807991,25.860532,26.761847,26.761847,6804211
2008-06-25,26.761847,26.809808,26.198686,26.245721,26.245721,5293882
2008-06-26,26.245721,26.532467,26.115799,26.401772,26.401772,2052593
2008-06-27,26.401772,26.410370,26.135973,26.144488,26.144488,9267297
2008-06-30,26.144488,28.300007,25.909926,28.048364,28.048364,5600707
2008-07-01,28.048364,28.171074,27.582429,27.703630,27.703630,5582969
2008-07-02,27.703630,27.767333,26.775584,26.837295,26.837295,8253767
2008-07-03,26.837295,27.655300,26.758259,27.574094,27.574094,4582443
2008-07-04,27.574094,27.795306,27.443608,27.664392,27.664392,9034498
2008-07-07,27.664392,27.675080,27.022579,27.033023,27.033023,5041132
2008-07-08,27.033023,27.079147,26.944188,26.990239,26.990239,4284197
2008-07-09,26.990239,27.531999,26.839260,27.378847,27.378847,11471683
2008-07-10,27.378847,27.497341,26.718493,26.834632,26.834632,11356284
2008-07-11,26.834632,27.152574,26.582192,26.899524,26.899524,9097059
2008-07-14,26.899524,27.216407,26.812448,27.128589,27.128589,11100362
2008-07-15,27.128589,27.651884,26.945030,27.466041,27.466041,4127681
2008-07-16,27.466041,27.512770,26.745817,26.791399,26.791399,8811168
2008-07-17,26.791399,26.925749,26.642196,26.776472,26.776472,4897199
2008-07-18,26.776472,26.778721,26.157941,26.160138,26.160138,4061232
2008-07-21,26.160138,27.288129,26.054600,27.178483,27.178483,6352492
2008-07-22,27.178483,28.655390,26.985955,28.453827,28.453827,5137983
2008-07-23,28.453827,28.465736,27.096799,27.108145,27.108145,9707807
2008-07-24,27.108145,27.139948,26.625919,26.657193,26.657193,7795004
2008-07-25,26.657193,26.819759,26.596270,26.758605,26.758605,4903214
2008-07-28,26.758605,26.767365,26.125939,26.134495,26.134495,5851609
2008-07-29,26.134495,26.194005,24.448356,24.504154,24.504154,3636569
2008-07-30,24.504154,24.762961,23.911867,24.167115,24.167115,9479080
2008-07-31,24.167115,24.753098,24.081352,24.665566,24.665566,4771996
2008-08-01,24.665566,24.695556,23.980967,24.010160,24.010160,9538374
2008-08-04,24.010160,24.332848,23.837548,24.159165,24.159165,10394237
2008-08-05,24.159165,24.175112,23.691828,23.707477,23.707477,7837282
2008-08-06,23.707477,23.989735,23.663541,23.945358,23.945358,4737940
2008-08-07,23.945358,25.526886,23.909293,25.488498,25.488498,7533767
2008-08-08,25.488498,25.667502,25.189396,25.367551,25.367551,5018837
2008-08-11,25.367551,25.605128,25.327898,25.565166,25.565166,10597820
2008-08-12,25.565166,25.619299,24.666202,24.718542,24.718542,5383319
2008-08-13,24.718542,24.835124,24.413232,24.528919,24.528919,6345846
2008-08-14,24.528919,25.066352,24.448638,24.984579,24.984579,11903352
2008-08-15,24.984579,25.003252,24.981605,25.000276,25.000276,5075183
2008-08-18,25.000276,25.170428,24.987110,25.157179,25.157179,6359850
2008-08-19,25.157179,25.161628,24.884663,24.889064,24.889064,4438967
2008-08-20,24.889064,25.229714,24.774933,25.114548,25.114548,4825467
2008-08-21,25.114548,25.469719,24.996977,25.351040,25.351040,9036383
2008-08-22,25.351040,25.940522,25.347897,25.937306,25.937306,9543974
2008-08-25,25.937306,25.959227,24.363097,24.383705,24.383705,4473072
2008-08-26,24.383705,24.474754,24.379546,24.470580,24.470580,8953892
2008-08-27,24.470580,24.534384,23.953587,24.016206,24.016206,5759039
2008-08-28,24.016206,24.076601,23.063542,23.121688,23.121688,9452760
2008-08-29,23.121688,23.136051,22.737372,22.751505,22.751505,5493858
2008-09-01,22.751505,23.027172,22.746166,23.021769,23.021769,4175745
2008-09-02,23.021769,23.127735,22.575950,22.680345,22.680345,11391906
2008-09-03,22.680345,22.699519,22.465333,22.484341,22.484341,6156294
2008-09-04,22.484341,22.652075,21.875955,22.040376,22.040376,6949013
2008-09-05,22.040376,22.126055,21.993249,22.078846,22.078846,7679068
2008-09-08,22.078846,22.180614,20.610198,20.705637,20.705637,6569345
2008-09-09,20.705637,20.792175,20.500228,20.586266,20.586266,4487116
2008-09-10,20.586266,20.655708,20.103815,20.171859,20.171859,5404211
2008-09-11,20.171859,20.193946,20.025128,20.047078,20.047078,10996833
2008-09-12,20.047078,20.140141,19.607851,19.699300,19.699300,4018961
2008-09-15,19.699300,21.720775,19.670947,21.689557,21.689557,6640887
2008-09-16,21.689557,21.962251,21.683306,21.955924,21.955924,7914283
2008-09-17,21.955924,22.040321,21.109932,21.191390,21.191390,5739619
2008-09-18,21.191390,21.221683,20.798659,20.828433,20.828433,8846283
2008-09-19,20.828433,21.342685,20.645115,21.156479,21.156479,4816522
2008-09-22,21.156479,21.181953,20.825659,20.850765,20.850765,3610701
2008-09-23,20.850765,20.939043,20.537864,20.625187,20.625187,6056859
2008-09-24,20.625187,20.852502,20.577032,20.803930,20.803930,9609725
2008-09-25,20.803930,20.918535,20.761720,20.876179,20.876179,8978546
2008-09-26,20.876179,21.311992,20.811581,21.246249,21.246249,6176525
2008-09-29,21.246249,21.359789,21.199055,21.312448,21.312448,5287043
2008-09-30,21.312448,21.559652,21.234011,21.480597,21.480597,6914949
2008-10-01,21.480597,21.658332,21.379976,21.557351,21.557351,4830873
2008-10-02,21.557351,22.103946,21.543454,22.089705,22.089705,4851845
2008-10-03,22.089705,22.204144,21.386526,21.497899,21.497899,11657562
2008-10-06,21.497899,21.591389,20.843544,20.934584,20.934584,6765378
2008-10-07,20.934584,20.939020,20.557687,20.562044,20.562044,4524026
2008-10-08,20.562044,20.681291,20.335466,20.454087,20.454087,5848088
2008-10-09,20.454087,20.588215,19.591392,19.720711,19.720711,5999566
2008-10-10,19.720711,19.867112,19.345936,19.490629,19.490629,8095967
2008-10-13,19.490629,19.620822,19.356408,19.486573,19.486573,7338913
2008-10-14,19.486573,20.303511,19.423341,20.237841,20.237841,6505889
2008-10-15,20.237841,20.284152,20.231837,20.278136,20.278136,5345290
2008-10-16,20.278136,20.376147,20.215162,20.313065,20.313065,4751210
2008-10-17,20.313065,20.777099,20.312480,20.776501,20.776501,6771717
2008-10-20,20.776501,20.849100,20.652627,20.725046,20.725046,6118764
2008-10-21,20.725046,20.786734,19.875791,19.935128,19.935128,4735849
2008-10-22,19.935128,19.987507,19.563541,19.615078,19.615078,3671970
2008-10-23,19.615078,19.709917,19.152414,19.245466,19.245466,6512874
2008-10-24,19.245466,20.195363,19.152900,20.098693,20.098693,6467824
2008-10-27,20.098693,20.247956,19.128664,19.271786,19.271786,5229707
2008-10-28,19.271786,19.957441,19.142368,19.824312,19.824312,14074628
2008-10-29,19.824312,19.946829,19.756306,19.878636,19.878636,8743356
2008-10-30,19.878636,20.194420,19.878496,20.194278,20.194278,7415426
2008-10-31,20.194278,20.309077,19.798348,19.911540,19.911540,4533357
2008-11-03,19.911540,19.953678,19.372862,19.413947,19.413947,7114087
2008-11-04,19.413947,19.444438,19.201169,19.231372,19.231372,7183112
2008-11-05,19.231372,19.247533,19.179829,19.195960,19.195960,3864410
2008-11-06,19.195960,19.208492,19.141001,19.153505,19.153505,4863716
2008-11-07,19.153505,19.221934,18.494659,18.560971,18.560971,4973455
2008-11-10,18.560971,19.402023,18.446072,19.282657,19.282657,4863517
2008-11-11,19.282657,20.583670,19.258714,20.558143,20.558143,3087768
2008-11-12,20.558143,20.588117,20.363584,20.393317,20.393317,5933367
2008-11-13,20.393317,20.596276,20.350538,20.553161,20.553161,3843933
2008-11-14,20.553161,20.576900,20.426950,20.450570,20.450570,12008251
2008-11-17,20.450570,20.664053,20.144004,20.356504,20.356504,4503753
2008-11-18,20.356504,20.427598,19.953266,20.023196,20.023196,8002314
2008-11-19,20.023196,20.075616,20.005606,20.057995,20.057995,7376809
2008-11-20,20.057995,20.089501,19.393426,19.423935,19.423935,6702149
2008-11-21,19.423935,19.461053,19.134336,19.170970,19.170970,7555360
2008-11-24,19.170970,21.401607,19.120465,21.345374,21.345374,5891882
2008-11-25,21.345374,21.399780,21.010171,21.063860,21.063860,6153238
2008-11-26,21.063860,21.318516,20.964412,21.218338,21.218338,5991347
2008-11-27,21.218338,21.260348,21.150095,21.192053,21.192053,3121316
2008-11-28,21.192053,21.331718,19.051848,19.178241,19.178241,5310439
2008-12-01,19.178241,19.302233,18.531667,18.652258,18.652258,7000023
2008-12-02,18.652258,18.768975,18.235884,18.350715,18.350715,8012522
2008-12-03,18.350715,18.421431,18.305820,18.376473,18.376473,7864561
2008-12-04,18.376473,19.000625,18.327664,18.950292,18.950292,5873321
2008-12-05,18.950292,18.959356,18.036831,18.045463,18.045463,7442426
2008-12-08,18.045463,18.048483,17.308964,17.311862,17.311862,4544388
2008-12-09,17.311862,17.351633,16.953339,16.992376,16.992376,4191128
2008-12-10,16.992376,17.247083,16.940902,17.194996,17.194996,4406662
2008-12-11,17.194996,17.346805,17.165034,17.316631,17.316631,6170882
2008-12-12,17.316631,17.354776,16.983403,17.020896,17.020896,6173166
2008-12-15,17.020896,17.264436,17.012487,17.255910,17.255910,5701595
2008-12-16,17.255910,17.994515,17.203803,17.940341,17.940341,5299812
2008-12-17,17.940341,18.275445,17.927257,18.262126,18.262126,8628305
2008-12-18,18.262126,18.469801,18.242981,18.450459,18.450459,8986491
2008-12-19,18.450459,19.143440,18.413209,19.104869,19.104869,5493670
2008-12-22,19.104869,19.331815,18.971611,19.197908,19.197908,4364805
2008-12-23,19.197908,19.307555,18.921116,19.029803,19.029803,4302545
2008-12-24,19.029803,19.065658,18.679766,18.715028,18.715028,6649591
2008-12-25,18.715028,18.726216,18.141569,18.152422,18.152422,3749565
2008-12-26,18.152422,18.180124,17.169004,17.195246,17.195246,3107640
2008-12-29,17.195246,17.635336,17.148655,17.587682,17.587682,7968180
2008-12-30,17.587682,17.613589,17.215573,17.240969,17.240969,8783926
2008-12-31,17.240969,17.247913,16.964679,16.971515,16.971515,6912932
2009-01-01,16.971515,16.995617,16.450105,16.473501,16.473501,5009334
2009-01-02,16.473501,16.536646,16.178475,16.240729,16.240729,11472951
2009-01-05,16.240729,16.245866,15.991240,15.996300,15.996300,5527984
2009-01-06,15.996300,16.138087,15.990597,16.132336,16.132336,7637375
2009-01-07,16.132336,16.246256,16.117459,16.231288,16.231288,5318044
2009-01-08,16.231288,16.988352,16.101954,16.854056,16.854056,8544713
2009-01-09,16.854056,17.074438,16.820690,17.040704,17.040704,10297874
2009-01-12,17.040704,17.063333,16.751609,16.773883,16.773883,6518050
2009-01-13,16.773883,16.796921,16.575691,16.598487,16.598487,5493690
2009-01-14,16.598487,16.947410,16.535666,16.883510,16.883510,5349580
2009-01-15,16.883510,16.975892,16.877896,16.970249,16.970249,8337517
2009-01-16,16.970249,17.034268,16.946180,17.010143,17.010143,4252466
2009-01-19,17.010143,17.175002,16.578608,16.740858,16.740858,8007057
2009-01-20,16.740858,16.894578,16.700478,16.853926,16.853926,6680427
2009-01-21,16.853926,17.088480,16.808559,17.042606,17.042606,8259136
2009-01-22,17.042606,17.104649,16.491317,16.551573,16.551573,6931136
2009-01-23,16.551573,17.011576,16.407034,16.864306,16.864306,4280346
2009-01-26,16.864306,17.581661,16.839685,17.556030,17.556030,6202059
2009-01-27,17.556030,18.057350,17.491785,17.991511,17.991511,8241178
2009-01-28,17.991511,18.175408,17.970778,18.154487,18.154487,5682464
2009-01-29,18.154487,19.946140,18.133199,19.922778,19.922778,8351693
2009-01-30,19.922778,20.027510,19.757848,19.862261,19.862261,5614011
2009-02-02,19.862261,20.137092,19.760546,20.034495,20.034495,4354720
2009-02-03,20.034495,20.073072,19.560284,19.598020,19.598020,5070635
2009-02-04,19.598020,20.053041,19.503557,19.956849,19.956849,7474486
2009-02-05,19.956849,20.083493,19.616955,19.742237,19.742237,6593641
2009-02-06,19.742237,19.955113,19.668555,19.880913,19.880913,5324349
2009-02-09,19.880913,20.214012,19.725336,20.057056,20.057056,5658735
2009-02-10,20.057056,20.187540,19.801331,19.930995,19.930995,5920027
2009-02-11,19.930995,20.227871,19.910952,20.207550,20.207550,8050159
2009-02-12,20.207550,20.856240,20.057312,20.702324,20.702324,7414139
2009-02-13,20.702324,20.766749,20.461110,20.524983,20.524983,6733273
2009-02-16,20.524983,21.388300,20.408900,21.268014,21.268014,6236143
2009-02-17,21.268014,22.168980,21.171209,22.068531,22.068531,8262308
2009-02-18,22.068531,23.199584,22.005629,23.133647,23.133647,9218550
2009-02-19,23.133647,23.414341,23.018752,23.298627,23.298627,7272069
2009-02-20,23.298627,23.405709,23.048685,23.155108,23.155108,5770409
2009-02-23,23.155108,23.599095,23.046624,23.489047,23.489047,7025826
2009-02-24,23.489047,24.041088,23.331831,23.881247,23.881247,6741480
2009-02-25,23.881247,23.942373,22.176047,22.232954,22.232954,3728091
2009-02-26,22.232954,22.377270,22.214291,22.358501,22.358501,4864269
2009-02-27,22.358501,22.452548,22.067129,22.160343,22.160343,4257726
2009-03-02,22.160343,22.241865,21.784899,21.865336,21.865336,9184183
2009-03-03,21.865336,22.043188,21.788854,21.966353,21.966353,6454737
2009-03-04,21.966353,21.982253,21.715273,21.731002,21.731002,8342275
2009-03-05,21.731002,21.820149,21.304894,21.392653,21.392653,10007469
2009-03-06,21.392653,22.763678,21.378901,22.749054,22.749054,8683724
2009-03-09,22.749054,22.994027,22.726948,22.971703,22.971703,4904406
2009-03-10,22.971703,23.271464,22.885582,23.184545,23.184545,4709987
2009-03-11,23.184545,23.231248,22.915334,22.961589,22.961589,6122364
2009-03-12,22.961589,23.015278,22.760855,22.814200,22.814200,9777665
2009-03-13,22.814200,22.896692,22.361143,22.442291,22.442291,7400346
2009-03-16,22.442291,22.816771,22.386765,22.760457,22.760457,8086730
2009-03-17,22.760457,22.835570,22.699375,22.774449,22.774449,6061163
2009-03-18,22.774449,23.274924,22.733730,23.233385,23.233385,4896331
2009-03-19,23.233385,23.701112,23.046477,23.511964,23.511964,7430177
2009-03-20,23.511964,24.233890,23.439746,24.159683,24.159683,4230948
2009-03-23,24.159683,24.230183,23.909323,23.979297,23.979297,11258387
2009-03-24,23.979297,24.030322,23.640905,23.691317,23.691317,6922176
2009-03-25,23.691317,23.706878,23.633882,23.649416,23.649416,2741407
2009-03-26,23.649416,23.795499,23.413763,23.559290,23.559290,8116812
2009-03-27,23.559290,23.667086,23.521345,23.629029,23.629029,7604089
2009-03-30,23.629029,23.925945,23.554827,23.851045,23.851045,4452752
2009-03-31,23.851045,23.936636,23.773718,23.859283,23.859283,5191871
2009-04-01,23.859283,23.939632,23.778562,23.858910,23.858910,4287877
2009-04-02,23.858910,23.960926,23.411924,23.512459,23.512459,4969186
2009-04-03,23.512459,23.524567,23.464666,23.476756,23.476756,7879488
2009-04-06,23.476756,23.591944,23.196097,23.310470,23.310470,5070916
2009-04-07,23.310470,23.416258,22.961917,23.066599,23.066599,4267170
2009-04-08,23.066599,23.346823,22.905023,23.184422,23.184422,11172416
2009-04-09,23.184422,23.254506,23.029418,23.099244,23.099244,2923518
2009-04-10,23.099244,23.132048,22.871936,22.904464,22.904464,3568321
2009-04-13,22.904464,22.931398,22.786022,22.812849,22.812849,8988872
2009-04-14,22.812849,22.907714,22.584649,22.678958,22.678958,3079958
2009-04-15,22.678958,23.041774,22.535844,22.897282,22.897282,4548914
2009-04-16,22.897282,23.271057,22.825584,23.198416,23.198416,3677025
2009-04-17,23.198416,24.910857,23.094249,24.799501,24.799501,6265585
2009-04-20,24.799501,24.822659,24.456440,24.479299,24.479299,7303294
2009-04-21,24.479299,24.517749,24.243874,24.282014,24.282014,5480558
2009-04-22,24.282014,24.540745,24.083728,24.341969,24.341969,4147591
2009-04-23,24.341969,24.752021,24.327493,24.737310,24.737310,4458255
2009-04-24,24.737310,24.779102,24.485630,24.527066,24.527066,6254451
2009-04-27,24.527066,24.655165,24.363297,24.491209,24.491209,6671709
2009-04-28,24.491209,24.533212,24.100680,24.142085,24.142085,6308085
2009-04-29,24.142085,24.312184,24.132490,24.302526,24.302526,5690269
2009-04-30,24.302526,24.498903,24.299939,24.496295,24.496295,7205977
2009-05-01,24.496295,24.781263,24.008898,24.291484,24.291484,3761431
2009-05-04,24.291484,24.664420,24.094595,24.466115,24.466115,7735684
2009-05-05,24.466115,24.704750,24.407931,24.646138,24.646138,8287988
2009-05-06,24.646138,24.789028,24.524828,24.667612,24.667612,4554023
2009-05-07,24.667612,24.786363,24.440277,24.558503,24.558503,4402736
2009-05-08,24.558503,24.616039,24.550574,24.608094,24.608094,9383860
2009-05-11,24.608094,24.728196,24.475790,24.595832,24.595832,8255096
2009-05-12,24.595832,24.634829,24.086771,24.125021,24.125021,3926171
2009-05-13,24.125021,25.167526,23.998268,25.035986,25.035986,6103512
2009-05-14,25.035986,25.087768,24.348149,24.398613,24.398613,9068421
2009-05-15,24.398613,24.780421,24.373343,24.754783,24.754783,5573530
2009-05-18,24.754783,24.844783,24.683912,24.773857,24.773857,5664303
2009-05-19,24.773857,24.862470,24.641565,24.730021,24.730021,6065506
2009-05-20,24.730021,24.767408,24.508731,24.545840,24.545840,10107155
2009-05-21,24.545840,24.556428,24.366157,24.376673,24.376673,6521301
2009-05-22,24.376673,24.588925,24.249343,24.461155,24.461155,5943853
2009-05-25,24.461155,24.677946,23.822880,24.035902,24.035902,6563901
2009-05-26,24.035902,24.144319,23.706588,23.814003,23.814003,3721358
2009-05-27,23.814003,23.988747,23.652761,23.827414,23.827414,5814820
2009-05-28,23.827414,23.892547,23.473770,23.538112,23.538112,7862665
2009-05-29,23.538112,23.549271,23.006061,23.016972,23.016972,8484674
2009-06-01,23.016972,23.049245,22.639953,22.671743,22.671743,3801295
2009-06-02,22.671743,22.730454,22.476672,22.535030,22.535030,2762565
2009-06-03,22.535030,22.873487,22.452928,22.790455,22.790455,4418121
2009-06-04,22.790455,23.127916,22.718812,23.055440,23.055440,4592189
2009-06-05,23.055440,23.099255,22.912267,22.955893,22.955893,5270615
2009-06-08,22.955893,23.123328,22.730836,22.897847,22.897847,5470343
2009-06-09,22.897847,23.034282,22.666517,22.802384,22.802384,4885300
2009-06-10,22.802384,22.873580,22.787406,22.858565,22.858565,8855608
2009-06-11,22.858565,23.016366,22.827463,22.985092,22.985092,4089711
2009-06-12,22.985092,23.002692,22.981542,22.999139,22.999139,5695219
2009-06-15,22.999139,23.212876,22.918603,23.131875,23.131875,7022285
2009-06-16,23.131875,23.428934,22.825242,23.122176,23.122176,4486260
2009-06-17,23.122176,23.251673,22.693806,22.821620,22.821620,7095913
2009-06-18,22.821620,23.106759,22.615570,22.900002,22.900002,6424363
2009-06-19,22.900002,22.927197,22.896979,22.924171,22.924171,5746078
2009-06-22,22.924171,22.970510,22.695198,22.741167,22.741167,8191439
2009-06-23,22.741167,22.928113,22.726125,22.912957,22.912957,6199131
2009-06-24,22.912957,23.054293,22.809934,22.951099,22.951099,4640915
2009-06-25,22.951099,23.034148,22.887889,22.970884,22.970884,5886871
2009-06-26,22.970884,23.022708,22.930097,22.981901,22.981901,9760493
2009-06-29,22.981901,23.111515,22.679116,22.807748,22.807748,4707383
2009-06-30,22.807748,22.847218,22.793887,22.833341,22.833341,4695385
2009-07-01,22.833341,22.855133,22.686833,22.708506,22.708506,9657613
2009-07-02,22.708506,22.751250,22.485673,22.528077,22.528077,4838340
2009-07-03,22.528077,23.062458,22.492628,23.026225,23.026225,6408875
2009-07-06,23.026225,23.146347,22.663833,22.782684,22.782684,6394255
2009-07-07,22.782684,23.243770,22.755330,23.215896,23.215896,5244950
2009-07-08,23.215896,23.248881,22.891776,22.924347,22.924347,7996044
2009-07-09,22.924347,22.959840,22.863307,22.898760,22.898760,6309645
2009-07-10,22.898760,23.017630,22.762616,22.881396,22.881396,4470485
2009-07-13,22.881396,23.001258,22.825907,22.945613,22.945613,9071874
2009-07-14,22.945613,23.107732,22.877174,23.039014,23.039014,5255790
2009-07-15,23.039014,23.084746,22.867940,22.913423,22.913423,3867767
2009-07-16,22.913423,23.037755,22.681049,22.804793,22.804793,5297517
2009-07-17,22.804793,22.975986,22.761897,22.932849,22.932849,5321737
2009-07-20,22.932849,23.089475,22.803243,22.959718,22.959718,7268290
2009-07-21,22.959718,22.986258,22.939779,22.966314,22.966314,6931831
2009-07-22,22.966314,23.016772,22.731038,22.781090,22.781090,9417408
2009-07-23,22.781090,23.112455,22.741499,23.072358,23.072358,6026071
2009-07-24,23.072358,23.462823,23.046250,23.436303,23.436303,10610580
2009-07-27,23.436303,23.448189,23.275056,23.286866,23.286866,5133485
2009-07-28,23.286866,23.678306,23.216480,23.606952,23.606952,5978716
2009-07-29,23.606952,23.793240,23.583322,23.769446,23.769446,3100573
2009-07-30,23.769446,23.866052,23.575291,23.671498,23.671498,7402598
2009-07-31,23.671498,23.888466,23.453195,23.670150,23.670150,6794742
2009-08-03,23.670150,23.698866,23.371226,23.399613,23.399613,5879505
2009-08-04,23.399613,24.037306,23.347100,23.983483,23.983483,15320054
2009-08-05,23.983483,24.263964,23.918392,24.198289,24.198289,4413099
2009-08-06,24.198289,24.293899,24.027862,24.123175,24.123175,6587059
2009-08-07,24.123175,24.253672,23.645796,23.774407,23.774407,4019310
2009-08-10,23.774407,23.970514,22.499025,22.686156,22.686156,4748561
2009-08-11,22.686156,22.905900,22.607298,22.826554,22.826554,6858552
2009-08-12,22.826554,23.010834,22.638464,22.822713,22.822713,8997099
2009-08-13,22.822713,23.110136,22.679814,22.966339,22.966339,5166435
2009-08-14,22.966339,23.032318,22.918268,22.984211,22.984211,6987744
2009-08-17,22.984211,23.023237,22.859516,22.898397,22.898397,5338674
2009-08-18,22.898397,23.077495,22.870474,23.049388,23.049388,5508170
2009-08-19,23.049388,23.313999,22.960936,23.224874,23.224874,5816440
2009-08-20,23.224874,23.300861,23.196783,23.272712,23.272712,5255082
2009-08-21,23.272712,24.583704,23.010240,24.309539,24.309539,12218336
2009-08-24,24.309539,24.577332,24.230778,24.497961,24.497961,7392441
2009-08-25,24.497961,24.661487,24.339592,24.503084,24.503084,6545222
2009-08-26,24.503084,24.503224,24.080182,24.080320,24.080320,4665363
2009-08-27,24.080320,24.450762,24.006095,24.375628,24.375628,5493482
2009-08-28,24.375628,24.582892,24.128459,24.335381,24.335381,6895043
2009-08-31,24.335381,24.563144,24.278029,24.505392,24.505392,4167175
2009-09-01,24.505392,24.652774,24.473649,24.620882,24.620882,10510899
2009-09-02,24.620882,24.626120,24.420083,24.425280,24.425280,3279171
2009-09-03,24.425280,24.468009,24.065576,24.107749,24.107749,4267256
2009-09-04,24.107749,24.427744,24.054719,24.374129,24.374129,6135977
2009-09-07,24.374129,24.396246,24.322559,24.344650,24.344650,2251760
2009-09-08,24.344650,24.453570,24.330464,24.439328,24.439328,5313845
2009-09-09,24.439328,24.976774,24.211370,24.745956,24.745956,8774745
2009-09-10,24.745956,24.857278,24.735985,24.847267,24.847267,7365405
2009-09-11,24.847267,24.874358,24.822969,24.850057,24.850057,8600886
2009-09-14,24.850057,24.864244,24.784714,24.798872,24.798872,7261561
2009-09-15,24.798872,25.050476,24.631340,24.882380,24.882380,6052455
2009-09-16,24.882380,25.006615,24.830475,24.954560,24.954560,4387171
2009-09-17,24.954560,25.025324,24.731777,24.802108,24.802108,5806902
2009-09-18,24.802108,24.803684,24.589011,24.590574,24.590574,11661962
2009-09-21,24.590574,24.759255,24.533672,24.702096,24.702096,2418092
2009-09-22,24.702096,24.932624,24.577088,24.807085,24.807085,6349998
2009-09-23,24.807085,25.491318,24.542595,25.222400,25.222400,6375063
2009-09-24,25.222400,25.311889,25.004070,25.093100,25.093100,4829038
2009-09-25,25.093100,25.142824,24.730318,24.779421,24.779421,6512902
2009-09-28,24.779421,24.889010,24.645562,24.755044,24.755044,4298143
2009-09-29,24.755044,24.942959,24.748239,24.936104,24.936104,3681546
2009-09-30,24.936104,25.175551,24.931849,25.171255,25.171255,6397918
2009-10-01,25.171255,25.181095,25.127080,25.136906,25.136906,8672881
2009-10-02,25.136906,25.345334,25.060508,25.268536,25.268536,4025940
2009-10-05,25.268536,25.624107,25.198814,25.553598,25.553598,4758814
2009-10-06,25.553598,25.613142,25.175823,25.234624,25.234624,5398683
2009-10-07,25.234624,25.420814,25.162030,25.347894,25.347894,6013961
2009-10-08,25.347894,25.409835,24.985442,25.046647,25.046647,5471851
2009-10-09,25.046647,25.065070,24.973239,24.991622,24.991622,5537125
2009-10-12,24.991622,25.148208,24.950870,25.107267,25.107267,6585929
2009-10-13,25.107267,25.222937,24.953128,25.068620,25.068620,8453153
2009-10-14,25.068620,26.351361,24.808043,26.080269,26.080269,10910665
2009-10-15,26.080269,26.558693,25.914029,26.390475,26.390475,7687259
2009-10-16,26.390475,27.133543,26.258050,26.998068,26.998068,4002910
2009-10-19,26.998068,27.136311,26.615337,26.752321,26.752321,6823803
2009-10-20,26.752321,26.928523,26.656646,26.832562,26.832562,10259395
2009-10-21,26.832562,27.655645,26.780019,27.601596,27.601596,7009512
2009-10-22,27.601596,27.893838,27.532025,27.823707,27.823707,4130749
2009-10-23,27.823707,27.850480,27.787773,27.814537,27.814537,6647214
2009-10-26,27.814537,27.910670,27.461419,27.556661,27.556661,4657320
2009-10-27,27.556661,27.584992,27.314008,27.342119,27.342119,8180080
2009-10-28,27.342119,27.914960,27.206231,27.776912,27.776912,10830980
2009-10-29,27.776912,27.841562,27.669143,27.733693,27.733693,4339818
2009-10-30,27.733693,28.331019,27.675195,28.271387,28.271387,5551205
2009-11-02,28.271387,28.316857,27.817922,27.862735,27.862735,5202060
2009-11-03,27.862735,28.085290,27.504450,27.725912,27.725912,3340903
2009-11-04,27.725912,27.874580,27.620513,27.769017,27.769017,6811933
2009-11-05,27.769017,28.212012,27.575088,28.016356,28.016356,5593223
2009-11-06,28.016356,28.468140,27.855062,28.305183,28.305183,6008044
2009-11-09,28.305183,28.350335,28.292788,28.337925,28.337925,4342567
2009-11-10,28.337925,28.517299,28.010917,28.189350,28.189350,5714406
2009-11-11,28.189350,28.438295,28.120273,28.368777,28.368777,7072973
2009-11-12,28.368777,28.664410,28.321364,28.616582,28.616582,5223141
2009-11-13,28.616582,28.728799,28.412843,28.524700,28.524700,6456039
2009-11-16,28.524700,28.836142,28.286727,28.597562,28.597562,11059204
2009-11-17,28.597562,28.613190,28.075223,28.090574,28.090574,11688830
2009-11-18,28.090574,28.230731,27.968014,28.108094,28.108094,14918778
2009-11-19,28.108094,28.189477,27.892892,27.973887,27.973887,3736115
2009-11-20,27.973887,28.270694,27.755841,28.052039,28.052039,3570236
2009-11-23,28.052039,28.393718,27.882890,28.223535,28.223535,5500581
2009-11-24,28.223535,28.552499,28.097261,28.425323,28.425323,6060944
2009-11-25,28.425323,28.638092,28.369784,28.582246,28.582246,6550009
2009-11-26,28.582246,28.613938,28.478048,28.509660,28.509660,10414279
2009-11-27,28.509660,28.613704,28.069818,28.172632,28.172632,5735026
2009-11-30,28.172632,28.223471,28.155936,28.206755,28.206755,5394574
2009-12-01,28.206755,28.325943,28.127202,28.246279,28.246279,6744248
2009-12-02,28.246279,28.416598,27.428546,27.594938,27.594938,6288267
2009-12-03,27.594938,28.264191,27.548341,28.216544,28.216544,7534091
2009-12-04,28.216544,28.332868,27.409656,27.523122,27.523122,10005452
2009-12-07,27.523122,27.714995,27.412375,27.603923,27.603923,6224758
2009-12-08,27.603923,27.740185,27.589000,27.725197,27.725197,6598947
2009-12-09,27.725197,28.408113,27.624661,28.305473,28.305473,8543348
2009-12-10,28.305473,28.380178,28.245656,28.320330,28.320330,8910474
2009-12-11,28.320330,28.770687,28.256484,28.705972,28.705972,4311105
2009-12-14,28.705972,28.757957,28.568044,28.619873,28.619873,8160910
2009-12-15,28.619873,28.712679,28.299662,28.391728,28.391728,7148483
2009-12-16,28.391728,28.846880,28.171186,28.624529,28.624529,5165184
2009-12-17,28.624529,28.868153,28.504910,28.748019,28.748019,7426902
2009-12-18,28.748019,29.160760,28.646409,29.058054,29.058054,8798181
2009-12-21,29.058054,29.463569,28.887031,29.291173,29.291173,5880019
2009-12-22,29.291173,29.774405,29.194801,29.676764,29.676764,6605685
2009-12-23,29.676764,29.934541,29.676225,29.933997,29.933997,4520148
2009-12-24,29.933997,29.976124,29.645180,29.686958,29.686958,3384796
2009-12-25,29.686958,29.856368,29.260515,29.428449,29.428449,3896299
2009-12-28,29.428449,29.441296,29.308601,29.321401,29.321401,3684144
2009-12-29,29.321401,29.600310,29.260104,29.538560,29.538560,8355514
2009-12-30,29.538560,29.763868,29.512421,29.737554,29.737554,8520812
2009-12-31,29.737554,29.832250,29.718366,29.813015,29.813015,6234752
2010-01-01,29.813015,29.821947,29.687603,29.696501,29.696501,8496567
2010-01-04,29.696501,30.011071,29.654058,29.968240,29.968240,4964883
2010-01-05,29.968240,30.017244,29.946990,29.995974,29.995974,11316251
2010-01-06,29.995974,30.133008,29.859438,29.996469,29.996469,6643246
2010-01-07,29.996469,30.575226,29.967576,30.545803,30.545803,3762559
2010-01-08,30.545803,30.589657,28.481827,28.522776,28.522776,5178069
2010-01-11,28.522776,28.797663,28.440743,28.715077,28.715077,5098681
2010-01-12,28.715077,28.761340,28.578486,28.624603,28.624603,5960788
2010-01-13,28.624603,31.074978,28.428950,30.864017,30.864017,4389776
2010-01-14,30.864017,30.939417,30.798377,30.873755,30.873755,4472516
2010-01-15,30.873755,31.035098,30.468118,30.628177,30.628177,5431717
2010-01-18,30.628177,30.970918,30.256480,30.598893,30.598893,9144368
2010-01-19,30.598893,30.888409,30.572964,30.862257,30.862257,8921711
2010-01-20,30.862257,30.961245,30.712668,30.811494,30.811494,7634565
2010-01-21,30.811494,30.876603,30.517875,30.582501,30.582501,5376012
2010-01-22,30.582501,30.584568,30.266371,30.268417,30.268417,9388738
2010-01-25,30.268417,30.917219,30.155031,30.801834,30.801834,13065898
2010-01-26,30.801834,30.929755,30.736371,30.864160,30.864160,5640217
2010-01-27,30.864160,30.866623,30.598754,30.601195,30.601195,8670599
2010-01-28,30.601195,30.678752,30.508571,30.586089,30.586089,3143013
2010-01-29,30.586089,30.996003,30.444172,30.852848,30.852848,4621419
2010-02-01,30.852848,30.934094,30.556327,30.637004,30.637004,11509949
2010-02-02,30.637004,30.673631,30.529100,30.565642,30.565642,8800701
2010-02-03,30.565642,30.757398,30.274312,30.465440,30.465440,5203967
2010-02-04,30.465440,30.492478,30.436383,30.463419,30.463419,4127689
2010-02-05,30.463419,30.465370,30.455382,30.457332,30.457332,6611379
2010-02-08,30.457332,30.730238,30.313398,30.585698,30.585698,7956202
2010-02-09,30.585698,30.886626,30.377119,30.677422,30.677422,6910587
2010-02-10,30.677422,30.708274,30.526880,30.557611,30.557611,5848504
2010-02-11,30.557611,30.580344,30.385934,30.408556,30.408556,4267631
2010-02-12,30.408556,30.617513,30.343494,30.552143,30.552143,7029723
2010-02-15,30.552143,30.566780,29.740447,29.754702,29.754702,6260501
2010-02-16,29.754702,29.907421,29.666154,29.818683,29.818683,4985648
2010-02-17,29.818683,30.248683,29.720412,30.149323,30.149323,4745822
2010-02-18,30.149323,30.332249,30.030963,30.213637,30.213637,7173384
2010-02-19,30.213637,31.448481,29.988078,31.215443,31.215443,5928179
2010-02-22,31.215443,31.314111,30.720072,30.817482,30.817482,9190178
2010-02-23,30.817482,31.002921,30.802758,30.988116,30.988116,9193422
2010-02-24,30.988116,31.141490,30.817626,30.970915,30.970915,5960494
2010-02-25,30.970915,30.997138,30.552916,30.578807,30.578807,4614371
2010-02-26,30.578807,30.994599,30.396819,30.811229,30.811229,5989560
2010-03-01,30.811229,31.291150,30.810824,31.290738,31.290738,7086630
2010-03-02,31.290738,32.355290,31.143405,32.203658,32.203658,4429726
2010-03-03,32.203658,32.250706,31.924014,31.970721,31.970721,2306027
2010-03-04,31.970721,32.117721,31.924679,32.071534,32.071534,10051451
2010-03-05,32.071534,33.644958,31.812688,33.375587,33.375587,5697537
2010-03-08,33.375587,33.573445,33.232419,33.430044,33.430044,6467728
2010-03-09,33.430044,33.452698,32.988247,33.010616,33.010616,8234057
2010-03-10,33.010616,33.341383,32.870910,33.200871,33.200871,8093060
2010-03-11,33.200871,33.292270,33.046803,33.138029,33.138029,4892550
2010-03-12,33.138029,33.203397,32.879187,32.944172,32.944172,3217696
2010-03-15,32.944172,33.312467,32.869895,33.237528,33.237528,4820506
2010-03-16,33.237528,33.788851,33.000098,33.549195,33.549195,5287349
2010-03-17,33.549195,34.377880,33.481546,34.308699,34.308699,4292749
2010-03-18,34.308699,34.314818,33.914359,33.920408,33.920408,10801406
2010-03-19,33.920408,34.194567,33.728477,34.002173,34.002173,3417463
2010-03-22,34.002173,34.097714,33.935678,34.031162,34.031162,4378941
2010-03-23,34.031162,34.920141,33.761770,34.645883,34.645883,6987799
2010-03-24,34.645883,35.055583,34.608935,35.018238,35.018238,9756315
2010-03-25,35.018238,35.360415,34.951973,35.293629,35.293629,4456350
2010-03-26,35.293629,36.477710,35.194362,36.375401,36.375401,3954242
2010-03-29,36.375401,37.087285,36.330900,37.041968,37.041968,5615250
2010-03-30,37.041968,37.091540,36.687625,36.736788,36.736788,8736256
2010-03-31,36.736788,36.910636,36.246005,36.418346,36.418346,3616505
2010-04-01,36.418346,36.540164,36.027249,36.148163,36.148163,12340003
2010-04-02,36.148163,36.309730,36.046850,36.208248,36.208248,5841483
2010-04-05,36.208248,36.393866,35.664595,35.848368,35.848368,7916884
2010-04-06,35.848368,35.857273,35.706168,35.715040,35.715040,6323611
2010-04-07,35.715040,35.874185,35.600675,35.759676,35.759676,3147232
2010-04-08,35.759676,36.013840,35.616898,35.870619,35.870619,5659441
2010-04-09,35.870619,36.310162,35.824307,36.263343,36.263343,14594380
2010-04-12,36.263343,36.469951,35.753147,35.958015,35.958015,6633939
2010-04-13,35.958015,35.993044,35.743173,35.778026,35.778026,5737512
2010-04-14,35.778026,36.013305,35.722294,35.957293,35.957293,7249698
2010-04-15,35.957293,36.391558,35.858801,36.292148,36.292148,2196004
2010-04-16,36.292148,37.265864,36.049783,37.018647,37.018647,4372731
2010-04-19,37.018647,37.071422,36.892356,36.945026,36.945026,6065160
2010-04-20,36.945026,37.894822,36.866024,37.813961,37.813961,4992103
2010-04-21,37.813961,37.933772,37.218671,37.336971,37.336971,4901199
2010-04-22,37.336971,37.357965,37.281776,37.302751,37.302751,11595780
2010-04-23,37.302751,37.378698,37.109314,37.185021,37.185021,4434051
2010-04-26,37.185021,37.773747,37.169270,37.757753,37.757753,5924778
2010-04-27,37.757753,37.763345,37.755140,37.760732,37.760732,4232135
2010-04-28,37.760732,37.861215,37.681505,37.781943,37.781943,6057526
2010-04-29,37.781943,37.788135,37.403893,37.410025,37.410025,7731772
2010-04-30,37.410025,37.520405,37.293840,37.404202,37.404202,6391133
2010-05-03,37.404202,37.641548,37.324647,37.561658,37.561658,3435696
2010-05-04,37.561658,37.632078,36.495962,36.564512,36.564512,3919874
2010-05-05,36.564512,37.034872,36.337724,36.806582,36.806582,3959254
2010-05-06,36.806582,36.814580,36.307041,36.314932,36.314932,3564542
2010-05-07,36.314932,36.421020,36.224382,36.330431,36.330431,5540278
2010-05-10,36.330431,37.419337,36.285653,37.373273,37.373273,7036794
2010-05-11,37.373273,37.553714,37.359231,37.539610,37.539610,10207664
2010-05-12,37.539610,37.674334,37.525356,37.660034,37.660034,7007947
2010-05-13,37.660034,38.794218,37.428256,38.556920,38.556920,5148042
2010-05-14,38.556920,38.965702,38.359824,38.767530,38.767530,8062447
2010-05-17,38.767530,39.300019,38.740095,39.272228,39.272228,9016027
2010-05-18,39.272228,39.507933,39.268096,39.503777,39.503777,5248179
2010-05-19,39.503777,39.595534,39.398501,39.490226,39.490226,4143503
2010-05-20,39.490226,39.679950,39.256471,39.445982,39.445982,3941725
2010-05-21,39.445982,39.510725,39.109816,39.174113,39.174113,6795379
2010-05-24,39.174113,39.477824,38.980365,39.283534,39.283534,7043582
2010-05-25,39.283534,39.493675,39.272885,39.482971,39.482971,5272064
2010-05-26,39.482971,39.745758,39.271284,39.533799,39.533799,10611974
2010-05-27,39.533799,39.670906,39.128526,39.264700,39.264700,7027023
2010-05-28,39.264700,40.125844,38.953122,39.809940,39.809940,7472978
2010-05-31,39.809940,40.014040,39.708174,39.912013,39.912013,7706505
2010-06-01,39.912013,40.097446,39.131375,39.314031,39.314031,6874601
2010-06-02,39.314031,39.625505,39.204537,39.515450,39.515450,5613712
2010-06-03,39.515450,39.924492,39.485771,39.894528,39.894528,3396044
2010-06-04,39.894528,39.934659,39.827043,39.867146,39.867146,5577178
2010-06-07,39.867146,39.969252,39.603324,39.705015,39.705015,7479947
2010-06-08,39.705015,39.811244,38.841679,38.945877,38.945877,5953621
2010-06-09,38.945877,39.082095,38.786699,38.922836,38.922836,7779233
2010-06-10,38.922836,39.112048,38.415762,38.603421,38.603421,5405189
2010-06-11,38.603421,38.933968,38.511324,38.841303,38.841303,6164128
2010-06-14,38.841303,39.048343,38.730692,38.937458,38.937458,5941448
2010-06-15,38.937458,39.239000,38.784133,39.085093,39.085093,3936928
2010-06-16,39.085093,39.970219,38.968592,39.851433,39.851433,10567733
2010-06-17,39.851433,39.875001,39.760112,39.783639,39.783639,7995072
2010-06-18,39.783639,40.500401,39.622343,40.336862,40.336862,5834066
2010-06-21,40.336862,40.348403,40.039818,40.051277,40.051277,6652890
2010-06-22,40.051277,40.153678,39.569111,39.670538,39.670538,3871976
2010-06-23,39.670538,39.737878,39.616051,39.683374,39.683374,3553259
2010-06-24,39.683374,39.733206,39.676842,39.726667,39.726667,8915141
2010-06-25,39.726667,39.909277,39.348005,39.529710,39.529710,4801248
2010-06-28,39.529710,39.967057,39.526452,39.963763,39.963763,8132617
2010-06-29,39.963763,40.178134,39.053747,39.264366,39.264366,4785744
2010-06-30,39.264366,39.522719,39.184831,39.442822,39.442822,4185721
2010-07-01,39.442822,39.617436,39.075907,39.249666,39.249666,6318539
2010-07-02,39.249666,39.503403,38.302693,38.551919,38.551919,7353507
2010-07-05,38.551919,38.747369,38.195601,38.390231,38.390231,5135480
2010-07-06,38.390231,38.485745,37.817588,37.911912,37.911912,10730711
2010-07-07,37.911912,38.008539,37.805256,37.901857,37.901857,8878949
2010-07-08,37.901857,38.103513,37.452260,37.652590,37.652590,4820153
2010-07-09,37.652590,37.784357,37.573139,37.704797,37.704797,6005074
2010-07-12,37.704797,38.419098,37.597779,38.310361,38.310361,3663256
2010-07-13,38.310361,38.334142,38.251577,38.275336,38.275336,3867313
2010-07-14,38.275336,38.420036,37.911785,38.055654,38.055654,5531574
2010-07-15,38.055654,38.240970,37.443506,37.626733,37.626733,4075946
2010-07-16,37.626733,37.649504,37.553908,37.576648,37.576648,7731615
2010-07-19,37.576648,37.890462,37.344377,37.657690,37.657690,4836302
2010-07-20,37.657690,37.853321,37.617575,37.813040,37.813040,7458295
2010-07-21,37.813040,38.593504,37.802883,38.583139,38.583139,4725529
2010-07-22,38.583139,39.323436,38.327443,39.064550,39.064550,6604233
2010-07-23,39.064550,39.660403,38.908385,39.502488,39.502488,7223000
2010-07-26,39.502488,39.554394,38.945552,38.996793,38.996793,7083164
2010-07-27,38.996793,39.757975,38.618319,39.375822,39.375822,5501847
2010-07-28,39.375822,39.931021,39.282078,39.836181,39.836181,4990562
2010-07-29,39.836181,40.215131,39.696873,40.074987,40.074987,8377883
2010-07-30,40.074987,41.173784,39.714007,40.806217,40.806217,5125391
2010-08-02,40.806217,41.059676,40.571218,40.824571,40.824571,8718991
2010-08-03,40.824571,41.726781,40.719946,41.620117,41.620117,5317414
2010-08-04,41.620117,41.737639,40.234421,40.348352,40.348352,7176031
2010-08-05,40.348352,40.393412,40.106480,40.151320,40.151320,5322094
2010-08-06,40.151320,40.172757,40.019489,40.040867,40.040867,7649635
2010-08-09,40.040867,40.581754,39.882434,40.421814,40.421814,3199602
2010-08-10,40.421814,40.585953,39.387310,39.547900,39.547900,8199155
2010-08-11,39.547900,39.806732,39.481499,39.740008,39.740008,8767698
2010-08-12,39.740008,39.836685,39.639085,39.735752,39.735752,6589436
2010-08-13,39.735752,40.360099,39.623523,40.246428,40.246428,6263727
2010-08-16,40.246428,40.519779,40.199128,40.472213,40.472213,4021552
2010-08-17,40.472213,40.703772,40.007657,40.237875,40.237875,2831186
2010-08-18,40.237875,41.077204,40.080362,40.917033,40.917033,5452297
2010-08-19,40.917033,41.219121,40.660603,40.962407,40.962407,2195858
2010-08-20,40.962407,41.011516,40.681162,40.729992,40.729992,4699459
2010-08-23,40.729992,40.975664,40.633378,40.878698,40.878698,5586786
2010-08-24,40.878698,40.962764,40.621584,40.705294,40.705294,5804999
2010-08-25,40.705294,41.046962,40.539845,40.880800,40.880800,4601616
2010-08-26,40.880800,41.562102,40.718262,41.397510,41.397510,11313111
2010-08-27,41.397510,42.068394,41.286544,41.955932,41.955932,6071184
2010-08-30,41.955932,41.961011,41.626004,41.631044,41.631044,7429512
2010-08-31,41.631044,42.500963,41.581890,42.450841,42.450841,5592665
2010-09-01,42.450841,42.850777,42.353279,42.752522,42.752522,2562885
2010-09-02,42.752522,43.302981,42.734976,43.285216,43.285216,5591440
2010-09-03,43.285216,43.401110,42.777266,42.892107,42.892107,9893256
2010-09-06,42.892107,44.011682,42.828413,43.946422,43.946422,4471543
2010-09-07,43.946422,44.122167,43.726222,43.901789,43.901789,6420527
2010-09-08,43.901789,44.050800,42.480554,42.625232,42.625232,6378029
2010-09-09,42.625232,42.784735,41.967850,42.125482,42.125482,7755011
2010-09-10,42.125482,42.912804,42.100877,42.887754,42.887754,2426192
2010-09-13,42.887754,42.979672,42.769889,42.861751,42.861751,7766439
2010-09-14,42.861751,43.040557,42.320284,42.497570,42.497570,6333049
2010-09-15,42.497570,42.640252,42.080542,42.222300,42.222300,9856920
2010-09-16,42.222300,42.321185,42.110291,42.209145,42.209145,4427893
2010-09-17,42.209145,42.430363,41.750373,41.970340,41.970340,6619904
2010-09-20,41.970340,42.103785,41.751694,41.884867,41.884867,9781069
2010-09-21,41.884867,42.446957,41.590933,42.151155,42.151155,2643856
2010-09-22,42.151155,42.548167,41.755530,42.152529,42.152529,4681260
2010-09-23,42.152529,42.304233,41.762781,41.913625,41.913625,8557125
2010-09-24,41.913625,42.296305,41.763894,42.145745,42.145745,7411294
2010-09-27,42.145745,42.262146,41.823441,41.939272,41.939272,8674076
2010-09-28,41.939272,42.248664,41.915974,42.225207,42.225207,5295575
2010-09-29,42.225207,42.907503,41.935626,42.615247,42.615247,3672312
2010-09-30,42.615247,43.006625,42.424698,42.815182,42.815182,5416521
2010-10-01,42.815182,42.829538,42.226975,42.241138,42.241138,3662013
2010-10-04,42.241138,42.920263,42.031591,42.708398,42.708398,10716049
2010-10-05,42.708398,42.761035,42.024225,42.076083,42.076083,4592559
2010-10-06,42.076083,42.753498,41.886295,42.561520,42.561520,9394879
2010-10-07,42.561520,43.462253,42.444461,43.343044,43.343044,4591017
2010-10-08,43.343044,43.470098,42.662771,42.788199,42.788199,6163763
2010-10-11,42.788199,42.911704,42.302116,42.424572,42.424572,6174162
2010-10-12,42.424572,43.604731,42.241057,43.416924,43.416924,4559984
2010-10-13,43.416924,44.582217,43.323850,44.486849,44.486849,5755087
2010-10-14,44.486849,45.414984,44.315529,45.240760,45.240760,4760873
2010-10-15,45.240760,45.624055,44.973318,45.355932,45.355932,6794317
2010-10-18,45.355932,45.661165,45.283690,45.588552,45.588552,3807161
2010-10-19,45.588552,46.092184,45.497901,46.000714,46.000714,13618191
2010-10-20,46.000714,46.177036,44.214617,44.384746,44.384746,7326971
2010-10-21,44.384746,44.667889,44.061553,44.344439,44.344439,8663869
2010-10-22,44.344439,44.491619,44.327770,44.474902,44.474902,4767917
2010-10-25,44.474902,44.862734,44.244503,44.631524,44.631524,6818750
2010-10-26,44.631524,44.794416,44.038276,44.199592,44.199592,4792943
2010-10-27,44.199592,44.336747,44.071544,44.208673,44.208673,4784596
2010-10-28,44.208673,44.728739,44.084837,44.603795,44.603795,9486615
2010-10-29,44.603795,44.642399,44.128027,44.166253,44.166253,5148740
2010-11-01,44.166253,44.607328,43.980714,44.420720,44.420720,5583835
2010-11-02,44.420720,44.902422,44.328862,44.809759,44.809759,7268065
2010-11-03,44.809759,45.068145,44.657376,44.915403,44.915403,4479790
2010-11-04,44.915403,45.274524,44.690271,45.048724,45.048724,5359118
2010-11-05,45.048724,45.054598,44.953793,44.959655,44.959655,4463649
2010-11-08,44.959655,44.998840,44.462088,44.500873,44.500873,12867787
2010-11-09,44.500873,44.563525,44.366378,44.428930,44.428930,4370066
2010-11-10,44.428930,45.838148,44.341664,45.748291,45.748291,7536503
2010-11-11,45.748291,45.961193,45.094498,45.305339,45.305339,7092804
2010-11-12,45.305339,45.540704,44.981826,45.216731,45.216731,8292462
2010-11-15,45.216731,45.427965,45.040258,45.251357,45.251357,10551137
2010-11-16,45.251357,45.401720,45.099856,45.250216,45.250216,5195495
2010-11-17,45.250216,45.340649,44.958610,45.048640,45.048640,5797247
2010-11-18,45.048640,45.362167,45.001934,45.315184,45.315184,5630930
2010-11-19,45.315184,45.728785,45.135350,45.548027,45.548027,5602300
2010-11-22,45.548027,45.936753,45.504379,45.892775,45.892775,8562102
2010-11-23,45.892775,47.531315,45.651889,47.283132,47.283132,7427349
2010-11-24,47.283132,47.621136,47.269733,47.607645,47.607645,8334620
2010-11-25,47.607645,47.851003,46.086630,46.323423,46.323423,8744124
2010-11-26,46.323423,47.612623,46.128558,47.413174,47.413174,4025026
2010-11-29,47.413174,47.609144,46.968800,47.163739,47.163739,7695793
2010-11-30,47.163739,47.461029,47.006067,47.302892,47.302892,3864160
2010-12-01,47.302892,48.252243,47.237657,48.185790,48.185790,6541053
2010-12-02,48.185790,48.362789,47.750521,47.926568,47.926568,4286956
2010-12-03,47.926568,48.193677,47.776220,48.042965,48.042965,4300731
2010-12-06,48.042965,48.387165,47.864872,48.208459,48.208459,7776313
2010-12-07,48.208459,48.390605,47.640473,47.821155,47.821155,6725440
2010-12-08,47.821155,47.884931,47.043975,47.106798,47.106798,4692712
2010-12-09,47.106798,47.565579,46.989677,47.447610,47.447610,4605500
2010-12-10,47.447610,47.970343,47.232689,47.754034,47.754034,5463733
2010-12-13,47.754034,47.827208,46.852671,46.924574,46.924574,8196728
2010-12-14,46.924574,47.403258,46.800329,47.278076,47.278076,11356261
2010-12-15,47.278076,47.489221,47.125643,47.336599,47.336599,7725299
2010-12-16,47.336599,47.845579,47.172766,47.680556,47.680556,4440436
2010-12-17,47.680556,47.906123,46.780592,47.002954,47.002954,6387582
2010-12-20,47.002954,47.054123,46.826989,46.878022,46.878022,9087231
2010-12-21,46.878022,47.127096,46.460032,46.708204,46.708204,3509064
2010-12-22,46.708204,46.912183,45.999188,46.200952,46.200952,6676913
2010-12-23,46.200952,46.411023,45.909247,46.118945,46.118945,4846663
2010-12-24,46.118945,46.501261,45.834054,46.215772,46.215772,3002975
2010-12-27,46.215772,46.514221,45.972210,46.270372,46.270372,5503733
2010-12-28,46.270372,46.482882,46.130436,46.342727,46.342727,5738273
2010-12-29,46.342727,46.793172,45.586477,46.033921,46.033921,5013282
2010-12-30,46.033921,46.718974,45.996921,46.681454,46.681454,7108560
2010-12-31,46.681454,46.922123,45.509380,45.745222,45.745222,9754279
2011-01-03,45.745222,46.124410,45.533029,45.911445,45.911445,1316062
2011-01-04,45.911445,46.058398,45.338756,45.484342,45.484342,3993459
2011-01-05,45.484342,45.642644,45.204453,45.362330,45.362330,5128210
2011-01-06,45.362330,45.888558,45.136864,45.661604,45.661604,9458478
2011-01-07,45.661604,46.202525,45.443329,45.982716,45.982716,3192801
2011-01-10,45.982716,46.024799,45.335292,45.376821,45.376821,4899138
2011-01-11,45.376821,45.434282,45.141990,45.199226,45.199226,5798300
2011-01-12,45.199226,45.479010,45.177038,45.456696,45.456696,5470937
2011-01-13,45.456696,45.894420,45.374392,45.811473,45.811473,8768316
2011-01-14,45.811473,45.903980,45.646246,45.738605,45.738605,14665920
2011-01-17,45.738605,46.003727,45.670383,45.935212,45.935212,5496076
2011-01-18,45.935212,46.289330,45.661281,46.014925,46.014925,6467551
2011-01-19,46.014925,47.133354,45.925560,47.041995,47.041995,3525475
2011-01-20,47.041995,47.332754,46.434106,46.722892,46.722892,7317106
2011-01-21,46.722892,47.086963,46.707062,47.071015,47.071015,4944044
2011-01-24,47.071015,47.383206,46.971997,47.283741,47.283741,2823835
2011-01-25,47.283741,47.611130,46.216972,46.539206,46.539206,5856356
2011-01-26,46.539206,46.822432,44.605772,44.878894,44.878894,7874614
2011-01-27,44.878894,45.383941,44.797909,45.302192,45.302192,5999389
2011-01-28,45.302192,45.426875,45.241651,45.366248,45.366248,7313960
2011-01-31,45.366248,46.388022,45.349549,46.370953,46.370953,9471945
2011-02-01,46.370953,47.072972,45.784650,46.485224,46.485224,8158770
2011-02-02,46.485224,46.746487,45.613786,45.871601,45.871601,9229516
2011-02-03,45.871601,45.980843,44.771262,44.878139,44.878139,6022977
2011-02-04,44.878139,45.005381,44.431862,44.558197,44.558197,4811680
2011-02-07,44.558197,44.696488,44.508662,44.646855,44.646855,5097491
2011-02-08,44.646855,44.946245,44.445117,44.744068,44.744068,6257125
2011-02-09,44.744068,44.834168,44.326512,44.415952,44.415952,5472262
2011-02-10,44.415952,45.082751,44.409668,45.076374,45.076374,3943770
2011-02-11,45.076374,45.410675,44.608101,44.941401,44.941401,9207047
2011-02-14,44.941401,45.170828,44.679292,44.908551,44.908551,12791045
2011-02-15,44.908551,47.023943,44.723687,46.831165,46.831165,6937380
2011-02-16,46.831165,47.469919,46.489838,47.126440,47.126440,7115754
2011-02-17,47.126440,47.435842,47.036440,47.345423,47.345423,10623700
2011-02-18,47.345423,47.576361,46.847742,47.077372,47.077372,7247556
2011-02-21,47.077372,47.723378,46.938451,47.582965,47.582965,4607164
2011-02-22,47.582965,48.598181,47.248166,48.258628,48.258628,6908373
2011-02-23,48.258628,48.304155,48.058954,48.104335,48.104335,5268601
2011-02-24,48.104335,48.152142,48.061338,48.109141,48.109141,5738357
2011-02-25,48.109141,48.341687,47.975047,48.207318,48.207318,3907466
2011-02-28,48.207318,48.762937,48.171341,48.726572,48.726572,11956231
2011-03-01,48.726572,48.736606,47.972527,47.982408,47.982408,5555900
2011-03-02,47.982408,48.211219,47.678121,47.906570,47.906570,7190174
2011-03-03,47.906570,48.419864,47.822808,48.335353,48.335353,6449101
2011-03-04,48.335353,49.274352,48.101611,49.037216,49.037216,10247437
2011-03-07,49.037216,49.038646,49.019861,49.021291,49.021291,3294315
2011-03-08,49.021291,49.202932,48.722345,48.903549,48.903549,6460481
2011-03-09,48.903549,49.270790,48.819194,49.185948,49.185948,11276326
2011-03-10,49.185948,50.536066,48.656371,49.997749,49.997749,7781275
2011-03-11,49.997749,51.628009,49.910643,51.538219,51.538219,4136472
2011-03-14,51.538219,51.631214,50.600937,50.692406,50.692406,6915789
2011-03-15,50.692406,50.868542,49.959422,50.133617,50.133617,5141521
2011-03-16,50.133617,50.227488,50.021167,50.115004,50.115004,5698244
2011-03-17,50.115004,50.478268,49.990641,50.353314,50.353314,3385726
2011-03-18,50.353314,50.575065,50.046607,50.267982,50.267982,8446161
2011-03-21,50.267982,50.337782,49.831027,49.900317,49.900317,10680463
2011-03-22,49.900317,50.623627,49.736086,50.457562,50.457562,3875590
2011-03-23,50.457562,50.493523,49.697224,49.732668,49.732668,2561963
2011-03-24,49.732668,49.919183,49.245060,49.430441,49.430441,2309252
2011-03-25,49.430441,50.710495,49.394932,50.674093,50.674093,4824149
2011-03-28,50.674093,50.854955,50.613206,50.793925,50.793925,7380650
2011-03-29,50.793925,51.562391,50.578239,51.344368,51.344368,6517635
2011-03-30,51.344368,51.640980,51.043605,51.340193,51.340193,5746421
2011-03-31,51.340193,51.466366,50.911873,51.037302,51.037302,9363623
2011-04-01,51.037302,51.273080,50.705257,50.940589,50.940589,6814490
2011-04-04,50.940589,51.341761,50.931004,51.332102,51.332102,6671721
2011-04-05,51.332102,51.627952,50.474351,50.766943,50.766943,5906518
2011-04-06,50.766943,51.253008,50.578066,51.063029,51.063029,4355339
2011-04-07,51.063029,51.341502,50.514259,50.791250,50.791250,5791654
2011-04-08,50.791250,51.401958,50.603918,51.213071,51.213071,5056217
2011-04-11,51.213071,51.760541,50.975931,51.521971,51.521971,6976337
2011-04-12,51.521971,53.320124,51.363973,53.157111,53.157111,6701503
2011-04-13,53.157111,53.180933,52.834766,52.858454,52.858454,4010418
2011-04-14,52.858454,53.118558,51.773714,52.029740,52.029740,4170788
2011-04-15,52.029740,52.134829,51.733475,51.838177,51.838177,7960866
2011-04-18,51.838177,52.153092,51.217527,51.530573,51.530573,4860047
2011-04-19,51.530573,51.888903,50.923134,51.279720,51.279720,3678804
2011-04-20,51.279720,52.763834,50.903429,52.379473,52.379473,7757628
2011-04-21,52.379473,52.597856,51.843094,52.060146,52.060146,4841823
2011-04-22,52.060146,52.192895,51.933565,52.066299,52.066299,4951179
2011-04-25,52.066299,52.437470,51.774648,52.145376,52.145376,6600338
2011-04-26,52.145376,52.468835,51.513270,51.834803,51.834803,7252842
2011-04-27,51.834803,52.593585,51.371507,52.127672,52.127672,5404082
2011-04-28,52.127672,52.367101,52.067180,52.306402,52.306402,4913640
2011-04-29,52.306402,52.949662,52.235417,52.877901,52.877901,3079306
2011-05-02,52.877901,53.128507,52.167373,52.415788,52.415788,3638167
2011-05-03,52.415788,52.683110,51.829168,52.094853,52.094853,3475181
2011-05-04,52.094853,52.796286,51.828421,52.527640,52.527640,3958512
2011-05-05,52.527640,52.840851,52.483152,52.796136,52.796136,4967031
2011-05-06,52.796136,53.437694,52.511142,53.150786,53.150786,6575764
2011-05-09,53.150786,53.433387,52.164609,52.443450,52.443450,5970866
2011-05-10,52.443450,52.658611,51.005408,51.215532,51.215532,8284369
2011-05-11,51.215532,51.448007,50.996706,51.229122,51.229122,9323485
2011-05-12,51.229122,51.947463,51.001429,51.717599,51.717599,4611930
2011-05-13,51.717599,52.279420,51.571036,52.131684,52.131684,2852569
2011-05-16,52.131684,52.344930,51.381906,51.592948,51.592948,9076234
2011-05-17,51.592948,51.643113,51.183695,51.233510,51.233510,2759690
2011-05-18,51.233510,52.139261,51.175856,52.080653,52.080653,3579897
2011-05-19,52.080653,52.343134,51.036468,51.294989,51.294989,4912810
2011-05-20,51.294989,51.664296,50.421011,50.786657,50.786657,7855617
2011-05-23,50.786657,51.180910,50.643512,51.037059,51.037059,7237504
2011-05-24,51.037059,51.402052,51.012943,51.377774,51.377774,4714589
2011-05-25,51.377774,51.455350,49.041144,49.115304,49.115304,11833111
2011-05-26,49.115304,50.655715,48.879274,50.413446,50.413446,8141823
2011-05-27,50.413446,50.583433,50.029667,50.198930,50.198930,5320134
2011-05-30,50.198930,50.360074,49.844937,50.005461,50.005461,11664137
2011-05-31,50.005461,50.035374,49.866201,49.896049,49.896049,5487102
2011-06-01,49.896049,50.236209,49.503959,49.843762,49.843762,5672723
2011-06-02,49.843762,49.946389,49.837374,49.939988,49.939988,3841946
2011-06-03,49.939988,51.371668,49.725148,51.151615,51.151615,6704228
2011-06-06,51.151615,51.878094,50.917196,51.641430,51.641430,6929002
2011-06-07,51.641430,51.818872,50.013959,50.186402,50.186402,4919700
2011-06-08,50.186402,50.283207,49.961630,50.058187,50.058187,3949905
2011-06-09,50.058187,51.184002,50.037917,51.163284,51.163284,5010974
2011-06-10,51.163284,51.256795,51.128397,51.221868,51.221868,8158510
2011-06-13,51.221868,51.346343,49.971760,50.093493,50.093493,5901869
2011-06-14,50.093493,51.672988,49.974826,51.550869,51.550869,4244042
2011-06-15,51.550869,51.741709,50.780168,50.968854,50.968854,3175944
2011-06-16,50.968854,51.268638,50.901511,51.200989,51.200989,4540069
2011-06-17,51.200989,51.290627,50.987513,51.076934,51.076934,7966523
2011-06-20,51.076934,51.577759,50.570463,51.071233,51.071233,7248820
2011-06-21,51.071233,51.139630,51.046825,51.115201,51.115201,4215680
2011-06-22,51.115201,52.077319,50.731175,51.688982,51.688982,3358845
2011-06-23,51.688982,51.884844,50.947701,51.141488,51.141488,3837632
2011-06-24,51.141488,51.426020,50.532353,50.815069,50.815069,5734561
2011-06-27,50.815069,51.465129,50.521619,51.169631,51.169631,7325139
2011-06-28,51.169631,51.616171,51.165463,51.611967,51.611967,4593893
2011-06-29,51.611967,51.698655,51.604022,51.690699,51.690699,6923850
2011-06-30,51.690699,52.133030,51.325489,51.767279,51.767279,5195410
2011-07-01,51.767279,52.476511,51.692028,52.400341,52.400341,5211771
2011-07-04,52.400341,53.518564,52.391257,53.509288,53.509288,4110118
2011-07-05,53.509288,53.998001,53.242580,53.730192,53.730192,7775865
2011-07-06,53.730192,53.887603,52.519976,52.674294,52.674294,4522323
2011-07-07,52.674294,53.166881,51.987732,52.478488,52.478488,6181450
2011-07-08,52.478488,53.007081,52.238809,52.766088,52.766088,3170118
2011-07-11,52.766088,52.791229,52.484397,52.509416,52.509416,5813054
2011-07-12,52.509416,52.658887,52.433633,52.582998,52.582998,5625428
2011-07-13,52.582998,53.058236,52.277040,52.751298,52.751298,7234119
2011-07-14,52.751298,52.788539,52.556393,52.593522,52.593522,6398824
2011-07-15,52.593522,53.010512,52.426791,52.842991,52.842991,7077923
2011-07-18,52.842991,53.108811,52.424174,52.689220,52.689220,5518127
2011-07-19,52.689220,52.698490,52.437834,52.447061,52.447061,6320240
2011-07-20,52.447061,52.731380,52.392866,52.676947,52.676947,6400866
2011-07-21,52.676947,52.752796,52.261992,52.337352,52.337352,7122906
2011-07-22,52.337352,52.669777,52.288083,52.620243,52.620243,5928183
2011-07-25,52.620243,52.833433,52.539070,52.752057,52.752057,7693382
2011-07-26,52.752057,53.546812,52.541720,53.334154,53.334154,5937820
2011-07-27,53.334154,53.860774,53.286247,53.812436,53.812436,6959742
2011-07-28,53.812436,54.296811,53.650829,54.134237,54.134237,3447741
2011-07-29,54.134237,54.319750,53.366779,53.550290,53.550290,10642594
2011-08-01,53.550290,53.835848,53.296308,53.581716,53.581716,4708488
2011-08-02,53.581716,53.698287,52.157803,52.271523,52.271523,5606661
2011-08-03,52.271523,52.785485,52.027363,52.540071,52.540071,3619727
2011-08-04,52.540071,52.697648,52.045361,52.201924,52.201924,5908375
2011-08-05,52.201924,53.293200,52.034263,53.122582,53.122582,6667842
2011-08-08,53.122582,53.565149,53.032831,53.474803,53.474803,7126347
2011-08-09,53.474803,53.932195,53.253058,53.709477,53.709477,3720179
2011-08-10,53.709477,54.509445,53.558847,54.357000,54.357000,7047008
2011-08-11,54.357000,54.752448,54.355669,54.751107,54.751107,10733269
2011-08-12,54.751107,54.968814,54.276518,54.493199,54.493199,4210284
2011-08-15,54.493199,54.802228,53.623566,53.929397,53.929397,5865358
2011-08-16,53.929397,54.169018,53.562280,53.801332,53.801332,8790225
2011-08-17,53.801332,53.995712,53.592570,53.786897,53.786897,11644623
2011-08-18,53.786897,56.971395,53.569919,56.742495,56.742495,6487801
2011-08-19,56.742495,57.077438,56.462795,56.797468,56.797468,4574761
2011-08-22,56.797468,57.098499,56.489779,56.790774,56.790774,5066868
2011-08-23,56.790774,56.938509,56.561863,56.709386,56.709386,8442144
2011-08-24,56.709386,57.115701,55.854953,56.258033,56.258033,6323127
2011-08-25,56.258033,56.970698,55.882719,56.593148,56.593148,4784200
2011-08-26,56.593148,56.802608,56.181684,56.390393,56.390393,5812027
2011-08-29,56.390393,57.079569,56.315908,57.004273,57.004273,6997712
2011-08-30,57.004273,57.474638,56.294694,56.763068,56.763068,6804565
2011-08-31,56.763068,57.425642,56.498695,57.159423,57.159423,7469815
2011-09-01,57.159423,57.269320,56.933174,57.042847,57.042847,4315054
2011-09-02,57.042847,57.080212,56.832744,56.869996,56.869996,4068553
2011-09-05,56.869996,57.255962,55.784485,56.165671,56.165671,5621022
2011-09-06,56.165671,57.237956,56.045300,57.115549,57.115549,3767646
2011-09-07,57.115549,58.486220,56.890994,58.257176,58.257176,5728971
2011-09-08,58.257176,58.775189,58.202553,58.720131,58.720131,6471281
2011-09-09,58.720131,58.753185,58.114295,58.147027,58.147027,8551665
2011-09-12,58.147027,59.440451,58.034696,59.325842,59.325842,6444890
2011-09-13,59.325842,60.606963,59.175052,60.453307,60.453307,3616768
2011-09-14,60.453307,60.561675,59.949009,60.056666,60.056666,9445708
2011-09-15,60.056666,60.214660,59.722245,59.879775,59.879775,6515956
2011-09-16,59.879775,60.319182,59.815635,60.254641,60.254641,6134702
2011-09-19,60.254641,60.299152,59.668116,59.712227,59.712227,4931522
2011-09-20,59.712227,60.160827,58.970685,59.417068,59.417068,4753049
2011-09-21,59.417068,59.706698,59.257855,59.547136,59.547136,3866065
2011-09-22,59.547136,59.939381,59.449799,59.841563,59.841563,6736956
2011-09-23,59.841563,60.068969,59.490403,59.717337,59.717337,4357667
2011-09-26,59.717337,60.125580,59.535010,59.942565,59.942565,11084585
2011-09-27,59.942565,60.593563,59.587597,60.236851,60.236851,7782451
2011-09-28,60.236851,60.366850,59.608844,59.737766,59.737766,3949888
2011-09-29,59.737766,60.052262,59.287588,59.601365,59.601365,7222507
2011-09-30,59.601365,59.805324,58.955384,59.157825,59.157825,5194697
2011-10-03,59.157825,59.365257,58.923864,59.131203,59.131203,4457525
2011-10-04,59.131203,59.416362,58.597491,58.881445,58.881445,6215421
2011-10-05,58.881445,59.668670,58.800662,59.586919,59.586919,10618122
2011-10-06,59.586919,60.242883,59.355319,60.009641,60.009641,5200734
2011-10-07,60.009641,60.441120,59.905094,60.336004,60.336004,4265539
2011-10-10,60.336004,60.633144,59.868000,60.164294,60.164294,6754759
2011-10-11,60.164294,62.156552,59.963873,61.950181,61.950181,7692109
2011-10-12,61.950181,62.439741,61.744123,62.232743,62.232743,6290786
2011-10-13,62.232743,62.306426,62.019323,62.092840,62.092840,4676349
2011-10-14,62.092840,62.569275,62.012768,62.488693,62.488693,4991357
2011-10-17,62.488693,62.731151,62.377823,62.620049,62.620049,6325336
2011-10-18,62.620049,63.501190,62.511487,63.391291,63.391291,7679494
2011-10-19,63.391291,63.498030,63.012736,63.119017,63.119017,7032458
2011-10-20,63.119017,63.215678,62.250966,62.346444,62.346444,7040181
2011-10-21,62.346444,63.074062,61.925320,62.650883,62.650883,5307230
2011-10-24,62.650883,64.491803,62.515954,64.353208,64.353208,5039454
2011-10-25,64.353208,64.486109,63.856550,63.988699,63.988699,4655265
2011-10-26,63.988699,64.641257,63.893827,64.545560,64.545560,5678618
2011-10-27,64.545560,65.210041,64.146424,64.809274,64.809274,4421006
2011-10-28,64.809274,65.292478,64.414457,64.897126,64.897126,4159755
2011-10-31,64.897126,65.043693,64.648141,64.794476,64.794476,4856253
2011-11-01,64.794476,64.843184,64.555530,64.604095,64.604095,11652047
2011-11-02,64.604095,65.734962,64.139970,65.266082,65.266082,6923238
2011-11-03,65.266082,65.302312,64.452855,64.488654,64.488654,6821964
2011-11-04,64.488654,64.620119,64.388891,64.520307,64.520307,5871436
2011-11-07,64.520307,66.113208,64.449722,66.040960,66.040960,6139031
2011-11-08,66.040960,66.085019,64.310980,64.353914,64.353914,4493591
2011-11-09,64.353914,65.496842,63.866734,65.004735,65.004735,4032897
2011-11-10,65.004735,65.255991,64.563801,64.814321,64.814321,4846506
2011-11-11,64.814321,65.172031,64.659819,65.017046,65.017046,4955979
2011-11-14,65.017046,65.353274,64.459598,64.794675,64.794675,5138362
2011-11-15,64.794675,65.926271,64.655951,65.785425,65.785425,5258307
2011-11-16,65.785425,66.409671,65.463957,66.086730,66.086730,8626512
2011-11-17,66.086730,67.398243,65.948154,67.257212,67.257212,6028941
2011-11-18,67.257212,67.466687,66.861544,67.070437,67.070437,6611328
2011-11-21,67.070437,67.154974,66.962828,67.047336,67.047336,9038796
2011-11-22,67.047336,67.680953,66.734290,67.366418,67.366418,6158121
2011-11-23,67.366418,67.388509,67.273726,67.295795,67.295795,11647623
2011-11-24,67.295795,68.159501,67.133348,67.995365,67.995365,6171289
2011-11-25,67.995365,68.314605,66.174578,66.486735,66.486735,6507406
2011-11-28,66.486735,66.789862,65.769546,66.070777,66.070777,7915572
2011-11-29,66.070777,66.150688,64.948651,65.027300,65.027300,3680158
2011-11-30,65.027300,65.284728,64.615020,64.871832,64.871832,8179021
2011-12-01,64.871832,65.022317,63.933467,64.082120,64.082120,3133625
2011-12-02,64.082120,64.609206,64.007607,64.534167,64.534167,2094806
2011-12-05,64.534167,64.802502,62.741862,63.003835,63.003835,5778144
2011-12-06,63.003835,63.180753,62.450013,62.625870,62.625870,7714412
2011-12-07,62.625870,63.543362,62.359231,63.273964,63.273964,5220428
2011-12-08,63.273964,63.748823,63.268006,63.742821,63.742821,7313442
2011-12-09,63.742821,64.652670,63.380685,64.287440,64.287440,5645507
2011-12-12,64.287440,64.648892,63.909818,64.271178,64.271178,5334434
2011-12-13,64.271178,64.914983,63.665941,64.309387,64.309387,4782378
2011-12-14,64.309387,64.401755,64.151011,64.243284,64.243284,11897984
2011-12-15,64.243284,64.623535,64.147193,64.527020,64.527020,6748473
2011-12-16,64.527020,64.544654,64.146803,64.164338,64.164338,4569668
2011-12-19,64.164338,64.566816,63.900037,64.301948,64.301948,3574209
2011-12-20,64.301948,64.659027,64.278400,64.635356,64.635356,5609029
2011-12-21,64.635356,65.058898,63.284157,63.701580,63.701580,3913880
2011-12-22,63.701580,65.364317,63.317941,64.973021,64.973021,5549829
2011-12-23,64.973021,65.140471,64.861122,65.028477,65.028477,5386731
2011-12-26,65.028477,65.170555,64.554670,64.696022,64.696022,3608033
2011-12-27,64.696022,65.426888,64.470434,65.199545,65.199545,4757688
2011-12-28,65.199545,66.495755,64.776946,66.067530,66.067530,5088676
2011-12-29,66.067530,66.320125,65.483222,65.734544,65.734544,11765076
2011-12-30,65.734544,65.951588,65.079198,65.294791,65.294791,3793691
2012-01-02,65.294791,67.207342,64.982840,66.887781,66.887781,10076983
2012-01-03,66.887781,66.941725,65.783774,65.836870,65.836870,9158890
2012-01-04,65.836870,66.374624,64.865587,65.399771,65.399771,7026266
2012-01-05,65.399771,66.126753,65.260482,65.986215,65.986215,3185973
2012-01-06,65.986215,66.089009,65.001743,65.103161,65.103161,3729339
2012-01-09,65.103161,65.275881,64.545860,64.717556,64.717556,6091942
2012-01-10,64.717556,64.819091,64.523593,64.624982,64.624982,4950414
2012-01-11,64.624982,65.324625,64.432680,65.130818,65.130818,7978227
2012-01-12,65.130818,65.442905,62.311014,62.611026,62.611026,6383228
2012-01-13,62.611026,62.670140,62.296752,62.355625,62.355625,9817806
2012-01-16,62.355625,62.401360,61.902066,61.947502,61.947502,6289812
2012-01-17,61.947502,62.578338,61.935041,62.565752,62.565752,11112774
2012-01-18,62.565752,62.709291,62.420617,62.564152,62.564152,7103797
2012-01-19,62.564152,62.690807,62.475506,62.602107,62.602107,4714120
2012-01-20,62.602107,62.869391,62.523951,62.790999,62.790999,9538578
2012-01-23,62.790999,63.212675,62.500529,62.921600,62.921600,10620600
2012-01-24,62.921600,62.995419,62.910992,62.984800,62.984800,4292322
2012-01-25,62.984800,63.439857,62.807488,63.261765,63.261765,3293502
2012-01-26,63.261765,63.725151,62.979757,63.442338,63.442338,5547537
2012-01-27,63.442338,64.130878,63.272729,63.959886,63.959886,10186759
2012-01-30,63.959886,64.521706,62.971257,63.529295,63.529295,6807926
2012-01-31,63.529295,63.981752,63.140407,63.592477,63.592477,4047371
2012-02-01,63.592477,63.734259,63.437929,63.579683,63.579683,6147668
2012-02-02,63.579683,64.451166,63.404557,64.274127,64.274127,6838218
2012-02-03,64.274127,64.751234,64.151568,64.628001,64.628001,4324367
2012-02-06,64.628001,64.950479,64.436249,64.758341,64.758341,5349971
2012-02-07,64.758341,65.439021,64.492278,65.171262,65.171262,4988201
2012-02-08,65.171262,65.946372,65.070173,65.844240,65.844240,7709015
2012-02-09,65.844240,65.954069,65.026812,65.135459,65.135459,2946654
2012-02-10,65.135459,65.279951,64.462302,64.605618,64.605618,5263667
2012-02-13,64.605618,66.208213,64.247974,65.843715,65.843715,5825116
2012-02-14,65.843715,65.903603,64.190343,64.248781,64.248781,3663767
2012-02-15,64.248781,66.121379,63.727393,65.589114,65.589114,3360001
2012-02-16,65.589114,65.636976,64.829717,64.877060,64.877060,8354457
2012-02-17,64.877060,65.229633,63.728437,64.076661,64.076661,6313021
2012-02-20,64.076661,64.490737,62.567328,62.974280,62.974280,9828151
2012-02-21,62.974280,63.137423,62.275948,62.437700,62.437700,12555309
2012-02-22,62.437700,62.516476,61.742883,61.820880,61.820880,5233117
2012-02-23,61.820880,61.950525,61.253263,61.381987,61.381987,3780751
2012-02-24,61.381987,61.397411,61.063013,61.078360,61.078360,5696636
2012-02-27,61.078360,61.279002,60.906842,61.107403,61.107403,9441339
2012-02-28,61.107403,61.198649,60.455682,60.546090,60.546090,3041857
2012-02-29,60.546090,60.578520,60.429926,60.462312,60.462312,3577398
2012-03-01,60.462312,61.034771,59.673973,60.244368,60.244368,5273100
2012-03-02,60.244368,60.535913,58.829408,59.115490,59.115490,8874338
2012-03-05,59.115490,59.779661,59.063832,59.727468,59.727468,3920768
2012-03-06,59.727468,59.989231,58.895290,59.154542,59.154542,5195353
2012-03-07,59.154542,60.081048,59.081877,60.007335,60.007335,8142325
2012-03-08,60.007335,60.022619,59.898170,59.913430,59.913430,5474468
2012-03-09,59.913430,59.960699,59.810806,59.858031,59.858031,9317530
2012-03-12,59.858031,60.693107,59.642168,60.475019,60.475019,4622891
2012-03-13,60.475019,60.619818,59.309461,59.451811,59.451811,4483931
2012-03-14,59.451811,60.735837,58.946807,60.224270,60.224270,6768982
2012-03-15,60.224270,60.302236,58.931945,59.008336,59.008336,7227476
2012-03-16,59.008336,59.025105,57.555279,57.571640,57.571640,7874264
2012-03-19,57.571640,57.708484,56.943838,57.079512,57.079512,8190319
2012-03-20,57.079512,57.428086,56.931864,57.279920,57.279920,8064649
2012-03-21,57.279920,58.280898,57.060626,58.058622,58.058622,9092043
2012-03-22,58.058622,58.252557,57.141505,57.333015,57.333015,6517986
2012-03-23,57.333015,57.619357,57.197183,57.483169,57.483169,10191512
2012-03-26,57.483169,57.794611,56.554646,56.862727,56.862727,7403877
2012-03-27,56.862727,56.934863,56.546782,56.618608,56.618608,5514358
2012-03-28,56.618608,56.633283,56.606141,56.620815,56.620815,8075721
2012-03-29,56.620815,57.956655,56.336185,57.666767,57.666767,5416851
2012-03-30,57.666767,57.817577,57.244198,57.394295,57.394295,6826494
2012-04-02,57.394295,57.677259,57.139570,57.422409,57.422409,6831146
2012-04-03,57.422409,57.595032,56.885589,57.057114,57.057114,3656232
2012-04-04,57.057114,58.234567,56.809056,57.982487,57.982487,12408878
2012-04-05,57.982487,58.788271,57.781723,58.585420,58.585420,5379171
2012-04-06,58.585420,58.594065,57.958262,57.966816,57.966816,9034851
2012-04-09,57.966816,58.934569,57.840638,58.806563,58.806563,4631213
2012-04-10,58.806563,59.011260,58.730498,58.935028,58.935028,4419204
2012-04-11,58.935028,59.894314,58.613456,59.569282,59.569282,8635018
2012-04-12,59.569282,59.885281,58.997427,59.312062,59.312062,6430701
2012-04-13,59.312062,59.317970,58.949481,58.955353,58.955353,6266534
2012-04-16,58.955353,59.165389,58.953734,59.163764,59.163764,8760099
2012-04-17,59.163764,59.599771,57.936360,58.366492,58.366492,8988869
2012-04-18,58.366492,58.864332,58.113918,58.610701,58.610701,4457342
2012-04-19,58.610701,58.989345,58.095617,58.473374,58.473374,4389870
2012-04-20,58.473374,58.866704,58.180143,58.572973,58.572973,3648819
2012-04-23,58.572973,58.718499,58.403438,58.548903,58.548903,9323530
2012-04-24,58.548903,58.990135,58.415773,58.856305,58.856305,3495856
2012-04-25,58.856305,58.964420,58.403332,58.510812,58.510812,7643223
2012-04-26,58.510812,58.760295,58.356437,58.605670,58.605670,7249979
2012-04-27,58.605670,60.894509,58.384161,60.665216,60.665216,6048927
2012-04-30,60.665216,61.814948,60.255581,61.400349,61.400349,12201154
2012-05-01,61.400349,62.190028,61.291924,62.080402,62.080402,9776147
2012-05-02,62.080402,62.647971,61.898854,62.465298,62.465298,12708368
2012-05-03,62.465298,63.044007,62.436224,63.014677,63.014677,4445710
2012-05-04,63.014677,63.338863,62.034450,62.355243,62.355243,17136769
2012-05-07,62.355243,62.603375,62.349407,62.597516,62.597516,4372613
2012-05-08,62.597516,63.288668,61.465837,62.152071,62.152071,4302078
2012-05-09,62.152071,62.322432,61.902138,62.072279,62.072279,4600104
2012-05-10,62.072279,62.214969,61.975768,62.118387,62.118387,4881713
2012-05-11,62.118387,62.229750,60.735495,60.844575,60.844575,5826503
2012-05-14,60.844575,60.903510,60.215074,60.273457,60.273457,6613477
2012-05-15,60.273457,60.365879,59.870193,59.962139,59.962139,7876711
2012-05-16,59.962139,60.372907,59.962055,60.372823,60.372823,7639778
2012-05-17,60.372823,60.794454,60.320087,60.741397,60.741397,8207631
2012-05-18,60.741397,60.949387,60.678867,60.886707,60.886707,9218325
2012-05-21,60.886707,61.752397,60.471053,61.333692,61.333692,5208240
2012-05-22,61.333692,61.402882,60.708006,60.776568,60.776568,5999137
2012-05-23,60.776568,60.949302,60.466998,60.639342,60.639342,5372240
2012-05-24,60.639342,60.844565,59.765136,59.968087,59.968087,6092943
2012-05-25,59.968087,60.389959,59.797922,60.219082,60.219082,7202455
2012-05-28,60.219082,60.549808,60.096140,60.426443,60.426443,6240384
2012-05-29,60.426443,60.621452,59.966209,60.160359,60.160359,6120957
2012-05-30,60.160359,60.215327,58.485801,58.539288,58.539288,6546836
2012-05-31,58.539288,60.060637,58.300555,59.816695,59.816695,5462314
2012-06-01,59.816695,61.253117,59.648200,61.081060,61.081060,6753339
2012-06-04,61.081060,61.139925,60.886751,60.945486,60.945486,7439034
2012-06-05,60.945486,60.983459,59.556876,59.594008,59.594008,5596306
2012-06-06,59.594008,60.419260,59.404919,60.228159,60.228159,8344064
2012-06-07,60.228159,60.973696,60.122676,60.867094,60.867094,7759768
2012-06-08,60.867094,60.884918,59.507385,59.524816,59.524816,10624237
2012-06-11,59.524816,59.576045,59.071846,59.122729,59.122729,4259251
2012-06-12,59.122729,59.187006,58.847094,58.911141,58.911141,7247829
2012-06-13,58.911141,58.942683,58.301385,58.332617,58.332617,3565577
2012-06-14,58.332617,59.821734,57.701150,59.181083,59.181083,5283837
2012-06-15,59.181083,59.530356,59.063713,59.412527,59.412527,2900843
2012-06-18,59.412527,59.836527,59.303355,59.726777,59.726777,13647993
2012-06-19,59.726777,59.940269,59.583965,59.797289,59.797289,15365393
2012-06-20,59.797289,60.224066,59.205410,59.631000,59.631000,6165039
2012-06-21,59.631000,61.083235,59.522976,60.972781,60.972781,3632905
2012-06-22,60.972781,61.060046,60.614749,60.701627,60.701627,7176001
2012-06-25,60.701627,60.801531,60.588080,60.687962,60.687962,8352130
2012-06-26,60.687962,61.451025,60.553213,61.314883,61.314883,7388034
2012-06-27,61.314883,61.366228,60.860168,60.911174,60.911174,4592447
2012-06-28,60.911174,63.271558,60.856175,63.214479,63.214479,4513753
2012-06-29,63.214479,64.143852,63.044557,63.971893,63.971893,5797429
2012-07-02,63.971893,64.215339,61.769607,62.005570,62.005570,5052783
2012-07-03,62.005570,62.841014,61.668471,62.501220,62.501220,7811539
2012-07-04,62.501220,63.210976,62.390976,63.099676,63.099676,5319485
2012-07-05,63.099676,67.071475,62.818922,66.774370,66.774370,5611856
2012-07-06,66.774370,67.370711,66.391780,66.986903,66.986903,5516921
2012-07-09,66.986903,67.221817,66.220887,66.453932,66.453932,9644845
2012-07-10,66.453932,67.628634,65.995937,67.165733,67.165733,5743114
2012-07-11,67.165733,67.486969,66.209078,66.527261,66.527261,6028378
2012-07-12,66.527261,66.919731,65.415977,65.804181,65.804181,3638115
2012-07-13,65.804181,66.129420,65.771796,66.096891,66.096891,8164753
2012-07-16,66.096891,66.348861,65.485634,65.736229,65.736229,9813870
2012-07-17,65.736229,66.349983,65.587276,66.199979,66.199979,5765002
2012-07-18,66.199979,67.537091,65.933562,67.266383,67.266383,10582570
2012-07-19,67.266383,67.565023,66.312231,66.607948,66.607948,3702562
2012-07-20,66.607948,67.016203,65.513692,65.917716,65.917716,5782438
2012-07-23,65.917716,66.110668,65.641307,65.834014,65.834014,9804453
2012-07-24,65.834014,65.860151,64.884183,64.909953,64.909953,4225151
2012-07-25,64.909953,64.981906,64.693663,64.765455,64.765455,4408353
2012-07-26,64.765455,65.495142,64.640125,65.368644,65.368644,14967462
2012-07-27,65.368644,65.373408,65.200583,65.205335,65.205335,4559873
2012-07-30,65.205335,65.348915,63.754951,63.895648,63.895648,3187423
2012-07-31,63.895648,64.013651,62.251622,62.366802,62.366802,4670930
2012-08-01,62.366802,62.698510,62.332535,62.664081,62.664081,6323484
2012-08-02,62.664081,63.332781,62.292053,62.959002,62.959002,5294290
2012-08-03,62.959002,63.092064,62.454640,62.586916,62.586916,8040552
2012-08-06,62.586916,63.652548,62.335203,63.397575,63.397575,5906469
2012-08-07,63.397575,63.562797,63.259976,63.425138,63.425138,10965222
2012-08-08,63.425138,64.374569,63.320777,64.268820,64.268820,3655467
2012-08-09,64.268820,64.819208,64.058213,64.607491,64.607491,5866479
2012-08-10,64.607491,65.295007,64.178492,64.864303,64.864303,3406302
2012-08-13,64.864303,66.244933,64.538001,65.913353,65.913353,9851430
2012-08-14,65.913353,65.994791,65.539468,65.620544,65.620544,3410773
2012-08-15,65.620544,65.638970,65.612205,65.630629,65.630629,4110994
2012-08-16,65.630629,65.842371,65.376833,65.588438,65.588438,4165640
2012-08-17,65.588438,66.589598,65.584190,66.585286,66.585286,4289293
2012-08-20,66.585286,67.909535,66.516219,67.839167,67.839167,5445915
2012-08-21,67.839167,68.337156,67.585198,68.082276,68.082276,4257431
2012-08-22,68.082276,68.297900,67.400955,67.615100,67.615100,3445285
2012-08-23,67.615100,67.806018,66.872449,67.061804,67.061804,4742912
2012-08-24,67.061804,67.240432,66.210151,66.386982,66.386982,7196457
2012-08-27,66.386982,66.826496,66.320821,66.759964,66.759964,3682441
2012-08-28,66.759964,67.540620,66.570047,67.349027,67.349027,8947274
2012-08-29,67.349027,67.599686,66.326727,66.574503,66.574503,5904666
2012-08-30,66.574503,66.736670,65.729505,65.890005,65.890005,5503528
2012-08-31,65.890005,66.115474,65.091732,65.315234,65.315234,3113340
2012-09-03,65.315234,65.768683,64.901557,65.354756,65.354756,4601818
2012-09-04,65.354756,65.458895,63.085934,63.186618,63.186618,2785554
2012-09-05,63.186618,63.794189,63.052438,63.659006,63.659006,3791099
2012-09-06,63.659006,64.075537,63.455209,63.871061,63.871061,3176361
2012-09-07,63.871061,64.030971,63.595155,63.754774,63.754774,9690697
2012-09-10,63.754774,64.096037,63.426697,63.767892,63.767892,7289736
2012-09-11,63.767892,64.467292,63.641738,64.340005,64.340005,6224390
2012-09-12,64.340005,64.796747,64.228353,64.684497,64.684497,4200048
2012-09-13,64.684497,65.187778,64.429136,64.931442,64.931442,7827610
2012-09-14,64.931442,65.186395,64.884093,65.138895,65.138895,13751746
2012-09-17,65.138895,65.444688,64.952554,65.258007,65.258007,6192442
2012-09-18,65.258007,66.676992,65.170660,66.587865,66.587865,5151582
2012-09-19,66.587865,66.932554,64.241572,64.575846,64.575846,5340227
2012-09-20,64.575846,65.299850,64.273314,64.995352,64.995352,6799012
2012-09-21,64.995352,65.021164,64.730188,64.755904,64.755904,6498659
2012-09-24,64.755904,64.836857,64.486696,64.567412,64.567412,6701658
2012-09-25,64.567412,65.040631,64.472332,64.944994,64.944994,8193799
2012-09-26,64.944994,65.473004,64.495290,65.022762,65.022762,8380656
2012-09-27,65.022762,65.336459,64.971717,65.285208,65.285208,6667252
2012-09-28,65.285208,66.022604,65.022636,65.758130,65.758130,3598358
2012-10-01,65.758130,66.855552,65.686766,66.783075,66.783075,7865660
2012-10-02,66.783075,66.897031,66.141100,66.254153,66.254153,8544097
2012-10-03,66.254153,67.228848,66.038739,67.010974,67.010974,5987974
2012-10-04,67.010974,70.067717,66.908337,69.960562,69.960562,3872823
2012-10-05,69.960562,70.077023,69.346522,69.462153,69.462153,15146956
2012-10-08,69.462153,70.174263,69.386755,70.098175,70.098175,7791002
2012-10-09,70.098175,70.526149,69.851896,70.279235,70.279235,5244875
2012-10-10,70.279235,70.650421,69.945919,70.316927,70.316927,11775479
2012-10-11,70.316927,71.213795,69.991457,70.885692,70.885692,7787616
2012-10-12,70.885692,71.032122,70.525191,70.671177,70.671177,6398356
2012-10-15,70.671177,70.912917,70.587120,70.828672,70.828672,5749619
2012-10-16,70.828672,71.253197,68.966093,69.381947,69.381947,5483563
2012-10-17,69.381947,69.520029,68.278790,68.414947,68.414947,3203486
2012-10-18,68.414947,70.017016,67.875880,69.469639,69.469639,6860059
2012-10-19,69.469639,69.588713,68.896889,69.015184,69.015184,4790911
2012-10-22,69.015184,69.054547,67.787387,67.826073,67.826073,11475999
2012-10-23,67.826073,68.123813,67.066652,67.362356,67.362356,5353619
2012-10-24,67.362356,68.015345,66.827337,67.479396,67.479396,4472983
2012-10-25,67.479396,67.603248,66.813669,66.936525,66.936525,5094310
2012-10-26,66.936525,66.974269,66.889830,66.927569,66.927569,5073366
2012-10-29,66.927569,67.448445,66.648115,67.167987,67.167987,4450407
2012-10-30,67.167987,68.470944,67.060203,68.361245,68.361245,6691269
2012-10-31,68.361245,68.781284,67.221651,67.637241,67.637241,3138430
2012-11-01,67.637241,68.009819,67.524079,67.896223,67.896223,3642846
2012-11-02,67.896223,69.615415,67.834901,69.552597,69.552597,12792571
2012-11-05,69.552597,69.826719,69.008293,69.281345,69.281345,11701196
2012-11-06,69.281345,69.495133,68.661961,68.874494,68.874494,11466870
2012-11-07,68.874494,69.234645,68.634125,68.993859,68.993859,3984182
2012-11-08,68.993859,69.156035,67.554179,67.713345,67.713345,4822034
2012-11-09,67.713345,68.359017,67.276822,67.921154,67.921154,8323691
2012-11-12,67.921154,68.429000,67.626295,68.133220,68.133220,4649893
2012-11-13,68.133220,68.771558,67.216494,67.852198,67.852198,3059173
2012-11-14,67.852198,68.443020,67.550130,68.139672,68.139672,4994844
2012-11-15,68.139672,68.211057,67.489088,67.559866,67.559866,4628314
2012-11-16,67.559866,67.631201,67.491514,67.562846,67.562846,7572634
2012-11-19,67.562846,67.674462,66.852719,66.963344,66.963344,5378405
2012-11-20,66.963344,67.414873,66.765597,67.216379,67.216379,9167384
2012-11-21,67.216379,68.476418,67.142270,68.401003,68.401003,6331023
2012-11-22,68.401003,69.114599,68.273681,68.986188,68.986188,9766201
2012-11-23,68.986188,69.176967,68.607481,68.797740,68.797740,8313113
2012-11-26,68.797740,69.036988,67.167123,67.401517,67.401517,5661169
2012-11-27,67.401517,67.931536,67.352705,67.882376,67.882376,9077332
2012-11-28,67.882376,68.154904,67.105135,67.375629,67.375629,4986142
2012-11-29,67.375629,67.756352,67.094167,67.474477,67.474477,6033890
2012-11-30,67.474477,68.478820,67.055132,68.055861,68.055861,6884622
2012-12-03,68.055861,68.482616,67.191839,67.615834,67.615834,10080251
2012-12-04,67.615834,67.704751,67.182432,67.270896,67.270896,6910511
2012-12-05,67.270896,67.605850,67.164216,67.498809,67.498809,3142091
2012-12-06,67.498809,68.338384,67.253817,68.091241,68.091241,4704420
2012-12-07,68.091241,68.135159,68.074445,68.118356,68.118356,6738884
2012-12-10,68.118356,68.434200,62.915901,63.208983,63.208983,4580511
2012-12-11,63.208983,64.393891,63.108210,64.291393,64.291393,5675327
2012-12-12,64.291393,65.657007,63.699602,65.058158,65.058158,9744806
2012-12-13,65.058158,65.894642,65.025318,65.861397,65.861397,6057872
2012-12-14,65.861397,65.985465,65.846054,65.970097,65.970097,3245864
2012-12-17,65.970097,66.292758,65.908968,66.231387,66.231387,6790279
2012-12-18,66.231387,66.966309,66.151589,66.885723,66.885723,3457064
2012-12-19,66.885723,67.003166,66.160804,66.277179,66.277179,7349550
2012-12-20,66.277179,68.330576,66.091926,68.140115,68.140115,4779447
2012-12-21,68.140115,68.332002,66.305064,66.492311,66.492311,8581996
2012-12-24,66.492311,66.589984,65.696836,65.793482,65.793482,8144222
2012-12-25,65.793482,66.093501,64.166451,64.460390,64.460390,8504009
2012-12-26,64.460390,64.991251,64.431792,64.962430,64.962430,4920026
2012-12-27,64.962430,65.826600,64.839153,65.701920,65.701920,6083058
2012-12-28,65.701920,66.036313,65.506611,65.840592,65.840592,11850716
2012-12-31,65.840592,66.179548,65.823636,66.162510,66.162510,5198505
2013-01-01,66.162510,66.245746,65.908029,65.991049,65.991049,10146885
2013-01-02,65.991049,67.282218,65.923109,67.213020,67.213020,4852433
2013-01-03,67.213020,67.366298,66.653388,66.805737,66.805737,7485216
2013-01-04,66.805737,67.840103,66.642891,67.675137,67.675137,6959151
2013-01-07,67.675137,67.833907,66.928513,67.085900,67.085900,7452168
2013-01-08,67.085900,67.455173,66.424288,66.791943,66.791943,7231976
2013-01-09,66.791943,67.683900,66.780877,67.672688,67.672688,4771617
2013-01-10,67.672688,67.929793,67.598066,67.854970,67.854970,4285438
2013-01-11,67.854970,68.583747,67.731110,68.458786,68.458786,6630637
2013-01-14,68.458786,69.164627,68.402439,69.107746,69.107746,5163718
2013-01-15,69.107746,69.584529,69.005396,69.481625,69.481625,2918165
2013-01-16,69.481625,70.347997,69.422449,70.288134,70.288134,5426112
2013-01-17,70.288134,70.670655,69.874896,70.257249,70.257249,5487144
2013-01-18,70.257249,70.339525,70.085526,70.167697,70.167697,5618898
2013-01-21,70.167697,70.653282,69.111034,69.592640,69.592640,6778594
2013-01-22,69.592640,69.954571,68.935774,69.296164,69.296164,5263179
2013-01-23,69.296164,69.329607,67.988527,68.021355,68.021355,4180277
2013-01-24,68.021355,68.425740,67.851282,68.255082,68.255082,6758930
2013-01-25,68.255082,70.340361,68.059059,70.138928,70.138928,9135200
2013-01-28,70.138928,70.839434,70.092250,70.792321,70.792321,10793459
2013-01-29,70.792321,70.915400,70.208778,70.331056,70.331056,6480769
2013-01-30,70.331056,70.921879,69.227608,69.814088,69.814088,4066099
2013-01-31,69.814088,70.495385,69.527507,70.207190,70.207190,4347153
2013-02-01,70.207190,70.447295,69.693451,69.932618,69.932618,7563858
2013-02-04,69.932618,70.058307,69.344887,69.469744,69.469744,9094060
2013-02-05,69.469744,69.983559,68.972064,69.485763,69.485763,7128922
2013-02-06,69.485763,69.608772,68.558814,68.680398,68.680398,5083121
2013-02-07,68.680398,68.842207,67.112491,67.270980,67.270980,5347574
2013-02-08,67.270980,67.496226,66.972205,67.197204,67.197204,3916530
2013-02-11,67.197204,67.361555,66.947694,67.111836,67.111836,4007015
2013-02-12,67.111836,67.245541,66.549364,66.682213,66.682213,8064951
2013-02-13,66.682213,66.947395,65.424087,65.685304,65.685304,3910537
2013-02-14,65.685304,65.796473,65.347713,65.458498,65.458498,5349224
2013-02-15,65.458498,66.013080,64.899450,65.453994,65.453994,10704983
2013-02-18,65.453994,65.994079,65.349497,65.888887,65.888887,7607627
2013-02-19,65.888887,66.120364,65.303384,65.533613,65.533613,5157611
2013-02-20,65.533613,65.708774,65.249441,65.424310,65.424310,8175168
2013-02-21,65.424310,65.427088,64.695785,64.698532,64.698532,3922631
2013-02-22,64.698532,65.154319,64.501703,64.956705,64.956705,6125985
2013-02-25,64.956705,65.374789,64.865819,65.283445,65.283445,5528520
2013-02-26,65.283445,67.160127,65.252502,67.128308,67.128308,4358937
2013-02-27,67.128308,67.167526,66.431591,66.470424,66.470424,6503256
2013-02-28,66.470424,67.287805,65.919217,66.734409,66.734409,4555189
2013-03-01,66.734409,67.639821,66.208559,67.111004,67.111004,4727633
2013-03-04,67.111004,67.377919,66.398929,66.664066,66.664066,5848592
2013-03-05,66.664066,67.586079,66.490650,67.410720,67.410720,8408780
2013-03-06,67.410720,67.525415,66.763008,66.876795,66.876795,7212891
2013-03-07,66.876795,67.030730,66.061356,66.213764,66.213764,4361812
2013-03-08,66.213764,66.418678,65.663709,65.867551,65.867551,3000384
2013-03-11,65.867551,66.787422,65.633925,66.551371,66.551371,7901707
2013-03-12,66.551371,67.993131,66.222805,67.659096,67.659096,3623029
2013-03-13,67.659096,69.663950,67.478796,69.478801,69.478801,10817352
2013-03-14,69.478801,69.818139,68.659983,68.996967,68.996967,6260617
2013-03-15,68.996967,70.048980,68.826112,69.875948,69.875948,4635234
2013-03-18,69.875948,70.072853,69.551911,69.748457,69.748457,11086992
2013-03-19,69.748457,69.781356,68.501343,68.533670,68.533670,7996778
2013-03-20,68.533670,69.010813,68.201461,68.677905,68.677905,3646271
2013-03-21,68.677905,69.177308,68.621305,69.120344,69.120344,5803551
2013-03-22,69.120344,69.436309,68.870298,69.186025,69.186025,7709582
2013-03-25,69.186025,69.408307,68.756818,68.978433,68.978433,6624403
2013-03-26,68.978433,69.465099,67.806434,68.288230,68.288230,5384124
2013-03-27,68.288230,69.100056,68.117429,68.927655,68.927655,3100257
2013-03-28,68.927655,69.195838,68.682594,68.950696,68.950696,2544735
2013-03-29,68.950696,69.254809,68.034740,68.336143,68.336143,3310328
2013-04-01,68.336143,68.459578,66.972547,67.093738,67.093738,6060850
2013-04-02,67.093738,67.174023,66.268755,66.348148,66.348148,4173045
2013-04-03,66.348148,66.603783,64.428734,64.677934,64.677934,7189258
2013-04-04,64.677934,65.502540,64.390364,65.212593,65.212593,4757871
2013-04-05,65.212593,65.240212,63.951468,63.978564,63.978564,7889667
2013-04-08,63.978564,64.331019,63.933393,64.285631,64.285631,3848225
2013-04-09,64.285631,64.673582,64.191639,64.579160,64.579160,6943800
2013-04-10,64.579160,65.040091,64.499319,64.959779,64.959779,6865934
2013-04-11,64.959779,65.159706,64.935555,65.135416,65.135416,7008656
2013-04-12,65.135416,66.104429,64.812352,65.778177,65.778177,4931962
2013-04-15,65.778177,66.137533,63.442144,63.790642,63.790642,10108222
2013-04-16,63.790642,64.066532,62.752290,63.024868,63.024868,6045851
2013-04-17,63.024868,63.443582,62.963582,63.381949,63.381949,5525189
2013-04-18,63.381949,64.204089,63.247930,64.068619,64.068619,12110365
2013-04-19,64.068619,64.696489,63.952248,64.579191,64.579191,4261915
2013-04-22,64.579191,65.434786,64.306105,65.159247,65.159247,16272254
2013-04-23,65.159247,66.387206,65.086174,66.312839,66.312839,4009697
2013-04-24,66.312839,66.616414,66.254110,66.557468,66.557468,5766861
2013-04-25,66.557468,67.044925,66.487941,66.974961,66.974961,7026854
2013-04-26,66.974961,67.123336,66.507762,66.655429,66.655429,8548193
2013-04-29,66.655429,66.725047,65.997964,66.066968,66.066968,5115431
2013-04-30,66.066968,66.099768,65.666068,65.698686,65.698686,5349770
2013-05-01,65.698686,66.289803,65.431429,66.021234,66.021234,6801135
2013-05-02,66.021234,66.211993,65.133154,65.321893,65.321893,3586604
2013-05-03,65.321893,66.016919,64.837507,65.530982,65.530982,7115942
2013-05-06,65.530982,65.759052,65.350123,65.578062,65.578062,5535045
2013-05-07,65.578062,66.211688,64.074937,64.700080,64.700080,6793893
2013-05-08,64.700080,65.721846,64.566345,65.586280,65.586280,11030678
2013-05-09,65.586280,65.672659,65.349079,65.435260,65.435260,5205521
2013-05-10,65.435260,65.809209,64.591897,64.963148,64.963148,3764416
2013-05-13,64.963148,66.997191,64.690315,66.716992,66.716992,5424139
2013-05-14,66.716992,66.772219,66.425389,66.480421,66.480421,3260739
2013-05-15,66.480421,67.561748,65.998861,67.075875,67.075875,6108804
2013-05-16,67.075875,67.142935,66.753828,66.820633,66.820633,5716870
2013-05-17,66.820633,67.247410,65.158757,65.577595,65.577595,3455571
2013-05-20,65.577595,65.723686,65.082700,65.228012,65.228012,6290474
2013-05-21,65.228012,65.588843,65.089068,65.449426,65.449426,6704706
2013-05-22,65.449426,65.589928,65.251322,65.391700,65.391700,6289844
2013-05-23,65.391700,65.396882,65.248473,65.253644,65.253644,7301328
2013-05-24,65.253644,65.477962,63.794959,64.015019,64.015019,3212861
2013-05-27,64.015019,64.426614,63.873917,64.284918,64.284918,7006902
2013-05-28,64.284918,64.591746,63.228327,63.531560,63.531560,8087592
2013-05-29,63.531560,63.839393,62.891953,63.198171,63.198171,6969018
2013-05-30,63.198171,63.542778,62.829322,63.173796,63.173796,4753843
2013-05-31,63.173796,63.411906,62.848606,63.086387,63.086387,6328970
2013-06-03,63.086387,63.236161,62.520204,62.668987,62.668987,4519223
2013-06-04,62.668987,63.342683,62.651419,63.324931,63.324931,6316113
2013-06-05,63.324931,64.594137,63.217452,64.484689,64.484689,6368975
2013-06-06,64.484689,64.524767,64.475728,64.515802,64.515802,7301324
2013-06-07,64.515802,64.786473,64.505479,64.776108,64.776108,5104541
2013-06-10,64.776108,65.216640,64.196741,64.636322,64.636322,4470510
2013-06-11,64.636322,64.842433,64.296763,64.502447,64.502447,15218116
2013-06-12,64.502447,64.639869,64.345723,64.483103,64.483103,12650473
2013-06-13,64.483103,64.819483,64.209102,64.545217,64.545217,7628411
2013-06-14,64.545217,64.762685,64.416713,64.634004,64.634004,10281409
2013-06-17,64.634004,65.082731,64.075784,64.523745,64.523745,7884239
2013-06-18,64.523745,64.930430,64.325256,64.731303,64.731303,4523660
2013-06-19,64.731303,64.859632,63.740844,63.867461,63.867461,4733077
2013-06-20,63.867461,64.537154,63.589332,64.257328,64.257328,9759699
2013-06-21,64.257328,64.288239,63.887557,63.918305,63.918305,3587729
2013-06-24,63.918305,64.250257,63.843030,64.174680,64.174680,6592180
2013-06-25,64.174680,64.440143,63.836336,64.101495,64.101495,4007796
2013-06-26,64.101495,64.315576,63.480043,63.692759,63.692759,6699904
2013-06-27,63.692759,63.976945,62.957265,63.239429,63.239429,7108766
2013-06-28,63.239429,64.442031,62.894665,64.092616,64.092616,4355077
2013-07-01,64.092616,64.461452,63.745728,64.114445,64.114445,8761025
2013-07-02,64.114445,64.769937,64.058017,64.712982,64.712982,4126874
2013-07-03,64.712982,64.859393,64.660142,64.806475,64.806475,3697011
2013-07-04,64.806475,64.831223,64.400569,64.425171,64.425171,10317979
2013-07-05,64.425171,64.910645,63.273396,63.753811,63.753811,4407800
2013-07-08,63.753811,63.801864,63.749115,63.797164,63.797164,2350193
2013-07-09,63.797164,64.079383,63.400080,63.681788,63.681788,8315190
2013-07-10,63.681788,64.039774,63.652920,64.010756,64.010756,3123090
2013-07-11,64.010756,64.282758,63.925178,64.196931,64.196931,10938003
2013-07-12,64.196931,65.301611,63.840283,64.940830,64.940830,6801964
2013-07-15,64.940830,65.321563,64.505512,64.885923,64.885923,5591852
2013-07-16,64.885923,65.099598,63.975705,64.187079,64.187079,5614910
2013-07-17,64.187079,65.354265,63.983817,65.147960,65.147960,4337779
2013-07-18,65.147960,65.731953,65.147311,65.731299,65.731299,4989112
2013-07-19,65.731299,66.570355,64.652184,65.488137,65.488137,3615686
2013-07-22,65.488137,66.242816,65.289927,66.042927,66.042927,9580266
2013-07-23,66.042927,66.515322,65.018023,65.486437,65.486437,6994410
2013-07-24,65.486437,66.752317,65.232390,66.494361,66.494361,9766137
2013-07-25,66.494361,66.505036,65.474145,65.484658,65.484658,6290898
2013-07-26,65.484658,66.039681,65.341935,65.896062,65.896062,6399762
2013-07-29,65.896062,66.844156,65.769448,66.715968,66.715968,4784609
2013-07-30,66.715968,67.704363,66.398348,67.383566,67.383566,4311987
2013-07-31,67.383566,68.065529,66.050159,66.725462,66.725462,5620340
2013-08-01,66.725462,66.774849,66.618100,66.667444,66.667444,4462775
2013-08-02,66.667444,67.591657,66.248058,67.169116,67.169116,4089783
2013-08-05,67.169116,68.377866,66.784773,67.988832,67.988832,7751601
2013-08-06,67.988832,68.116768,67.942814,68.070695,68.070695,7161255
2013-08-07,68.070695,68.223075,67.503826,67.655276,67.655276,5172684
2013-08-08,67.655276,67.731001,67.452155,67.527737,67.527737,5232140
2013-08-09,67.527737,67.663004,67.110933,67.245635,67.245635,3916787
2013-08-12,67.245635,67.854120,66.768569,67.376128,67.376128,5404483
2013-08-13,67.376128,68.005006,67.167679,67.795260,67.795260,4552613
2013-08-14,67.795260,68.733277,67.443334,68.378324,68.378324,5606464
2013-08-15,68.378324,69.268522,68.216916,69.105398,69.105398,4363674
2013-08-16,69.105398,69.791819,68.890708,69.575668,69.575668,4791533
2013-08-19,69.575668,69.985294,69.175680,69.585251,69.585251,5472715
2013-08-20,69.585251,69.940783,69.499298,69.854497,69.854497,10591189
2013-08-21,69.854497,70.722755,69.493369,70.359019,70.359019,10017748
2013-08-22,70.359019,70.415071,70.231298,70.287292,70.287292,5951969
2013-08-23,70.287292,70.539568,69.870268,70.121950,70.121950,3793997
2013-08-26,70.121950,71.325350,69.871210,71.071216,71.071216,5940852
2013-08-27,71.071216,71.301808,70.030285,70.258239,70.258239,7230852
2013-08-28,70.258239,70.813985,69.044986,69.595490,69.595490,8251515
2013-08-29,69.595490,69.906976,69.382230,69.693416,69.693416,10046279
2013-08-30,69.693416,71.368052,69.320840,70.988553,70.988553,5897469
2013-09-02,70.988553,71.690452,68.411152,69.094321,69.094321,11355495
2013-09-03,69.094321,69.236877,67.641229,67.781075,67.781075,4459065
2013-09-04,67.781075,68.351122,67.335628,67.904862,67.904862,5849308
2013-09-05,67.904862,68.198569,67.365650,67.658290,67.658290,6870472
2013-09-06,67.658290,67.715811,67.553291,67.610772,67.610772,3726595
2013-09-09,67.610772,67.707590,67.248361,67.344798,67.344798,8624521
2013-09-10,67.344798,67.461414,67.051046,67.167355,67.167355,4068498
2013-09-11,67.167355,67.337896,65.916415,66.084206,66.084206,4056598
2013-09-12,66.084206,66.340824,65.916221,66.172614,66.172614,5594622
2013-09-13,66.172614,67.330245,65.697423,66.850188,66.850188,10189537
2013-09-16,66.850188,67.760311,66.655108,67.563151,67.563151,2996457
2013-09-17,67.563151,68.720419,67.306274,68.460133,68.460133,3845939
2013-09-18,68.460133,69.126268,68.201076,68.865678,68.865678,8833996
2013-09-19,68.865678,68.908290,67.712659,67.754583,67.754583,9485149
2013-09-20,67.754583,67.822172,67.641325,67.708868,67.708868,5034920
2013-09-23,67.708868,68.002345,67.034810,67.326630,67.326630,5023085
2013-09-24,67.326630,67.426259,65.851648,65.949239,65.949239,6291427
2013-09-25,65.949239,66.317257,65.577653,65.945651,65.945651,9909274
2013-09-26,65.945651,66.102019,65.654116,65.810163,65.810163,2799390
2013-09-27,65.810163,66.907088,65.712484,66.807928,66.807928,6081953
2013-09-30,66.807928,67.600706,66.728313,67.520243,67.520243,4488492
2013-10-01,67.520243,68.535783,67.334648,68.347913,68.347913,12367476
2013-10-02,68.347913,68.884520,64.551851,65.062665,65.062665,6012906
2013-10-03,65.062665,65.554384,65.045420,65.537013,65.537013,4742741
2013-10-04,65.537013,65.622737,65.441948,65.527659,65.527659,6997303
2013-10-07,65.527659,65.917777,65.266390,65.655996,65.655996,4872246
2013-10-08,65.655996,66.495333,65.507191,66.344967,66.344967,6824602
2013-10-09,66.344967,66.454511,66.253541,66.363059,66.363059,9524631
2013-10-10,66.363059,66.742941,65.265300,65.641049,65.641049,3993326
2013-10-11,65.641049,66.706640,65.425130,66.487936,66.487936,9035184
2013-10-14,66.487936,66.880043,65.192471,65.579219,65.579219,10574434
2013-10-15,65.579219,65.667219,65.400719,65.488598,65.488598,3336180
2013-10-16,65.488598,65.686046,64.654643,64.850167,64.850167,4851870
2013-10-17,64.850167,65.556129,64.720890,65.425705,65.425705,6866456
2013-10-18,65.425705,65.502464,65.042210,65.118608,65.118608,6869174
2013-10-21,65.118608,65.596676,64.903545,65.380747,65.380747,3586322
2013-10-22,65.380747,65.442312,65.361650,65.423202,65.423202,8169700
2013-10-23,65.423202,66.708933,65.204286,66.486458,66.486458,6637329
2013-10-24,66.486458,66.552198,66.140317,66.205779,66.205779,7162392
2013-10-25,66.205779,66.972951,66.169750,66.936525,66.936525,3847870
2013-10-28,66.936525,67.121306,66.895927,67.080621,67.080621,4362512
2013-10-29,67.080621,68.521173,66.927516,68.365136,68.365136,5701941
2013-10-30,68.365136,68.443820,66.891294,66.968370,66.968370,5910307
2013-10-31,66.968370,67.008746,66.826272,66.866586,66.866586,6402801
2013-11-01,66.866586,67.056640,66.836600,67.026582,67.026582,3326076
2013-11-04,67.026582,67.274371,66.771094,67.018854,67.018854,5615391
2013-11-05,67.018854,67.066996,66.466037,66.513816,66.513816,7952333
2013-11-06,66.513816,67.394228,66.218521,67.096348,67.096348,4673156
2013-11-07,67.096348,67.533361,66.817107,67.253466,67.253466,11636459
2013-11-08,67.253466,67.831339,66.935712,67.512362,67.512362,4581231
2013-11-11,67.512362,67.866905,66.819744,67.172502,67.172502,6863383
2013-11-12,67.172502,67.386803,66.193342,66.405195,66.405195,12164992
2013-11-13,66.405195,67.496354,66.216840,67.305445,67.305445,7971120
2013-11-14,67.305445,67.871522,66.976185,67.541109,67.541109,6989487
2013-11-15,67.541109,67.892620,65.575505,65.918572,65.918572,6908602
2013-11-18,65.918572,66.197501,65.793161,66.071799,66.071799,12043263
2013-11-19,66.071799,66.425854,65.935064,66.288670,66.288670,8222026
2013-11-20,66.288670,66.844486,65.072105,65.622334,65.622334,4030894
2013-11-21,65.622334,66.096446,64.975825,65.448683,65.448683,3273348
2013-11-22,65.448683,66.471362,65.225935,66.245900,66.245900,6222989
2013-11-25,66.245900,66.979612,66.179836,66.912883,66.912883,6312505
2013-11-26,66.912883,67.223081,65.779623,66.085988,66.085988,2686982
2013-11-27,66.085988,66.281479,65.452954,65.647147,65.647147,4724356
2013-11-28,65.647147,65.687092,64.562759,64.602067,64.602067,6996399
2013-11-29,64.602067,65.384195,64.592891,65.374910,65.374910,6295953
2013-12-02,65.374910,65.477324,64.839670,64.941405,64.941405,5631812
2013-12-03,64.941405,65.510467,64.749685,65.317636,65.317636,2257793
2013-12-04,65.317636,65.388135,64.349952,64.419481,64.419481,4921191
2013-12-05,64.419481,65.054068,64.047190,64.680270,64.680270,8506806
2013-12-06,64.680270,64.741176,64.472684,64.533451,64.533451,15976934
2013-12-09,64.533451,64.732325,64.232737,64.431296,64.431296,5813899
2013-12-10,64.431296,65.414384,64.358167,65.340223,65.340223,6818553
2013-12-11,65.340223,66.545340,65.083637,66.285044,66.285044,5911351
2013-12-12,66.285044,66.325950,65.821637,65.862282,65.862282,7215833
2013-12-13,65.862282,65.914671,64.952421,65.004128,65.004128,8859659
2013-12-16,65.004128,65.213804,64.481311,64.689974,64.689974,13412402
2013-12-17,64.689974,64.770938,64.682961,64.763916,64.763916,7012847
2013-12-18,64.763916,64.967754,64.628331,64.832026,64.832026,7444733
2013-12-19,64.832026,65.107193,63.920537,64.192992,64.192992,3072508
2013-12-20,64.192992,64.680835,63.660127,64.147626,64.147626,5547737
2013-12-23,64.147626,64.399650,63.667858,63.918984,63.918984,2829097
2013-12-24,63.918984,65.804562,63.771277,65.652848,65.652848,5933565
2013-12-25,65.652848,66.028853,64.768501,65.141578,65.141578,5931435
2013-12-26,65.141578,66.189016,64.879760,65.924052,65.924052,5271525
2013-12-27,65.924052,66.057118,65.737712,65.870670,65.870670,7860974
2013-12-30,65.870670,66.286490,65.813226,66.228733,66.228733,5829265
2013-12-31,66.228733,66.641277,65.845066,66.257444,66.257444,10189557
2014-01-01,66.257444,66.538739,66.158812,66.439836,66.439836,3913054
2014-01-02,66.439836,66.672017,65.705074,65.935493,65.935493,6316499
2014-01-03,65.935493,66.125994,65.324665,65.513949,65.513949,5727622
2014-01-06,65.513949,68.761792,65.406244,68.648934,68.648934,4610410
2014-01-07,68.648934,69.672681,68.464239,69.485735,69.485735,4394900
2014-01-08,69.485735,69.519497,69.267778,69.301451,69.301451,8408925
2014-01-09,69.301451,69.615046,68.031633,68.340882,68.340882,6143979
2014-01-10,68.340882,68.655101,68.031408,68.345606,68.345606,8422281
2014-01-13,68.345606,68.358430,68.042165,68.054935,68.054935,5031488
2014-01-14,68.054935,69.905373,67.598436,69.439585,69.439585,3841230
2014-01-15,69.439585,70.385347,68.104328,69.044712,69.044712,7262906
2014-01-16,69.044712,69.576613,68.788772,69.319654,69.319654,5704153
2014-01-17,69.319654,70.969769,69.237716,70.885979,70.885979,5897516
2014-01-20,70.885979,71.067225,70.524046,70.704829,70.704829,8676870
2014-01-21,70.704829,72.194362,70.671086,72.159925,72.159925,7483429
2014-01-22,72.159925,72.636129,71.881854,72.357297,72.357297,6194861
2014-01-23,72.357297,72.516282,72.339657,72.498607,72.498607,7770234
2014-01-24,72.498607,73.168659,71.969345,72.638377,72.638377,5292657
2014-01-27,72.638377,72.997287,72.020801,72.378426,72.378426,6201161
2014-01-28,72.378426,72.972666,70.816558,71.402787,71.402787,5977469
2014-01-29,71.402787,71.622781,71.108558,71.328323,71.328323,3735768
2014-01-30,71.328323,72.935695,71.096065,72.698973,72.698973,7130293
2014-01-31,72.698973,73.216404,72.266920,72.783846,72.783846,3247448
2014-02-03,72.783846,72.808249,72.017180,72.041333,72.041333,3972492
2014-02-04,72.041333,72.631598,71.557144,72.146700,72.146700,6885987
2014-02-05,72.146700,73.043955,71.910240,72.805337,72.805337,9619022
2014-02-06,72.805337,73.561704,72.679902,73.435184,73.435184,5714474
2014-02-07,73.435184,73.571899,73.014388,73.150573,73.150573,4142088
2014-02-10,73.150573,73.455980,70.743801,71.040399,71.040399,4484229
2014-02-11,71.040399,71.884766,69.070993,69.901827,69.901827,4721255
2014-02-12,69.901827,70.611039,69.277421,69.985882,69.985882,6090598
2014-02-13,69.985882,70.364270,69.241262,69.617659,69.617659,4671102
2014-02-14,69.617659,69.647619,68.786483,68.816098,68.816098,4225406
2014-02-17,68.816098,68.853558,66.951492,66.987957,66.987957,7232341
2014-02-18,66.987957,67.393038,66.491042,66.895564,66.895564,4074043
2014-02-19,66.895564,66.909918,65.799259,65.813380,65.813380,7328100
2014-02-20,65.813380,66.510858,65.317420,66.013391,66.013391,5959560
2014-02-21,66.013391,66.040230,65.857866,65.884652,65.884652,10538148
2014-02-24,65.884652,66.177468,63.278053,63.560539,63.560539,5519394
2014-02-25,63.560539,64.363266,63.200425,64.000658,64.000658,4306029
2014-02-26,64.000658,64.114121,63.842077,63.955459,63.955459,7832424
2014-02-27,63.955459,64.874625,63.855028,64.772910,64.772910,3861737
2014-02-28,64.772910,65.243027,64.445030,64.914430,64.914430,4321235
2014-03-03,64.914430,65.448480,64.480309,65.013695,65.013695,7746945
2014-03-04,65.013695,66.295358,64.994593,66.275885,66.275885,7478516
2014-03-05,66.275885,66.672451,66.151464,66.547520,66.547520,4895739
2014-03-06,66.547520,67.310063,66.447441,67.208989,67.208989,6143241
2014-03-07,67.208989,67.310231,66.866489,66.967368,66.967368,6502680
2014-03-10,66.967368,67.117859,66.279621,66.428902,66.428902,3170001
2014-03-11,66.428902,67.164064,66.272520,67.006322,67.006322,5001262
2014-03-12,67.006322,67.133015,66.860699,66.987356,66.987356,7273853
2014-03-13,66.987356,67.183630,66.942225,67.138397,67.138397,4637039
2014-03-14,67.138397,67.322511,66.533415,66.716372,66.716372,7626379
2014-03-17,66.716372,66.822913,66.310311,66.416373,66.416373,7672344
2014-03-18,66.416373,66.781025,66.003142,66.367527,66.367527,5578421
2014-03-19,66.367527,66.404331,66.098430,66.135106,66.135106,7937094
2014-03-20,66.135106,66.740744,65.843599,66.447859,66.447859,3947918
2014-03-21,66.447859,66.735376,65.230785,65.514262,65.514262,4051346
2014-03-24,65.514262,66.941160,65.033004,66.453007,66.453007,6948019
2014-03-25,66.453007,66.750420,65.589098,65.883964,65.883964,7977993
2014-03-26,65.883964,66.327772,65.448735,65.892487,65.892487,13448982
2014-03-27,65.892487,66.800131,65.616809,66.521820,66.521820,6025432
2014-03-28,66.521820,68.030548,66.206323,67.709419,67.709419,4464452
2014-03-31,67.709419,68.036257,67.632113,67.958666,67.958666,4996011
2014-04-01,67.958666,68.610899,67.833396,68.484659,68.484659,3955624
2014-04-02,68.484659,69.017406,68.450775,68.983276,68.983276,5843918
2014-04-03,68.983276,69.032067,68.768417,68.817090,68.817090,5013785
2014-04-04,68.817090,68.897288,67.320119,67.398664,67.398664,7971567
2014-04-07,67.398664,68.551016,67.338151,68.489524,68.489524,6487821
2014-04-08,68.489524,68.510705,68.172834,68.193924,68.193924,6034511
2014-04-09,68.193924,68.223459,68.120482,68.149998,68.149998,4155613
2014-04-10,68.149998,68.632347,67.368326,67.848542,67.848542,5425695
2014-04-11,67.848542,68.164761,67.273204,67.588210,67.588210,3711979
2014-04-14,67.588210,67.643744,67.021152,67.076266,67.076266,5496390
2014-04-15,67.076266,67.675230,66.939477,67.537500,67.537500,5440656
2014-04-16,67.537500,67.550125,66.847307,66.859805,66.859805,3366558
2014-04-17,66.859805,67.211029,65.944729,66.292976,66.292976,4776864
2014-04-18,66.292976,66.561491,65.813439,66.081095,66.081095,7296711
2014-04-21,66.081095,66.854333,66.043747,66.816569,66.816569,5991804
2014-04-22,66.816569,68.407752,66.366134,67.949678,67.949678,5369936
2014-04-23,67.949678,68.063069,67.312951,67.425467,67.425467,6548057
2014-04-24,67.425467,68.040626,67.120717,67.734479,67.734479,3834799
2014-04-25,67.734479,67.930959,66.903952,67.098586,67.098586,4204786
2014-04-28,67.098586,67.159019,66.635313,66.695383,66.695383,10054333
2014-04-29,66.695383,67.248916,66.465939,67.018361,67.018361,7483488
2014-04-30,67.018361,67.375677,65.845567,66.198512,66.198512,8808058
2014-05-01,66.198512,67.295465,65.789800,66.882529,66.882529,10393125
2014-05-02,66.882529,67.441466,66.661703,67.219528,67.219528,6915518
2014-05-05,67.219528,67.516281,67.111841,67.408292,67.408292,5647733
2014-05-06,67.408292,67.490681,66.999501,67.081491,67.081491,8868579
2014-05-07,67.081491,67.606009,66.913028,67.436655,67.436655,2848899
2014-05-08,67.436655,67.570875,67.099183,67.232998,67.232998,5939136
2014-05-09,67.232998,67.397158,66.383489,66.545972,66.545972,6066671
2014-05-12,66.545972,66.856044,66.043465,66.352636,66.352636,5153852
2014-05-13,66.352636,66.706051,65.764116,66.116273,66.116273,9735716
2014-05-14,66.116273,66.116425,65.989215,65.989367,65.989367,6522501
2014-05-15,65.989367,66.785209,65.787014,66.581041,66.581041,6911466
2014-05-16,66.581041,67.195619,65.920167,66.534314,66.534314,3245372
2014-05-19,66.534314,67.876450,66.394331,67.733943,67.733943,10624645
2014-05-20,67.733943,67.919186,67.168111,67.352310,67.352310,7794517
2014-05-21,67.352310,67.581175,67.186207,67.414918,67.414918,9156680
2014-05-22,67.414918,68.001657,67.286605,67.872473,67.872473,12417723
2014-05-23,67.872473,68.104277,66.936397,67.165788,67.165788,4819690
2014-05-26,67.165788,67.532566,66.969682,67.335963,67.335963,6899843
2014-05-27,67.335963,67.737707,66.660937,67.061041,67.061041,8847856
2014-05-28,67.061041,67.627348,66.001375,66.563481,66.563481,9743712
2014-05-29,66.563481,67.455913,66.361461,67.251804,67.251804,5974952
2014-05-30,67.251804,68.127168,66.711708,67.584401,67.584401,4207937
2014-06-02,67.584401,70.944290,67.308336,70.655679,70.655679,7442788
2014-06-03,70.655679,71.823637,70.349237,71.513474,71.513474,2646868
2014-06-04,71.513474,72.437958,71.296299,72.218641,72.218641,6162013
2014-06-05,72.218641,72.321244,72.009931,72.112383,72.112383,5342720
2014-06-06,72.112383,72.153406,71.715442,71.756263,71.756263,6912293
2014-06-09,71.756263,71.869044,71.604711,71.717431,71.717431,4902364
2014-06-10,71.717431,71.773506,70.098066,70.152917,70.152917,9178964
2014-06-11,70.152917,70.181334,69.604041,69.632247,69.632247,6020978
2014-06-12,69.632247,69.732364,68.615997,68.714795,68.714795,5231636
2014-06-13,68.714795,68.817885,68.514224,68.617167,68.617167,4389287
2014-06-16,68.617167,68.920456,67.534359,67.834187,67.834187,8831408
2014-06-17,67.834187,68.571324,67.530697,68.265902,68.265902,7176655
2014-06-18,68.265902,68.584815,67.425933,67.742400,67.742400,4747254
2014-06-19,67.742400,68.917024,67.428508,68.599162,68.599162,4206760
2014-06-20,68.599162,68.717555,66.954288,67.070042,67.070042,3924235
2014-06-23,67.070042,67.369628,66.911338,67.210592,67.210592,6951546
2014-06-24,67.210592,67.449741,66.689482,66.927624,66.927624,6830572
2014-06-25,66.927624,67.141260,65.352556,65.561832,65.561832,4287897
2014-06-26,65.561832,65.607660,65.052175,65.097678,65.097678,4172650
2014-06-27,65.097678,65.259094,65.097313,65.258728,65.258728,6412067
2014-06-30,65.258728,66.251425,64.691335,65.680366,65.680366,5933222
2014-07-01,65.680366,66.532825,65.343036,66.192862,66.192862,4766562
2014-07-02,66.192862,66.209077,64.603924,64.619753,64.619753,4082412
2014-07-03,64.619753,65.282599,63.990001,64.652527,64.652527,7478592
2014-07-04,64.652527,64.683675,63.930237,63.961052,63.961052,6022988
2014-07-07,63.961052,64.211508,63.592996,63.842990,63.842990,5115163
2014-07-08,63.842990,64.414457,63.589381,64.159591,64.159591,3298884
2014-07-09,64.159591,65.261133,64.139578,65.240784,65.240784,10453822
2014-07-10,65.240784,65.283083,64.874697,64.916787,64.916787,3497977
2014-07-11,64.916787,65.701934,64.686872,65.470059,65.470059,4579088
2014-07-14,65.470059,67.179092,65.108970,66.810610,66.810610,4632742
2014-07-15,66.810610,67.441166,66.559208,67.188344,67.188344,4360874
2014-07-16,67.188344,67.853847,66.685113,67.349409,67.349409,8936802
2014-07-17,67.349409,68.189078,67.119695,67.957290,67.957290,7584793
2014-07-18,67.957290,68.002535,67.500247,67.545217,67.545217,6585894
2014-07-21,67.545217,68.043341,67.441682,67.939202,67.939202,4231094
2014-07-22,67.939202,68.178705,67.593593,67.832721,67.832721,5668085
2014-07-23,67.832721,68.021233,67.237919,67.425299,67.425299,3581393
2014-07-24,67.425299,67.761790,67.174136,67.510311,67.510311,6506542
2014-07-25,67.510311,67.663394,67.296243,67.449187,67.449187,9607349
2014-07-28,67.449187,67.636690,66.303415,66.488247,66.488247,9886518
2014-07-29,66.488247,66.736212,65.431426,65.676363,65.676363,2275407
2014-07-30,65.676363,65.894647,65.275476,65.493151,65.493151,13024379
2014-07-31,65.493151,66.958047,65.267212,66.727848,66.727848,4906282
2014-08-01,66.727848,66.772840,66.674528,66.719515,66.719515,5234371
2014-08-04,66.719515,66.742217,66.031530,66.054006,66.054006,5681524
2014-08-05,66.054006,66.365798,65.834618,66.146104,66.146104,3254336
2014-08-06,66.146104,66.367502,66.080650,66.301894,66.301894,12708042
2014-08-07,66.301894,66.482675,65.967696,66.148057,66.148057,5231434
2014-08-08,66.148057,66.664479,65.508332,66.023784,66.023784,5146200
2014-08-11,66.023784,66.686358,65.851605,66.512904,66.512904,5776355
2014-08-12,66.512904,66.713513,65.967659,66.167225,66.167225,6073578
2014-08-13,66.167225,66.362827,65.521594,65.715862,65.715862,14049283
2014-08-14,65.715862,66.513368,65.349451,66.144566,66.144566,7985691
2014-08-15,66.144566,66.249731,65.883813,65.988730,65.988730,8062179
2014-08-18,65.988730,67.146964,65.679010,66.833280,66.833280,5418735
2014-08-19,66.833280,67.786279,66.575130,67.525456,67.525456,5948476
2014-08-20,67.525456,68.942048,67.343037,68.756303,68.756303,9010300
2014-08-21,68.756303,68.821112,68.227021,68.291392,68.291392,8487871
2014-08-22,68.291392,68.487641,66.340023,66.531214,66.531214,5452320
2014-08-25,66.531214,67.134875,66.335903,66.938368,66.938368,4590581
2014-08-26,66.938368,68.222543,66.660122,67.940133,67.940133,3531215
2014-08-27,67.940133,68.180870,66.828409,67.066048,67.066048,11180291
2014-08-28,67.066048,67.094031,66.546983,66.574761,66.574761,6951427
2014-08-29,66.574761,66.957498,66.273672,66.656041,66.656041,6469439
2014-09-01,66.656041,68.566897,66.133717,68.033777,68.033777,7976361
2014-09-02,68.033777,68.038801,67.089388,67.094342,67.094342,3800739
2014-09-03,67.094342,67.317066,67.087152,67.309853,67.309853,5117375
2014-09-04,67.309853,67.624097,66.773539,67.086741,67.086741,6329632
2014-09-05,67.086741,67.878765,66.924917,67.715424,67.715424,8593497
2014-09-08,67.715424,68.964742,67.438120,68.683473,68.683473,3978666
2014-09-09,68.683473,69.191778,68.453299,68.960675,68.960675,4385864
2014-09-10,68.960675,68.996422,68.787384,68.823061,68.823061,5248004
2014-09-11,68.823061,69.730279,68.777727,69.684378,69.684378,6830434
2014-09-12,69.684378,69.752403,68.086431,68.152962,68.152962,4538348
2014-09-15,68.152962,68.197397,68.049122,68.093519,68.093519,5482120
2014-09-16,68.093519,68.159752,67.653434,67.719303,67.719303,6879070
2014-09-17,67.719303,67.794814,65.855858,65.929374,65.929374,6469188
2014-09-18,65.929374,66.217568,65.010286,65.295709,65.295709,4423471
2014-09-19,65.295709,65.317777,65.106727,65.128739,65.128739,3806648
2014-09-22,65.128739,65.269901,64.911001,65.051998,65.051998,5141663
2014-09-23,65.051998,65.358100,64.313984,64.618045,64.618045,4516096
2014-09-24,64.618045,64.785256,62.836005,62.999026,62.999026,6673100
2014-09-25,62.999026,63.229395,62.684945,62.915008,62.915008,6612975
2014-09-26,62.915008,63.678250,62.768409,63.530218,63.530218,4594187
2014-09-29,63.530218,63.941378,63.386630,63.797188,63.797188,4354877
2014-09-30,63.797188,64.428743,63.437366,64.067397,64.067397,7908047
2014-10-01,64.067397,65.462958,63.746501,65.136706,65.136706,10189127
2014-10-02,65.136706,65.421681,64.285717,64.568205,64.568205,20122585
2014-10-03,64.568205,65.337902,64.404639,65.172804,65.172804,6761602
2014-10-06,65.172804,65.739902,64.846093,65.411992,65.411992,4728358
2014-10-07,65.411992,65.633294,65.283215,65.504335,65.504335,4121720
2014-10-08,65.504335,65.506008,65.052818,65.054479,65.054479,12324448
2014-10-09,65.054479,65.263209,64.655864,64.863983,64.863983,3678419
2014-10-10,64.863983,64.882382,64.776234,64.794613,64.794613,5692354
2014-10-13,64.794613,65.132153,64.108541,64.444256,64.444256,4656077
2014-10-14,64.444256,64.850302,64.292437,64.697885,64.697885,4645925
2014-10-15,64.697885,65.302193,64.323580,64.926564,64.926564,5210630
2014-10-16,64.926564,65.595810,64.860380,65.529012,65.529012,7568203
2014-10-17,65.529012,66.467569,65.224687,66.160313,66.160313,11213843
2014-10-20,66.160313,66.185333,65.906011,65.930944,65.930944,5088857
2014-10-21,65.930944,66.109544,63.949000,64.122701,64.122701,5010023
2014-10-22,64.122701,64.195615,63.847089,63.919771,63.919771,5212282
2014-10-23,63.919771,64.755610,63.746538,64.580586,64.580586,7173660
2014-10-24,64.580586,66.136318,64.451389,66.004273,66.004273,11908919
2014-10-27,66.004273,66.170361,65.243872,65.408462,65.408462,8277258
2014-10-28,65.408462,66.097126,63.916477,64.596593,64.596593,5979048
2014-10-29,64.596593,64.616134,63.489417,63.508628,63.508628,5464761
2014-10-30,63.508628,63.923719,62.652748,63.064938,63.064938,3146506
2014-10-31,63.064938,63.679107,62.429064,63.043020,63.043020,5616370
2014-11-03,63.043020,63.504069,62.886161,63.346455,63.346455,5697599
2014-11-04,63.346455,64.515754,62.961361,64.125922,64.125922,3919381
2014-11-05,64.125922,64.133156,63.087947,63.095065,63.095065,3600232
2014-11-06,63.095065,63.398762,62.516607,62.818975,62.818975,3650308
2014-11-07,62.818975,62.840478,62.449529,62.470913,62.470913,5352436
2014-11-10,62.470913,62.959115,62.186019,62.673298,62.673298,6464684
2014-11-11,62.673298,63.087977,62.635059,63.049509,63.049509,3899687
2014-11-12,63.049509,63.805209,62.878952,63.633074,63.633074,4349806
2014-11-13,63.633074,64.851722,63.384847,64.599724,64.599724,7871086
2014-11-14,64.599724,64.734229,63.590213,63.722892,63.722892,4950155
2014-11-17,63.722892,64.035371,63.561891,63.873988,63.873988,6907085
2014-11-18,63.873988,63.938051,63.752868,63.816873,63.816873,4119249
2014-11-19,63.816873,63.854406,63.674151,63.711623,63.711623,3641703
2014-11-20,63.711623,64.602468,63.433506,64.321689,64.321689,3934264
2014-11-21,64.321689,64.772116,64.267490,64.717583,64.717583,7796617
2014-11-24,64.717583,64.837413,63.623948,63.741972,63.741972,4245866
2014-11-25,63.741972,63.921021,63.689221,63.868165,63.868165,9151843
2014-11-26,63.868165,63.956392,63.507754,63.595604,63.595604,6967678
2014-11-27,63.595604,63.598203,62.396682,62.399232,62.399232,6712475
2014-11-28,62.399232,62.751956,62.209148,62.561377,62.561377,2660644
2014-12-01,62.561377,62.974637,62.312221,62.724829,62.724829,14872183
2014-12-02,62.724829,63.113329,62.545862,62.933766,62.933766,5657270
2014-12-03,62.933766,63.459809,62.602040,63.127064,63.127064,5991380
2014-12-04,63.127064,63.592332,61.896977,62.356566,62.356566,5719432
2014-12-05,62.356566,63.009421,62.169894,62.821357,62.821357,8845457
2014-12-08,62.821357,63.127105,62.111568,62.415340,62.415340,4258235
2014-12-09,62.415340,63.629449,62.085950,63.295413,63.295413,4559482
2014-12-10,63.295413,63.632029,63.124971,63.461140,63.461140,3576219
2014-12-11,63.461140,63.632748,62.989772,63.160567,63.160567,4451532
2014-12-12,63.160567,63.266353,61.085416,61.187898,61.187898,7407132
2014-12-15,61.187898,61.237097,60.696352,60.745195,60.745195,6403690
2014-12-16,60.745195,61.445074,60.440948,61.138856,61.138856,4991795
2014-12-17,61.138856,63.135594,60.706013,62.691757,62.691757,3627124
2014-12-18,62.691757,62.696098,62.604953,62.609289,62.609289,5533284
2014-12-19,62.609289,62.691894,62.364214,62.446604,62.446604,6939158
2014-12-22,62.446604,63.281819,62.161396,62.994110,62.994110,8789861
2014-12-23,62.994110,63.392296,62.867561,63.265203,63.265203,4436293
2014-12-24,63.265203,64.720959,63.217058,64.671744,64.671744,4976799
2014-12-25,64.671744,65.870465,64.416096,65.611104,65.611104,7454054
2014-12-26,65.611104,65.849261,65.426515,65.664521,65.664521,10350222
2014-12-29,65.664521,65.809219,64.738010,64.880981,64.880981,3987890
2014-12-30,64.880981,64.882122,64.044884,64.046010,64.046010,6330457
2014-12-31,64.046010,64.160535,62.863227,62.975839,62.975839,5747781
2015-01-01,62.975839,62.991419,62.435093,62.450543,62.450543,6793167
2015-01-02,62.450543,62.893431,62.367926,62.810338,62.810338,9188665
2015-01-05,62.810338,63.197362,62.573322,62.959783,62.959783,8892179
2015-01-06,62.959783,63.419899,62.767625,63.226925,63.226925,6560531
2015-01-07,63.226925,63.298745,62.612402,62.683604,62.683604,5029497
2015-01-08,62.683604,63.360834,61.706357,62.380310,62.380310,3834239
2015-01-09,62.380310,62.500773,61.010100,61.128145,61.128145,3599814
2015-01-12,61.128145,61.405078,61.090869,61.367656,61.367656,6057796
2015-01-13,61.367656,61.422388,60.912209,60.966584,60.966584,4589063
2015-01-14,60.966584,60.983849,60.780366,60.797583,60.797583,3517546
2015-01-15,60.797583,60.804145,60.377278,60.383795,60.383795,4829476
2015-01-16,60.383795,60.438777,60.242108,60.297010,60.297010,13502242
2015-01-19,60.297010,60.603198,59.519860,59.823643,59.823643,4538460
2015-01-20,59.823643,59.991517,57.849428,58.012218,58.012218,7072185
2015-01-21,58.012218,58.317496,58.011874,58.317150,58.317150,3207826
2015-01-22,58.317150,60.388162,58.257470,60.326426,60.326426,10574239
2015-01-23,60.326426,60.507956,60.278668,60.460092,60.460092,6033949
2015-01-26,60.460092,61.317499,60.403218,61.259874,61.259874,4027407
2015-01-27,61.259874,61.448694,60.776008,60.963916,60.963916,5403052
2015-01-28,60.963916,61.080965,60.151407,60.267118,60.267118,5528205
2015-01-29,60.267118,60.771838,59.919803,60.423621,60.423621,6371558
2015-01-30,60.423621,61.305621,60.232169,61.111988,61.111988,8463798
2015-02-02,61.111988,61.890480,60.725870,61.501898,61.501898,4420776
2015-02-03,61.501898,61.581838,59.935279,60.013284,60.013284,4304284
2015-02-04,60.013284,60.412026,58.850553,59.244185,59.244185,4090235
2015-02-05,59.244185,59.993162,59.175094,59.923279,59.923279,7800886
2015-02-06,59.923279,60.100869,59.150075,59.325895,59.325895,6004658
2015-02-09,59.325895,59.646009,59.168962,59.488645,59.488645,5283816
2015-02-10,59.488645,59.572486,59.424541,59.508361,59.508361,8754230
2015-02-11,59.508361,59.899153,59.440418,59.830842,59.830842,4236321
2015-02-12,59.830842,60.007654,59.157400,59.332740,59.332740,5832327
2015-02-13,59.332740,59.764410,58.549416,58.978509,58.978509,3121226
2015-02-16,58.978509,59.914343,58.400080,59.332442,59.332442,4448733
2015-02-17,59.332442,59.593522,58.477089,58.735543,58.735543,5458790
2015-02-18,58.735543,59.182510,58.448687,58.894876,58.894876,4101973
2015-02-19,58.894876,59.363391,57.519856,57.981101,57.981101,7151481
2015-02-20,57.981101,58.476165,57.855705,58.349971,58.349971,6173408
2015-02-23,58.349971,58.613911,57.916392,58.179562,58.179562,5405656
2015-02-24,58.179562,59.457316,57.526268,58.797089,58.797089,4409912
2015-02-25,58.797089,59.067805,58.693462,58.963885,58.963885,8977273
2015-02-26,58.963885,58.992122,58.669929,58.698039,58.698039,7359457
2015-02-27,58.698039,59.038768,57.283937,57.618400,57.618400,7144848
2015-03-02,57.618400,57.630478,57.450567,57.462613,57.462613,4813908
2015-03-03,57.462613,58.027952,57.377601,57.942231,57.942231,4981725
2015-03-04,57.942231,58.141957,57.124621,57.322211,57.322211,4025128
2015-03-05,57.322211,57.412317,56.043944,56.132179,56.132179,9915214
2015-03-06,56.132179,56.187254,56.071616,56.126684,56.126684,7477138
2015-03-09,56.126684,56.579880,56.072677,56.525489,56.525489,6021076
2015-03-10,56.525489,57.098545,56.445525,57.017884,57.017884,7550058
2015-03-11,57.017884,58.055697,56.973287,58.010324,58.010324,5037068
2015-03-12,58.010324,58.097935,57.978541,58.066122,58.066122,6982198
2015-03-13,58.066122,58.113581,57.483921,57.530942,57.530942,4961530
2015-03-16,57.530942,58.610938,57.346651,58.423787,58.423787,6207698
2015-03-17,58.423787,58.693639,57.498776,57.765588,57.765588,5983544
2015-03-18,57.765588,58.448868,57.684465,58.366900,58.366900,9926296
2015-03-19,58.366900,58.399450,58.017121,58.049494,58.049494,6218191
2015-03-20,58.049494,58.354049,57.957997,58.262217,58.262217,3801007
2015-03-23,58.262217,58.289446,57.541822,57.568727,57.568727,2938286
2015-03-24,57.568727,58.910114,57.106185,58.440567,58.440567,10549460
2015-03-25,58.440567,59.112597,58.256248,58.926744,58.926744,2857670
2015-03-26,58.926744,59.198851,58.538877,58.810447,58.810447,3938673
2015-03-27,58.810447,58.925464,57.991153,58.104790,58.104790,6326735
2015-03-30,58.104790,58.156581,57.682585,57.734046,57.734046,3654600
2015-03-31,57.734046,57.885031,55.794408,55.940704,55.940704,3294129
2015-04-01,55.940704,56.646123,55.900519,56.605460,56.605460,5897654
2015-04-02,56.605460,57.363865,56.368644,57.124876,57.124876,10723605
2015-04-03,57.124876,57.280084,57.082619,57.237743,57.237743,7096936
2015-04-06,57.237743,57.629114,56.735791,57.126400,57.126400,5375785
2015-04-07,57.126400,57.399086,57.008835,57.281202,57.281202,5292688
2015-04-08,57.281202,57.496255,56.722430,56.936187,56.936187,4232723
2015-04-09,56.936187,57.309251,56.394820,56.766774,56.766774,9462261
2015-04-10,56.766774,57.788786,56.516266,57.534888,57.534888,7412372
2015-04-13,57.534888,57.789729,56.892326,57.145442,57.145442,4387712
2015-04-14,57.145442,57.903878,56.855803,57.611875,57.611875,5258116
2015-04-15,57.611875,58.175500,57.503129,58.065897,58.065897,7829247
2015-04-16,58.065897,58.152522,57.015769,57.100955,57.100955,3619086
2015-04-17,57.100955,58.385466,56.746045,58.024814,58.024814,4198863
2015-04-20,58.024814,58.029144,57.149330,57.153595,57.153595,6568421
2015-04-21,57.153595,57.495146,56.489347,56.828958,56.828958,4476526
2015-04-22,56.828958,57.401240,56.725733,57.297165,57.297165,6532282
2015-04-23,57.297165,58.173181,57.016294,57.889407,57.889407,9467483
2015-04-24,57.889407,57.975600,56.544460,56.628775,56.628775,7934779
2015-04-27,56.628775,56.966872,55.931814,56.267756,56.267756,4786702
2015-04-28,56.267756,56.898009,55.762564,56.391705,56.391705,4606991
2015-04-29,56.391705,56.487491,56.077758,56.173173,56.173173,9961962
2015-04-30,56.173173,56.489212,55.664053,55.979000,55.979000,9428940
2015-05-01,55.979000,56.063690,55.367160,55.451051,55.451051,6674208
2015-05-04,55.451051,56.601747,55.334151,56.482672,56.482672,6478920
2015-05-05,56.482672,56.715615,56.089006,56.321284,56.321284,9402030
2015-05-06,56.321284,57.805044,55.854607,57.330009,57.330009,3228198
2015-05-07,57.330009,58.379163,57.274925,58.323125,58.323125,5023091
2015-05-08,58.323125,58.713392,57.617451,58.005593,58.005593,6190860
2015-05-11,58.005593,58.973240,57.848574,58.814032,58.814032,5451792
2015-05-12,58.814032,59.211428,58.550875,58.947672,58.947672,6155639
2015-05-13,58.947672,58.988191,58.483077,58.523304,58.523304,11673705
2015-05-14,58.523304,59.168274,58.497156,59.141850,59.141850,6350268
2015-05-15,59.141850,59.532537,59.051065,59.441292,59.441292,9438536
2015-05-18,59.441292,59.909260,59.355521,59.822938,59.822938,4838586
2015-05-19,59.822938,60.202107,59.741530,60.120294,60.120294,5595973
2015-05-20,60.120294,60.614508,59.784264,60.277598,60.277598,8917683
2015-05-21,60.277598,60.660910,60.028268,60.411028,60.411028,8947654
2015-05-22,60.411028,60.828720,60.264822,60.681858,60.681858,7730171
2015-05-25,60.681858,60.825946,59.934136,60.076786,60.076786,6842633
2015-05-26,60.076786,60.150935,59.872608,59.946596,59.946596,5083599
2015-05-27,59.946596,60.299472,59.858166,60.210653,60.210653,7408140
2015-05-28,60.210653,60.507246,60.190129,60.486628,60.486628,12183750
2015-05-29,60.486628,60.708683,59.477614,59.696769,59.696769,4050436
2015-06-01,59.696769,60.747022,59.319115,60.365140,60.365140,3925486
2015-06-02,60.365140,60.556850,59.885670,60.076463,60.076463,6781980
2015-06-03,60.076463,60.211808,59.752698,59.887617,59.887617,5221897
2015-06-04,59.887617,60.210411,59.770091,60.092483,60.092483,6323316
2015-06-05,60.092483,60.879985,59.899182,60.684779,60.684779,8221427
2015-06-08,60.684779,60.847407,60.580087,60.742616,60.742616,4949749
2015-06-09,60.742616,61.234454,60.619387,61.110479,61.110479,4410332
2015-06-10,61.110479,61.262493,61.109226,61.261237,61.261237,6044393
2015-06-11,61.261237,61.263269,60.792101,60.794118,60.794118,8983489
2015-06-12,60.794118,61.042620,60.724211,60.972508,60.972508,4994607
2015-06-15,60.972508,61.854752,60.454403,61.333579,61.333579,6329065
2015-06-16,61.333579,61.364017,61.206816,61.237206,61.237206,5548455
2015-06-17,61.237206,61.467279,61.229246,61.459291,61.459291,4105086
2015-06-18,61.459291,62.161189,61.096322,61.796231,61.796231,9525569
2015-06-19,61.796231,62.110288,60.997516,61.309098,61.309098,5701577
2015-06-22,61.309098,61.356943,60.305724,60.352823,60.352823,10740081
2015-06-23,60.352823,61.351350,60.287449,61.284966,61.284966,7057032
2015-06-24,61.284966,62.206264,61.121771,62.041055,62.041055,5171356
2015-06-25,62.041055,62.051321,61.696917,61.707128,61.707128,2685097
2015-06-26,61.707128,62.008721,61.275713,61.576668,61.576668,9461123
2015-06-29,61.576668,61.841644,61.406714,61.671428,61.671428,4272834
2015-06-30,61.671428,61.826143,61.235268,61.389275,61.389275,9192430
2015-07-01,61.389275,61.637635,60.574935,60.820996,60.820996,4632598
2015-07-02,60.820996,60.851990,60.376658,60.407441,60.407441,6245093
2015-07-03,60.407441,60.940667,60.140585,60.672639,60.672639,3893692
2015-07-06,60.672639,61.100446,60.606764,61.034178,61.034178,13588823
2015-07-07,61.034178,61.595148,61.029918,61.590848,61.590848,4976890
2015-07-08,61.590848,61.650565,60.552740,60.611506,60.611506,8427434
2015-07-09,60.611506,61.365324,60.352130,61.103841,61.103841,7144280
2015-07-10,61.103841,61.277375,60.691835,60.864690,60.864690,5274341
2015-07-13,60.864690,61.979737,60.652063,61.763968,61.763968,7524871
2015-07-14,61.763968,62.038109,61.532051,61.806033,61.806033,4538235
2015-07-15,61.806033,61.890606,60.941064,61.024568,61.024568,5937159
2015-07-16,61.024568,61.056189,60.189362,60.220566,60.220566,6002955
2015-07-17,60.220566,61.309384,60.101171,61.188071,61.188071,6594261
2015-07-20,61.188071,61.267684,60.563908,60.642812,60.642812,5486164
2015-07-21,60.642812,61.688329,60.382489,61.424650,61.424650,8747062
2015-07-22,61.424650,61.679513,60.714213,60.967177,60.967177,4252041
2015-07-23,60.967177,61.637790,60.530483,61.199432,61.199432,10018278
2015-07-24,61.199432,62.289779,61.018706,62.106374,62.106374,6266265
2015-07-27,62.106374,62.467428,62.062733,62.423564,62.423564,8174455
2015-07-28,62.423564,62.779433,61.735334,62.089298,62.089298,2288389
2015-07-29,62.089298,62.231904,61.496248,61.637816,61.637816,7290631
2015-07-30,61.637816,62.696958,61.339340,62.394816,62.394816,7557771
2015-07-31,62.394816,64.339210,62.092473,64.028949,64.028949,4043673
2015-08-03,64.028949,64.292584,63.851795,64.115191,64.115191,4413650
2015-08-04,64.115191,64.730517,63.631933,64.246270,64.246270,10939982
2015-08-05,64.246270,64.841303,64.039651,64.633439,64.633439,6082609
2015-08-06,64.633439,65.602318,64.483928,65.450916,65.450916,4170652
2015-08-07,65.450916,65.552830,64.985044,65.086390,65.086390,9049190
2015-08-10,65.086390,66.131514,65.055717,66.100362,66.100362,7195571
2015-08-11,66.100362,66.262545,65.532331,65.693516,65.693516,3950799
2015-08-12,65.693516,65.791831,65.069905,65.167433,65.167433,3173901
2015-08-13,65.167433,65.445115,64.872856,65.150466,65.150466,5093029
2015-08-14,65.150466,65.176332,63.849224,63.874583,63.874583,4982829
2015-08-17,63.874583,64.519432,63.460622,64.103985,64.103985,7600644
2015-08-18,64.103985,64.189098,62.014055,62.096503,62.096503,4472591
2015-08-19,62.096503,62.965206,61.793153,62.659108,62.659108,5571507
2015-08-20,62.659108,62.891074,62.177464,62.408503,62.408503,5970413
2015-08-21,62.408503,62.516153,61.698916,61.805526,61.805526,8988179
2015-08-24,61.805526,61.833368,61.366597,61.394254,61.394254,4957921
2015-08-25,61.394254,62.187622,61.226662,62.018327,62.018327,6058449
2015-08-26,62.018327,62.433935,61.388399,61.802562,61.802562,4120486
2015-08-27,61.802562,62.517940,61.662996,62.377077,62.377077,3525846
2015-08-28,62.377077,62.564955,60.324024,60.506267,60.506267,6728003
2015-08-31,60.506267,61.059071,60.299101,60.850726,60.850726,5411343
2015-09-01,60.850726,63.620128,60.455125,63.209195,63.209195,4708041
2015-09-02,63.209195,63.369860,62.947556,63.107964,63.107964,3345990
2015-09-03,63.107964,63.914949,62.843343,63.648063,63.648063,6662505
2015-09-04,63.648063,63.964925,62.520749,62.833557,62.833557,6571982
2015-09-07,62.833557,63.361531,62.199956,62.727036,62.727036,6333426
2015-09-08,62.727036,62.902441,62.380109,62.555034,62.555034,4992051
2015-09-09,62.555034,62.723591,61.890283,62.057499,62.057499,4146699
2015-09-10,62.057499,62.286668,61.264093,61.491171,61.491171,6158234
2015-09-11,61.491171,61.819037,60.406790,60.730602,60.730602,3999038
2015-09-14,60.730602,61.663474,60.502031,61.432263,61.432263,8091177
2015-09-15,61.432263,61.504569,61.017162,61.089064,61.089064,4644569
2015-09-16,61.089064,61.643422,60.854397,61.407532,61.407532,5691503
2015-09-17,61.407532,61.698424,60.405370,60.692877,60.692877,5804054
2015-09-18,60.692877,60.947894,60.279093,60.533440,60.533440,9877752
2015-09-21,60.533440,61.247026,60.163465,60.874964,60.874964,7980889
2015-09-22,60.874964,61.200497,60.839861,61.165227,61.165227,8402783
2015-09-23,61.165227,61.762485,61.128217,61.725136,61.725136,7379022
2015-09-24,61.725136,61.966466,61.679771,61.920957,61.920957,5263668
2015-09-25,61.920957,62.554203,61.495111,62.126941,62.126941,3522718
2015-09-28,62.126941,62.283261,60.517636,60.670291,60.670291,8228359
2015-09-29,60.670291,60.879842,60.376931,60.586191,60.586191,5103903
2015-09-30,60.586191,60.677500,60.486340,60.577636,60.577636,6557940
2015-10-01,60.577636,61.964417,60.420218,61.803812,61.803812,5531764
2015-10-02,61.803812,62.270324,61.087099,61.551707,61.551707,4679962
2015-10-05,61.551707,61.821232,61.103234,61.371972,61.371972,5861564
2015-10-06,61.371972,61.422903,61.126758,61.177528,61.177528,2769699
2015-10-07,61.177528,61.198176,60.725884,60.746386,60.746386,5779325
2015-10-08,60.746386,60.810244,60.415186,60.478763,60.478763,5037580
2015-10-09,60.478763,60.532383,60.100929,60.154261,60.154261,4809238
2015-10-12,60.154261,60.744915,59.295651,59.883647,59.883647,3880570
2015-10-13,59.883647,60.264863,59.783794,60.164542,60.164542,9582675
2015-10-14,60.164542,60.344952,59.809391,59.989276,59.989276,3013262
2015-10-15,59.989276,60.133303,58.372218,58.512700,58.512700,5984342
2015-10-16,58.512700,58.588558,57.744021,57.818979,57.818979,3222344
2015-10-19,57.818979,59.138511,57.677765,58.994426,58.994426,4861305
2015-10-20,58.994426,59.213824,58.629777,58.848633,58.848633,5041052
2015-10-21,58.848633,59.024401,58.764952,58.940588,58.940588,8731735
2015-10-22,58.940588,59.182510,58.774437,59.016146,59.016146,5842612
2015-10-23,59.016146,60.087679,58.577548,59.644412,59.644412,6506037
2015-10-26,59.644412,60.048665,58.482240,58.881321,58.881321,6427706
2015-10-27,58.881321,58.943458,57.404131,57.464772,57.464772,4255889
2015-10-28,57.464772,57.484317,56.830438,56.849774,56.849774,8439200
2015-10-29,56.849774,57.106309,55.535717,55.787458,55.787458,6644500
2015-10-30,55.787458,56.580323,55.676507,56.468018,56.468018,5092969
2015-11-02,56.468018,56.535222,56.397913,56.465114,56.465114,5946803
2015-11-03,56.465114,57.083729,56.445479,57.063886,57.063886,3781110
2015-11-04,57.063886,57.312737,56.806760,57.055575,57.055575,2696186
2015-11-05,57.055575,57.388426,56.411252,56.742276,56.742276,3853332
2015-11-06,56.742276,57.354409,56.495757,57.106309,57.106309,3544964
2015-11-09,57.106309,57.450581,56.902066,57.245838,57.245838,4224601
2015-11-10,57.245838,57.491466,57.143569,57.388941,57.388941,6214301
2015-11-11,57.388941,57.895046,57.043806,57.548949,57.548949,6315346
2015-11-12,57.548949,58.609165,57.242792,58.299017,58.299017,10794201
2015-11-13,58.299017,59.649842,57.976158,59.321322,59.321322,12019431
2015-11-16,59.321322,59.722432,58.391360,58.788871,58.788871,7740620
2015-11-17,58.788871,59.557129,58.664055,59.430951,59.430951,3866811
2015-11-18,59.430951,60.388123,59.305668,60.261091,60.261091,5457816
2015-11-19,60.261091,61.217838,60.198424,61.154243,61.154243,4717278
2015-11-20,61.154243,61.807654,60.618403,61.270793,61.270793,5938936
2015-11-23,61.270793,62.469553,61.270305,62.469056,62.469056,4376258
2015-11-24,62.469056,62.519237,62.179487,62.229476,62.229476,7285182
2015-11-25,62.229476,62.957806,61.831708,62.557939,62.557939,5076643
2015-11-26,62.557939,62.914946,62.549070,62.906028,62.906028,6131383
2015-11-27,62.906028,63.964590,62.824281,63.881575,63.881575,9009260
2015-11-30,63.881575,64.059008,62.634666,62.809120,62.809120,3321025
2015-12-01,62.809120,62.920452,62.073203,62.183427,62.183427,6552542
2015-12-02,62.183427,62.423616,62.099388,62.339366,62.339366,6510324
2015-12-03,62.339366,62.727100,62.252277,62.639593,62.639593,4980872
2015-12-04,62.639593,62.828296,62.059298,62.246818,62.246818,4217842
2015-12-07,62.246818,63.626378,62.130783,63.507991,63.507991,3237356
2015-12-08,63.507991,63.859911,62.584966,62.933704,62.933704,3900442
2015-12-09,62.933704,63.306270,62.061307,62.430896,62.430896,6265099
2015-12-10,62.430896,64.014350,62.190497,63.768799,63.768799,8929664
2015-12-11,63.768799,63.844194,63.155932,63.230691,63.230691,5028227
2015-12-14,63.230691,63.401429,62.328184,62.496941,62.496941,5342508
2015-12-15,62.496941,62.725675,61.794286,62.021279,62.021279,4851562
2015-12-16,62.021279,62.057753,61.926762,61.963202,61.963202,10381041
2015-12-17,61.963202,61.987377,61.837881,61.862016,61.862016,6441641
2015-12-18,61.862016,61.991179,61.698240,61.827331,61.827331,4801343
2015-12-21,61.827331,61.880405,61.388105,61.440848,61.440848,3936879
2015-12-22,61.440848,61.931157,61.324354,61.813956,61.813956,7308507
2015-12-23,61.813956,63.694130,61.352158,63.221814,63.221814,9734365
2015-12-24,63.221814,63.326753,62.272080,62.375614,62.375614,5498191
2015-12-25,62.375614,63.584189,62.301841,63.509076,63.509076,8704152
2015-12-28,63.509076,63.553425,63.007897,63.051927,63.051927,6067917
2015-12-29,63.051927,63.167645,62.827060,62.942577,62.942577,9042976
2015-12-30,62.942577,63.108365,62.732924,62.898596,62.898596,3726594
2015-12-31,62.898596,63.193014,61.425194,61.714068,61.714068,5731360
2016-01-01,61.714068,61.822879,61.159601,61.267626,61.267626,7207746
2016-01-04,61.267626,61.551921,60.851462,61.135142,61.135142,6295284
2016-01-05,61.135142,61.152214,61.033836,61.050884,61.050884,9853644
2016-01-06,61.050884,61.426558,60.699431,61.074967,61.074967,6471229
2016-01-07,61.074967,61.307751,61.037574,61.270238,61.270238,5005985
2016-01-08,61.270238,61.597536,59.554807,59.874650,59.874650,4142487
2016-01-11,59.874650,59.907770,58.475674,58.508038,58.508038,13000266
2016-01-12,58.508038,58.903644,58.356177,58.751151,58.751151,3849172
2016-01-13,58.751151,60.612849,58.501215,60.356085,60.356085,9385417
2016-01-14,60.356085,61.117278,60.261580,61.021730,61.021730,6526573
2016-01-15,61.021730,61.703892,60.640080,61.320374,61.320374,7241513
2016-01-18,61.320374,61.351604,61.304286,61.335512,61.335512,10149725
2016-01-19,61.335512,61.459867,61.119105,61.243273,61.243273,4072034
2016-01-20,61.243273,61.256400,60.981681,60.994755,60.994755,9519724
2016-01-21,60.994755,61.162598,60.240446,60.406670,60.406670,9757487
2016-01-22,60.406670,60.465838,60.053412,60.112291,60.112291,5689433
2016-01-25,60.112291,60.133490,59.134877,59.155739,59.155739,7029368
2016-01-26,59.155739,59.424132,57.267215,57.528224,57.528224,4755944
2016-01-27,57.528224,59.443504,57.522150,59.437229,59.437229,8445255
2016-01-28,59.437229,59.848007,59.334170,59.744417,59.744417,7537305
2016-01-29,59.744417,59.947683,59.272548,59.474897,59.474897,5916965
2016-02-01,59.474897,60.757457,59.354206,60.634413,60.634413,4603756
2016-02-02,60.634413,61.194730,60.531571,61.091113,61.091113,5495389
2016-02-03,61.091113,62.118697,61.000887,62.027089,62.027089,5510638
2016-02-04,62.027089,62.214015,60.443312,60.626017,60.626017,5331481
2016-02-05,60.626017,61.751047,60.375227,61.496656,61.496656,10162042
2016-02-08,61.496656,61.589644,61.495170,61.588156,61.588156,3899298
2016-02-09,61.588156,61.721089,61.322237,61.454882,61.454882,6079309
2016-02-10,61.454882,61.923218,61.448074,61.916360,61.916360,5952265
2016-02-11,61.916360,62.172856,61.705727,61.962068,61.962068,5346028
2016-02-12,61.962068,62.073446,60.879122,60.988751,60.988751,7235697
2016-02-15,60.988751,61.043653,60.755408,60.810149,60.810149,8256759
2016-02-16,60.810149,60.821050,59.901696,59.912436,59.912436,11717841
2016-02-17,59.912436,60.436085,59.578214,60.100812,60.100812,3678719
2016-02-18,60.100812,61.254328,59.890389,61.040615,61.040615,6309240
2016-02-19,61.040615,61.678118,60.938147,61.574754,61.574754,6629812
2016-02-22,61.574754,62.886185,61.291015,62.597732,62.597732,4619284
2016-02-23,62.597732,62.891131,62.566316,62.859583,62.859583,8240028
2016-02-24,62.859583,63.392850,61.978544,62.508834,62.508834,3358779
2016-02-25,62.508834,63.706923,62.402203,63.598432,63.598432,9843477
2016-02-26,63.598432,64.153740,63.388929,63.943101,63.943101,5867923
2016-02-29,63.943101,64.339274,63.839227,64.234926,64.234926,4394388
2016-03-01,64.234926,64.613607,63.852873,64.231535,64.231535,6034971
2016-03-02,64.231535,64.335641,63.770476,63.874003,63.874003,7957998
2016-03-03,63.874003,63.983931,63.710582,63.820418,63.820418,4050170
2016-03-04,63.820418,64.850994,63.803353,64.833658,64.833658,5274283
2016-03-07,64.833658,65.492142,64.596851,65.253801,65.253801,9714732
2016-03-08,65.253801,65.615483,65.050605,65.411794,65.411794,6191110
2016-03-09,65.411794,65.809061,65.042486,65.439596,65.439596,7034376
2016-03-10,65.439596,65.624095,64.830258,65.013556,65.013556,4656363
2016-03-11,65.013556,65.885475,64.967142,65.838471,65.838471,5040407
2016-03-14,65.838471,66.116800,64.834851,65.110101,65.110101,4822647
2016-03-15,65.110101,65.799006,64.683015,65.370215,65.370215,3875579
2016-03-16,65.370215,65.979939,64.290413,64.895712,64.895712,7146036
2016-03-17,64.895712,64.913607,63.680200,63.697765,63.697765,4116655
2016-03-18,63.697765,64.289708,63.598704,64.189882,64.189882,5561524
2016-03-21,64.189882,64.909489,64.004390,64.722458,64.722458,8497119
2016-03-22,64.722458,65.094970,64.710133,65.082577,65.082577,4581317
2016-03-23,65.082577,65.311169,65.017477,65.245905,65.245905,6829796
2016-03-24,65.245905,65.423409,64.785687,64.962420,64.962420,3066543
2016-03-25,64.962420,65.527539,63.962451,64.523754,64.523754,3683918
2016-03-28,64.523754,64.596609,63.589148,63.661028,63.661028,3443873
2016-03-29,63.661028,63.860984,62.200260,62.396243,62.396243,6552253
2016-03-30,62.396243,63.555711,62.318314,63.476433,63.476433,5011435
2016-03-31,63.476433,63.827421,63.312958,63.663464,63.663464,4507753
2016-04-01,63.663464,63.881960,62.997204,63.214158,63.214158,8773885
2016-04-04,63.214158,63.432435,62.414451,62.630713,62.630713,8369672
2016-04-05,62.630713,63.436339,62.527564,63.332034,63.332034,6059856
2016-04-06,63.332034,64.050202,63.087960,63.804307,63.804307,3618148
2016-04-07,63.804307,63.878586,63.672630,63.746842,63.746842,4807366
2016-04-08,63.746842,64.340225,63.746682,64.340065,64.340065,6792103
2016-04-11,64.340065,64.618948,63.441004,63.717188,63.717188,10297864
2016-04-12,63.717188,63.787160,63.143115,63.212533,63.212533,5877908
2016-04-13,63.212533,64.225914,63.199509,64.212683,64.212683,4328996
2016-04-14,64.212683,64.234339,63.985603,64.007190,64.007190,6554200
2016-04-15,64.007190,64.211375,63.764557,63.968619,63.968619,4390353
2016-04-18,63.968619,64.087446,63.246199,63.363903,63.363903,10685590
2016-04-19,63.363903,63.408075,62.802630,62.846442,62.846442,6449016
2016-04-20,62.846442,62.960636,62.598605,62.712555,62.712555,7036819
2016-04-21,62.712555,63.488489,62.593418,63.368106,63.368106,7038117
2016-04-22,63.368106,63.957260,63.231918,63.820101,63.820101,3585292
2016-04-25,63.820101,64.345315,63.155552,63.679610,63.679610,3987917
2016-04-26,63.679610,64.346313,63.486390,64.151662,64.151662,4815780
2016-04-27,64.151662,64.269598,63.327451,63.444086,63.444086,6083548
2016-04-28,63.444086,63.707498,62.118599,62.377583,62.377583,7929081
2016-04-29,62.377583,62.646154,61.238130,61.502936,61.502936,5021961
2016-05-02,61.502936,63.458478,61.468988,63.423470,63.423470,5110207
2016-05-03,63.423470,64.595578,63.017097,64.184329,64.184329,6470260
2016-05-04,64.184329,64.846183,63.779384,64.439628,64.439628,8059998
2016-05-05,64.439628,65.815908,64.425756,65.801743,65.801743,6399665
2016-05-06,65.801743,66.343317,65.268865,65.810369,65.810369,6531392
2016-05-09,65.810369,67.008649,65.574996,66.769845,66.769845,6658293
2016-05-10,66.769845,66.946071,66.029181,66.203914,66.203914,8020546
2016-05-11,66.203914,66.721208,65.276353,65.790417,65.790417,4353602
2016-05-12,65.790417,66.158060,65.292813,65.659727,65.659727,9179504
2016-05-13,65.659727,65.779444,65.331491,65.450828,65.450828,3167786
2016-05-16,65.450828,65.914746,64.190523,64.648756,64.648756,5321925
2016-05-17,64.648756,64.777950,64.109149,64.237520,64.237520,3040405
2016-05-18,64.237520,64.295020,64.000222,64.057561,64.057561,5707077
2016-05-19,64.057561,64.472500,63.996696,64.411299,64.411299,5930224
2016-05-20,64.411299,65.061130,63.757789,64.407583,64.407583,7570992
2016-05-23,64.407583,64.813993,64.045276,64.451440,64.451440,5293806
2016-05-24,64.451440,64.827606,63.890835,64.265919,64.265919,5769384
2016-05-25,64.265919,65.747857,64.005098,65.482100,65.482100,6950634
2016-05-26,65.482100,66.317384,65.153784,65.986539,65.986539,5145981
2016-05-27,65.986539,66.074792,65.611196,65.699065,65.699065,6612362
2016-05-30,65.699065,66.240840,65.498894,66.039631,66.039631,5968842
2016-05-31,66.039631,66.107411,65.745583,65.813129,65.813129,6909271
2016-06-01,65.813129,65.961604,65.231672,65.379168,65.379168,3811627
2016-06-02,65.379168,65.519336,64.772593,64.911759,64.911759,8375000
2016-06-03,64.911759,65.962390,64.664618,65.712201,65.712201,7553958
2016-06-06,65.712201,66.770594,65.302889,66.357264,66.357264,4705005
2016-06-07,66.357264,66.456822,65.535197,65.633670,65.633670,6601457
2016-06-08,65.633670,67.417766,64.896907,66.669377,66.669377,4864458
2016-06-09,66.669377,67.342911,66.491891,67.164107,67.164107,7018527
2016-06-10,67.164107,67.638024,67.057059,67.530391,67.530391,4720377
2016-06-13,67.530391,67.922002,67.390115,67.781204,67.781204,5789790
2016-06-14,67.781204,67.829871,67.469714,67.518192,67.518192,5891873
2016-06-15,67.518192,67.988478,67.145284,67.615035,67.615035,5610557
2016-06-16,67.615035,68.245585,67.106281,67.735922,67.735922,3975291
2016-06-17,67.735922,67.884405,67.209953,67.357607,67.357607,5148198
2016-06-20,67.357607,67.372406,66.697097,66.711753,66.711753,4640505
2016-06-21,66.711753,67.423160,66.344079,67.053602,67.053602,2836402
2016-06-22,67.053602,67.401679,66.290985,66.636899,66.636899,4380460
2016-06-23,66.636899,66.932849,66.605402,66.901227,66.901227,4561749
2016-06-24,66.901227,67.065559,65.919303,66.081622,66.081622,6580027
2016-06-27,66.081622,67.468569,65.882177,67.265550,67.265550,6032409
2016-06-28,67.265550,67.613464,65.934016,66.276816,66.276816,9929387
2016-06-29,66.276816,66.767479,66.002617,66.492388,66.492388,7491582
2016-06-30,66.492388,66.743558,66.081263,66.331826,66.331826,8273501
2016-07-01,66.331826,67.375633,66.286595,67.329721,67.329721,2136017
2016-07-04,67.329721,67.974169,67.132348,67.775489,67.775489,5468750
2016-07-05,67.775489,68.634277,67.350749,68.206834,68.206834,4945308
2016-07-06,68.206834,68.346057,67.812586,67.951287,67.951287,5764966
2016-07-07,67.951287,68.110787,67.338086,67.496519,67.496519,4821398
2016-07-08,67.496519,67.669612,67.273960,67.446926,67.446926,3893656
2016-07-11,67.446926,69.586388,66.431992,68.554783,68.554783,13050509
2016-07-12,68.554783,68.817108,67.815072,68.075563,68.075563,5721522
2016-07-13,68.075563,69.324265,67.910027,69.156102,69.156102,9998140
2016-07-14,69.156102,69.162931,68.044728,68.051448,68.051448,5237067
2016-07-15,68.051448,68.385742,67.999844,68.333924,68.333924,4736594
2016-07-18,68.333924,68.500168,67.696221,67.861316,67.861316,4809671
2016-07-19,67.861316,68.405232,67.499283,68.042234,68.042234,9251383
2016-07-20,68.042234,68.349395,67.914169,68.220993,68.220993,5575881
2016-07-21,68.220993,68.645436,66.770700,67.188721,67.188721,5183486
2016-07-22,67.188721,67.464334,67.080127,67.355471,67.355471,5014884
2016-07-25,67.355471,67.580868,65.942159,66.163567,66.163567,7962824
2016-07-26,66.163567,67.122433,65.740708,66.696170,66.696170,5635330
2016-07-27,66.696170,66.918409,65.512354,65.731378,65.731378,5166487
2016-07-28,65.731378,65.838262,65.402520,65.509043,65.509043,3418762
2016-07-29,65.509043,66.308830,65.367784,66.166155,66.166155,8736943
2016-08-01,66.166155,66.815755,66.084874,66.733777,66.733777,7375063
2016-08-02,66.733777,66.826670,65.895278,65.987131,65.987131,11489065
2016-08-03,65.987131,66.747488,65.640840,66.399035,66.399035,6964563
2016-08-04,66.399035,67.821080,66.051360,67.467809,67.467809,9288382
2016-08-05,67.467809,67.977513,66.781860,67.290222,67.290222,14638532
2016-08-08,67.290222,67.353256,65.844539,65.906276,65.906276,4995825
2016-08-09,65.906276,66.163267,65.171192,65.426312,65.426312,3917309
2016-08-10,65.426312,65.952038,65.365060,65.890351,65.890351,4412739
2016-08-11,65.890351,67.145937,65.490745,66.741171,66.741171,7236121
2016-08-12,66.741171,67.091075,66.566881,66.916327,66.916327,6256282
2016-08-15,66.916327,66.932898,66.385875,66.402318,66.402318,8103757
2016-08-16,66.402318,66.791202,66.199838,66.588156,66.588156,5921475
2016-08-17,66.588156,67.710908,65.821503,66.940202,66.940202,5678245
2016-08-18,66.940202,67.541367,66.883221,67.483923,67.483923,7082730
2016-08-19,67.483923,67.923137,67.323510,67.762063,67.762063,10875909
2016-08-22,67.762063,67.816899,67.701057,67.755888,67.755888,5250008
2016-08-23,67.755888,68.512515,67.437155,68.191732,68.191732,9617301
2016-08-24,68.191732,70.541434,67.929824,70.271538,70.271538,3172038
2016-08-25,70.271538,72.497590,69.941187,72.158369,72.158369,4861879
2016-08-26,72.158369,72.337915,71.335811,71.513753,71.513753,4215452
2016-08-29,71.513753,71.563623,70.225865,70.274872,70.274872,2761898
2016-08-30,70.274872,70.514706,69.734335,69.973140,69.973140,5276805
2016-08-31,69.973140,70.426572,69.359399,69.811786,69.811786,11344424
2016-09-01,69.811786,69.896075,69.739729,69.824005,69.824005,5101697
2016-09-02,69.824005,69.952172,69.399697,69.527320,69.527320,3238104
2016-09-05,69.527320,69.671994,68.524687,68.667573,68.667573,4155103
2016-09-06,68.667573,69.215076,68.372636,68.919059,68.919059,5312143
2016-09-07,68.919059,69.089998,68.547754,68.718195,68.718195,8229587
2016-09-08,68.718195,69.805065,68.507398,69.591589,69.591589,6884956
2016-09-09,69.591589,70.187263,69.463668,70.058483,70.058483,3389887
2016-09-12,70.058483,70.448945,69.117441,69.504817,69.504817,10849682
2016-09-13,69.504817,70.781093,69.179108,70.450950,70.450950,5523928
2016-09-14,70.450950,70.896915,69.855760,70.300775,70.300775,3645417
2016-09-15,70.300775,70.455204,70.218960,70.373305,70.373305,4544842
2016-09-16,70.373305,70.972432,70.198170,70.796245,70.796245,8478770
2016-09-19,70.796245,71.252513,70.729980,71.185883,71.185883,9759142
2016-09-20,71.185883,71.565129,70.871332,71.250293,71.250293,5476095
2016-09-21,71.250293,71.898844,71.067955,71.715316,71.715316,4981315
2016-09-22,71.715316,71.859661,71.630053,71.774328,71.774328,7582838
2016-09-23,71.774328,72.018367,70.531433,70.772064,70.772064,5387796
2016-09-26,70.772064,72.021633,70.692244,71.940496,71.940496,4401470
2016-09-27,71.940496,72.545395,71.659939,72.263577,72.263577,3997839
2016-09-28,72.263577,72.298067,71.184384,71.218375,71.218375,8158115
2016-09-29,71.218375,73.489938,71.026675,73.292655,73.292655,9792152
2016-09-30,73.292655,73.520977,73.014449,73.242615,73.242615,9588193
2016-10-03,73.242615,73.462475,72.673160,72.891967,72.891967,4893160
2016-10-04,72.891967,72.957643,70.625674,70.689365,70.689365,6792714
2016-10-05,70.689365,71.382195,70.421035,71.112259,71.112259,8891730
2016-10-06,71.112259,71.669435,70.476883,71.033442,71.033442,5078987
2016-10-07,71.033442,71.530648,69.694150,70.185420,70.185420,9117947
2016-10-10,70.185420,70.349271,69.665477,69.828494,69.828494,6981058
2016-10-11,69.828494,71.101286,69.498765,70.767125,70.767125,4392250
2016-10-12,70.767125,70.825527,70.487982,70.546201,70.546201,4550517
2016-10-13,70.546201,70.895255,70.379726,70.728350,70.728350,5490834
2016-10-14,70.728350,70.817187,70.626626,70.715447,70.715447,4450233
2016-10-17,70.715447,70.980930,70.288313,70.553186,70.553186,9554774
2016-10-18,70.553186,70.809655,69.673344,69.927538,69.927538,5593385
2016-10-19,69.927538,69.965158,69.572982,69.610432,69.610432,3578402
2016-10-20,69.610432,69.639264,68.503487,68.531872,68.531872,7865021
2016-10-21,68.531872,68.671372,66.955151,67.091720,67.091720,7587705
2016-10-24,67.091720,67.242784,67.018052,67.169031,67.169031,5607444
2016-10-25,67.169031,67.908216,67.162043,67.901151,67.901151,7353933
2016-10-26,67.901151,67.958133,66.977450,67.033704,67.033704,9665579
2016-10-27,67.033704,67.376716,66.651514,66.994325,66.994325,11726156
2016-10-28,66.994325,69.742210,66.775737,69.515395,69.515395,4543783
2016-10-31,69.515395,69.644793,68.520232,68.648015,68.648015,11582117
2016-11-01,68.648015,68.694969,68.434627,68.481468,68.481468,5536328
2016-11-02,68.481468,68.727824,67.295549,67.538512,67.538512,3794038
2016-11-03,67.538512,67.561082,67.313836,67.336338,67.336338,6601142
2016-11-04,67.336338,68.384539,66.607916,67.652694,67.652694,5823250
2016-11-07,67.652694,67.663509,67.276803,67.287559,67.287559,6949951
2016-11-08,67.287559,67.842275,66.053838,66.602910,66.602910,8305559
2016-11-09,66.602910,66.679549,66.396103,66.472592,66.472592,7229958
2016-11-10,66.472592,67.090585,66.350026,66.967107,66.967107,7560795
2016-11-11,66.967107,67.866827,66.626575,67.523465,67.523465,6193309
2016-11-14,67.523465,68.338930,67.505967,68.321224,68.321224,5043664
2016-11-15,68.321224,69.131086,67.717688,68.525743,68.525743,7238621
2016-11-16,68.525743,69.358632,68.055785,68.886202,68.886202,4308121
2016-11-17,68.886202,69.431636,68.478611,69.023234,69.023234,10462689
2016-11-18,69.023234,69.376804,68.261484,68.612952,68.612952,4048061
2016-11-21,68.612952,68.818367,66.982707,67.183844,67.183844,5156165
2016-11-22,67.183844,67.219460,66.642085,66.677432,66.677432,6866524
2016-11-23,66.677432,66.970801,66.106645,66.398788,66.398788,5244008
2016-11-24,66.398788,67.486899,66.328733,67.415771,67.415771,5991225
2016-11-25,67.415771,67.649069,67.397584,67.630824,67.630824,6370958
2016-11-28,67.630824,67.877437,67.524238,67.770631,67.770631,8745350
2016-11-29,67.770631,67.953785,66.385219,66.565115,66.565115,5340848
2016-11-30,66.565115,66.735691,66.509550,66.680031,66.680031,9572394
2016-12-01,66.680031,67.476451,66.565389,67.360639,67.360639,5785569
2016-12-02,67.360639,67.527469,65.818946,65.982362,65.982362,4800221
2016-12-05,65.982362,66.568584,65.414118,66.000186,66.000186,7277409
2016-12-06,66.000186,67.516850,65.632572,67.142871,67.142871,6866434
2016-12-07,67.142871,67.236904,66.556493,66.649836,66.649836,5796437
2016-12-08,66.649836,66.861447,66.579708,66.791171,66.791171,7639160
2016-12-09,66.791171,66.845183,66.541024,66.594877,66.594877,5378055
2016-12-12,66.594877,67.529311,66.311497,67.243172,67.243172,5065073
2016-12-13,67.243172,67.914415,67.129911,67.800216,67.800216,6491709
2016-12-14,67.800216,67.918979,67.275675,67.393726,67.393726,6078118
2016-12-15,67.393726,67.573390,66.798287,66.976840,66.976840,2485010
2016-12-16,66.976840,66.986321,66.324321,66.333711,66.333711,4010488
2016-12-19,66.333711,66.363683,66.262696,66.292650,66.292650,4899816
2016-12-20,66.292650,67.381046,65.896122,66.980405,66.980405,6938335
2016-12-21,66.980405,67.298230,66.945521,67.263199,67.263199,5369374
2016-12-22,67.263199,67.763499,67.058750,67.558153,67.558153,5891813
2016-12-23,67.558153,68.215306,67.449687,68.105960,68.105960,6068959
2016-12-26,68.105960,68.853313,67.644335,68.389765,68.389765,3729123
2016-12-27,68.389765,68.482848,67.642517,67.734708,67.734708,4158097
2016-12-28,67.734708,68.054005,67.709261,68.028448,68.028448,7058331
2016-12-29,68.028448,68.426442,65.704504,66.091165,66.091165,4806517
2016-12-30,66.091165,67.221031,65.731052,66.856746,66.856746,5935641
2017-01-02,66.856746,66.940459,66.167759,66.250712,66.250712,7279430
2017-01-03,66.250712,66.252693,65.878579,65.880549,65.880549,6172657
2017-01-04,65.880549,66.541002,65.711855,66.371052,66.371052,9002712
2017-01-05,66.371052,66.710402,66.240766,66.579707,66.579707,7942934
2017-01-06,66.579707,67.519207,66.132798,67.069014,67.069014,5492442
2017-01-09,67.069014,67.079716,67.012480,67.023175,67.023175,3635161
2017-01-10,67.023175,68.112928,66.510292,67.595665,67.595665,6759287
2017-01-11,67.595665,68.937649,66.989089,68.324533,68.324533,2806078
2017-01-12,68.324533,68.653992,68.114202,68.443295,68.443295,4715638
2017-01-13,68.443295,68.861036,67.603377,68.018524,68.018524,4516382
2017-01-16,68.018524,68.060626,67.857028,67.899056,67.899056,5161858
2017-01-17,67.899056,67.983143,67.547894,67.631651,67.631651,9062046
2017-01-18,67.631651,68.033770,67.471664,67.873211,67.873211,6517954
2017-01-19,67.873211,68.453468,67.499597,68.078723,68.078723,7473937
2017-01-20,68.078723,68.206097,66.943270,67.068754,67.068754,10344747
2017-01-23,67.068754,67.164818,66.651504,66.747107,66.747107,3789138
2017-01-24,66.747107,67.149950,66.681036,67.083547,67.083547,6031300
2017-01-25,67.083547,67.528930,66.121164,66.563092,66.563092,5372337
2017-01-26,66.563092,67.697298,66.470806,67.603570,67.603570,2638166
2017-01-27,67.603570,67.692216,66.981853,67.069799,67.069799,4598700
2017-01-30,67.069799,67.248279,66.467766,66.645116,66.645116,5955012
2017-01-31,66.645116,67.615104,66.146417,67.112905,67.112905,3798422
2017-02-01,67.112905,67.396458,66.453763,66.735723,66.735723,4305827
2017-02-02,66.735723,67.327591,66.629254,67.220349,67.220349,4496597
2017-02-03,67.220349,69.168442,67.139345,69.085191,69.085191,5201863
2017-02-06,69.085191,69.327316,67.739293,67.977536,67.977536,13566564
2017-02-07,67.977536,68.879065,67.831683,68.731593,68.731593,7210231
2017-02-08,68.731593,68.913394,68.441349,68.622863,68.622863,6772608
2017-02-09,68.622863,69.302041,68.247791,68.925316,68.925316,10685481
2017-02-10,68.925316,69.074667,68.697034,68.846213,68.846213,7055854
2017-02-13,68.846213,69.081722,68.510840,68.746006,68.746006,4153521
2017-02-14,68.746006,70.089294,68.675383,70.017365,70.017365,11255491
2017-02-15,70.017365,70.278529,69.855934,70.116869,70.116869,9455210
2017-02-16,70.116869,70.183179,70.067785,70.134083,70.134083,8484268
2017-02-17,70.134083,71.201518,69.738583,70.802251,70.802251,4027361
2017-02-20,70.802251,70.955113,70.754554,70.907345,70.907345,4294940
2017-02-21,70.907345,71.419245,70.549837,71.060963,71.060963,8659896
2017-02-22,71.060963,71.556923,70.871318,71.366463,71.366463,6038996
2017-02-23,71.366463,72.016659,71.162178,71.811101,71.811101,4260001
2017-02-24,71.811101,72.089977,70.927391,71.203910,71.203910,5457347
2017-02-27,71.203910,71.720012,70.905898,71.421090,71.421090,5914268
2017-02-28,71.421090,71.490192,70.825270,70.893862,70.893862,2846343
2017-03-01,70.893862,71.087968,69.401277,69.591818,69.591818,4860729
2017-03-02,69.591818,70.293446,69.461086,70.161643,70.161643,5379274
2017-03-03,70.161643,70.322668,69.972554,70.133514,70.133514,9614414
2017-03-06,70.133514,70.304996,68.746922,68.915426,68.915426,5060079
2017-03-07,68.915426,69.463873,68.829131,69.377000,69.377000,3812555
2017-03-08,69.377000,69.405184,68.793940,68.821899,68.821899,11887869
2017-03-09,68.821899,69.162759,68.506739,68.847482,68.847482,7037603
2017-03-10,68.847482,68.882918,67.881647,67.916603,67.916603,5840593
2017-03-13,67.916603,68.818846,67.731169,68.631460,68.631460,7976161
2017-03-14,68.631460,69.080890,68.018562,68.466914,68.466914,4815633
2017-03-15,68.466914,69.230547,68.284773,69.046863,69.046863,5112347
2017-03-16,69.046863,70.205631,68.797649,69.953147,69.953147,4307747
2017-03-17,69.953147,70.589421,69.208520,69.843799,69.843799,7808544
2017-03-20,69.843799,70.446889,69.682399,70.284470,70.284470,5024329
2017-03-21,70.284470,71.399649,69.785541,70.896375,70.896375,6764050
2017-03-22,70.896375,71.260537,70.192740,70.555149,70.555149,5896333
2017-03-23,70.555149,71.901192,70.249365,71.590919,71.590919,6507365
2017-03-24,71.590919,71.682234,71.479998,71.571288,71.571288,6923512
2017-03-27,71.571288,73.811485,71.563457,73.803411,73.803411,3409079
2017-03-28,73.803411,73.967727,73.502404,73.666415,73.666415,4202949
2017-03-29,73.666415,73.717448,73.414581,73.465474,73.465474,4418867
2017-03-30,73.465474,73.555775,73.375989,73.466290,73.466290,16876194
2017-03-31,73.466290,74.477709,73.163071,74.171579,74.171579,9329866
2017-04-03,74.171579,75.467451,74.081269,75.375674,75.375674,8940077
2017-04-04,75.375674,75.936273,75.171519,75.731155,75.731155,16465188
2017-04-05,75.731155,75.933707,75.046044,75.247303,75.247303,4495640
2017-04-06,75.247303,75.363200,74.259000,74.373551,74.373551,6345116
2017-04-07,74.373551,74.555803,73.338821,73.518978,73.518978,6075359
2017-04-10,73.518978,73.566964,72.872903,72.920498,72.920498,6465294
2017-04-11,72.920498,73.023045,72.662100,72.764428,72.764428,3772786
2017-04-12,72.764428,73.131091,72.028320,72.393112,72.393112,6618619
2017-04-13,72.393112,72.752753,72.144821,72.504081,72.504081,11048280
2017-04-14,72.504081,72.887962,72.391191,72.774650,72.774650,4284159
2017-04-17,72.774650,73.110731,72.555887,72.891615,72.891615,5892776
2017-04-18,72.891615,73.102377,72.854498,73.065172,73.065172,5344451
2017-04-19,73.065172,73.342774,72.019186,72.293857,72.293857,3917203
2017-04-20,72.293857,72.847440,69.876775,70.415978,70.415978,3958978
2017-04-21,70.415978,70.494043,70.319277,70.397322,70.397322,5503912
2017-04-24,70.397322,70.410400,70.393779,70.406857,70.406857,8864627
2017-04-25,70.406857,70.424555,69.534346,69.551829,69.551829,10597755
2017-04-26,69.551829,69.783217,68.770052,68.999603,68.999603,5193937
2017-04-27,68.999603,70.238858,68.654209,69.889012,69.889012,4390532
2017-04-28,69.889012,72.552336,69.843169,72.504777,72.504777,6392912
2017-05-01,72.504777,72.797675,72.134474,72.427058,72.427058,7567575
2017-05-02,72.427058,73.504744,72.025113,73.099069,73.099069,6460249
2017-05-03,73.099069,73.664271,72.902294,73.466507,73.466507,4021667
2017-05-04,73.466507,73.799506,72.960988,73.293202,73.293202,8869318
2017-05-05,73.293202,73.373537,73.068710,73.148887,73.148887,5104706
2017-05-08,73.148887,73.283080,72.063799,72.196245,72.196245,6755981
2017-05-09,72.196245,72.402362,71.525429,71.730216,71.730216,7787521
2017-05-10,71.730216,72.056899,71.523331,71.849670,71.849670,8747765
2017-05-11,71.849670,72.345461,70.513926,71.003881,71.003881,8166664
2017-05-12,71.003881,72.025720,70.861614,71.881694,71.881694,4627092
2017-05-15,71.881694,72.032020,71.085803,71.234776,71.234776,5072861
2017-05-16,71.234776,72.138760,70.857902,71.759112,71.759112,4333172
2017-05-17,71.759112,71.820710,71.438898,71.500273,71.500273,5839530
2017-05-18,71.500273,72.183982,71.123429,71.805529,71.805529,5507207
2017-05-19,71.805529,71.843107,71.509378,71.546820,71.546820,6242284
2017-05-22,71.546820,72.301140,71.515174,72.269175,72.269175,2892499
2017-05-23,72.269175,72.361320,72.204970,72.297090,72.297090,8682654
2017-05-24,72.297090,72.605786,72.089796,72.398202,72.398202,10292371
2017-05-25,72.398202,72.898231,72.292924,72.792379,72.792379,8509741
2017-05-26,72.792379,72.916034,72.102865,72.225557,72.225557,5771972
2017-05-29,72.225557,72.424373,72.002082,72.200829,72.200829,3854260
2017-05-30,72.200829,72.724247,72.029535,72.552119,72.552119,7916278
2017-05-31,72.552119,75.198127,72.407364,75.048391,75.048391,6218094
2017-06-01,75.048391,75.712651,74.609047,75.271997,75.271997,4381803
2017-06-02,75.271997,76.243994,74.924969,75.894098,75.894098,6126322
2017-06-05,75.894098,76.058465,74.022063,74.182724,74.182724,6997189
2017-06-06,74.182724,74.711537,73.940443,74.468323,74.468323,9033644
2017-06-07,74.468323,75.826740,74.089336,75.442794,75.442794,7307463
2017-06-08,75.442794,75.991665,75.272232,75.820249,75.820249,4642853
2017-06-09,75.820249,77.319792,75.761477,77.259904,77.259904,9417542
2017-06-12,77.259904,77.478475,76.740159,76.957876,76.957876,2902020
2017-06-13,76.957876,77.103717,76.750682,76.896408,76.896408,3849775
2017-06-14,76.896408,78.040746,76.494181,77.634658,77.634658,8231089
2017-06-15,77.634658,77.767817,77.382162,77.515117,77.515117,6804411
2017-06-16,77.515117,77.541872,76.875459,76.902003,76.902003,7231188
2017-06-19,76.902003,77.552229,76.720404,77.369525,77.369525,9278709
2017-06-20,77.369525,78.719755,76.792370,78.136875,78.136875,4740984
2017-06-21,78.136875,79.188349,77.992301,79.042100,79.042100,9119572
2017-06-22,79.042100,79.371940,78.107905,78.435213,78.435213,9162722
2017-06-23,78.435213,78.757113,77.539066,77.858600,77.858600,2975203
2017-06-26,77.858600,79.327184,77.064125,78.525899,78.525899,2522009
2017-06-27,78.525899,78.696066,77.750288,77.919140,77.919140,7029394
2017-06-28,77.919140,78.125916,76.276078,76.479032,76.479032,5676331
2017-06-29,76.479032,77.572030,76.353722,77.445137,77.445137,6992566
2017-06-30,77.445137,78.755003,77.296044,78.603681,78.603681,4751553
2017-07-03,78.603681,80.204072,78.530721,80.129695,80.129695,5908111
2017-07-04,80.129695,80.278221,79.401899,79.549349,79.549349,6713743
2017-07-05,79.549349,80.117480,78.907654,79.475256,79.475256,6183340
2017-07-06,79.475256,81.839723,79.436644,81.799982,81.799982,3918529
2017-07-07,81.799982,82.051165,81.378745,81.629405,81.629405,7182021
2017-07-10,81.629405,82.762522,80.784591,81.914755,81.914755,4093357
2017-07-11,81.914755,82.016695,81.863956,81.965865,81.965865,5574827
2017-07-12,81.965865,82.083116,81.289936,81.406387,81.406387,5765806
2017-07-13,81.406387,82.217794,80.511440,81.322006,81.322006,4801411
2017-07-14,81.322006,81.562151,80.820832,81.060204,81.060204,4342477
2017-07-17,81.060204,81.194079,80.919466,81.053330,81.053330,3896040
2017-07-18,81.053330,81.837424,81.009815,81.793512,81.793512,4303460
2017-07-19,81.793512,81.966296,81.435226,81.607616,81.607616,4932898
2017-07-20,81.607616,81.770163,80.155362,80.315334,80.315334,4435348
2017-07-21,80.315334,80.695759,78.977818,79.353688,79.353688,3216766
2017-07-24,79.353688,79.940706,79.347993,79.934969,79.934969,3020680
2017-07-25,79.934969,80.668670,79.453307,80.185498,80.185498,9032771
2017-07-26,80.185498,80.808090,80.025739,80.647411,80.647411,7048908
2017-07-27,80.647411,81.908650,79.852300,81.108988,81.108988,4317267
2017-07-28,81.108988,81.643251,81.061231,81.595208,81.595208,7229569
2017-07-31,81.595208,82.017747,81.391941,81.813936,81.813936,5561370
2017-08-01,81.813936,81.876105,81.440291,81.502223,81.502223,4460928
2017-08-02,81.502223,82.710457,81.160304,82.364918,82.364918,3478681
2017-08-03,82.364918,83.603964,81.973297,83.208333,83.208333,6607889
2017-08-04,83.208333,83.802765,82.333677,82.926093,82.926093,5074912
2017-08-07,82.926093,84.406529,82.638535,84.114849,84.114849,7930088
2017-08-08,84.114849,85.974242,83.750832,85.603781,85.603781,5820063
2017-08-09,85.603781,86.728372,85.323637,86.445473,86.445473,7910142
2017-08-10,86.445473,89.607627,85.310132,88.446011,88.446011,4800014
2017-08-11,88.446011,89.848379,87.715619,89.112483,89.112483,8859585
2017-08-14,89.112483,89.403386,88.449640,88.739326,88.739326,5067486
2017-08-15,88.739326,89.192423,88.633479,89.086162,89.086162,4679560
2017-08-16,89.086162,89.392632,88.801008,89.107410,89.107410,5841155
2017-08-17,89.107410,89.520466,88.452280,88.864209,88.864209,7501551
2017-08-18,88.864209,90.020293,88.592158,89.745543,89.745543,9605629
2017-08-21,89.745543,92.379585,89.430053,92.055972,92.055972,3515504
2017-08-22,92.055972,92.181674,91.110940,91.235522,91.235522,5985309
2017-08-23,91.235522,91.956445,89.901367,90.617406,90.617406,6636423
2017-08-24,90.617406,91.330740,88.861571,89.566633,89.566633,4169634
2017-08-25,89.566633,89.885906,88.638242,88.955336,88.955336,4543371
2017-08-28,88.955336,89.682377,88.540522,89.266115,89.266115,8749921
2017-08-29,89.266115,93.233176,88.697955,92.643520,92.643520,10187150
2017-08-30,92.643520,92.762408,92.105843,92.224193,92.224193,8465662
2017-08-31,92.224193,92.272941,91.256655,91.304917,91.304917,2994292
2017-09-01,91.304917,92.044898,90.907895,91.646391,91.646391,11415045
2017-09-04,91.646391,92.369433,91.421322,92.143144,92.143144,9353272
2017-09-05,92.143144,92.861965,91.741459,92.458904,92.458904,6383403
2017-09-06,92.458904,92.526937,91.584535,91.651975,91.651975,5713606
2017-09-07,91.651975,91.968539,91.453739,91.770048,91.770048,6775270
2017-09-08,91.770048,92.224659,90.850162,91.302456,91.302456,5299837
2017-09-11,91.302456,92.523751,91.161811,92.381444,92.381444,4072503
2017-09-12,92.381444,93.847241,92.197490,93.660740,93.660740,12366707
2017-09-13,93.660740,93.715613,92.068941,92.122913,92.122913,7143197
2017-09-14,92.122913,92.223737,92.058182,92.158980,92.158980,3145380
2017-09-15,92.158980,92.554478,92.094368,92.489635,92.489635,9079635
2017-09-18,92.489635,93.952656,92.352105,93.813158,93.813158,2685343
2017-09-19,93.813158,96.028200,93.601382,95.811913,95.811913,6848705
2017-09-20,95.811913,96.207289,95.281304,95.676119,95.676119,4882955
2017-09-21,95.676119,96.386261,94.969170,95.679288,95.679288,5887570
2017-09-22,95.679288,96.046172,94.083861,94.446015,94.446015,2870230
2017-09-25,94.446015,95.337730,93.696652,94.587246,94.587246,5732828
2017-09-26,94.587246,94.825995,94.503112,94.741724,94.741724,6803864
2017-09-27,94.741724,95.736759,94.190630,95.183098,95.183098,8186113
2017-09-28,95.183098,95.802999,94.508643,95.128187,95.128187,4280959
2017-09-29,95.128187,95.939799,94.582381,95.392476,95.392476,7070149
2017-10-02,95.392476,95.790417,95.303962,95.701616,95.701616,4099734
2017-10-03,95.701616,96.072245,95.026372,95.395816,95.395816,2699265
2017-10-04,95.395816,96.188810,93.109416,93.889892,93.889892,5774802
2017-10-05,93.889892,94.011179,93.633773,93.754886,93.754886,4409906
2017-10-06,93.754886,93.901712,93.305320,93.451671,93.451671,4750390
2017-10-09,93.451671,93.714597,91.798596,92.057600,92.057600,4234440
2017-10-10,92.057600,92.808861,89.966588,90.706827,90.706827,4713415
2017-10-11,90.706827,94.141820,90.659718,94.092953,94.092953,11182303
2017-10-12,94.092953,94.396521,93.154793,93.456307,93.456307,4245232
2017-10-13,93.456307,94.570366,93.004854,94.115727,94.115727,4060567
2017-10-16,94.115727,94.489628,91.849344,92.215696,92.215696,10605007
2017-10-17,92.215696,92.557698,91.515927,91.856597,91.856597,13026845
2017-10-18,91.856597,92.469045,89.107241,89.705346,89.705346,8180418
2017-10-19,89.705346,89.824802,89.348265,89.467404,89.467404,5417661
2017-10-20,89.467404,89.739461,88.794857,89.065692,89.065692,5494710
2017-10-23,89.065692,90.493643,88.612952,90.035971,90.035971,8654884
2017-10-24,90.035971,90.242936,88.539747,88.743741,88.743741,13796839
2017-10-25,88.743741,89.127716,88.578558,88.962126,88.962126,5913150
2017-10-26,88.962126,90.344983,88.364085,89.741701,89.741701,4281857
2017-10-27,89.741701,90.244075,89.596287,90.098083,90.098083,5335637
2017-10-30,90.098083,93.971260,89.855624,93.719056,93.719056,4492869
2017-10-31,93.719056,94.448905,93.610112,94.339239,94.339239,5501771
2017-11-01,94.339239,94.614959,92.091653,92.361593,92.361593,6186496
2017-11-02,92.361593,93.499050,91.793937,92.927913,92.927913,9145781
2017-11-03,92.927913,93.144408,92.827787,93.044157,93.044157,4385916
2017-11-06,93.044157,93.677045,92.896687,93.528807,93.528807,4184224
2017-11-07,93.528807,94.446828,92.773072,93.689793,93.689793,2831641
2017-11-08,93.689793,93.695173,92.041040,92.046325,92.046325,8737292
2017-11-09,92.046325,93.387632,91.626508,92.963632,92.963632,9302750
2017-11-10,92.963632,93.062942,92.040098,92.138526,92.138526,7963834
2017-11-13,92.138526,92.952215,92.015402,92.828169,92.828169,6373476
2017-11-14,92.828169,94.206784,92.377830,93.751963,93.751963,5871342
2017-11-15,93.751963,95.461615,93.294237,94.997806,94.997806,8057497
2017-11-16,94.997806,96.771394,94.982125,96.755423,96.755423,4304042
2017-11-17,96.755423,97.016315,95.930297,96.189664,96.189664,6916447
2017-11-20,96.189664,96.680004,91.769324,92.239527,92.239527,6278231
2017-11-21,92.239527,92.271061,91.779041,91.810429,91.810429,7224765
2017-11-22,91.810429,93.671484,91.657673,93.515890,93.515890,3205438
2017-11-23,93.515890,93.554699,93.116947,93.155606,93.155606,5632018
2017-11-24,93.155606,94.386508,92.769255,93.996669,93.996669,8999103
2017-11-27,93.996669,94.892677,93.984265,94.880157,94.880157,7325879
2017-11-28,94.880157,95.647051,94.546152,95.311527,95.311527,7136846
2017-11-29,95.311527,95.392108,93.791845,93.871208,93.871208,6103165
2017-11-30,93.871208,95.910273,93.599064,95.633021,95.633021,5116007
2017-12-01,95.633021,96.886205,95.262866,96.512645,96.512645,7656982
2017-12-04,96.512645,96.638609,96.359906,96.485836,96.485836,8363130
2017-12-05,96.485836,96.713847,95.907195,96.134376,96.134376,3298351
2017-12-06,96.134376,96.402231,94.993699,95.259116,95.259116,5537229
2017-12-07,95.259116,96.096263,94.443789,95.280752,95.280752,8732331
2017-12-08,95.280752,96.160362,95.209478,96.088484,96.088484,10004114
2017-12-11,96.088484,96.429777,95.437430,95.777618,95.777618,8609458
2017-12-12,95.777618,96.368431,95.705690,96.296114,96.296114,6290583
2017-12-13,96.296114,96.520394,94.880157,95.101655,95.101655,8377634
2017-12-14,95.101655,95.880826,94.810136,95.587816,95.587816,4398419
2017-12-15,95.587816,96.634489,95.584959,96.631601,96.631601,6147195
2017-12-18,96.631601,98.359751,96.240758,97.963521,97.963521,7359013
2017-12-19,97.963521,98.241122,96.984865,97.260474,97.260474,6994947
2017-12-20,97.260474,98.706252,96.503096,97.943555,97.943555,5487307
2017-12-21,97.943555,98.136496,97.729841,97.922741,97.922741,4561608
2017-12-22,97.922741,98.219524,97.405131,97.701243,97.701243,6805376
2017-12-25,97.701243,97.949203,97.647635,97.895488,97.895488,6011899
2017-12-26,97.895488,97.994136,97.838520,97.937143,97.937143,4738658
2017-12-27,97.937143,98.021122,95.872532,95.954811,95.954811,3526248
2017-12-28,95.954811,96.821305,95.680490,96.545295,96.545295,5923931
2017-12-29,96.545295,98.783851,96.067473,98.297357,98.297357,6343526
2018-01-01,98.297357,98.385377,98.040072,98.127940,98.127940,4810381
2018-01-02,98.127940,99.845884,97.839697,99.553453,99.553453,6028060
2018-01-03,99.553453,100.979264,99.459497,100.884052,100.884052,5497823
2018-01-04,100.884052,101.614288,100.541301,101.270225,101.270225,6737764
2018-01-05,101.270225,101.460354,99.966912,100.154947,100.154947,5139294
2018-01-08,100.154947,100.270911,99.009839,99.124610,99.124610,6630245
2018-01-09,99.124610,99.426874,97.248076,97.545525,97.545525,7344855
2018-01-10,97.545525,99.238586,97.543922,99.236956,99.236956,4728390
2018-01-11,99.236956,99.506747,98.841808,99.111258,99.111258,11206628
2018-01-12,99.111258,100.161505,99.027359,100.076788,100.076788,2844594
2018-01-15,100.076788,100.665693,99.892811,100.480973,100.480973,6688848
2018-01-16,100.480973,101.188281,99.880203,100.586878,100.586878,2467252
2018-01-17,100.586878,100.753405,99.863594,100.029198,100.029198,7304991
2018-01-18,100.029198,100.606403,99.237967,99.813930,99.813930,7758060
2018-01-19,99.813930,100.065796,99.624038,99.875787,99.875787,7106885
2018-01-22,99.875787,99.941021,99.023991,99.088711,99.088711,4252297
2018-01-23,99.088711,99.438113,98.882071,99.231176,99.231176,6412981
2018-01-24,99.231176,100.229122,97.993733,98.989246,98.989246,4884440
2018-01-25,98.989246,100.273918,98.507651,99.788435,99.788435,8165730
2018-01-26,99.788435,100.121479,99.337942,99.670593,99.670593,14743203
2018-01-29,99.670593,100.437198,99.321858,100.087007,100.087007,8763867
2018-01-30,100.087007,100.550236,98.120657,98.576897,98.576897,5007494
2018-01-31,98.576897,98.829206,97.512382,97.762607,97.762607,6316692
2018-02-01,97.762607,98.631978,97.445798,98.313384,98.313384,4186502
2018-02-02,98.313384,98.746538,97.094705,97.524382,97.524382,6578135
2018-02-05,97.524382,98.889828,97.430711,98.794936,98.794936,4644660
2018-02-06,98.794936,100.689801,98.598814,100.490313,100.490313,10802615
2018-02-07,100.490313,101.560907,100.384366,101.453943,101.453943,4691422
2018-02-08,101.453943,102.106708,101.258490,101.910376,101.910376,6949664
2018-02-09,101.910376,102.245286,100.911137,101.243857,101.243857,3553582
2018-02-12,101.243857,102.779929,100.917272,102.449455,102.449455,3686664
2018-02-13,102.449455,103.767635,102.040397,103.354961,103.354961,3483379
2018-02-14,103.354961,103.988012,103.354189,103.987235,103.987235,6364819
2018-02-15,103.987235,104.286564,103.688226,103.987555,103.987555,3057293
2018-02-16,103.987555,104.613402,103.980493,104.606298,104.606298,5147674
2018-02-19,104.606298,109.117762,104.151341,108.645239,108.645239,3701730
2018-02-20,108.645239,108.848533,107.325427,107.526628,107.526628,8828851
2018-02-21,107.526628,107.581822,107.430181,107.485354,107.485354,9608147
2018-02-22,107.485354,109.789779,107.181166,109.479947,109.479947,6651002
2018-02-23,109.479947,112.330595,109.272958,112.118618,112.118618,8401653
2018-02-26,112.118618,112.269931,111.070758,111.220860,111.220860,7596777
2018-02-27,111.220860,111.602663,109.221811,109.598043,109.598043,8093271
2018-02-28,109.598043,109.986600,108.406310,108.792009,108.792009,3583132
2018-03-01,108.792009,109.327822,107.592242,108.124768,108.124768,4362561
2018-03-02,108.124768,109.464224,107.556418,108.891842,108.891842,3817613
2018-03-05,108.891842,109.379440,107.912454,108.397841,108.397841,4288382
2018-03-06,108.397841,110.974263,107.927220,110.494540,110.494540,4657695
2018-03-07,110.494540,110.623034,107.850865,107.976430,107.976430,5583612
2018-03-08,107.976430,108.891489,107.932830,108.847538,108.847538,6405549
2018-03-09,108.847538,109.651196,106.166675,106.956370,106.956370,4159492
2018-03-12,106.956370,108.016089,106.431212,107.488319,107.488319,5084102
2018-03-13,107.488319,108.020451,107.167189,107.698693,107.698693,7911600
2018-03-14,107.698693,107.713259,106.685610,106.700041,106.700041,5579362
2018-03-15,106.700041,108.240970,106.464402,108.002455,108.002455,6796387
2018-03-16,108.002455,108.624658,107.577691,108.199121,108.199121,5037827
2018-03-19,108.199121,108.337792,107.779350,107.917660,107.917660,3995950
2018-03-20,107.917660,109.544469,107.756784,109.381411,109.381411,9633831
2018-03-21,109.381411,109.490416,108.197841,108.305774,108.305774,6672948
2018-03-22,108.305774,108.745257,106.615605,107.049992,107.049992,6583197
2018-03-23,107.049992,107.215820,106.410577,106.575671,106.575671,5671087
2018-03-26,106.575671,107.833665,106.559421,107.817227,107.817227,6240179
2018-03-27,107.817227,107.901575,107.616665,107.700922,107.700922,9402615
2018-03-28,107.700922,108.492085,107.283394,108.073113,108.073113,10431038
2018-03-29,108.073113,108.655076,106.334061,106.909759,106.909759,4627184
2018-03-30,106.909759,107.080178,106.638815,106.809074,106.809074,3249746
2018-04-02,106.809074,109.026903,106.727822,108.944027,108.944027,7735586
2018-04-03,108.944027,109.754644,108.716807,109.526210,109.526210,5037260
2018-04-04,109.526210,113.622676,108.407192,112.473546,112.473546,3154523
2018-04-05,112.473546,113.189781,110.935266,111.646233,111.646233,5812376
2018-04-06,111.646233,112.409990,110.831717,111.595124,111.595124,8170635
2018-04-09,111.595124,111.669787,111.254689,111.329174,111.329174,9777915
2018-04-10,111.329174,111.440742,110.290133,110.400770,110.400770,2449744
2018-04-11,110.400770,110.734418,110.379627,110.713215,110.713215,4667378
2018-04-12,110.713215,111.778534,110.481377,111.544954,111.544954,8382227
2018-04-13,111.544954,112.019357,110.852294,111.325764,111.325764,5708413
2018-04-16,111.325764,111.839409,110.196859,110.707652,110.707652,5180835
2018-04-17,110.707652,112.551712,109.824308,111.660763,111.660763,4214461
2018-04-18,111.660763,111.688184,111.581969,111.609377,111.609377,9614522
2018-04-19,111.609377,112.166399,111.413667,111.970057,111.970057,4711955
2018-04-20,111.970057,112.318847,111.103364,111.450535,111.450535,4990699
2018-04-23,111.450535,112.241696,111.050077,111.839839,111.839839,7287964
2018-04-24,111.839839,112.508144,110.094155,110.755984,110.755984,4048007
2018-04-25,110.755984,110.890851,109.975987,110.110068,110.110068,8623267
2018-04-26,110.110068,110.231302,109.740095,109.861055,109.861055,12782156
2018-04-27,109.861055,109.955965,108.592049,108.685944,108.685944,3531378
2018-04-30,108.685944,108.900339,106.108434,106.318159,106.318159,7183227
2018-05-01,106.318159,108.246045,105.925033,107.847265,107.847265,9620211
2018-05-02,107.847265,109.132546,107.834741,109.119874,109.119874,4582334
2018-05-03,109.119874,109.912448,108.766437,109.557593,109.557593,4641530
2018-05-04,109.557593,111.439046,109.075978,110.951304,110.951304,10060436
2018-05-07,110.951304,111.087992,110.592430,110.728844,110.728844,3959467
2018-05-08,110.728844,111.151352,107.330318,107.741427,107.741427,6540384
2018-05-09,107.741427,109.361744,107.195377,108.810277,108.810277,3208683
2018-05-10,108.810277,109.620120,108.509498,109.317938,109.317938,3335317
2018-05-11,109.317938,109.831382,108.430414,108.942092,108.942092,8518196
2018-05-14,108.942092,109.476628,108.733336,109.267250,109.267250,5140413
2018-05-15,109.267250,109.866245,109.154531,109.753025,109.753025,6102178
2018-05-16,109.753025,111.406326,109.728356,111.381291,111.381291,3900039
2018-05-17,111.381291,112.513900,110.250793,111.383380,111.383380,6509447
2018-05-18,111.383380,111.725505,110.928126,111.269902,111.269902,4266170
2018-05-21,111.269902,111.272540,109.830620,109.833224,109.833224,6243808
2018-05-22,109.833224,110.993904,109.640772,110.799758,110.799758,5497035
2018-05-23,110.799758,111.046700,110.253857,110.500131,110.500131,5809712
2018-05-24,110.500131,110.636049,110.272822,110.408628,110.408628,2963212
2018-05-25,110.408628,111.065675,109.430375,110.085500,110.085500,4862679
2018-05-28,110.085500,111.080300,109.643943,110.636533,110.636533,7149933
2018-05-29,110.636533,110.758422,107.695107,107.813886,107.813886,7578882
2018-05-30,107.813886,108.358490,107.773305,108.317719,108.317719,2978363
2018-05-31,108.317719,108.777143,107.649039,108.107572,108.107572,8449376
2018-06-01,108.107572,109.352430,104.523205,105.740811,105.740811,5793280
2018-06-04,105.740811,106.563117,105.581089,106.402396,106.402396,4516266
2018-06-05,106.402396,107.159584,106.214495,106.970679,106.970679,5837593
2018-06-06,106.970679,108.819502,106.660970,108.505349,108.505349,5736619
2018-06-07,108.505349,108.841099,108.279092,108.614614,108.614614,8431777
2018-06-08,108.614614,109.181977,106.591451,107.151169,107.151169,5737681
2018-06-11,107.151169,107.216912,105.430492,105.495219,105.495219,6526413
2018-06-12,105.495219,106.137818,105.029126,105.670949,105.670949,5079610
2018-06-13,105.670949,106.470856,105.580035,106.379333,106.379333,4094947
2018-06-14,106.379333,106.402562,105.721786,105.744877,105.744877,4359230
2018-06-15,105.744877,106.931214,105.423548,106.607265,106.607265,9903069
2018-06-18,106.607265,106.888343,105.150753,105.428725,105.428725,4393099
2018-06-19,105.428725,106.602495,104.602160,105.773229,105.773229,4572786
2018-06-20,105.773229,105.995635,103.844015,104.062825,104.062825,4065372
2018-06-21,104.062825,104.132249,103.107448,103.176281,103.176281,4918713
2018-06-22,103.176281,103.769878,102.315972,102.908026,102.908026,4579838
2018-06-25,102.908026,103.525295,101.328748,101.940212,101.940212,5542860
2018-06-26,101.940212,102.621727,101.560230,102.240625,102.240625,8451302
2018-06-27,102.240625,102.307929,101.355302,101.422068,101.422068,8274241
2018-06-28,101.422068,102.136298,100.928654,101.641815,101.641815,5117756
2018-06-29,101.641815,102.375749,101.491678,102.224752,102.224752,6901056
2018-07-02,102.224752,102.943867,102.007634,102.725685,102.725685,15577420
2018-07-03,102.725685,103.237588,101.677202,102.186417,102.186417,3761962
2018-07-04,102.186417,102.865166,101.767748,102.445436,102.445436,4707931
2018-07-05,102.445436,102.706342,102.319112,102.579853,102.579853,5472957
2018-07-06,102.579853,103.112991,101.391638,101.921354,101.921354,5690675
2018-07-09,101.921354,102.775926,101.899824,102.754220,102.754220,7438981
2018-07-10,102.754220,103.298842,101.845871,102.388556,102.388556,6142884
2018-07-11,102.388556,102.685350,101.656369,101.951897,101.951897,4229249
2018-07-12,101.951897,104.044060,101.429374,103.513533,103.513533,4626331
2018-07-13,103.513533,104.107109,101.818106,102.405327,102.405327,4342597
2018-07-16,102.405327,103.022050,102.350743,102.967165,102.967165,6265063
2018-07-17,102.967165,104.728168,102.649447,104.406010,104.406010,3735207
2018-07-18,104.406010,104.914060,101.597383,102.094184,102.094184,4524723
2018-07-19,102.094184,103.346244,102.053301,103.304876,103.304876,8182296
2018-07-20,103.304876,103.871413,103.037842,103.603606,103.603606,8179276
2018-07-23,103.603606,104.241835,103.407891,104.045286,104.045286,5185237
2018-07-24,104.045286,104.533767,103.434311,103.922214,103.922214,8215177
2018-07-25,103.922214,104.163768,103.893357,104.134852,104.134852,3194119
2018-07-26,104.134852,104.842035,103.802379,104.508370,104.508370,4988723
2018-07-27,104.508370,105.163775,104.183067,104.837448,104.837448,7944606
2018-07-30,104.837448,104.861947,104.529087,104.553520,104.553520,8151701
2018-07-31,104.553520,104.624382,101.933859,102.002993,102.002993,5901053
2018-08-01,102.002993,102.176097,101.453099,101.625563,101.625563,4487086
2018-08-02,101.625563,102.795312,101.006904,102.173319,102.173319,8710875
2018-08-03,102.173319,103.331743,101.785225,102.940734,102.940734,9103359
2018-08-06,102.940734,103.046568,101.721287,101.825974,101.825974,5823008
2018-08-07,101.825974,102.502708,101.367080,102.042836,102.042836,10056955
2018-08-08,102.042836,102.605861,101.028861,101.589384,101.589384,11345441
2018-08-09,101.589384,101.622150,100.403057,100.435451,100.435451,7095354
2018-08-10,100.435451,102.018357,100.123030,101.701997,101.701997,5689067
2018-08-13,101.701997,101.797104,101.208307,101.303040,101.303040,4883965
2018-08-14,101.303040,101.754391,100.477349,100.927026,100.927026,11742216
2018-08-15,100.927026,101.180301,100.772806,101.025931,101.025931,8154023
2018-08-16,101.025931,102.114175,100.860371,101.947105,101.947105,8844319
2018-08-17,101.947105,102.046040,101.714545,101.813350,101.813350,4710959
2018-08-20,101.813350,102.073712,101.208334,101.467812,101.467812,6861918
2018-08-21,101.467812,102.156577,99.540365,100.220664,100.220664,2911100
2018-08-22,100.220664,101.099321,100.107962,100.985758,100.985758,2838339
2018-08-23,100.985758,102.557138,100.860626,102.430215,102.430215,5753357
2018-08-24,102.430215,102.446124,101.795472,101.811285,101.811285,9333090
2018-08-27,101.811285,103.458203,101.693076,103.338221,103.338221,8964382
2018-08-28,103.338221,106.092157,102.821094,105.563892,105.563892,7331339
2018-08-29,105.563892,106.414708,105.413207,106.263026,106.263026,6359402
2018-08-30,106.263026,107.215769,105.967887,106.918808,106.918808,3271772
2018-08-31,106.918808,107.026282,106.650688,106.758001,106.758001,4601879
2018-09-03,106.758001,106.887990,103.889149,104.015798,104.015798,7463614
2018-09-04,104.015798,105.593198,103.901635,105.477430,105.477430,6912737
2018-09-05,105.477430,106.394936,105.343710,106.260224,106.260224,9636961
2018-09-06,106.260224,107.000140,105.084421,105.821282,105.821282,5496055
2018-09-07,105.821282,107.190643,105.725534,107.093744,107.093744,6026622
2018-09-10,107.093744,108.443122,106.663994,108.009697,108.009697,3948222
2018-09-11,108.009697,110.180113,107.874326,110.042195,110.042195,3532601
2018-09-12,110.042195,112.014897,109.257519,111.221810,111.221810,4359586
2018-09-13,111.221810,112.997214,110.945391,112.717080,112.717080,6952811
2018-09-14,112.717080,113.753566,110.132761,111.154881,111.154881,8842867
2018-09-17,111.154881,111.396758,110.680280,110.921649,110.921649,3137339
2018-09-18,110.921649,112.236339,110.486655,111.797909,111.797909,5758258
2018-09-19,111.797909,112.967001,110.042484,111.205381,111.205381,4266795
2018-09-20,111.205381,113.064970,111.050423,112.907641,112.907641,7100850
2018-09-21,112.907641,113.788955,112.832124,113.712899,113.712899,3922156
2018-09-24,113.712899,115.449733,113.652659,115.388605,115.388605,12146579
2018-09-25,115.388605,117.134970,114.299732,116.039951,116.039951,4963470
2018-09-26,116.039951,117.387972,115.724981,117.070206,117.070206,4650864
2018-09-27,117.070206,118.054393,116.353895,117.336453,117.336453,9153216
2018-09-28,117.336453,119.097058,116.820330,118.575485,118.575485,5239122
2018-10-01,118.575485,118.907823,115.991215,116.317225,116.317225,3159879
2018-10-02,116.317225,116.815189,116.287922,116.785768,116.785768,8314189
2018-10-03,116.785768,117.496925,115.777158,116.486493,116.486493,5766390
2018-10-04,116.486493,121.072440,116.464471,121.049556,121.049556,4641571
2018-10-05,121.049556,121.627169,117.840246,118.405241,118.405241,5689179
2018-10-08,118.405241,118.764954,115.654472,116.006898,116.006898,6627433
2018-10-09,116.006898,117.226738,115.872201,117.090783,117.090783,8303787
2018-10-10,117.090783,119.543807,116.662210,119.107851,119.107851,5988036
2018-10-11,119.107851,120.920379,118.709945,120.517763,120.517763,5069291
2018-10-12,120.517763,123.240254,120.459793,123.181004,123.181004,8995273
2018-10-15,123.181004,125.142490,122.837075,124.794057,124.794057,5743457
2018-10-16,124.794057,126.338067,123.981657,125.520935,125.520935,9741981
2018-10-17,125.520935,126.467862,124.040540,124.983413,124.983413,5237587
2018-10-18,124.983413,125.120384,120.973366,121.106088,121.106088,4293959
2018-10-19,121.106088,122.080958,120.852415,121.825777,121.825777,8922387
2018-10-22,121.825777,122.006941,121.244766,121.425334,121.425334,5940197
2018-10-23,121.425334,122.237056,121.105508,121.915938,121.915938,6982169
2018-10-24,121.915938,122.745189,119.747310,120.567389,120.567389,6508469
2018-10-25,120.567389,120.715798,119.889393,120.037150,120.037150,4734647
2018-10-26,120.037150,121.901963,119.989904,121.854002,121.854002,5240736
2018-10-29,121.854002,122.203926,121.296573,121.645899,121.645899,6552896
2018-10-30,121.645899,125.559801,121.084923,124.983434,124.983434,7311381
2018-10-31,124.983434,125.006154,124.135939,124.158509,124.158509,8806937
2018-11-01,124.158509,124.171941,120.990559,121.003650,121.003650,6868359
2018-11-02,121.003650,122.250305,120.592319,121.836143,121.836143,7406210
2018-11-05,121.836143,122.258004,121.396711,121.818510,121.818510,8337791
2018-11-06,121.818510,123.159362,121.228601,122.565834,122.565834,6756953
2018-11-07,122.565834,124.955047,122.510481,124.898641,124.898641,5303834
2018-11-08,124.898641,124.969467,123.799231,123.869474,123.869474,9826984
2018-11-09,123.869474,126.061948,123.842764,126.034770,126.034770,4764404
2018-11-12,126.034770,126.465396,126.025210,126.455804,126.455804,6938084
2018-11-13,126.455804,126.739461,126.174225,126.457878,126.457878,9899662
2018-11-14,126.457878,127.001071,124.591139,125.128623,125.128623,5387134
2018-11-15,125.128623,125.928319,122.768065,123.557722,123.557722,6054009
2018-11-16,123.557722,124.101526,123.554035,124.097822,124.097822,5519509
2018-11-19,124.097822,124.650226,122.279055,122.825796,122.825796,8022910
2018-11-20,122.825796,123.202792,120.357757,120.728315,120.728315,3105641
2018-11-21,120.728315,122.421729,119.974460,121.662044,121.662044,3323521
2018-11-22,121.662044,121.819980,121.493801,121.651723,121.651723,2196118
2018-11-23,121.651723,121.796736,121.374841,121.519697,121.519697,4037506
2018-11-26,121.519697,121.779880,121.412426,121.672474,121.672474,11053101
2018-11-27,121.672474,122.223440,121.355967,121.906324,121.906324,7455050
2018-11-28,121.906324,123.868334,121.659003,123.617541,123.617541,4981025
2018-11-29,123.617541,123.745776,123.420551,123.548715,123.548715,5301908
2018-11-30,123.548715,124.260284,122.802855,123.514226,123.514226,3087835
2018-12-03,123.514226,125.154485,122.954079,124.589461,124.589461,5398335
2018-12-04,124.589461,125.189624,123.888473,124.488147,124.488147,5413658
2018-12-05,124.488147,124.845408,120.477940,120.824687,120.824687,7245759
2018-12-06,120.824687,121.173670,120.138665,120.486671,120.486671,6232746
2018-12-07,120.486671,123.311001,119.408203,122.217044,122.217044,2572387
2018-12-10,122.217044,122.706738,119.898887,120.381225,120.381225,8555687
2018-12-11,120.381225,120.811491,119.817037,120.246822,120.246822,4361354
2018-12-12,120.246822,120.345682,119.272197,119.370336,119.370336,6001395
2018-12-13,119.370336,119.400493,119.156596,119.186707,119.186707,5333356
2018-12-14,119.186707,119.284415,118.829790,118.927286,118.927286,7079738
2018-12-17,118.927286,119.259471,116.543116,116.869554,116.869554,2637549
2018-12-18,116.869554,117.723471,116.801785,117.655246,117.655246,2025477
2018-12-19,117.655246,119.005064,117.250828,118.597407,118.597407,3816737
2018-12-20,118.597407,119.333001,118.176764,118.911245,118.911245,9306737
2018-12-21,118.911245,122.692416,118.448193,122.216493,122.216493,10317668
2018-12-24,122.216493,123.258036,122.085476,123.126044,123.126044,12543527
2018-12-25,123.126044,126.325172,123.092905,126.291182,126.291182,2773747
2018-12-26,126.291182,127.295612,124.770963,125.771258,125.771258,4721561
2018-12-27,125.771258,127.705546,125.417795,127.347653,127.347653,6107949
2018-12-28,127.347653,131.135665,126.144242,129.908058,129.908058,9229181
2018-12-31,129.908058,130.339348,127.775143,128.200765,128.200765,5502729
2019-01-01,128.200765,129.971217,127.573191,129.338075,129.338075,11462664
2019-01-02,129.338075,131.562765,129.215804,131.438507,131.438507,8319709
2019-01-03,131.438507,132.854002,128.240516,129.636605,129.636605,7639188
2019-01-04,129.636605,130.847870,128.907938,130.116505,130.116505,4494482
2019-01-07,130.116505,132.484426,129.727530,132.089553,132.089553,6627054
2019-01-08,132.089553,132.381132,131.992474,132.283911,132.283911,4217089
2019-01-09,132.283911,134.102639,132.245125,134.063331,134.063331,7300463
2019-01-10,134.063331,135.308126,133.864994,135.108242,135.108242,6437421
2019-01-11,135.108242,135.966003,132.937789,133.787163,133.787163,6526213
2019-01-14,133.787163,134.046733,131.399760,131.655194,131.655194,5500808
2019-01-15,131.655194,132.249265,131.603484,132.197343,132.197343,9891226
2019-01-16,132.197343,132.573527,132.139150,132.515195,132.515195,7009964
2019-01-17,132.515195,134.761300,132.443550,134.688481,134.688481,5680428
2019-01-18,134.688481,135.379806,133.970153,134.661340,134.661340,4074980
2019-01-21,134.661340,134.783231,131.926062,132.045586,132.045586,6367525
2019-01-22,132.045586,132.586592,130.079217,130.614360,130.614360,14295813
2019-01-23,130.614360,132.016575,130.458019,131.858744,131.858744,4067511
2019-01-24,131.858744,132.555996,127.788487,128.467807,128.467807,7056224
2019-01-25,128.467807,128.799892,126.702830,127.031201,127.031201,4626419
2019-01-28,127.031201,127.509604,124.669205,125.140487,125.140487,8494123
2019-01-29,125.140487,125.371291,124.136781,124.366156,124.366156,4964088
2019-01-30,124.366156,125.028873,124.078274,124.740125,124.740125,6049665
2019-01-31,124.740125,124.957382,124.044163,124.260584,124.260584,8888810
2019-02-01,124.260584,124.668903,124.237790,124.646037,124.646037,6068711
2019-02-04,124.646037,124.648665,123.704165,123.706772,123.706772,5450996
2019-02-05,123.706772,124.509784,123.487457,124.289436,124.289436,10645282
2019-02-06,124.289436,124.296027,121.901095,121.907560,121.907560,4890074
2019-02-07,121.907560,122.210335,121.379154,121.681367,121.681367,9036200
2019-02-08,121.681367,122.192434,119.995838,120.501951,120.501951,2915635
2019-02-11,120.501951,121.267705,119.481434,120.245558,120.245558,4444646
2019-02-12,120.245558,120.538516,119.620520,119.912667,119.912667,5997094
2019-02-13,119.912667,120.213944,119.401663,119.702411,119.702411,4514972
2019-02-14,119.702411,121.019841,119.125444,120.439322,120.439322,3521977
2019-02-15,120.439322,121.071062,119.943673,120.574855,120.574855,3831919
2019-02-18,120.574855,121.764737,120.529698,121.719151,121.719151,9620338
2019-02-19,121.719151,121.942923,120.825448,121.047986,121.047986,4602310
2019-02-20,121.047986,121.058170,120.732957,120.743115,120.743115,4003563
2019-02-21,120.743115,121.347469,118.691512,119.288586,119.288586,4404252
2019-02-22,119.288586,122.823292,118.398974,121.914100,121.914100,5043274
2019-02-25,121.914100,122.415585,120.548102,121.046016,121.046016,7563718
2019-02-26,121.046016,121.559392,120.937128,121.450141,121.450141,14168903
2019-02-27,121.450141,121.871986,117.374198,117.783307,117.783307,4440477
2019-02-28,117.783307,119.168130,117.464248,118.846191,118.846191,10781124
2019-03-01,118.846191,119.223054,118.057228,118.432779,118.432779,3136306
2019-03-04,118.432779,118.616204,116.286262,116.466641,116.466641,9660492
2019-03-05,116.466641,116.685830,115.258746,115.476071,115.476071,9904750
2019-03-06,115.476071,116.453482,115.112352,116.087836,116.087836,7827839
2019-03-07,116.087836,116.362840,112.922867,113.191009,113.191009,3434169
2019-03-08,113.191009,116.952715,113.033142,116.789829,116.789829,4107922
2019-03-11,116.789829,116.960644,116.598958,116.769744,116.769744,5459376
2019-03-12,116.769744,117.459181,116.655156,117.344029,117.344029,5628017
2019-03-13,117.344029,117.642752,114.888155,115.181373,115.181373,5599986
2019-03-14,115.181373,115.241844,112.081544,112.140419,112.140419,7940506
2019-03-15,112.140419,112.834348,109.935755,110.620277,110.620277,5370643
2019-03-18,110.620277,110.719501,110.444794,110.543950,110.543950,3541421
2019-03-19,110.543950,111.016920,108.340215,108.805748,108.805748,4395758
2019-03-20,108.805748,108.995713,107.416539,107.604407,107.604407,4251332
2019-03-21,107.604407,109.047633,107.275319,108.715149,108.715149,7848226
2019-03-22,108.715149,109.295561,108.596731,109.176640,109.176640,7239953
2019-03-25,109.176640,110.639082,108.440533,109.898111,109.898111,10153529
2019-03-26,109.898111,110.671730,109.610994,110.383346,110.383346,4144600
2019-03-27,110.383346,111.407593,109.285961,110.309523,110.309523,4798995
2019-03-28,110.309523,113.257298,109.570944,112.504026,112.504026,4764901
2019-03-29,112.504026,112.880027,112.035711,112.411403,112.411403,4469188
2019-04-01,112.411403,112.509644,112.003291,112.101261,112.101261,6127449
2019-04-02,112.101261,113.639568,111.944810,113.481191,113.481191,4273505
2019-04-03,113.481191,113.643859,112.636421,112.798110,112.798110,7231422
2019-04-04,112.798110,113.021610,112.362185,112.585263,112.585263,4621998
2019-04-05,112.585263,113.102855,112.289405,112.806416,112.806416,4932909
2019-04-08,112.806416,112.896106,111.106992,111.195401,111.195401,6129940
2019-04-09,111.195401,113.104975,110.490174,112.392157,112.392157,13803438
2019-04-10,112.392157,112.750861,112.103645,112.462169,112.462169,5443077
2019-04-11,112.462169,113.532156,111.617412,112.685719,112.685719,3155577
2019-04-12,112.685719,113.813019,112.521623,113.647521,113.647521,7528578
2019-04-15,113.647521,114.182184,112.831025,113.364356,113.364356,4526070
2019-04-16,113.364356,114.905303,113.124854,114.663057,114.663057,4805934
2019-04-17,114.663057,116.647729,114.401958,116.382714,116.382714,7475687
2019-04-18,116.382714,118.639255,115.564731,117.811231,117.811231,6728644
2019-04-19,117.811231,118.804397,117.611167,118.602987,118.602987,4845465
2019-04-22,118.602987,119.733366,118.388020,119.516743,119.516743,6149171
2019-04-23,119.516743,122.309727,119.130962,121.916201,121.916201,5705170
2019-04-24,121.916201,122.491629,120.656118,121.228299,121.228299,10964587
2019-04-25,121.228299,123.755573,120.622128,123.139844,123.139844,3014205
2019-04-26,123.139844,123.902472,122.745649,123.507101,123.507101,4047244
2019-04-29,123.507101,123.856316,123.345171,123.694140,123.694140,3852169
2019-04-30,123.694140,125.320161,123.586688,125.211391,125.211391,5444650
2019-05-01,125.211391,125.694245,123.036553,123.512858,123.512858,7952804
2019-05-02,123.512858,123.859121,122.400323,122.744432,122.744432,7316603
2019-05-03,122.744432,122.895047,121.679839,121.829331,121.829331,8671248
2019-05-06,121.829331,121.976319,121.677016,121.823997,121.823997,6845570
2019-05-07,121.823997,122.316782,119.537267,120.022766,120.022766,4616274
2019-05-08,120.022766,121.556961,119.668187,121.198907,121.198907,4806367
2019-05-09,121.198907,123.222922,121.166746,123.190231,123.190231,5459017
2019-05-10,123.190231,123.813631,121.230637,121.847241,121.847241,3648453
2019-05-13,121.847241,122.221864,121.760156,122.134573,122.134573,6486213
2019-05-14,122.134573,122.505806,121.322653,121.692542,121.692542,5229134
2019-05-15,121.692542,122.757307,121.153158,122.215605,122.215605,3478810
2019-05-16,122.215605,122.330863,121.675175,121.790032,121.790032,4408119
2019-05-17,121.790032,122.074096,121.471665,121.755649,121.755649,9461851
2019-05-20,121.755649,122.639160,120.289747,121.169001,121.169001,3634620
2019-05-21,121.169001,122.727443,120.263672,121.817270,121.817270,4954450
2019-05-22,121.817270,122.452724,121.572567,122.207237,122.207237,7647823
2019-05-23,122.207237,122.814576,118.220236,118.810695,118.810695,15449930
2019-05-24,118.810695,118.960953,117.591517,117.740421,117.740421,5858778
2019-05-27,117.740421,117.793031,115.169493,115.220977,115.220977,4147157
2019-05-28,115.220977,115.751980,114.546864,115.077204,115.077204,5888636
2019-05-29,115.077204,115.647297,113.667760,114.233674,114.233674,8045600
2019-05-30,114.233674,115.096193,113.828217,114.689119,114.689119,3102536
2019-05-31,114.689119,117.301672,113.623601,116.221913,116.221913,5408077
2019-06-03,116.221913,116.753791,115.864671,116.396014,116.396014,5349685
2019-06-04,116.396014,116.453613,114.922216,114.979114,114.979114,3945923
2019-06-05,114.979114,115.115926,114.089757,114.225673,114.225673,12458329
2019-06-06,114.225673,114.559731,113.437346,113.770072,113.770072,5345386
2019-06-07,113.770072,113.999180,112.753176,112.980694,112.980694,6814431
2019-06-10,112.980694,112.988754,112.610353,112.618387,112.618387,7700139
2019-06-11,112.618387,112.860002,111.970215,112.210956,112.210956,3709800
2019-06-12,112.210956,112.611443,111.993330,112.393463,112.393463,4290236
2019-06-13,112.393463,112.573525,112.038875,112.218657,112.218657,8609737
2019-06-14,112.218657,113.796896,111.996237,113.571795,113.571795,7260121
2019-06-17,113.571795,113.767582,113.096438,113.291742,113.291742,6523224
2019-06-18,113.291742,114.436244,112.946581,114.088654,114.088654,6278061
2019-06-19,114.088654,114.249117,112.004957,112.162711,112.162711,7943762
2019-06-20,112.162711,112.705573,109.671433,110.204818,110.204818,7757874
2019-06-21,110.204818,110.860565,109.382812,110.037564,110.037564,6237269
2019-06-24,110.037564,110.172736,109.880596,110.015741,110.015741,9007902
2019-06-25,110.015741,113.230344,108.897491,112.091000,112.091000,5355206
2019-06-26,112.091000,112.174187,109.563782,109.645153,109.645153,8314707
2019-06-27,109.645153,111.130532,109.346979,110.829139,110.829139,6203019
2019-06-28,110.829139,111.420164,109.163679,109.748944,109.748944,6501083
2019-07-01,109.748944,109.939451,108.433487,108.622038,108.622038,6998225
2019-07-02,108.622038,110.095726,107.920153,109.388886,109.388886,5608343
2019-07-03,109.388886,109.738703,108.946898,109.296420,109.296420,8742441
2019-07-04,109.296420,109.725628,109.242543,109.671566,109.671566,8878948
2019-07-05,109.671566,110.043108,109.520241,109.891480,109.891480,7047212
2019-07-08,109.891480,112.673055,109.250382,112.019543,112.019543,3543704
2019-07-09,112.019543,112.590606,111.273175,111.843339,111.843339,9570220
2019-07-10,111.843339,112.232925,108.708289,109.088278,109.088278,3557999
2019-07-11,109.088278,109.109896,108.418271,108.439761,108.439761,6076824
2019-07-12,108.439761,109.948268,108.310684,109.817551,109.817551,8529702
2019-07-15,109.817551,110.026084,109.158170,109.365845,109.365845,5377133
2019-07-16,109.365845,109.631964,108.397577,108.661984,108.661984,2960033
2019-07-17,108.661984,108.866281,108.610005,108.814229,108.814229,6127217
2019-07-18,108.814229,109.615408,104.071638,104.843581,104.843581,6867683
2019-07-19,104.843581,106.025683,104.039748,105.218971,105.218971,4754721
2019-07-22,105.218971,105.374650,105.105531,105.261164,105.261164,4163467
2019-07-23,105.261164,107.930994,105.030953,107.695458,107.695458,4793749
2019-07-24,107.695458,107.815576,106.740861,106.860047,106.860047,7265321
2019-07-25,106.860047,107.018665,106.115898,106.273645,106.273645,7452060
2019-07-26,106.273645,106.557098,106.182693,106.465982,106.465982,8156922
2019-07-29,106.465982,107.124983,106.099634,106.757631,106.757631,7474176
2019-07-30,106.757631,107.954204,106.427424,107.621326,107.621326,4095751
2019-07-31,107.621326,108.478996,105.994309,106.845798,106.845798,8719041
2019-08-01,106.845798,109.086155,106.354304,108.586653,108.586653,7813034
2019-08-02,108.586653,109.607184,107.667030,108.686713,108.686713,6563057
2019-08-05,108.686713,108.732445,108.132091,108.177608,108.177608,8718145
2019-08-06,108.177608,109.489784,107.824702,109.133759,109.133759,11863181
2019-08-07,109.133759,111.128680,109.127657,111.122467,111.122467,9838423
2019-08-08,111.122467,112.970477,110.993506,112.839524,112.839524,7954811
2019-08-09,112.839524,113.017422,112.195559,112.372721,112.372721,5207370
2019-08-12,112.372721,112.629405,112.015807,112.272261,112.272261,5372612
2019-08-13,112.272261,112.795865,112.249631,112.773134,112.773134,5757317
2019-08-14,112.773134,113.624335,111.905732,112.756809,112.756809,2943930
2019-08-15,112.756809,113.073099,112.540654,112.856753,112.856753,8765578
2019-08-16,112.856753,113.064415,111.599741,111.805469,111.805469,4630187
2019-08-19,111.805469,112.411613,111.504100,112.109425,112.109425,4917893
2019-08-20,112.109425,112.205070,110.521830,110.616201,110.616201,5263493
2019-08-21,110.616201,110.774835,110.433213,110.591812,110.591812,5970689
2019-08-22,110.591812,110.659757,109.554437,109.621786,109.621786,4738722
2019-08-23,109.621786,112.080479,108.535239,110.980464,110.980464,5172195
2019-08-26,110.980464,111.907678,110.614051,111.539419,111.539419,6203690
2019-08-27,111.539419,111.811098,111.440199,111.711725,111.711725,5564835
2019-08-28,111.711725,112.222362,111.502140,112.012213,112.012213,6982917
2019-08-29,112.012213,112.779219,111.603522,112.369226,112.369226,4703090
2019-08-30,112.369226,112.475827,112.027537,112.133914,112.133914,5720122
2019-09-02,112.133914,112.533501,111.984815,112.384069,112.384069,5930899
2019-09-03,112.384069,112.536067,111.334588,111.485371,111.485371,6661845
2019-09-04,111.485371,111.901042,110.687780,111.102022,111.102022,7830611
2019-09-05,111.102022,111.178259,110.456868,110.532714,110.532714,5492550
2019-09-06,110.532714,113.031952,109.916343,112.405139,112.405139,6517076
2019-09-09,112.405139,112.646385,110.642439,110.880412,110.880412,9852859
2019-09-10,110.880412,112.753526,110.730574,112.601363,112.601363,9367842
2019-09-11,112.601363,113.287049,112.493015,113.178147,113.178147,4180172
2019-09-12,113.178147,113.609996,112.328851,112.759101,112.759101,6850466
2019-09-13,112.759101,112.859637,111.881365,111.981208,111.981208,3862703
2019-09-16,111.981208,112.247953,111.833519,112.100107,112.100107,8093864
2019-09-17,112.100107,112.382729,110.968375,111.248851,111.248851,9520411
2019-09-18,111.248851,111.307932,111.095441,111.154472,111.154472,3172489
2019-09-19,111.154472,111.405203,111.103592,111.354232,111.354232,3442812
2019-09-20,111.354232,114.202051,111.287784,114.133945,114.133945,5588344
2019-09-23,114.133945,114.499676,113.265102,113.629216,113.629216,5684652
2019-09-24,113.629216,114.536591,113.542591,114.449342,114.449342,4173184
2019-09-25,114.449342,114.764758,114.228623,114.543857,114.543857,1904222
2019-09-26,114.543857,116.511749,114.110096,116.072200,116.072200,5307186
2019-09-27,116.072200,116.134014,115.190032,115.251409,115.251409,2617839
2019-09-30,115.251409,117.394807,113.666441,115.802262,115.802262,6915844
2019-10-01,115.802262,117.129340,114.909548,116.233303,116.233303,5571242
2019-10-02,116.233303,116.721602,114.711286,115.195224,115.195224,6234668
2019-10-03,115.195224,115.447486,113.010992,113.259014,113.259014,4518693
2019-10-04,113.259014,113.554418,113.175604,113.470852,113.470852,3812151
2019-10-07,113.470852,113.755056,112.817158,113.100434,113.100434,9455613
2019-10-08,113.100434,113.204544,112.034190,112.137413,112.137413,4564538
2019-10-09,112.137413,112.597371,112.130259,112.590188,112.590188,3290113
2019-10-10,112.590188,112.926765,112.550908,112.887381,112.887381,4766378
2019-10-11,112.887381,113.395123,112.467989,112.975404,112.975404,6742033
2019-10-14,112.975404,113.000386,112.237692,112.262517,112.262517,4271131
2019-10-15,112.262517,113.018102,111.010378,111.762598,111.762598,10988611
2019-10-16,111.762598,112.309419,110.451590,110.994653,110.994653,6689734
2019-10-17,110.994653,111.535040,110.945873,111.486044,111.486044,4388006
2019-10-18,111.486044,114.616118,111.060603,114.180396,114.180396,8747405
2019-10-21,114.180396,114.274211,111.490444,111.582124,111.582124,4250889
2019-10-22,111.582124,111.614169,110.761349,110.793167,110.793167,8473854
2019-10-23,110.793167,111.043599,110.241775,110.491525,110.491525,4586026
2019-10-24,110.491525,110.505318,109.969745,109.983474,109.983474,2643256
2019-10-25,109.983474,114.581543,109.828240,114.420046,114.420046,5220835
2019-10-28,114.420046,116.196443,114.084128,115.856307,115.856307,5071197
2019-10-29,115.856307,115.862783,115.755128,115.761598,115.761598,6630348
2019-10-30,115.761598,118.541085,115.379820,118.151425,118.151425,5773578
2019-10-31,118.151425,120.429183,118.030548,120.306102,120.306102,3928616
2019-11-01,120.306102,121.542640,120.266617,121.502763,121.502763,5754811
2019-11-04,121.502763,123.707624,121.353799,123.556143,123.556143,7561692
2019-11-05,123.556143,124.187230,123.097501,123.727950,123.727950,5416641
2019-11-06,123.727950,124.191215,123.725323,124.188579,124.188579,4602607
2019-11-07,124.188579,124.641982,121.624738,122.070408,122.070408,8725686
2019-11-08,122.070408,122.554351,121.592382,122.076302,122.076302,6328602
2019-11-11,122.076302,122.097718,120.997161,121.018391,121.018391,6149115
2019-11-12,121.018391,121.904880,120.685901,121.570873,121.570873,3381320
2019-11-13,121.570873,122.327070,121.175168,121.930196,121.930196,8157406
2019-11-14,121.930196,122.866489,121.900753,122.836827,122.836827,7622018
2019-11-15,122.836827,124.084379,122.595073,123.840650,123.840650,5876143
2019-11-18,123.840650,124.911128,122.976813,124.045860,124.045860,9831788
2019-11-19,124.045860,124.579754,122.029267,122.556753,122.556753,9675292
2019-11-20,122.556753,123.391840,121.599469,122.433717,122.433717,8409771
2019-11-21,122.433717,125.617581,122.180203,125.358012,125.358012,9387416
2019-11-22,125.358012,127.630972,125.127772,127.396988,127.396988,5653895
2019-11-25,127.396988,127.620234,126.289812,126.511506,126.511506,6180744
2019-11-26,126.511506,127.196440,126.479117,127.163883,127.163883,4068786
2019-11-27,127.163883,127.647946,127.068952,127.552725,127.552725,4597634
2019-11-28,127.552725,128.261324,126.286946,126.992433,126.992433,5827144
2019-11-29,126.992433,129.251667,126.475368,128.727538,128.727538,4905396
2019-12-02,128.727538,129.660234,125.551173,126.467494,126.467494,13326611
2019-12-03,126.467494,131.527435,126.409055,131.466686,131.466686,5626500
2019-12-04,131.466686,132.102942,130.738679,131.374488,131.374488,4408528
2019-12-05,131.374488,132.745959,131.008287,132.376963,132.376963,5597339
2019-12-06,132.376963,134.178692,131.985963,133.783538,133.783538,4009981
2019-12-09,133.783538,134.261704,132.617883,133.093583,133.093583,10331491
2019-12-10,133.093583,133.499228,130.532257,130.931312,130.931312,4376595
2019-12-11,130.931312,131.666285,130.618104,131.352071,131.352071,4958374
2019-12-12,131.352071,131.913900,129.383818,129.939606,129.939606,4416571
2019-12-13,129.939606,130.770201,129.718251,130.547811,130.547811,6629522
2019-12-16,130.547811,130.816069,130.042683,130.310454,130.310454,2933318
2019-12-17,130.310454,131.300622,130.106273,131.095211,131.095211,3739942
2019-12-18,131.095211,135.934288,130.206947,135.019433,135.019433,4405150
2019-12-19,135.019433,136.533015,134.987301,136.500530,136.500530,7851262
2019-12-20,136.500530,143.630586,135.797084,142.894191,142.894191,6407369
2019-12-23,142.894191,143.059421,141.524740,141.688575,141.688575,8187233
2019-12-24,141.688575,142.396484,140.765060,141.471885,141.471885,6567983
2019-12-25,141.471885,141.921794,140.626836,141.075484,141.075484,8280521
2019-12-26,141.075484,141.287308,138.002555,138.210076,138.210076,2722160
2019-12-27,138.210076,138.942289,138.166126,138.898121,138.898121,5777996
2019-12-30,138.898121,140.025865,134.137580,135.235588,135.235588,4530122
2019-12-31,135.235588,135.639323,134.322786,134.724997,134.724997,6726733
2020-01-01,134.724997,135.443639,132.136898,132.845515,132.845515,7906690
2020-01-02,132.845515,134.096926,132.664026,133.913978,133.913978,4262001
2020-01-03,133.913978,136.760667,133.130791,135.965482,135.965482,6154773
2020-01-06,135.965482,136.805058,132.769717,133.594654,133.594654,4893023
2020-01-07,133.594654,133.698651,133.439399,133.543356,133.543356,5887568
2020-01-08,133.543356,133.642706,132.553563,132.652250,132.652250,4798497
2020-01-09,132.652250,133.121213,132.128033,132.596800,132.596800,9068615
2020-01-10,132.596800,132.623786,132.596733,132.623719,132.623719,5018214
2020-01-13,132.623719,133.007926,130.003869,130.381580,130.381580,6279595
2020-01-14,130.381580,130.669178,130.298053,130.585520,130.585520,19705013
2020-01-15,130.585520,130.928217,130.259383,130.602039,130.602039,7857242
2020-01-16,130.602039,133.097118,130.329251,132.819698,132.819698,8187098
2020-01-17,132.819698,133.757095,132.750096,133.687038,133.687038,6940424
2020-01-20,133.687038,134.294207,132.570381,133.175225,133.175225,6448193
2020-01-21,133.175225,133.454647,133.116712,133.396037,133.396037,3904461
2020-01-22,133.396037,134.747850,133.214866,134.565092,134.565092,6428757
2020-01-23,134.565092,134.965977,133.738091,134.137702,134.137702,8409313
2020-01-24,134.137702,135.547343,133.832880,135.240016,135.240016,3614213
2020-01-27,135.240016,136.041250,134.763448,135.563542,135.563542,13092637
2020-01-28,135.563542,136.342173,134.571566,135.348965,135.348965,11612817
2020-01-29,135.348965,136.243083,135.166638,136.059798,136.059798,3504450
2020-01-30,136.059798,137.071938,135.918994,136.930233,136.930233,4892309
2020-01-31,136.930233,136.959222,136.069885,136.098697,136.098697,4924717
2020-02-03,136.098697,136.535566,135.834300,136.270834,136.270834,8032077
2020-02-04,136.270834,136.695568,135.036728,135.458931,135.458931,8301491
2020-02-05,135.458931,136.463036,134.553602,135.557052,135.557052,6545561
2020-02-06,135.557052,135.898541,131.647859,131.980337,131.980337,5029156
2020-02-07,131.980337,133.351650,131.077779,132.445909,132.445909,7247118
2020-02-10,132.445909,132.928141,129.333852,129.806474,129.806474,5612408
2020-02-11,129.806474,129.824149,128.603016,128.620529,128.620529,7792236
2020-02-12,128.620529,129.197590,128.116987,128.693761,128.693761,6060426
2020-02-13,128.693761,129.491564,128.432933,129.229649,129.229649,9753983
2020-02-14,129.229649,129.861831,128.446416,129.077856,129.077856,8433593
2020-02-17,129.077856,129.486375,128.573819,128.982035,128.982035,6281697
2020-02-18,128.982035,129.207102,128.208803,128.432912,128.432912,4841221
2020-02-19,128.432912,130.712452,128.257475,130.534145,130.534145,5237658
2020-02-20,130.534145,134.272958,130.113023,133.841167,133.841167,10431619
2020-02-21,133.841167,134.336380,120.937000,121.386129,121.386129,6356906
2020-02-24,121.386129,121.418009,120.187129,120.218702,120.218702,4578319
2020-02-25,120.218702,120.732073,118.978242,119.488495,119.488495,8455382
2020-02-26,119.488495,119.501779,107.101292,107.113200,107.113200,5997381
2020-02-27,107.113200,107.380002,105.432284,105.695555,105.695555,2566876
2020-02-28,105.695555,105.899774,100.143988,100.337855,100.337855,7148223
2020-03-02,100.337855,103.977429,100.035407,103.664952,103.664952,5594017
2020-03-03,103.664952,105.187765,103.236450,104.754758,104.754758,5474274
2020-03-04,104.754758,104.992970,96.728068,96.948529,96.948529,4184866
2020-03-05,96.948529,97.395814,88.230232,88.639181,88.639181,7843604
2020-03-06,88.639181,89.167570,84.587038,85.094296,85.094296,7902476
2020-03-09,85.094296,85.354715,75.669607,75.901894,75.901894,10515187
2020-03-10,75.901894,89.170877,75.744566,88.986427,88.986427,15120620
2020-03-11,88.986427,89.349890,86.473076,86.827722,86.827722,5611384
2020-03-12,86.827722,87.071049,82.945340,83.178441,83.178441,6701929
2020-03-13,83.178441,83.461634,82.743337,83.026011,83.026011,13314313
2020-03-16,83.026011,83.708971,80.505125,81.172841,81.172841,5700502
2020-03-17,81.172841,81.428572,79.249002,79.499461,79.499461,5896804
2020-03-18,79.499461,79.935689,75.966014,76.385153,76.385153,4963637
2020-03-19,76.385153,78.460623,75.978748,78.045385,78.045385,6811162
2020-03-20,78.045385,78.299950,77.169152,77.421682,77.421682,4111943
2020-03-23,77.421682,77.871627,70.663957,71.077028,71.077028,10019783
2020-03-24,71.077028,71.214586,70.912200,71.049705,71.049705,11708895
2020-03-25,71.049705,71.249645,70.410916,70.609618,70.609618,4883562
2020-03-26,70.609618,70.821781,69.252431,69.461144,69.461144,5650717
2020-03-27,69.461144,71.344309,69.395823,71.277281,71.277281,8156023
2020-03-30,71.277281,71.350420,70.886825,70.959638,70.959638,9675029
2020-03-31,70.959638,71.999506,70.550692,71.586944,71.586944,10158956
2020-04-01,71.586944,73.156232,71.165960,72.728535,72.728535,6017102
2020-04-02,72.728535,72.994492,72.155991,72.420823,72.420823,9861521
2020-04-03,72.420823,72.935145,71.188649,71.697836,71.697836,9102974
2020-04-06,71.697836,71.705226,71.024790,71.032111,71.032111,7980449
2020-04-07,71.032111,72.262194,70.911805,72.140012,72.140012,9399352
2020-04-08,72.140012,72.368706,70.455502,70.679566,70.679566,7337226
2020-04-09,70.679566,70.760399,68.807051,68.885833,68.885833,11651134
2020-04-10,68.885833,68.968265,67.966119,68.047548,68.047548,6255835
2020-04-13,68.047548,69.527048,67.823077,69.298450,69.298450,5129755
2020-04-14,69.298450,69.573945,68.693250,68.967428,68.967428,5590029
2020-04-15,68.967428,69.297846,68.207294,68.535643,68.535643,5991231
2020-04-16,68.535643,69.193902,68.269967,68.926710,68.926710,4480028
2020-04-17,68.926710,69.260805,68.567707,68.901681,68.901681,4342546
2020-04-20,68.901681,69.397887,68.787596,69.283171,69.283171,4552422
2020-04-21,69.283171,69.642176,69.055363,69.413937,69.413937,6612453
2020-04-22,69.413937,70.170076,69.194165,69.948611,69.948611,4896871
2020-04-23,69.948611,70.008201,69.633143,69.692515,69.692515,7307485
2020-04-24,69.692515,70.202585,69.686067,70.196091,70.196091,4987170
2020-04-27,70.196091,70.832538,69.446438,70.081849,70.081849,6651848
2020-04-28,70.081849,70.637483,68.632481,69.180972,69.180972,10216409
2020-04-29,69.180972,69.333962,68.906634,69.059354,69.059354,7905080
2020-04-30,69.059354,69.125989,68.101140,68.166914,68.166914,4183520
2020-05-01,68.166914,68.749309,67.791310,68.372572,68.372572,8133671
2020-05-04,68.372572,68.406242,68.244565,68.278189,68.278189,2958204
2020-05-05,68.278189,68.402535,67.069436,67.191805,67.191805,4519011
2020-05-06,67.191805,67.328542,65.441907,65.575355,65.575355,6654240
2020-05-07,65.575355,66.211487,65.558075,66.194045,66.194045,5242904
2020-05-08,66.194045,67.026574,65.801783,66.631719,66.631719,8052944
2020-05-11,66.631719,66.923996,66.079182,66.370313,66.370313,6183976
2020-05-12,66.370313,66.578860,65.339742,65.545698,65.545698,5683825
2020-05-13,65.545698,65.639630,64.656260,64.749050,64.749050,5938105
2020-05-14,64.749050,65.133910,63.618092,63.998490,63.998490,10604317
2020-05-15,63.998490,64.918689,63.824792,64.742970,64.742970,6286558
2020-05-18,64.742970,65.137930,64.499839,64.894231,64.894231,5779066
2020-05-19,64.894231,65.053812,64.339855,64.498462,64.498462,6907161
2020-05-20,64.498462,64.815225,64.316718,64.633102,64.633102,8238243
2020-05-21,64.633102,64.910417,64.467569,64.744598,64.744598,4911114
2020-05-22,64.744598,64.883678,64.434729,64.573440,64.573440,5338447
2020-05-25,64.573440,64.751784,62.974857,63.149268,63.149268,4924053
2020-05-26,63.149268,64.246923,63.013859,64.109455,64.109455,7618019
2020-05-27,64.109455,64.381013,64.089944,64.361424,64.361424,3511341
2020-05-28,64.361424,64.788225,63.801636,64.227549,64.227549,7274852
2020-05-29,64.227549,64.243137,64.045581,64.061128,64.061128,3531995
2020-06-01,64.061128,64.131728,62.993252,63.062751,63.062751,6282866
2020-06-02,63.062751,63.116543,62.353753,62.406986,62.406986,6078333
2020-06-03,62.406986,62.729735,61.328814,61.647636,61.647636,5726831
2020-06-04,61.647636,61.785495,59.905925,60.040189,60.040189,4630378
2020-06-05,60.040189,60.059358,60.038600,60.057769,60.057769,4405164
2020-06-08,60.057769,60.659414,59.339889,59.940358,59.940358,7274925
2020-06-09,59.940358,60.257410,59.882711,60.199513,60.199513,5088844
2020-06-10,60.199513,60.292010,60.060831,60.153257,60.153257,4099191
2020-06-11,60.153257,60.811314,59.396863,60.053833,60.053833,4468233
2020-06-12,60.053833,60.577851,59.978270,60.501725,60.501725,10372873
2020-06-15,60.501725,60.644631,59.657828,59.799074,59.799074,5992956
2020-06-16,59.799074,62.610110,59.741674,62.550069,62.550069,5610081
2020-06-17,62.550069,62.812375,61.970000,62.230968,62.230968,7185663
2020-06-18,62.230968,62.308152,61.944353,62.021277,62.021277,7932684
2020-06-19,62.021277,62.432377,61.417692,61.827507,61.827507,4735657
2020-06-22,61.827507,62.215994,61.728478,62.116501,62.116501,4593196
2020-06-23,62.116501,62.347152,61.663909,61.893733,61.893733,8160863
2020-06-24,61.893733,61.957382,61.131028,61.193957,61.193957,4451368
2020-06-25,61.193957,61.688068,61.132259,61.625935,61.625935,6314099
2020-06-26,61.625935,63.050081,61.216342,62.633790,62.633790,4283130
2020-06-29,62.633790,63.932752,62.570366,63.868078,63.868078,5747680
2020-06-30,63.868078,63.911598,63.501072,63.544371,63.544371,6419641
2020-07-01,63.544371,63.834159,62.617530,62.904399,62.904399,3154177
2020-07-02,62.904399,62.969188,62.843318,62.908103,62.908103,4952401
2020-07-03,62.908103,63.612300,62.770434,63.473393,63.473393,4325906
2020-07-06,63.473393,65.244348,62.976220,64.737275,64.737275,8556697
2020-07-07,64.737275,65.158304,64.598506,65.018931,65.018931,5745144
2020-07-08,65.018931,66.388840,64.865427,66.232470,66.232470,4228291
2020-07-09,66.232470,66.284416,65.464961,65.516346,65.516346,4888775
2020-07-10,65.516346,65.897735,65.249672,65.630597,65.630597,7310539
2020-07-13,65.630597,66.023390,65.438424,65.830632,65.830632,6896807
2020-07-14,65.830632,66.056696,65.584707,65.810703,65.810703,3771539
2020-07-15,65.810703,65.951488,65.194762,65.334529,65.334529,3824864
2020-07-16,65.334529,65.502282,65.324115,65.491842,65.491842,4458619
2020-07-17,65.491842,65.959438,65.394933,65.861981,65.861981,5423552
2020-07-20,65.861981,66.191686,65.446291,65.775564,65.775564,7777359
2020-07-21,65.775564,66.936206,65.675949,66.834987,66.834987,4644810
2020-07-22,66.834987,66.946703,66.715481,66.827183,66.827183,9662272
2020-07-23,66.827183,67.124912,66.068818,66.364486,66.364486,6184770
2020-07-24,66.364486,67.428210,65.974992,67.034783,67.034783,5020645
2020-07-27,67.034783,68.655111,66.336723,67.947546,67.947546,2042297
2020-07-28,67.947546,68.214216,67.340015,67.605341,67.605341,6162803
2020-07-29,67.605341,68.906763,67.240626,68.537022,68.537022,6795921
2020-07-30,68.537022,69.811502,68.074600,69.343638,69.343638,5949311
2020-07-31,69.343638,69.592654,68.502175,68.749056,68.749056,4429419
2020-08-03,68.749056,68.966486,68.502187,68.719523,68.719523,3728513
2020-08-04,68.719523,68.765643,68.677750,68.723867,68.723867,5403920
2020-08-05,68.723867,68.940902,68.709146,68.926138,68.926138,7306709
2020-08-06,68.926138,69.188836,68.369553,68.631126,68.631126,6370437
2020-08-07,68.631126,69.227515,67.380796,67.971452,67.971452,3667318
2020-08-10,67.971452,68.501411,67.653456,68.182428,68.182428,9354952
2020-08-11,68.182428,68.964626,67.703894,68.483976,68.483976,5280921
2020-08-12,68.483976,68.603555,68.014744,68.133712,68.133712,5802842
2020-08-13,68.133712,69.180512,67.727936,68.770941,68.770941,5624826
2020-08-14,68.770941,68.965396,67.597144,67.788822,67.788822,4795300
2020-08-17,67.788822,68.546462,67.739763,68.496890,68.496890,3208910
2020-08-18,68.496890,68.782122,67.770474,68.053860,68.053860,6277771
2020-08-19,68.053860,68.477056,67.793881,68.216456,68.216456,9494250
2020-08-20,68.216456,69.312285,68.087872,69.181881,69.181881,5780907
2020-08-21,69.181881,69.293265,68.379113,68.489382,68.489382,10930768
2020-08-24,68.489382,68.619060,68.291568,68.421117,68.421117,8192099
2020-08-25,68.421117,68.947470,68.363226,68.889183,68.889183,5714913
2020-08-26,68.889183,69.936854,68.713548,69.759001,69.759001,4781785
2020-08-27,69.759001,70.237738,69.613421,70.091464,70.091464,9620076
2020-08-28,70.091464,70.373499,69.239415,69.519147,69.519147,7059760
2020-08-31,69.519147,70.416328,69.401421,70.297285,70.297285,5590820
2020-09-01,70.297285,70.323317,70.275304,70.301334,70.301334,7945534
2020-09-02,70.301334,71.605826,70.180165,71.482621,71.482621,3880560
2020-09-03,71.482621,72.181161,70.980231,71.677402,71.677402,6275184
2020-09-04,71.677402,73.629192,71.520709,73.468583,73.468583,6814170
2020-09-07,73.468583,74.099095,72.783240,73.413277,73.413277,4305884
2020-09-08,73.413277,75.413452,72.944695,74.935155,74.935155,7214378
2020-09-09,74.935155,76.046047,74.498857,75.605843,75.605843,5800183
2020-09-10,75.605843,75.665569,75.289558,75.349081,75.349081,3816309
2020-09-11,75.349081,75.583545,75.194840,75.429140,75.429140,8682376
2020-09-14,75.429140,75.963873,74.250035,74.780167,74.780167,7295134
2020-09-15,74.780167,75.402316,74.288856,74.910151,74.910151,9627914
2020-09-16,74.910151,75.055101,74.141169,74.284909,74.284909,4875748
2020-09-17,74.284909,74.693607,74.154724,74.562935,74.562935,10081016
2020-09-18,74.562935,75.033783,74.477145,74.947551,74.947551,6047717
2020-09-21,74.947551,77.453480,74.060601,76.547594,76.547594,7314345
2020-09-22,76.547594,77.553517,76.137725,77.140474,77.140474,6358474
2020-09-23,77.140474,78.620147,76.681198,78.154832,78.154832,8342705
2020-09-24,78.154832,79.138335,77.638242,78.618679,78.618679,5421890
2020-09-25,78.618679,78.944095,77.975710,78.299806,78.299806,9941715
2020-09-28,78.299806,81.952032,78.093383,81.736549,81.736549,7588597
2020-09-29,81.736549,81.893429,81.528427,81.685209,81.685209,2666900
2020-09-30,81.685209,82.093161,79.916032,80.317153,80.317153,4877184
2020-10-01,80.317153,80.325518,79.211297,79.219548,79.219548,6641829
2020-10-02,79.219548,79.587150,79.131768,79.499061,79.499061,4515214
2020-10-05,79.499061,80.353682,79.182499,80.034985,80.034985,5499350
2020-10-06,80.034985,80.350932,79.028355,79.341564,79.341564,5341967
2020-10-07,79.341564,79.715558,79.161713,79.535267,79.535267,7922947
2020-10-08,79.535267,79.859813,78.915224,79.238559,79.238559,4039988
2020-10-09,79.238559,79.475359,77.301837,77.533542,77.533542,7792274
2020-10-12,77.533542,77.601230,77.026858,77.094162,77.094162,4533047
2020-10-13,77.094162,77.248145,76.484784,76.637856,76.637856,7895937
2020-10-14,76.637856,76.872180,73.481435,73.706798,73.706798,3817940
2020-10-15,73.706798,73.792407,70.149672,70.231244,70.231244,10063640
2020-10-16,70.231244,70.363651,70.222729,70.355120,70.355120,6848897
2020-10-19,70.355120,70.478430,68.968234,69.089326,69.089326,5614517
2020-10-20,69.089326,69.424444,68.073275,68.405075,68.405075,6590052
2020-10-21,68.405075,68.632735,68.085619,68.312972,68.312972,3920686
2020-10-22,68.312972,68.317020,67.306069,67.310058,67.310058,7217266
2020-10-23,67.310058,68.202304,67.284994,68.176917,68.176917,3560353
2020-10-26,68.176917,68.339354,67.915664,68.077865,68.077865,6150248
2020-10-27,68.077865,68.371621,67.968505,68.261965,68.261965,3601391
2020-10-28,68.261965,69.127438,67.813904,68.676655,68.676655,5066217
2020-10-29,68.676655,68.984587,67.527080,67.831221,67.831221,6433864
2020-10-30,67.831221,67.885385,67.721985,67.776105,67.776105,5168344
2020-11-02,67.776105,67.955480,67.397866,67.576713,67.576713,8362891
2020-11-03,67.576713,67.788650,66.228705,66.437068,66.437068,6560925
2020-11-04,66.437068,66.992686,66.299235,66.853988,66.853988,4828496
2020-11-05,66.853988,67.093420,66.633739,66.873108,66.873108,7140286
2020-11-06,66.873108,67.688185,66.669616,67.482838,67.482838,4902089
2020-11-09,67.482838,67.745737,67.248004,67.510806,67.510806,4648531
2020-11-10,67.510806,68.136830,65.501402,66.114478,66.114478,8936227
2020-11-11,66.114478,66.654921,66.045765,66.585718,66.585718,4344162
2020-11-12,66.585718,66.813323,66.498647,66.726069,66.726069,6676637
2020-11-13,66.726069,67.211112,66.664719,67.149374,67.149374,10113161
2020-11-16,67.149374,67.675841,67.103315,67.629453,67.629453,5811388
2020-11-17,67.629453,68.275565,67.485894,68.130942,68.130942,7209504
2020-11-18,68.130942,68.424061,68.079647,68.372585,68.372585,4723235
2020-11-19,68.372585,68.816118,67.435800,67.876113,67.876113,4877667
2020-11-20,67.876113,68.411804,67.211272,67.745935,67.745935,8716347
2020-11-23,67.745935,67.824232,67.320005,67.397900,67.397900,6177798
2020-11-24,67.397900,67.802311,67.332717,67.736801,67.736801,9531317
2020-11-25,67.736801,70.051547,67.396220,69.701090,69.701090,5208286
2020-11-26,69.701090,70.491442,69.231183,70.019389,70.019389,4274593
2020-11-27,70.019389,70.842460,69.522529,70.343301,70.343301,7287746
2020-11-30,70.343301,70.392236,70.262295,70.311207,70.311207,3369146
2020-12-01,70.311207,70.513300,69.798199,69.999396,69.999396,6193343
2020-12-02,69.999396,70.317011,68.684118,68.997186,68.997186,6640046
2020-12-03,68.997186,69.993154,68.787286,69.780870,69.780870,3716783
2020-12-04,69.780870,69.820040,68.683482,68.722058,68.722058,3295947
2020-12-07,68.722058,69.377971,68.415814,69.070176,69.070176,6467827
2020-12-08,69.070176,69.374661,67.653254,67.952814,67.952814,7547510
2020-12-09,67.952814,69.241811,67.939678,69.228428,69.228428,3543703
2020-12-10,69.228428,69.669112,67.989496,68.425066,68.425066,8414228
2020-12-11,68.425066,68.655274,67.959098,68.188510,68.188510,7893006
2020-12-14,68.188510,68.321356,67.884378,68.016890,68.016890,6702844
2020-12-15,68.016890,68.224123,67.531455,67.737837,67.737837,6595170
2020-12-16,67.737837,68.097979,67.382546,67.742662,67.742662,4418453
2020-12-17,67.742662,68.121220,66.958626,67.334905,67.334905,5102440
2020-12-18,67.334905,68.552453,67.230111,68.445930,68.445930,4343080
2020-12-21,68.445930,69.021697,67.726622,68.301170,68.301170,5438300
2020-12-22,68.301170,69.107055,67.754436,68.558262,68.558262,5925542
2020-12-23,68.558262,68.597430,68.075574,68.114489,68.114489,6388584
2020-12-24,68.114489,68.147550,66.689283,66.721669,66.721669,10624446
2020-12-25,66.721669,68.353354,66.610845,68.240009,68.240009,6909541
2020-12-28,68.240009,69.002743,68.065020,68.826251,68.826251,10610101
2020-12-29,68.826251,68.885484,67.180176,67.238043,67.238043,9358873
2020-12-30,67.238043,68.579913,66.858321,68.194787,68.194787,4131443
2020-12-31,68.194787,68.488088,67.329156,67.619984,67.619984,7753036
2021-01-01,67.619984,69.435928,67.072147,68.877900,68.877900,5003765
2021-01-04,68.877900,69.107386,67.757239,67.983747,67.983747,3492206
2021-01-05,67.983747,68.193893,66.561565,66.767954,66.767954,5501435
2021-01-06,66.767954,67.173889,66.158191,66.562879,66.562879,4937257
2021-01-07,66.562879,66.923385,66.343848,66.703890,66.703890,6473471
2021-01-08,66.703890,66.782182,66.329060,66.407004,66.407004,7010553
2021-01-11,66.407004,66.464176,66.389586,66.446748,66.446748,7111899
2021-01-12,66.446748,66.662439,66.220635,66.436292,66.436292,5385935
2021-01-13,66.436292,66.818210,66.312585,66.694023,66.694023,11846922
2021-01-14,66.694023,67.714348,66.282897,67.299490,67.299490,5469199
2021-01-15,67.299490,67.773305,66.975622,67.448719,67.448719,7348574
2021-01-18,67.448719,68.715686,66.973973,68.235403,68.235403,7012756
2021-01-19,68.235403,69.237976,67.908812,68.908165,68.908165,4616944
2021-01-20,68.908165,69.688240,68.871348,69.651026,69.651026,7400232
2021-01-21,69.651026,70.157978,68.921872,69.427194,69.427194,3650406
2021-01-22,69.427194,70.266896,68.865753,69.703223,69.703223,7231155
2021-01-25,69.703223,70.103798,68.964688,69.363310,69.363310,6865208
2021-01-26,69.363310,69.492528,68.466848,68.594634,68.594634,4999455
2021-01-27,68.594634,69.619052,68.318717,69.340136,69.340136,3136137
2021-01-28,69.340136,69.769670,69.153337,69.582219,69.582219,4560404
2021-01-29,69.582219,69.604780,68.177590,68.199704,68.199704,2350087
2021-02-01,68.199704,68.404447,67.952269,68.156883,68.156883,12539690
2021-02-02,68.156883,69.233501,67.824094,68.897097,68.897097,8576019
2021-02-03,68.897097,70.666215,68.749092,70.514735,70.514735,5672548
2021-02-04,70.514735,71.592115,70.249622,71.323959,71.323959,5226107
2021-02-05,71.323959,71.328183,70.634239,70.638422,70.638422,6478549
2021-02-08,70.638422,70.811470,70.485836,70.658840,70.658840,5806881
2021-02-09,70.658840,71.041368,70.555594,70.937715,70.937715,7749551
2021-02-10,70.937715,71.239523,70.418564,70.719444,70.719444,6194544
2021-02-11,70.719444,70.860557,70.352746,70.493408,70.493408,4721259
2021-02-12,70.493408,70.721467,69.864011,70.090768,70.090768,3111291
2021-02-15,70.090768,70.479788,69.822778,70.211337,70.211337,5424309
2021-02-16,70.211337,72.510112,69.707066,71.993045,71.993045,5131841
2021-02-17,71.993045,72.269221,71.799109,72.075064,72.075064,5855302
2021-02-18,72.075064,72.126940,71.865468,71.917231,71.917231,3517992
2021-02-19,71.917231,73.164704,71.862691,73.109260,73.109260,7901226
2021-02-22,73.109260,73.276172,73.023950,73.190766,73.190766,5107152
2021-02-23,73.190766,73.523161,71.824463,72.152140,72.152140,9511764
2021-02-24,72.152140,72.469674,71.518664,71.834801,71.834801,6007589
2021-02-25,71.834801,72.084979,71.462994,71.712747,71.712747,13637309
2021-02-26,71.712747,71.740171,71.545823,71.573195,71.573195,4443676
2021-03-01,71.573195,71.740592,70.290312,70.455094,70.455094,5711800
2021-03-02,70.455094,70.944129,69.908490,70.397123,70.397123,7389745
2021-03-03,70.397123,71.157549,69.844495,70.603303,70.603303,6942539
2021-03-04,70.603303,70.737821,70.398074,70.532458,70.532458,6147948
2021-03-05,70.532458,71.799230,70.115825,71.377606,71.377606,6954857
2021-03-08,71.377606,71.777107,71.153406,71.552358,71.552358,7549515
2021-03-09,71.552358,71.821585,71.200177,71.469091,71.469091,9145264
2021-03-10,71.469091,71.492616,70.933799,70.957156,70.957156,7158420
2021-03-11,70.957156,71.666422,70.621627,71.329134,71.329134,4062830
2021-03-12,71.329134,71.679522,71.132098,71.482062,71.482062,6250973
2021-03-15,71.482062,72.988743,71.440009,72.945828,72.945828,3655908
2021-03-16,72.945828,73.048201,72.716442,72.818636,72.818636,10446431
2021-03-17,72.818636,73.229376,71.759626,72.166688,72.166688,4098551
2021-03-18,72.166688,72.211833,71.429882,71.474594,71.474594,4730175
2021-03-19,71.474594,71.624205,70.907119,71.055854,71.055854,6191537
2021-03-22,71.055854,72.596811,70.870118,72.407541,72.407541,3659908
2021-03-23,72.407541,73.257245,72.312413,73.161127,73.161127,4821530
2021-03-24,73.161127,73.747910,72.681148,73.267235,73.267235,5457948
2021-03-25,73.267235,73.555246,73.128115,73.415844,73.415844,5458218
2021-03-26,73.415844,74.339152,72.809558,73.730269,73.730269,8728063
2021-03-29,73.730269,73.920543,73.347097,73.536871,73.536871,7301485
2021-03-30,73.536871,73.983278,73.293094,73.738831,73.738831,4801882
2021-03-31,73.738831,74.380814,73.540929,74.181723,74.181723,7266762
2021-04-01,74.181723,74.449197,72.507895,72.770279,72.770279,7428939
2021-04-02,72.770279,73.415400,71.473368,72.112659,72.112659,12474697
2021-04-05,72.112659,72.172897,72.112521,72.172759,72.172759,6125085
2021-04-06,72.172759,72.468138,71.295116,71.588102,71.588102,4611996
2021-04-07,71.588102,72.042534,71.041501,71.495344,71.495344,5626352
2021-04-08,71.495344,71.791917,70.474351,70.767907,70.767907,6897562
2021-04-09,70.767907,72.760206,70.614538,72.602860,72.602860,5198084
2021-04-12,72.602860,72.987395,71.406947,71.787162,71.787162,6699058
2021-04-13,71.787162,72.070458,71.289842,71.572291,71.572291,3474229
2021-04-14,71.572291,72.901492,71.276222,72.601167,72.601167,4638018
2021-04-15,72.601167,73.681883,72.551924,73.631941,73.631941,4396410
2021-04-16,73.631941,73.693813,73.024745,73.086158,73.086158,5621951
2021-04-19,73.086158,73.364011,72.538034,72.814855,72.814855,8040251
2021-04-20,72.814855,73.350184,72.289486,72.824743,72.824743,5171329
2021-04-21,72.824743,73.523981,71.081145,71.770258,71.770258,6554051
2021-04-22,71.770258,71.947606,70.896516,71.072139,71.072139,9495043
2021-04-23,71.072139,71.288010,70.848384,71.064231,71.064231,7149535
2021-04-26,71.064231,72.142448,70.440091,71.514355,71.514355,5865256
2021-04-27,71.514355,71.802596,71.423481,71.711473,71.711473,4775135
2021-04-28,71.711473,72.533407,71.389732,72.209432,72.209432,8868153
2021-04-29,72.209432,72.916123,70.542836,71.240039,71.240039,3581580
2021-04-30,71.240039,71.582486,69.776946,70.113979,70.113979,5302731
2021-05-03,70.113979,70.214021,69.554845,69.654231,69.654231,3440436
2021-05-04,69.654231,70.034696,68.803246,69.181128,69.181128,6120222
2021-05-05,69.181128,69.312232,67.237321,67.364983,67.364983,4940478
2021-05-06,67.364983,67.697732,67.202262,67.534601,67.534601,3399008
2021-05-07,67.534601,68.468409,67.330406,68.262015,68.262015,4050616
2021-05-10,68.262015,68.303279,67.307087,67.347798,67.347798,4379211
2021-05-11,67.347798,67.754718,67.321470,67.728241,67.728241,4249071
2021-05-12,67.728241,68.185678,67.270899,67.728336,67.728336,5371110
2021-05-13,67.728336,68.648160,67.174399,68.091255,68.091255,7164642
2021-05-14,68.091255,68.141517,67.925823,67.976000,67.976000,6259326
2021-05-17,67.976000,68.047187,67.136305,67.206686,67.206686,5653382
2021-05-18,67.206686,67.404799,66.471394,66.667919,66.667919,7149622
2021-05-19,66.667919,67.032794,65.866743,66.229217,66.229217,6298972
2021-05-20,66.229217,66.321167,66.213646,66.305578,66.305578,4995847
2021-05-21,66.305578,66.510375,66.055662,66.260319,66.260319,9196354
2021-05-24,66.260319,66.268819,65.538774,65.547182,65.547182,8204429
2021-05-25,65.547182,65.804367,65.458284,65.715241,65.715241,6995695
2021-05-26,65.715241,66.249234,65.368698,65.901708,65.901708,5325674
2021-05-27,65.901708,65.934340,65.351557,65.383934,65.383934,6055618
2021-05-28,65.383934,65.748669,64.900502,65.264571,65.264571,3120514
2021-05-31,65.264571,65.587794,65.224497,65.547547,65.547547,6146370
2021-06-01,65.547547,65.810778,64.430557,64.690346,64.690346,9197554
2021-06-02,64.690346,65.443827,64.585280,65.337710,65.337710,4246886
2021-06-03,65.337710,66.109784,65.325031,66.096958,66.096958,3485172
2021-06-04,66.096958,66.425350,65.892754,66.220763,66.220763,5813199
2021-06-07,66.220763,67.705160,65.788237,67.265808,67.265808,3863868
2021-06-08,67.265808,67.464576,66.750085,66.947913,66.947913,4922983
2021-06-09,66.947913,66.984060,66.156187,66.191925,66.191925,4404028
2021-06-10,66.191925,66.204266,65.783109,65.795376,65.795376,6516270
2021-06-11,65.795376,65.970708,65.372477,65.547147,65.547147,5382611
2021-06-14,65.547147,66.328681,65.501797,66.282822,66.282822,7598569
2021-06-15,66.282822,66.621311,65.865194,66.203278,66.203278,7189574
2021-06-16,66.203278,66.500733,65.465827,65.761296,65.761296,7780454
2021-06-17,65.761296,66.746113,65.463097,66.444814,66.444814,4895647
2021-06-18,66.444814,67.063763,66.224587,66.842218,66.842218,5497429
2021-06-21,66.842218,67.069323,66.494844,66.721539,66.721539,8857624
2021-06-22,66.721539,67.001237,66.574657,66.854064,66.854064,7261811
2021-06-23,66.854064,67.034124,66.066662,66.245082,66.245082,7282060
2021-06-24,66.245082,66.607849,65.593526,65.954703,65.954703,5129137
2021-06-25,65.954703,66.768087,65.782612,66.594328,66.594328,3726560
2021-06-28,66.594328,66.916056,66.481584,66.802959,66.802959,3253875
2021-06-29,66.802959,66.924518,65.840478,65.960504,65.960504,4555158
2021-06-30,65.960504,66.561796,65.944014,66.545160,66.545160,5539930
2021-07-01,66.545160,67.124557,66.320021,66.898224,66.898224,8462196
2021-07-02,66.898224,67.131599,66.736979,66.970182,66.970182,5350781
2021-07-05,66.970182,67.084467,66.783996,66.898159,66.898159,7634856
2021-07-06,66.898159,67.706526,66.551335,67.357322,67.357322,6288313
2021-07-07,67.357322,67.886555,67.047121,67.575350,67.575350,8811545
2021-07-08,67.575350,70.609815,67.007426,70.021333,70.021333,6845392
2021-07-09,70.021333,70.043406,69.461245,69.483147,69.483147,3048435
2021-07-12,69.483147,70.970019,69.320743,70.804527,70.804527,5033935
2021-07-13,70.804527,70.926584,69.756307,69.876765,69.876765,4643661
2021-07-14,69.876765,70.345525,69.581955,70.049984,70.049984,5975441
2021-07-15,70.049984,70.501675,69.168323,69.617223,69.617223,6950799
2021-07-16,69.617223,69.914429,69.407264,69.704208,69.704208,7766414
2021-07-19,69.704208,69.979867,69.434965,69.710600,69.710600,3219970
2021-07-20,69.710600,70.598596,68.928820,69.815638,69.815638,5107627
2021-07-21,69.815638,70.039607,69.613133,69.837040,69.837040,3572998
2021-07-22,69.837040,71.267702,69.562042,70.988171,70.988171,4899418
2021-07-23,70.988171,71.755400,70.233633,71.000728,71.000728,4680999
2021-07-26,71.000728,71.184021,70.192894,70.374570,70.374570,4788688
2021-07-27,70.374570,71.481863,70.158046,71.262606,71.262606,8039893
2021-07-28,71.262606,71.375452,71.167539,71.280361,71.280361,6434797
2021-07-29,71.280361,71.697006,71.245884,71.662345,71.662345,4903478
2021-07-30,71.662345,72.655557,71.391687,72.382181,72.382181,7633820
2021-08-02,72.382181,72.646719,70.842035,71.101894,71.101894,3221118
2021-08-03,71.101894,71.538363,70.422568,70.857537,70.857537,5078156
2021-08-04,70.857537,71.590240,70.434871,71.165735,71.165735,6788292
2021-08-05,71.165735,71.246290,70.913722,70.994083,70.994083,6414702
2021-08-06,70.994083,71.223122,70.222137,70.449418,70.449418,6016439
2021-08-09,70.449418,70.642391,69.176924,69.366932,69.366932,7618679
2021-08-10,69.366932,69.690245,68.141998,68.461089,68.461089,9483211
2021-08-11,68.461089,68.736261,68.305904,68.580805,68.580805,6586920
2021-08-12,68.580805,69.686016,68.107965,69.208846,69.208846,4996616
2021-08-13,69.208846,69.267713,68.314933,68.373089,68.373089,6774850
2021-08-16,68.373089,68.833941,68.164589,68.624674,68.624674,8031198
2021-08-17,68.624674,68.628781,66.961874,66.965882,66.965882,4543062
2021-08-18,66.965882,67.608609,66.700526,67.341764,67.341764,4317487
2021-08-19,67.341764,67.361731,66.410671,66.430368,66.430368,4482407
2021-08-20,66.430368,68.024133,66.287632,67.878285,67.878285,3658229
2021-08-23,67.878285,68.219167,67.623225,67.963785,67.963785,3925875
2021-08-24,67.963785,68.084885,67.375298,67.495564,67.495564,12156763
2021-08-25,67.495564,67.655551,66.331200,66.488800,66.488800,4739989
2021-08-26,66.488800,66.662882,64.961578,65.132108,65.132108,8777902
2021-08-27,65.132108,66.132458,64.985615,65.984048,65.984048,5087166
2021-08-30,65.984048,66.016174,64.726324,64.757853,64.757853,5008562
2021-08-31,64.757853,66.294592,64.754399,66.291056,66.291056,3391936
2021-09-01,66.291056,66.478001,65.045369,65.229320,65.229320,6769866
2021-09-02,65.229320,65.293291,63.943050,64.005820,64.005820,4029034
2021-09-03,64.005820,64.198593,63.700055,63.892487,63.892487,4549592
2021-09-06,63.892487,64.411870,62.705669,63.219581,63.219581,4533435
2021-09-07,63.219581,63.787099,62.941707,63.507957,63.507957,9294088
2021-09-08,63.507957,63.964826,62.873484,63.329066,63.329066,3603338
2021-09-09,63.329066,63.763321,63.328644,63.762896,63.762896,8869907
2021-09-10,63.762896,65.009258,63.497675,64.739974,64.739974,4552844
2021-09-13,64.739974,65.585076,64.326720,65.169083,65.169083,7465831
2021-09-14,65.169083,65.228312,64.787487,64.846423,64.846423,5354939
2021-09-15,64.846423,65.788688,64.669309,65.609490,65.609490,5277609
2021-09-16,65.609490,65.877186,64.650950,64.915815,64.915815,7631288
2021-09-17,64.915815,65.073393,64.440210,64.597014,64.597014,8867969
2021-09-20,64.597014,65.117592,63.709941,64.227541,64.227541,9873625
2021-09-21,64.227541,65.069920,63.917489,64.757311,64.757311,6334076
2021-09-22,64.757311,66.934575,64.292914,66.457982,66.457982,4009591
2021-09-23,66.457982,66.618607,65.767455,65.926796,65.926796,4483733
2021-09-24,65.926796,65.942609,65.286841,65.302504,65.302504,6588842
2021-09-27,65.302504,66.808713,64.626301,66.124003,66.124003,8883093
2021-09-28,66.124003,66.347781,65.197410,65.418801,65.418801,6749733
2021-09-29,65.418801,67.165173,64.655770,66.390805,66.390805,7273036
2021-09-30,66.390805,66.667410,65.851672,66.127178,66.127178,7152354
2021-10-01,66.127178,66.936404,65.912785,66.720088,66.720088,7807824
2021-10-04,66.720088,67.771934,66.581635,67.631589,67.631589,5007813
2021-10-05,67.631589,68.322976,67.241813,67.931472,67.931472,8534187
2021-10-06,67.931472,67.951614,67.435170,67.455170,67.455170,3897511
2021-10-07,67.455170,67.498322,66.739119,66.781839,66.781839,6701463
2021-10-08,66.781839,69.219595,66.472070,68.900001,68.900001,3942503
2021-10-11,68.900001,69.080172,68.797364,68.977419,68.977419,4865785
2021-10-12,68.977419,69.600064,68.626028,69.247298,69.247298,5427760
2021-10-13,69.247298,69.336764,68.383398,68.471863,68.471863,3635352
2021-10-14,68.471863,69.371300,68.168384,69.065191,69.065191,5790653
2021-10-15,69.065191,69.412937,68.916258,69.263576,69.263576,7748216
2021-10-18,69.263576,69.442442,67.055448,67.229060,67.229060,3721928
2021-10-19,67.229060,69.370215,66.916476,69.049168,69.049168,9048354
2021-10-20,69.049168,69.706286,68.620426,69.276134,69.276134,5745068
2021-10-21,69.276134,69.290495,68.432613,68.446802,68.446802,8866351
2021-10-22,68.446802,68.893502,67.497088,67.940484,67.940484,5888230
2021-10-25,67.940484,68.278709,67.214847,67.551134,67.551134,4464748
2021-10-26,67.551134,67.982483,66.601891,67.029911,67.029911,3642301
2021-10-27,67.029911,67.231739,67.007979,67.209748,67.209748,6439963
2021-10-28,67.209748,69.319994,66.741688,68.840576,68.840576,11933321
2021-10-29,68.840576,69.325592,68.697635,69.181942,69.181942,6544577
2021-11-01,69.181942,69.870132,68.920916,69.607500,69.607500,3142837
2021-11-02,69.607500,69.687314,69.222935,69.302399,69.302399,16012750
2021-11-03,69.302399,69.562163,69.048146,69.307891,69.307891,4451780
2021-11-04,69.307891,69.526282,69.238368,69.456610,69.456610,6432958
2021-11-05,69.456610,69.948458,69.243239,69.734234,69.734234,4935029
2021-11-08,69.734234,70.082197,68.423891,68.767027,68.767027,5496504
2021-11-09,68.767027,69.042233,68.751513,69.026660,69.026660,4394399
2021-11-10,69.026660,69.943550,68.758972,69.673353,69.673353,9835360
2021-11-11,69.673353,70.007045,68.513901,68.843619,68.843619,6384241
2021-11-12,68.843619,69.394454,68.814005,69.364616,69.364616,5964374
2021-11-15,69.364616,70.035462,69.249106,69.919030,69.919030,5223067
2021-11-16,69.919030,70.907896,69.492901,70.478358,70.478358,6630277
2021-11-17,70.478358,70.744002,69.966810,70.231523,70.231523,7510581
2021-11-18,70.231523,70.476663,69.889606,70.134407,70.134407,9396742
2021-11-19,70.134407,70.354663,69.735501,69.955194,69.955194,6736696
2021-11-22,69.955194,70.710284,69.871162,70.625447,70.625447,6260035
2021-11-23,70.625447,71.660961,69.982063,71.014037,71.014037,8632641
2021-11-24,71.014037,71.813440,70.743793,71.541190,71.541190,5339387
2021-11-25,71.541190,71.721001,71.080373,71.259475,71.259475,7835883
2021-11-26,71.259475,71.409787,71.097419,71.247706,71.247706,7023431
2021-11-29,71.247706,71.306272,70.605490,70.663576,70.663576,5694323
2021-11-30,70.663576,70.696822,70.029887,70.062850,70.062850,4866978
2021-12-01,70.062850,70.192324,68.849154,68.976621,68.976621,4154979
2021-12-02,68.976621,69.069416,67.306127,67.396796,67.396796,2598263
2021-12-03,67.396796,67.650181,66.964967,67.217678,67.217678,13355168
2021-12-06,67.217678,67.455369,66.341134,66.576558,66.576558,5047728
2021-12-07,66.576558,66.743684,64.662660,64.825389,64.825389,5486141
2021-12-08,64.825389,64.830433,64.244396,64.249395,64.249395,5794455
2021-12-09,64.249395,64.276059,64.101963,64.128578,64.128578,10320606
2021-12-10,64.128578,64.669031,64.096119,64.636315,64.636315,3482384
2021-12-13,64.636315,64.764778,64.480064,64.608472,64.608472,10450351
2021-12-14,64.608472,65.264915,64.511429,65.167034,65.167034,8762680
2021-12-15,65.167034,65.457861,64.968516,65.259062,65.259062,3744614
2021-12-16,65.259062,65.349251,64.990202,65.080143,65.080143,9302656
2021-12-17,65.080143,65.178066,64.685417,64.782892,64.782892,2560925
2021-12-20,64.782892,65.037450,64.753404,65.007858,65.007858,8980985
2021-12-21,65.007858,65.502803,63.122116,63.606390,63.606390,6431774
2021-12-22,63.606390,64.558464,63.465834,64.416119,64.416119,6029436
2021-12-23,64.416119,64.982599,63.814387,64.380555,64.380555,9493146
2021-12-24,64.380555,64.877877,64.344098,64.841159,64.841159,6552569
2021-12-27,64.841159,65.564884,64.725754,65.448398,65.448398,4680677
2021-12-28,65.448398,65.716737,64.512691,64.778282,64.778282,6747278
2021-12-29,64.778282,65.143273,64.549019,64.913532,64.913532,6402573
2021-12-30,64.913532,64.978775,61.969451,62.031798,62.031798,6471708
2021-12-31,62.031798,62.900667,61.846812,62.713648,62.713648,6354105
2022-01-03,62.713648,62.843974,61.487827,61.615871,61.615871,7609982
2022-01-04,61.615871,62.960045,61.127894,62.465340,62.465340,4457251
2022-01-05,62.465340,62.548053,60.972336,61.053180,61.053180,5770074
2022-01-06,61.053180,61.236640,59.870917,60.051368,60.051368,5787447
2022-01-07,60.051368,62.829637,59.979119,62.754136,62.754136,5094832
2022-01-10,62.754136,64.907303,62.568131,64.715484,64.715484,5173003
2022-01-11,64.715484,65.477216,64.605606,65.366232,65.366232,2657451
2022-01-12,65.366232,66.459921,64.823193,65.912345,65.912345,7273860
2022-01-13,65.912345,66.337041,63.110816,63.520098,63.520098,6877339
2022-01-14,63.520098,63.763427,62.533095,62.773564,62.773564,9251186
2022-01-17,62.773564,63.606057,62.760329,63.592649,63.592649,7988878
2022-01-18,63.592649,64.922152,63.251571,64.575801,64.575801,7052958
2022-01-19,64.575801,64.863999,63.304230,63.588019,63.588019,6728072
2022-01-20,63.588019,64.049350,62.264568,62.719599,62.719599,5017705
2022-01-21,62.719599,64.941962,62.621487,64.840533,64.840533,6904936
2022-01-24,64.840533,65.110164,63.029323,63.292517,63.292517,3773059
2022-01-25,63.292517,63.329098,62.850344,62.886691,62.886691,7691940
2022-01-26,62.886691,64.260075,62.533419,63.901104,63.901104,6635474
2022-01-27,63.901104,64.167899,62.581890,62.844273,62.844273,4411351
2022-01-28,62.844273,64.168823,62.498959,63.818158,63.818158,3713115
2022-01-31,63.818158,64.336495,62.240338,62.749999,62.749999,6365003
2022-02-01,62.749999,64.195730,62.534644,63.976167,63.976167,5869942
2022-02-02,63.976167,64.204961,63.187566,63.414351,63.414351,7613922
2022-02-03,63.414351,64.423286,63.124011,64.129670,64.129670,6345073
2022-02-04,64.129670,64.360822,63.143396,63.371817,63.371817,3724740
2022-02-07,63.371817,63.655483,62.856430,63.139055,63.139055,14365075
2022-02-08,63.139055,63.675834,62.994767,63.530651,63.530651,5805112
2022-02-09,63.530651,64.352087,63.490111,64.311049,64.311049,3095203
2022-02-10,64.311049,64.561395,63.920096,64.169893,64.169893,8177040
2022-02-11,64.169893,64.683483,64.035114,64.547911,64.547911,7087698
2022-02-14,64.547911,64.750286,64.297667,64.499892,64.499892,7644685
2022-02-15,64.499892,64.730676,63.971699,64.201416,64.201416,3710716
2022-02-16,64.201416,64.424481,63.460093,63.681351,63.681351,6808511
2022-02-17,63.681351,64.873064,63.547787,64.737285,64.737285,6197599
2022-02-18,64.737285,66.638371,64.363345,66.255660,66.255660,4378978
2022-02-21,66.255660,66.650640,64.590016,64.977376,64.977376,6776007
2022-02-22,64.977376,65.447471,64.932792,65.402596,65.402596,5056741
2022-02-23,65.402596,65.709627,65.197095,65.503808,65.503808,3865815
2022-02-24,65.503808,65.927365,65.501936,65.925480,65.925480,5011892
2022-02-25,65.925480,66.276783,65.610202,65.961333,65.961333,5828260
2022-02-28,65.961333,66.110359,65.093504,65.240902,65.240902,6204305
2022-03-01,65.240902,65.686233,63.554058,63.990856,63.990856,7806093
2022-03-02,63.990856,64.238048,62.888316,63.132191,63.132191,8754961
2022-03-03,63.132191,64.967850,62.963459,64.794675,64.794675,5469354
2022-03-04,64.794675,65.589845,64.699080,65.493220,65.493220,2948785
2022-03-07,65.493220,65.654190,64.522778,64.681754,64.681754,5906971
2022-03-08,64.681754,65.140197,64.375070,64.832797,64.832797,5696474
2022-03-09,64.832797,65.373722,63.890368,64.427916,64.427916,5813369
2022-03-10,64.427916,64.474218,62.849588,62.894789,62.894789,7922418
2022-03-11,62.894789,63.252361,61.313362,61.663937,61.663937,5463229
2022-03-14,61.663937,61.990286,60.341984,60.663036,60.663036,8084377
2022-03-15,60.663036,60.767374,59.821192,59.924259,59.924259,4203530
2022-03-16,59.924259,60.067642,59.815342,59.958662,59.958662,6401533
2022-03-17,59.958662,60.084433,59.165304,59.289672,59.289672,5630826
2022-03-18,59.289672,59.713816,59.265058,59.689037,59.689037,5041036
2022-03-21,59.689037,59.838897,58.985359,59.133825,59.133825,2337493
2022-03-22,59.133825,60.678246,58.837853,60.376057,60.376057,4369370
2022-03-23,60.376057,60.721759,57.876846,58.210147,58.210147,7583660
2022-03-24,58.210147,58.345267,57.924018,58.058787,58.058787,8022490
2022-03-25,58.058787,58.699150,57.804760,58.443440,58.443440,6356776
2022-03-28,58.443440,58.661193,57.837712,58.054013,58.054013,4076518
2022-03-29,58.054013,59.197409,57.830508,58.970375,58.970375,3769337
2022-03-30,58.970375,59.306053,58.234200,58.567585,58.567585,6226331
2022-03-31,58.567585,59.581377,58.404323,59.415751,59.415751,3781497
2022-04-01,59.415751,59.713651,58.668874,58.964511,58.964511,3250991
2022-04-04,58.964511,59.386676,58.782466,59.203892,59.203892,9952001
2022-04-05,59.203892,60.272177,59.161358,60.228907,60.228907,4440033
2022-04-06,60.228907,61.667871,59.950873,61.384502,61.384502,10239233
2022-04-07,61.384502,61.642834,61.146841,61.405094,61.405094,4246352
2022-04-08,61.405094,63.113376,60.857023,62.555041,62.555041,4202159
2022-04-11,62.555041,62.705722,61.970101,62.119734,62.119734,3522133
2022-04-12,62.119734,62.244465,61.829970,61.954369,61.954369,6307158
2022-04-13,61.954369,62.182260,60.779841,61.004237,61.004237,5014159
2022-04-14,61.004237,62.701862,60.987047,62.684199,62.684199,5674366
2022-04-15,62.684199,63.297832,62.539546,63.152099,63.152099,4066808
2022-04-18,63.152099,63.421303,61.424473,61.687434,61.687434,8897169
2022-04-19,61.687434,62.589524,61.437370,62.336828,62.336828,8832686
2022-04-20,62.336828,62.394638,61.072300,61.128990,61.128990,6033124
2022-04-21,61.128990,61.163002,59.682700,59.715926,59.715926,6223148
2022-04-22,59.715926,59.786997,59.084775,59.155178,59.155178,4922361
2022-04-25,59.155178,59.352167,58.185089,58.379495,58.379495,5474630
2022-04-26,58.379495,59.290968,58.235178,59.144759,59.144759,3461453
2022-04-27,59.144759,59.150853,58.379105,58.385121,58.385121,7229569
2022-04-28,58.385121,60.153636,58.240560,60.005064,60.005064,5156588
2022-04-29,60.005064,60.374924,59.918861,60.288313,60.288313,5347686
2022-05-02,60.288313,60.805929,59.731002,60.248274,60.248274,12553776
2022-05-03,60.248274,60.377642,60.003029,60.132147,60.132147,6027206
2022-05-04,60.132147,60.243767,60.122735,60.234338,60.234338,6166169
2022-05-05,60.234338,60.438854,59.920509,60.124652,60.124652,7521263
2022-05-06,60.124652,60.192179,58.720892,58.786916,58.786916,9157453
2022-05-09,58.786916,58.919774,58.488068,58.620550,58.620550,9618229
2022-05-10,58.620550,58.636699,58.155732,58.171758,58.171758,6551590
2022-05-11,58.171758,60.074316,58.101067,60.001402,60.001402,4859725
2022-05-12,60.001402,60.074390,59.272177,59.344365,59.344365,3566742
2022-05-13,59.344365,59.577568,58.762253,58.994080,58.994080,2986630
2022-05-16,58.994080,59.172711,57.839460,58.015127,58.015127,7833461
2022-05-17,58.015127,58.211762,56.938352,57.131994,57.131994,5436964
2022-05-18,57.131994,57.288823,56.410701,56.565976,56.565976,8949480
2022-05-19,56.565976,56.656343,54.635752,54.723175,54.723175,4937548
2022-05-20,54.723175,54.726106,53.796429,53.799311,53.799311,4776293
2022-05-23,53.799311,54.452381,53.520838,54.171979,54.171979,8917548
2022-05-24,54.171979,54.234370,53.445397,53.507022,53.507022,16063310
2022-05-25,53.507022,54.507879,53.465548,54.465663,54.465663,3664202
2022-05-26,54.465663,54.943896,54.424840,54.902745,54.902745,4725196
2022-05-27,54.902745,54.953243,54.196079,54.245973,54.245973,6405732
2022-05-30,54.245973,54.389786,53.239731,53.381251,53.381251,6549588
2022-05-31,53.381251,53.490041,53.109051,53.217507,53.217507,9003354
2022-06-01,53.217507,53.332426,52.848002,52.962371,52.962371,6759445
2022-06-02,52.962371,54.112621,52.904984,54.054051,54.054051,5136241
2022-06-03,54.054051,55.171996,53.762647,54.876159,54.876159,7419956
2022-06-06,54.876159,55.185203,53.793168,54.097829,54.097829,4598526
2022-06-07,54.097829,54.357886,53.980178,54.239927,54.239927,2540915
2022-06-08,54.239927,54.249289,53.797946,53.807234,53.807234,5220605
2022-06-09,53.807234,54.151103,52.799969,53.139571,53.139571,13003120
2022-06-10,53.139571,53.486557,52.981318,53.327743,53.327743,5318533
2022-06-13,53.327743,53.583584,53.049044,53.304774,53.304774,8776208
2022-06-14,53.304774,53.461184,52.998743,53.154712,53.154712,4666130
2022-06-15,53.154712,53.851340,53.152724,53.849325,53.849325,10028675
2022-06-16,53.849325,54.265594,53.746799,54.162471,54.162471,10297337
2022-06-17,54.162471,54.619429,54.143114,54.599915,54.599915,9250675
2022-06-20,54.599915,54.950287,54.229023,54.579262,54.579262,4189034
2022-06-21,54.579262,55.940878,54.529961,55.890392,55.890392,4422743
2022-06-22,55.890392,56.532146,55.693912,56.334106,56.334106,4732005
2022-06-23,56.334106,56.570534,55.770073,56.005120,56.005120,3427574
2022-06-24,56.005120,56.214439,55.532334,55.740665,55.740665,6087174
2022-06-27,55.740665,55.749405,55.709337,55.718074,55.718074,4401864
2022-06-28,55.718074,56.090357,52.744921,53.099710,53.099710,5934534
2022-06-29,53.099710,53.253220,51.373926,51.522878,51.522878,4682832
2022-06-30,51.522878,51.780113,50.669444,50.923687,50.923687,8752411
2022-07-01,50.923687,51.034087,50.863642,50.973983,50.973983,3765209
2022-07-04,50.973983,51.927259,50.627294,51.576474,51.576474,2378009
2022-07-05,51.576474,51.788509,50.022484,50.228981,50.228981,7833184
2022-07-06,50.228981,50.292800,48.146194,48.207445,48.207445,2924426
2022-07-07,48.207445,48.257844,48.120074,48.170433,48.170433,6680921
2022-07-08,48.170433,48.461654,47.123074,47.409696,47.409696,4144522
2022-07-11,47.409696,47.438156,46.606921,46.634916,46.634916,5596812
2022-07-12,46.634916,46.798335,45.923253,46.084744,46.084744,8875015
2022-07-13,46.084744,46.148145,45.141782,45.203971,45.203971,3897714
2022-07-14,45.203971,45.252721,43.981045,44.028527,44.028527,4058684
2022-07-15,44.028527,44.243103,43.868072,44.082451,44.082451,7519356
2022-07-18,44.082451,44.114502,43.258094,43.289569,43.289569,3834105
2022-07-19,43.289569,44.001905,43.051815,43.761559,43.761559,8006638
2022-07-20,43.761559,44.471311,43.702259,44.411131,44.411131,7591119
2022-07-21,44.411131,44.797845,44.256967,44.642876,44.642876,4327593
2022-07-22,44.642876,44.783018,43.901848,44.040097,44.040097,7689930
2022-07-25,44.040097,44.526196,44.014990,44.500826,44.500826,4690747
2022-07-26,44.500826,44.593216,44.487896,44.580263,44.580263,5434982
2022-07-27,44.580263,45.022450,44.503410,44.944968,44.944968,8839418
2022-07-28,44.944968,45.383431,44.925351,45.363631,45.363631,3869958
2022-07-29,45.363631,45.873369,44.418640,44.923431,44.923431,5681626
2022-08-01,44.923431,45.570177,44.898653,45.545056,45.545056,2779410
2022-08-02,45.545056,45.758449,45.424986,45.638134,45.638134,5979513
2022-08-03,45.638134,46.338487,45.359457,46.057250,46.057250,10194833
2022-08-04,46.057250,46.859810,46.046050,46.848417,46.848417,7402263
2022-08-05,46.848417,47.171452,45.947999,46.267026,46.267026,8566629
2022-08-08,46.267026,46.545550,46.121946,46.400053,46.400053,11547416
2022-08-09,46.400053,46.987875,46.360136,46.947487,46.947487,4286414
2022-08-10,46.947487,46.962354,46.724028,46.738830,46.738830,9000826
2022-08-11,46.738830,46.970041,45.422964,45.648782,45.648782,2957465
2022-08-12,45.648782,45.711388,43.743627,43.803703,43.803703,6401965
2022-08-15,43.803703,43.974463,43.724272,43.894867,43.894867,7539368
2022-08-16,43.894867,43.979328,43.270196,43.353615,43.353615,3952128
2022-08-17,43.353615,44.487682,43.300404,44.433145,44.433145,1864796
2022-08-18,44.433145,44.448303,43.095731,43.110437,43.110437,3141904
2022-08-19,43.110437,43.598910,42.857018,43.344117,43.344117,4881449
2022-08-22,43.344117,43.592382,43.285587,43.533596,43.533596,8415248
2022-08-23,43.533596,43.760273,43.379380,43.605801,43.605801,5606334
2022-08-24,43.605801,45.957577,43.556284,45.905448,45.905448,6880067
2022-08-25,45.905448,45.935070,45.239197,45.268408,45.268408,6086831
2022-08-26,45.268408,45.757121,44.971290,45.458754,45.458754,3264968
2022-08-29,45.458754,45.716038,44.546740,44.800298,44.800298,4229251
2022-08-30,44.800298,45.056012,44.770401,45.025965,45.025965,4726398
2022-08-31,45.025965,45.624680,44.904813,45.502247,45.502247,4524714
2022-09-01,45.502247,45.994053,45.425667,45.916775,45.916775,7123654
2022-09-02,45.916775,46.331567,45.631173,46.045167,46.045167,8763387
2022-09-05,46.045167,47.353645,45.863356,47.167403,47.167403,6864600
2022-09-06,47.167403,47.588159,45.786790,46.198906,46.198906,4349870
2022-09-07,46.198906,46.635474,46.044175,46.479802,46.479802,4887767
2022-09-08,46.479802,46.564787,44.946423,45.028754,45.028754,10328090
2022-09-09,45.028754,45.359025,44.915958,45.245685,45.245685,5717096
2022-09-12,45.245685,45.810430,44.929719,45.492739,45.492739,5546548
2022-09-13,45.492739,45.588260,45.245242,45.340444,45.340444,3856394
2022-09-14,45.340444,45.426336,45.260637,45.346518,45.346518,10928017
2022-09-15,45.346518,45.501248,44.521855,44.674292,44.674292,3766506
2022-09-16,44.674292,44.763710,44.596728,44.686125,44.686125,6086395
2022-09-19,44.686125,45.444085,44.611573,45.368395,45.368395,5325155
2022-09-20,45.368395,46.310183,45.281909,46.222070,46.222070,6683448
2022-09-21,46.222070,46.302517,45.603486,45.682996,45.682996,5795997
2022-09-22,45.682996,46.174723,45.672633,46.164252,46.164252,5606707
2022-09-23,46.164252,47.043205,46.163515,47.042454,47.042454,12355819
2022-09-26,47.042454,47.568591,46.950062,47.475348,47.475348,5622340
2022-09-27,47.475348,47.687217,46.740262,46.949785,46.949785,5849253
2022-09-28,46.949785,47.312196,45.697030,46.052515,46.052515,3089096
2022-09-29,46.052515,46.268079,45.296956,45.509980,45.509980,7995195
2022-09-30,45.509980,45.673728,45.103844,45.266716,45.266716,6530005
2022-10-03,45.266716,45.596984,44.339737,44.665619,44.665619,7125849
2022-10-04,44.665619,45.227440,44.195388,44.756255,44.756255,5940240
2022-10-05,44.756255,44.819946,44.669882,44.733541,44.733541,5162545
2022-10-06,44.733541,45.045097,44.410754,44.722231,44.722231,8413933
2022-10-07,44.722231,44.742151,43.787673,43.807186,43.807186,7230345
2022-10-10,43.807186,44.016357,43.114150,43.321000,43.321000,3904442
2022-10-11,43.321000,43.875843,43.239309,43.793262,43.793262,5490809
2022-10-12,43.793262,43.994503,43.615371,43.816518,43.816518,7533336
2022-10-13,43.816518,44.806605,43.674569,44.661917,44.661917,8512266
2022-10-14,44.661917,45.481632,44.301955,45.117994,45.117994,5360168
2022-10-17,45.117994,45.352920,44.692515,44.926443,44.926443,5968218
2022-10-18,44.926443,45.531313,44.842489,45.446387,45.446387,5681737
2022-10-19,45.446387,45.463780,45.296706,45.314049,45.314049,4021725
2022-10-20,45.314049,45.944466,45.046324,45.674612,45.674612,6079088
2022-10-21,45.674612,45.732461,45.027215,45.084317,45.084317,8675747
2022-10-24,45.084317,46.389323,44.779700,46.077992,46.077992,6411399
2022-10-25,46.077992,46.192433,45.206708,45.319265,45.319265,5759393
2022-10-26,45.319265,45.625729,44.412431,44.714807,44.714807,6343104
2022-10-27,44.714807,44.997638,44.524751,44.807189,44.807189,3553632
2022-10-28,44.807189,45.296412,44.727228,45.215722,45.215722,9663979
2022-10-31,45.215722,46.757028,45.180552,46.720687,46.720687,3316554
2022-11-01,46.720687,46.904796,46.379864,46.563353,46.563353,4477082
2022-11-02,46.563353,46.639484,46.475236,46.551348,46.551348,3861308
2022-11-03,46.551348,46.988113,46.452002,46.888049,46.888049,5484586
2022-11-04,46.888049,46.998664,46.543614,46.653676,46.653676,6172405
2022-11-07,46.653676,46.780920,45.939207,46.064845,46.064845,5045164
2022-11-08,46.064845,46.167229,45.857320,45.959469,45.959469,7913314
2022-11-09,45.959469,46.399934,45.946836,46.387183,46.387183,5770555
2022-11-10,46.387183,46.508929,46.023199,46.144308,46.144308,5992481
2022-11-11,46.144308,46.512656,45.824588,46.192602,46.192602,9533480
2022-11-14,46.192602,46.277580,45.787008,45.871395,45.871395,6165482
2022-11-15,45.871395,46.481224,45.838254,46.447667,46.447667,5933495
2022-11-16,46.447667,46.717232,45.572427,45.838456,45.838456,7958113
2022-11-17,45.838456,46.550226,45.741637,46.452111,46.452111,8030627
2022-11-18,46.452111,46.953648,46.346060,46.846696,46.846696,4299670
2022-11-21,46.846696,46.909701,45.878394,45.940181,45.940181,8888729
2022-11-22,45.940181,46.029163,45.794381,45.883252,45.883252,3390999
2022-11-23,45.883252,45.936325,45.729546,45.782502,45.782502,5802846
2022-11-24,45.782502,46.084824,44.687302,44.984353,44.984353,5428091
2022-11-25,44.984353,45.322334,44.978385,45.316322,45.316322,2984643
2022-11-28,45.316322,45.488092,44.691340,44.861385,44.861385,6800215
2022-11-29,44.861385,45.105948,44.844523,45.089000,45.089000,3205744
2022-11-30,45.089000,45.908209,45.074092,45.893036,45.893036,7872902
2022-12-01,45.893036,46.037044,45.734810,45.878774,45.878774,4373724
2022-12-02,45.878774,46.175557,45.479455,45.775571,45.775571,5934718
2022-12-05,45.775571,45.952645,45.267122,45.442909,45.442909,3474522
2022-12-06,45.442909,45.444635,45.377713,45.379436,45.379436,9885126
2022-12-07,45.379436,45.533778,44.188780,44.339585,44.339585,5968234
2022-12-08,44.339585,44.614298,43.729606,44.002229,44.002229,5658225
2022-12-09,44.002229,44.160100,43.223096,43.378730,43.378730,5722938
2022-12-12,43.378730,43.786551,42.708300,43.113629,43.113629,4173234
2022-12-13,43.113629,43.541724,42.978781,43.405962,43.405962,5887117
2022-12-14,43.405962,43.577067,42.811970,42.981402,42.981402,10206815
2022-12-15,42.981402,43.199278,42.901469,43.119089,43.119089,4286642
2022-12-16,43.119089,43.353739,42.528071,42.760770,42.760770,5710545
2022-12-19,42.760770,43.171835,41.917520,42.324390,42.324390,6352241
2022-12-20,42.324390,42.470088,42.095588,42.240999,42.240999,5930795
2022-12-21,42.240999,42.495749,41.969391,42.224039,42.224039,4682947
2022-12-22,42.224039,42.239014,41.637406,41.652179,41.652179,11543029
2022-12-23,41.652179,42.346438,41.487752,42.179928,42.179928,6142343
2022-12-26,42.179928,42.501165,42.085910,42.406642,42.406642,3571634
2022-12-27,42.406642,42.632324,42.231986,42.457459,42.457459,6656991
2022-12-28,42.457459,42.554360,41.070291,41.164241,41.164241,7461516
2022-12-29,41.164241,41.757118,40.670203,41.261908,41.261908,4425307
2022-12-30,41.261908,41.368037,41.179237,41.285319,41.285319,3299567
2023-01-02,41.285319,41.637787,41.197259,41.549164,41.549164,11393472
2023-01-03,41.549164,41.825563,41.412877,41.688819,41.688819,8014491
2023-01-04,41.688819,41.878550,41.213363,41.401788,41.401788,4952186
2023-01-05,41.401788,42.132984,41.085393,41.813444,41.813444,2932619
2023-01-06,41.813444,42.417638,41.744892,42.348209,42.348209,3777970
2023-01-09,42.348209,43.473141,42.022578,43.141411,43.141411,7435087
2023-01-10,43.141411,43.566661,41.715285,42.130570,42.130570,7345351
2023-01-11,42.130570,42.180193,41.803913,41.853209,41.853209,7409744
2023-01-12,41.853209,42.355444,41.704902,42.205887,42.205887,5409017
2023-01-13,42.205887,42.707781,42.182307,42.683934,42.683934,4487714
2023-01-16,42.683934,44.125084,42.618969,44.058028,44.058028,4531991
2023-01-17,44.058028,44.064128,43.707277,43.713329,43.713329,5141964
2023-01-18,43.713329,43.726411,43.233426,43.246369,43.246369,7087554
2023-01-19,43.246369,43.591488,43.207010,43.551851,43.551851,6336941
2023-01-20,43.551851,43.606215,43.488268,43.542620,43.542620,4958700
2023-01-23,43.542620,43.599001,42.900503,42.956124,42.956124,6593357
2023-01-24,42.956124,43.843086,42.862335,43.747569,43.747569,8385445
2023-01-25,43.747569,43.831070,43.734989,43.818469,43.818469,3613644
2023-01-26,43.818469,43.886819,43.746770,43.815114,43.815114,4765151
2023-01-27,43.815114,43.904250,43.103829,43.191696,43.191696,8620729
2023-01-30,43.191696,43.513746,43.143822,43.465568,43.465568,5036400
2023-01-31,43.465568,43.475689,43.068052,43.078082,43.078082,5406284
2023-02-01,43.078082,43.152714,42.897407,42.971854,42.971854,5853630
2023-02-02,42.971854,43.772309,42.904651,43.703961,43.703961,5340760
2023-02-03,43.703961,43.734263,43.683390,43.713687,43.713687,7381163
2023-02-06,43.713687,43.873801,43.476241,43.636070,43.636070,10062349
2023-02-07,43.636070,44.513919,43.557575,44.433988,44.433988,6150472
2023-02-08,44.433988,44.880430,44.214639,44.659966,44.659966,7854197
2023-02-09,44.659966,45.456304,44.540202,45.334731,45.334731,10709316
2023-02-10,45.334731,45.611446,45.267584,45.543989,45.543989,6106129
2023-02-13,45.543989,46.487971,45.242795,46.182554,46.182554,9346706
2023-02-14,46.182554,46.346075,45.359250,45.520427,45.520427,4946874
2023-02-15,45.520427,45.620153,44.839206,44.937655,44.937655,5120597
2023-02-16,44.937655,44.983499,44.211002,44.256150,44.256150,5956321
2023-02-17,44.256150,44.865685,44.079647,44.687462,44.687462,5119583
2023-02-20,44.687462,44.773995,44.646919,44.733410,44.733410,4852476
2023-02-21,44.733410,45.606034,44.584800,45.455026,45.455026,4535583
2023-02-22,45.455026,45.572553,44.451326,44.566555,44.566555,10560618
2023-02-23,44.566555,44.795160,43.769023,43.994694,43.994694,5859680
2023-02-24,43.994694,44.609506,43.949297,44.563523,44.563523,4282800
2023-02-27,44.563523,45.097405,44.546156,45.079837,45.079837,12142083
2023-02-28,45.079837,45.821465,44.641259,45.379967,45.379967,7903069
2023-03-01,45.379967,45.705985,44.314648,44.635317,44.635317,10076973
2023-03-02,44.635317,45.218822,44.309989,44.891626,44.891626,6442593
2023-03-03,44.891626,45.745995,44.872278,45.726287,45.726287,4022764
2023-03-06,45.726287,46.336882,45.495693,46.104382,46.104382,6341740
2023-03-07,46.104382,46.544549,45.780881,46.220235,46.220235,7811398
2023-03-08,46.220235,47.235054,46.179976,47.193946,47.193946,5223299
2023-03-09,47.193946,48.065789,46.497893,47.367181,47.367181,4092845
2023-03-10,47.367181,47.928326,47.261428,47.821560,47.821560,5352778
2023-03-13,47.821560,48.941412,47.482775,48.597133,48.597133,4001730
2023-03-14,48.597133,48.824215,48.505448,48.732275,48.732275,6729369
2023-03-15,48.732275,49.577703,48.296692,49.138488,49.138488,6112032
2023-03-16,49.138488,49.199992,49.030355,49.091800,49.091800,6867351
2023-03-17,49.091800,49.848206,48.829188,49.582967,49.582967,6284249
2023-03-20,49.582967,50.351212,49.453641,50.220223,50.220223,3664354
2023-03-21,50.220223,50.994087,49.890833,50.661800,50.661800,6280715
2023-03-22,50.661800,50.698752,50.350825,50.387577,50.387577,6828750
2023-03-23,50.387577,50.531757,49.753735,49.896510,49.896510,11380634
2023-03-24,49.896510,50.164666,49.658955,49.926965,49.926965,2585379
2023-03-27,49.926965,49.972986,49.867397,49.913405,49.913405,4823231
2023-03-28,49.913405,50.071120,49.240045,49.396125,49.396125,3666380
2023-03-29,49.396125,49.764824,48.637537,49.003304,49.003304,6789329
2023-03-30,49.003304,49.245168,48.962687,49.204384,49.204384,3254076
2023-03-31,49.204384,49.374155,48.206466,48.373369,48.373369,6968487
2023-04-03,48.373369,48.978824,48.210493,48.814462,48.814462,3488960
2023-04-04,48.814462,49.022230,48.706765,48.914313,48.914313,10656430
2023-04-05,48.914313,49.158187,48.622297,48.865929,48.865929,4796515
2023-04-06,48.865929,49.114452,48.729691,48.977902,48.977902,6206990
2023-04-07,48.977902,50.019802,48.954597,49.996013,49.996013,3245541
2023-04-10,49.996013,50.187727,48.122521,48.307761,48.307761,6658998
2023-04-11,48.307761,48.499473,48.214016,48.405538,48.405538,9270304
2023-04-12,48.405538,49.840717,48.322899,49.755772,49.755772,2932382
2023-04-13,49.755772,49.794708,49.677889,49.716795,49.716795,7037101
2023-04-14,49.716795,50.074038,49.477337,49.834016,49.834016,5411483
2023-04-17,49.834016,50.720149,49.742828,50.627509,50.627509,7337477
2023-04-18,50.627509,51.454572,50.619712,51.446648,51.446648,5228785
2023-04-19,51.446648,51.476237,50.672956,50.702116,50.702116,3219658
2023-04-20,50.702116,50.849564,50.480237,50.627468,50.627468,9104443
2023-04-21,50.627468,50.660693,50.082568,50.115458,50.115458,8465871
2023-04-24,50.115458,50.462019,49.280016,49.623174,49.623174,7541876
2023-04-25,49.623174,50.874736,49.553439,50.803343,50.803343,10319923
2023-04-26,50.803343,51.372601,50.573758,51.141488,51.141488,3661569
2023-04-27,51.141488,51.358561,50.062579,50.275978,50.275978,6373714
2023-04-28,50.275978,51.395695,50.140352,51.257420,51.257420,10207427
2023-05-01,51.257420,51.743039,51.231143,51.716526,51.716526,4513858
2023-05-02,51.716526,52.299013,51.569626,52.150879,52.150879,6382931
2023-05-03,52.150879,52.182601,52.083573,52.115273,52.115273,5623943
2023-05-04,52.115273,52.582162,52.019644,52.485853,52.485853,4560401
2023-05-05,52.485853,52.985051,51.651907,52.147891,52.147891,5548654
2023-05-08,52.147891,52.849761,52.034486,52.735079,52.735079,3889616
2023-05-09,52.735079,53.238098,52.714607,53.217439,53.217439,3108922
2023-05-10,53.217439,54.014332,53.196788,53.993379,53.993379,9669895
2023-05-11,53.993379,55.045304,53.855723,54.905323,54.905323,6171877
2023-05-12,54.905323,56.199392,54.704753,55.994841,55.994841,2799633
2023-05-15,55.994841,56.196236,55.515609,55.716000,55.716000,5585395
2023-05-16,55.716000,58.834405,55.479368,58.585586,58.585586,7246234
2023-05-17,58.585586,58.651202,58.468460,58.534017,58.534017,4947710
2023-05-18,58.534017,58.880283,58.439077,58.784936,58.784936,4892245
2023-05-19,58.784936,58.833251,58.600792,58.648995,58.648995,2393673
2023-05-22,58.648995,59.035123,58.386503,58.772080,58.772080,4119121
2023-05-23,58.772080,58.899023,57.957269,58.082723,58.082723,7883260
2023-05-24,58.082723,60.462439,58.075870,60.455305,60.455305,7440939
2023-05-25,60.455305,60.477508,59.004294,59.025972,59.025972,4054490
2023-05-26,59.025972,59.234709,57.983512,58.189289,58.189289,5417976
2023-05-29,58.189289,59.117164,57.754756,58.678974,58.678974,6347806
2023-05-30,58.678974,59.055562,57.482632,57.853925,57.853925,3944976
2023-05-31,57.853925,58.377225,57.602412,58.124535,58.124535,4561840
2023-06-01,58.124535,58.668581,56.338374,56.870684,56.870684,11892841
2023-06-02,56.870684,57.966961,56.632876,57.725578,57.725578,10614381
2023-06-05,57.725578,57.800153,57.520026,57.594432,57.594432,9002453
2023-06-06,57.594432,58.061087,57.365088,57.830802,57.830802,6014657
2023-06-07,57.830802,58.604879,57.534647,58.306289,58.306289,7781758
2023-06-08,58.306289,58.804178,58.264490,58.762052,58.762052,4509395
2023-06-09,58.762052,59.172103,57.602367,58.007150,58.007150,8933517
2023-06-12,58.007150,58.181390,57.260893,57.433409,57.433409,5254085
2023-06-13,57.433409,58.103845,57.010920,57.679545,57.679545,7515331
2023-06-14,57.679545,58.126510,57.548472,57.994721,57.994721,4993583
2023-06-15,57.994721,58.527391,57.950102,58.482397,58.482397,10884356
2023-06-16,58.482397,59.594763,58.239869,59.348643,59.348643,8085448
2023-06-19,59.348643,59.605279,59.007427,59.263696,59.263696,9602431
2023-06-20,59.263696,59.835522,59.194382,59.765622,59.765622,5507268
2023-06-21,59.765622,60.096426,59.321430,59.651603,59.651603,5967544
2023-06-22,59.651603,59.907741,59.151558,59.406645,59.406645,5470448
2023-06-23,59.406645,59.752598,59.162055,59.507593,59.507593,3143298
2023-06-26,59.507593,60.272227,59.035485,59.797817,59.797817,6559594
2023-06-27,59.797817,61.036051,59.617201,60.852250,60.852250,3290536
2023-06-28,60.852250,60.959573,60.169337,60.275642,60.275642,4065073
2023-06-29,60.275642,60.428882,59.069567,59.220123,59.220123,6895671
2023-06-30,59.220123,60.007473,59.017910,59.803268,59.803268,7320201
2023-07-03,59.803268,60.441696,59.698935,60.336433,60.336433,14184163
2023-07-04,60.336433,60.693016,59.815664,60.171270,60.171270,6784251
2023-07-05,60.171270,60.243532,59.541713,59.613305,59.613305,4733595
2023-07-06,59.613305,60.257674,59.298574,59.941212,59.941212,5217414
2023-07-07,59.941212,60.488637,59.702328,60.248528,60.248528,10250828
2023-07-10,60.248528,60.618620,60.168560,60.538268,60.538268,5680595
2023-07-11,60.538268,60.866718,59.251890,59.575115,59.575115,6196742
2023-07-12,59.575115,59.681193,59.232428,59.338084,59.338084,5948389
2023-07-13,59.338084,59.718831,58.150663,58.526200,58.526200,7884981
2023-07-14,58.526200,59.278425,58.489893,59.241674,59.241674,4602535
2023-07-17,59.241674,59.898252,59.025906,59.680885,59.680885,6953704
2023-07-18,59.680885,59.923527,59.083044,59.324237,59.324237,4019390
2023-07-19,59.324237,60.695840,59.262270,60.632507,60.632507,9858178
2023-07-20,60.632507,61.979683,60.585592,61.931763,61.931763,7599602
2023-07-21,61.931763,62.636157,61.744613,62.447449,62.447449,3652752
2023-07-24,62.447449,62.501391,61.649351,61.702650,61.702650,3689243
2023-07-25,61.702650,62.848875,61.692226,62.838259,62.838259,6156459
2023-07-26,62.838259,63.843163,62.383692,63.384644,63.384644,8666387
2023-07-27,63.384644,63.932669,63.161078,63.707962,63.707962,6271566
2023-07-28,63.707962,64.347839,63.464939,64.103308,64.103308,3859769
2023-07-31,64.103308,64.434426,63.845684,64.176508,64.176508,4393646
2023-08-01,64.176508,64.718720,64.008820,64.550055,64.550055,8072421
2023-08-02,64.550055,64.799017,64.021593,64.269473,64.269473,7960420
2023-08-03,64.269473,64.915626,63.930078,64.574619,64.574619,7786192
2023-08-04,64.574619,64.771326,63.857932,64.053050,64.053050,5516788
2023-08-07,64.053050,64.664241,63.744012,64.353753,64.353753,4367603
2023-08-08,64.353753,64.549759,63.845675,64.040727,64.040727,3709792
2023-08-09,64.040727,64.289174,63.714313,63.962456,63.962456,4898517
2023-08-10,63.962456,64.166091,62.598112,62.798040,62.798040,3038492
2023-08-11,62.798040,62.890908,62.006365,62.098198,62.098198,6685451
2023-08-14,62.098198,63.177224,61.274190,62.349877,62.349877,7381660
2023-08-15,62.349877,62.405568,62.287249,62.342935,62.342935,3254819
2023-08-16,62.342935,62.699769,62.337494,62.694298,62.694298,6669385
2023-08-17,62.694298,62.714133,62.242230,62.261929,62.261929,5289859
2023-08-18,62.261929,62.362182,61.742481,61.842058,61.842058,6287614
2023-08-21,61.842058,61.996859,61.376672,61.530694,61.530694,6880401
2023-08-22,61.530694,61.623079,60.179104,60.269595,60.269595,8703549
2023-08-23,60.269595,60.548628,59.891622,60.170194,60.170194,5436624
2023-08-24,60.170194,60.465502,60.006410,60.301361,60.301361,10997601
2023-08-25,60.301361,60.405327,59.684478,59.787558,59.787558,4477167
2023-08-28,59.787558,59.914957,59.642429,59.769790,59.769790,5821026
2023-08-29,59.769790,59.787207,59.441267,59.458593,59.458593,2678101
2023-08-30,59.458593,60.019841,59.140793,59.700746,59.700746,6218345
2023-08-31,59.700746,59.940208,59.480508,59.719900,59.719900,2579750
2023-09-01,59.719900,60.109204,58.916901,59.303491,59.303491,7061643
2023-09-04,59.303491,60.028425,59.284135,60.008838,60.008838,9677178
2023-09-05,60.008838,60.417536,59.945727,60.354061,60.354061,5139224
2023-09-06,60.354061,61.036908,59.977103,60.658051,60.658051,6271315
2023-09-07,60.658051,61.456632,60.631188,61.429428,61.429428,6744686
2023-09-08,61.429428,62.243481,61.073815,61.885230,61.885230,4689104
2023-09-11,61.885230,62.676199,61.766326,62.556006,62.556006,4896663
2023-09-12,62.556006,64.055748,62.098135,63.590307,63.590307,4127181
2023-09-13,63.590307,64.172603,63.566551,64.148638,64.148638,5786211
2023-09-14,64.148638,64.198884,63.883997,63.934074,63.934074,5635960
2023-09-15,63.934074,64.310917,63.585812,63.962499,63.962499,8154474
2023-09-18,63.962499,64.250935,62.405381,62.688070,62.688070,10614245
2023-09-19,62.688070,63.169319,62.156656,62.637517,62.637517,6781455
2023-09-20,62.637517,63.133974,62.387748,62.883225,62.883225,5741211
2023-09-21,62.883225,63.105459,62.705928,62.928035,62.928035,5245940
2023-09-22,62.928035,63.519249,62.777996,63.368160,63.368160,2493955
2023-09-25,63.368160,63.420290,63.289137,63.341244,63.341244,5680452
2023-09-26,63.341244,63.636670,63.285397,63.580611,63.580611,7968742
2023-09-27,63.580611,64.572256,63.515355,64.506050,64.506050,8987221
2023-09-28,64.506050,65.025052,63.289253,63.802595,63.802595,3168504
2023-09-29,63.802595,65.251100,63.217141,64.657800,64.657800,2733166
2023-10-02,64.657800,64.821480,64.582897,64.746475,64.746475,6935013
2023-10-03,64.746475,65.151862,64.643221,65.048128,65.048128,5102273
2023-10-04,65.048128,65.533830,64.759532,65.244365,65.244365,8282987
2023-10-05,65.244365,65.963633,65.072975,65.790808,65.790808,2853422
2023-10-06,65.790808,65.950827,65.194066,65.353020,65.353020,8810250
2023-10-09,65.353020,65.360687,64.777784,64.785385,64.785385,5354678
2023-10-10,64.785385,65.167021,63.945208,64.324127,64.324127,2739444
2023-10-11,64.324127,64.415326,63.455499,63.545594,63.545594,10828556
2023-10-12,63.545594,64.054402,62.435018,62.938969,62.938969,6410745
2023-10-13,62.938969,63.093806,62.250069,62.403589,62.403589,7805950
2023-10-16,62.403589,62.404301,62.203247,62.203956,62.203956,3336934
2023-10-17,62.203956,62.474916,61.864799,62.135460,62.135460,3890862
2023-10-18,62.135460,62.738587,61.862958,62.464641,62.464641,8051651
2023-10-19,62.464641,62.532229,62.049473,62.116685,62.116685,4787483
2023-10-20,62.116685,62.184507,61.906729,61.974396,61.974396,3475147
2023-10-23,61.974396,62.364222,61.826703,62.215954,62.215954,6879383
2023-10-24,62.215954,62.314417,61.404773,61.502106,61.502106,5526164
2023-10-25,61.502106,61.865857,60.973265,61.336033,61.336033,4154529
2023-10-26,61.336033,61.634086,60.673148,60.969418,60.969418,6226917
2023-10-27,60.969418,61.127736,60.925253,61.083488,61.083488,10648226
2023-10-30,61.083488,61.305015,60.663117,60.883920,60.883920,4330249
2023-10-31,60.883920,61.118841,60.299486,60.533053,60.533053,7323064
2023-11-01,60.533053,61.164751,60.428881,61.059672,61.059672,7212519
2023-11-02,61.059672,61.353948,60.865959,61.159917,61.159917,5778071
2023-11-03,61.159917,61.812879,59.726774,60.371317,60.371317,4799247
2023-11-06,60.371317,60.805245,60.188630,60.621800,60.621800,4109521
2023-11-07,60.621800,61.192485,60.068288,60.638818,60.638818,6475758
2023-11-08,60.638818,61.681185,60.347799,61.386577,61.386577,4542117
2023-11-09,61.386577,61.673049,60.032043,60.313507,60.313507,2737720
2023-11-10,60.313507,60.654116,59.308502,59.645338,59.645338,8532061
2023-11-13,59.645338,59.784513,59.419945,59.558918,59.558918,10358623
2023-11-14,59.558918,59.631458,59.321391,59.393730,59.393730,5406696
2023-11-15,59.393730,59.653541,58.462602,58.719464,58.719464,5541525
2023-11-16,58.719464,58.856340,58.357209,58.493558,58.493558,8801636
2023-11-17,58.493558,59.338282,58.484070,59.328658,59.328658,9136450
2023-11-20,59.328658,59.607831,58.382744,58.658764,58.658764,5176217
2023-11-21,58.658764,58.899263,57.997672,58.236440,58.236440,4144826
2023-11-22,58.236440,58.527144,58.071363,58.361712,58.361712,7099987
2023-11-23,58.361712,58.824531,57.861883,58.324406,58.324406,3655660
2023-11-24,58.324406,58.483274,57.962247,58.120560,58.120560,9341965
2023-11-27,58.120560,58.637416,58.013310,58.529411,58.529411,9350971
2023-11-28,58.529411,58.603972,57.402278,57.475496,57.475496,5539129
2023-11-29,57.475496,57.853404,56.882132,57.258615,57.258615,4164385
2023-11-30,57.258615,57.611535,56.960275,57.312912,57.312912,7595337
2023-12-01,57.312912,57.444991,56.629422,56.760227,56.760227,9454276
2023-12-04,56.760227,57.174872,56.621384,57.035355,57.035355,6927784
2023-12-05,57.035355,57.416423,56.154862,56.532570,56.532570,6459930
2023-12-06,56.532570,57.401880,56.450061,57.318224,57.318224,6130396
2023-12-07,57.318224,57.422708,57.051805,57.155994,57.155994,4132125
2023-12-08,57.155994,57.441878,56.983464,57.269007,57.269007,9939108
2023-12-11,57.269007,57.500127,56.725575,56.955429,56.955429,13753566
2023-12-12,56.955429,57.131392,56.589203,56.764575,56.764575,10962729
2023-12-13,56.764575,56.852325,55.933427,56.020026,56.020026,11758157
2023-12-14,56.020026,56.155299,55.754686,55.889644,55.889644,9061186
2023-12-15,55.889644,56.150529,55.107135,55.365574,55.365574,5967129
2023-12-18,55.365574,55.501994,54.937215,55.072914,55.072914,9203750
2023-12-19,55.072914,55.566086,54.983151,55.475667,55.475667,6279399
2023-12-20,55.475667,56.077267,55.387382,55.988166,55.988166,6229249
2023-12-21,55.988166,55.996522,55.818933,55.827265,55.827265,15419850
2023-12-22,55.827265,55.984015,54.285778,54.438629,54.438629,5026929
2023-12-25,54.438629,54.517192,54.209787,54.288133,54.288133,5511998
2023-12-26,54.288133,54.290971,53.339457,53.342246,53.342246,8519400
2023-12-27,53.342246,53.550343,52.938580,53.145911,53.145911,6936546
2023-12-28,53.145911,54.703396,52.945451,54.497837,54.497837,10319992
2023-12-29,54.497837,54.541730,53.584919,53.628112,53.628112,9289968
2024-01-01,53.628112,53.716211,53.191222,53.278748,53.278748,8615959
2024-01-02,53.278748,53.500287,53.248649,53.470080,53.470080,9225783
2024-01-03,53.470080,54.115746,53.213712,53.857520,53.857520,3976992
2024-01-04,53.857520,55.400244,53.634140,55.171415,55.171415,4472661
2024-01-05,55.171415,55.575656,54.635932,55.039205,55.039205,6721300
2024-01-08,55.039205,55.588496,54.672366,55.220450,55.220450,6475524
2024-01-09,55.220450,55.710743,54.931650,55.420895,55.420895,3765783
2024-01-10,55.420895,55.570783,53.849494,53.995527,53.995527,5990971
2024-01-11,53.995527,54.810253,53.909346,54.722911,54.722911,4109962
2024-01-12,54.722911,54.772978,54.284892,54.334604,54.334604,8297359
2024-01-15,54.334604,54.428003,54.187672,54.280978,54.280978,9550865
2024-01-16,54.280978,55.350310,54.200774,55.268646,55.268646,8011146
2024-01-17,55.268646,55.555222,55.008509,55.294961,55.294961,4832366
2024-01-18,55.294961,55.424017,54.802426,54.930631,54.930631,3879572
2024-01-19,54.930631,55.379847,54.817972,55.266498,55.266498,4254047
2024-01-22,55.266498,55.561966,55.263650,55.559102,55.559102,4322890
2024-01-23,55.559102,55.576242,54.775934,54.792837,54.792837,4405750
2024-01-24,54.792837,55.018260,54.272582,54.496786,54.496786,5253143
2024-01-25,54.496786,55.199357,53.258235,53.953806,53.953806,5434707
2024-01-26,53.953806,54.169179,53.667790,53.882880,53.882880,5687215
2024-01-29,53.882880,53.938596,53.794986,53.850668,53.850668,6735760
2024-01-30,53.850668,53.948146,51.263798,51.356761,51.356761,7620404
2024-01-31,51.356761,51.588507,51.193968,51.425496,51.425496,7994522
2024-02-01,51.425496,51.892722,51.329599,51.796134,51.796134,4829647
2024-02-02,51.796134,52.621741,51.718613,52.543102,52.543102,7041108
2024-02-05,52.543102,52.698723,52.476885,52.632393,52.632393,9539918
2024-02-06,52.632393,53.324945,52.554588,53.246233,53.246233,7513815
2024-02-07,53.246233,54.662142,52.697334,54.104396,54.104396,5062669
2024-02-08,54.104396,54.130609,53.524323,53.550268,53.550268,5119176
2024-02-09,53.550268,53.786024,53.504759,53.740353,53.740353,10195146
2024-02-12,53.740353,53.915510,53.287086,53.461333,53.461333,6457637
2024-02-13,53.461333,53.576538,53.035970,53.150505,53.150505,5557143
2024-02-14,53.150505,54.778709,53.011179,54.635490,54.635490,3857838
2024-02-15,54.635490,54.726318,53.619513,53.708801,53.708801,9832629
2024-02-16,53.708801,53.982386,53.677672,53.951117,53.951117,6610761
2024-02-19,53.951117,54.407999,53.662756,54.118742,54.118742,6203244
2024-02-20,54.118742,54.648527,54.105001,54.634656,54.634656,4093415
2024-02-21,54.634656,55.073858,53.004490,53.434041,53.434041,6585300
2024-02-22,53.434041,53.697362,53.327850,53.590860,53.590860,7273074
2024-02-23,53.590860,53.806130,53.134091,53.348387,53.348387,5696065
2024-02-26,53.348387,53.684743,53.220527,53.556385,53.556385,6771033
2024-02-27,53.556385,53.903229,53.443526,53.789879,53.789879,5293227
2024-02-28,53.789879,54.041960,53.137845,53.388043,53.388043,7083376
2024-02-29,53.388043,53.975797,52.460978,53.044955,53.044955,5631787
2024-03-01,53.044955,53.445114,52.539274,52.938631,52.938631,5370893
2024-03-04,52.938631,53.780200,52.863773,53.704259,53.704259,3623313
2024-03-05,53.704259,53.773001,53.414507,53.482966,53.482966,5178341
2024-03-06,53.482966,53.734702,53.466900,53.718565,53.718565,8054264
2024-03-07,53.718565,54.090536,52.331361,52.696252,52.696252,3932905
2024-03-08,52.696252,53.094232,52.125249,52.521912,52.521912,5995528
2024-03-11,52.521912,52.905727,51.978219,52.360857,52.360857,14561940
2024-03-12,52.360857,52.464956,51.953102,52.056595,52.056595,3778564
2024-03-13,52.056595,52.845139,51.986011,52.773582,52.773582,7246124
2024-03-14,52.773582,53.016681,52.748828,52.991824,52.991824,3923533
2024-03-15,52.991824,54.074393,52.916920,53.998066,53.998066,5782903
2024-03-18,53.998066,54.156283,53.922346,54.080447,54.080447,8747288
2024-03-19,54.080447,54.711468,53.858527,54.487876,54.487876,4810162
2024-03-20,54.487876,54.541276,54.466569,54.519956,54.519956,7294470
2024-03-21,54.519956,54.572527,54.420065,54.472590,54.472590,4609210
2024-03-22,54.472590,54.600532,53.669181,53.795533,53.795533,4577277
2024-03-25,53.795533,54.343735,53.758342,54.306191,54.306191,12484764
2024-03-26,54.306191,54.526525,53.745798,53.964746,53.964746,11511562
2024-03-27,53.964746,54.049030,53.283040,53.366390,53.366390,9357048
2024-03-28,53.366390,53.466005,52.378484,52.476438,52.476438,4034827
2024-03-29,52.476438,52.774848,52.423542,52.721705,52.721705,6670622
2024-04-01,52.721705,53.124401,52.126701,52.527917,52.527917,2341776
2024-04-02,52.527917,52.543746,51.769554,51.785159,51.785159,4680444
2024-04-03,51.785159,51.815989,51.575642,51.606365,51.606365,5853266
2024-04-04,51.606365,54.576815,51.454114,54.416274,54.416274,4317162
2024-04-05,54.416274,54.884400,53.669117,54.134822,54.134822,7453918
2024-04-08,54.134822,54.249128,53.929043,54.043156,54.043156,4360962
2024-04-09,54.043156,54.227109,53.516886,53.699669,53.699669,6898248
2024-04-10,53.699669,54.016033,53.630211,53.946256,53.946256,3981942
2024-04-11,53.946256,54.264826,53.668253,53.986615,53.986615,7413670
2024-04-12,53.986615,54.266826,53.751954,54.031967,54.031967,4573183
2024-04-15,54.031967,54.095979,53.391203,53.454531,53.454531,6261900
2024-04-16,53.454531,53.487822,53.370648,53.403907,53.403907,4273193
2024-04-17,53.403907,53.669075,53.192379,53.457336,53.457336,6006808
2024-04-18,53.457336,53.838125,52.644346,53.022035,53.022035,2963667
2024-04-19,53.022035,54.058184,52.544192,53.575354,53.575354,3745293
2024-04-22,53.575354,54.156810,53.183156,53.763237,53.763237,9594348
2024-04-23,53.763237,53.978295,53.760270,53.975315,53.975315,5507900
2024-04-24,53.975315,55.513691,53.486791,55.015750,55.015750,7289172
2024-04-25,55.015750,55.215906,54.971413,55.171443,55.171443,6732120
2024-04-26,55.171443,55.233816,54.922514,54.984676,54.984676,7814247
2024-04-29,54.984676,56.144250,54.864549,56.021857,56.021857,4602502
2024-04-30,56.021857,56.126401,55.141866,55.244960,55.244960,6560731
2024-05-01,55.244960,55.361046,54.481333,54.596056,54.596056,6850046
2024-05-02,54.596056,55.359514,54.468819,55.230798,55.230798,4795893
2024-05-03,55.230798,55.605104,54.959125,55.332929,55.332929,7328562
2024-05-06,55.332929,55.681041,54.712740,55.059129,55.059129,3729302
2024-05-07,55.059129,55.402340,54.983861,55.326706,55.326706,4081188
2024-05-08,55.326706,56.154324,55.177631,56.003425,56.003425,4700853
2024-05-09,56.003425,56.438913,55.649799,56.084773,56.084773,4168299
2024-05-10,56.084773,56.181924,54.892555,54.987806,54.987806,5482333
2024-05-13,54.987806,55.309171,52.359927,52.667733,52.667733,7555014
2024-05-14,52.667733,52.919722,52.608036,52.859807,52.859807,7478072
2024-05-15,52.859807,53.515303,52.591769,53.245311,53.245311,5405299
2024-05-16,53.245311,53.503827,53.037281,53.295601,53.295601,3432482
2024-05-17,53.295601,53.328091,52.836858,52.869088,52.869088,8154092
2024-05-20,52.869088,53.803819,52.714890,53.647351,53.647351,7314409
2024-05-21,53.647351,53.819472,52.988864,53.159420,53.159420,8473456
2024-05-22,53.159420,53.298796,52.521295,52.659360,52.659360,4005077
2024-05-23,52.659360,52.852897,52.506376,52.699795,52.699795,5599180
2024-05-24,52.699795,52.861090,51.553930,51.712203,51.712203,9065534
2024-05-27,51.712203,51.845698,51.314172,51.446982,51.446982,10514173
2024-05-28,51.446982,53.498635,51.342488,53.390194,53.390194,5392230
2024-05-29,53.390194,53.474636,52.566611,52.649882,52.649882,5264188
2024-05-30,52.649882,53.488404,52.644721,53.483162,53.483162,2937039
2024-05-31,53.483162,53.918863,53.401775,53.836937,53.836937,6413130
2024-06-03,53.836937,54.455784,53.687839,54.305388,54.305388,7310902
2024-06-04,54.305388,55.561816,53.947062,55.197602,55.197602,5555492
2024-06-05,55.197602,55.231271,55.136029,55.169681,55.169681,4310266
2024-06-06,55.169681,55.220959,54.968610,55.019750,55.019750,4783668
2024-06-07,55.019750,55.184460,54.994520,55.159166,55.159166,8253051
2024-06-10,55.159166,55.868770,55.005643,55.713702,55.713702,1975589
2024-06-11,55.713702,56.076633,55.512295,55.874644,55.874644,6774610
2024-06-12,55.874644,56.898918,55.757906,56.780288,56.780288,8163320
2024-06-13,56.780288,57.637983,56.646609,57.502603,57.502603,6232794
2024-06-14,57.502603,57.786207,57.081909,57.364834,57.364834,4398935
2024-06-17,57.364834,57.760776,56.848953,57.244062,57.244062,3354240
2024-06-18,57.244062,57.588793,56.400275,56.741982,56.741982,4390012
2024-06-19,56.741982,57.386818,56.559700,57.203055,57.203055,5052418
2024-06-20,57.203055,57.407461,56.640782,56.843904,56.843904,7268091
2024-06-21,56.843904,57.166093,56.040719,56.360166,56.360166,4889977
2024-06-24,56.360166,57.373229,56.166054,57.176306,57.176306,4990816
2024-06-25,57.176306,57.276213,56.966293,57.066008,57.066008,6194852
2024-06-26,57.066008,57.246612,57.045136,57.225681,57.225681,6109931
2024-06-27,57.225681,57.307687,56.489514,56.570582,56.570582,5580342
2024-06-28,56.570582,56.819289,55.546858,55.792144,55.792144,5832513
2024-07-01,55.792144,56.268545,55.680468,56.156141,56.156141,4396244
2024-07-02,56.156141,56.243676,55.368248,55.454690,55.454690,4680891
2024-07-03,55.454690,55.471643,55.342499,55.359423,55.359423,15023419
2024-07-04,55.359423,55.539664,55.265572,55.445667,55.445667,3926373
2024-07-05,55.445667,55.873914,55.344455,55.772106,55.772106,8495889
2024-07-08,55.772106,55.924932,55.701505,55.854227,55.854227,7903814
2024-07-09,55.854227,56.665665,55.597721,56.406622,56.406622,3542555
2024-07-10,56.406622,57.054866,56.052829,56.699238,56.699238,7057320
2024-07-11,56.699238,56.964038,56.285385,56.549485,56.549485,7525082
2024-07-12,56.549485,56.655892,55.779745,55.884901,55.884901,2737485
2024-07-15,55.884901,56.003542,55.679826,55.798282,55.798282,4773899
2024-07-16,55.798282,56.450587,55.729562,56.381149,56.381149,4269237
2024-07-17,56.381149,57.034127,56.048408,56.699508,56.699508,4831184
2024-07-18,56.699508,58.166380,56.545294,58.008606,58.008606,6636212
2024-07-19,58.008606,58.122535,57.452942,57.566002,57.566002,3572092
2024-07-22,57.566002,57.818759,57.492885,57.745414,57.745414,4897086
2024-07-23,57.745414,57.954356,57.172077,57.379696,57.379696,8027637
2024-07-24,57.379696,57.557829,56.753876,56.930615,56.930615,7216324
2024-07-25,56.930615,57.559941,55.961838,56.587369,56.587369,8164175
2024-07-26,56.587369,57.280112,56.449551,57.140947,57.140947,4012836
2024-07-29,57.140947,57.229467,56.569253,56.657024,56.657024,4148363
2024-07-30,56.657024,56.781100,56.564118,56.688143,56.688143,7057509
2024-07-31,56.688143,57.060711,56.532097,56.904071,56.904071,6862503
2024-08-01,56.904071,57.712270,56.678618,57.484517,57.484517,9040645
2024-08-02,57.484517,57.929179,57.469153,57.913700,57.913700,3644977
2024-08-05,57.913700,57.986626,57.766293,57.839126,57.839126,3770085
2024-08-06,57.839126,58.161722,57.607231,57.929464,57.929464,7278711
2024-08-07,57.929464,58.319572,57.712210,58.101672,58.101672,6579425
2024-08-08,58.101672,58.178691,57.885973,57.962808,57.962808,6453784
2024-08-09,57.962808,58.500012,57.952079,58.489185,58.489185,5507472
2024-08-12,58.489185,59.320238,58.111864,58.940009,58.940009,6199947
2024-08-13,58.940009,59.383357,58.732857,59.175378,59.175378,5822587
2024-08-14,59.175378,59.273062,57.813493,57.909087,57.909087,5190011
2024-08-15,57.909087,59.167630,57.539893,58.792802,58.792802,4601252
2024-08-16,58.792802,58.842528,58.772221,58.821936,58.821936,6777030
2024-08-19,58.821936,59.438819,58.569395,59.184720,59.184720,3560293
2024-08-20,59.184720,59.972302,58.975378,59.760922,59.760922,5802182
2024-08-21,59.760922,60.128951,58.727738,59.091644,59.091644,4869097
2024-08-22,59.091644,59.315790,58.921740,59.145730,59.145730,4418327
2024-08-23,59.145730,59.260147,58.087301,58.199888,58.199888,5810627
2024-08-26,58.199888,59.825788,58.035286,59.657064,59.657064,7045122
2024-08-27,59.657064,59.812075,59.622809,59.777751,59.777751,6251597
2024-08-28,59.777751,60.555574,59.755082,60.532619,60.532619,3377523
2024-08-29,60.532619,60.933505,60.515938,60.916718,60.916718,6924643
2024-08-30,60.916718,61.684085,60.605522,61.370571,61.370571,7682701
2024-09-02,61.370571,62.639723,61.004204,62.267999,62.267999,4148572
2024-09-03,62.267999,63.073395,61.879568,62.682380,62.682380,5420621
2024-09-04,62.682380,63.098467,62.232618,62.648480,62.648480,6359285
2024-09-05,62.648480,63.272156,62.548093,63.170933,63.170933,3197034
2024-09-06,63.170933,63.422665,63.001184,63.252697,63.252697,13059544
2024-09-09,63.252697,63.640889,62.778313,63.165973,63.165973,4175258
2024-09-10,63.165973,63.227667,62.919127,62.980640,62.980640,7453449
2024-09-11,62.980640,64.284022,62.819941,64.120414,64.120414,5484743
2024-09-12,64.120414,66.912419,63.985589,66.772018,66.772018,6325000
2024-09-13,66.772018,67.920781,66.732323,67.880427,67.880427,7138977
2024-09-16,67.880427,68.673639,67.431881,68.222831,68.222831,4369784
2024-09-17,68.222831,68.236764,67.940234,67.954113,67.954113,6680829
2024-09-18,67.954113,68.064259,67.431827,67.541304,67.541304,4580643
2024-09-19,67.541304,68.910409,67.490743,68.858862,68.858862,8777194
2024-09-20,68.858862,69.005068,68.567953,68.713851,68.713851,7015293
2024-09-23,68.713851,68.925482,68.607755,68.819224,68.819224,6699043
2024-09-24,68.819224,69.058723,66.985291,67.219221,67.219221,10103231
2024-09-25,67.219221,67.536974,66.833428,67.150858,67.150858,5183836
2024-09-26,67.150858,67.788783,66.922589,67.559126,67.559126,6303236
2024-09-27,67.559126,67.591017,67.212621,67.244363,67.244363,4543665
2024-09-30,67.244363,67.588099,66.622003,66.964307,66.964307,3177238
2024-10-01,66.964307,66.984563,66.429400,66.449501,66.449501,6705381
2024-10-02,66.449501,66.681459,65.899843,66.130689,66.130689,5254393
2024-10-03,66.130689,66.413017,65.952360,66.234408,66.234408,10260954
2024-10-04,66.234408,66.463179,62.157991,62.373426,62.373426,5076456
2024-10-07,62.373426,63.494626,62.315333,63.435543,63.435543,6789966
2024-10-08,63.435543,64.851581,63.254613,64.667139,64.667139,6726503
2024-10-09,64.667139,65.503864,64.567576,65.403168,65.403168,5003204
2024-10-10,65.403168,70.996926,65.043982,70.609149,70.609149,4276261
2024-10-11,70.609149,70.866796,70.576180,70.833722,70.833722,3753347
2024-10-14,70.833722,71.709605,70.579021,71.452678,71.452678,8341745
2024-10-15,71.452678,71.486034,71.134094,71.167318,71.167318,4754517
2024-10-16,71.167318,71.206877,70.906883,70.946320,70.946320,5919186
2024-10-17,70.946320,71.425691,69.616643,70.090230,70.090230,4689601
2024-10-18,70.090230,70.834836,70.055710,70.799967,70.799967,4116940
2024-10-21,70.799967,71.126065,70.082667,70.406954,70.406954,7155682
2024-10-22,70.406954,71.372268,70.404282,71.369560,71.369560,4189660
2024-10-23,71.369560,72.130790,71.267570,72.027860,72.027860,4939976
2024-10-24,72.027860,72.380297,71.373257,71.724209,71.724209,4564085
2024-10-25,71.724209,72.064467,69.222511,69.552466,69.552466,13387961
2024-10-28,69.552466,69.573296,69.386032,69.406819,69.406819,4608846
2024-10-29,69.406819,69.713667,67.665483,67.965961,67.965961,7007906
2024-10-30,67.965961,68.216835,66.458665,66.704884,66.704884,4833684
2024-10-31,66.704884,66.786486,66.476279,66.557701,66.557701,3697673
2024-11-01,66.557701,66.896123,66.015801,66.353183,66.353183,8038124
2024-11-04,66.353183,66.667954,65.455533,65.767525,65.767525,5739503
2024-11-05,65.767525,65.904818,65.161301,65.297612,65.297612,5762151
2024-11-06,65.297612,65.398534,64.734859,64.835066,64.835066,7779828
2024-11-07,64.835066,65.025121,64.469096,64.658634,64.658634,7261778
2024-11-08,64.658634,65.053859,64.604096,64.999034,64.999034,5699864
2024-11-11,64.999034,65.208253,64.996351,65.205561,65.205561,10623100
2024-11-12,65.205561,66.283533,64.639078,65.712645,65.712645,4699703
2024-11-13,65.712645,65.878337,65.323899,65.489027,65.489027,7244264
2024-11-14,65.489027,65.633046,64.814903,64.957755,64.957755,4986976
2024-11-15,64.957755,65.204820,63.900878,64.144851,64.144851,6712624
2024-11-18,64.144851,64.489627,64.082851,64.427353,64.427353,5281576
2024-11-19,64.427353,64.752463,64.345337,64.670137,64.670137,3216802
2024-11-20,64.670137,65.129987,62.960791,63.411692,63.411692,7874800
2024-11-21,63.411692,63.844545,63.140486,63.572650,63.572650,5577185
2024-11-22,63.572650,64.394284,63.225334,64.044390,64.044390,5521523
2024-11-25,64.044390,64.070805,63.361829,63.387972,63.387972,6510989
2024-11-26,63.387972,64.350239,63.119701,64.079043,64.079043,7172131
2024-11-27,64.079043,64.966137,64.028219,64.914651,64.914651,3533056
2024-11-28,64.914651,65.857490,64.537217,65.476788,65.476788,8769558
2024-11-29,65.476788,65.488871,64.864164,64.876137,64.876137,6614391
2024-12-02,64.876137,65.007170,64.066755,64.196415,64.196415,9096174
2024-12-03,64.196415,64.208620,63.532962,63.545043,63.545043,4428720
2024-12-04,63.545043,63.558917,63.316308,63.330135,63.330135,6445096
2024-12-05,63.330135,63.569006,63.292381,63.531132,63.531132,3852516
2024-12-06,63.531132,63.775604,63.319048,63.563412,63.563412,6435368
2024-12-09,63.563412,63.704035,63.220899,63.361075,63.361075,5090610
2024-12-10,63.361075,63.554535,63.175046,63.368485,63.368485,7236185
2024-12-11,63.368485,63.505456,62.969948,63.106352,63.106352,8098004
2024-12-12,63.106352,63.355670,62.968849,63.217923,63.217923,4068149
2024-12-13,63.217923,63.909352,63.081659,63.771894,63.771894,8081405
2024-12-16,63.771894,65.464071,63.715696,65.406432,65.406432,11149354
2024-12-17,65.406432,66.819493,64.754911,66.160462,66.160462,4630316
2024-12-18,66.160462,66.298613,66.116515,66.254603,66.254603,8518761
2024-12-19,66.254603,66.383369,65.910070,66.038416,66.038416,3584981
2024-12-20,66.038416,66.215000,64.859709,65.033606,65.033606,4582964
2024-12-23,65.033606,66.766825,65.005805,66.738295,66.738295,6506972
2024-12-24,66.738295,67.711067,66.447812,67.417627,67.417627,4160462
2024-12-25,67.417627,67.903777,66.505109,66.988162,66.988162,6930808
2024-12-26,66.988162,67.316006,65.877988,66.201985,66.201985,4032500
2024-12-27,66.201985,66.521789,65.497773,65.815711,65.815711,5716611
2024-12-30,65.815711,66.408092,64.904695,65.494182,65.494182,9991481
2024-12-31,65.494182,67.719907,65.274932,67.493963,67.493963,3459517
