date,open,high,low,close,adjusted_close,volume
2007-01-01,1.100000,1.100573,1.067589,1.068145,1.068145,6216674
2007-01-02,1.068145,1.112596,1.067519,1.111944,1.111944,7962180
2007-01-03,1.111944,1.114776,1.082324,1.085088,1.085088,6048098
2007-01-04,1.085088,1.090708,1.082777,1.088390,1.088390,3780667
2007-01-05,1.088390,1.088553,1.037149,1.037305,1.037305,5259243
2007-01-08,1.037305,1.047058,1.032038,1.041769,1.041769,6031859
2007-01-09,1.041769,1.064741,1.039467,1.062394,1.062394,8215368
2007-01-10,1.062394,1.065121,1.055654,1.058370,1.058370,11518058
2007-01-11,1.058370,1.088380,1.053899,1.083802,1.083802,4526663
2007-01-12,1.083802,1.085632,1.038654,1.040411,1.040411,5574720
2007-01-15,1.040411,1.040729,1.026769,1.027083,1.027083,4032780
2007-01-16,1.027083,1.039792,1.026132,1.038830,1.038830,3448572
2007-01-17,1.038830,1.049947,1.037818,1.048925,1.048925,3184948
2007-01-18,1.048925,1.063481,1.047633,1.062173,1.062173,4747714
2007-01-19,1.062173,1.065339,1.016159,1.019197,1.019197,8702126
2007-01-22,1.019197,1.045120,1.017648,1.043534,1.043534,9042229
2007-01-23,1.043534,1.047743,1.013335,1.017439,1.017439,4396263
2007-01-24,1.017439,1.028887,1.015740,1.027172,1.027172,9360746
2007-01-25,1.027172,1.029892,0.998542,1.001193,1.001193,5345818
2007-01-26,1.001193,1.038704,0.999985,1.037452,1.037452,11216497
2007-01-29,1.037452,1.085362,1.032143,1.079836,1.079836,9889106
2007-01-30,1.079836,1.079954,1.048680,1.048795,1.048795,6570019
2007-01-31,1.048795,1.053698,1.047085,1.051983,1.051983,3815396
2007-02-01,1.051983,1.056257,1.042702,1.046956,1.046956,8926906
2007-02-02,1.046956,1.081584,1.045297,1.079873,1.079873,5987733
2007-02-05,1.079873,1.094237,1.076486,1.090816,1.090816,9314981
2007-02-06,1.090816,1.093218,1.075747,1.078121,1.078121,4715510
2007-02-07,1.078121,1.078824,1.057385,1.058075,1.058075,5359183
2007-02-08,1.058075,1.065742,1.046769,1.054410,1.054410,5036782
2007-02-09,1.054410,1.061357,0.979501,0.985997,0.985997,11768119
2007-02-12,0.985997,0.987607,0.982635,0.984242,0.984242,3728580
2007-02-13,0.984242,1.008858,0.983491,1.008089,1.008089,6277721
2007-02-14,1.008089,1.046522,1.004654,1.042969,1.042969,12545672
2007-02-15,1.042969,1.095643,1.037276,1.089695,1.089695,3666049
2007-02-16,1.089695,1.097079,1.041424,1.048529,1.048529,3671952
2007-02-19,1.048529,1.054396,0.990896,0.996472,0.996472,7234957
2007-02-20,0.996472,0.996867,0.985210,0.985601,0.985601,3916436
2007-02-21,0.985601,1.014952,0.979593,1.008803,1.008803,4740466
2007-02-22,1.008803,1.026929,1.000596,1.018642,1.018642,7163449
2007-02-23,1.018642,1.019434,1.006995,1.007778,1.007778,9441661
2007-02-26,1.007778,1.010662,0.964866,0.967635,0.967635,4476857
2007-02-27,0.967635,0.967834,0.950703,0.950898,0.950898,4867444
2007-02-28,0.950898,0.961158,0.947465,0.957700,0.957700,6439891
2007-03-01,0.957700,0.961323,0.919364,0.922854,0.922854,3910898
2007-03-02,0.922854,0.978303,0.918180,0.973373,0.973373,18460660
2007-03-05,0.973373,0.986958,0.971907,0.985474,0.985474,8194918
2007-03-06,0.985474,0.986201,0.982961,0.983686,0.983686,7275208
2007-03-07,0.983686,0.987601,0.956671,0.960494,0.960494,8755186
2007-03-08,0.960494,0.982634,0.956847,0.978917,0.978917,2875434
2007-03-09,0.978917,0.981263,0.939090,0.941346,0.941346,4290196
2007-03-12,0.941346,0.943208,0.930954,0.932798,0.932798,5763359
2007-03-13,0.932798,0.934087,0.896674,0.897915,0.897915,4708050
2007-03-14,0.897915,0.951864,0.894614,0.948378,0.948378,8398262
2007-03-15,0.948378,0.948954,0.927216,0.927779,0.927779,6819014
2007-03-16,0.927779,0.944499,0.923419,0.940081,0.940081,10977857
2007-03-19,0.940081,0.958267,0.935184,0.953300,0.953300,7062046
2007-03-20,0.953300,0.983680,0.947634,0.977868,0.977868,8945480
2007-03-21,0.977868,0.980682,0.941950,0.944668,0.944668,8674451
2007-03-22,0.944668,0.969846,0.943328,0.968472,0.968472,8440793
2007-03-23,0.968472,0.981398,0.966145,0.979045,0.979045,3454570
2007-03-26,0.979045,1.002125,0.974468,0.997461,0.997461,9767462
2007-03-27,0.997461,0.998705,0.976451,0.977670,0.977670,8515002
2007-03-28,0.977670,0.979920,0.975743,0.977993,0.977993,5755093
2007-03-29,0.977993,1.040985,0.977690,1.040662,1.040662,6527316
2007-03-30,1.040662,1.043821,1.014737,1.017827,1.017827,8264882
2007-04-02,1.017827,1.019459,1.007314,1.008932,1.008932,5977052
2007-04-03,1.008932,1.017853,1.002678,1.011582,1.011582,6594542
2007-04-04,1.011582,1.030783,1.010124,1.029300,1.029300,6165074
2007-04-05,1.029300,1.032533,1.022059,1.025280,1.025280,11662450
2007-04-06,1.025280,1.026087,0.982633,0.983408,0.983408,4788611
2007-04-09,0.983408,0.988563,0.946605,0.951594,0.951594,4241066
2007-04-10,0.951594,0.958314,0.933173,0.939810,0.939810,5466272
2007-04-11,0.939810,1.003396,0.934480,0.997737,0.997737,9974779
2007-04-12,0.997737,1.000319,0.991307,0.993879,0.993879,7375327
2007-04-13,0.993879,1.015656,0.991846,1.013583,1.013583,8895916
2007-04-16,1.013583,1.030075,1.013581,1.030072,1.030072,3662319
2007-04-17,1.030072,1.044088,1.023592,1.037560,1.037560,4504129
2007-04-18,1.037560,1.044844,1.014884,1.022059,1.022059,3145965
2007-04-19,1.022059,1.024222,1.011850,1.013995,1.013995,8072436
2007-04-20,1.013995,1.023318,0.995796,1.005036,1.005036,4200881
2007-04-23,1.005036,1.043797,1.001639,1.040281,1.040281,11861821
2007-04-24,1.040281,1.057524,1.033599,1.050774,1.050774,7706512
2007-04-25,1.050774,1.053005,1.008311,1.010456,1.010456,5597424
2007-04-26,1.010456,1.018089,1.009797,1.017425,1.017425,8094132
2007-04-27,1.017425,1.052303,1.016020,1.050852,1.050852,11283767
2007-04-30,1.050852,1.056313,1.025130,1.030485,1.030485,2961750
2007-05-01,1.030485,1.033251,1.027887,1.030653,1.030653,6248589
2007-05-02,1.030653,1.050583,1.030281,1.050205,1.050205,3198166
2007-05-03,1.050205,1.052409,1.010004,1.012128,1.012128,13005947
2007-05-04,1.012128,1.017634,1.010616,1.016116,1.016116,6087026
2007-05-07,1.016116,1.043218,1.015896,1.042992,1.042992,7895855
2007-05-08,1.042992,1.061293,1.038713,1.056956,1.056956,4834000
2007-05-09,1.056956,1.079991,1.055943,1.078957,1.078957,6350663
2007-05-10,1.078957,1.094431,1.072227,1.087647,1.087647,4216588
2007-05-11,1.087647,1.089436,1.078143,1.079919,1.079919,5710732
2007-05-14,1.079919,1.097902,1.075366,1.093293,1.093293,9045422
2007-05-15,1.093293,1.113144,1.088629,1.108415,1.108415,5747885
2007-05-16,1.108415,1.109111,1.089540,1.090224,1.090224,7228964
2007-05-17,1.090224,1.155818,1.084344,1.149618,1.149618,4470906
2007-05-18,1.149618,1.192824,1.143672,1.186686,1.186686,4301107
2007-05-21,1.186686,1.190661,1.156784,1.160672,1.160672,8996052
2007-05-22,1.160672,1.165409,1.159086,1.163819,1.163819,9078902
2007-05-23,1.163819,1.168818,1.151526,1.156493,1.156493,5422988
2007-05-24,1.156493,1.198226,1.152694,1.194302,1.194302,5062709
2007-05-25,1.194302,1.194363,1.189620,1.189680,1.189680,3703848
2007-05-28,1.189680,1.262309,1.185008,1.257371,1.257371,4772883
2007-05-29,1.257371,1.279059,1.253120,1.274749,1.274749,4015154
2007-05-30,1.274749,1.313373,1.274194,1.312801,1.312801,5269820
2007-05-31,1.312801,1.321562,1.280519,1.289121,1.289121,3812228
2007-06-01,1.289121,1.292082,1.279875,1.282822,1.282822,3301567
2007-06-04,1.282822,1.285422,1.241798,1.244320,1.244320,6372911
2007-06-05,1.244320,1.246081,1.183035,1.184712,1.184712,9553065
2007-06-06,1.184712,1.220951,1.178884,1.214974,1.214974,3886832
2007-06-07,1.214974,1.222684,1.211096,1.218794,1.218794,4922989
2007-06-08,1.218794,1.223061,1.158257,1.162326,1.162326,7966638
2007-06-11,1.162326,1.163559,1.148860,1.150081,1.150081,11260523
2007-06-12,1.150081,1.150768,1.144418,1.145102,1.145102,4696369
2007-06-13,1.145102,1.160183,1.142894,1.157950,1.157950,5488416
2007-06-14,1.157950,1.160561,1.140022,1.142598,1.142598,4937060
2007-06-15,1.142598,1.186886,1.139912,1.184102,1.184102,11622828
2007-06-18,1.184102,1.186600,1.162850,1.165308,1.165308,6571123
2007-06-19,1.165308,1.204857,1.164045,1.203553,1.203553,5141121
2007-06-20,1.203553,1.203688,1.200593,1.200728,1.200728,5732675
2007-06-21,1.200728,1.203725,1.200224,1.203221,1.203221,4282908
2007-06-22,1.203221,1.242932,1.200040,1.239655,1.239655,3338879
2007-06-25,1.239655,1.247524,1.205877,1.213581,1.213581,8712313
2007-06-26,1.213581,1.216574,1.192420,1.195368,1.195368,4722619
2007-06-27,1.195368,1.195654,1.191225,1.191509,1.191509,4907461
2007-06-28,1.191509,1.200059,1.187491,1.196025,1.196025,5807583
2007-06-29,1.196025,1.231873,1.195564,1.231398,1.231398,4927892
2007-07-02,1.231398,1.263265,1.229888,1.261718,1.261718,5833781
2007-07-03,1.261718,1.266208,1.221797,1.226161,1.226161,4528139
2007-07-04,1.226161,1.227642,1.210628,1.212093,1.212093,7055551
2007-07-05,1.212093,1.213612,1.170859,1.172329,1.172329,9049701
2007-07-06,1.172329,1.215069,1.169902,1.212560,1.212560,4216000
2007-07-09,1.212560,1.233392,1.211590,1.232406,1.232406,5121201
2007-07-10,1.232406,1.282664,1.231578,1.281803,1.281803,5836970
2007-07-11,1.281803,1.282465,1.230998,1.231635,1.231635,5076788
2007-07-12,1.231635,1.368661,1.225833,1.362244,1.362244,7066048
2007-07-13,1.362244,1.403231,1.358353,1.399234,1.399234,3558742
2007-07-16,1.399234,1.404898,1.368566,1.374129,1.374129,2917026
2007-07-17,1.374129,1.404454,1.373038,1.403339,1.403339,7145415
2007-07-18,1.403339,1.464808,1.399209,1.460509,1.460509,6597962
2007-07-19,1.460509,1.545107,1.449518,1.533566,1.533566,7824018
2007-07-20,1.533566,1.546059,1.522915,1.535396,1.535396,6962440
2007-07-23,1.535396,1.549308,1.533932,1.547832,1.547832,4170104
2007-07-24,1.547832,1.554419,1.504234,1.510663,1.510663,8601597
2007-07-25,1.510663,1.552490,1.508021,1.549779,1.549779,6675859
2007-07-26,1.549779,1.614013,1.548805,1.612999,1.612999,8657033
2007-07-27,1.612999,1.655262,1.608784,1.650947,1.650947,4908398
2007-07-30,1.650947,1.725440,1.634451,1.708370,1.708370,6615632
2007-07-31,1.708370,1.736648,1.704196,1.732415,1.732415,5169440
2007-08-01,1.732415,1.732761,1.691148,1.691486,1.691486,9849032
2007-08-02,1.691486,1.693748,1.670517,1.672754,1.672754,3606869
2007-08-03,1.672754,1.696708,1.662660,1.686531,1.686531,5264579
2007-08-06,1.686531,1.694677,1.665670,1.673754,1.673754,6527318
2007-08-07,1.673754,1.685624,1.617735,1.629289,1.629289,4072819
2007-08-08,1.629289,1.636270,1.618587,1.625551,1.625551,7347177
2007-08-09,1.625551,1.708919,1.622777,1.706007,1.706007,5824016
2007-08-10,1.706007,1.789335,1.701191,1.784298,1.784298,6684262
2007-08-13,1.784298,1.786419,1.751329,1.753413,1.753413,5570355
2007-08-14,1.753413,1.779254,1.745105,1.770863,1.770863,7463395
2007-08-15,1.770863,1.778161,1.768695,1.775987,1.775987,10879131
2007-08-16,1.775987,1.777411,1.680624,1.681973,1.681973,5001056
2007-08-17,1.681973,1.696358,1.676528,1.690885,1.690885,4576736
2007-08-20,1.690885,1.712548,1.690520,1.712178,1.712178,7038661
2007-08-21,1.712178,1.737450,1.704955,1.730150,1.730150,5539122
2007-08-22,1.730150,1.791239,1.727761,1.788769,1.788769,5329669
2007-08-23,1.788769,1.790945,1.712710,1.714796,1.714796,4930736
2007-08-24,1.714796,1.761261,1.712233,1.758632,1.758632,4576161
2007-08-27,1.758632,1.761904,1.754781,1.758053,1.758053,7738766
2007-08-28,1.758053,1.766829,1.694041,1.702540,1.702540,8085462
2007-08-29,1.702540,1.711898,1.655310,1.664458,1.664458,3930226
2007-08-30,1.664458,1.688311,1.658273,1.682061,1.682061,3407610
2007-08-31,1.682061,1.696714,1.676983,1.691608,1.691608,5553363
2007-09-03,1.691608,1.693324,1.646865,1.648538,1.648538,4296591
2007-09-04,1.648538,1.653708,1.641932,1.647098,1.647098,8054893
2007-09-05,1.647098,1.647835,1.472117,1.472777,1.472777,7531899
2007-09-06,1.472777,1.477144,1.397713,1.401870,1.401870,4342330
2007-09-07,1.401870,1.405317,1.379533,1.382934,1.382934,3851696
2007-09-10,1.382934,1.562284,1.382167,1.561418,1.561418,4262304
2007-09-11,1.561418,1.571962,1.497264,1.507444,1.507444,5455920
2007-09-12,1.507444,1.515743,1.482155,1.490361,1.490361,8986517
2007-09-13,1.490361,1.491263,1.478674,1.479570,1.479570,3564072
2007-09-14,1.479570,1.557399,1.473040,1.550555,1.550555,7659942
2007-09-17,1.550555,1.558227,1.445675,1.452863,1.452863,6963468
2007-09-18,1.452863,1.497254,1.447001,1.491238,1.491238,4326344
2007-09-19,1.491238,1.551402,1.487391,1.547410,1.547410,11500110
2007-09-20,1.547410,1.556841,1.544441,1.553859,1.553859,8649180
2007-09-21,1.553859,1.557867,1.535927,1.539899,1.539899,4753728
2007-09-24,1.539899,1.562814,1.535719,1.558583,1.558583,4468150
2007-09-25,1.558583,1.612624,1.555894,1.609846,1.609846,8443760
2007-09-26,1.609846,1.631967,1.607088,1.629176,1.629176,8686461
2007-09-27,1.629176,1.682484,1.623624,1.676769,1.676769,5506776
2007-09-28,1.676769,1.685080,1.672987,1.681288,1.681288,4843672
2007-10-01,1.681288,1.688611,1.665480,1.672766,1.672766,11356616
2007-10-02,1.672766,1.710494,1.670045,1.707716,1.707716,4804712
2007-10-03,1.707716,1.718894,1.643041,1.653866,1.653866,7086119
2007-10-04,1.653866,1.657976,1.585249,1.589199,1.589199,4971321
2007-10-05,1.589199,1.590370,1.557834,1.558982,1.558982,5226421
2007-10-08,1.558982,1.635575,1.558107,1.634657,1.634657,3977661
2007-10-09,1.634657,1.644000,1.466986,1.475419,1.475419,3448555
2007-10-10,1.475419,1.606788,1.473326,1.604512,1.604512,8454120
2007-10-11,1.604512,1.738908,1.597441,1.731278,1.731278,4284163
2007-10-12,1.731278,2.088779,1.730945,2.088377,2.088377,6234654
2007-10-15,2.088377,2.089270,2.003188,2.004045,2.004045,5556904
2007-10-16,2.004045,2.012341,1.940080,1.948145,1.948145,4847633
2007-10-17,1.948145,1.952607,1.818934,1.823110,1.823110,6898275
2007-10-18,1.823110,1.953057,1.816553,1.946058,1.946058,11952037
2007-10-19,1.946058,1.969135,1.944007,1.967062,1.967062,6807848
2007-10-22,1.967062,2.047516,1.956637,2.036721,2.036721,7877494
2007-10-23,2.036721,2.049173,2.016218,2.028620,2.028620,7255651
2007-10-24,2.028620,2.118117,2.026541,2.115948,2.115948,7839362
2007-10-25,2.115948,2.180158,2.108909,2.172929,2.172929,8468963
2007-10-26,2.172929,2.186057,1.752540,1.763193,1.763193,7860920
2007-10-29,1.763193,1.781053,1.754280,1.772095,1.772095,4569174
2007-10-30,1.772095,1.832472,1.762936,1.823050,1.823050,5394843
2007-10-31,1.823050,1.825594,1.806401,1.808925,1.808925,5137142
2007-11-01,1.808925,1.939678,1.801891,1.932165,1.932165,4063663
2007-11-02,1.932165,1.966968,1.930527,1.965302,1.965302,3874357
2007-11-05,1.965302,2.086191,1.960569,2.081178,2.081178,9706730
2007-11-06,2.081178,2.090462,2.061800,2.071038,2.071038,9341971
2007-11-07,2.071038,2.314129,2.062054,2.304134,2.304134,5108245
2007-11-08,2.304134,2.665785,2.299233,2.660126,2.660126,6704788
2007-11-09,2.660126,2.855649,2.647229,2.841870,2.841870,7451621
2007-11-12,2.841870,3.043138,2.841316,3.042545,3.042545,6164094
2007-11-13,3.042545,3.305567,3.034272,3.296603,3.296603,5126709
2007-11-14,3.296603,3.318364,3.088657,3.109181,3.109181,2529823
2007-11-15,3.109181,3.117240,3.034588,3.042475,3.042475,7677797
2007-11-16,3.042475,3.061160,2.732517,2.749402,2.749402,4902081
2007-11-19,2.749402,2.767374,2.718612,2.736499,2.736499,7046168
2007-11-20,2.736499,2.745282,2.716699,2.725446,2.725446,2464803
2007-11-21,2.725446,2.795041,2.724020,2.793580,2.793580,8447038
2007-11-22,2.793580,2.849444,2.781978,2.837659,2.837659,5867291
2007-11-23,2.837659,2.845961,2.696860,2.704773,2.704773,4142776
2007-11-26,2.704773,2.916099,2.693916,2.904441,2.904441,4990273
2007-11-27,2.904441,3.029045,2.901522,3.026004,3.026004,9896327
2007-11-28,3.026004,3.027692,2.932716,2.934353,2.934353,4847634
2007-11-29,2.934353,2.946873,2.827094,2.839209,2.839209,10650700
2007-11-30,2.839209,2.844288,2.680299,2.685102,2.685102,9588679
2007-12-03,2.685102,2.690441,2.618720,2.623936,2.623936,10050779
2007-12-04,2.623936,2.642326,2.581809,2.600032,2.600032,2739432
2007-12-05,2.600032,2.876409,2.584864,2.859726,2.859726,4013573
2007-12-06,2.859726,2.869023,2.526730,2.534972,2.534972,7016052
2007-12-07,2.534972,2.582885,2.523849,2.571602,2.571602,5374532
2007-12-10,2.571602,2.609886,2.566094,2.604308,2.604308,5124956
2007-12-11,2.604308,2.621571,2.602325,2.619576,2.619576,4732504
2007-12-12,2.619576,2.629435,2.384705,2.393714,2.393714,6683262
2007-12-13,2.393714,2.450309,2.387445,2.443908,2.443908,3628296
2007-12-14,2.443908,2.451936,2.434268,2.442291,2.442291,6696186
2007-12-17,2.442291,2.458034,2.244381,2.258943,2.258943,10555241
2007-12-18,2.258943,2.446007,2.253092,2.439689,2.439689,7145091
2007-12-19,2.439689,2.628655,2.433480,2.621982,2.621982,9174140
2007-12-20,2.621982,2.624390,2.451072,2.453325,2.453325,6719972
2007-12-21,2.453325,2.476617,2.451558,2.474834,2.474834,2914030
2007-12-24,2.474834,2.475542,2.403583,2.404271,2.404271,4826019
2007-12-25,2.404271,2.618892,2.397347,2.611372,2.611372,8828793
2007-12-26,2.611372,2.679795,2.610900,2.679311,2.679311,5088039
2007-12-27,2.679311,2.683114,2.609355,2.613065,2.613065,3580314
2007-12-28,2.613065,2.613385,2.575370,2.575686,2.575686,8745223
2007-12-31,2.575686,2.622409,2.571260,2.617911,2.617911,6756119
2008-01-01,2.617911,2.646298,2.606474,2.634788,2.634788,6552663
2008-01-02,2.634788,2.818318,2.617435,2.799877,2.799877,4428973
2008-01-03,2.799877,2.809179,2.701366,2.710371,2.710371,8652236
2008-01-04,2.710371,2.777924,2.702290,2.769666,2.769666,5946122
2008-01-07,2.769666,2.778616,2.672817,2.681481,2.681481,4393519
2008-01-08,2.681481,2.698768,2.634120,2.651213,2.651213,6122247
2008-01-09,2.651213,2.663664,2.532492,2.544442,2.544442,7047353
2008-01-10,2.544442,2.554288,2.396580,2.405890,2.405890,4950683
2008-01-11,2.405890,2.407226,2.193433,2.194651,2.194651,6378491
2008-01-14,2.194651,2.199193,2.059792,2.064064,2.064064,7758995
2008-01-15,2.064064,2.094634,2.060206,2.090726,2.090726,4899399
2008-01-16,2.090726,2.110025,2.086205,2.105472,2.105472,6310137
2008-01-17,2.105472,2.185806,2.101258,2.181440,2.181440,6891341
2008-01-18,2.181440,2.188584,1.836123,1.842156,1.842156,6485994
2008-01-21,1.842156,2.013127,1.838775,2.009439,2.009439,6309535
2008-01-22,2.009439,2.044453,2.005746,2.040702,2.040702,5253535
2008-01-23,2.040702,2.251964,2.039571,2.250716,2.250716,5338500
2008-01-24,2.250716,2.330845,2.230742,2.310343,2.310343,5886732
2008-01-25,2.310343,2.320558,2.307859,2.318066,2.318066,4077206
2008-01-28,2.318066,2.397170,2.308360,2.387174,2.387174,5168670
2008-01-29,2.387174,2.387411,2.081150,2.081357,2.081357,6577848
2008-01-30,2.081357,2.140158,2.072053,2.130634,2.130634,3321243
2008-01-31,2.130634,2.138195,2.127001,2.134556,2.134556,7285128
2008-02-01,2.134556,2.143021,2.047438,2.055590,2.055590,5450311
2008-02-04,2.055590,2.065275,1.648751,1.656555,1.656555,10970044
2008-02-05,1.656555,1.755068,1.649478,1.747602,1.747602,7842224
2008-02-06,1.747602,1.890328,1.743329,1.885717,1.885717,5238409
2008-02-07,1.885717,1.888697,1.880015,1.882991,1.882991,6834144
2008-02-08,1.882991,1.899960,1.613449,1.628121,1.628121,13766457
2008-02-11,1.628121,1.628361,1.570161,1.570393,1.570393,4220308
2008-02-12,1.570393,1.603542,1.561825,1.594841,1.594841,7057996
2008-02-13,1.594841,1.627286,1.591699,1.624086,1.624086,3840664
2008-02-14,1.624086,1.636512,1.403136,1.413954,1.413954,9268750
2008-02-15,1.413954,1.464226,1.413384,1.463635,1.463635,5341616
2008-02-18,1.463635,1.488051,1.457868,1.482211,1.482211,6176580
2008-02-19,1.482211,1.487276,1.435294,1.440216,1.440216,6488670
2008-02-20,1.440216,1.441476,1.421650,1.422895,1.422895,5463780
2008-02-21,1.422895,1.430625,1.310198,1.317354,1.317354,6621282
2008-02-22,1.317354,1.383750,1.314520,1.380780,1.380780,5338558
2008-02-25,1.380780,1.384676,1.323559,1.327305,1.327305,6144287
2008-02-26,1.327305,1.329477,1.266097,1.268173,1.268173,3521999
2008-02-27,1.268173,1.312736,1.259745,1.304069,1.304069,10882962
2008-02-28,1.304069,1.490800,1.300517,1.486751,1.486751,5117701
2008-02-29,1.486751,1.488748,1.452965,1.454919,1.454919,5516683
2008-03-03,1.454919,1.461116,1.356124,1.361925,1.361925,5387377
2008-03-04,1.361925,1.366693,1.298886,1.303449,1.303449,3835829
2008-03-05,1.303449,1.310089,1.225311,1.231585,1.231585,4308910
2008-03-06,1.231585,1.350412,1.216888,1.334487,1.334487,2760399
2008-03-07,1.334487,1.339660,1.312676,1.317783,1.317783,5876225
2008-03-10,1.317783,1.322395,1.253336,1.257738,1.257738,3186906
2008-03-11,1.257738,1.327815,1.247588,1.317185,1.317185,4536960
2008-03-12,1.317185,1.318554,1.276631,1.277959,1.277959,6829322
2008-03-13,1.277959,1.280692,1.248923,1.251600,1.251600,4459562
2008-03-14,1.251600,1.254451,1.193105,1.195829,1.195829,7898407
2008-03-17,1.195829,1.197975,1.162425,1.164515,1.164515,7994100
2008-03-18,1.164515,1.230101,1.164220,1.229790,1.229790,3964167
2008-03-19,1.229790,1.236575,1.147223,1.153588,1.153588,10316631
2008-03-20,1.153588,1.156422,1.103724,1.106443,1.106443,4946803
2008-03-21,1.106443,1.109059,1.042075,1.044545,1.044545,4883962
2008-03-24,1.044545,1.072554,1.036189,1.064042,1.064042,5070927
2008-03-25,1.064042,1.064135,0.952311,0.952394,0.952394,5541827
2008-03-26,0.952394,0.952999,0.923685,0.924272,0.924272,3566512
2008-03-27,0.924272,1.016615,0.920440,1.012417,1.012417,5874584
2008-03-28,1.012417,1.012804,0.976265,0.976639,0.976639,4344216
2008-03-31,0.976639,1.050349,0.975184,1.048787,1.048787,9795040
2008-04-01,1.048787,1.050563,0.967131,0.968771,0.968771,5942565
2008-04-02,0.968771,0.970227,0.930229,0.931629,0.931629,8374005
2008-04-03,0.931629,0.991067,0.931227,0.990640,0.990640,4314990
2008-04-04,0.990640,1.016851,0.985817,1.011925,1.011925,5624693
2008-04-07,1.011925,1.020281,0.924140,0.931834,0.931834,7703567
2008-04-08,0.931834,0.932125,0.924603,0.924891,0.924891,5608888
2008-04-09,0.924891,0.925587,0.898612,0.899288,0.899288,4205134
2008-04-10,0.899288,0.900869,0.879467,0.881015,0.881015,6848836
2008-04-11,0.881015,0.881936,0.842093,0.842974,0.842974,5902454
2008-04-14,0.842974,0.863565,0.839858,0.860385,0.860385,6774483
2008-04-15,0.860385,0.862433,0.848057,0.850080,0.850080,5586428
2008-04-16,0.850080,0.939535,0.848647,0.937954,0.937954,3178743
2008-04-17,0.937954,0.992005,0.933625,0.987448,0.987448,5598728
2008-04-18,0.987448,0.990227,0.975511,0.978265,0.978265,3820014
2008-04-21,0.978265,1.118494,0.976929,1.116969,1.116969,13659929
2008-04-22,1.116969,1.202344,1.112884,1.197962,1.197962,8375041
2008-04-23,1.197962,1.201639,1.169076,1.172676,1.172676,7982882
2008-04-24,1.172676,1.203595,1.159860,1.190583,1.190583,5525587
2008-04-25,1.190583,1.349801,1.186314,1.344978,1.344978,5681381
2008-04-28,1.344978,1.345774,1.292887,1.293652,1.293652,5600388
2008-04-29,1.293652,1.451035,1.292453,1.449692,1.449692,4619400
2008-04-30,1.449692,1.452683,1.434131,1.437096,1.437096,8481725
2008-05-01,1.437096,1.443057,1.387793,1.393573,1.393573,4692014
2008-05-02,1.393573,1.396877,1.391993,1.395294,1.395294,5958413
2008-05-05,1.395294,1.396121,1.367294,1.368105,1.368105,9890813
2008-05-06,1.368105,1.368915,1.349570,1.350370,1.350370,5645345
2008-05-07,1.350370,1.354560,1.334700,1.338854,1.338854,7223152
2008-05-08,1.338854,1.412324,1.334048,1.407272,1.407272,6663359
2008-05-09,1.407272,1.413914,1.403864,1.410498,1.410498,4758624
2008-05-12,1.410498,1.481098,1.403326,1.473606,1.473606,4313542
2008-05-13,1.473606,1.474355,1.309087,1.309753,1.309753,13661160
2008-05-14,1.309753,1.312588,1.307463,1.310297,1.310297,3224324
2008-05-15,1.310297,1.311524,1.264038,1.265223,1.265223,3999241
2008-05-16,1.265223,1.266938,1.244652,1.246341,1.246341,7719784
2008-05-19,1.246341,1.286388,1.242910,1.282856,1.282856,8533383
2008-05-20,1.282856,1.348247,1.281778,1.347116,1.347116,8160420
2008-05-21,1.347116,1.354278,1.280690,1.287535,1.287535,2504046
2008-05-22,1.287535,1.294467,1.211129,1.217686,1.217686,6640958
2008-05-23,1.217686,1.270434,1.215013,1.267652,1.267652,2972472
2008-05-26,1.267652,1.277168,1.219710,1.228935,1.228935,5465952
2008-05-27,1.228935,1.231843,1.099784,1.102392,1.102392,7386988
2008-05-28,1.102392,1.206870,1.101551,1.205950,1.205950,3688002
2008-05-29,1.205950,1.206341,1.010538,1.010865,1.010865,3200199
2008-05-30,1.010865,1.015832,0.888458,0.892845,0.892845,6502369
2008-06-02,0.892845,0.897181,0.819636,0.823636,0.823636,5748769
2008-06-03,0.823636,0.840321,0.817521,0.834128,0.834128,4081631
2008-06-04,0.834128,0.838246,0.798346,0.802307,0.802307,3364297
2008-06-05,0.802307,0.802465,0.795309,0.795465,0.795465,4025036
2008-06-06,0.795465,0.863956,0.790505,0.858602,0.858602,5130765
2008-06-09,0.858602,0.898313,0.858298,0.897995,0.897995,8546585
2008-06-10,0.897995,0.918410,0.895046,0.915404,0.915404,7690425
2008-06-11,0.915404,0.920630,0.871274,0.876277,0.876277,5555377
2008-06-12,0.876277,0.909787,0.875995,0.909494,0.909494,4102488
2008-06-13,0.909494,0.933098,0.905794,0.929316,0.929316,7010712
2008-06-16,0.929316,0.966891,0.922271,0.959616,0.959616,2691966
2008-06-17,0.959616,1.016883,0.958307,1.015498,1.015498,13337890
2008-06-18,1.015498,1.029003,1.008587,1.022048,1.022048,13278833
2008-06-19,1.022048,1.236850,1.016357,1.230001,1.230001,5267512
2008-06-20,1.230001,1.234638,1.144221,1.148550,1.148550,9966797
2008-06-23,1.148550,1.157443,1.129351,1.138164,1.138164,4088599
2008-06-24,1.138164,1.140768,1.118774,1.121340,1.121340,4413693
2008-06-25,1.121340,1.121658,1.037830,1.038125,1.038125,3306359
2008-06-26,1.038125,1.041292,1.004734,1.007809,1.007809,7301685
2008-06-27,1.007809,1.008979,0.958945,0.960059,0.960059,9543737
2008-06-30,0.960059,1.130168,0.958929,1.128839,1.128839,5876226
2008-07-01,1.128839,1.137297,1.121741,1.130190,1.130190,5665847
2008-07-02,1.130190,1.138120,1.128017,1.135936,1.135936,4642574
2008-07-03,1.135936,1.142380,1.092693,1.098927,1.098927,5402993
2008-07-04,1.098927,1.099549,1.024435,1.025015,1.025015,6294669
2008-07-07,1.025015,1.026659,1.020941,1.022580,1.022580,6046522
2008-07-08,1.022580,1.027903,0.993104,0.998300,0.998300,7661514
2008-07-09,0.998300,0.999253,0.994554,0.995504,0.995504,7389513
2008-07-10,0.995504,0.998445,0.984715,0.987633,0.987633,8756881
2008-07-11,0.987633,0.992660,0.932967,0.937741,0.937741,5771926
2008-07-14,0.937741,0.956619,0.936187,0.955036,0.955036,6821220
2008-07-15,0.955036,1.070901,0.951447,1.066892,1.066892,2176171
2008-07-16,1.066892,1.068715,1.051036,1.052836,1.052836,6907556
2008-07-17,1.052836,1.057650,0.977417,0.981906,0.981906,6879939
2008-07-18,0.981906,1.092118,0.976906,1.086584,1.086584,8575167
2008-07-21,1.086584,1.090678,1.029477,1.033370,1.033370,10448167
2008-07-22,1.033370,1.037167,0.962933,0.966484,0.966484,7182531
2008-07-23,0.966484,0.966978,0.940700,0.941180,0.941180,13697376
2008-07-24,0.941180,1.052946,0.937513,1.048860,1.048860,6614098
2008-07-25,1.048860,1.057908,1.048519,1.057565,1.057565,3191822
2008-07-28,1.057565,1.057607,0.992653,0.992692,0.992692,3860778
2008-07-29,0.992692,1.090231,0.989126,1.086329,1.086329,7692596
2008-07-30,1.086329,1.104678,1.079141,1.097416,1.097416,7040870
2008-07-31,1.097416,1.115482,1.094092,1.112113,1.112113,8734120
2008-08-01,1.112113,1.114389,1.093756,1.095999,1.095999,4270977
2008-08-04,1.095999,1.099685,1.044116,1.047639,1.047639,9333045
2008-08-05,1.047639,1.056421,1.027097,1.035779,1.035779,7312551
2008-08-06,1.035779,1.038762,0.973750,0.976562,0.976562,5107010
2008-08-07,0.976562,0.976668,0.922847,0.922947,0.922947,8802547
2008-08-08,0.922947,0.924541,0.902045,0.903606,0.903606,6285035
2008-08-11,0.903606,0.905723,0.876897,0.878956,0.878956,10241367
2008-08-12,0.878956,0.888044,0.853209,0.862122,0.862122,5641240
2008-08-13,0.862122,0.864577,0.836304,0.838692,0.838692,10230624
2008-08-14,0.838692,0.839283,0.837027,0.837617,0.837617,4418355
2008-08-15,0.837617,0.911678,0.835425,0.909298,0.909298,6030822
2008-08-18,0.909298,0.979356,0.904930,0.974673,0.974673,3575087
2008-08-19,0.974673,0.976294,0.850340,0.851757,0.851757,4625189
2008-08-20,0.851757,0.858175,0.836143,0.842491,0.842491,5309385
2008-08-21,0.842491,0.924862,0.832067,0.913558,0.913558,9197694
2008-08-22,0.913558,0.921409,0.794346,0.801231,0.801231,4583876
2008-08-25,0.801231,0.833345,0.800021,0.832089,0.832089,6957980
2008-08-26,0.832089,0.834524,0.798072,0.800414,0.800414,7435501
2008-08-27,0.800414,0.805487,0.784777,0.789782,0.789782,3959226
2008-08-28,0.789782,0.792108,0.748221,0.750431,0.750431,6886601
2008-08-29,0.750431,0.955016,0.746502,0.950043,0.950043,8684021
2008-09-01,0.950043,0.952711,0.946525,0.949190,0.949190,5657229
2008-09-02,0.949190,0.976710,0.942523,0.969897,0.969897,3536959
2008-09-03,0.969897,0.975833,0.944448,0.950264,0.950264,6104520
2008-09-04,0.950264,0.970124,0.948643,0.968472,0.968472,4579368
2008-09-05,0.968472,0.972943,0.937006,0.941352,0.941352,5234592
2008-09-08,0.941352,0.964868,0.941037,0.964546,0.964546,5482141
2008-09-09,0.964546,1.015633,0.963568,1.014605,1.014605,7217818
2008-09-10,1.014605,1.034985,1.014413,1.034790,1.034790,5082202
2008-09-11,1.034790,1.035119,0.984369,0.984682,0.984682,7919022
2008-09-12,0.984682,1.024900,0.979638,1.019677,1.019677,4956184
2008-09-15,1.019677,1.050699,1.015735,1.046652,1.046652,5162280
2008-09-16,1.046652,1.049649,1.013479,1.016390,1.016390,6311851
2008-09-17,1.016390,1.122658,1.013754,1.119754,1.119754,4327946
2008-09-18,1.119754,1.124044,1.068778,1.072888,1.072888,12980841
2008-09-19,1.072888,1.093419,1.071149,1.091649,1.091649,4704054
2008-09-22,1.091649,1.096068,1.056699,1.060994,1.060994,10249061
2008-09-23,1.060994,1.095472,1.057075,1.091440,1.091440,7677434
2008-09-24,1.091440,1.094871,1.038530,1.041805,1.041805,9167186
2008-09-25,1.041805,1.123614,1.040796,1.122526,1.122526,7017750
2008-09-26,1.122526,1.127624,1.035107,1.039830,1.039830,11113785
2008-09-29,1.039830,1.047423,1.003979,1.011365,1.011365,7295982
2008-09-30,1.011365,1.063006,1.006071,1.057471,1.057471,7460615
2008-10-01,1.057471,1.140406,1.055214,1.137977,1.137977,5520178
2008-10-02,1.137977,1.143581,1.124212,1.129776,1.129776,4125285
2008-10-03,1.129776,1.399063,1.127395,1.396121,1.396121,5312395
2008-10-06,1.396121,1.401808,1.320024,1.325423,1.325423,6046691
2008-10-07,1.325423,1.328613,1.228689,1.231653,1.231653,3034324
2008-10-08,1.231653,1.233478,1.073641,1.075234,1.075234,3098902
2008-10-09,1.075234,1.078189,1.046550,1.049435,1.049435,4258701
2008-10-10,1.049435,1.049870,0.955212,0.955608,0.955608,6602985
2008-10-13,0.955608,0.963033,0.929943,0.937225,0.937225,7558508
2008-10-14,0.937225,0.939167,0.882934,0.884767,0.884767,3975524
2008-10-15,0.884767,0.937008,0.879364,0.931321,0.931321,3865420
2008-10-16,0.931321,0.933239,0.917342,0.919235,0.919235,6502373
2008-10-17,0.919235,0.923271,0.903083,0.907066,0.907066,4227533
2008-10-20,0.907066,0.923279,0.899929,0.916071,0.916071,3540168
2008-10-21,0.916071,0.921163,0.904127,0.909180,0.909180,3754288
2008-10-22,0.909180,0.912244,0.702743,0.705120,0.705120,8517812
2008-10-23,0.705120,0.705424,0.685241,0.685536,0.685536,4869011
2008-10-24,0.685536,0.693292,0.683483,0.691222,0.691222,4297525
2008-10-27,0.691222,0.701714,0.689527,0.699998,0.699998,4687442
2008-10-28,0.699998,0.700143,0.634709,0.634841,0.634841,4975870
2008-10-29,0.634841,0.635985,0.608905,0.610005,0.610005,6996536
2008-10-30,0.610005,0.611220,0.566578,0.567709,0.567709,3713392
2008-10-31,0.567709,0.567713,0.555083,0.555087,0.555087,4976704
2008-11-03,0.555087,0.557854,0.552691,0.555457,0.555457,5164908
2008-11-04,0.555457,0.565860,0.552462,0.562826,0.562826,6354598
2008-11-05,0.562826,0.564188,0.524384,0.525657,0.525657,4452021
2008-11-06,0.525657,0.587229,0.523384,0.584701,0.584701,11179124
2008-11-07,0.584701,0.617114,0.582038,0.614316,0.614316,3534677
2008-11-10,0.614316,0.616820,0.601703,0.604166,0.604166,5219015
2008-11-11,0.604166,0.661119,0.600194,0.656802,0.656802,5172269
2008-11-12,0.656802,0.658139,0.626681,0.627959,0.627959,5752171
2008-11-13,0.627959,0.628265,0.588806,0.589093,0.589093,4020591
2008-11-14,0.589093,0.590654,0.582980,0.584529,0.584529,3761617
2008-11-17,0.584529,0.585130,0.539010,0.539565,0.539565,13184000
2008-11-18,0.539565,0.540486,0.534510,0.535425,0.535425,9269347
2008-11-19,0.535425,0.597118,0.530483,0.591658,0.591658,7025989
2008-11-20,0.591658,0.592729,0.571821,0.572858,0.572858,5151299
2008-11-21,0.572858,0.597924,0.571185,0.596182,0.596182,5314149
2008-11-24,0.596182,0.598857,0.522140,0.524493,0.524493,6754968
2008-11-25,0.524493,0.528584,0.508601,0.512599,0.512599,12602090
2008-11-26,0.512599,0.530681,0.510368,0.528381,0.528381,5577284
2008-11-27,0.528381,0.529989,0.478471,0.479930,0.479930,5522730
2008-11-28,0.479930,0.575244,0.478092,0.573049,0.573049,5887647
2008-12-01,0.573049,0.598222,0.571380,0.596485,0.596485,8052260
2008-12-02,0.596485,0.598377,0.553695,0.555457,0.555457,7732307
2008-12-03,0.555457,0.590129,0.553107,0.587643,0.587643,2585906
2008-12-04,0.587643,0.594162,0.585696,0.592200,0.592200,10304110
2008-12-05,0.592200,0.630192,0.589247,0.627065,0.627065,12085778
2008-12-08,0.627065,0.680117,0.626645,0.679662,0.679662,3596252
2008-12-09,0.679662,0.682068,0.674935,0.677333,0.677333,3014814
2008-12-10,0.677333,0.677687,0.657811,0.658154,0.658154,8010491
2008-12-11,0.658154,0.670187,0.654669,0.666657,0.666657,7070410
2008-12-12,0.666657,0.675630,0.665804,0.674767,0.674767,9284052
2008-12-15,0.674767,0.676222,0.626501,0.627855,0.627855,4717965
2008-12-16,0.627855,0.655318,0.627534,0.654982,0.654982,7413127
2008-12-17,0.654982,0.720160,0.650606,0.715381,0.715381,6589343
2008-12-18,0.715381,0.716498,0.685984,0.687057,0.687057,6773260
2008-12-19,0.687057,0.744513,0.685013,0.742305,0.742305,5310005
2008-12-22,0.742305,0.766957,0.736881,0.761394,0.761394,6082201
2008-12-23,0.761394,0.762673,0.745474,0.746729,0.746729,6943372
2008-12-24,0.746729,0.790947,0.744458,0.788549,0.788549,7050311
2008-12-25,0.788549,0.794308,0.779117,0.784848,0.784848,6500040
2008-12-26,0.784848,0.788601,0.771844,0.775553,0.775553,9250706
2008-12-29,0.775553,0.786739,0.775090,0.786270,0.786270,4397288
2008-12-30,0.786270,0.787545,0.771715,0.772968,0.772968,10384156
2008-12-31,0.772968,0.776734,0.725333,0.728884,0.728884,8998234
2009-01-01,0.728884,0.733077,0.699943,0.703993,0.703993,8015136
2009-01-02,0.703993,0.704968,0.690652,0.691610,0.691610,5234218
2009-01-05,0.691610,0.756668,0.687973,0.752709,0.752709,5981471
2009-01-06,0.752709,0.769600,0.751657,0.768526,0.768526,4360272
2009-01-07,0.768526,0.777020,0.688261,0.695953,0.695953,6404327
2009-01-08,0.695953,0.696983,0.666232,0.667219,0.667219,5507226
2009-01-09,0.667219,0.667833,0.622435,0.623008,0.623008,10626197
2009-01-12,0.623008,0.626119,0.613622,0.616702,0.616702,4744504
2009-01-13,0.616702,0.675529,0.613310,0.671833,0.671833,5995796
2009-01-14,0.671833,0.688896,0.670753,0.687791,0.687791,2689220
2009-01-15,0.687791,0.689026,0.684472,0.685703,0.685703,4977617
2009-01-16,0.685703,0.686641,0.662682,0.663590,0.663590,3567332
2009-01-19,0.663590,0.699223,0.661770,0.697311,0.697311,6439425
2009-01-20,0.697311,0.766954,0.696446,0.766004,0.766004,6752555
2009-01-21,0.766004,0.766987,0.709253,0.710164,0.710164,4869866
2009-01-22,0.710164,0.768808,0.705970,0.764294,0.764294,5135131
2009-01-23,0.764294,0.764901,0.711266,0.711830,0.711830,1812052
2009-01-26,0.711830,0.718671,0.711669,0.718508,0.718508,4705395
2009-01-27,0.718508,0.720462,0.617242,0.618925,0.618925,9053819
2009-01-28,0.618925,0.659447,0.618615,0.659117,0.659117,6146868
2009-01-29,0.659117,0.659510,0.647161,0.647547,0.647547,5478673
2009-01-30,0.647547,0.649805,0.594381,0.596461,0.596461,7802249
2009-02-02,0.596461,0.610005,0.596027,0.609560,0.609560,4157153
2009-02-03,0.609560,0.631485,0.608817,0.630715,0.630715,5118088
2009-02-04,0.630715,0.662280,0.628835,0.660312,0.660312,8302913
2009-02-05,0.660312,0.662227,0.578437,0.580119,0.580119,6406021
2009-02-06,0.580119,0.584205,0.520636,0.524330,0.524330,4615507
2009-02-09,0.524330,0.524579,0.523048,0.523297,0.523297,5600380
2009-02-10,0.523297,0.525957,0.434532,0.436752,0.436752,5898194
2009-02-11,0.436752,0.441909,0.436665,0.441821,0.441821,7084478
2009-02-12,0.441821,0.444206,0.441308,0.443690,0.443690,3176084
2009-02-13,0.443690,0.444908,0.437881,0.439086,0.439086,9634033
2009-02-16,0.439086,0.447218,0.438206,0.446322,0.446322,6696908
2009-02-17,0.446322,0.461379,0.445452,0.460480,0.460480,5646474
2009-02-18,0.460480,0.483124,0.458501,0.481056,0.481056,4240002
2009-02-19,0.481056,0.483136,0.477248,0.479320,0.479320,4377848
2009-02-20,0.479320,0.499664,0.478316,0.498619,0.498619,6432298
2009-02-23,0.498619,0.521238,0.496856,0.519401,0.519401,3921982
2009-02-24,0.519401,0.519999,0.506474,0.507057,0.507057,6288934
2009-02-25,0.507057,0.507996,0.401287,0.402031,0.402031,5146199
2009-02-26,0.402031,0.422791,0.401839,0.422589,0.422589,4650782
2009-02-27,0.422589,0.484650,0.420475,0.482237,0.482237,2763217
2009-03-02,0.482237,0.482307,0.472982,0.473049,0.473049,7385723
2009-03-03,0.473049,0.507864,0.472569,0.507349,0.507349,9577460
2009-03-04,0.507349,0.548200,0.503070,0.543616,0.543616,3228746
2009-03-05,0.543616,0.582216,0.542755,0.581296,0.581296,7915107
2009-03-06,0.581296,0.592725,0.580371,0.591783,0.591783,7565695
2009-03-09,0.591783,0.592878,0.526679,0.527655,0.527655,7497310
2009-03-10,0.527655,0.529155,0.523470,0.524962,0.524962,5443452
2009-03-11,0.524962,0.528036,0.507785,0.510775,0.510775,5801099
2009-03-12,0.510775,0.531416,0.507634,0.528168,0.528168,9624981
2009-03-13,0.528168,0.528620,0.527099,0.527550,0.527550,5025083
2009-03-16,0.527550,0.558127,0.523197,0.553559,0.553559,6630317
2009-03-17,0.553559,0.586023,0.551758,0.584123,0.584123,3940507
2009-03-18,0.584123,0.590882,0.583761,0.590516,0.590516,3291889
2009-03-19,0.590516,0.592592,0.589827,0.591901,0.591901,3775097
2009-03-20,0.591901,0.601306,0.589509,0.598886,0.598886,5061088
2009-03-23,0.598886,0.599080,0.595477,0.595670,0.595670,10246261
2009-03-24,0.595670,0.599092,0.577590,0.580927,0.580927,9007319
2009-03-25,0.580927,0.581050,0.570604,0.570726,0.570726,3775122
2009-03-26,0.570726,0.572756,0.569171,0.571201,0.571201,4893087
2009-03-27,0.571201,0.573797,0.554681,0.557214,0.557214,6846672
2009-03-30,0.557214,0.569590,0.557080,0.569454,0.569454,7286828
2009-03-31,0.569454,0.598978,0.568905,0.598401,0.598401,6359935
2009-04-01,0.598401,0.599855,0.572019,0.573413,0.573413,6057512
2009-04-02,0.573413,0.573988,0.551173,0.551726,0.551726,4817534
2009-04-03,0.551726,0.552306,0.543190,0.543762,0.543762,5945522
2009-04-06,0.543762,0.547402,0.541377,0.545012,0.545012,9857400
2009-04-07,0.545012,0.561603,0.543546,0.560097,0.560097,7320349
2009-04-08,0.560097,0.581840,0.557881,0.579548,0.579548,3345297
2009-04-09,0.579548,0.589599,0.577445,0.587468,0.587468,9478685
2009-04-10,0.587468,0.603503,0.582959,0.598906,0.598906,3819377
2009-04-13,0.598906,0.612093,0.596745,0.609892,0.609892,3624328
2009-04-14,0.609892,0.618670,0.607463,0.616216,0.616216,13302264
2009-04-15,0.616216,0.627145,0.614108,0.625007,0.625007,6149176
2009-04-16,0.625007,0.633396,0.623139,0.631508,0.631508,3577987
2009-04-17,0.631508,0.680246,0.628199,0.676701,0.676701,4653045
2009-04-20,0.676701,0.679213,0.673481,0.675991,0.675991,7152592
2009-04-21,0.675991,0.693669,0.674643,0.692289,0.692289,12319518
2009-04-22,0.692289,0.695869,0.681150,0.684690,0.684690,6163474
2009-04-23,0.684690,0.685900,0.680569,0.681774,0.681774,7510390
2009-04-24,0.681774,0.737329,0.679657,0.735047,0.735047,7967782
2009-04-27,0.735047,0.736901,0.702684,0.704460,0.704460,7270984
2009-04-28,0.704460,0.709404,0.704163,0.709105,0.709105,5202867
2009-04-29,0.709105,0.715646,0.707445,0.713975,0.713975,3711695
2009-04-30,0.713975,0.719936,0.713039,0.718993,0.718993,7466840
2009-05-01,0.718993,0.731262,0.713459,0.725676,0.725676,3105246
2009-05-04,0.725676,0.739104,0.724608,0.738018,0.738018,6468177
2009-05-05,0.738018,0.739649,0.737133,0.738762,0.738762,5586398
2009-05-06,0.738762,0.741151,0.721139,0.723478,0.723478,9638765
2009-05-07,0.723478,0.747151,0.718609,0.742155,0.742155,12613720
2009-05-08,0.742155,0.750986,0.740069,0.748880,0.748880,4572988
2009-05-11,0.748880,0.750611,0.721709,0.723381,0.723381,5070369
2009-05-12,0.723381,0.742357,0.719590,0.738487,0.738487,5873682
2009-05-13,0.738487,0.775850,0.732067,0.769163,0.769163,3276806
2009-05-14,0.769163,0.775067,0.768209,0.774107,0.774107,4868283
2009-05-15,0.774107,0.779380,0.772671,0.777937,0.777937,5851151
2009-05-18,0.777937,0.777978,0.760378,0.760417,0.760417,6365522
2009-05-19,0.760417,0.764729,0.755439,0.759747,0.759747,2978850
2009-05-20,0.759747,0.760081,0.759092,0.759426,0.759426,5739384
2009-05-21,0.759426,0.763220,0.758141,0.761931,0.761931,6335266
2009-05-22,0.761931,0.765444,0.737810,0.741227,0.741227,4746659
2009-05-25,0.741227,0.763263,0.740217,0.762224,0.762224,5017006
2009-05-26,0.762224,0.764803,0.758175,0.760749,0.760749,5403996
2009-05-27,0.760749,0.763194,0.755202,0.757638,0.757638,6379263
2009-05-28,0.757638,0.762712,0.749846,0.754901,0.754901,5115288
2009-05-29,0.754901,0.785266,0.752075,0.782337,0.782337,8746337
2009-06-01,0.782337,0.784702,0.748851,0.751121,0.751121,6676697
2009-06-02,0.751121,0.752146,0.736615,0.737622,0.737622,4089184
2009-06-03,0.737622,0.741877,0.672597,0.676500,0.676500,3433924
2009-06-04,0.676500,0.678404,0.672852,0.674751,0.674751,5636581
2009-06-05,0.674751,0.676040,0.663671,0.664941,0.664941,12028224
2009-06-08,0.664941,0.666328,0.656578,0.657951,0.657951,5633400
2009-06-09,0.657951,0.673781,0.657458,0.673277,0.673277,5809559
2009-06-10,0.673277,0.673701,0.663036,0.663454,0.663454,6454687
2009-06-11,0.663454,0.664189,0.655570,0.656297,0.656297,5096652
2009-06-12,0.656297,0.677006,0.655477,0.676162,0.676162,10131839
2009-06-15,0.676162,0.676578,0.670340,0.670752,0.670752,4911001
2009-06-16,0.670752,0.672594,0.666357,0.668192,0.668192,4586407
2009-06-17,0.668192,0.674738,0.665684,0.672215,0.672215,7687590
2009-06-18,0.672215,0.680933,0.669556,0.678250,0.678250,4596174
2009-06-19,0.678250,0.690484,0.676121,0.688324,0.688324,6992943
2009-06-22,0.688324,0.692886,0.674695,0.679197,0.679197,10485220
2009-06-23,0.679197,0.687328,0.675980,0.684087,0.684087,3440636
2009-06-24,0.684087,0.700786,0.676661,0.693261,0.693261,3469740
2009-06-25,0.693261,0.694610,0.665748,0.667046,0.667046,4971164
2009-06-26,0.667046,0.667995,0.648173,0.649097,0.649097,8550694
2009-06-29,0.649097,0.649912,0.643827,0.644636,0.644636,6710956
2009-06-30,0.644636,0.658644,0.641511,0.655467,0.655467,5746044
2009-07-01,0.655467,0.661952,0.640072,0.646469,0.646469,7162564
2009-07-02,0.646469,0.649809,0.624561,0.627806,0.627806,7288119
2009-07-03,0.627806,0.640014,0.621336,0.633486,0.633486,6382513
2009-07-06,0.633486,0.636449,0.632820,0.635781,0.635781,6705185
2009-07-07,0.635781,0.637507,0.622200,0.623894,0.623894,4280638
2009-07-08,0.623894,0.633244,0.619816,0.629132,0.629132,7764810
2009-07-09,0.629132,0.632532,0.620676,0.624049,0.624049,6381339
2009-07-10,0.624049,0.647064,0.619775,0.642663,0.642663,4233188
2009-07-13,0.642663,0.645914,0.635544,0.638775,0.638775,5245924
2009-07-14,0.638775,0.652441,0.632905,0.646500,0.646500,5950952
2009-07-15,0.646500,0.663869,0.646492,0.663861,0.663861,5080735
2009-07-16,0.663861,0.679082,0.658649,0.673793,0.673793,4475082
2009-07-17,0.673793,0.676046,0.656121,0.658322,0.658322,10897161
2009-07-20,0.658322,0.660182,0.649965,0.651806,0.651806,6847148
2009-07-21,0.651806,0.654191,0.627778,0.630083,0.630083,7155130
2009-07-22,0.630083,0.640356,0.627213,0.637452,0.637452,4263949
2009-07-23,0.637452,0.658927,0.635806,0.657230,0.657230,5686333
2009-07-24,0.657230,0.678973,0.652669,0.674294,0.674294,3468802
2009-07-27,0.674294,0.677220,0.639459,0.642246,0.642246,6958748
2009-07-28,0.642246,0.643229,0.618012,0.618960,0.618960,6118954
2009-07-29,0.618960,0.621632,0.609099,0.611740,0.611740,6856215
2009-07-30,0.611740,0.612159,0.607664,0.608080,0.608080,6653857
2009-07-31,0.608080,0.608575,0.597908,0.598395,0.598395,4422028
2009-08-03,0.598395,0.618057,0.596073,0.615669,0.615669,8123049
2009-08-04,0.615669,0.615915,0.609155,0.609399,0.609399,4668007
2009-08-05,0.609399,0.623507,0.607192,0.621257,0.621257,3697866
2009-08-06,0.621257,0.629871,0.620436,0.629040,0.629040,5606595
2009-08-07,0.629040,0.643123,0.627192,0.641240,0.641240,5979403
2009-08-10,0.641240,0.643014,0.632822,0.634576,0.634576,7036534
2009-08-11,0.634576,0.634665,0.608974,0.609059,0.609059,4391407
2009-08-12,0.609059,0.629218,0.608547,0.628689,0.628689,5359699
2009-08-13,0.628689,0.631561,0.592240,0.594957,0.594957,6975561
2009-08-14,0.594957,0.608841,0.593340,0.607190,0.607190,5620778
2009-08-17,0.607190,0.608499,0.601603,0.602902,0.602902,3623227
2009-08-18,0.602902,0.627214,0.602326,0.626615,0.626615,3334215
2009-08-19,0.626615,0.641824,0.625895,0.641087,0.641087,4285830
2009-08-20,0.641087,0.644282,0.636937,0.640127,0.640127,6364464
2009-08-21,0.640127,0.650185,0.635392,0.645411,0.645411,3568932
2009-08-24,0.645411,0.659188,0.643268,0.657007,0.657007,6978305
2009-08-25,0.657007,0.657473,0.614740,0.615176,0.615176,6312302
2009-08-26,0.615176,0.619972,0.612849,0.617636,0.617636,5815381
2009-08-27,0.617636,0.627089,0.617137,0.626583,0.626583,4341334
2009-08-28,0.626583,0.635425,0.626425,0.635265,0.635265,9678056
2009-08-31,0.635265,0.645876,0.635264,0.645874,0.645874,11433065
2009-09-01,0.645874,0.659261,0.645687,0.659069,0.659069,6672443
2009-09-02,0.659069,0.665866,0.658395,0.665186,0.665186,4861835
2009-09-03,0.665186,0.671489,0.663120,0.669409,0.669409,3128164
2009-09-04,0.669409,0.671160,0.668622,0.670372,0.670372,5040948
2009-09-07,0.670372,0.693284,0.667839,0.690674,0.690674,5245270
2009-09-08,0.690674,0.692476,0.685672,0.687466,0.687466,4497850
2009-09-09,0.687466,0.692501,0.686959,0.691991,0.691991,3757581
2009-09-10,0.691991,0.694988,0.691680,0.694676,0.694676,3492621
2009-09-11,0.694676,0.696869,0.689094,0.691276,0.691276,7832078
2009-09-14,0.691276,0.740455,0.690521,0.739647,0.739647,4142930
2009-09-15,0.739647,0.748718,0.737825,0.746878,0.746878,7018233
2009-09-16,0.746878,0.748615,0.726344,0.728037,0.728037,5882842
2009-09-17,0.728037,0.730631,0.694418,0.696900,0.696900,6023149
2009-09-18,0.696900,0.710009,0.696683,0.709788,0.709788,4551466
2009-09-21,0.709788,0.710224,0.709192,0.709629,0.709629,5052563
2009-09-22,0.709629,0.755407,0.707755,0.753418,0.753418,8647148
2009-09-23,0.753418,0.756250,0.726539,0.729280,0.729280,5269889
2009-09-24,0.729280,0.730139,0.725770,0.726625,0.726625,5085684
2009-09-25,0.726625,0.728266,0.720231,0.721861,0.721861,4788204
2009-09-28,0.721861,0.723061,0.718630,0.719826,0.719826,13759197
2009-09-29,0.719826,0.722536,0.697490,0.700126,0.700126,8575522
2009-09-30,0.700126,0.701262,0.688628,0.689747,0.689747,4716024
2009-10-01,0.689747,0.690672,0.666535,0.667430,0.667430,8562788
2009-10-02,0.667430,0.668187,0.635822,0.636543,0.636543,6232125
2009-10-05,0.636543,0.657227,0.631850,0.652416,0.652416,11369190
2009-10-06,0.652416,0.654596,0.647254,0.649424,0.649424,5445506
2009-10-07,0.649424,0.653703,0.632694,0.636891,0.636891,4256890
2009-10-08,0.636891,0.638611,0.634666,0.636385,0.636385,7802530
2009-10-09,0.636385,0.655699,0.632725,0.651949,0.651949,6300624
2009-10-12,0.651949,0.653662,0.636116,0.637792,0.637792,6757790
2009-10-13,0.637792,0.640002,0.620850,0.623009,0.623009,4030132
2009-10-14,0.623009,0.640041,0.619967,0.636931,0.636931,5147422
2009-10-15,0.636931,0.657171,0.634952,0.655135,0.655135,2464025
2009-10-16,0.655135,0.681148,0.653977,0.679946,0.679946,7290151
2009-10-19,0.679946,0.680365,0.675685,0.676102,0.676102,4762028
2009-10-20,0.676102,0.676329,0.670044,0.670270,0.670270,5609786
2009-10-21,0.670270,0.680051,0.667091,0.676841,0.676841,9547072
2009-10-22,0.676841,0.677077,0.675851,0.676086,0.676086,5188552
2009-10-23,0.676086,0.686906,0.675998,0.686817,0.686817,8218019
2009-10-26,0.686817,0.688337,0.680765,0.682275,0.682275,3379315
2009-10-27,0.682275,0.684410,0.676601,0.678725,0.678725,4635767
2009-10-28,0.678725,0.683024,0.660590,0.664801,0.664801,3442373
2009-10-29,0.664801,0.668040,0.655908,0.659119,0.659119,7414974
2009-10-30,0.659119,0.679587,0.656025,0.676412,0.676412,5153852
2009-11-02,0.676412,0.679531,0.662374,0.665442,0.665442,5546866
2009-11-03,0.665442,0.669660,0.647500,0.651630,0.651630,5430732
2009-11-04,0.651630,0.684180,0.648611,0.681024,0.681024,5897126
2009-11-05,0.681024,0.682849,0.674741,0.676554,0.676554,7599355
2009-11-06,0.676554,0.676896,0.670660,0.670999,0.670999,3546071
2009-11-09,0.670999,0.689105,0.670189,0.688273,0.688273,7706855
2009-11-10,0.688273,0.690047,0.685990,0.687762,0.687762,12824307
2009-11-11,0.687762,0.689876,0.680189,0.682286,0.682286,5376851
2009-11-12,0.682286,0.705276,0.681330,0.704289,0.704289,2716777
2009-11-13,0.704289,0.722934,0.702781,0.721389,0.721389,6138354
2009-11-16,0.721389,0.723605,0.699539,0.701694,0.701694,5326346
2009-11-17,0.701694,0.731978,0.695836,0.725918,0.725918,4512264
2009-11-18,0.725918,0.739846,0.723397,0.737285,0.737285,3668286
2009-11-19,0.737285,0.779873,0.736272,0.778803,0.778803,4340257
2009-11-20,0.778803,0.831032,0.774724,0.826701,0.826701,10864876
2009-11-23,0.826701,0.827988,0.818804,0.820081,0.820081,6742061
2009-11-24,0.820081,0.823516,0.800591,0.803959,0.803959,8902211
2009-11-25,0.803959,0.806839,0.793425,0.796277,0.796277,6460201
2009-11-26,0.796277,0.866059,0.792954,0.862460,0.862460,8165636
2009-11-27,0.862460,0.873556,0.862411,0.873506,0.873506,3685098
2009-11-30,0.873506,0.876177,0.853043,0.855659,0.855659,2478820
2009-12-01,0.855659,0.861935,0.854695,0.860965,0.860965,5241441
2009-12-02,0.860965,0.896759,0.859013,0.894731,0.894731,3254059
2009-12-03,0.894731,0.898875,0.857931,0.861923,0.861923,7334232
2009-12-04,0.861923,0.877136,0.857849,0.873010,0.873010,3360019
2009-12-07,0.873010,0.926671,0.868521,0.921930,0.921930,14119431
2009-12-08,0.921930,0.924840,0.909491,0.912371,0.912371,9091229
2009-12-09,0.912371,0.915623,0.902499,0.905727,0.905727,6376947
2009-12-10,0.905727,0.912008,0.902584,0.908853,0.908853,5024559
2009-12-11,0.908853,0.949545,0.899922,0.940304,0.940304,7601202
2009-12-14,0.940304,0.940305,0.924444,0.924445,0.924445,7580250
2009-12-15,0.924445,0.927975,0.919927,0.923453,0.923453,3704103
2009-12-16,0.923453,0.926370,0.902470,0.905330,0.905330,8066172
2009-12-17,0.905330,0.906443,0.845560,0.846602,0.846602,4217557
2009-12-18,0.846602,0.868524,0.845935,0.867841,0.867841,6076911
2009-12-21,0.867841,0.869160,0.859734,0.861043,0.861043,2485937
2009-12-22,0.861043,0.911069,0.856231,0.906006,0.906006,10244854
2009-12-23,0.906006,0.926338,0.904386,0.924685,0.924685,3997178
2009-12-24,0.924685,0.944254,0.920179,0.939675,0.939675,7373722
2009-12-25,0.939675,0.940660,0.924987,0.925958,0.925958,3399948
2009-12-28,0.925958,0.927862,0.899778,0.901631,0.901631,3462563
2009-12-29,0.901631,0.903517,0.892493,0.894363,0.894363,4949465
2009-12-30,0.894363,0.921372,0.890619,0.917531,0.917531,5779805
2009-12-31,0.917531,0.994012,0.911732,0.987769,0.987769,10091009
2010-01-01,0.987769,0.996906,0.979540,0.988669,0.988669,6132335
2010-01-04,0.988669,1.010180,0.987571,1.009059,1.009059,5676680
2010-01-05,1.009059,1.053518,1.007009,1.051382,1.051382,8278212
2010-01-06,1.051382,1.054176,1.038765,1.041533,1.041533,6254682
2010-01-07,1.041533,1.082794,1.036332,1.077414,1.077414,3290221
2010-01-08,1.077414,1.088469,1.068159,1.079199,1.079199,7308518
2010-01-11,1.079199,1.080259,1.063157,1.064202,1.064202,9121410
2010-01-12,1.064202,1.066216,1.062426,1.064439,1.064439,5152717
2010-01-13,1.064439,1.067187,1.039566,1.042257,1.042257,6839071
2010-01-14,1.042257,1.049086,1.012102,1.018778,1.018778,5794273
2010-01-15,1.018778,1.023038,1.009782,1.014022,1.014022,11570185
2010-01-18,1.014022,1.020435,0.997921,1.004273,1.004273,6057497
2010-01-19,1.004273,1.010689,0.985053,0.991387,0.991387,6842599
2010-01-20,0.991387,1.029735,0.989732,1.028019,1.028019,3794900
2010-01-21,1.028019,1.051831,1.024901,1.048651,1.048651,4902358
2010-01-22,1.048651,1.112347,1.041974,1.105310,1.105310,7721580
2010-01-25,1.105310,1.151534,1.099390,1.145400,1.145400,3408950
2010-01-26,1.145400,1.150387,1.098415,1.103218,1.103218,12450979
2010-01-27,1.103218,1.109777,1.101640,1.108192,1.108192,3830044
2010-01-28,1.108192,1.114634,1.037241,1.043306,1.043306,3513467
2010-01-29,1.043306,1.052649,1.022774,1.032016,1.032016,3857104
2010-02-01,1.032016,1.033441,0.971871,0.973215,0.973215,9518271
2010-02-02,0.973215,0.990093,0.972162,0.989024,0.989024,6445600
2010-02-03,0.989024,1.002449,0.982541,0.995922,0.995922,6296087
2010-02-04,0.995922,0.998857,0.985780,0.988694,0.988694,7289221
2010-02-05,0.988694,0.996017,0.979225,0.986533,0.986533,4936803
2010-02-08,0.986533,0.990498,0.981656,0.985618,0.985618,3033483
2010-02-09,0.985618,1.063788,0.980584,1.058382,1.058382,4707652
2010-02-10,1.058382,1.103966,1.055636,1.101109,1.101109,3416756
2010-02-11,1.101109,1.103868,1.061402,1.064067,1.064067,5916168
2010-02-12,1.064067,1.067522,1.061050,1.064504,1.064504,2658196
2010-02-15,1.064504,1.069418,1.063580,1.068492,1.068492,4286478
2010-02-16,1.068492,1.068852,1.025889,1.026235,1.026235,9595098
2010-02-17,1.026235,1.030833,1.014355,1.018920,1.018920,8323819
2010-02-18,1.018920,1.021713,0.991544,0.994269,0.994269,4680691
2010-02-19,0.994269,0.999892,0.971277,0.976801,0.976801,6142383
2010-02-22,0.976801,0.977843,0.968585,0.969619,0.969619,5826028
2010-02-23,0.969619,0.976055,0.966771,0.973195,0.973195,8653371
2010-02-24,0.973195,0.973743,0.947626,0.948159,0.948159,15434714
2010-02-25,0.948159,1.020808,0.943443,1.015756,1.015756,6639998
2010-02-26,1.015756,1.018590,0.953577,0.956245,0.956245,4352937
2010-03-01,0.956245,0.981014,0.955636,0.980389,0.980389,5839554
2010-03-02,0.980389,1.002677,0.977105,0.999329,0.999329,5601689
2010-03-03,0.999329,1.004328,0.991075,0.996058,0.996058,7449598
2010-03-04,0.996058,1.019004,0.993042,1.015928,1.015928,4705323
2010-03-05,1.015928,1.019045,0.977797,0.980806,0.980806,4892083
2010-03-08,0.980806,0.984669,0.958632,0.962423,0.962423,6307823
2010-03-09,0.962423,0.963285,0.922198,0.923024,0.923024,12064751
2010-03-10,0.923024,0.959954,0.918020,0.954777,0.954777,5283634
2010-03-11,0.954777,0.990612,0.949700,0.985372,0.985372,5513780
2010-03-12,0.985372,0.988293,0.983972,0.986891,0.986891,6469443
2010-03-15,0.986891,0.999043,0.985259,0.997393,0.997393,9066329
2010-03-16,0.997393,1.011446,0.991027,1.005030,1.005030,4475333
2010-03-17,1.005030,1.066798,1.003248,1.064909,1.064909,4682119
2010-03-18,1.064909,1.065636,1.025555,1.026256,1.026256,5120452
2010-03-19,1.026256,1.031598,0.933401,0.938284,0.938284,6085195
2010-03-22,0.938284,0.956757,0.933335,0.951737,0.951737,6965334
2010-03-23,0.951737,0.974373,0.948766,0.971341,0.971341,7352444
2010-03-24,0.971341,0.976943,0.899846,0.905066,0.905066,6135095
2010-03-25,0.905066,0.905952,0.874493,0.875349,0.875349,4747671
2010-03-26,0.875349,0.876047,0.843599,0.844272,0.844272,6333623
2010-03-29,0.844272,0.854040,0.843463,0.853222,0.853222,3504647
2010-03-30,0.853222,0.887938,0.851784,0.886444,0.886444,9742645
2010-03-31,0.886444,0.888871,0.883517,0.885943,0.885943,8502835
2010-04-01,0.885943,0.894331,0.883532,0.891903,0.891903,5406769
2010-04-02,0.891903,0.894153,0.852571,0.854726,0.854726,11286463
2010-04-05,0.854726,0.865240,0.853843,0.864347,0.864347,5615860
2010-04-06,0.864347,0.871432,0.828931,0.835782,0.835782,4093094
2010-04-07,0.835782,0.862068,0.832974,0.859182,0.859182,6347545
2010-04-08,0.859182,0.861984,0.840777,0.843528,0.843528,7984785
2010-04-09,0.843528,0.869046,0.840591,0.866030,0.866030,6631793
2010-04-12,0.866030,0.868027,0.848966,0.850928,0.850928,9155513
2010-04-13,0.850928,0.852998,0.842523,0.844578,0.844578,3829932
2010-04-14,0.844578,0.855888,0.840829,0.852106,0.852106,5299271
2010-04-15,0.852106,0.854951,0.826188,0.828956,0.828956,11199172
2010-04-16,0.828956,0.835879,0.825271,0.832179,0.832179,9732992
2010-04-19,0.832179,0.846281,0.829143,0.843204,0.843204,10345297
2010-04-20,0.843204,0.876649,0.836649,0.869886,0.869886,5821442
2010-04-21,0.869886,0.883108,0.866383,0.879565,0.879565,3562300
2010-04-22,0.879565,0.879744,0.869771,0.869948,0.869948,4838713
2010-04-23,0.869948,0.904572,0.869067,0.903657,0.903657,5136836
2010-04-26,0.903657,0.908340,0.875829,0.880392,0.880392,3191592
2010-04-27,0.880392,0.911169,0.879284,0.910024,0.910024,5028306
2010-04-28,0.910024,0.926325,0.909722,0.926018,0.926018,10239255
2010-04-29,0.926018,0.927784,0.880398,0.882080,0.882080,7375155
2010-04-30,0.882080,1.002578,0.879307,0.999437,0.999437,10580442
2010-05-03,0.999437,1.002218,0.981027,0.983766,0.983766,5277720
2010-05-04,0.983766,0.986662,0.959732,0.962567,0.962567,3595118
2010-05-05,0.962567,0.973350,0.956029,0.966783,0.966783,5619824
2010-05-06,0.966783,1.004862,0.966293,1.004353,1.004353,6073711
2010-05-07,1.004353,1.007371,0.999016,1.002027,1.002027,9787673
2010-05-10,1.002027,1.002174,0.991474,0.991620,0.991620,7834654
2010-05-11,0.991620,1.012687,0.987676,1.008674,1.008674,9006925
2010-05-12,1.008674,1.046194,1.007397,1.044871,1.044871,7065146
2010-05-13,1.044871,1.055343,1.043107,1.053564,1.053564,4547906
2010-05-14,1.053564,1.072107,1.048922,1.067405,1.067405,9422568
2010-05-17,1.067405,1.096844,1.066269,1.095678,1.095678,3967083
2010-05-18,1.095678,1.109782,1.088711,1.102770,1.102770,5764771
2010-05-19,1.102770,1.115458,1.096059,1.108711,1.108711,10286352
2010-05-20,1.108711,1.110518,1.056721,1.058446,1.058446,4862288
2010-05-21,1.058446,1.063054,1.044882,1.049451,1.049451,5407213
2010-05-24,1.049451,1.101468,1.041010,1.092679,1.092679,8311791
2010-05-25,1.092679,1.097696,1.062254,1.067154,1.067154,8502489
2010-05-26,1.067154,1.088355,1.060082,1.081190,1.081190,6872679
2010-05-27,1.081190,1.111648,1.077245,1.107606,1.107606,5026656
2010-05-28,1.107606,1.120654,1.104684,1.117705,1.117705,8290676
2010-05-31,1.117705,1.122486,1.117554,1.122335,1.122335,7585392
2010-06-01,1.122335,1.126346,1.099206,1.103148,1.103148,7606029
2010-06-02,1.103148,1.121610,1.098680,1.117086,1.117086,3300754
2010-06-03,1.117086,1.122231,1.090445,1.095491,1.095491,7578146
2010-06-04,1.095491,1.096320,1.083885,1.084706,1.084706,6297562
2010-06-07,1.084706,1.094268,1.078186,1.087730,1.087730,3497188
2010-06-08,1.087730,1.091921,1.082669,1.086857,1.086857,3639061
2010-06-09,1.086857,1.110083,1.082023,1.105168,1.105168,5236455
2010-06-10,1.105168,1.140587,1.101639,1.136957,1.136957,5898320
2010-06-11,1.136957,1.139214,1.120571,1.122799,1.122799,6724387
2010-06-14,1.122799,1.127738,1.111128,1.116037,1.116037,4758330
2010-06-15,1.116037,1.123491,1.078533,1.085785,1.085785,7821765
2010-06-16,1.085785,1.091167,1.083819,1.089194,1.089194,8582276
2010-06-17,1.089194,1.113659,1.083834,1.108205,1.108205,3722989
2010-06-18,1.108205,1.113260,1.081968,1.086926,1.086926,8293078
2010-06-21,1.086926,1.109745,1.084435,1.107208,1.107208,5102178
2010-06-22,1.107208,1.113894,1.105671,1.112350,1.112350,7201476
2010-06-23,1.112350,1.113608,1.069065,1.070275,1.070275,6961284
2010-06-24,1.070275,1.077598,1.037024,1.044168,1.044168,4997001
2010-06-25,1.044168,1.044714,1.030398,1.030937,1.030937,7204741
2010-06-28,1.030937,1.035345,1.019004,1.023379,1.023379,6397741
2010-06-29,1.023379,1.026625,0.996001,0.999171,0.999171,6705023
2010-06-30,0.999171,1.030193,0.994151,1.025043,1.025043,6177118
2010-07-01,1.025043,1.053162,1.021526,1.049560,1.049560,5341130
2010-07-02,1.049560,1.054222,1.013354,1.017875,1.017875,7950270
2010-07-05,1.017875,1.044422,1.012452,1.038886,1.038886,9283807
2010-07-06,1.038886,1.043330,1.021332,1.025720,1.025720,7134116
2010-07-07,1.025720,1.029573,1.025043,1.028893,1.028893,7166222
2010-07-08,1.028893,1.029743,1.017931,1.018773,1.018773,5326824
2010-07-09,1.018773,1.037900,1.017568,1.036674,1.036674,4665974
2010-07-12,1.036674,1.045575,1.036513,1.045412,1.045412,4258814
2010-07-13,1.045412,1.067852,1.040840,1.063203,1.063203,6200266
2010-07-14,1.063203,1.067189,1.032784,1.036671,1.036671,4949875
2010-07-15,1.036671,1.057784,1.029088,1.050102,1.050102,4421891
2010-07-16,1.050102,1.081627,1.047644,1.079101,1.079101,9168633
2010-07-19,1.079101,1.084288,1.062396,1.067528,1.067528,2867447
2010-07-20,1.067528,1.068295,1.064210,1.064975,1.064975,8599306
2010-07-21,1.064975,1.066277,1.011328,1.012565,1.012565,4122767
2010-07-22,1.012565,1.030417,1.011930,1.029771,1.029771,3432784
2010-07-23,1.029771,1.030182,1.005450,1.005851,1.005851,3976504
2010-07-26,1.005851,1.006935,0.986488,0.987552,0.987552,5572338
2010-07-27,0.987552,1.019511,0.985852,1.017759,1.017759,4313861
2010-07-28,1.017759,1.029712,1.010541,1.022461,1.022461,6296767
2010-07-29,1.022461,1.038430,1.015230,1.031139,1.031139,6437795
2010-07-30,1.031139,1.033912,0.995911,0.998598,0.998598,6972315
2010-08-02,0.998598,1.041277,0.996214,1.038797,1.038797,4048839
2010-08-03,1.038797,1.051184,1.037429,1.049801,1.049801,4764806
2010-08-04,1.049801,1.057233,1.047985,1.055407,1.055407,4987411
2010-08-05,1.055407,1.059581,1.053626,1.057797,1.057797,5757947
2010-08-06,1.057797,1.064655,1.046909,1.053740,1.053740,8107431
2010-08-09,1.053740,1.087936,1.049686,1.083767,1.083767,4172008
2010-08-10,1.083767,1.084957,1.077248,1.078432,1.078432,6592539
2010-08-11,1.078432,1.134623,1.071683,1.127566,1.127566,3194464
2010-08-12,1.127566,1.156081,1.126625,1.155118,1.155118,6798307
2010-08-13,1.155118,1.157963,1.123574,1.126349,1.126349,5566713
2010-08-16,1.126349,1.133639,1.098600,1.105756,1.105756,8930652
2010-08-17,1.105756,1.145598,1.104130,1.143915,1.143915,5533982
2010-08-18,1.143915,1.214608,1.130543,1.200573,1.200573,5593284
2010-08-19,1.200573,1.211194,1.199300,1.209911,1.209911,4233946
2010-08-20,1.209911,1.211345,1.208650,1.210084,1.210084,2977573
2010-08-23,1.210084,1.239933,1.204961,1.234706,1.234706,7732223
2010-08-24,1.234706,1.255821,1.228514,1.249555,1.249555,2495843
2010-08-25,1.249555,1.255622,1.229472,1.235471,1.235471,5979932
2010-08-26,1.235471,1.288589,1.225994,1.278780,1.278780,5513831
2010-08-27,1.278780,1.285857,1.276085,1.283153,1.283153,9427184
2010-08-30,1.283153,1.299412,1.277196,1.293408,1.293408,3653194
2010-08-31,1.293408,1.300393,1.279337,1.286284,1.286284,7115542
2010-09-01,1.286284,1.302228,1.277928,1.293823,1.293823,4499356
2010-09-02,1.293823,1.300313,1.221060,1.227216,1.227216,6508567
2010-09-03,1.227216,1.233677,1.221628,1.228085,1.228085,5394500
2010-09-06,1.228085,1.230213,1.200310,1.202393,1.202393,5836612
2010-09-07,1.202393,1.237418,1.198132,1.233048,1.233048,6623805
2010-09-08,1.233048,1.235840,1.136039,1.138617,1.138617,3524763
2010-09-09,1.138617,1.148748,1.136898,1.147017,1.147017,8064602
2010-09-10,1.147017,1.216724,1.143658,1.213172,1.213172,4553848
2010-09-13,1.213172,1.215764,1.202734,1.205309,1.205309,5029018
2010-09-14,1.205309,1.208652,1.188567,1.191872,1.191872,9282957
2010-09-15,1.191872,1.195701,1.156542,1.160269,1.160269,10179422
2010-09-16,1.160269,1.165276,1.159961,1.164968,1.164968,4596813
2010-09-17,1.164968,1.165257,1.148403,1.148687,1.148687,4150138
2010-09-20,1.148687,1.162865,1.143128,1.157264,1.157264,5484494
2010-09-21,1.157264,1.161873,1.114054,1.118509,1.118509,7116565
2010-09-22,1.118509,1.124779,1.101123,1.107330,1.107330,3650385
2010-09-23,1.107330,1.109627,1.062882,1.065091,1.065091,7969190
2010-09-24,1.065091,1.065748,1.042454,1.043097,1.043097,3784085
2010-09-27,1.043097,1.047982,1.039215,1.044097,1.044097,10661000
2010-09-28,1.044097,1.051119,1.025164,1.032105,1.032105,5912360
2010-09-29,1.032105,1.049961,1.029533,1.047351,1.047351,7084659
2010-09-30,1.047351,1.054350,1.044501,1.051489,1.051489,9803414
2010-10-01,1.051489,1.099975,1.048472,1.096828,1.096828,7146586
2010-10-04,1.096828,1.150866,1.090292,1.144049,1.144049,4972034
2010-10-05,1.144049,1.147751,1.119559,1.123194,1.123194,5959051
2010-10-06,1.123194,1.127042,1.087354,1.091093,1.091093,5868237
2010-10-07,1.091093,1.105967,1.088747,1.103594,1.103594,4693172
2010-10-08,1.103594,1.130391,1.101684,1.128438,1.128438,8898139
2010-10-11,1.128438,1.184169,1.127227,1.182899,1.182899,4577668
2010-10-12,1.182899,1.187921,1.171385,1.176379,1.176379,2553626
2010-10-13,1.176379,1.176541,1.158679,1.158838,1.158838,6866028
2010-10-14,1.158838,1.186016,1.153039,1.180111,1.180111,8109726
2010-10-15,1.180111,1.181819,1.133323,1.134966,1.134966,6694576
2010-10-18,1.134966,1.179834,1.131900,1.176655,1.176655,5159948
2010-10-19,1.176655,1.178400,1.176073,1.177818,1.177818,8293930
2010-10-20,1.177818,1.188522,1.177004,1.187702,1.187702,5025586
2010-10-21,1.187702,1.191622,1.151913,1.155728,1.155728,6287304
2010-10-22,1.155728,1.160362,1.147212,1.151830,1.151830,7610374
2010-10-25,1.151830,1.181948,1.147643,1.177667,1.177667,5831197
2010-10-26,1.177667,1.181777,1.126917,1.130864,1.130864,3162708
2010-10-27,1.130864,1.153347,1.127171,1.149593,1.149593,4378058
2010-10-28,1.149593,1.155504,1.144383,1.150291,1.150291,5103332
2010-10-29,1.150291,1.155865,1.030929,1.035949,1.035949,5512439
2010-11-01,1.035949,1.039881,1.007185,1.011022,1.011022,3632810
2010-11-02,1.011022,1.042614,1.010174,1.041740,1.041740,7207320
2010-11-03,1.041740,1.065354,1.035493,1.059003,1.059003,7858148
2010-11-04,1.059003,1.060339,1.040405,1.041720,1.041720,9920485
2010-11-05,1.041720,1.045440,1.037081,1.040798,1.040798,4014182
2010-11-08,1.040798,1.042811,1.032943,1.034945,1.034945,5195642
2010-11-09,1.034945,1.036059,0.969655,0.970700,0.970700,5444161
2010-11-10,0.970700,0.971965,0.920033,0.921234,0.921234,4867070
2010-11-11,0.921234,0.964975,0.921019,0.964751,0.964751,6857564
2010-11-12,0.964751,0.966840,0.948513,0.950571,0.950571,7130875
2010-11-15,0.950571,0.957882,0.947328,0.954625,0.954625,6702349
2010-11-16,0.954625,0.957042,0.926363,0.928714,0.928714,5538137
2010-11-17,0.928714,0.938227,0.921647,0.931142,0.931142,10726927
2010-11-18,0.931142,0.932635,0.913040,0.914507,0.914507,4635634
2010-11-19,0.914507,0.916160,0.905684,0.907324,0.907324,7781528
2010-11-22,0.907324,0.942917,0.903246,0.938697,0.938697,7645739
2010-11-23,0.938697,0.971013,0.936131,0.968366,0.968366,5111630
2010-11-24,0.968366,0.969567,0.960809,0.962003,0.962003,5798878
2010-11-25,0.962003,0.989294,0.960307,0.987554,0.987554,5742787
2010-11-26,0.987554,0.989578,0.976325,0.978331,0.978331,5002581
2010-11-29,0.978331,0.978924,0.947510,0.948086,0.948086,12876160
2010-11-30,0.948086,0.949701,0.943920,0.945530,0.945530,4138743
2010-12-01,0.945530,0.948215,0.932244,0.934899,0.934899,4982717
2010-12-02,0.934899,0.937937,0.917110,0.920101,0.920101,6117678
2010-12-03,0.920101,0.923671,0.873847,0.877251,0.877251,6523842
2010-12-06,0.877251,0.886833,0.872710,0.882265,0.882265,4070400
2010-12-07,0.882265,0.882877,0.845645,0.846231,0.846231,7267348
2010-12-08,0.846231,0.850248,0.843943,0.847956,0.847956,9148100
2010-12-09,0.847956,0.848009,0.844714,0.844767,0.844767,7410574
2010-12-10,0.844767,0.852859,0.844497,0.852587,0.852587,5472548
2010-12-13,0.852587,0.854829,0.851217,0.853457,0.853457,4386994
2010-12-14,0.853457,0.876484,0.853440,0.876466,0.876466,9958730
2010-12-15,0.876466,0.913724,0.871947,0.909037,0.909037,6650030
2010-12-16,0.909037,0.909850,0.883320,0.884111,0.884111,6308303
2010-12-17,0.884111,0.895624,0.868798,0.880261,0.880261,5772469
2010-12-20,0.880261,0.882489,0.850012,0.852169,0.852169,4071107
2010-12-21,0.852169,0.856281,0.828684,0.832701,0.832701,6354261
2010-12-22,0.832701,0.838466,0.823951,0.829695,0.829695,3665913
2010-12-23,0.829695,0.846433,0.827889,0.844594,0.844594,5223887
2010-12-24,0.844594,0.845947,0.806804,0.808098,0.808098,4432652
2010-12-27,0.808098,0.822648,0.806353,0.820876,0.820876,12474924
2010-12-28,0.820876,0.823899,0.806944,0.809927,0.809927,6793068
2010-12-29,0.809927,0.844751,0.801824,0.836384,0.836384,6723143
2010-12-30,0.836384,0.856787,0.830959,0.851266,0.851266,3361696
2010-12-31,0.851266,0.851593,0.796668,0.796974,0.796974,5729732
2011-01-03,0.796974,0.801620,0.796755,0.801400,0.801400,5516103
2011-01-04,0.801400,0.801833,0.792825,0.793253,0.793253,4239660
2011-01-05,0.793253,0.798292,0.791971,0.797003,0.797003,4855421
2011-01-06,0.797003,0.798572,0.795046,0.796613,0.796613,12771982
2011-01-07,0.796613,0.799952,0.795429,0.798765,0.798765,10777619
2011-01-10,0.798765,0.863218,0.790293,0.854158,0.854158,3014623
2011-01-11,0.854158,0.855321,0.839784,0.840928,0.840928,5335804
2011-01-12,0.840928,0.849223,0.833770,0.842055,0.842055,6746362
2011-01-13,0.842055,0.842926,0.826053,0.826908,0.826908,6270784
2011-01-14,0.826908,0.833818,0.821504,0.828404,0.828404,9006857
2011-01-17,0.828404,0.859956,0.826258,0.857733,0.857733,7547021
2011-01-18,0.857733,0.874988,0.856689,0.873923,0.873923,4516590
2011-01-19,0.873923,0.876966,0.836613,0.839537,0.839537,5185774
2011-01-20,0.839537,0.839562,0.810719,0.810743,0.810743,5852667
2011-01-21,0.810743,0.814978,0.755271,0.759236,0.759236,6318198
2011-01-24,0.759236,0.760402,0.748941,0.750093,0.750093,9530124
2011-01-25,0.750093,0.752513,0.744992,0.747404,0.747404,5917518
2011-01-26,0.747404,0.801474,0.745868,0.799831,0.799831,5521822
2011-01-27,0.799831,0.816915,0.797612,0.814655,0.814655,8989932
2011-01-28,0.814655,0.820041,0.813873,0.819254,0.819254,5198961
2011-01-31,0.819254,0.828073,0.816924,0.825725,0.825725,6188151
2011-02-01,0.825725,0.833640,0.824732,0.832638,0.832638,3946415
2011-02-02,0.832638,0.865357,0.826713,0.859242,0.859242,5877757
2011-02-03,0.859242,0.860393,0.837419,0.838542,0.838542,7824519
2011-02-04,0.838542,0.861054,0.835836,0.858284,0.858284,18916972
2011-02-07,0.858284,0.864900,0.836882,0.843383,0.843383,7255482
2011-02-08,0.843383,0.847432,0.804086,0.807965,0.807965,5691162
2011-02-09,0.807965,0.868532,0.804524,0.864849,0.864849,6886580
2011-02-10,0.864849,0.865038,0.848321,0.848506,0.848506,6431301
2011-02-11,0.848506,0.851688,0.839359,0.842518,0.842518,6282117
2011-02-14,0.842518,0.842996,0.841702,0.842179,0.842179,8115483
2011-02-15,0.842179,0.843492,0.840895,0.842208,0.842208,6845655
2011-02-16,0.842208,0.858623,0.841121,0.857517,0.857517,4718074
2011-02-17,0.857517,0.865905,0.855530,0.863903,0.863903,7990279
2011-02-18,0.863903,0.920452,0.856088,0.912200,0.912200,5319535
2011-02-21,0.912200,0.927020,0.904152,0.918912,0.918912,5575880
2011-02-22,0.918912,0.922997,0.916166,0.920247,0.920247,5092065
2011-02-23,0.920247,0.921053,0.911147,0.911946,0.911946,6994273
2011-02-24,0.911946,0.919367,0.885362,0.892626,0.892626,3367816
2011-02-25,0.892626,0.893913,0.891872,0.893158,0.893158,4026082
2011-02-28,0.893158,0.903517,0.890395,0.900730,0.900730,6303577
2011-03-01,0.900730,0.907173,0.898368,0.904800,0.904800,3768750
2011-03-02,0.904800,0.916681,0.903518,0.915384,0.915384,6439144
2011-03-03,0.915384,0.915487,0.863098,0.863195,0.863195,3539905
2011-03-04,0.863195,0.867281,0.848097,0.852130,0.852130,9332133
2011-03-07,0.852130,0.853160,0.831286,0.832291,0.832291,5469556
2011-03-08,0.832291,0.832780,0.815497,0.815977,0.815977,6828383
2011-03-09,0.815977,0.829250,0.811889,0.825116,0.825116,4371924
2011-03-10,0.825116,0.826475,0.818832,0.820183,0.820183,8380401
2011-03-11,0.820183,0.850933,0.817368,0.848022,0.848022,5288237
2011-03-14,0.848022,0.878797,0.845963,0.876669,0.876669,4884371
2011-03-15,0.876669,0.891317,0.874326,0.888941,0.888941,4301286
2011-03-16,0.888941,0.889737,0.875639,0.876423,0.876423,4136536
2011-03-17,0.876423,0.894782,0.872311,0.890603,0.890603,3068240
2011-03-18,0.890603,0.945253,0.888964,0.943517,0.943517,6757288
2011-03-21,0.943517,0.943930,0.928832,0.929239,0.929239,5374875
2011-03-22,0.929239,0.930789,0.872653,0.874111,0.874111,4063468
2011-03-23,0.874111,0.874318,0.846213,0.846413,0.846413,5265258
2011-03-24,0.846413,0.891815,0.842477,0.887687,0.887687,4951491
2011-03-25,0.887687,0.899505,0.884466,0.896253,0.896253,4964484
2011-03-28,0.896253,0.901491,0.852233,0.857243,0.857243,10961672
2011-03-29,0.857243,0.864238,0.852886,0.859867,0.859867,9221155
2011-03-30,0.859867,0.862542,0.835347,0.837954,0.837954,8208228
2011-03-31,0.837954,0.841057,0.821485,0.824538,0.824538,4886644
2011-04-01,0.824538,0.838463,0.822006,0.835896,0.835896,8267180
2011-04-04,0.835896,0.840261,0.825245,0.829577,0.829577,4795937
2011-04-05,0.829577,0.836120,0.819778,0.826296,0.826296,7521658
2011-04-06,0.826296,0.828454,0.825823,0.827981,0.827981,10175226
2011-04-07,0.827981,0.830181,0.809341,0.811497,0.811497,10515011
2011-04-08,0.811497,0.812015,0.792370,0.792877,0.792877,8818248
2011-04-11,0.792877,0.807585,0.791462,0.806146,0.806146,7159452
2011-04-12,0.806146,0.806447,0.777779,0.778070,0.778070,5774463
2011-04-13,0.778070,0.780883,0.770923,0.773720,0.773720,5632882
2011-04-14,0.773720,0.774186,0.764754,0.765215,0.765215,6857447
2011-04-15,0.765215,0.784121,0.763722,0.782595,0.782595,6571055
2011-04-18,0.782595,0.787286,0.778368,0.783056,0.783056,6293771
2011-04-19,0.783056,0.797720,0.780207,0.794828,0.794828,6034594
2011-04-20,0.794828,0.799241,0.793322,0.797729,0.797729,10787061
2011-04-21,0.797729,0.799448,0.782563,0.784253,0.784253,4294390
2011-04-22,0.784253,0.787520,0.769567,0.772787,0.772787,4359449
2011-04-25,0.772787,0.818275,0.772310,0.817770,0.817770,7830720
2011-04-26,0.817770,0.820058,0.809766,0.812038,0.812038,6737208
2011-04-27,0.812038,0.817400,0.802934,0.808272,0.808272,4114919
2011-04-28,0.808272,0.811374,0.782907,0.785924,0.785924,6571271
2011-04-29,0.785924,0.790515,0.770882,0.775412,0.775412,11228843
2011-05-02,0.775412,0.780901,0.774986,0.780473,0.780473,6363997
2011-05-03,0.780473,0.781745,0.765156,0.766405,0.766405,9272481
2011-05-04,0.766405,0.796705,0.764872,0.795115,0.795115,9836040
2011-05-05,0.795115,0.797125,0.771958,0.773914,0.773914,7420646
2011-05-06,0.773914,0.777368,0.762970,0.766390,0.766390,4823988
2011-05-09,0.766390,0.769921,0.763832,0.767359,0.767359,4375053
2011-05-10,0.767359,0.791231,0.766727,0.790580,0.790580,6747800
2011-05-11,0.790580,0.802347,0.789642,0.801396,0.801396,7735909
2011-05-12,0.801396,0.810573,0.798224,0.807377,0.807377,6185992
2011-05-13,0.807377,0.809272,0.777496,0.779324,0.779324,7124309
2011-05-16,0.779324,0.785490,0.761440,0.767513,0.767513,5046397
2011-05-17,0.767513,0.778305,0.764713,0.775476,0.775476,5916247
2011-05-18,0.775476,0.779315,0.753175,0.756922,0.756922,3834117
2011-05-19,0.756922,0.783266,0.756201,0.782521,0.782521,5007461
2011-05-20,0.782521,0.784224,0.719281,0.720850,0.720850,7675091
2011-05-23,0.720850,0.727221,0.697061,0.703276,0.703276,6758312
2011-05-24,0.703276,0.709287,0.702384,0.708389,0.708389,5806766
2011-05-25,0.708389,0.723537,0.706367,0.721477,0.721477,4499997
2011-05-26,0.721477,0.721503,0.659593,0.659616,0.659616,5173350
2011-05-27,0.659616,0.659644,0.628352,0.628378,0.628378,4503228
2011-05-30,0.628378,0.645240,0.625119,0.641911,0.641911,4635260
2011-05-31,0.641911,0.643479,0.638805,0.640369,0.640369,6079132
2011-06-01,0.640369,0.640522,0.629294,0.629444,0.629444,7678643
2011-06-02,0.629444,0.630780,0.613634,0.614939,0.614939,5630333
2011-06-03,0.614939,0.616120,0.600800,0.601956,0.601956,3989364
2011-06-06,0.601956,0.606144,0.589091,0.593219,0.593219,5205887
2011-06-07,0.593219,0.599471,0.591873,0.598114,0.598114,6054047
2011-06-08,0.598114,0.600765,0.588797,0.591418,0.591418,5703223
2011-06-09,0.591418,0.597922,0.589465,0.595954,0.595954,5681415
2011-06-10,0.595954,0.608993,0.593569,0.606566,0.606566,4190955
2011-06-13,0.606566,0.627825,0.603720,0.624893,0.624893,6359758
2011-06-14,0.624893,0.625399,0.621455,0.621959,0.621959,3718152
2011-06-15,0.621959,0.623045,0.607216,0.608279,0.608279,14460281
2011-06-16,0.608279,0.613323,0.605522,0.610556,0.610556,7061497
2011-06-17,0.610556,0.612914,0.574195,0.576421,0.576421,4286726
2011-06-20,0.576421,0.577633,0.575691,0.576903,0.576903,2501838
2011-06-21,0.576903,0.602410,0.574254,0.599656,0.599656,4933081
2011-06-22,0.599656,0.619263,0.595919,0.615427,0.615427,9676851
2011-06-23,0.615427,0.617583,0.599524,0.601631,0.601631,5406082
2011-06-24,0.601631,0.641426,0.598313,0.637908,0.637908,5468750
2011-06-27,0.637908,0.640549,0.637616,0.640255,0.640255,5834761
2011-06-28,0.640255,0.641648,0.637481,0.638871,0.638871,4827863
2011-06-29,0.638871,0.642165,0.604491,0.607624,0.607624,7385857
2011-06-30,0.607624,0.619314,0.607234,0.618916,0.618916,7777089
2011-07-01,0.618916,0.620948,0.613548,0.615569,0.615569,4282774
2011-07-04,0.615569,0.615824,0.592116,0.592361,0.592361,3116539
2011-07-05,0.592361,0.596789,0.574154,0.578478,0.578478,9139009
2011-07-06,0.578478,0.586717,0.577846,0.586076,0.586076,6593954
2011-07-07,0.586076,0.587868,0.571691,0.573444,0.573444,6138007
2011-07-08,0.573444,0.616360,0.571543,0.614323,0.614323,6325898
2011-07-11,0.614323,0.631746,0.612159,0.629529,0.629529,4313772
2011-07-12,0.629529,0.629685,0.611243,0.611394,0.611394,6366122
2011-07-13,0.611394,0.612270,0.574437,0.575261,0.575261,5543769
2011-07-14,0.575261,0.576992,0.570046,0.571767,0.571767,7379998
2011-07-15,0.571767,0.588558,0.567056,0.583749,0.583749,6025441
2011-07-18,0.583749,0.610601,0.582775,0.609584,0.609584,3950064
2011-07-19,0.609584,0.615740,0.584306,0.590267,0.590267,8937728
2011-07-20,0.590267,0.612406,0.589734,0.611854,0.611854,8073835
2011-07-21,0.611854,0.625594,0.605880,0.619545,0.619545,3183553
2011-07-22,0.619545,0.620823,0.613551,0.614820,0.614820,1409260
2011-07-25,0.614820,0.626053,0.613801,0.625018,0.625018,8388021
2011-07-26,0.625018,0.626364,0.609168,0.610482,0.610482,4849403
2011-07-27,0.610482,0.610867,0.592242,0.592615,0.592615,3268786
2011-07-28,0.592615,0.610067,0.591304,0.608720,0.608720,7467072
2011-07-29,0.608720,0.627213,0.606738,0.625177,0.625177,6967077
2011-08-01,0.625177,0.635322,0.620713,0.630818,0.630818,8086585
2011-08-02,0.630818,0.632333,0.626205,0.627712,0.627712,4768900
2011-08-03,0.627712,0.655565,0.625551,0.653315,0.653315,3982488
2011-08-04,0.653315,0.653347,0.649536,0.649567,0.649567,7196688
2011-08-05,0.649567,0.651474,0.645320,0.647220,0.647220,3742214
2011-08-08,0.647220,0.650407,0.638320,0.641479,0.641479,4578508
2011-08-09,0.641479,0.643606,0.631663,0.633764,0.633764,7021786
2011-08-10,0.633764,0.634843,0.606395,0.607429,0.607429,4496276
2011-08-11,0.607429,0.608925,0.600529,0.602012,0.602012,8587985
2011-08-12,0.602012,0.603943,0.599017,0.600945,0.600945,6142283
2011-08-15,0.600945,0.648251,0.599604,0.646809,0.646809,4091646
2011-08-16,0.646809,0.651474,0.645807,0.650466,0.650466,6677132
2011-08-17,0.650466,0.655207,0.617165,0.621696,0.621696,8249240
2011-08-18,0.621696,0.622481,0.603840,0.604604,0.604604,4003014
2011-08-19,0.604604,0.627139,0.603605,0.626104,0.626104,6868092
2011-08-22,0.626104,0.626659,0.601460,0.601994,0.601994,5349037
2011-08-23,0.601994,0.605536,0.601130,0.604669,0.604669,6084555
2011-08-24,0.604669,0.608052,0.568550,0.571748,0.571748,7104516
2011-08-25,0.571748,0.585348,0.570517,0.584090,0.584090,5683147
2011-08-26,0.584090,0.626351,0.583721,0.625956,0.625956,6470480
2011-08-29,0.625956,0.633548,0.625889,0.633480,0.633480,4477035
2011-08-30,0.633480,0.637271,0.630996,0.634782,0.634782,7153928
2011-08-31,0.634782,0.651376,0.630883,0.647400,0.647400,6518786
2011-09-01,0.647400,0.647784,0.643237,0.643618,0.643618,5696356
2011-09-02,0.643618,0.645296,0.619627,0.621247,0.621247,5929824
2011-09-05,0.621247,0.637786,0.618807,0.635290,0.635290,6173491
2011-09-06,0.635290,0.652108,0.635183,0.651998,0.651998,6641557
2011-09-07,0.651998,0.677786,0.651305,0.677066,0.677066,6139930
2011-09-08,0.677066,0.677095,0.654359,0.654387,0.654387,6901913
2011-09-09,0.654387,0.657332,0.640110,0.643004,0.643004,12390985
2011-09-12,0.643004,0.643886,0.637289,0.638165,0.638165,4757532
2011-09-13,0.638165,0.639745,0.632179,0.633749,0.633749,6314825
2011-09-14,0.633749,0.657284,0.630631,0.654066,0.654066,5037379
2011-09-15,0.654066,0.657609,0.629935,0.633365,0.633365,4623350
2011-09-16,0.633365,0.636433,0.624562,0.627602,0.627602,8145180
2011-09-19,0.627602,0.634073,0.623778,0.630234,0.630234,4849628
2011-09-20,0.630234,0.631696,0.630226,0.631688,0.631688,5157229
2011-09-21,0.631688,0.631802,0.600051,0.600159,0.600159,8291899
2011-09-22,0.600159,0.600798,0.593739,0.594372,0.594372,4888447
2011-09-23,0.594372,0.596175,0.588487,0.590278,0.590278,6700799
2011-09-26,0.590278,0.590711,0.569228,0.569646,0.569646,5705794
2011-09-27,0.569646,0.570492,0.553599,0.554423,0.554423,3452632
2011-09-28,0.554423,0.557033,0.551889,0.554499,0.554499,9057373
2011-09-29,0.554499,0.566395,0.552168,0.564023,0.564023,2445369
2011-09-30,0.564023,0.564429,0.558554,0.558956,0.558956,7020159
2011-10-03,0.558956,0.563667,0.558539,0.563247,0.563247,5557332
2011-10-04,0.563247,0.597075,0.562560,0.596348,0.596348,7746701
2011-10-05,0.596348,0.596444,0.596250,0.596347,0.596347,8886573
2011-10-06,0.596347,0.622517,0.594822,0.620929,0.620929,6619359
2011-10-07,0.620929,0.623094,0.604598,0.606713,0.606713,8662063
2011-10-10,0.606713,0.607018,0.597989,0.598290,0.598290,6685273
2011-10-11,0.598290,0.616144,0.596294,0.614096,0.614096,6223331
2011-10-12,0.614096,0.635527,0.613508,0.634919,0.634919,6924444
2011-10-13,0.634919,0.653447,0.633850,0.652349,0.652349,6747452
2011-10-14,0.652349,0.654669,0.624216,0.626445,0.626445,12015735
2011-10-17,0.626445,0.661074,0.625491,0.660069,0.660069,4304326
2011-10-18,0.660069,0.661556,0.639354,0.640797,0.640797,5273002
2011-10-19,0.640797,0.641797,0.633741,0.634731,0.634731,12888244
2011-10-20,0.634731,0.635167,0.613537,0.613959,0.613959,8251691
2011-10-21,0.613959,0.618082,0.601920,0.605989,0.605989,3932795
2011-10-24,0.605989,0.616431,0.605965,0.616407,0.616407,8258242
2011-10-25,0.616407,0.618583,0.589671,0.591760,0.591760,7159818
2011-10-26,0.591760,0.593007,0.588070,0.589311,0.589311,5867253
2011-10-27,0.589311,0.593924,0.573526,0.578050,0.578050,5474561
2011-10-28,0.578050,0.578665,0.574066,0.574677,0.574677,6739760
2011-10-31,0.574677,0.601948,0.571939,0.599094,0.599094,4520315
2011-11-01,0.599094,0.599163,0.592941,0.593010,0.593010,6175377
2011-11-02,0.593010,0.595300,0.574342,0.576568,0.576568,3979686
2011-11-03,0.576568,0.580285,0.575466,0.579179,0.579179,6778770
2011-11-04,0.579179,0.594338,0.579013,0.594168,0.594168,3886811
2011-11-07,0.594168,0.616614,0.594131,0.616575,0.616575,10259623
2011-11-08,0.616575,0.642900,0.616548,0.642871,0.642871,4310580
2011-11-09,0.642871,0.646614,0.640299,0.644037,0.644037,11735700
2011-11-10,0.644037,0.653442,0.643965,0.653369,0.653369,6909317
2011-11-11,0.653369,0.660047,0.653359,0.660037,0.660037,6188795
2011-11-14,0.660037,0.661891,0.644496,0.646312,0.646312,8208004
2011-11-15,0.646312,0.649553,0.639488,0.642712,0.642712,5765339
2011-11-16,0.642712,0.643392,0.639574,0.640251,0.640251,10110758
2011-11-17,0.640251,0.641389,0.629710,0.630831,0.630831,3601036
2011-11-18,0.630831,0.644254,0.630540,0.643957,0.643957,4816188
2011-11-21,0.643957,0.645713,0.636337,0.638077,0.638077,6112697
2011-11-22,0.638077,0.640505,0.621182,0.623555,0.623555,4460554
2011-11-23,0.623555,0.624161,0.622041,0.622646,0.622646,5420393
2011-11-24,0.622646,0.622770,0.615300,0.615423,0.615423,9120209
2011-11-25,0.615423,0.615964,0.613371,0.613912,0.613912,2493715
2011-11-28,0.613912,0.619303,0.588660,0.593875,0.593875,5332005
2011-11-29,0.593875,0.595631,0.571434,0.573128,0.573128,8253276
2011-11-30,0.573128,0.578361,0.572902,0.578133,0.578133,5476990
2011-12-01,0.578133,0.585385,0.575827,0.583059,0.583059,4756372
2011-12-02,0.583059,0.609888,0.582257,0.609050,0.609050,2594414
2011-12-05,0.609050,0.609537,0.595190,0.595667,0.595667,12911238
2011-12-06,0.595667,0.599876,0.593817,0.598019,0.598019,9591487
2011-12-07,0.598019,0.599878,0.587978,0.589812,0.589812,6295914
2011-12-08,0.589812,0.590545,0.580857,0.581580,0.581580,12884313
2011-12-09,0.581580,0.582745,0.581215,0.582380,0.582380,3592628
2011-12-12,0.582380,0.609763,0.580022,0.607304,0.607304,7368303
2011-12-13,0.607304,0.610772,0.564443,0.567685,0.567685,9279160
2011-12-14,0.567685,0.585182,0.563491,0.580890,0.580890,4817862
2011-12-15,0.580890,0.600934,0.580502,0.600533,0.600533,10124305
2011-12-16,0.600533,0.632939,0.598401,0.630700,0.630700,5163572
2011-12-19,0.630700,0.631099,0.572156,0.572518,0.572518,4315152
2011-12-20,0.572518,0.576078,0.567369,0.570918,0.570918,6837460
2011-12-21,0.570918,0.575446,0.569637,0.574157,0.574157,11471816
2011-12-22,0.574157,0.575578,0.570517,0.571932,0.571932,6659305
2011-12-23,0.571932,0.576596,0.569326,0.573981,0.573981,5019396
2011-12-26,0.573981,0.575124,0.571711,0.572851,0.572851,11870036
2011-12-27,0.572851,0.585469,0.571887,0.584485,0.584485,4918834
2011-12-28,0.584485,0.615842,0.584044,0.615379,0.615379,4647280
2011-12-29,0.615379,0.617103,0.610608,0.612324,0.612324,6278967
2011-12-30,0.612324,0.621619,0.609617,0.618883,0.618883,8009573
2012-01-02,0.618883,0.619421,0.614472,0.615007,0.615007,11798458
2012-01-03,0.615007,0.616637,0.611300,0.612924,0.612924,4075552
2012-01-04,0.612924,0.616343,0.604272,0.607662,0.607662,6643331
2012-01-05,0.607662,0.616787,0.607385,0.616506,0.616506,4211834
2012-01-06,0.616506,0.633996,0.613202,0.630616,0.630616,5203982
2012-01-09,0.630616,0.633685,0.630162,0.633229,0.633229,6935599
2012-01-10,0.633229,0.637171,0.617862,0.621733,0.621733,4861895
2012-01-11,0.621733,0.629726,0.620877,0.628860,0.628860,6974471
2012-01-12,0.628860,0.630331,0.628477,0.629948,0.629948,5336196
2012-01-13,0.629948,0.630282,0.622315,0.622645,0.622645,5986918
2012-01-16,0.622645,0.630127,0.618471,0.625931,0.625931,6905482
2012-01-17,0.625931,0.626668,0.617021,0.617748,0.617748,5234962
2012-01-18,0.617748,0.635205,0.613888,0.631260,0.631260,3645748
2012-01-19,0.631260,0.632777,0.608780,0.610246,0.610246,8803860
2012-01-20,0.610246,0.612429,0.591080,0.593202,0.593202,7116259
2012-01-23,0.593202,0.593513,0.566246,0.566543,0.566543,4207652
2012-01-24,0.566543,0.592566,0.563363,0.589258,0.589258,8215867
2012-01-25,0.589258,0.589265,0.558094,0.558100,0.558100,13976558
2012-01-26,0.558100,0.561870,0.529056,0.532653,0.532653,3919143
2012-01-27,0.532653,0.536550,0.522488,0.526338,0.526338,5862826
2012-01-30,0.526338,0.528938,0.525634,0.528231,0.528231,7720935
2012-01-31,0.528231,0.554619,0.527451,0.553802,0.553802,5134552
2012-02-01,0.553802,0.554005,0.549653,0.549854,0.549854,6316954
2012-02-02,0.549854,0.550657,0.527634,0.528405,0.528405,7131117
2012-02-03,0.528405,0.528594,0.507598,0.507780,0.507780,4157680
2012-02-06,0.507780,0.520434,0.507558,0.520207,0.520207,9733585
2012-02-07,0.520207,0.520558,0.511823,0.512168,0.512168,10511118
2012-02-08,0.512168,0.519023,0.511798,0.518648,0.518648,3832993
2012-02-09,0.518648,0.520706,0.504687,0.506697,0.506697,3767591
2012-02-10,0.506697,0.510732,0.503336,0.507367,0.507367,3971512
2012-02-13,0.507367,0.529275,0.506760,0.528642,0.528642,6224880
2012-02-14,0.528642,0.545344,0.523120,0.539706,0.539706,7893600
2012-02-15,0.539706,0.549473,0.538964,0.548719,0.548719,10615654
2012-02-16,0.548719,0.550740,0.542860,0.544867,0.544867,3367700
2012-02-17,0.544867,0.545815,0.542704,0.543650,0.543650,5069790
2012-02-20,0.543650,0.557942,0.541930,0.556182,0.556182,8850097
2012-02-21,0.556182,0.556380,0.553655,0.553853,0.553853,7992102
2012-02-22,0.553853,0.557150,0.553418,0.556713,0.556713,7917412
2012-02-23,0.556713,0.557307,0.542944,0.543524,0.543524,8812341
2012-02-24,0.543524,0.551996,0.541047,0.549493,0.549493,7240075
2012-02-27,0.549493,0.553479,0.538019,0.541950,0.541950,7432210
2012-02-28,0.541950,0.544951,0.537902,0.540897,0.540897,3252681
2012-02-29,0.540897,0.568390,0.538957,0.566359,0.566359,6641262
2012-03-01,0.566359,0.570540,0.542892,0.546930,0.546930,2946490
2012-03-02,0.546930,0.547640,0.546151,0.546861,0.546861,5943251
2012-03-05,0.546861,0.549226,0.546354,0.548717,0.548717,6072070
2012-03-06,0.548717,0.549784,0.541968,0.543024,0.543024,6795878
2012-03-07,0.543024,0.544433,0.530110,0.531488,0.531488,5787169
2012-03-08,0.531488,0.532750,0.509001,0.510213,0.510213,9923768
2012-03-09,0.510213,0.511679,0.501369,0.502814,0.502814,11132151
2012-03-12,0.502814,0.504251,0.496224,0.497646,0.497646,9147619
2012-03-13,0.497646,0.503684,0.496353,0.502379,0.502379,4075218
2012-03-14,0.502379,0.520807,0.501770,0.520177,0.520177,6946194
2012-03-15,0.520177,0.527724,0.520048,0.527593,0.527593,6706602
2012-03-16,0.527593,0.546230,0.527138,0.545760,0.545760,5264074
2012-03-19,0.545760,0.547647,0.532484,0.534332,0.534332,4503448
2012-03-20,0.534332,0.539243,0.526148,0.531028,0.531028,10447096
2012-03-21,0.531028,0.553789,0.527771,0.550413,0.550413,4349057
2012-03-22,0.550413,0.551512,0.548344,0.549441,0.549441,6928730
2012-03-23,0.549441,0.551020,0.544531,0.546100,0.546100,5044837
2012-03-26,0.546100,0.549529,0.522020,0.525319,0.525319,11077418
2012-03-27,0.525319,0.526252,0.521750,0.522678,0.522678,2704876
2012-03-28,0.522678,0.523693,0.517963,0.518971,0.518971,6649198
2012-03-29,0.518971,0.549807,0.516796,0.547513,0.547513,6199012
2012-03-30,0.547513,0.548762,0.537509,0.538739,0.538739,4641558
2012-04-02,0.538739,0.539849,0.537279,0.538389,0.538389,5577615
2012-04-03,0.538389,0.545167,0.537288,0.544055,0.544055,5771487
2012-04-04,0.544055,0.545183,0.536543,0.537658,0.537658,8268069
2012-04-05,0.537658,0.540215,0.530583,0.533118,0.533118,4907625
2012-04-06,0.533118,0.540666,0.530941,0.538467,0.538467,6147265
2012-04-09,0.538467,0.543727,0.522658,0.527814,0.527814,6551262
2012-04-10,0.527814,0.528402,0.518418,0.518997,0.518997,7460283
2012-04-11,0.518997,0.534412,0.513815,0.529129,0.529129,3214866
2012-04-12,0.529129,0.541383,0.527187,0.539404,0.539404,8750834
2012-04-13,0.539404,0.553041,0.538667,0.552288,0.552288,3698231
2012-04-16,0.552288,0.553161,0.540169,0.541025,0.541025,7034437
2012-04-17,0.541025,0.546157,0.540055,0.545180,0.545180,7682914
2012-04-18,0.545180,0.551694,0.540982,0.547479,0.547479,7367740
2012-04-19,0.547479,0.565326,0.546542,0.564360,0.564360,7267608
2012-04-20,0.564360,0.565439,0.530396,0.531412,0.531412,3380563
2012-04-23,0.531412,0.537135,0.528245,0.533953,0.533953,6635732
2012-04-24,0.533953,0.536020,0.522118,0.524146,0.524146,3027480
2012-04-25,0.524146,0.540899,0.521773,0.538460,0.538460,6800826
2012-04-26,0.538460,0.539738,0.530824,0.532087,0.532087,4422920
2012-04-27,0.532087,0.533052,0.519814,0.520759,0.520759,8543821
2012-04-30,0.520759,0.531643,0.520151,0.531023,0.531023,5670458
2012-05-01,0.531023,0.531940,0.527670,0.528582,0.528582,7916493
2012-05-02,0.528582,0.544669,0.525777,0.541794,0.541794,6972888
2012-05-03,0.541794,0.545688,0.515361,0.519093,0.519093,7569705
2012-05-04,0.519093,0.525914,0.517874,0.524681,0.524681,4831530
2012-05-07,0.524681,0.537104,0.521583,0.533951,0.533951,3690730
2012-05-08,0.533951,0.538818,0.530123,0.534983,0.534983,7569757
2012-05-09,0.534983,0.535630,0.532983,0.533628,0.533628,7580091
2012-05-10,0.533628,0.535172,0.528345,0.529877,0.529877,4683253
2012-05-11,0.529877,0.532806,0.529417,0.532343,0.532343,5278893
2012-05-14,0.532343,0.532675,0.529153,0.529483,0.529483,5464351
2012-05-15,0.529483,0.531502,0.521335,0.523330,0.523330,6087020
2012-05-16,0.523330,0.527665,0.523120,0.527454,0.527454,11107723
2012-05-17,0.527454,0.529651,0.518557,0.520726,0.520726,6433195
2012-05-18,0.520726,0.528939,0.518073,0.526257,0.526257,4982268
2012-05-21,0.526257,0.528569,0.524938,0.527247,0.527247,5064391
2012-05-22,0.527247,0.539880,0.525278,0.537871,0.537871,5059337
2012-05-23,0.537871,0.562475,0.536178,0.560710,0.560710,6083828
2012-05-24,0.560710,0.563295,0.551056,0.553609,0.553609,6848343
2012-05-25,0.553609,0.556424,0.552404,0.555216,0.555216,4135569
2012-05-28,0.555216,0.557671,0.552144,0.554597,0.554597,3415628
2012-05-29,0.554597,0.558357,0.553784,0.557541,0.557541,5943909
2012-05-30,0.557541,0.606299,0.552408,0.600769,0.600769,7788988
2012-05-31,0.600769,0.602864,0.598044,0.600137,0.600137,2250883
2012-06-01,0.600137,0.619534,0.598586,0.617937,0.617937,10861281
2012-06-04,0.617937,0.634738,0.617557,0.634347,0.634347,10565529
2012-06-05,0.634347,0.639522,0.617522,0.622602,0.622602,4028017
2012-06-06,0.622602,0.631407,0.622159,0.630957,0.630957,6637554
2012-06-07,0.630957,0.632584,0.613884,0.615471,0.615471,8463654
2012-06-08,0.615471,0.651537,0.612185,0.648077,0.648077,7129000
2012-06-11,0.648077,0.676766,0.646447,0.675069,0.675069,9663484
2012-06-12,0.675069,0.676965,0.654735,0.656580,0.656580,9608764
2012-06-13,0.656580,0.660836,0.656479,0.660735,0.660735,5502028
2012-06-14,0.660735,0.671970,0.656446,0.667637,0.667637,5851259
2012-06-15,0.667637,0.674493,0.667093,0.673944,0.673944,3299441
2012-06-18,0.673944,0.708366,0.669491,0.703717,0.703717,4299204
2012-06-19,0.703717,0.704694,0.684618,0.685570,0.685570,7663061
2012-06-20,0.685570,0.709657,0.681142,0.705102,0.705102,4892123
2012-06-21,0.705102,0.706449,0.692061,0.693386,0.693386,8372995
2012-06-22,0.693386,0.721355,0.692122,0.720042,0.720042,6160546
2012-06-25,0.720042,0.722444,0.691823,0.694138,0.694138,4652551
2012-06-26,0.694138,0.725141,0.693902,0.724895,0.724895,3937586
2012-06-27,0.724895,0.728835,0.722600,0.726536,0.726536,10252195
2012-06-28,0.726536,0.744559,0.724734,0.742717,0.742717,7878069
2012-06-29,0.742717,0.745964,0.717073,0.720221,0.720221,7336147
2012-07-02,0.720221,0.724465,0.717758,0.721996,0.721996,5098980
2012-07-03,0.721996,0.722997,0.720076,0.721075,0.721075,5532035
2012-07-04,0.721075,0.731066,0.719364,0.729334,0.729334,6969248
2012-07-05,0.729334,0.731954,0.720957,0.723556,0.723556,6165229
2012-07-06,0.723556,0.734195,0.722303,0.732926,0.732926,7330270
2012-07-09,0.732926,0.748983,0.731924,0.747960,0.747960,6809333
2012-07-10,0.747960,0.748831,0.727816,0.728664,0.728664,8225491
2012-07-11,0.728664,0.729299,0.722346,0.722976,0.722976,4675811
2012-07-12,0.722976,0.740455,0.714694,0.732069,0.732069,6782542
2012-07-13,0.732069,0.735184,0.727936,0.731047,0.731047,4112038
2012-07-16,0.731047,0.738874,0.729171,0.736983,0.736983,4251995
2012-07-17,0.736983,0.763257,0.735083,0.761295,0.761295,6070357
2012-07-18,0.761295,0.761890,0.760776,0.761370,0.761370,5468925
2012-07-19,0.761370,0.762618,0.757207,0.758450,0.758450,4908397
2012-07-20,0.758450,0.793763,0.753769,0.788894,0.788894,7137365
2012-07-23,0.788894,0.791822,0.756688,0.759506,0.759506,5382798
2012-07-24,0.759506,0.769456,0.759455,0.769404,0.769404,9018097
2012-07-25,0.769404,0.784100,0.765253,0.779892,0.779892,5107962
2012-07-26,0.779892,0.791005,0.778701,0.789799,0.789799,7786489
2012-07-27,0.789799,0.800155,0.760194,0.770294,0.770294,4556635
2012-07-30,0.770294,0.803155,0.767920,0.800688,0.800688,6805980
2012-07-31,0.800688,0.830493,0.800460,0.830257,0.830257,4997611
2012-08-01,0.830257,0.835983,0.816299,0.821967,0.821967,10048638
2012-08-02,0.821967,0.826017,0.809058,0.813064,0.813064,4314132
2012-08-03,0.813064,0.815600,0.772165,0.774581,0.774581,3986341
2012-08-06,0.774581,0.775842,0.764747,0.765995,0.765995,10991372
2012-08-07,0.765995,0.843666,0.761438,0.838676,0.838676,5998089
2012-08-08,0.838676,0.841696,0.832449,0.835456,0.835456,4129457
2012-08-09,0.835456,0.840626,0.809470,0.814510,0.814510,7575106
2012-08-10,0.814510,0.829797,0.811338,0.826577,0.826577,6051959
2012-08-13,0.826577,0.827237,0.826137,0.826798,0.826798,4485994
2012-08-14,0.826798,0.828797,0.819458,0.821444,0.821444,4700508
2012-08-15,0.821444,0.822741,0.818340,0.819634,0.819634,7165496
2012-08-16,0.819634,0.820931,0.804267,0.805541,0.805541,5698860
2012-08-17,0.805541,0.817578,0.804880,0.816908,0.816908,4183924
2012-08-20,0.816908,0.829890,0.814009,0.826955,0.826955,6866920
2012-08-21,0.826955,0.836075,0.824744,0.833845,0.833845,4927345
2012-08-22,0.833845,0.836242,0.825361,0.827740,0.827740,6047934
2012-08-23,0.827740,0.864535,0.827383,0.864162,0.864162,9893187
2012-08-24,0.864162,0.868688,0.831890,0.836270,0.836270,4454851
2012-08-27,0.836270,0.843578,0.835569,0.842871,0.842871,2482693
2012-08-28,0.842871,0.886927,0.836041,0.879798,0.879798,10655626
2012-08-29,0.879798,0.897029,0.876817,0.893999,0.893999,5269346
2012-08-30,0.893999,0.914072,0.889964,0.909965,0.909965,15354144
2012-08-31,0.909965,0.942907,0.909307,0.942225,0.942225,8659631
2012-09-03,0.942225,0.944390,0.896244,0.898308,0.898308,5500383
2012-09-04,0.898308,0.949577,0.895864,0.947001,0.947001,6631370
2012-09-05,0.947001,0.948544,0.944717,0.946260,0.946260,5799905
2012-09-06,0.946260,0.970044,0.944578,0.968323,0.968323,6985336
2012-09-07,0.968323,0.969643,0.959722,0.961031,0.961031,6527955
2012-09-10,0.961031,0.965875,0.939268,0.944027,0.944027,8085743
2012-09-11,0.944027,0.966580,0.941505,0.964005,0.964005,5500233
2012-09-12,0.964005,1.015105,0.959404,1.010283,1.010283,11626542
2012-09-13,1.010283,1.018070,1.006237,1.014009,1.014009,9307263
2012-09-14,1.014009,1.014072,0.985351,0.985413,0.985413,10085001
2012-09-17,0.985413,1.093589,0.984674,1.092770,1.092770,5714232
2012-09-18,1.092770,1.095408,0.980669,0.983042,0.983042,4029377
2012-09-19,0.983042,1.009171,0.980425,1.006492,1.006492,5935342
2012-09-20,1.006492,1.037602,1.006428,1.037536,1.037536,7950081
2012-09-21,1.037536,1.038728,1.005934,1.007091,1.007091,3226225
2012-09-24,1.007091,1.050397,1.004955,1.048174,1.048174,6863079
2012-09-25,1.048174,1.078175,1.048142,1.078142,1.078142,4861606
2012-09-26,1.078142,1.092205,1.072215,1.086233,1.086233,8735002
2012-09-27,1.086233,1.128502,1.082546,1.124684,1.124684,3399292
2012-09-28,1.124684,1.132189,1.053824,1.060903,1.060903,4237813
2012-10-01,1.060903,1.069259,1.041346,1.049613,1.049613,6183406
2012-10-02,1.049613,1.051076,1.031114,1.032553,1.032553,8543672
2012-10-03,1.032553,1.033514,1.020578,1.021529,1.021529,7018440
2012-10-04,1.021529,1.023178,0.987592,0.989188,0.989188,3904833
2012-10-05,0.989188,1.023989,0.987344,1.022083,1.022083,10916461
2012-10-08,1.022083,1.044058,1.017917,1.039819,1.039819,5908065
2012-10-09,1.039819,1.055883,1.036512,1.052535,1.052535,6359213
2012-10-10,1.052535,1.059989,1.032218,1.039580,1.039580,8575613
2012-10-11,1.039580,1.043370,1.023765,1.027511,1.027511,7962537
2012-10-12,1.027511,1.030408,1.017253,1.020129,1.020129,7710094
2012-10-15,1.020129,1.021973,0.996362,0.998166,0.998166,8674538
2012-10-16,0.998166,0.999335,0.984697,0.985852,0.985852,6398868
2012-10-17,0.985852,1.007902,0.976465,0.998396,0.998396,4513891
2012-10-18,0.998396,0.999399,0.981473,0.982460,0.982460,4590809
2012-10-19,0.982460,1.055508,0.976782,1.049443,1.049443,5577335
2012-10-22,1.049443,1.050272,1.039074,1.039896,1.039896,8323885
2012-10-23,1.039896,1.046757,0.984930,0.991472,0.991472,4830428
2012-10-24,0.991472,1.008763,0.989607,1.006870,1.006870,5779147
2012-10-25,1.006870,1.018074,1.001591,1.012764,1.012764,5248507
2012-10-26,1.012764,1.014624,0.999249,1.001088,1.001088,5750756
2012-10-29,1.001088,1.012209,0.961581,0.972383,0.972383,4598806
2012-10-30,0.972383,0.977268,0.945735,0.950511,0.950511,7376993
2012-10-31,0.950511,0.957182,0.912384,0.918833,0.918833,8077213
2012-11-01,0.918833,0.938187,0.915576,0.934873,0.934873,8067421
2012-11-02,0.934873,0.960860,0.934555,0.960533,0.960533,5207553
2012-11-05,0.960533,0.980262,0.956178,0.975837,0.975837,5769362
2012-11-06,0.975837,0.978156,0.954722,0.956995,0.956995,6546621
2012-11-07,0.956995,0.960494,0.956786,0.960284,0.960284,6036557
2012-11-08,0.960284,0.983794,0.958542,0.982013,0.982013,3838270
2012-11-09,0.982013,1.003214,0.980605,1.001778,1.001778,4093730
2012-11-12,1.001778,1.023858,0.999688,1.021727,1.021727,8598054
2012-11-13,1.021727,1.022669,0.977397,0.978299,0.978299,2261000
2012-11-14,0.978299,1.002841,0.974210,0.998666,0.998666,3463356
2012-11-15,0.998666,1.002391,0.988829,0.992531,0.992531,4696606
2012-11-16,0.992531,0.993161,0.973850,0.974469,0.974469,2970897
2012-11-19,0.974469,0.977425,0.958974,0.961892,0.961892,6139965
2012-11-20,0.961892,0.987698,0.956338,0.982027,0.982027,6796056
2012-11-21,0.982027,0.998406,0.980995,0.997358,0.997358,10889456
2012-11-22,0.997358,1.031305,0.991434,1.025215,1.025215,10595876
2012-11-23,1.025215,1.114947,1.022456,1.111955,1.111955,5497605
2012-11-26,1.111955,1.155354,1.110909,1.154269,1.154269,5899667
2012-11-27,1.154269,1.156138,1.153816,1.155685,1.155685,7371177
2012-11-28,1.155685,1.156511,1.149497,1.150319,1.150319,4185612
2012-11-29,1.150319,1.157924,1.129081,1.136596,1.136596,7433957
2012-11-30,1.136596,1.138315,1.134396,1.136115,1.136115,10777991
2012-12-03,1.136115,1.136795,1.128774,1.129451,1.129451,8021118
2012-12-04,1.129451,1.143485,1.128221,1.142241,1.142241,4137073
2012-12-05,1.142241,1.146467,1.080033,1.084044,1.084044,4061930
2012-12-06,1.084044,1.086781,1.061429,1.064115,1.064115,4481931
2012-12-07,1.064115,1.068992,1.024564,1.029282,1.029282,8029621
2012-12-10,1.029282,1.062529,1.021992,1.055057,1.055057,3373754
2012-12-11,1.055057,1.076658,1.054755,1.076350,1.076350,6211221
2012-12-12,1.076350,1.122289,1.073789,1.119625,1.119625,4811625
2012-12-13,1.119625,1.140667,1.119003,1.140034,1.140034,7514832
2012-12-14,1.140034,1.144877,1.125625,1.130427,1.130427,4946038
2012-12-17,1.130427,1.134564,1.127318,1.131453,1.131453,8109638
2012-12-18,1.131453,1.148349,1.127735,1.144588,1.144588,7029845
2012-12-19,1.144588,1.157380,1.141940,1.154708,1.154708,5686868
2012-12-20,1.154708,1.159408,1.149882,1.154582,1.154582,7665756
2012-12-21,1.154582,1.173502,1.150124,1.168988,1.168988,4388159
2012-12-24,1.168988,1.249948,1.159856,1.240259,1.240259,5619794
2012-12-25,1.240259,1.246229,1.200052,1.205856,1.205856,12822009
2012-12-26,1.205856,1.210282,1.177715,1.182053,1.182053,5666180
2012-12-27,1.182053,1.187926,1.164046,1.169859,1.169859,3746162
2012-12-28,1.169859,1.174730,1.144869,1.149657,1.149657,12627444
2012-12-31,1.149657,1.149690,1.099699,1.099731,1.099731,3798821
2013-01-01,1.099731,1.118871,1.095971,1.115058,1.115058,4420874
2013-01-02,1.115058,1.119218,1.114193,1.118351,1.118351,8223385
2013-01-03,1.118351,1.136601,1.116244,1.134464,1.134464,6753866
2013-01-04,1.134464,1.152756,1.125825,1.144045,1.144045,6128236
2013-01-07,1.144045,1.144450,1.113955,1.114350,1.114350,3449905
2013-01-08,1.114350,1.117145,1.096851,1.099609,1.099609,4454329
2013-01-09,1.099609,1.138521,1.098601,1.137479,1.137479,6822097
2013-01-10,1.137479,1.203117,1.134019,1.199468,1.199468,9847422
2013-01-11,1.199468,1.205227,1.170799,1.176448,1.176448,3973786
2013-01-14,1.176448,1.209333,1.176386,1.209269,1.209269,4246170
2013-01-15,1.209269,1.210428,1.169619,1.170740,1.170740,6164778
2013-01-16,1.170740,1.179294,1.164738,1.173280,1.173280,10622091
2013-01-17,1.173280,1.188548,1.172083,1.187336,1.187336,6259357
2013-01-18,1.187336,1.189089,1.181983,1.183730,1.183730,5698519
2013-01-21,1.183730,1.192769,1.171133,1.180144,1.180144,4433512
2013-01-22,1.180144,1.201308,1.179556,1.200709,1.200709,7195346
2013-01-23,1.200709,1.204552,1.168951,1.172706,1.172706,4985147
2013-01-24,1.172706,1.195290,1.172078,1.194650,1.194650,3504078
2013-01-25,1.194650,1.197584,1.191555,1.194489,1.194489,6266207
2013-01-28,1.194489,1.197156,1.191629,1.194296,1.194296,4342428
2013-01-29,1.194296,1.206152,1.190324,1.202155,1.202155,11542986
2013-01-30,1.202155,1.202579,1.172604,1.173018,1.173018,8615755
2013-01-31,1.173018,1.186049,1.170061,1.183066,1.183066,6408224
2013-02-01,1.183066,1.187330,1.182601,1.186863,1.186863,10472727
2013-02-04,1.186863,1.190979,1.169073,1.173141,1.173141,3693063
2013-02-05,1.173141,1.185922,1.170732,1.183493,1.183493,7950839
2013-02-06,1.183493,1.187754,1.130644,1.134730,1.134730,9450910
2013-02-07,1.134730,1.150337,1.126881,1.142435,1.142435,5943848
2013-02-08,1.142435,1.177890,1.134300,1.169561,1.169561,4143452
2013-02-11,1.169561,1.179848,1.090693,1.100371,1.100371,7699811
2013-02-12,1.100371,1.142976,1.099943,1.142532,1.142532,6446443
2013-02-13,1.142532,1.169214,1.136422,1.162995,1.162995,6989523
2013-02-14,1.162995,1.169634,1.145096,1.151670,1.151670,7289141
2013-02-15,1.151670,1.161839,1.129156,1.139215,1.139215,8446198
2013-02-18,1.139215,1.146549,1.134758,1.142081,1.142081,5750117
2013-02-19,1.142081,1.144019,1.103270,1.105145,1.105145,6117489
2013-02-20,1.105145,1.154792,1.099083,1.148492,1.148492,9004044
2013-02-21,1.148492,1.148712,1.120824,1.121038,1.121038,5681385
2013-02-22,1.121038,1.125025,1.105732,1.109678,1.109678,4223298
2013-02-25,1.109678,1.111813,1.088372,1.090469,1.090469,5762720
2013-02-26,1.090469,1.092719,1.060406,1.062598,1.062598,6190693
2013-02-27,1.062598,1.063539,1.049783,1.050713,1.050713,8316998
2013-02-28,1.050713,1.095535,1.048483,1.093215,1.093215,4664417
2013-03-01,1.093215,1.096794,1.059946,1.063427,1.063427,5111224
2013-03-04,1.063427,1.084936,1.062064,1.083547,1.083547,5230863
2013-03-05,1.083547,1.129309,1.081198,1.126865,1.126865,7381200
2013-03-06,1.126865,1.136080,1.124183,1.133383,1.133383,4667789
2013-03-07,1.133383,1.160407,1.131231,1.158208,1.158208,8204737
2013-03-08,1.158208,1.160220,1.121152,1.123104,1.123104,6934894
2013-03-11,1.123104,1.155784,1.121218,1.153846,1.153846,6971919
2013-03-12,1.153846,1.187641,1.153457,1.187241,1.187241,4256939
2013-03-13,1.187241,1.315197,1.183250,1.310791,1.310791,5453158
2013-03-14,1.310791,1.340168,1.302396,1.331639,1.331639,8656976
2013-03-15,1.331639,1.341351,1.328172,1.337868,1.337868,6920531
2013-03-18,1.337868,1.356122,1.335472,1.353697,1.353697,8534699
2013-03-19,1.353697,1.362393,1.353277,1.361970,1.361970,5624909
2013-03-20,1.361970,1.373185,1.341499,1.352638,1.352638,6020954
2013-03-21,1.352638,1.378536,1.347837,1.373660,1.373660,4433714
2013-03-22,1.373660,1.376483,1.344018,1.346786,1.346786,6819225
2013-03-25,1.346786,1.352208,1.325207,1.330564,1.330564,4499446
2013-03-26,1.330564,1.340904,1.327543,1.337867,1.337867,4270144
2013-03-27,1.337867,1.340192,1.274910,1.277130,1.277130,9447050
2013-03-28,1.277130,1.300824,1.276633,1.300318,1.300318,6912438
2013-03-29,1.300318,1.357093,1.299192,1.355919,1.355919,11207745
2013-04-01,1.355919,1.372155,1.355518,1.371750,1.371750,6811716
2013-04-02,1.371750,1.376691,1.365196,1.370132,1.370132,7735718
2013-04-03,1.370132,1.396849,1.369863,1.396574,1.396574,5673574
2013-04-04,1.396574,1.400633,1.371776,1.375774,1.375774,7264786
2013-04-05,1.375774,1.381999,1.335660,1.341732,1.341732,9800974
2013-04-08,1.341732,1.347229,1.330932,1.336407,1.336407,7490922
2013-04-09,1.336407,1.342291,1.321583,1.327428,1.327428,4371636
2013-04-10,1.327428,1.364860,1.326646,1.364057,1.364057,6074999
2013-04-11,1.364057,1.367238,1.316095,1.319171,1.319171,6235959
2013-04-12,1.319171,1.320709,1.286978,1.288480,1.288480,5960678
2013-04-15,1.288480,1.317159,1.279514,1.308057,1.308057,4990772
2013-04-16,1.308057,1.339489,1.307343,1.338759,1.338759,8593533
2013-04-17,1.338759,1.430865,1.333182,1.424929,1.424929,3634726
2013-04-18,1.424929,1.430257,1.342915,1.347955,1.347955,8669959
2013-04-19,1.347955,1.414957,1.340407,1.407078,1.407078,2955044
2013-04-22,1.407078,1.412756,1.381946,1.387545,1.387545,5391429
2013-04-23,1.387545,1.411821,1.383568,1.407785,1.407785,5107151
2013-04-24,1.407785,1.413130,1.405002,1.410342,1.410342,5968523
2013-04-25,1.410342,1.424398,1.403243,1.417264,1.417264,3158527
2013-04-26,1.417264,1.417844,1.357768,1.358324,1.358324,3759697
2013-04-29,1.358324,1.358885,1.327815,1.328364,1.328364,5314394
2013-04-30,1.328364,1.410337,1.318846,1.400303,1.400303,4086555
2013-05-01,1.400303,1.458231,1.396268,1.454042,1.454042,4114283
2013-05-02,1.454042,1.454045,1.435266,1.435269,1.435269,3879346
2013-05-03,1.435269,1.471092,1.431515,1.467255,1.467255,5549859
2013-05-06,1.467255,1.515168,1.460393,1.508115,1.508115,7124494
2013-05-07,1.508115,1.509632,1.441274,1.442725,1.442725,6184529
2013-05-08,1.442725,1.482309,1.434965,1.474378,1.474378,9731744
2013-05-09,1.474378,1.475073,1.449376,1.450060,1.450060,5838006
2013-05-10,1.450060,1.456466,1.409656,1.415911,1.415911,7067900
2013-05-13,1.415911,1.424908,1.410146,1.419130,1.419130,5979072
2013-05-14,1.419130,1.435392,1.415460,1.431688,1.431688,4898454
2013-05-15,1.431688,1.437807,1.331272,1.336986,1.336986,6956294
2013-05-16,1.336986,1.341267,1.334975,1.339253,1.339253,9589355
2013-05-17,1.339253,1.355762,1.338804,1.355308,1.355308,8665078
2013-05-20,1.355308,1.367013,1.318736,1.330225,1.330225,4967466
2013-05-21,1.330225,1.355752,1.329548,1.355062,1.355062,5884846
2013-05-22,1.355062,1.358084,1.345314,1.348321,1.348321,7866636
2013-05-23,1.348321,1.355023,1.331788,1.338442,1.338442,4336467
2013-05-24,1.338442,1.350098,1.306813,1.318294,1.318294,9043817
2013-05-27,1.318294,1.376328,1.315297,1.373206,1.373206,6239561
2013-05-28,1.373206,1.377420,1.342364,1.346497,1.346497,3914764
2013-05-29,1.346497,1.379651,1.340197,1.373226,1.373226,7589055
2013-05-30,1.373226,1.382139,1.351007,1.359833,1.359833,4242598
2013-05-31,1.359833,1.362262,1.296070,1.298389,1.298389,4154485
2013-06-03,1.298389,1.302399,1.288108,1.292099,1.292099,7124524
2013-06-04,1.292099,1.337507,1.287083,1.332336,1.332336,3075198
2013-06-05,1.332336,1.352863,1.321556,1.342005,1.342005,5874134
2013-06-06,1.342005,1.348289,1.312386,1.318560,1.318560,7151351
2013-06-07,1.318560,1.358729,1.316973,1.357095,1.357095,4971665
2013-06-10,1.357095,1.357749,1.316667,1.317302,1.317302,8134957
2013-06-11,1.317302,1.322039,1.286767,1.291412,1.291412,4800501
2013-06-12,1.291412,1.318631,1.283118,1.310217,1.310217,7649434
2013-06-13,1.310217,1.310250,1.259218,1.259250,1.259250,5426028
2013-06-14,1.259250,1.261993,1.247641,1.250365,1.250365,9340037
2013-06-17,1.250365,1.260664,1.247094,1.257375,1.257375,4473652
2013-06-18,1.257375,1.264673,1.246044,1.253318,1.253318,11225541
2013-06-19,1.253318,1.255654,1.229570,1.231866,1.231866,4634245
2013-06-20,1.231866,1.240237,1.226662,1.235019,1.235019,5314329
2013-06-21,1.235019,1.235231,1.128604,1.128798,1.128798,3755544
2013-06-24,1.128798,1.132984,1.109469,1.113598,1.113598,4833954
2013-06-25,1.113598,1.116861,1.058769,1.061880,1.061880,3920390
2013-06-26,1.061880,1.062291,1.057630,1.058040,1.058040,5890711
2013-06-27,1.058040,1.058673,1.053996,1.054626,1.054626,4478932
2013-06-28,1.054626,1.055324,0.996437,0.997096,0.997096,4790924
2013-07-01,0.997096,0.997278,0.992369,0.992550,0.992550,5669208
2013-07-02,0.992550,1.012806,0.990913,1.011138,1.011138,4426759
2013-07-03,1.011138,1.038443,1.010917,1.038216,1.038216,5105313
2013-07-04,1.038216,1.066221,1.035899,1.063846,1.063846,4682214
2013-07-05,1.063846,1.165037,1.061327,1.162284,1.162284,6701847
2013-07-08,1.162284,1.190868,1.156414,1.184884,1.184884,3578164
2013-07-09,1.184884,1.184925,1.168090,1.168130,1.168130,5656277
2013-07-10,1.168130,1.171527,1.167392,1.170786,1.170786,6053631
2013-07-11,1.170786,1.175654,1.130213,1.134931,1.134931,8391362
2013-07-12,1.134931,1.139489,1.134239,1.138794,1.138794,9985598
2013-07-15,1.138794,1.221597,1.135043,1.217587,1.217587,4070411
2013-07-16,1.217587,1.287620,1.214506,1.284370,1.284370,9453950
2013-07-17,1.284370,1.310046,1.280813,1.306428,1.306428,6957376
2013-07-18,1.306428,1.314156,1.240342,1.247723,1.247723,7302864
2013-07-19,1.247723,1.309944,1.243339,1.305358,1.305358,6899820
2013-07-22,1.305358,1.309989,1.237764,1.242171,1.242171,4689124
2013-07-23,1.242171,1.302450,1.241260,1.301496,1.301496,4151779
2013-07-24,1.301496,1.310601,1.250886,1.259699,1.259699,11237962
2013-07-25,1.259699,1.282220,1.254328,1.276776,1.276776,8845365
2013-07-26,1.276776,1.292735,1.267060,1.282972,1.282972,8136453
2013-07-29,1.282972,1.324343,1.282049,1.323390,1.323390,4926936
2013-07-30,1.323390,1.326328,1.311969,1.314887,1.314887,7645800
2013-07-31,1.314887,1.315046,1.257230,1.257383,1.257383,9778333
2013-08-01,1.257383,1.258770,1.180792,1.182096,1.182096,2607191
2013-08-02,1.182096,1.209917,1.178336,1.206081,1.206081,5153040
2013-08-05,1.206081,1.232029,1.199309,1.225149,1.225149,5659468
2013-08-06,1.225149,1.229739,1.200520,1.205035,1.205035,9301591
2013-08-07,1.205035,1.214045,1.169289,1.178098,1.178098,3161647
2013-08-08,1.178098,1.229525,1.170357,1.221499,1.221499,6622519
2013-08-09,1.221499,1.228387,1.219992,1.226873,1.226873,3818743
2013-08-12,1.226873,1.227257,1.175249,1.175617,1.175617,6541223
2013-08-13,1.175617,1.206639,1.175608,1.206630,1.206630,7370073
2013-08-14,1.206630,1.208913,1.107513,1.109612,1.109612,4234174
2013-08-15,1.109612,1.140938,1.107835,1.139114,1.139114,9075491
2013-08-16,1.139114,1.194878,1.132097,1.187563,1.187563,4214155
2013-08-19,1.187563,1.192007,1.185564,1.190004,1.190004,5439806
2013-08-20,1.190004,1.191937,1.168697,1.170598,1.170598,6781686
2013-08-21,1.170598,1.174141,1.125872,1.129289,1.129289,3574403
2013-08-22,1.129289,1.132154,1.101862,1.104664,1.104664,6729612
2013-08-23,1.104664,1.114239,1.083417,1.092890,1.092890,7687041
2013-08-26,1.092890,1.094323,1.071392,1.072798,1.072798,4939182
2013-08-27,1.072798,1.103286,1.070168,1.100587,1.100587,8156235
2013-08-28,1.100587,1.102193,1.074614,1.076184,1.076184,7485012
2013-08-29,1.076184,1.096382,1.074184,1.094348,1.094348,2725737
2013-08-30,1.094348,1.154750,1.091892,1.152164,1.152164,4576782
2013-09-02,1.152164,1.156671,1.124241,1.128657,1.128657,5619017
2013-09-03,1.128657,1.147355,1.125241,1.143893,1.143893,8012518
2013-09-04,1.143893,1.150942,1.061908,1.068492,1.068492,6181970
2013-09-05,1.068492,1.076179,1.068215,1.075901,1.075901,8494801
2013-09-06,1.075901,1.085198,1.073847,1.083131,1.083131,4809232
2013-09-09,1.083131,1.105415,1.074715,1.096892,1.096892,3995786
2013-09-10,1.096892,1.163839,1.094464,1.161268,1.161268,4563902
2013-09-11,1.161268,1.212733,1.158046,1.209377,1.209377,7832782
2013-09-12,1.209377,1.269945,1.207195,1.267658,1.267658,3983054
2013-09-13,1.267658,1.293907,1.264625,1.290819,1.290819,5999331
2013-09-16,1.290819,1.318396,1.287389,1.314902,1.314902,7132445
2013-09-17,1.314902,1.322547,1.283348,1.290854,1.290854,5233322
2013-09-18,1.290854,1.296950,1.251907,1.257847,1.257847,6939747
2013-09-19,1.257847,1.258990,1.251006,1.252143,1.252143,6250581
2013-09-20,1.252143,1.253206,1.251382,1.252444,1.252444,4599388
2013-09-23,1.252444,1.268469,1.225172,1.241050,1.241050,8436422
2013-09-24,1.241050,1.242608,1.180835,1.182320,1.182320,9731751
2013-09-25,1.182320,1.203383,1.173040,1.194011,1.194011,5898014
2013-09-26,1.194011,1.244968,1.184987,1.235629,1.235629,4562653
2013-09-27,1.235629,1.245391,1.202772,1.212350,1.212350,6788649
2013-09-30,1.212350,1.227816,1.197426,1.212886,1.212886,5890708
2013-10-01,1.212886,1.325459,1.208791,1.321000,1.321000,6937391
2013-10-02,1.321000,1.334004,1.318295,1.331278,1.331278,4678947
2013-10-03,1.331278,1.363905,1.331227,1.363853,1.363853,10356289
2013-10-04,1.363853,1.384874,1.361272,1.382258,1.382258,3777684
2013-10-07,1.382258,1.425891,1.375686,1.419143,1.419143,10175725
2013-10-08,1.419143,1.424615,1.364014,1.369293,1.369293,4509763
2013-10-09,1.369293,1.372297,1.347619,1.350582,1.350582,6390369
2013-10-10,1.350582,1.356599,1.336952,1.342935,1.342935,5274805
2013-10-11,1.342935,1.379845,1.341868,1.378749,1.378749,7037851
2013-10-14,1.378749,1.418759,1.373472,1.413349,1.413349,5686818
2013-10-15,1.413349,1.467468,1.401114,1.454873,1.454873,7353161
2013-10-16,1.454873,1.455174,1.397953,1.398242,1.398242,6270396
2013-10-17,1.398242,1.400254,1.342486,1.344421,1.344421,4700341
2013-10-18,1.344421,1.347014,1.327755,1.330320,1.330320,7715217
2013-10-21,1.330320,1.341428,1.324229,1.335315,1.335315,5831857
2013-10-22,1.335315,1.339598,1.323104,1.327362,1.327362,13115295
2013-10-23,1.327362,1.338750,1.326153,1.337532,1.337532,3615875
2013-10-24,1.337532,1.350079,1.334031,1.346554,1.346554,9273324
2013-10-25,1.346554,1.348333,1.318260,1.320004,1.320004,3710642
2013-10-28,1.320004,1.321907,1.304087,1.305971,1.305971,3558024
2013-10-29,1.305971,1.313469,1.305772,1.313269,1.313269,5530497
2013-10-30,1.313269,1.316005,1.280109,1.282781,1.282781,4724840
2013-10-31,1.282781,1.284692,1.247537,1.249398,1.249398,6375941
2013-11-01,1.249398,1.300779,1.245802,1.297047,1.297047,6539538
2013-11-04,1.297047,1.297617,1.288462,1.289029,1.289029,6243850
2013-11-05,1.289029,1.294745,1.274525,1.280202,1.280202,5278608
2013-11-06,1.280202,1.282541,1.236732,1.238996,1.238996,5752016
2013-11-07,1.238996,1.278061,1.237433,1.276451,1.276451,9304458
2013-11-08,1.276451,1.285683,1.239865,1.248898,1.248898,12764681
2013-11-11,1.248898,1.312627,1.240717,1.304085,1.304085,6025891
2013-11-12,1.304085,1.316803,1.302821,1.315528,1.315528,4767953
2013-11-13,1.315528,1.320702,1.291376,1.296475,1.296475,3656416
2013-11-14,1.296475,1.301287,1.259117,1.263808,1.263808,3463027
2013-11-15,1.263808,1.311911,1.259334,1.307283,1.307283,9029430
2013-11-18,1.307283,1.309701,1.252954,1.255275,1.255275,4712855
2013-11-19,1.255275,1.261690,1.234130,1.240470,1.240470,11907439
2013-11-20,1.240470,1.351621,1.235426,1.346149,1.346149,4758675
2013-11-21,1.346149,1.404909,1.337264,1.395698,1.395698,5483182
2013-11-22,1.395698,1.453785,1.391763,1.449698,1.449698,11148551
2013-11-25,1.449698,1.449713,1.398516,1.398531,1.398531,5333380
2013-11-26,1.398531,1.409339,1.366153,1.376792,1.376792,11202181
2013-11-27,1.376792,1.386253,1.357490,1.366883,1.366883,10251459
2013-11-28,1.366883,1.372284,1.337100,1.342405,1.342405,3113232
2013-11-29,1.342405,1.379554,1.338896,1.375958,1.375958,7152899
2013-12-02,1.375958,1.380390,1.344777,1.349123,1.349123,5450061
2013-12-03,1.349123,1.372893,1.337490,1.361156,1.361156,5583652
2013-12-04,1.361156,1.387627,1.351616,1.377969,1.377969,5611891
2013-12-05,1.377969,1.381908,1.353963,1.357844,1.357844,3061368
2013-12-06,1.357844,1.396927,1.352727,1.391683,1.391683,8180306
2013-12-09,1.391683,1.435135,1.387664,1.431003,1.431003,8207392
2013-12-10,1.431003,1.440840,1.428105,1.437929,1.437929,3866905
2013-12-11,1.437929,1.509337,1.432297,1.503448,1.503448,4992088
2013-12-12,1.503448,1.504731,1.479893,1.481157,1.481157,5351996
2013-12-13,1.481157,1.508308,1.476127,1.503204,1.503204,7585790
2013-12-16,1.503204,1.504995,1.449719,1.451448,1.451448,5852353
2013-12-17,1.451448,1.454622,1.438918,1.442072,1.442072,5984770
2013-12-18,1.442072,1.443711,1.416012,1.417623,1.417623,5044606
2013-12-19,1.417623,1.422485,1.415718,1.420576,1.420576,4057841
2013-12-20,1.420576,1.429807,1.400918,1.410081,1.410081,4231393
2013-12-23,1.410081,1.418666,1.374926,1.383348,1.383348,6793936
2013-12-24,1.383348,1.389890,1.335676,1.342023,1.342023,3979911
2013-12-25,1.342023,1.386818,1.337824,1.382492,1.382492,8166157
2013-12-26,1.382492,1.384250,1.374273,1.376023,1.376023,6125045
2013-12-27,1.376023,1.389311,1.371722,1.384982,1.384982,8913013
2013-12-30,1.384982,1.413214,1.382191,1.410371,1.410371,7870157
2013-12-31,1.410371,1.415042,1.316769,1.321144,1.321144,6533445
2014-01-01,1.321144,1.328656,1.312439,1.319944,1.319944,6480908
2014-01-02,1.319944,1.366257,1.316805,1.363016,1.363016,4206106
2014-01-03,1.363016,1.368023,1.318544,1.323406,1.323406,4646405
2014-01-06,1.323406,1.329530,1.321128,1.327245,1.327245,4406418
2014-01-07,1.327245,1.328647,1.304236,1.305616,1.305616,6823415
2014-01-08,1.305616,1.307859,1.292061,1.294285,1.294285,5909542
2014-01-09,1.294285,1.313459,1.288223,1.307337,1.307337,6397004
2014-01-10,1.307337,1.313708,1.252887,1.259023,1.259023,6428196
2014-01-13,1.259023,1.261392,1.227874,1.230189,1.230189,8847083
2014-01-14,1.230189,1.288775,1.225139,1.283505,1.283505,5829532
2014-01-15,1.283505,1.316668,1.282059,1.315186,1.315186,7188355
2014-01-16,1.315186,1.335744,1.306105,1.326585,1.326585,3617582
2014-01-17,1.326585,1.334520,1.262296,1.269892,1.269892,5393137
2014-01-20,1.269892,1.272589,1.236858,1.239490,1.239490,3615314
2014-01-21,1.239490,1.243696,1.184978,1.189012,1.189012,3607347
2014-01-22,1.189012,1.471795,1.186578,1.468788,1.468788,4913167
2014-01-23,1.468788,1.535777,1.467705,1.534646,1.534646,6350275
2014-01-24,1.534646,1.535440,1.521761,1.522548,1.522548,2844146
2014-01-27,1.522548,1.531858,1.499878,1.509106,1.509106,6881689
2014-01-28,1.509106,1.518720,1.435012,1.444213,1.444213,6262060
2014-01-29,1.444213,1.445702,1.404756,1.406205,1.406205,5029321
2014-01-30,1.406205,1.450914,1.402296,1.446892,1.446892,7677741
2014-01-31,1.446892,1.503575,1.433224,1.489505,1.489505,5586706
2014-02-03,1.489505,1.494196,1.462884,1.467506,1.467506,9369438
2014-02-04,1.467506,1.542810,1.463961,1.539092,1.539092,10079964
2014-02-05,1.539092,1.551929,1.536232,1.549051,1.549051,2833240
2014-02-06,1.549051,1.553836,1.499393,1.504038,1.504038,7728007
2014-02-07,1.504038,1.529155,1.503498,1.528606,1.528606,4645359
2014-02-10,1.528606,1.548778,1.523720,1.543844,1.543844,6720794
2014-02-11,1.543844,1.550987,1.542304,1.549442,1.549442,9363995
2014-02-12,1.549442,1.550484,1.530317,1.531346,1.531346,3367690
2014-02-13,1.531346,1.538573,1.526393,1.533613,1.533613,4574062
2014-02-14,1.533613,1.534887,1.487857,1.489095,1.489095,8129051
2014-02-17,1.489095,1.513783,1.481778,1.506381,1.506381,9492748
2014-02-18,1.506381,1.532096,1.504801,1.530491,1.530491,5202607
2014-02-19,1.530491,1.559150,1.521383,1.549927,1.549927,8612744
2014-02-20,1.549927,1.554273,1.464189,1.468307,1.468307,6689301
2014-02-21,1.468307,1.486166,1.456406,1.474218,1.474218,4467735
2014-02-24,1.474218,1.505500,1.471582,1.502814,1.502814,7109399
2014-02-25,1.502814,1.514210,1.455477,1.466599,1.466599,7252203
2014-02-26,1.466599,1.519887,1.459562,1.512630,1.512630,5312282
2014-02-27,1.512630,1.521528,1.478244,1.486991,1.486991,4431795
2014-02-28,1.486991,1.507101,1.476026,1.496069,1.496069,7312833
2014-03-03,1.496069,1.529046,1.488954,1.521809,1.521809,4855595
2014-03-04,1.521809,1.527285,1.500942,1.506363,1.506363,9680365
2014-03-05,1.506363,1.506985,1.440027,1.440623,1.440623,5692508
2014-03-06,1.440623,1.447597,1.409440,1.416296,1.416296,5019148
2014-03-07,1.416296,1.437949,1.410725,1.432316,1.432316,5670798
2014-03-10,1.432316,1.468614,1.426793,1.462974,1.462974,2777107
2014-03-11,1.462974,1.464286,1.422846,1.424123,1.424123,5591836
2014-03-12,1.424123,1.430916,1.347342,1.353799,1.353799,8496519
2014-03-13,1.353799,1.354059,1.336668,1.336925,1.336925,7711304
2014-03-14,1.336925,1.343689,1.321973,1.328696,1.328696,5844132
2014-03-17,1.328696,1.377166,1.325412,1.373771,1.373771,6148312
2014-03-18,1.373771,1.378706,1.328934,1.333726,1.333726,7160264
2014-03-19,1.333726,1.381788,1.332631,1.380654,1.380654,4633715
2014-03-20,1.380654,1.388660,1.378581,1.386578,1.386578,4173429
2014-03-21,1.386578,1.389413,1.377749,1.380572,1.380572,6539702
2014-03-24,1.380572,1.443424,1.367720,1.430111,1.430111,4893683
2014-03-25,1.430111,1.445291,1.429747,1.444923,1.444923,10476891
2014-03-26,1.444923,1.448019,1.433276,1.436354,1.436354,4761847
2014-03-27,1.436354,1.440647,1.418242,1.422494,1.422494,7921624
2014-03-28,1.422494,1.426776,1.409371,1.413626,1.413626,8977760
2014-03-31,1.413626,1.446932,1.412546,1.445828,1.445828,6086888
2014-04-01,1.445828,1.448015,1.440604,1.442786,1.442786,5640106
2014-04-02,1.442786,1.446705,1.415817,1.419672,1.419672,6796178
2014-04-03,1.419672,1.427102,1.414574,1.421995,1.421995,4931198
2014-04-04,1.421995,1.447850,1.418284,1.444082,1.444082,4450934
2014-04-07,1.444082,1.450098,1.335711,1.341299,1.341299,5527113
2014-04-08,1.341299,1.361385,1.330948,1.350960,1.350960,6227463
2014-04-09,1.350960,1.391795,1.349321,1.390108,1.390108,4189267
2014-04-10,1.390108,1.420926,1.380733,1.411407,1.411407,7072192
2014-04-11,1.411407,1.475867,1.406755,1.471019,1.471019,5141189
2014-04-14,1.471019,1.489698,1.466108,1.484741,1.484741,7322912
2014-04-15,1.484741,1.491655,1.481885,1.488791,1.488791,4820253
2014-04-16,1.488791,1.540506,1.487237,1.538900,1.538900,9647665
2014-04-17,1.538900,1.602241,1.529065,1.592066,1.592066,4798107
2014-04-18,1.592066,1.621465,1.584539,1.613835,1.613835,8875384
2014-04-21,1.613835,1.627978,1.606253,1.620365,1.620365,4652341
2014-04-22,1.620365,1.620776,1.600581,1.600987,1.600987,7694893
2014-04-23,1.600987,1.632159,1.595093,1.626172,1.626172,3735358
2014-04-24,1.626172,1.653611,1.620397,1.647759,1.647759,4737772
2014-04-25,1.647759,1.658565,1.638584,1.649381,1.649381,7168954
2014-04-28,1.649381,1.679214,1.645406,1.675177,1.675177,2443192
2014-04-29,1.675177,1.681442,1.650090,1.656284,1.656284,6741694
2014-04-30,1.656284,1.677996,1.655001,1.676697,1.676697,4912906
2014-05-01,1.676697,1.705013,1.672494,1.700749,1.700749,11126779
2014-05-02,1.700749,1.786732,1.687310,1.772723,1.772723,10159118
2014-05-05,1.772723,1.778616,1.767596,1.773486,1.773486,4872111
2014-05-06,1.773486,1.773704,1.761274,1.761490,1.761490,5026348
2014-05-07,1.761490,1.785749,1.752613,1.776795,1.776795,4274485
2014-05-08,1.776795,1.786536,1.738075,1.747656,1.747656,9468582
2014-05-09,1.747656,1.757057,1.669228,1.678255,1.678255,9084433
2014-05-12,1.678255,1.679427,1.674817,1.675986,1.675986,6381793
2014-05-13,1.675986,1.698697,1.670631,1.693287,1.693287,11475482
2014-05-14,1.693287,1.693559,1.622766,1.623027,1.623027,5678339
2014-05-15,1.623027,1.630409,1.610736,1.618095,1.618095,5117146
2014-05-16,1.618095,1.703728,1.616037,1.701564,1.701564,5119910
2014-05-19,1.701564,1.706713,1.682477,1.687584,1.687584,5558194
2014-05-20,1.687584,1.696922,1.663431,1.672686,1.672686,4417814
2014-05-21,1.672686,1.687695,1.669934,1.684922,1.684922,4433659
2014-05-22,1.684922,1.766339,1.672949,1.753876,1.753876,6135870
2014-05-23,1.753876,1.762245,1.747609,1.755971,1.755971,3188584
2014-05-26,1.755971,1.768333,1.713439,1.725587,1.725587,7351858
2014-05-27,1.725587,1.786186,1.720349,1.780780,1.780780,5349872
2014-05-28,1.780780,1.855025,1.766645,1.840416,1.840416,3910864
2014-05-29,1.840416,1.851505,1.817226,1.828242,1.828242,5223718
2014-05-30,1.828242,1.836864,1.810100,1.818677,1.818677,5520359
2014-06-02,1.818677,1.866749,1.816329,1.864341,1.864341,4499236
2014-06-03,1.864341,1.866128,1.860822,1.862607,1.862607,6622206
2014-06-04,1.862607,1.892490,1.858908,1.888739,1.888739,4524259
2014-06-05,1.888739,1.922474,1.879489,1.913105,1.913105,3454402
2014-06-06,1.913105,1.925355,1.901405,1.913652,1.913652,8326932
2014-06-09,1.913652,2.016164,1.904186,2.006241,2.006241,8589884
2014-06-10,2.006241,2.112717,2.002332,2.108609,2.108609,5903711
2014-06-11,2.108609,2.116843,2.073241,2.081367,2.081367,6366399
2014-06-12,2.081367,2.095229,2.078528,2.092375,2.092375,5469134
2014-06-13,2.092375,2.102425,2.084441,2.094483,2.094483,5091779
2014-06-16,2.094483,2.109198,2.092506,2.107209,2.107209,8525234
2014-06-17,2.107209,2.117029,1.999933,2.009297,2.009297,6637020
2014-06-18,2.009297,2.126283,1.993185,2.109368,2.109368,5839214
2014-06-19,2.109368,2.120694,1.983244,1.993950,1.993950,6439382
2014-06-20,1.993950,2.083569,1.986304,2.075610,2.075610,7639876
2014-06-23,2.075610,2.082336,2.031677,2.038282,2.038282,5305377
2014-06-24,2.038282,2.057789,1.951630,1.970489,1.970489,3785072
2014-06-25,1.970489,2.088424,1.968003,2.085792,2.085792,4372362
2014-06-26,2.085792,2.086979,2.072415,2.073595,2.073595,5395344
2014-06-27,2.073595,2.082860,2.030275,2.039387,2.039387,5657182
2014-06-30,2.039387,2.089539,2.035573,2.085639,2.085639,4279340
2014-07-01,2.085639,2.108081,2.083111,2.105530,2.105530,7710931
2014-07-02,2.105530,2.107341,2.049790,2.051556,2.051556,4522670
2014-07-03,2.051556,2.097715,2.040775,2.086749,2.086749,4553027
2014-07-04,2.086749,2.133221,2.082870,2.129262,2.129262,7105600
2014-07-07,2.129262,2.133127,2.106921,2.110752,2.110752,6744149
2014-07-08,2.110752,2.112721,1.919433,1.921224,1.921224,4019316
2014-07-09,1.921224,1.962220,1.917756,1.958684,1.958684,7987387
2014-07-10,1.958684,1.980811,1.955072,1.977165,1.977165,5845976
2014-07-11,1.977165,2.086015,1.975331,2.084081,2.084081,3915382
2014-07-14,2.084081,2.085608,2.068094,2.069610,2.069610,7394749
2014-07-15,2.069610,2.073531,2.062030,2.065944,2.065944,3612882
2014-07-16,2.065944,2.069547,2.052362,2.055948,2.055948,7773157
2014-07-17,2.055948,2.066224,1.975858,1.985784,1.985784,6249522
2014-07-18,1.985784,2.028255,1.973999,2.016289,2.016289,11198002
2014-07-21,2.016289,2.020403,1.957196,1.961198,1.961198,5311073
2014-07-22,1.961198,1.993215,1.947081,1.978970,1.978970,9030407
2014-07-23,1.978970,1.983777,1.960310,1.965083,1.965083,4690198
2014-07-24,1.965083,1.970664,1.934662,1.940172,1.940172,5471264
2014-07-25,1.940172,2.042221,1.939739,2.041766,2.041766,5053616
2014-07-28,2.041766,2.043028,2.022264,2.023515,2.023515,3678839
2014-07-29,2.023515,2.067553,2.010216,2.054053,2.054053,6408380
2014-07-30,2.054053,2.059628,1.934257,1.939521,1.939521,10581343
2014-07-31,1.939521,1.976973,1.933133,1.970483,1.970483,5405586
2014-08-01,1.970483,1.998606,1.970107,1.998224,1.998224,10973819
2014-08-04,1.998224,2.019416,1.981442,2.002598,2.002598,9603993
2014-08-05,2.002598,2.760811,2.001159,2.758829,2.758829,3404497
2014-08-06,2.758829,2.765078,2.596013,2.601907,2.601907,5126699
2014-08-07,2.601907,2.602544,2.577614,2.578246,2.578246,7352831
2014-08-08,2.578246,2.643727,2.577987,2.643462,2.643462,8049104
2014-08-11,2.643462,2.681813,2.626382,2.664596,2.664596,4303388
2014-08-12,2.664596,2.671467,2.663781,2.670651,2.670651,4751311
2014-08-13,2.670651,2.765172,2.664427,2.758743,2.758743,4212147
2014-08-14,2.758743,2.870389,2.739653,2.850663,2.850663,5094661
2014-08-15,2.850663,2.904113,2.845104,2.898461,2.898461,5643031
2014-08-18,2.898461,2.953009,2.882164,2.936498,2.936498,4220311
2014-08-19,2.936498,2.942852,2.870332,2.876557,2.876557,3597380
2014-08-20,2.876557,2.893688,2.871520,2.888630,2.888630,4555109
2014-08-21,2.888630,2.892285,2.749486,2.752968,2.752968,4089013
2014-08-22,2.752968,2.893983,2.728200,2.868178,2.868178,5825970
2014-08-25,2.868178,2.934363,2.858641,2.924637,2.924637,4167509
2014-08-26,2.924637,2.958986,2.919975,2.954277,2.954277,5690452
2014-08-27,2.954277,2.970687,2.952881,2.969284,2.969284,9836522
2014-08-28,2.969284,2.986768,2.855180,2.872093,2.872093,6966246
2014-08-29,2.872093,2.884766,2.781368,2.793695,2.793695,5193067
2014-09-01,2.793695,2.811882,2.788925,2.807089,2.807089,5133653
2014-09-02,2.807089,2.906322,2.793816,2.892644,2.892644,6078316
2014-09-03,2.892644,2.905412,2.877585,2.890342,2.890342,5684724
2014-09-04,2.890342,3.015857,2.867651,2.992364,2.992364,8471348
2014-09-05,2.992364,3.004241,2.937462,2.949167,2.949167,5653307
2014-09-08,2.949167,2.962130,2.906759,2.919592,2.919592,7033228
2014-09-09,2.919592,3.046196,2.907311,3.033437,3.033437,2388175
2014-09-10,3.033437,3.076195,3.026074,3.068747,3.068747,15673311
2014-09-11,3.068747,3.167988,3.048311,3.147030,3.147030,6840219
2014-09-12,3.147030,3.152793,3.118151,3.123871,3.123871,6024993
2014-09-15,3.123871,3.129662,3.082518,3.088243,3.088243,5861506
2014-09-16,3.088243,3.099073,2.954335,2.964731,2.964731,5219833
2014-09-17,2.964731,2.965115,2.914821,2.915198,2.915198,7349474
2014-09-18,2.915198,2.947655,2.907110,2.939499,2.939499,9595118
2014-09-19,2.939499,2.963948,2.933152,2.957562,2.957562,6341620
2014-09-22,2.957562,2.978881,2.883890,2.904829,2.904829,10413658
2014-09-23,2.904829,2.906354,2.851404,2.852902,2.852902,9576248
2014-09-24,2.852902,3.057284,2.852011,3.056330,3.056330,4273262
2014-09-25,3.056330,3.065406,2.999616,3.008551,3.008551,8962915
2014-09-26,3.008551,3.093824,2.987214,3.072037,3.072037,6791559
2014-09-29,3.072037,3.220752,3.049136,3.196920,3.196920,9823824
2014-09-30,3.196920,3.216270,3.191630,3.210957,3.210957,4855588
2014-10-01,3.210957,3.278426,3.205197,3.272556,3.272556,9713676
2014-10-02,3.272556,3.279340,3.222305,3.228998,3.228998,12984565
2014-10-03,3.228998,3.256547,3.114787,3.141591,3.141591,2998418
2014-10-06,3.141591,3.151205,3.136285,3.145892,3.145892,6257985
2014-10-07,3.145892,3.161445,3.122959,3.138476,3.138476,4317479
2014-10-08,3.138476,3.147582,3.006097,3.014845,3.014845,3908607
2014-10-09,3.014845,3.015281,2.904037,2.904458,2.904458,10146738
2014-10-10,2.904458,2.922170,2.886085,2.903793,2.903793,7444542
2014-10-13,2.903793,2.912363,2.837690,2.846090,2.846090,5343617
2014-10-14,2.846090,2.848489,2.743366,2.745680,2.745680,6056310
2014-10-15,2.745680,2.757813,2.715338,2.727390,2.727390,6913153
2014-10-16,2.727390,2.764981,2.704606,2.742074,2.742074,4581007
2014-10-17,2.742074,2.758244,2.733005,2.749152,2.749152,5233288
2014-10-20,2.749152,2.862855,2.746024,2.859601,2.859601,6450165
2014-10-21,2.859601,3.035717,2.846551,3.021926,3.021926,5878315
2014-10-22,3.021926,3.177961,3.015056,3.170752,3.170752,5565052
2014-10-23,3.170752,3.177965,3.156473,3.163670,3.163670,6635450
2014-10-24,3.163670,3.192353,3.145906,3.174528,3.174528,4569023
2014-10-27,3.174528,3.194178,3.139732,3.159287,3.159287,5125343
2014-10-28,3.159287,3.181257,3.099256,3.120959,3.120959,4851337
2014-10-29,3.120959,3.203768,3.118379,3.201122,3.201122,8048070
2014-10-30,3.201122,3.216673,3.198341,3.213881,3.213881,4740643
2014-10-31,3.213881,3.226498,3.189429,3.202000,3.202000,3610800
2014-11-03,3.202000,3.223663,3.162646,3.184189,3.184189,4277779
2014-11-04,3.184189,3.333747,3.149283,3.297599,3.297599,3959214
2014-11-05,3.297599,3.438678,3.287257,3.427927,3.427927,6147121
2014-11-06,3.427927,3.527000,3.415179,3.513932,3.513932,6765611
2014-11-07,3.513932,3.567703,3.512157,3.565902,3.565902,7017114
2014-11-10,3.565902,3.573579,3.534882,3.542509,3.542509,5278151
2014-11-11,3.542509,3.626204,3.542382,3.626074,3.626074,4230749
2014-11-12,3.626074,3.655675,3.623812,3.653395,3.653395,4367326
2014-11-13,3.653395,3.665178,3.569832,3.581383,3.581383,5458563
2014-11-14,3.581383,3.601837,3.515736,3.535931,3.535931,6624973
2014-11-17,3.535931,3.556043,3.526063,3.546146,3.546146,12759291
2014-11-18,3.546146,3.555143,3.476765,3.485608,3.485608,6378887
2014-11-19,3.485608,3.545966,3.480243,3.540517,3.540517,6782358
2014-11-20,3.540517,3.563460,3.531269,3.554176,3.554176,6112237
2014-11-21,3.554176,3.564952,3.536192,3.546946,3.546946,11263420
2014-11-24,3.546946,3.609593,3.543204,3.605788,3.605788,11676565
2014-11-25,3.605788,3.706539,3.591298,3.691703,3.691703,3460692
2014-11-26,3.691703,3.753284,3.679261,3.740677,3.740677,5614317
2014-11-27,3.740677,3.797282,3.728295,3.784754,3.784754,6615138
2014-11-28,3.784754,3.871226,3.753790,3.839811,3.839811,3791903
2014-12-01,3.839811,3.842209,3.573479,3.575712,3.575712,9261898
2014-12-02,3.575712,3.605832,3.556463,3.586525,3.586525,5019775
2014-12-03,3.586525,3.849609,3.575257,3.837553,3.837553,5636350
2014-12-04,3.837553,3.952931,3.812476,3.927268,3.927268,2810040
2014-12-05,3.927268,4.021009,3.916269,4.009779,4.009779,6800238
2014-12-08,4.009779,4.125413,4.008719,4.124323,4.124323,2775190
2014-12-09,4.124323,4.159334,4.100950,4.135895,4.135895,5081590
2014-12-10,4.135895,4.155327,4.057657,4.076811,4.076811,4416055
2014-12-11,4.076811,4.213725,4.072389,4.209159,4.209159,3263112
2014-12-12,4.209159,4.281482,4.205505,4.277768,4.277768,9768979
2014-12-15,4.277768,4.442021,4.248780,4.412124,4.412124,4450129
2014-12-16,4.412124,4.419094,4.280442,4.287216,4.287216,4215297
2014-12-17,4.287216,4.311084,4.203719,4.227253,4.227253,1779068
2014-12-18,4.227253,4.228721,4.109078,4.110504,4.110504,5699118
2014-12-19,4.110504,4.142989,4.035358,4.067504,4.067504,7482283
2014-12-22,4.067504,4.338992,4.060822,4.331876,4.331876,6494402
2014-12-23,4.331876,4.432025,4.330260,4.430372,4.430372,7868708
2014-12-24,4.430372,4.454200,4.292303,4.315513,4.315513,4085901
2014-12-25,4.315513,4.356907,4.307070,4.348399,4.348399,8606016
2014-12-26,4.348399,4.444752,4.340581,4.436775,4.436775,3959462
2014-12-29,4.436775,4.449820,4.279918,4.292539,4.292539,5680748
2014-12-30,4.292539,4.308902,4.178596,4.194585,4.194585,8463575
2014-12-31,4.194585,4.202675,4.136766,4.144759,4.144759,4299096
2015-01-01,4.144759,4.146286,4.104474,4.105986,4.105986,8780650
2015-01-02,4.105986,4.108544,3.992001,3.994489,3.994489,6516529
2015-01-05,3.994489,4.044670,3.992439,4.042596,4.042596,8587982
2015-01-06,4.042596,4.052831,3.969401,3.979476,3.979476,4297951
2015-01-07,3.979476,4.005538,3.928147,3.954042,3.954042,3050529
2015-01-08,3.954042,4.080190,3.942286,4.068094,4.068094,8603249
2015-01-09,4.068094,4.099714,3.954105,3.985079,3.985079,7472359
2015-01-12,3.985079,3.992684,3.901743,3.909203,3.909203,8522399
2015-01-13,3.909203,3.984592,3.898192,3.973400,3.973400,6328964
2015-01-14,3.973400,3.988260,3.874782,3.889328,3.889328,6351770
2015-01-15,3.889328,3.964630,3.880993,3.956152,3.956152,4059216
2015-01-16,3.956152,3.981528,3.874323,3.899334,3.899334,5025677
2015-01-19,3.899334,3.899508,3.881617,3.881790,3.881790,7687990
2015-01-20,3.881790,3.892796,3.870412,3.881417,3.881417,8860312
2015-01-21,3.881417,3.894155,3.878559,3.891290,3.891290,6207452
2015-01-22,3.891290,4.096258,3.858090,4.061605,4.061605,9545255
2015-01-23,4.061605,4.062832,3.921372,3.922557,3.922557,4642351
2015-01-26,3.922557,4.005468,3.919629,4.002481,4.002481,5263084
2015-01-27,4.002481,4.005849,3.954972,3.958303,3.958303,9708393
2015-01-28,3.958303,4.117741,3.948100,4.107155,4.107155,4079022
2015-01-29,4.107155,4.194733,4.096040,4.183412,4.183412,8199872
2015-01-30,4.183412,4.189827,4.095478,4.101768,4.101768,5921540
2015-02-02,4.101768,4.237805,4.100283,4.236271,4.236271,8416401
2015-02-03,4.236271,4.440554,4.228568,4.432494,4.432494,5611206
2015-02-04,4.432494,4.448149,4.312083,4.327366,4.327366,7315468
2015-02-05,4.327366,4.342050,4.182707,4.196948,4.196948,5287477
2015-02-06,4.196948,4.244256,4.195943,4.243240,4.243240,4332862
2015-02-09,4.243240,4.262106,4.202728,4.221498,4.221498,5138084
2015-02-10,4.221498,4.226071,4.214820,4.219390,4.219390,5237821
2015-02-11,4.219390,4.247192,4.218374,4.246169,4.246169,6322463
2015-02-12,4.246169,4.334864,4.233157,4.321621,4.321621,8132348
2015-02-13,4.321621,4.354795,4.193917,4.226359,4.226359,3624308
2015-02-16,4.226359,4.441988,4.203476,4.418066,4.418066,3936036
2015-02-17,4.418066,4.422877,4.288152,4.292826,4.292826,5333855
2015-02-18,4.292826,4.300629,4.244466,4.252195,4.252195,3109731
2015-02-19,4.252195,4.311908,4.242296,4.301894,4.301894,4017775
2015-02-20,4.301894,4.324449,4.153629,4.175523,4.175523,11879946
2015-02-23,4.175523,4.183888,3.967584,3.975549,3.975549,3583138
2015-02-24,3.975549,4.093928,3.968694,4.086880,4.086880,5711822
2015-02-25,4.086880,4.182246,4.051045,4.145894,4.145894,4189760
2015-02-26,4.145894,4.168243,4.085596,4.107740,4.107740,9456673
2015-02-27,4.107740,4.123947,3.998734,4.014573,4.014573,3814049
2015-03-02,4.014573,4.036395,3.785123,3.805810,3.805810,6447181
2015-03-03,3.805810,3.818049,3.742681,3.754756,3.754756,11666483
2015-03-04,3.754756,3.780790,3.681730,3.707436,3.707436,7478566
2015-03-05,3.707436,3.717095,3.558040,3.567334,3.567334,3856369
2015-03-06,3.567334,3.574100,3.507046,3.513709,3.513709,8352933
2015-03-09,3.513709,3.533164,3.305546,3.323950,3.323950,4169383
2015-03-10,3.323950,3.326987,3.294476,3.297488,3.297488,5796674
2015-03-11,3.297488,3.312027,3.118254,3.132063,3.132063,5257240
2015-03-12,3.132063,3.137763,3.068429,3.074024,3.074024,3270849
2015-03-13,3.074024,3.077942,2.958757,2.962533,2.962533,4721129
2015-03-16,2.962533,2.967829,2.858714,2.863834,2.863834,13278878
2015-03-17,2.863834,2.920312,2.854149,2.910469,2.910469,5213648
2015-03-18,2.910469,2.930297,2.892065,2.911884,2.911884,7195264
2015-03-19,2.911884,2.978804,2.910824,2.977721,2.977721,4958109
2015-03-20,2.977721,3.091554,2.962894,3.076237,3.076237,9447417
2015-03-23,3.076237,3.121960,3.073249,3.118931,3.118931,4614577
2015-03-24,3.118931,3.120784,3.102511,3.104356,3.104356,8823217
2015-03-25,3.104356,3.150226,3.101084,3.146910,3.146910,2719630
2015-03-26,3.146910,3.152130,3.057507,3.062587,3.062587,5766837
2015-03-27,3.062587,3.078791,2.862151,2.877375,2.877375,4815843
2015-03-30,2.877375,2.921077,2.853609,2.897148,2.897148,4462898
2015-03-31,2.897148,2.909493,2.832779,2.844901,2.844901,17351672
2015-04-01,2.844901,2.888123,2.840413,2.883574,2.883574,4704743
2015-04-02,2.883574,2.908396,2.880180,2.904977,2.904977,6093282
2015-04-03,2.904977,2.938891,2.877119,2.910976,2.910976,6141141
2015-04-06,2.910976,3.036766,2.905248,3.030802,3.030802,3195485
2015-04-07,3.030802,3.041643,2.961313,2.971943,2.971943,7257391
2015-04-08,2.971943,3.010500,2.966990,3.005491,3.005491,7747871
2015-04-09,3.005491,3.122667,2.985958,3.102504,3.102504,5214861
2015-04-10,3.102504,3.137602,3.095481,3.130516,3.130516,4075913
2015-04-13,3.130516,3.144577,2.997001,3.010523,3.010523,9303207
2015-04-14,3.010523,3.124471,3.005815,3.119591,3.119591,6072984
2015-04-15,3.119591,3.121626,3.112484,3.114516,3.114516,6273697
2015-04-16,3.114516,3.131373,3.097073,3.113927,3.113927,3068971
2015-04-17,3.113927,3.197651,3.104357,3.187853,3.187853,3437567
2015-04-20,3.187853,3.300741,3.138863,3.250784,3.250784,8751798
2015-04-21,3.250784,3.255554,3.175990,3.180657,3.180657,4814476
2015-04-22,3.180657,3.193932,3.109595,3.122628,3.122628,3729156
2015-04-23,3.122628,3.124286,3.121269,3.122927,3.122927,6076459
2015-04-24,3.122927,3.200434,3.115396,3.192735,3.192735,8066938
2015-04-27,3.192735,3.461825,3.172222,3.439726,3.439726,4601042
2015-04-28,3.439726,3.455064,3.430609,3.445931,3.445931,6391936
2015-04-29,3.445931,3.463978,3.330653,3.348189,3.348189,8626664
2015-04-30,3.348189,3.361604,3.126176,3.138752,3.138752,6499493
2015-05-01,3.138752,3.168207,3.136164,3.165597,3.165597,6656549
2015-05-04,3.165597,3.342754,3.158095,3.334851,3.334851,3621631
2015-05-05,3.334851,3.361043,3.321610,3.347751,3.347751,4346596
2015-05-06,3.347751,3.349099,3.301460,3.302789,3.302789,6364639
2015-05-07,3.302789,3.303071,3.187715,3.187988,3.187988,5944783
2015-05-08,3.187988,3.200975,3.094184,3.106840,3.106840,5481236
2015-05-11,3.106840,3.118174,3.029612,3.040704,3.040704,6752356
2015-05-12,3.040704,3.075357,3.022181,3.056737,3.056737,4527258
2015-05-13,3.056737,3.125371,3.036172,3.104485,3.104485,6023963
2015-05-14,3.104485,3.127194,3.051612,3.074099,3.074099,5360911
2015-05-15,3.074099,3.090451,3.035837,3.052072,3.052072,9378546
2015-05-18,3.052072,3.074516,3.034890,3.057304,3.057304,5265556
2015-05-19,3.057304,3.080000,3.042673,3.065330,3.065330,6008800
2015-05-20,3.065330,3.077652,2.867305,2.878877,2.878877,5957754
2015-05-21,2.878877,2.907759,2.852784,2.881642,2.881642,9363987
2015-05-22,2.881642,3.130525,2.869634,3.117534,3.117534,9737255
2015-05-25,3.117534,3.191184,3.103446,3.176827,3.176827,5146713
2015-05-26,3.176827,3.177228,3.053411,3.053796,3.053796,4875628
2015-05-27,3.053796,3.066780,3.010313,3.023167,3.023167,6151461
2015-05-28,3.023167,3.097558,3.010768,3.084906,3.084906,9081834
2015-05-29,3.084906,3.087341,2.918414,2.920719,2.920719,6306315
2015-06-01,2.920719,2.922129,2.880757,2.882147,2.882147,4020413
2015-06-02,2.882147,2.938245,2.874530,2.930500,2.930500,8420386
2015-06-03,2.930500,2.945539,2.929099,2.944131,2.944131,6602025
2015-06-04,2.944131,2.959686,2.926369,2.941913,2.941913,5087083
2015-06-05,2.941913,2.957317,2.892955,2.908182,2.908182,4217640
2015-06-08,2.908182,2.924502,2.901725,2.918023,2.918023,6265658
2015-06-09,2.918023,2.992786,2.911672,2.986287,2.986287,9749598
2015-06-10,2.986287,3.027025,2.971451,3.012061,3.012061,5603966
2015-06-11,3.012061,3.064552,3.001792,3.054141,3.054141,5013355
2015-06-12,3.054141,3.056561,3.007110,3.009495,3.009495,2928961
2015-06-15,3.009495,3.113014,3.007406,3.110855,3.110855,7621720
2015-06-16,3.110855,3.123509,3.036082,3.048482,3.048482,5004207
2015-06-17,3.048482,3.054102,3.035149,3.040754,3.040754,11343418
2015-06-18,3.040754,3.043540,2.971009,2.973734,2.973734,9741595
2015-06-19,2.973734,2.986815,2.913215,2.926087,2.926087,6306515
2015-06-22,2.926087,2.931700,2.868648,2.874161,2.874161,2858710
2015-06-23,2.874161,2.990191,2.865291,2.980992,2.980992,8931257
2015-06-24,2.980992,3.046459,2.973036,3.038351,3.038351,6705401
2015-06-25,3.038351,3.077759,3.028430,3.067742,3.067742,6219603
2015-06-26,3.067742,3.102478,3.057376,3.092030,3.092030,4493181
2015-06-29,3.092030,3.096617,3.011723,3.016197,3.016197,4116551
2015-06-30,3.016197,3.024495,2.927838,2.935915,2.935915,4054175
2015-07-01,2.935915,2.941857,2.874870,2.880700,2.880700,5693284
2015-07-02,2.880700,2.884824,2.853003,2.857093,2.857093,7964634
2015-07-03,2.857093,2.861134,2.794304,2.798262,2.798262,5286291
2015-07-06,2.798262,2.815516,2.783613,2.800854,2.800854,7970417
2015-07-07,2.800854,2.846816,2.792466,2.838317,2.838317,3910569
2015-07-08,2.838317,2.923304,2.809524,2.893947,2.893947,5096476
2015-07-09,2.893947,2.904255,2.801366,2.811380,2.811380,5036851
2015-07-10,2.811380,2.833534,2.782221,2.804320,2.804320,4687809
2015-07-13,2.804320,2.812867,2.796169,2.804716,2.804716,10374761
2015-07-14,2.804716,2.844380,2.803049,2.842691,2.842691,6140709
2015-07-15,2.842691,2.848604,2.827646,2.833540,2.833540,7095333
2015-07-16,2.833540,2.846634,2.785600,2.798532,2.798532,6714230
2015-07-17,2.798532,2.799745,2.792490,2.793701,2.793701,3754802
2015-07-20,2.793701,2.881316,2.791666,2.879219,2.879219,9543240
2015-07-21,2.879219,3.035436,2.865004,3.020523,3.020523,4842558
2015-07-22,3.020523,3.097159,3.018306,3.094887,3.094887,11597344
2015-07-23,3.094887,3.123361,3.044929,3.073203,3.073203,5562576
2015-07-24,3.073203,3.195612,3.062521,3.184543,3.184543,10569815
2015-07-27,3.184543,3.188676,3.170093,3.174212,3.174212,4039655
2015-07-28,3.174212,3.179533,3.162271,3.167580,3.167580,5359242
2015-07-29,3.167580,3.189918,3.135045,3.157311,3.157311,6082138
2015-07-30,3.157311,3.162069,3.024128,3.028692,3.028692,7167833
2015-07-31,3.028692,3.065763,3.022273,3.059279,3.059279,6485883
2015-08-03,3.059279,3.207720,3.044032,3.191813,3.191813,4281402
2015-08-04,3.191813,3.264557,3.166589,3.238961,3.238961,5318674
2015-08-05,3.238961,3.239190,3.227087,3.227316,3.227316,5811715
2015-08-06,3.227316,3.257302,3.212553,3.242470,3.242470,3690738
2015-08-07,3.242470,3.254304,3.237576,3.249400,3.249400,6574047
2015-08-10,3.249400,3.255707,3.117394,3.123457,3.123457,3751573
2015-08-11,3.123457,3.130038,3.062352,3.068818,3.068818,6012322
2015-08-12,3.068818,3.080939,2.957713,2.969441,2.969441,8009575
2015-08-13,2.969441,3.093017,2.967049,3.090527,3.090527,8820230
2015-08-14,3.090527,3.516116,3.087255,3.512397,3.512397,11668702
2015-08-17,3.512397,3.599185,3.500854,3.587395,3.587395,6475024
2015-08-18,3.587395,3.609696,3.554375,3.576610,3.576610,7759074
2015-08-19,3.576610,3.593419,3.349623,3.365440,3.365440,10104544
2015-08-20,3.365440,3.390677,3.356196,3.381389,3.381389,9276670
2015-08-21,3.381389,3.412456,3.374976,3.405996,3.405996,7128648
2015-08-24,3.405996,3.410674,3.389490,3.394152,3.394152,7791316
2015-08-25,3.394152,3.406677,3.223583,3.235522,3.235522,9391938
2015-08-26,3.235522,3.245375,3.177446,3.187152,3.187152,3635604
2015-08-27,3.187152,3.227152,3.177819,3.217729,3.217729,4481000
2015-08-28,3.217729,3.224885,3.211415,3.218568,3.218568,11761377
2015-08-31,3.218568,3.223223,3.210209,3.214858,3.214858,7301978
2015-09-01,3.214858,3.223678,3.137272,3.145902,3.145902,9056616
2015-09-02,3.145902,3.146205,3.126401,3.126702,3.126702,5401511
2015-09-03,3.126702,3.127106,3.041692,3.042085,3.042085,6292946
2015-09-04,3.042085,3.136994,3.039109,3.133928,3.133928,8213598
2015-09-07,3.133928,3.180158,3.131080,3.177270,3.177270,4453934
2015-09-08,3.177270,3.185769,3.114033,3.122386,3.122386,6453006
2015-09-09,3.122386,3.122596,2.957628,2.957827,2.957827,4811439
2015-09-10,2.957827,3.001715,2.942185,2.985924,2.985924,10354679
2015-09-11,2.985924,3.003206,2.721446,2.737289,2.737289,6989511
2015-09-14,2.737289,2.749992,2.688333,2.700867,2.700867,6484537
2015-09-15,2.700867,2.709422,2.683973,2.692501,2.692501,5036008
2015-09-16,2.692501,2.701326,2.422317,2.430283,2.430283,5337138
2015-09-17,2.430283,2.438740,2.409320,2.417734,2.417734,13454798
2015-09-18,2.417734,2.475369,2.415539,2.473124,2.473124,7715539
2015-09-21,2.473124,2.611674,2.468312,2.606602,2.606602,3687917
2015-09-22,2.606602,2.610672,2.580931,2.584967,2.584967,5855187
2015-09-23,2.584967,2.587041,2.561760,2.563817,2.563817,6198027
2015-09-24,2.563817,2.574387,2.482707,2.492985,2.492985,4597086
2015-09-25,2.492985,2.622470,2.488127,2.617369,2.617369,8830579
2015-09-28,2.617369,2.617773,2.482456,2.482838,2.482838,7081214
2015-09-29,2.482838,2.526533,2.479738,2.523381,2.523381,3146553
2015-09-30,2.523381,2.537768,2.507808,2.522188,2.522188,8189408
2015-10-01,2.522188,2.535410,2.506120,2.519327,2.519327,4740577
2015-10-02,2.519327,2.541175,2.413602,2.434717,2.434717,5095850
2015-10-05,2.434717,2.451636,2.428559,2.445451,2.445451,7926738
2015-10-06,2.445451,2.451946,2.361414,2.367702,2.367702,4844930
2015-10-07,2.367702,2.429863,2.358911,2.420876,2.420876,7972706
2015-10-08,2.420876,2.427766,2.344046,2.350736,2.350736,6081080
2015-10-09,2.350736,2.362174,2.345240,2.356664,2.356664,3557507
2015-10-12,2.356664,2.433527,2.337390,2.413787,2.413787,2827659
2015-10-13,2.413787,2.522930,2.409725,2.518692,2.518692,8801245
2015-10-14,2.518692,2.559280,2.512687,2.553193,2.553193,7387422
2015-10-15,2.553193,2.608668,2.545961,2.601299,2.601299,10378112
2015-10-16,2.601299,2.747286,2.583649,2.728770,2.728770,8202947
2015-10-19,2.728770,2.740390,2.575183,2.586196,2.586196,5772429
2015-10-20,2.586196,2.600388,2.531093,2.545060,2.545060,5280376
2015-10-21,2.545060,2.588827,2.530158,2.573757,2.573757,7669925
2015-10-22,2.573757,2.602833,2.568189,2.597214,2.597214,4209806
2015-10-23,2.597214,2.601681,2.497765,2.502068,2.502068,7033319
2015-10-26,2.502068,2.518960,2.399528,2.415838,2.415838,6234623
2015-10-27,2.415838,2.461744,2.400679,2.446393,2.446393,5910717
2015-10-28,2.446393,2.447278,2.428162,2.429040,2.429040,5076964
2015-10-29,2.429040,2.431726,2.404630,2.407291,2.407291,5894253
2015-10-30,2.407291,2.407384,2.380161,2.380253,2.380253,4984131
2015-11-02,2.380253,2.392418,2.272210,2.283883,2.283883,7339278
2015-11-03,2.283883,2.330110,2.273044,2.319105,2.319105,6141823
2015-11-04,2.319105,2.430827,2.319083,2.430805,2.430805,7046953
2015-11-05,2.430805,2.496923,2.406844,2.472551,2.472551,3269827
2015-11-06,2.472551,2.473914,2.301288,2.302557,2.302557,6752019
2015-11-09,2.302557,2.377903,2.293756,2.368849,2.368849,6377050
2015-11-10,2.368849,2.466949,2.351562,2.449077,2.449077,3835194
2015-11-11,2.449077,2.460858,2.423586,2.435300,2.435300,9643976
2015-11-12,2.435300,2.440061,2.401356,2.406060,2.406060,5345286
2015-11-13,2.406060,2.408101,2.384931,2.386956,2.386956,6757812
2015-11-16,2.386956,2.389480,2.319339,2.321794,2.321794,4444389
2015-11-17,2.321794,2.356049,2.320948,2.355190,2.355190,9117619
2015-11-18,2.355190,2.358297,2.299004,2.302041,2.302041,7215931
2015-11-19,2.302041,2.304457,2.160891,2.163162,2.163162,4574906
2015-11-20,2.163162,2.241849,2.160435,2.239027,2.239027,4051308
2015-11-23,2.239027,2.249295,2.112810,2.122545,2.122545,5747072
2015-11-24,2.122545,2.137291,2.117699,2.132423,2.132423,4832763
2015-11-25,2.132423,2.270034,2.130893,2.268407,2.268407,4428948
2015-11-26,2.268407,2.327843,2.268271,2.327703,2.327703,8272243
2015-11-27,2.327703,2.339386,2.247988,2.259328,2.259328,6239647
2015-11-30,2.259328,2.264516,2.158346,2.163314,2.163314,8777492
2015-12-01,2.163314,2.231486,2.159255,2.227308,2.227308,6521391
2015-12-02,2.227308,2.242206,2.155259,2.169773,2.169773,4432845
2015-12-03,2.169773,2.170990,2.107397,2.108580,2.108580,6411175
2015-12-04,2.108580,2.126330,1.998346,2.015311,2.015311,9825488
2015-12-07,2.015311,2.027195,1.933396,1.944865,1.944865,9436806
2015-12-08,1.944865,1.959229,1.862460,1.876317,1.876317,10723800
2015-12-09,1.876317,1.909358,1.864413,1.897320,1.897320,4117822
2015-12-10,1.897320,1.938943,1.889456,1.930940,1.930940,9713172
2015-12-11,1.930940,1.954244,1.928155,1.951430,1.951430,4486316
2015-12-14,1.951430,2.014824,1.946406,2.009650,2.009650,6070280
2015-12-15,2.009650,2.015244,1.998264,2.003842,2.003842,7107652
2015-12-16,2.003842,2.018308,1.971509,1.985846,1.985846,8353785
2015-12-17,1.985846,1.986660,1.969527,1.970335,1.970335,7024540
2015-12-18,1.970335,1.978450,1.936302,1.944309,1.944309,4321605
2015-12-21,1.944309,1.948547,1.933767,1.937991,1.937991,4727941
2015-12-22,1.937991,2.051176,1.934725,2.047724,2.047724,5997649
2015-12-23,2.047724,2.055016,2.045783,2.053070,2.053070,8447489
2015-12-24,2.053070,2.101492,2.040346,2.088548,2.088548,9815951
2015-12-25,2.088548,2.132700,2.081062,2.125083,2.125083,4377170
2015-12-28,2.125083,2.126071,2.017081,2.018019,2.018019,6481075
2015-12-29,2.018019,2.093562,2.017600,2.093127,2.093127,5264297
2015-12-30,2.093127,2.152524,2.079643,2.138747,2.138747,3909790
2015-12-31,2.138747,2.143976,2.044258,2.049269,2.049269,8832880
2016-01-01,2.049269,2.057127,2.004990,2.012708,2.012708,3227902
2016-01-04,2.012708,2.056382,2.004157,2.047683,2.047683,10701467
2016-01-05,2.047683,2.090057,2.043450,2.085746,2.085746,5494128
2016-01-06,2.085746,2.146893,2.080071,2.141068,2.141068,5475993
2016-01-07,2.141068,2.148326,2.140430,2.147686,2.147686,6360641
2016-01-08,2.147686,2.149185,2.142625,2.144121,2.144121,4971662
2016-01-11,2.144121,2.164550,2.136591,2.156973,2.156973,7667608
2016-01-12,2.156973,2.166795,2.155293,2.165108,2.165108,7716943
2016-01-13,2.165108,2.167334,2.088355,2.090504,2.090504,5869969
2016-01-14,2.090504,2.105451,2.082529,2.097450,2.097450,6511555
2016-01-15,2.097450,2.108345,2.082706,2.093582,2.093582,4609843
2016-01-18,2.093582,2.110069,2.091395,2.107868,2.107868,7346905
2016-01-19,2.107868,2.119610,2.038576,2.049996,2.049996,8404774
2016-01-20,2.049996,2.051025,2.030680,2.031700,2.031700,6477686
2016-01-21,2.031700,2.059241,2.030999,2.058530,2.058530,5230775
2016-01-22,2.058530,2.100788,2.054680,2.096866,2.096866,10298640
2016-01-25,2.096866,2.118185,2.095567,2.116872,2.116872,4523508
2016-01-26,2.116872,2.117231,2.098856,2.099211,2.099211,8646398
2016-01-27,2.099211,2.122671,2.086454,2.109850,2.109850,6798220
2016-01-28,2.109850,2.149817,2.102692,2.142548,2.142548,10501157
2016-01-29,2.142548,2.154962,2.028971,2.040795,2.040795,3539206
2016-02-01,2.040795,2.047204,1.989372,1.995640,1.995640,8362229
2016-02-02,1.995640,2.023124,1.995188,2.022667,2.022667,6892437
2016-02-03,2.022667,2.024592,1.983176,1.985066,1.985066,8258369
2016-02-04,1.985066,1.986220,1.949510,1.950644,1.950644,5659653
2016-02-05,1.950644,1.953231,1.732868,1.735169,1.735169,6104704
2016-02-08,1.735169,1.746679,1.673803,1.684980,1.684980,5209205
2016-02-09,1.684980,1.703171,1.680507,1.698662,1.698662,6164139
2016-02-10,1.698662,1.699127,1.692767,1.693231,1.693231,6566093
2016-02-11,1.693231,1.712213,1.691214,1.710176,1.710176,8495781
2016-02-12,1.710176,1.729803,1.705570,1.725156,1.725156,4807647
2016-02-15,1.725156,1.758903,1.724003,1.757728,1.757728,11207303
2016-02-16,1.757728,1.799771,1.750569,1.792471,1.792471,6285850
2016-02-17,1.792471,1.821284,1.784428,1.813148,1.813148,4334188
2016-02-18,1.813148,1.883618,1.813057,1.883524,1.883524,6829151
2016-02-19,1.883524,1.914225,1.872485,1.903071,1.903071,7497028
2016-02-22,1.903071,1.948974,1.888958,1.934626,1.934626,3991758
2016-02-23,1.934626,1.943219,1.914843,1.923386,1.923386,8210699
2016-02-24,1.923386,1.951089,1.917676,1.945315,1.945315,4115237
2016-02-25,1.945315,1.985035,1.941033,1.980676,1.980676,9030193
2016-02-26,1.980676,2.075556,1.975717,2.070371,2.070371,8337111
2016-02-29,2.070371,2.075404,2.008986,2.013881,2.013881,6347804
2016-03-01,2.013881,2.027401,2.003199,2.016704,2.016704,5134745
2016-03-02,2.016704,2.017210,1.978280,1.978776,1.978776,5367832
2016-03-03,1.978776,1.982492,1.958715,1.962400,1.962400,4646533
2016-03-04,1.962400,1.962761,1.951544,1.951903,1.951903,5053893
2016-03-07,1.951903,1.958851,1.938197,1.945120,1.945120,7080354
2016-03-08,1.945120,1.946186,1.944443,1.945508,1.945508,5288405
2016-03-09,1.945508,1.954822,1.918325,1.927553,1.927553,4277507
2016-03-10,1.927553,1.941939,1.922766,1.937128,1.937128,6125912
2016-03-11,1.937128,2.014465,1.932037,2.009185,2.009185,6689464
2016-03-14,2.009185,2.022697,1.970949,1.984293,1.984293,4092320
2016-03-15,1.984293,2.019205,1.973942,2.008726,2.008726,6718189
2016-03-16,2.008726,2.010333,1.902001,1.903524,1.903524,4373590
2016-03-17,1.903524,1.911499,1.841768,1.849517,1.849517,5304793
2016-03-18,1.849517,1.850518,1.824362,1.825350,1.825350,7886942
2016-03-21,1.825350,1.875097,1.818648,1.868238,1.868238,6470848
2016-03-22,1.868238,1.872775,1.835148,1.839616,1.839616,3814054
2016-03-23,1.839616,1.853088,1.810638,1.823996,1.823996,5136041
2016-03-24,1.823996,1.830273,1.785942,1.792109,1.792109,6668887
2016-03-25,1.792109,1.792910,1.751756,1.752539,1.752539,3579356
2016-03-28,1.752539,1.805893,1.739727,1.792786,1.792786,4728945
2016-03-29,1.792786,1.792956,1.775622,1.775791,1.775791,7326824
2016-03-30,1.775791,1.888442,1.772267,1.884702,1.884702,5615409
2016-03-31,1.884702,1.887165,1.871786,1.874236,1.874236,5084543
2016-04-01,1.874236,1.881355,1.862882,1.869985,1.869985,6135149
2016-04-04,1.869985,1.903273,1.860740,1.893910,1.893910,7151126
2016-04-05,1.893910,1.895617,1.799840,1.801464,1.801464,5885427
2016-04-06,1.801464,1.802342,1.761136,1.761995,1.761995,8357364
2016-04-07,1.761995,1.883685,1.755813,1.877099,1.877099,8475824
2016-04-08,1.877099,1.879053,1.868392,1.870338,1.870338,8357252
2016-04-11,1.870338,1.895419,1.862080,1.887087,1.887087,6103847
2016-04-12,1.887087,1.891146,1.857924,1.861928,1.861928,8029288
2016-04-13,1.861928,1.867058,1.739041,1.743845,1.743845,5996671
2016-04-14,1.743845,1.745233,1.726457,1.727832,1.727832,5500135
2016-04-15,1.727832,1.738008,1.686618,1.696610,1.696610,5584208
2016-04-18,1.696610,1.834619,1.694594,1.832441,1.832441,7148479
2016-04-19,1.832441,1.845819,1.768713,1.781720,1.781720,6306469
2016-04-20,1.781720,1.840723,1.780295,1.839252,1.839252,10356612
2016-04-21,1.839252,1.878377,1.828875,1.867839,1.867839,7926298
2016-04-22,1.867839,1.868966,1.791950,1.793033,1.793033,5499333
2016-04-25,1.793033,1.893129,1.787657,1.887471,1.887471,6036527
2016-04-26,1.887471,1.902032,1.867437,1.881955,1.881955,5593963
2016-04-27,1.881955,1.889604,1.866269,1.873885,1.873885,8198527
2016-04-28,1.873885,1.923256,1.872123,1.921450,1.921450,6881132
2016-04-29,1.921450,1.922698,1.866874,1.868088,1.868088,2711701
2016-05-02,1.868088,1.876044,1.806614,1.814341,1.814341,6772225
2016-05-03,1.814341,1.902720,1.808723,1.896846,1.896846,2438314
2016-05-04,1.896846,1.974744,1.891272,1.968958,1.968958,6601245
2016-05-05,1.968958,2.134250,1.952433,2.116487,2.116487,7233346
2016-05-06,2.116487,2.127227,2.102774,2.113499,2.113499,5670874
2016-05-09,2.113499,2.118115,2.033342,2.037792,2.037792,3622796
2016-05-10,2.037792,2.130816,2.032467,2.125262,2.125262,5100977
2016-05-11,2.125262,2.136197,2.034665,2.045188,2.045188,6026995
2016-05-12,2.045188,2.099332,2.040156,2.094180,2.094180,6198872
2016-05-13,2.094180,2.195395,2.087377,2.188286,2.188286,3189357
2016-05-16,2.188286,2.216049,2.171606,2.199286,2.199286,7770051
2016-05-17,2.199286,2.245404,2.197270,2.243349,2.243349,5870426
2016-05-18,2.243349,2.256359,2.217503,2.230439,2.230439,5620853
2016-05-19,2.230439,2.244886,2.224994,2.239420,2.239420,6721811
2016-05-20,2.239420,2.360068,2.231933,2.352204,2.352204,4760497
2016-05-23,2.352204,2.381256,2.342005,2.370976,2.370976,7711183
2016-05-24,2.370976,2.564421,2.367270,2.560419,2.560419,6323724
2016-05-25,2.560419,2.633034,2.536929,2.609097,2.609097,6209517
2016-05-26,2.609097,2.609622,2.580856,2.581376,2.581376,6732283
2016-05-27,2.581376,2.598014,2.539881,2.556358,2.556358,6855367
2016-05-30,2.556358,2.564460,2.488760,2.496672,2.496672,3653767
2016-05-31,2.496672,2.579256,2.482175,2.564366,2.564366,5120973
2016-06-01,2.564366,2.583631,2.455973,2.474563,2.474563,6196043
2016-06-02,2.474563,2.488338,2.437990,2.451637,2.451637,5049955
2016-06-03,2.451637,2.529584,2.447293,2.525110,2.525110,3503652
2016-06-06,2.525110,2.528990,2.477871,2.481684,2.481684,6547371
2016-06-07,2.481684,2.498784,2.471007,2.488079,2.488079,3602157
2016-06-08,2.488079,2.488325,2.471647,2.471891,2.471891,5293334
2016-06-09,2.471891,2.570988,2.449048,2.547447,2.547447,12046128
2016-06-10,2.547447,2.575971,2.528029,2.556484,2.556484,6744185
2016-06-13,2.556484,2.560529,2.467569,2.471479,2.471479,4651412
2016-06-14,2.471479,2.559425,2.469590,2.557470,2.557470,6750825
2016-06-15,2.557470,2.613700,2.550535,2.606631,2.606631,6566216
2016-06-16,2.606631,2.658562,2.595227,2.646982,2.646982,5343634
2016-06-17,2.646982,2.675738,2.645317,2.674056,2.674056,4332107
2016-06-20,2.674056,2.685572,2.541553,2.552546,2.552546,6461647
2016-06-21,2.552546,2.554117,2.458997,2.460511,2.460511,9245554
2016-06-22,2.460511,2.471840,2.452407,2.463726,2.463726,3381044
2016-06-23,2.463726,2.467905,2.376137,2.380175,2.380175,4819818
2016-06-24,2.380175,2.382115,2.335154,2.337059,2.337059,8341623
2016-06-27,2.337059,2.339813,2.311822,2.314550,2.314550,5315884
2016-06-28,2.314550,2.410558,2.309904,2.405729,2.405729,6549454
2016-06-29,2.405729,2.422721,2.331204,2.347787,2.347787,5790224
2016-06-30,2.347787,2.369943,2.306190,2.328161,2.328161,3362524
2016-07-01,2.328161,2.332646,2.293833,2.298260,2.298260,5317812
2016-07-04,2.298260,2.330106,2.287659,2.319407,2.319407,3941232
2016-07-05,2.319407,2.340820,2.290388,2.311731,2.311731,4685163
2016-07-06,2.311731,2.324757,2.234199,2.246860,2.246860,7122172
2016-07-07,2.246860,2.292441,2.244358,2.289891,2.289891,5359774
2016-07-08,2.289891,2.290751,2.221850,2.222684,2.222684,5987293
2016-07-11,2.222684,2.249095,2.175634,2.201797,2.201797,8276071
2016-07-12,2.201797,2.211505,2.173773,2.183400,2.183400,6331011
2016-07-13,2.183400,2.212738,2.182444,2.211770,2.211770,6688306
2016-07-14,2.211770,2.250667,2.201344,2.240107,2.240107,11116554
2016-07-15,2.240107,2.281515,2.231982,2.273270,2.273270,6458320
2016-07-18,2.273270,2.291262,2.265021,2.282979,2.282979,3981478
2016-07-19,2.282979,2.415350,2.266012,2.397531,2.397531,4519988
2016-07-20,2.397531,2.406442,2.392636,2.401538,2.401538,5668241
2016-07-21,2.401538,2.419418,2.399602,2.417469,2.417469,4166165
2016-07-22,2.417469,2.421864,2.366797,2.371107,2.371107,3623771
2016-07-25,2.371107,2.390856,2.307417,2.326797,2.326797,8683704
2016-07-26,2.326797,2.331022,2.257392,2.261498,2.261498,8628630
2016-07-27,2.261498,2.337125,2.247510,2.322758,2.322758,6431897
2016-07-28,2.322758,2.327952,2.244646,2.249677,2.249677,12050316
2016-07-29,2.249677,2.274871,2.247392,2.272563,2.272563,8127975
2016-08-01,2.272563,2.273987,2.220161,2.221553,2.221553,4254190
2016-08-02,2.221553,2.242903,2.214323,2.235628,2.235628,6660661
2016-08-03,2.235628,2.239541,2.218175,2.222065,2.222065,5265099
2016-08-04,2.222065,2.227743,2.187633,2.193237,2.193237,3794050
2016-08-05,2.193237,2.281579,2.187225,2.275341,2.275341,5538802
2016-08-08,2.275341,2.279049,2.254716,2.258396,2.258396,2688229
2016-08-09,2.258396,2.291296,2.245366,2.278151,2.278151,3687638
2016-08-10,2.278151,2.280572,2.177317,2.179633,2.179633,6232411
2016-08-11,2.179633,2.182831,2.151493,2.154655,2.154655,9003110
2016-08-12,2.154655,2.220763,2.146490,2.212379,2.212379,6598839
2016-08-15,2.212379,2.223130,2.170550,2.181149,2.181149,7285821
2016-08-16,2.181149,2.287319,2.171894,2.277655,2.277655,4772998
2016-08-17,2.277655,2.281914,2.199747,2.203868,2.203868,5840421
2016-08-18,2.203868,2.205166,2.165711,2.166987,2.166987,3787188
2016-08-19,2.166987,2.172675,2.135733,2.141354,2.141354,5509421
2016-08-22,2.141354,2.144682,2.097139,2.100403,2.100403,6430676
2016-08-23,2.100403,2.144509,2.082286,2.126170,2.126170,4153156
2016-08-24,2.126170,2.137649,2.108912,2.120359,2.120359,8216386
2016-08-25,2.120359,2.123565,2.108296,2.111489,2.111489,6445194
2016-08-26,2.111489,2.120458,2.106107,2.115067,2.115067,7011452
2016-08-29,2.115067,2.185755,2.112681,2.183293,2.183293,6314260
2016-08-30,2.183293,2.185519,2.149562,2.151756,2.151756,5293618
2016-08-31,2.151756,2.216434,2.150507,2.215148,2.215148,8178118
2016-09-01,2.215148,2.241065,2.173374,2.199103,2.199103,11383188
2016-09-02,2.199103,2.298871,2.191713,2.291171,2.291171,4211384
2016-09-05,2.291171,2.373664,2.281445,2.363631,2.363631,7941124
2016-09-06,2.363631,2.378624,2.331706,2.346592,2.346592,4283215
2016-09-07,2.346592,2.374444,2.339547,2.367337,2.367337,6101200
2016-09-08,2.367337,2.370326,2.338364,2.341320,2.341320,12100422
2016-09-09,2.341320,2.427798,2.330769,2.416907,2.416907,5823402
2016-09-12,2.416907,2.423418,2.281784,2.287948,2.287948,5035880
2016-09-13,2.287948,2.290816,2.204379,2.207146,2.207146,3759034
2016-09-14,2.207146,2.218873,2.141257,2.152695,2.152695,12121551
2016-09-15,2.152695,2.171111,2.061933,2.079724,2.079724,7656503
2016-09-16,2.079724,2.101271,2.016173,2.037280,2.037280,5252762
2016-09-19,2.037280,2.060572,2.035022,2.058290,2.058290,8851466
2016-09-20,2.058290,2.126011,2.055490,2.123122,2.123122,3637765
2016-09-21,2.123122,2.126352,2.107503,2.110715,2.110715,8559693
2016-09-22,2.110715,2.131848,2.102111,2.123194,2.123194,11053524
2016-09-23,2.123194,2.141726,2.074527,2.092794,2.092794,6396965
2016-09-26,2.092794,2.101495,1.878732,1.886576,1.886576,7845456
2016-09-27,1.886576,1.886585,1.854044,1.854053,1.854053,4581482
2016-09-28,1.854053,1.996156,1.853793,1.995877,1.995877,5638547
2016-09-29,1.995877,2.001125,1.923774,1.928846,1.928846,5454301
2016-09-30,1.928846,1.931715,1.827238,1.829961,1.829961,4449836
2016-10-03,1.829961,1.832222,1.815570,1.817816,1.817816,6588988
2016-10-04,1.817816,1.914805,1.817726,1.914710,1.914710,8883786
2016-10-05,1.914710,1.929577,1.904978,1.919819,1.919819,5125968
2016-10-06,1.919819,1.944092,1.919742,1.944014,1.944014,5958024
2016-10-07,1.944014,1.994498,1.940408,1.990805,1.990805,7398975
2016-10-10,1.990805,2.010188,1.986312,2.005660,2.005660,6189803
2016-10-11,2.005660,2.011710,1.977888,1.983872,1.983872,5077562
2016-10-12,1.983872,1.998124,1.885538,1.899182,1.899182,7719537
2016-10-13,1.899182,1.903701,1.847495,1.851902,1.851902,4914372
2016-10-14,1.851902,1.932549,1.848754,1.929270,1.929270,6365287
2016-10-17,1.929270,1.935619,1.845835,1.851930,1.851930,7759419
2016-10-18,1.851930,1.861080,1.840651,1.849791,1.849791,7859000
2016-10-19,1.849791,1.853687,1.832938,1.836807,1.836807,8177243
2016-10-20,1.836807,1.837440,1.836129,1.836762,1.836762,9100076
2016-10-21,1.836762,1.991551,1.836080,1.990811,1.990811,4986191
2016-10-24,1.990811,2.099244,1.988657,2.096975,2.096975,4554912
2016-10-25,2.096975,2.106534,2.068224,2.077695,2.077695,5183610
2016-10-26,2.077695,2.080603,1.967146,1.969903,1.969903,5313323
2016-10-27,1.969903,1.986724,1.954983,1.971790,1.971790,9167454
2016-10-28,1.971790,1.981184,1.963934,1.973322,1.973322,5382876
2016-10-31,1.973322,2.023245,1.970434,2.020288,2.020288,7366689
2016-11-01,2.020288,2.028988,2.000503,2.009154,2.009154,4065678
2016-11-02,2.009154,2.016147,1.973672,1.980564,1.980564,3389317
2016-11-03,1.980564,1.994533,1.978039,1.991993,1.991993,6445866
2016-11-04,1.991993,2.000065,1.887209,1.894888,1.894888,8849033
2016-11-07,1.894888,1.961068,1.877752,1.943493,1.943493,7774029
2016-11-08,1.943493,1.951282,1.875910,1.883458,1.883458,5877428
2016-11-09,1.883458,1.890139,1.865725,1.872367,1.872367,6359560
2016-11-10,1.872367,1.896322,1.800168,1.823498,1.823498,4661908
2016-11-11,1.823498,1.828057,1.822266,1.826823,1.826823,6478890
2016-11-14,1.826823,1.833453,1.820158,1.826789,1.826789,3965510
2016-11-15,1.826789,1.959267,1.816195,1.947970,1.947970,2710180
2016-11-16,1.947970,1.951809,1.935105,1.938926,1.938926,5468727
2016-11-17,1.938926,1.946869,1.897697,1.905503,1.905503,5605883
2016-11-18,1.905503,1.966833,1.903248,1.964508,1.964508,3320890
2016-11-21,1.964508,1.972709,1.875546,1.883409,1.883409,6082513
2016-11-22,1.883409,1.928115,1.875243,1.919791,1.919791,4004281
2016-11-23,1.919791,2.010123,1.917486,2.007712,2.007712,6435879
2016-11-24,2.007712,2.013475,1.962607,1.968256,1.968256,5108307
2016-11-25,1.968256,1.975769,1.932531,1.939936,1.939936,4541809
2016-11-28,1.939936,2.013273,1.933744,2.006866,2.006866,4540290
2016-11-29,2.006866,2.008583,1.967769,1.969454,1.969454,10434529
2016-11-30,1.969454,1.970992,1.918874,1.920373,1.920373,6091310
2016-12-01,1.920373,1.922630,1.866748,1.868945,1.868945,6432981
2016-12-02,1.868945,1.893902,1.863485,1.888385,1.888385,6445600
2016-12-05,1.888385,1.898179,1.834013,1.843574,1.843574,6100255
2016-12-06,1.843574,1.876960,1.830739,1.863983,1.863983,3083850
2016-12-07,1.863983,1.865317,1.825825,1.827133,1.827133,10205305
2016-12-08,1.827133,1.875399,1.818979,1.867067,1.867067,6249732
2016-12-09,1.867067,1.868770,1.858752,1.860449,1.860449,3043023
2016-12-12,1.860449,1.863378,1.834282,1.837174,1.837174,7236593
2016-12-13,1.837174,1.839203,1.762718,1.764667,1.764667,7807686
2016-12-14,1.764667,1.790840,1.754782,1.780864,1.780864,4395035
2016-12-15,1.780864,1.866508,1.774299,1.859652,1.859652,7728963
2016-12-16,1.859652,1.871277,1.858339,1.869956,1.869956,6797554
2016-12-19,1.869956,1.878050,1.854094,1.862154,1.862154,7688710
2016-12-20,1.862154,1.893219,1.860155,1.891189,1.891189,6956174
2016-12-21,1.891189,1.909146,1.886754,1.904680,1.904680,7557777
2016-12-22,1.904680,1.909960,1.817175,1.822226,1.822226,6542724
2016-12-23,1.822226,1.897894,1.819907,1.895482,1.895482,6774851
2016-12-26,1.895482,1.899570,1.876416,1.880472,1.880472,5249751
2016-12-27,1.880472,1.890968,1.827254,1.837510,1.837510,7097915
2016-12-28,1.837510,1.849558,1.799255,1.811131,1.811131,4554974
2016-12-29,1.811131,1.859240,1.807068,1.855080,1.855080,6398149
2016-12-30,1.855080,1.868491,1.829213,1.842534,1.842534,4116191
2017-01-02,1.842534,1.884454,1.839006,1.880852,1.880852,8101380
2017-01-03,1.880852,1.889539,1.841484,1.850028,1.850028,4268790
2017-01-04,1.850028,1.850550,1.795405,1.795912,1.795912,6812254
2017-01-05,1.795912,1.801067,1.702611,1.707512,1.707512,6139018
2017-01-06,1.707512,1.766742,1.697928,1.756881,1.756881,7864075
2017-01-09,1.756881,1.757762,1.696734,1.697586,1.697586,3370911
2017-01-10,1.697586,1.702292,1.642047,1.646612,1.646612,3748418
2017-01-11,1.646612,1.669110,1.645250,1.667730,1.667730,8448797
2017-01-12,1.667730,1.730096,1.662393,1.724576,1.724576,9389324
2017-01-13,1.724576,1.802078,1.715179,1.792311,1.792311,5000402
2017-01-16,1.792311,1.792672,1.788519,1.788879,1.788879,3883460
2017-01-17,1.788879,1.860706,1.783763,1.855399,1.855399,3658909
2017-01-18,1.855399,1.865379,1.803344,1.813096,1.813096,5308260
2017-01-19,1.813096,1.818838,1.773536,1.779171,1.779171,7944207
2017-01-20,1.779171,1.806254,1.775650,1.802687,1.802687,4073575
2017-01-23,1.802687,1.839807,1.797362,1.834388,1.834388,7517552
2017-01-24,1.834388,1.842050,1.832663,1.840320,1.840320,5268326
2017-01-25,1.840320,1.896984,1.828555,1.884934,1.884934,6588088
2017-01-26,1.884934,1.891646,1.882506,1.889213,1.889213,7430507
2017-01-27,1.889213,1.925384,1.883057,1.919131,1.919131,7646924
2017-01-30,1.919131,2.033781,1.912421,2.026695,2.026695,7212011
2017-01-31,2.026695,2.076449,2.020491,2.070112,2.070112,9367176
2017-02-01,2.070112,2.070923,2.028285,2.029080,2.029080,4400318
2017-02-02,2.029080,2.039101,1.988733,1.998604,1.998604,4599834
2017-02-03,1.998604,2.034550,1.986382,2.022183,2.022183,17729599
2017-02-06,2.022183,2.024828,2.006977,2.009605,2.009605,7464055
2017-02-07,2.009605,2.012114,1.990777,1.993265,1.993265,8615446
2017-02-08,1.993265,2.003121,1.988078,1.997922,1.997922,7376494
2017-02-09,1.997922,2.039288,1.991159,2.032409,2.032409,5016227
2017-02-10,2.032409,2.037937,2.021938,2.027452,2.027452,5155301
2017-02-13,2.027452,2.104321,2.024899,2.101675,2.101675,3602395
2017-02-14,2.101675,2.144260,2.098045,2.140562,2.140562,10653995
2017-02-15,2.140562,2.168817,2.121940,2.150112,2.150112,5533959
2017-02-16,2.150112,2.161259,2.128887,2.139982,2.139982,6065651
2017-02-17,2.139982,2.212422,2.136394,2.208719,2.208719,3272282
2017-02-20,2.208719,2.211099,2.114729,2.117011,2.117011,5677583
2017-02-21,2.117011,2.169375,2.115185,2.167506,2.167506,3637814
2017-02-22,2.167506,2.247508,2.166152,2.246105,2.246105,5296162
2017-02-23,2.246105,2.246891,2.140477,2.141227,2.141227,4183296
2017-02-24,2.141227,2.150519,1.976826,1.985441,1.985441,4700765
2017-02-27,1.985441,1.999170,1.979630,1.993335,1.993335,4187051
2017-02-28,1.993335,1.998931,1.920914,1.926322,1.926322,7315186
2017-03-01,1.926322,1.993875,1.919252,1.986584,1.986584,3636992
2017-03-02,1.986584,2.142232,1.981986,2.137285,2.137285,5825044
2017-03-03,2.137285,2.163185,2.130667,2.156508,2.156508,3928230
2017-03-06,2.156508,2.162105,2.060836,2.066198,2.066198,7088500
2017-03-07,2.066198,2.102284,2.064892,2.100955,2.100955,3555764
2017-03-08,2.100955,2.107400,2.097099,2.103539,2.103539,5119536
2017-03-09,2.103539,2.292881,2.101992,2.291196,2.291196,3320705
2017-03-10,2.291196,2.291811,2.231354,2.231952,2.231952,6401666
2017-03-13,2.231952,2.256800,2.174723,2.199206,2.199206,8828071
2017-03-14,2.199206,2.240861,2.198887,2.240536,2.240536,11797941
2017-03-15,2.240536,2.292709,2.235555,2.287624,2.287624,10003126
2017-03-16,2.287624,2.292241,2.257295,2.261860,2.261860,6594646
2017-03-17,2.261860,2.263688,2.182136,2.183900,2.183900,8272480
2017-03-20,2.183900,2.209729,2.177929,2.203704,2.203704,4444272
2017-03-21,2.203704,2.211797,2.169001,2.176996,2.176996,3057317
2017-03-22,2.176996,2.238518,2.165670,2.226932,2.226932,4392510
2017-03-23,2.226932,2.273339,2.214573,2.260792,2.260792,10268853
2017-03-24,2.260792,2.263433,2.256199,2.258838,2.258838,7150596
2017-03-27,2.258838,2.287800,2.254842,2.283760,2.283760,1985902
2017-03-28,2.283760,2.418802,2.281909,2.416844,2.416844,8831641
2017-03-29,2.416844,2.513935,2.409507,2.506326,2.506326,4591533
2017-03-30,2.506326,2.545393,2.498317,2.537285,2.537285,4047317
2017-03-31,2.537285,2.653007,2.536063,2.651730,2.651730,5582821
2017-04-03,2.651730,2.653972,2.642390,2.644626,2.644626,3511418
2017-04-04,2.644626,2.664682,2.484508,2.503494,2.503494,7352827
2017-04-05,2.503494,2.540298,2.484138,2.520807,2.520807,7511796
2017-04-06,2.520807,2.532098,2.480170,2.491329,2.491329,6684939
2017-04-07,2.491329,2.528358,2.488440,2.525429,2.525429,9806941
2017-04-10,2.525429,2.557277,2.514765,2.546524,2.546524,4852177
2017-04-11,2.546524,2.555294,2.422716,2.431088,2.431088,7372558
2017-04-12,2.431088,2.514924,2.410207,2.493507,2.493507,8488057
2017-04-13,2.493507,2.660149,2.487369,2.653617,2.653617,4851370
2017-04-14,2.653617,2.660942,2.617119,2.624364,2.624364,7862992
2017-04-17,2.624364,2.637698,2.467010,2.479609,2.479609,7533101
2017-04-18,2.479609,2.486289,2.470422,2.477095,2.477095,2505392
2017-04-19,2.477095,2.510762,2.465922,2.499487,2.499487,6156907
2017-04-20,2.499487,2.545729,2.492349,2.538480,2.538480,4740224
2017-04-21,2.538480,2.541151,2.458485,2.461075,2.461075,5436720
2017-04-24,2.461075,2.478455,2.451112,2.468462,2.468462,9656994
2017-04-25,2.468462,2.475056,2.427082,2.433583,2.433583,12486908
2017-04-26,2.433583,2.434378,2.398562,2.399346,2.399346,3237782
2017-04-27,2.399346,2.485352,2.388404,2.474070,2.474070,4789256
2017-04-28,2.474070,2.480453,2.414561,2.420807,2.420807,9999410
2017-05-01,2.420807,2.453369,2.418717,2.451253,2.451253,3874959
2017-05-02,2.451253,2.484193,2.427951,2.460801,2.460801,9840022
2017-05-03,2.460801,2.476763,2.388884,2.404481,2.404481,9931819
2017-05-04,2.404481,2.611654,2.391139,2.597242,2.597242,3704026
2017-05-05,2.597242,2.608941,2.586730,2.598425,2.598425,6011132
2017-05-08,2.598425,2.602511,2.494380,2.498309,2.498309,3370972
2017-05-09,2.498309,2.585329,2.496341,2.583294,2.583294,4303526
2017-05-10,2.583294,2.639762,2.579109,2.635493,2.635493,6974601
2017-05-11,2.635493,2.685120,2.624149,2.673613,2.673613,11669936
2017-05-12,2.673613,2.708354,2.659275,2.693907,2.693907,4721582
2017-05-15,2.693907,2.696201,2.678586,2.680869,2.680869,4644550
2017-05-16,2.680869,2.681071,2.679711,2.679913,2.679913,5015767
2017-05-17,2.679913,2.691156,2.668345,2.679587,2.679587,4709076
2017-05-18,2.679587,2.682219,2.618495,2.621070,2.621070,5366249
2017-05-19,2.621070,2.698991,2.600442,2.677916,2.677916,5031639
2017-05-22,2.677916,2.710730,2.674683,2.707462,2.707462,4944984
2017-05-23,2.707462,2.717678,2.648322,2.658353,2.658353,5351786
2017-05-24,2.658353,2.671027,2.649340,2.662002,2.662002,2512996
2017-05-25,2.662002,2.721326,2.657542,2.716774,2.716774,4387568
2017-05-26,2.716774,2.756891,2.715391,2.755488,2.755488,5014318
2017-05-29,2.755488,2.797736,2.754118,2.796345,2.796345,6405960
2017-05-30,2.796345,2.802427,2.683439,2.689287,2.689287,2827616
2017-05-31,2.689287,2.698990,2.590888,2.600270,2.600270,8744929
2017-06-01,2.600270,2.724384,2.589246,2.712882,2.712882,3992118
2017-06-02,2.712882,2.719650,2.561281,2.567686,2.567686,2621726
2017-06-05,2.567686,2.734540,2.549105,2.714893,2.714893,6162029
2017-06-06,2.714893,2.737104,2.712860,2.735055,2.735055,4128492
2017-06-07,2.735055,2.900142,2.727281,2.891921,2.891921,4186380
2017-06-08,2.891921,2.899428,2.783242,2.790485,2.790485,9923699
2017-06-09,2.790485,2.852199,2.772938,2.834376,2.834376,4206865
2017-06-12,2.834376,2.840450,2.817149,2.823199,2.823199,7198251
2017-06-13,2.823199,2.826009,2.815108,2.817913,2.817913,5093664
2017-06-14,2.817913,2.818398,2.790273,2.790754,2.790754,5013293
2017-06-15,2.790754,2.791804,2.704989,2.706006,2.706006,3430143
2017-06-16,2.706006,2.711892,2.688476,2.694336,2.694336,6281878
2017-06-19,2.694336,2.851910,2.670172,2.826560,2.826560,6201345
2017-06-20,2.826560,2.838617,2.773955,2.785839,2.785839,4262194
2017-06-21,2.785839,2.787498,2.728629,2.730256,2.730256,4457600
2017-06-22,2.730256,2.772147,2.724355,2.766169,2.766169,4806056
2017-06-23,2.766169,2.776265,2.678813,2.688626,2.688626,7059418
2017-06-26,2.688626,2.942609,2.672750,2.925335,2.925335,5665297
2017-06-27,2.925335,2.994071,2.921574,2.990227,2.990227,7535341
2017-06-28,2.990227,3.110778,2.975826,3.095869,3.095869,7527534
2017-06-29,3.095869,3.130826,2.992254,3.026427,3.026427,3136290
2017-06-30,3.026427,3.026588,2.934086,2.934242,2.934242,5816920
2017-07-03,2.934242,2.972630,2.921683,2.959961,2.959961,7061995
2017-07-04,2.959961,3.045917,2.958024,3.043925,3.043925,3928673
2017-07-05,3.043925,3.164218,3.039395,3.159516,3.159516,8199043
2017-07-06,3.159516,3.161139,3.101736,3.103330,3.103330,7760802
2017-07-07,3.103330,3.129440,3.098098,3.124173,3.124173,4618702
2017-07-10,3.124173,3.129346,3.118009,3.123180,3.123180,5175584
2017-07-11,3.123180,3.133981,2.981406,2.991752,2.991752,10511304
2017-07-12,2.991752,3.022354,2.979776,3.010303,3.010303,8112707
2017-07-13,3.010303,3.023525,2.968792,2.981888,2.981888,7577222
2017-07-14,2.981888,2.985941,2.846565,2.850440,2.850440,3786316
2017-07-17,2.850440,2.886983,2.796716,2.833036,2.833036,9530793
2017-07-18,2.833036,2.902787,2.819966,2.889456,2.889456,2943563
2017-07-19,2.889456,2.901017,2.870680,2.882212,2.882212,3877106
2017-07-20,2.882212,3.002512,2.859822,2.979367,2.979367,7180856
2017-07-21,2.979367,3.012840,2.977898,3.011354,3.011354,4636565
2017-07-24,3.011354,3.019161,2.949396,2.957062,2.957062,10215640
2017-07-25,2.957062,2.971226,2.865754,2.879547,2.879547,7829170
2017-07-26,2.879547,2.937842,2.875681,2.933903,2.933903,4921026
2017-07-27,2.933903,2.954670,2.747892,2.767481,2.767481,3699709
2017-07-28,2.767481,2.794799,2.767114,2.794428,2.794428,10060428
2017-07-31,2.794428,2.795591,2.764677,2.765828,2.765828,10202198
2017-08-01,2.765828,2.836390,2.748787,2.819021,2.819021,12439008
2017-08-02,2.819021,2.887431,2.817749,2.886129,2.886129,5952297
2017-08-03,2.886129,2.894554,2.868520,2.876918,2.876918,8094309
2017-08-04,2.876918,2.887526,2.776349,2.786623,2.786623,8540066
2017-08-07,2.786623,2.805591,2.609780,2.627666,2.627666,8233217
2017-08-08,2.627666,2.749111,2.626392,2.747778,2.747778,4416607
2017-08-09,2.747778,2.761005,2.738527,2.751741,2.751741,4689766
2017-08-10,2.751741,2.769085,2.583773,2.600162,2.600162,2635421
2017-08-11,2.600162,2.652766,2.560550,2.612958,2.612958,10207588
2017-08-14,2.612958,2.817148,2.596908,2.799949,2.799949,7504539
2017-08-15,2.799949,2.850416,2.790613,2.840943,2.840943,6593840
2017-08-16,2.840943,2.861326,2.776028,2.796089,2.796089,4447208
2017-08-17,2.796089,2.800869,2.783680,2.788447,2.788447,3108658
2017-08-18,2.788447,2.854042,2.775110,2.840457,2.840457,9406209
2017-08-21,2.840457,2.855724,2.806726,2.821893,2.821893,7414846
2017-08-22,2.821893,2.840539,2.678514,2.696330,2.696330,3974456
2017-08-23,2.696330,2.705885,2.510621,2.519549,2.519549,7423321
2017-08-24,2.519549,2.544570,2.512118,2.537087,2.537087,3986861
2017-08-25,2.537087,2.584659,2.532005,2.579492,2.579492,3501784
2017-08-28,2.579492,2.626002,2.578683,2.625179,2.625179,3806196
2017-08-29,2.625179,2.823286,2.607713,2.804626,2.804626,8066736
2017-08-30,2.804626,2.906466,2.792790,2.894252,2.894252,7920113
2017-08-31,2.894252,3.293407,2.879885,3.277139,3.277139,3965602
2017-09-01,3.277139,3.305402,3.254322,3.282547,3.282547,6070490
2017-09-04,3.282547,3.409140,3.269692,3.395842,3.395842,4896676
2017-09-05,3.395842,3.501436,3.371713,3.476733,3.476733,4433187
2017-09-06,3.476733,3.487040,3.444779,3.455021,3.455021,2453160
2017-09-07,3.455021,3.537249,3.449427,3.531531,3.531531,9039103
2017-09-08,3.531531,3.537618,3.454467,3.460432,3.460432,5399933
2017-09-11,3.460432,3.461009,3.459883,3.460461,3.460461,7336951
2017-09-12,3.460461,3.485678,3.454989,3.480175,3.480175,6429054
2017-09-13,3.480175,3.482985,3.298390,3.301055,3.301055,10923375
2017-09-14,3.301055,3.319576,3.203850,3.221928,3.221928,10507234
2017-09-15,3.221928,3.230902,3.182718,3.191608,3.191608,8475920
2017-09-18,3.191608,3.202169,3.109967,3.120293,3.120293,4619522
2017-09-19,3.120293,3.137952,3.047061,3.064404,3.064404,8704847
2017-09-20,3.064404,3.123919,3.054571,3.113927,3.113927,3833907
2017-09-21,3.113927,3.206267,3.102975,3.195029,3.195029,5247901
2017-09-22,3.195029,3.238440,3.188882,3.232221,3.232221,5593103
2017-09-25,3.232221,3.307415,3.222356,3.297351,3.297351,4362902
2017-09-26,3.297351,3.303179,3.239695,3.245431,3.245431,6884567
2017-09-27,3.245431,3.366349,3.236354,3.356960,3.356960,4011342
2017-09-28,3.356960,3.364006,3.195117,3.201837,3.201837,5137218
2017-09-29,3.201837,3.256660,3.185136,3.239761,3.239761,3507664
2017-10-02,3.239761,3.362992,3.237148,3.360281,3.360281,7374022
2017-10-03,3.360281,3.360992,3.275300,3.275994,3.275994,4518617
2017-10-04,3.275994,3.280989,3.153658,3.158474,3.158474,4594289
2017-10-05,3.158474,3.169356,3.157705,3.168585,3.168585,2968997
2017-10-06,3.168585,3.180835,3.047098,3.058924,3.058924,3806006
2017-10-09,3.058924,3.067374,3.041652,3.050078,3.050078,3407041
2017-10-10,3.050078,3.117846,3.042918,3.110544,3.110544,3057743
2017-10-11,3.110544,3.121448,3.082964,3.093810,3.093810,4447724
2017-10-12,3.093810,3.100016,2.981181,2.987174,2.987174,4611142
2017-10-13,2.987174,2.992364,2.947301,2.952430,2.952430,3562563
2017-10-16,2.952430,3.091461,2.947497,3.086305,3.086305,5869736
2017-10-17,3.086305,3.103507,3.057408,3.074545,3.074545,6552590
2017-10-18,3.074545,3.080537,3.013214,3.019099,3.019099,4112339
2017-10-19,3.019099,3.036698,2.950869,2.968172,2.968172,5661290
2017-10-20,2.968172,3.098142,2.958115,3.087680,3.087680,11348128
2017-10-23,3.087680,3.203567,3.060744,3.175863,3.175863,6553911
2017-10-24,3.175863,3.178195,3.122069,3.124363,3.124363,5887240
2017-10-25,3.124363,3.147680,3.115541,3.138817,3.138817,4624289
2017-10-26,3.138817,3.141237,3.025301,3.027635,3.027635,8730088
2017-10-27,3.027635,3.060046,3.025166,3.057554,3.057554,7106373
2017-10-30,3.057554,3.072050,3.044087,3.058579,3.058579,6572854
2017-10-31,3.058579,3.060038,2.973242,2.974660,2.974660,4284568
2017-11-01,2.974660,2.982663,2.857720,2.865429,2.865429,7018682
2017-11-02,2.865429,2.970113,2.864675,2.969331,2.969331,5472023
2017-11-03,2.969331,2.970030,2.947285,2.947979,2.947979,5709109
2017-11-06,2.947979,2.974725,2.874326,2.900643,2.900643,6567506
2017-11-07,2.900643,2.944750,2.900052,2.944150,2.944150,6282590
2017-11-08,2.944150,2.970357,2.739047,2.763647,2.763647,6200490
2017-11-09,2.763647,2.896666,2.748366,2.880738,2.880738,5843748
2017-11-10,2.880738,2.952295,2.867547,2.938838,2.938838,5223171
2017-11-13,2.938838,2.974601,2.927123,2.962790,2.962790,7262871
2017-11-14,2.962790,2.997089,2.951620,2.985832,2.985832,3642580
2017-11-15,2.985832,3.011172,2.974087,2.999374,2.999374,5977756
2017-11-16,2.999374,3.068364,2.994073,3.062950,3.062950,6640740
2017-11-17,3.062950,3.073905,3.009359,3.020160,3.020160,6012163
2017-11-20,3.020160,3.066210,3.000626,3.046505,3.046505,6107409
2017-11-21,3.046505,3.137976,3.040420,3.131720,3.131720,4834767
2017-11-22,3.131720,3.303405,3.127099,3.298538,3.298538,4237034
2017-11-23,3.298538,3.313827,3.247095,3.262216,3.262216,8409629
2017-11-24,3.262216,3.275747,3.173291,3.186508,3.186508,7178181
2017-11-27,3.186508,3.195230,3.139397,3.148013,3.148013,7029994
2017-11-28,3.148013,3.149431,3.094773,3.096168,3.096168,4250946
2017-11-29,3.096168,3.097106,2.988569,2.989475,2.989475,4988663
2017-11-30,2.989475,3.001753,2.911150,2.923155,2.923155,18112658
2017-12-01,2.923155,2.984724,2.900954,2.962227,2.962227,3025309
2017-12-04,2.962227,3.047245,2.948437,3.033125,3.033125,4563496
2017-12-05,3.033125,3.094924,3.029675,3.091407,3.091407,7671569
2017-12-06,3.091407,3.105686,3.035654,3.049741,3.049741,7846090
2017-12-07,3.049741,3.168221,3.042755,3.160980,3.160980,6077838
2017-12-08,3.160980,3.247277,3.157548,3.243755,3.243755,11336560
2017-12-11,3.243755,3.256522,3.153023,3.165481,3.165481,6359432
2017-12-12,3.165481,3.172311,3.094830,3.101522,3.101522,8524264
2017-12-13,3.101522,3.115464,3.060950,3.074771,3.074771,3802495
2017-12-14,3.074771,3.091526,2.922709,2.938723,2.938723,9059095
2017-12-15,2.938723,2.967413,2.925879,2.954501,2.954501,7683600
2017-12-18,2.954501,2.961713,2.900352,2.907450,2.907450,5472562
2017-12-19,2.907450,2.912741,2.904923,2.910212,2.910212,6764878
2017-12-20,2.910212,2.929050,2.825179,2.843586,2.843586,13762610
2017-12-21,2.843586,2.928842,2.821465,2.906233,2.906233,6374164
2017-12-22,2.906233,2.916960,2.776695,2.786982,2.786982,8737873
2017-12-25,2.786982,2.789292,2.769785,2.772082,2.772082,4423629
2017-12-26,2.772082,2.779252,2.701681,2.708686,2.708686,6615825
2017-12-27,2.708686,2.711752,2.700538,2.703597,2.703597,5927474
2017-12-28,2.703597,2.802288,2.692874,2.791217,2.791217,9738840
2017-12-29,2.791217,2.847075,2.782772,2.838487,2.838487,7896634
2018-01-01,2.838487,2.934780,2.831693,2.927772,2.927772,6162510
2018-01-02,2.927772,3.082196,2.926087,3.080423,3.080423,5202909
2018-01-03,3.080423,3.093364,3.030966,3.043753,3.043753,9427308
2018-01-04,3.043753,3.045879,3.039836,3.041960,3.041960,5993960
2018-01-05,3.041960,3.046421,2.844308,2.848485,2.848485,4280202
2018-01-08,2.848485,2.855911,2.826357,2.833744,2.833744,10341069
2018-01-09,2.833744,2.852010,2.812585,2.830832,2.830832,4817901
2018-01-10,2.830832,2.963270,2.825925,2.958142,2.958142,5780604
2018-01-11,2.958142,2.973462,2.933847,2.949119,2.949119,4914947
2018-01-12,2.949119,2.955049,2.918020,2.923899,2.923899,5328535
2018-01-15,2.923899,2.965631,2.907234,2.948824,2.948824,3757906
2018-01-16,2.948824,3.036367,2.931314,3.018443,3.018443,5600124
2018-01-17,3.018443,3.163656,3.014706,3.159744,3.159744,10047486
2018-01-18,3.159744,3.241451,3.147804,3.229248,3.229248,9979426
2018-01-19,3.229248,3.285374,3.222987,3.279017,3.279017,9895034
2018-01-22,3.279017,3.301754,3.276835,3.299558,3.299558,4973486
2018-01-23,3.299558,3.308705,3.271720,3.280815,3.280815,4488096
2018-01-24,3.280815,3.370287,3.266202,3.355342,3.355342,4970408
2018-01-25,3.355342,3.363196,3.313099,3.320871,3.320871,7682913
2018-01-26,3.320871,3.324264,3.221396,3.224690,3.224690,9079350
2018-01-29,3.224690,3.226426,3.145186,3.146880,3.146880,8759857
2018-01-30,3.146880,3.232202,3.145340,3.230621,3.230621,3438310
2018-01-31,3.230621,3.252237,3.168393,3.189736,3.189736,7812308
2018-02-01,3.189736,3.222312,3.052348,3.083843,3.083843,9087676
2018-02-02,3.083843,3.200600,3.065677,3.181858,3.181858,3749862
2018-02-05,3.181858,3.223129,3.172211,3.213387,3.213387,4480061
2018-02-06,3.213387,3.218365,3.169890,3.174809,3.174809,6028472
2018-02-07,3.174809,3.178555,3.048019,3.051620,3.051620,6738888
2018-02-08,3.051620,3.052437,3.026659,3.027469,3.027469,4456157
2018-02-09,3.027469,3.113966,3.004149,3.090163,3.090163,6108620
2018-02-12,3.090163,3.143043,3.078328,3.131052,3.131052,7369954
2018-02-13,3.131052,3.153355,3.119100,3.141364,3.141364,6077883
2018-02-14,3.141364,3.276040,3.106048,3.239619,3.239619,6702740
2018-02-15,3.239619,3.261870,3.183373,3.205389,3.205389,5328533
2018-02-16,3.205389,3.259927,3.194850,3.249243,3.249243,9153559
2018-02-19,3.249243,3.255371,3.189518,3.195545,3.195545,3835988
2018-02-20,3.195545,3.230843,3.092787,3.127331,3.127331,5640509
2018-02-21,3.127331,3.177520,3.120775,3.170872,3.170872,5838442
2018-02-22,3.170872,3.181481,3.170788,3.181396,3.181396,4948423
2018-02-23,3.181396,3.184395,3.180903,3.183902,3.183902,5043379
2018-02-26,3.183902,3.215643,3.154989,3.186705,3.186705,4709242
2018-02-27,3.186705,3.193484,3.041767,3.048252,3.048252,5193994
2018-02-28,3.048252,3.206251,3.027933,3.185020,3.185020,6371442
2018-03-01,3.185020,3.188318,3.114669,3.117898,3.117898,5990102
2018-03-02,3.117898,3.124666,3.092459,3.099185,3.099185,7013032
2018-03-05,3.099185,3.146098,3.097971,3.144866,3.144866,5880495
2018-03-06,3.144866,3.252002,3.143929,3.251034,3.251034,3956678
2018-03-07,3.251034,3.388091,3.246430,3.383300,3.383300,4460874
2018-03-08,3.383300,3.473026,3.372881,3.462364,3.462364,3548291
2018-03-09,3.462364,3.469693,3.409093,3.416325,3.416325,4157867
2018-03-12,3.416325,3.422453,3.380423,3.386498,3.386498,4879827
2018-03-13,3.386498,3.400527,3.251300,3.264826,3.264826,8706167
2018-03-14,3.264826,3.311044,3.251219,3.297302,3.297302,4787305
2018-03-15,3.297302,3.362301,3.293505,3.358434,3.358434,5959658
2018-03-16,3.358434,3.377995,3.262091,3.281202,3.281202,6012524
2018-03-19,3.281202,3.443505,3.274107,3.436075,3.436075,7228343
2018-03-20,3.436075,3.447449,3.259533,3.270358,3.270358,5938328
2018-03-21,3.270358,3.279001,3.206766,3.215263,3.215263,5595779
2018-03-22,3.215263,3.243427,3.209660,3.237785,3.237785,3663476
2018-03-23,3.237785,3.295476,3.229377,3.286941,3.286941,8118613
2018-03-26,3.286941,3.295810,3.248191,3.256979,3.256979,11855104
2018-03-27,3.256979,3.273003,3.216438,3.232340,3.232340,7231503
2018-03-28,3.232340,3.234748,3.163937,3.166295,3.166295,7131384
2018-03-29,3.166295,3.198790,3.150931,3.183344,3.183344,6427949
2018-03-30,3.183344,3.390094,3.162609,3.368156,3.368156,8245621
2018-04-02,3.368156,3.463217,3.366432,3.461445,3.461445,6461584
2018-04-03,3.461445,3.490690,3.280223,3.308173,3.308173,5332427
2018-04-04,3.308173,3.320872,3.296957,3.309651,3.309651,5526591
2018-04-05,3.309651,3.319951,3.281652,3.291897,3.291897,5934164
2018-04-06,3.291897,3.411796,3.288250,3.408020,3.408020,4190932
2018-04-09,3.408020,3.538454,3.401185,3.531372,3.531372,6128736
2018-04-10,3.531372,3.698244,3.529072,3.695837,3.695837,4035386
2018-04-11,3.695837,3.776339,3.694071,3.774535,3.774535,11607321
2018-04-12,3.774535,3.781615,3.707728,3.714696,3.714696,9376279
2018-04-13,3.714696,3.821096,3.710850,3.817143,3.817143,4993833
2018-04-16,3.817143,3.829286,3.815306,3.827445,3.827445,5895100
2018-04-17,3.827445,4.287357,3.823350,4.282774,4.282774,6883428
2018-04-18,4.282774,4.297457,4.270220,4.284897,4.284897,6777118
2018-04-19,4.284897,4.345736,4.278741,4.339501,4.339501,4537362
2018-04-20,4.339501,4.551346,4.305286,4.515741,4.515741,6227634
2018-04-23,4.515741,4.527471,4.471028,4.482673,4.482673,7225856
2018-04-24,4.482673,4.489037,4.432632,4.438934,4.438934,8930266
2018-04-25,4.438934,4.455711,4.262735,4.278907,4.278907,4413522
2018-04-26,4.278907,4.317155,4.204387,4.242308,4.242308,9404082
2018-04-27,4.242308,4.259256,4.197221,4.214056,4.214056,6337002
2018-04-30,4.214056,4.338473,4.201114,4.325190,4.325190,9273045
2018-05-01,4.325190,4.378985,4.316001,4.369702,4.369702,5109344
2018-05-02,4.369702,4.398994,4.196227,4.224547,4.224547,2921236
2018-05-03,4.224547,4.240607,4.144762,4.160580,4.160580,5755147
2018-05-04,4.160580,4.172237,4.146573,4.158223,4.158223,9020975
2018-05-07,4.158223,4.158436,4.029176,4.029382,4.029382,4072679
2018-05-08,4.029382,4.316901,4.023669,4.310790,4.310790,6180386
2018-05-09,4.310790,4.358766,4.292138,4.339988,4.339988,5407596
2018-05-10,4.339988,4.433917,4.333787,4.427591,4.427591,5807963
2018-05-11,4.427591,4.458932,4.398497,4.429823,4.429823,5525312
2018-05-14,4.429823,4.452254,4.400258,4.422653,4.422653,5766403
2018-05-15,4.422653,4.442121,4.409715,4.429164,4.429164,13163228
2018-05-16,4.429164,4.498422,4.411445,4.480497,4.480497,7379297
2018-05-17,4.480497,4.496370,4.462971,4.478838,4.478838,13447653
2018-05-18,4.478838,4.480275,4.381021,4.382428,4.382428,11548058
2018-05-21,4.382428,4.452480,4.364539,4.434379,4.434379,5933072
2018-05-22,4.434379,4.441092,4.249232,4.255674,4.255674,4314672
2018-05-23,4.255674,4.321234,4.246211,4.311646,4.311646,4419726
2018-05-24,4.311646,4.336723,4.273642,4.298643,4.298643,5202908
2018-05-25,4.298643,4.435112,4.294553,4.430897,4.430897,4123343
2018-05-28,4.430897,4.459596,4.409779,4.438442,4.438442,4367275
2018-05-29,4.438442,4.439404,4.366887,4.367833,4.367833,4963632
2018-05-30,4.367833,4.547805,4.358763,4.538381,4.538381,4873361
2018-05-31,4.538381,4.654373,4.505084,4.620473,4.620473,9510409
2018-06-01,4.620473,4.980356,4.594096,4.952087,4.952087,6116531
2018-06-04,4.952087,5.040945,4.905901,4.994365,4.994365,5740419
2018-06-05,4.994365,4.998722,4.897204,4.901480,4.901480,6530852
2018-06-06,4.901480,4.934614,4.590988,4.622234,4.622234,4319221
2018-06-07,4.622234,4.926043,4.611163,4.914273,4.914273,3423042
2018-06-08,4.914273,5.257944,4.895585,5.238025,5.238025,5950817
2018-06-11,5.238025,5.260970,5.228338,5.251258,5.251258,5663442
2018-06-12,5.251258,5.403572,5.245932,5.398097,5.398097,8066156
2018-06-13,5.398097,5.474833,5.376199,5.452714,5.452714,8107731
2018-06-14,5.452714,5.494014,5.273314,5.313560,5.313560,6848816
2018-06-15,5.313560,5.355550,5.282416,5.324342,5.324342,7174385
2018-06-18,5.324342,5.724013,5.274706,5.671144,5.671144,3895642
2018-06-19,5.671144,5.673256,5.623046,5.625141,5.625141,6776142
2018-06-20,5.625141,5.635530,5.581365,5.591692,5.591692,5322100
2018-06-21,5.591692,5.624506,5.452627,5.484813,5.484813,5128665
2018-06-22,5.484813,5.886135,5.469784,5.870051,5.870051,7837439
2018-06-25,5.870051,6.039664,5.848617,6.017691,6.017691,3683243
2018-06-26,6.017691,6.055113,5.704625,5.740323,5.740323,7315228
2018-06-27,5.740323,5.769083,5.699315,5.728014,5.728014,3677752
2018-06-28,5.728014,5.731935,5.544718,5.548516,5.548516,3805473
2018-06-29,5.548516,5.697184,5.529169,5.677388,5.677388,3696927
2018-07-02,5.677388,5.688112,5.587518,5.598093,5.598093,2429009
2018-07-03,5.598093,5.660791,5.553778,5.616332,5.616332,6785856
2018-07-04,5.616332,5.640916,5.481563,5.505663,5.505663,4185971
2018-07-05,5.505663,5.552864,5.257593,5.303057,5.303057,8967672
2018-07-06,5.303057,5.567102,5.289931,5.553356,5.553356,9396742
2018-07-09,5.553356,5.588205,5.343067,5.376808,5.376808,7172983
2018-07-10,5.376808,5.391830,5.371851,5.386863,5.386863,5549925
2018-07-11,5.386863,5.392751,5.355779,5.361639,5.361639,5613222
2018-07-12,5.361639,5.528783,5.326313,5.492594,5.492594,4698948
2018-07-13,5.492594,5.612379,5.475595,5.595063,5.595063,6058584
2018-07-16,5.595063,5.718736,5.562778,5.685926,5.685926,7032908
2018-07-17,5.685926,5.695265,5.623160,5.632411,5.632411,6530819
2018-07-18,5.632411,5.725413,5.623417,5.716285,5.716285,3773474
2018-07-19,5.716285,5.725747,5.630142,5.639477,5.639477,3181440
2018-07-20,5.639477,5.693421,5.615557,5.669374,5.669374,5591398
2018-07-23,5.669374,5.698985,5.582797,5.612109,5.612109,7773727
2018-07-24,5.612109,5.711334,5.600021,5.699060,5.699060,3652814
2018-07-25,5.699060,5.709086,5.565644,5.575453,5.575453,6619610
2018-07-26,5.575453,5.651655,5.362275,5.436580,5.436580,8575972
2018-07-27,5.436580,5.546526,5.425613,5.535361,5.535361,4273977
2018-07-30,5.535361,5.570318,5.230618,5.263861,5.263861,5696067
2018-07-31,5.263861,5.270201,5.219979,5.226274,5.226274,5047044
2018-08-01,5.226274,5.388900,5.200242,5.362191,5.362191,4537093
2018-08-02,5.362191,5.377190,5.357437,5.372427,5.372427,5938987
2018-08-03,5.372427,5.475111,5.370952,5.473609,5.473609,4102575
2018-08-06,5.473609,5.483139,5.317031,5.326305,5.326305,4014259
2018-08-07,5.326305,5.334948,5.095100,5.103381,5.103381,3548642
2018-08-08,5.103381,5.167670,5.085620,5.149748,5.149748,9001552
2018-08-09,5.149748,5.231469,5.149657,5.231376,5.231376,6755211
2018-08-10,5.231376,5.284284,5.205479,5.258254,5.258254,5264453
2018-08-13,5.258254,5.661635,5.230203,5.631592,5.631592,6748182
2018-08-14,5.631592,5.846423,5.594843,5.808519,5.808519,5454162
2018-08-15,5.808519,5.878332,5.763014,5.832638,5.832638,7503114
2018-08-16,5.832638,5.949155,5.787216,5.903184,5.903184,8678601
2018-08-17,5.903184,5.916079,5.871744,5.884598,5.884598,7270567
2018-08-20,5.884598,5.904351,5.659761,5.678823,5.678823,4860945
2018-08-21,5.678823,5.829059,5.651272,5.800915,5.800915,4143701
2018-08-22,5.800915,5.837135,5.452515,5.486773,5.486773,6518068
2018-08-23,5.486773,5.511391,5.280896,5.304697,5.304697,4490956
2018-08-24,5.304697,5.335323,5.301900,5.332511,5.332511,2530742
2018-08-27,5.332511,5.337143,5.238784,5.243339,5.243339,9258943
2018-08-28,5.243339,5.252900,5.152478,5.161890,5.161890,3537057
2018-08-29,5.161890,5.320732,5.142542,5.300863,5.300863,4880428
2018-08-30,5.300863,5.454952,5.233059,5.386057,5.386057,8397466
2018-08-31,5.386057,5.467428,5.378598,5.459866,5.459866,4136883
2018-09-03,5.459866,5.585714,5.442731,5.568239,5.568239,5256771
2018-09-04,5.568239,5.573155,5.564164,5.569080,5.569080,5554180
2018-09-05,5.569080,5.715357,5.566774,5.712991,5.712991,3724002
2018-09-06,5.712991,5.970670,5.686776,5.943398,5.943398,6396557
2018-09-07,5.943398,6.311411,5.912188,6.278443,6.278443,3663035
2018-09-10,6.278443,6.357245,6.273528,6.352273,6.352273,3799446
2018-09-11,6.352273,6.414813,6.308871,6.371280,6.371280,13111834
2018-09-12,6.371280,6.398700,6.351671,6.379066,6.379066,8917299
2018-09-13,6.379066,6.464594,6.110852,6.193897,6.193897,4444511
2018-09-14,6.193897,6.237335,6.050466,6.093198,6.093198,5586308
2018-09-17,6.093198,6.204163,6.089359,6.200257,6.200257,3568842
2018-09-18,6.200257,6.225683,5.906208,5.930529,5.930529,3831162
2018-09-19,5.930529,5.945683,5.817866,5.832771,5.832771,5034791
2018-09-20,5.832771,6.042538,5.809921,6.018960,6.018960,5378771
2018-09-21,6.018960,6.280607,6.003359,6.264370,6.264370,4319650
2018-09-24,6.264370,6.287101,6.165953,6.188409,6.188409,6596814
2018-09-25,6.188409,6.345538,6.162045,6.318619,6.318619,7559985
2018-09-26,6.318619,6.655900,6.316992,6.654186,6.654186,5253735
2018-09-27,6.654186,6.681930,6.285601,6.311918,6.311918,4495799
2018-09-28,6.311918,6.449075,6.293602,6.430415,6.430415,5293560
2018-10-01,6.430415,6.500207,6.408861,6.478492,6.478492,8518878
2018-10-02,6.478492,6.497573,6.405775,6.424698,6.424698,5377151
2018-10-03,6.424698,6.484434,6.416941,6.476614,6.476614,6027453
2018-10-04,6.476614,6.488676,6.368170,6.380053,6.380053,6482844
2018-10-05,6.380053,6.474540,6.375605,6.470029,6.470029,4872002
2018-10-08,6.470029,6.493646,6.222914,6.245711,6.245711,3940762
2018-10-09,6.245711,6.263990,6.034634,6.052347,6.052347,3923500
2018-10-10,6.052347,6.053169,5.977347,5.978159,5.978159,6825808
2018-10-11,5.978159,6.015311,5.871331,5.908047,5.908047,5171908
2018-10-12,5.908047,5.918438,5.882919,5.893284,5.893284,5972089
2018-10-15,5.893284,5.977951,5.857244,5.941615,5.941615,9522384
2018-10-16,5.941615,6.098973,5.927210,6.084222,6.084222,3487576
2018-10-17,6.084222,6.256044,6.083721,6.255528,6.255528,3814200
2018-10-18,6.255528,6.358569,6.249066,6.352007,6.352007,3261860
2018-10-19,6.352007,6.402572,6.177654,6.227226,6.227226,9686106
2018-10-22,6.227226,6.358047,6.226334,6.357137,6.357137,2813561
2018-10-23,6.357137,6.384933,6.213680,6.240969,6.240969,7934294
2018-10-24,6.240969,6.383420,6.216459,6.358449,6.358449,3559900
2018-10-25,6.358449,6.373046,6.349797,6.364386,6.364386,5709571
2018-10-26,6.364386,6.382671,6.313607,6.331798,6.331798,6162180
2018-10-29,6.331798,6.507751,6.310117,6.485544,6.485544,4200525
2018-10-30,6.485544,6.683352,6.481823,6.679520,6.679520,4672077
2018-10-31,6.679520,6.680012,6.295050,6.295514,6.295514,5875628
2018-11-01,6.295514,6.305785,6.068289,6.078206,6.078206,7591174
2018-11-02,6.078206,6.367511,6.063739,6.352391,6.352391,8273072
2018-11-05,6.352391,6.473506,6.323117,6.443810,6.443810,4122082
2018-11-06,6.443810,6.460232,6.300765,6.316864,6.316864,4579892
2018-11-07,6.316864,6.360284,6.260514,6.303845,6.303845,3555660
2018-11-08,6.303845,6.329779,5.969935,5.994596,5.994596,5636045
2018-11-09,5.994596,6.001053,5.978044,5.984490,5.984490,4867491
2018-11-12,5.984490,6.113882,5.972111,6.101261,6.101261,5724060
2018-11-13,6.101261,6.400278,6.093703,6.392360,6.392360,4965921
2018-11-14,6.392360,6.580508,6.354296,6.541556,6.541556,5593834
2018-11-15,6.541556,6.545324,6.463696,6.467422,6.467422,9264583
2018-11-16,6.467422,6.497845,6.450208,6.480596,6.480596,3750359
2018-11-19,6.480596,6.674390,6.477440,6.671142,6.671142,10523303
2018-11-20,6.671142,6.682818,6.331413,6.342514,6.342514,6527053
2018-11-21,6.342514,6.374184,5.804891,5.834023,5.834023,6248423
2018-11-22,5.834023,5.852391,5.762292,5.780492,5.780492,12571970
2018-11-23,5.780492,5.927366,5.763380,5.909870,5.909870,3898687
2018-11-26,5.909870,5.919761,5.883703,5.893567,5.893567,5676605
2018-11-27,5.893567,6.146870,5.868179,6.120505,6.120505,8743519
2018-11-28,6.120505,6.135505,6.030577,6.045393,6.045393,8324184
2018-11-29,6.045393,6.306487,6.035576,6.296263,6.296263,12694508
2018-11-30,6.296263,6.329231,6.153044,6.185431,6.185431,7392296
2018-12-03,6.185431,6.202876,6.165992,6.183432,6.183432,11209919
2018-12-04,6.183432,6.452166,6.178329,6.446846,6.446846,9845125
2018-12-05,6.446846,6.529854,6.445730,6.528723,6.528723,3174985
2018-12-06,6.528723,6.542676,6.207007,6.220300,6.220300,6993538
2018-12-07,6.220300,6.459238,6.178063,6.415674,6.415674,6255724
2018-12-10,6.415674,6.441246,6.390939,6.416508,6.416508,5372710
2018-12-11,6.416508,6.441029,6.233834,6.257748,6.257748,7642995
2018-12-12,6.257748,6.295213,6.096906,6.133627,6.133627,8738969
2018-12-13,6.133627,6.168543,5.644079,5.676392,5.676392,6489890
2018-12-14,5.676392,5.741152,5.657758,5.722367,5.722367,7072641
2018-12-17,5.722367,5.723173,5.700286,5.701089,5.701089,7335684
2018-12-18,5.701089,5.775995,5.667908,5.742573,5.742573,8354147
2018-12-19,5.742573,5.754763,5.600567,5.612481,5.612481,10111120
2018-12-20,5.612481,5.693952,5.589921,5.671155,5.671155,5469716
2018-12-21,5.671155,5.699696,5.652040,5.680548,5.680548,5663952
2018-12-24,5.680548,5.724701,5.325450,5.367166,5.367166,3517994
2018-12-25,5.367166,5.513666,5.361441,5.507790,5.507790,7210581
2018-12-26,5.507790,5.669779,5.504969,5.666875,5.666875,6109923
2018-12-27,5.666875,5.864348,5.662116,5.859427,5.859427,4465390
2018-12-28,5.859427,6.200959,5.855962,6.197295,6.197295,5154895
2018-12-31,6.197295,6.218102,6.085211,6.105711,6.105711,5846795
2019-01-01,6.105711,6.378351,6.058698,6.329615,6.329615,7041850
2019-01-02,6.329615,6.357887,6.249417,6.277457,6.277457,7417979
2019-01-03,6.277457,6.278322,6.228937,6.229796,6.229796,4979846
2019-01-04,6.229796,6.281522,6.094744,6.145772,6.145772,9372688
2019-01-07,6.145772,6.152909,6.014467,6.021459,6.021459,5759113
2019-01-08,6.021459,6.039484,5.738957,5.756187,5.756187,6840216
2019-01-09,5.756187,5.989480,5.737396,5.969991,5.969991,3339763
2019-01-10,5.969991,5.972709,5.841644,5.844305,5.844305,9152887
2019-01-11,5.844305,5.855435,5.726159,5.737085,5.737085,7518217
2019-01-14,5.737085,5.904145,5.722332,5.889001,5.889001,2537270
2019-01-15,5.889001,5.916152,5.679852,5.706160,5.706160,5834104
2019-01-16,5.706160,5.842937,5.703038,5.839743,5.839743,3389357
2019-01-17,5.839743,6.038451,5.819103,6.017184,6.017184,7153936
2019-01-18,6.017184,6.117871,6.011714,6.112314,6.112314,3990991
2019-01-21,6.112314,6.125801,6.076740,6.090178,6.090178,8367859
2019-01-22,6.090178,6.092321,5.920978,5.923062,5.923062,3743455
2019-01-23,5.923062,5.935472,5.810551,5.822751,5.822751,3876094
2019-01-24,5.822751,5.944248,5.803177,5.924331,5.924331,5470862
2019-01-25,5.924331,5.946889,5.913987,5.936523,5.936523,2894775
2019-01-28,5.936523,6.048949,5.913157,6.025233,6.025233,8654136
2019-01-29,6.025233,6.086150,6.017970,6.078822,6.078822,8347379
2019-01-30,6.078822,6.179538,6.059562,6.160021,6.160021,6628450
2019-01-31,6.160021,6.208416,5.578386,5.622559,5.622559,15204158
2019-02-01,5.622559,5.859682,5.599077,5.835312,5.835312,4628928
2019-02-04,5.835312,5.926318,5.820517,5.911331,5.911331,5860746
2019-02-05,5.911331,6.085417,5.900472,6.074259,6.074259,7622501
2019-02-06,6.074259,6.093281,6.053825,6.072842,6.072842,6891806
2019-02-07,6.072842,6.079758,6.059429,6.066337,6.066337,8837689
2019-02-08,6.066337,6.083744,5.978422,5.995626,5.995626,10554075
2019-02-11,5.995626,6.034084,5.867500,5.905380,5.905380,4090533
2019-02-12,5.905380,5.931077,5.824745,5.850202,5.850202,4963962
2019-02-13,5.850202,5.968815,5.824944,5.943156,5.943156,9536060
2019-02-14,5.943156,5.943758,5.723969,5.724550,5.724550,6083082
2019-02-15,5.724550,5.840284,5.718661,5.834282,5.834282,6178674
2019-02-18,5.834282,5.967017,5.827402,5.959989,5.959989,4126756
2019-02-19,5.959989,5.992145,5.828946,5.860566,5.860566,10472752
2019-02-20,5.860566,6.073202,5.860133,6.072754,6.072754,5832977
2019-02-21,6.072754,6.220423,6.020867,6.167725,6.167725,7139336
2019-02-22,6.167725,6.337671,6.127920,6.297031,6.297031,7508008
2019-02-25,6.297031,6.486249,6.281550,6.470341,6.470341,6138278
2019-02-26,6.470341,6.739603,6.435163,6.703159,6.703159,8880793
2019-02-27,6.703159,6.889411,6.697187,6.883278,6.883278,12293770
2019-02-28,6.883278,6.896563,6.775658,6.788760,6.788760,9708891
2019-03-01,6.788760,7.308750,6.785961,7.305738,7.305738,11896541
2019-03-04,7.305738,7.525409,7.295525,7.514903,7.514903,6670517
2019-03-05,7.514903,7.646349,7.495001,7.626152,7.626152,4580406
2019-03-06,7.626152,7.688977,7.619926,7.682705,7.682705,4086045
2019-03-07,7.682705,7.908183,7.680989,7.906417,7.906417,6959287
2019-03-08,7.906417,7.952660,7.896253,7.942450,7.942450,4881327
2019-03-11,7.942450,7.960109,7.787825,7.805179,7.805179,4737604
2019-03-12,7.805179,7.805724,7.514807,7.515332,7.515332,3170365
2019-03-13,7.515332,7.681183,7.486788,7.652119,7.652119,7179409
2019-03-14,7.652119,7.714973,7.642462,7.705248,7.705248,3759772
2019-03-15,7.705248,7.758523,7.699096,7.752334,7.752334,9281373
2019-03-18,7.752334,7.790805,7.479429,7.516732,7.516732,4554055
2019-03-19,7.516732,7.517950,7.457385,7.458593,7.458593,5045983
2019-03-20,7.458593,7.865906,7.426024,7.831707,7.831707,4639965
2019-03-21,7.831707,8.028545,7.784505,7.980447,7.980447,3166486
2019-03-22,7.980447,8.160779,7.975852,8.156083,8.156083,6953012
2019-03-25,8.156083,8.159774,7.997059,8.000679,8.000679,8743994
2019-03-26,8.000679,8.132305,7.985344,8.116748,8.116748,2697429
2019-03-27,8.116748,8.271568,8.083082,8.237402,8.237402,9225015
2019-03-28,8.237402,8.513084,8.206297,8.481060,8.481060,7758466
2019-03-29,8.481060,8.675624,8.445529,8.639430,8.639430,10531238
2019-04-01,8.639430,8.868143,8.607600,8.835591,8.835591,8461973
2019-04-02,8.835591,8.891351,8.820758,8.876449,8.876449,7458920
2019-04-03,8.876449,9.012113,8.855163,8.990553,8.990553,3925055
2019-04-04,8.990553,9.253094,8.970165,9.232158,9.232158,3279378
2019-04-05,9.232158,9.256769,9.058470,9.082682,9.082682,4280598
2019-04-08,9.082682,9.140072,8.714982,8.770399,8.770399,7017311
2019-04-09,8.770399,9.139168,8.751280,9.119289,9.119289,9049136
2019-04-10,9.119289,9.156584,8.988350,9.025261,9.025261,6391350
2019-04-11,9.025261,9.050271,8.842387,8.866958,8.866958,7146804
2019-04-12,8.866958,8.901440,8.254789,8.287015,8.287015,5280766
2019-04-15,8.287015,8.292692,8.152989,8.158579,8.158579,7377637
2019-04-16,8.158579,8.168743,7.744326,7.753987,7.753987,4832672
2019-04-17,7.753987,7.766577,7.545105,7.557376,7.557376,7710415
2019-04-18,7.557376,7.574135,7.494609,7.511266,7.511266,9305934
2019-04-19,7.511266,7.585946,7.492353,7.566893,7.566893,4479512
2019-04-22,7.566893,7.758323,7.566615,7.758038,7.758038,6019851
2019-04-23,7.758038,7.773780,7.709580,7.725256,7.725256,4132122
2019-04-24,7.725256,7.892021,7.687165,7.853299,7.853299,4979466
2019-04-25,7.853299,7.874094,7.607188,7.627385,7.627385,4596873
2019-04-26,7.627385,7.717579,7.622370,7.712508,7.712508,5222352
2019-04-29,7.712508,7.981846,7.705476,7.974576,7.974576,5165025
2019-04-30,7.974576,8.029526,7.837584,7.891966,7.891966,5208009
2019-05-01,7.891966,8.107545,7.888290,8.103771,8.103771,6615633
2019-05-02,8.103771,8.140332,7.938521,7.974499,7.974499,5551040
2019-05-03,7.974499,7.999225,7.577725,7.601294,7.601294,5981936
2019-05-06,7.601294,7.673977,7.571033,7.643548,7.643548,6907202
2019-05-07,7.643548,7.666609,7.419504,7.441957,7.441957,8976378
2019-05-08,7.441957,7.470005,7.222041,7.249364,7.249364,6043261
2019-05-09,7.249364,7.313241,7.230900,7.294662,7.294662,14218751
2019-05-10,7.294662,7.507278,7.276304,7.488432,7.488432,8597141
2019-05-13,7.488432,7.605299,7.485365,7.602185,7.602185,6734195
2019-05-14,7.602185,7.646364,7.590535,7.634665,7.634665,16062802
2019-05-15,7.634665,7.636618,7.615702,7.617650,7.617650,6618115
2019-05-16,7.617650,7.653266,7.518136,7.553452,7.553452,9627020
2019-05-17,7.553452,7.802394,7.553061,7.801991,7.801991,7998604
2019-05-20,7.801991,7.822308,7.568674,7.588434,7.588434,12359695
2019-05-21,7.588434,7.604271,7.587926,7.603761,7.603761,6470538
2019-05-22,7.603761,7.660139,7.244410,7.298525,7.298525,6772870
2019-05-23,7.298525,7.306488,7.228321,7.236216,7.236216,5471706
2019-05-24,7.236216,7.393309,7.198740,7.355217,7.355217,8807365
2019-05-27,7.355217,7.503178,7.338441,7.486105,7.486105,6897832
2019-05-28,7.486105,7.702981,7.459177,7.675372,7.675372,5421904
2019-05-29,7.675372,7.696004,7.649546,7.670164,7.670164,13356782
2019-05-30,7.670164,7.742085,7.658956,7.730788,7.730788,7643244
2019-05-31,7.730788,7.743744,7.687247,7.700151,7.700151,4821209
2019-06-03,7.700151,8.047751,7.602345,7.946811,7.946811,3185133
2019-06-04,7.946811,7.968751,7.648011,7.669185,7.669185,8811287
2019-06-05,7.669185,7.692043,7.544310,7.566863,7.566863,5142503
2019-06-06,7.566863,7.756838,7.555002,7.744699,7.744699,4394667
2019-06-07,7.744699,7.758149,7.589324,7.602527,7.602527,13069021
2019-06-10,7.602527,7.879612,7.539360,7.814683,7.814683,6940224
2019-06-11,7.814683,7.831555,7.652052,7.668609,7.668609,8209415
2019-06-12,7.668609,7.689912,7.650497,7.671793,7.671793,8393523
2019-06-13,7.671793,7.715855,7.661641,7.705658,7.705658,6141203
2019-06-14,7.705658,7.938991,7.682980,7.915694,7.915694,11067280
2019-06-17,7.915694,7.938746,7.854478,7.877418,7.877418,4269070
2019-06-18,7.877418,7.910230,7.811430,7.844103,7.844103,11095823
2019-06-19,7.844103,8.126667,7.763840,8.044355,8.044355,3486637
2019-06-20,8.044355,8.130020,8.020222,8.105703,8.105703,7026546
2019-06-21,8.105703,8.350267,8.083792,8.327756,8.327756,5550667
2019-06-24,8.327756,8.719326,8.293364,8.683466,8.683466,12116185
2019-06-25,8.683466,8.727364,8.546390,8.589814,8.589814,7639867
2019-06-26,8.589814,8.840773,8.554251,8.804322,8.804322,5905567
2019-06-27,8.804322,8.806821,7.805149,7.807364,7.807364,6133606
2019-06-28,7.807364,8.326863,7.781099,8.298944,8.298944,5929943
2019-07-01,8.298944,8.526604,8.289272,8.516679,8.516679,5347143
2019-07-02,8.516679,8.567691,8.418198,8.468924,8.468924,4790762
2019-07-03,8.468924,8.553005,8.455823,8.539794,8.539794,5219326
2019-07-04,8.539794,8.563806,8.396034,8.419708,8.419708,7370445
2019-07-05,8.419708,8.629021,8.333809,8.541875,8.541875,4787413
2019-07-08,8.541875,8.545600,8.309804,8.313429,8.313429,6136220
2019-07-09,8.313429,8.412609,8.306175,8.405275,8.405275,9949632
2019-07-10,8.405275,8.525307,8.334340,8.453961,8.453961,6120812
2019-07-11,8.453961,8.797133,8.452601,8.795718,8.795718,7877294
2019-07-12,8.795718,8.800164,8.302466,8.306665,8.306665,5581428
2019-07-15,8.306665,8.369772,8.048526,8.110140,8.110140,5811713
2019-07-16,8.110140,8.167399,7.970554,8.027229,8.027229,8575979
2019-07-17,8.027229,8.040550,7.809955,7.822937,7.822937,3823156
2019-07-18,7.822937,8.056997,7.782015,8.015071,8.015071,7335099
2019-07-19,8.015071,8.227312,8.000595,8.212480,8.212480,3956396
2019-07-22,8.212480,8.271458,8.185373,8.244246,8.244246,5883514
2019-07-23,8.244246,8.336689,8.211097,8.303302,8.303302,6635744
2019-07-24,8.303302,8.307080,8.263941,8.267703,8.267703,6322372
2019-07-25,8.267703,8.518462,8.212579,8.462043,8.462043,5465960
2019-07-26,8.462043,8.484931,7.984456,8.006111,8.006111,2718865
2019-07-29,8.006111,8.047528,7.948893,7.990228,7.990228,4135784
2019-07-30,7.990228,7.991009,7.663917,7.664666,7.664666,4053414
2019-07-31,7.664666,7.724493,7.633703,7.693414,7.693414,14092496
2019-08-01,7.693414,7.720133,7.589519,7.615969,7.615969,13412363
2019-08-02,7.615969,7.641862,7.497688,7.523266,7.523266,6402760
2019-08-05,7.523266,7.544106,7.505236,7.526069,7.526069,6167014
2019-08-06,7.526069,7.554479,7.192466,7.219719,7.219719,6191184
2019-08-07,7.219719,7.278397,6.843912,6.899992,6.899992,7214121
2019-08-08,6.899992,6.929313,6.850386,6.879621,6.879621,6786833
2019-08-09,6.879621,7.252528,6.844687,7.215886,7.215886,7302678
2019-08-12,7.215886,7.322316,7.197433,7.303639,7.303639,4882289
2019-08-13,7.303639,7.337741,7.247710,7.281710,7.281710,7101600
2019-08-14,7.281710,7.612584,7.268114,7.598397,7.598397,6002583
2019-08-15,7.598397,7.630101,7.255975,7.286377,7.286377,3372933
2019-08-16,7.286377,7.714471,7.238725,7.664347,7.664347,3379684
2019-08-19,7.664347,7.692144,7.596177,7.623827,7.623827,7247439
2019-08-20,7.623827,7.637244,7.505547,7.518780,7.518780,6841879
2019-08-21,7.518780,7.530456,7.476605,7.488234,7.488234,5357213
2019-08-22,7.488234,7.544913,7.348697,7.404744,7.404744,7957533
2019-08-23,7.404744,7.605376,7.377192,7.577183,7.577183,7087943
2019-08-26,7.577183,7.617060,7.389638,7.428734,7.428734,8837506
2019-08-27,7.428734,7.821032,7.410346,7.801722,7.801722,10532537
2019-08-28,7.801722,7.805623,7.643114,7.646938,7.646938,8340615
2019-08-29,7.646938,7.664170,7.549559,7.566610,7.566610,5191144
2019-08-30,7.566610,7.594183,7.490525,7.517920,7.517920,8146150
2019-09-02,7.517920,7.531132,7.185475,7.198125,7.198125,2131077
2019-09-03,7.198125,7.433971,7.157105,7.391846,7.391846,5788303
2019-09-04,7.391846,7.400753,7.329660,7.338502,7.338502,3564170
2019-09-05,7.338502,7.352129,7.166597,7.179929,7.179929,4577809
2019-09-06,7.179929,7.225794,7.084939,7.130489,7.130489,3088474
2019-09-09,7.130489,7.132663,7.080343,7.082502,7.082502,8726035
2019-09-10,7.082502,7.124990,7.027051,7.069460,7.069460,5182572
2019-09-11,7.069460,7.087258,7.017623,7.035335,7.035335,10332150
2019-09-12,7.035335,7.041892,6.536340,6.542437,6.542437,3989905
2019-09-13,6.542437,6.715206,6.525294,6.697656,6.697656,10625337
2019-09-16,6.697656,6.719802,6.631661,6.653662,6.653662,6488341
2019-09-17,6.653662,6.672814,6.485224,6.503945,6.503945,3556880
2019-09-18,6.503945,6.581203,6.474942,6.551985,6.551985,4665178
2019-09-19,6.551985,6.580583,6.466959,6.495309,6.495309,2940931
2019-09-20,6.495309,6.571763,6.461552,6.537785,6.537785,6202343
2019-09-23,6.537785,7.013613,6.506619,6.980337,6.980337,6249077
2019-09-24,6.980337,7.026596,6.955926,7.002108,7.002108,11833381
2019-09-25,7.002108,7.040772,6.989198,7.027815,7.027815,5105801
2019-09-26,7.027815,7.044466,6.966947,6.983493,6.983493,3884746
2019-09-27,6.983493,7.090908,6.972263,7.079523,7.079523,4999430
2019-09-30,7.079523,7.243761,7.072102,7.236175,7.236175,8676744
2019-10-01,7.236175,7.257157,7.018289,7.038698,7.038698,5968936
2019-10-02,7.038698,7.069030,6.727562,6.756678,6.756678,8168569
2019-10-03,6.756678,6.762447,6.640346,6.646020,6.646020,5004195
2019-10-04,6.646020,6.830568,6.621872,6.805840,6.805840,8054817
2019-10-07,6.805840,7.170688,6.793039,7.157226,7.157226,4288924
2019-10-08,7.157226,7.158353,6.914121,6.915210,6.915210,13480634
2019-10-09,6.915210,6.920739,6.723369,6.728748,6.728748,8342307
2019-10-10,6.728748,6.783918,6.693969,6.749034,6.749034,5711562
2019-10-11,6.749034,6.917830,6.703730,6.871704,6.871704,4741823
2019-10-14,6.871704,6.901653,6.823994,6.853866,6.853866,7284071
2019-10-15,6.853866,6.898330,6.813957,6.858395,6.858395,6773865
2019-10-16,6.858395,7.052607,6.825477,7.018919,7.018919,4978093
2019-10-17,7.018919,7.024089,6.962378,6.967510,6.967510,4518384
2019-10-18,6.967510,6.992476,6.877316,6.902048,6.902048,3462603
2019-10-21,6.902048,7.136355,6.897211,7.131358,7.131358,3465517
2019-10-22,7.131358,7.219832,7.101319,7.189547,7.189547,7424113
2019-10-23,7.189547,7.192927,7.099236,7.102574,7.102574,5323265
2019-10-24,7.102574,7.157599,7.083750,7.138680,7.138680,3240476
2019-10-25,7.138680,7.163547,6.951501,6.975801,6.975801,5590679
2019-10-28,6.975801,7.300620,6.928156,7.251094,7.251094,4962481
2019-10-29,7.251094,7.431941,7.238435,7.418989,7.418989,2604053
2019-10-30,7.418989,7.943058,7.392554,7.914857,7.914857,2123447
2019-10-31,7.914857,7.933433,7.526066,7.543771,7.543771,3229512
2019-11-01,7.543771,7.557889,7.227575,7.241126,7.241126,7824686
2019-11-04,7.241126,7.257530,7.011991,7.027912,7.027912,2806443
2019-11-05,7.027912,7.047130,6.833849,6.852587,6.852587,6515668
2019-11-06,6.852587,6.867509,6.780543,6.795340,6.795340,4991034
2019-11-07,6.795340,6.797149,6.662059,6.663833,6.663833,9725238
2019-11-08,6.663833,6.986844,6.635614,6.957382,6.957382,10286671
2019-11-11,6.957382,6.995792,6.634151,6.670980,6.670980,7117624
2019-11-12,6.670980,6.680524,6.666233,6.675774,6.675774,8204434
2019-11-13,6.675774,7.228125,6.654272,7.204919,7.204919,5067670
2019-11-14,7.204919,7.212008,7.172043,7.179106,7.179106,3462461
2019-11-15,7.179106,7.200395,7.136323,7.157549,7.157549,7882314
2019-11-18,7.157549,7.186331,6.829257,6.856830,6.856830,7901959
2019-11-19,6.856830,6.858483,6.806339,6.807980,6.807980,6153125
2019-11-20,6.807980,6.818713,6.691957,6.702524,6.702524,3392784
2019-11-21,6.702524,6.712501,6.525698,6.535426,6.535426,5099762
2019-11-22,6.535426,6.615061,6.521675,6.601171,6.601171,5762742
2019-11-25,6.601171,6.737411,6.531679,6.667223,6.667223,5092667
2019-11-26,6.667223,6.775916,6.650784,6.759250,6.759250,4786887
2019-11-27,6.759250,6.891215,6.751590,6.883414,6.883414,5437953
2019-11-28,6.883414,6.922304,6.699280,6.737345,6.737345,8311886
2019-11-29,6.737345,6.846863,6.684335,6.793411,6.793411,6239003
2019-12-02,6.793411,6.944882,6.782505,6.933751,6.933751,7916352
2019-12-03,6.933751,6.946492,6.836940,6.849526,6.849526,9824554
2019-12-04,6.849526,6.872969,6.818850,6.842267,6.842267,7603910
2019-12-05,6.842267,6.874346,6.500703,6.531325,6.531325,8661906
2019-12-06,6.531325,6.532067,6.498412,6.499150,6.499150,8814053
2019-12-09,6.499150,6.507255,6.170023,6.177728,6.177728,5565050
2019-12-10,6.177728,6.287556,6.113781,6.223139,6.223139,4907240
2019-12-11,6.223139,6.389419,6.203683,6.369505,6.369505,7420387
2019-12-12,6.369505,6.405323,6.367271,6.403077,6.403077,7230622
2019-12-13,6.403077,7.319445,6.376318,7.288984,7.288984,5337437
2019-12-16,7.288984,7.302316,7.272196,7.285521,7.285521,4563026
2019-12-17,7.285521,7.304462,7.134896,7.153493,7.153493,2382074
2019-12-18,7.153493,7.466554,7.132090,7.444281,7.444281,6238096
2019-12-19,7.444281,7.507537,7.373145,7.436333,7.436333,6999851
2019-12-20,7.436333,7.559122,7.424758,7.547374,7.547374,9073313
2019-12-23,7.547374,7.597899,7.357251,7.406835,7.406835,8023628
2019-12-24,7.406835,7.556932,7.396010,7.545903,7.545903,3537312
2019-12-25,7.545903,7.800206,7.521880,7.775451,7.775451,5137798
2019-12-26,7.775451,7.781069,7.426925,7.432295,7.432295,3611807
2019-12-27,7.432295,7.550194,7.410772,7.528393,7.528393,4994346
2019-12-30,7.528393,7.586783,7.499640,7.557918,7.557918,10443181
2019-12-31,7.557918,7.942153,7.498948,7.880665,7.880665,2821970
2020-01-01,7.880665,7.896086,7.808838,7.824148,7.824148,6243196
2020-01-02,7.824148,7.837465,7.754880,7.768102,7.768102,3353274
2020-01-03,7.768102,7.894104,7.731770,7.857354,7.857354,4474758
2020-01-06,7.857354,7.872020,7.552567,7.566690,7.566690,6801987
2020-01-07,7.566690,7.895682,7.536141,7.863932,7.863932,14222030
2020-01-08,7.863932,7.916790,7.668121,7.720011,7.720011,7042770
2020-01-09,7.720011,7.786806,7.315153,7.378998,7.378998,4578718
2020-01-10,7.378998,7.411460,7.273355,7.305495,7.305495,6270037
2020-01-13,7.305495,7.339675,7.140573,7.174139,7.174139,5692605
2020-01-14,7.174139,7.179638,7.135922,7.141395,7.141395,9765217
2020-01-15,7.141395,7.262277,7.085717,7.206095,7.206095,5848939
2020-01-16,7.206095,7.262288,7.181089,7.237174,7.237174,4642895
2020-01-17,7.237174,7.291823,7.111206,7.165312,7.165312,5359323
2020-01-20,7.165312,7.225300,7.157101,7.217030,7.217030,3895767
2020-01-21,7.217030,7.242168,7.199456,7.224576,7.224576,4590255
2020-01-22,7.224576,7.452506,7.216401,7.444083,7.444083,3952751
2020-01-23,7.444083,7.986803,7.392899,7.932262,7.932262,6011185
2020-01-24,7.932262,7.967266,7.884708,7.919656,7.919656,8741716
2020-01-27,7.919656,7.984857,7.883271,7.948340,7.948340,6593150
2020-01-28,7.948340,7.959953,7.878387,7.889914,7.889914,1920187
2020-01-29,7.889914,7.906781,7.874745,7.891608,7.891608,5371125
2020-01-30,7.891608,7.915791,7.854127,7.878269,7.878269,7996622
2020-01-31,7.878269,7.925596,7.509455,7.554838,7.554838,6533192
2020-02-03,7.554838,7.571483,7.442012,7.458444,7.458444,4478571
2020-02-04,7.458444,7.752250,7.439615,7.732728,7.732728,8131998
2020-02-05,7.732728,7.806987,7.730205,7.804440,7.804440,8152940
2020-02-06,7.804440,7.858848,7.795285,7.849640,7.849640,8331686
2020-02-07,7.849640,8.147479,7.835286,8.132608,8.132608,6923633
2020-02-10,8.132608,8.134192,7.919374,7.920917,7.920917,5374193
2020-02-11,7.920917,8.101934,7.912495,8.093330,8.093330,6641244
2020-02-12,8.093330,8.157107,7.836423,7.898666,7.898666,9268467
2020-02-13,7.898666,7.981546,7.892740,7.975563,7.975563,5801846
2020-02-14,7.975563,8.248523,7.939307,8.211196,8.211196,5381994
2020-02-17,8.211196,8.214364,7.971332,7.974408,7.974408,4118214
2020-02-18,7.974408,7.991088,7.708362,7.724520,7.724520,8622967
2020-02-19,7.724520,7.760157,7.584761,7.619915,7.619915,5086655
2020-02-20,7.619915,7.625159,7.390242,7.395332,7.395332,6131919
2020-02-21,7.395332,7.401125,6.994349,6.999833,6.999833,7299472
2020-02-24,6.999833,7.019369,6.454543,6.472607,6.472607,11004097
2020-02-25,6.472607,6.520960,5.053321,5.091355,5.091355,5030799
2020-02-26,5.091355,5.118555,4.339165,4.362471,4.362471,4323864
2020-02-27,4.362471,4.389880,4.228509,4.255244,4.255244,4152578
2020-02-28,4.255244,4.260859,3.546568,3.551255,3.551255,4221969
2020-03-02,3.551255,4.416499,3.532650,4.393482,4.393482,5029048
2020-03-03,4.393482,4.516886,4.391709,4.515064,4.515064,7049155
2020-03-04,4.515064,4.524781,3.995359,4.003976,4.003976,7098336
2020-03-05,4.003976,4.015182,3.662115,3.672393,3.672393,6544457
2020-03-06,3.672393,3.862809,3.647992,3.837312,3.837312,5458829
2020-03-09,3.837312,4.085487,3.818218,4.065259,4.065259,6467759
2020-03-10,4.065259,4.080064,3.668329,3.681737,3.681737,8801968
2020-03-11,3.681737,3.955526,3.660119,3.932436,3.932436,9082398
2020-03-12,3.932436,3.938206,3.793948,3.799522,3.799522,2713205
2020-03-13,3.799522,3.834197,3.798190,3.832853,3.832853,4841399
2020-03-16,3.832853,3.847864,3.780613,3.795477,3.795477,5060948
2020-03-17,3.795477,3.800812,3.486459,3.491366,3.491366,5445478
2020-03-18,3.491366,3.845666,3.480812,3.834076,3.834076,3930057
2020-03-19,3.834076,4.073792,3.825358,4.064550,4.064550,5086333
2020-03-20,4.064550,4.065172,3.814291,3.814874,3.814874,5556465
2020-03-23,3.814874,3.818175,3.412122,3.415077,3.415077,3921535
2020-03-24,3.415077,3.565019,3.413908,3.563799,3.563799,8864950
2020-03-25,3.563799,3.705131,3.557865,3.698972,3.698972,3917324
2020-03-26,3.698972,3.707350,3.608532,3.616724,3.616724,4108496
2020-03-27,3.616724,3.646159,3.531677,3.560655,3.560655,11760546
2020-03-30,3.560655,3.637967,3.543395,3.620417,3.620417,13548545
2020-03-31,3.620417,3.668638,3.605362,3.653446,3.653446,5239053
2020-04-01,3.653446,3.710130,3.642454,3.699001,3.699001,5120797
2020-04-02,3.699001,3.830970,3.692587,3.824340,3.824340,4755437
2020-04-03,3.824340,3.875980,3.804674,3.856151,3.856151,5257762
2020-04-06,3.856151,3.887088,3.854079,3.885001,3.885001,6865977
2020-04-07,3.885001,3.964987,3.880258,3.960152,3.960152,10097179
2020-04-08,3.960152,3.981750,3.957878,3.979465,3.979465,4440484
2020-04-09,3.979465,3.996238,3.739489,3.755317,3.755317,4315471
2020-04-10,3.755317,3.761163,3.693504,3.699262,3.699262,5384784
2020-04-13,3.699262,3.702486,3.640714,3.643889,3.643889,7250120
2020-04-14,3.643889,3.660536,3.626289,3.642932,3.642932,7210372
2020-04-15,3.642932,3.868656,3.627290,3.852115,3.852115,9327598
2020-04-16,3.852115,4.239632,3.837111,4.223182,4.223182,4516189
2020-04-17,4.223182,4.300446,4.206571,4.283598,4.283598,7224453
2020-04-20,4.283598,4.313371,4.278961,4.308707,4.308707,8623372
2020-04-21,4.308707,4.382077,4.297946,4.371159,4.371159,6513797
2020-04-22,4.371159,4.393514,4.193146,4.214700,4.214700,3624509
2020-04-23,4.214700,4.287271,4.206803,4.279253,4.279253,5095228
2020-04-24,4.279253,4.348161,4.256900,4.325566,4.325566,10571669
2020-04-27,4.325566,4.343221,4.322039,4.339683,4.339683,5786256
2020-04-28,4.339683,4.346896,4.320721,4.327914,4.327914,4577764
2020-04-29,4.327914,4.332416,4.302115,4.306595,4.306595,6667249
2020-04-30,4.306595,4.323464,4.242790,4.259475,4.259475,7330632
2020-05-01,4.259475,4.275250,4.101706,4.116953,4.116953,10874753
2020-05-04,4.116953,4.365705,4.113235,4.361766,4.361766,4149647
2020-05-05,4.361766,4.393907,4.256447,4.288045,4.288045,3217333
2020-05-06,4.288045,4.409943,4.283451,4.405224,4.405224,6749322
2020-05-07,4.405224,4.415652,4.405050,4.415478,4.415478,7276893
2020-05-08,4.415478,4.430660,4.218099,4.232653,4.232653,11095890
2020-05-11,4.232653,4.237328,4.207888,4.212541,4.212541,6746881
2020-05-12,4.212541,4.264961,4.204886,4.257225,4.257225,4390605
2020-05-13,4.257225,4.372764,4.244754,4.359992,4.359992,5417761
2020-05-14,4.359992,4.382867,4.305016,4.327722,4.327722,6884804
2020-05-15,4.327722,4.567149,4.324873,4.564144,4.564144,3426542
2020-05-18,4.564144,4.569701,4.536758,4.542288,4.542288,10078746
2020-05-19,4.542288,4.550157,4.397443,4.405074,4.405074,3816157
2020-05-20,4.405074,4.442236,4.275610,4.311987,4.311987,6529564
2020-05-21,4.311987,4.612651,4.302673,4.602709,4.602709,6011016
2020-05-22,4.602709,4.616419,4.571035,4.584690,4.584690,4020169
2020-05-25,4.584690,4.648021,4.583656,4.646972,4.646972,5039879
2020-05-26,4.646972,4.851758,4.616747,4.820405,4.820405,9377119
2020-05-27,4.820405,4.891496,4.803023,4.873921,4.873921,1874531
2020-05-28,4.873921,4.885872,4.822918,4.834774,4.834774,6562137
2020-05-29,4.834774,4.835582,4.777954,4.778753,4.778753,5484220
2020-06-01,4.778753,4.836800,4.771953,4.829927,4.829927,4552422
2020-06-02,4.829927,4.839592,4.785893,4.795490,4.795490,4312663
2020-06-03,4.795490,4.804533,4.564558,4.573182,4.573182,9703652
2020-06-04,4.573182,4.753341,4.564754,4.744598,4.744598,4801125
2020-06-05,4.744598,4.748194,4.395688,4.399023,4.399023,2193019
2020-06-08,4.399023,4.402464,4.335124,4.338518,4.338518,5747444
2020-06-09,4.338518,4.363782,4.335188,4.360436,4.360436,4005627
2020-06-10,4.360436,4.391510,4.222504,4.252810,4.252810,6842353
2020-06-11,4.252810,4.256132,4.224697,4.227999,4.227999,3791957
2020-06-12,4.227999,4.413474,4.217205,4.402236,4.402236,8122771
2020-06-15,4.402236,4.407490,4.383095,4.388333,4.388333,4430973
2020-06-16,4.388333,4.710438,4.331711,4.650434,4.650434,8451855
2020-06-17,4.650434,4.651603,4.386604,4.387707,4.387707,5134260
2020-06-18,4.387707,4.555950,4.372535,4.540251,4.540251,10274548
2020-06-19,4.540251,4.547755,4.457167,4.464546,4.464546,6292641
2020-06-22,4.464546,4.601550,4.454274,4.590987,4.590987,5099286
2020-06-23,4.590987,4.602777,4.373002,4.384261,4.384261,5837213
2020-06-24,4.384261,4.422025,4.354301,4.392013,4.392013,11505579
2020-06-25,4.392013,4.407649,4.246705,4.261878,4.261878,7942369
2020-06-26,4.261878,4.278141,4.151990,4.167894,4.167894,2569572
2020-06-29,4.167894,4.185322,4.118100,4.135392,4.135392,8343537
2020-06-30,4.135392,4.156609,4.030051,4.050833,4.050833,7364133
2020-07-01,4.050833,4.066334,3.990869,4.006198,4.006198,9317276
2020-07-02,4.006198,4.010956,4.004254,4.009011,4.009011,6724631
2020-07-03,4.009011,4.025751,4.006336,4.023067,4.023067,6199341
2020-07-06,4.023067,4.319528,4.000050,4.294956,4.294956,14707397
2020-07-07,4.294956,4.303108,4.050310,4.058013,4.058013,3070908
2020-07-08,4.058013,4.133549,4.044707,4.120039,4.120039,7957694
2020-07-09,4.120039,4.139955,4.026179,4.045736,4.045736,6032567
2020-07-10,4.045736,4.162310,4.044616,4.161159,4.161159,3591970
2020-07-13,4.161159,4.179637,4.097416,4.115693,4.115693,6807288
2020-07-14,4.115693,4.214191,4.114165,4.212627,4.212627,3496762
2020-07-15,4.212627,4.213512,4.137748,4.138618,4.138618,5173717
2020-07-16,4.138618,4.145119,3.898537,3.904670,3.904670,9856697
2020-07-17,3.904670,4.181267,3.887645,4.163115,4.163115,5114378
2020-07-20,4.163115,4.466164,4.137531,4.438886,4.438886,10362373
2020-07-21,4.438886,4.463851,4.407116,4.432042,4.432042,5380384
2020-07-22,4.432042,4.489520,4.429274,4.486717,4.486717,5748538
2020-07-23,4.486717,4.510775,4.362611,4.386129,4.386129,5374452
2020-07-24,4.386129,4.690714,4.358642,4.661501,4.661501,5491818
2020-07-27,4.661501,4.676828,4.623558,4.638811,4.638811,4480607
2020-07-28,4.638811,4.769225,4.619380,4.749330,4.749330,4372482
2020-07-29,4.749330,4.860254,4.730408,4.840967,4.840967,6768764
2020-07-30,4.840967,4.858440,4.593434,4.610074,4.610074,4440974
2020-07-31,4.610074,4.738976,4.579382,4.707635,4.707635,7772655
2020-08-03,4.707635,4.717933,4.705153,4.715447,4.715447,6775008
2020-08-04,4.715447,4.739069,4.697442,4.721043,4.721043,6870598
2020-08-05,4.721043,4.849755,4.714236,4.842773,4.842773,5166064
2020-08-06,4.842773,4.949643,4.825081,4.931627,4.931627,6564028
2020-08-07,4.931627,5.054537,4.929280,5.052132,5.052132,6221285
2020-08-10,5.052132,5.103426,4.803987,4.853262,4.853262,7389535
2020-08-11,4.853262,4.867490,4.723312,4.737199,4.737199,5055185
2020-08-12,4.737199,4.759823,4.705979,4.728562,4.728562,4110997
2020-08-13,4.728562,4.763380,4.640056,4.674476,4.674476,7015948
2020-08-14,4.674476,4.683609,4.462794,4.471531,4.471531,2594490
2020-08-17,4.471531,4.612842,4.454766,4.595612,4.595612,3300929
2020-08-18,4.595612,4.621420,4.488517,4.513866,4.513866,6396840
2020-08-19,4.513866,4.517865,4.397748,4.401648,4.401648,5004796
2020-08-20,4.401648,4.454092,4.399875,4.452299,4.452299,3747991
2020-08-21,4.452299,4.455880,4.431890,4.435458,4.435458,2589864
2020-08-24,4.435458,4.592845,4.381492,4.537637,4.537637,5672616
2020-08-25,4.537637,4.639421,4.521762,4.623247,4.623247,9193165
2020-08-26,4.623247,4.626683,4.420702,4.423990,4.423990,8632407
2020-08-27,4.423990,4.436739,4.376159,4.388807,4.388807,5494666
2020-08-28,4.388807,4.531335,4.352584,4.494242,4.494242,5022212
2020-08-31,4.494242,4.521440,4.387651,4.414366,4.414366,9932551
2020-09-01,4.414366,4.430758,4.262988,4.278877,4.278877,6724574
2020-09-02,4.278877,4.448763,4.276670,4.446469,4.446469,10479028
2020-09-03,4.446469,4.492858,4.431157,4.477439,4.477439,6163092
2020-09-04,4.477439,4.485704,4.418454,4.426625,4.426625,13172023
2020-09-07,4.426625,4.484813,4.401536,4.459538,4.459538,5237706
2020-09-08,4.459538,4.459961,4.431849,4.432270,4.432270,4403610
2020-09-09,4.432270,4.453748,4.228257,4.248846,4.248846,6161712
2020-09-10,4.248846,4.258864,4.179998,4.189877,4.189877,5700806
2020-09-11,4.189877,4.202004,4.121040,4.133003,4.133003,5792438
2020-09-14,4.133003,4.202508,4.132864,4.202367,4.202367,11106293
2020-09-15,4.202367,4.271510,4.168468,4.237329,4.237329,8252797
2020-09-16,4.237329,4.252404,4.219350,4.234414,4.234414,4418911
2020-09-17,4.234414,4.275509,4.211632,4.252629,4.252629,5059881
2020-09-18,4.252629,4.264789,4.100533,4.112292,4.112292,9219970
2020-09-21,4.112292,4.373155,4.069941,4.328577,4.328577,7005157
2020-09-22,4.328577,4.543581,4.324754,4.539572,4.539572,6149268
2020-09-23,4.539572,4.585478,4.522093,4.567890,4.567890,6325287
2020-09-24,4.567890,4.569281,4.502579,4.503951,4.503951,4073262
2020-09-25,4.503951,4.626969,4.473186,4.595578,4.595578,9569621
2020-09-28,4.595578,4.614118,4.523502,4.541825,4.541825,5253663
2020-09-29,4.541825,4.623694,4.530621,4.612317,4.612317,8509662
2020-09-30,4.612317,4.621469,4.429014,4.437821,4.437821,7422409
2020-10-01,4.437821,4.483142,4.406830,4.452052,4.452052,10679871
2020-10-02,4.452052,4.498116,4.437762,4.483724,4.483724,7790585
2020-10-05,4.483724,4.583713,4.451780,4.551287,4.551287,6279282
2020-10-06,4.551287,4.778583,4.520972,4.746964,4.746964,5587240
2020-10-07,4.746964,4.967278,4.721945,4.941235,4.941235,6570337
2020-10-08,4.941235,5.019595,4.925330,5.003490,5.003490,11729058
2020-10-09,5.003490,5.011672,4.960294,4.968419,4.968419,7478687
2020-10-12,4.968419,4.987795,4.968417,4.987793,4.987793,10106697
2020-10-13,4.987793,5.128405,4.968411,5.108554,5.108554,7052436
2020-10-14,5.108554,5.172406,5.105369,5.169184,5.169184,6673882
2020-10-15,5.169184,5.183426,5.036288,5.050203,5.050203,6496682
2020-10-16,5.050203,5.082497,4.902155,4.933705,4.933705,4559451
2020-10-19,4.933705,4.934639,4.878232,4.879156,4.879156,4262068
2020-10-20,4.879156,5.017551,4.878602,5.016982,5.016982,6775347
2020-10-21,5.016982,5.063028,4.835514,4.880305,4.880305,6644807
2020-10-22,4.880305,5.238201,4.857483,5.213819,5.213819,6058258
2020-10-23,5.213819,5.226677,5.169488,5.182268,5.182268,6049142
2020-10-26,5.182268,5.389662,5.167952,5.374813,5.374813,3788720
2020-10-27,5.374813,5.685746,5.361098,5.671274,5.671274,9642015
2020-10-28,5.671274,5.686612,5.620821,5.636063,5.636063,3116916
2020-10-29,5.636063,5.772140,5.599383,5.734816,5.734816,4969640
2020-10-30,5.734816,5.789905,5.638897,5.693590,5.693590,3638282
2020-11-02,5.693590,5.706513,5.558825,5.571471,5.571471,4314353
2020-11-03,5.571471,5.863077,5.537270,5.827306,5.827306,5245822
2020-11-04,5.827306,5.868139,5.812122,5.852889,5.852889,4313750
2020-11-05,5.852889,5.860825,5.726894,5.734670,5.734670,3910910
2020-11-06,5.734670,5.862727,5.695403,5.822856,5.822856,8267720
2020-11-09,5.822856,5.822955,5.638139,5.638235,5.638235,4494092
2020-11-10,5.638235,5.917378,5.608567,5.886404,5.886404,5066598
2020-11-11,5.886404,5.964972,5.879055,5.957534,5.957534,3275518
2020-11-12,5.957534,5.978553,5.817744,5.838342,5.838342,7466122
2020-11-13,5.838342,5.891876,5.753538,5.806782,5.806782,5174245
2020-11-16,5.806782,6.427301,5.790450,6.409275,6.409275,6995046
2020-11-17,6.409275,6.411745,6.153377,6.155749,6.155749,3186444
2020-11-18,6.155749,6.385167,6.097870,6.325690,6.325690,6549399
2020-11-19,6.325690,6.573906,6.321134,6.569175,6.569175,2238139
2020-11-20,6.569175,6.769058,6.561979,6.761651,6.761651,5660215
2020-11-23,6.761651,6.764772,6.666051,6.669129,6.669129,5407512
2020-11-24,6.669129,6.903285,6.641388,6.874688,6.874688,4667886
2020-11-25,6.874688,6.881341,6.594538,6.600926,6.600926,5679654
2020-11-26,6.600926,6.621110,6.550335,6.570425,6.570425,4820557
2020-11-27,6.570425,6.616996,6.536542,6.583048,6.583048,10359471
2020-11-30,6.583048,6.798090,6.551010,6.765166,6.765166,3994155
2020-12-01,6.765166,7.098938,6.717474,7.049243,7.049243,4318246
2020-12-02,7.049243,7.149185,7.004204,7.103797,7.103797,6436754
2020-12-03,7.103797,7.266294,7.088081,7.250253,7.250253,9400798
2020-12-04,7.250253,7.252967,7.232170,7.234878,7.234878,6921262
2020-12-07,7.234878,7.249694,6.901892,6.916055,6.916055,6596211
2020-12-08,6.916055,6.918883,6.846646,6.849447,6.849447,8469882
2020-12-09,6.849447,6.853681,6.822180,6.826399,6.826399,4207809
2020-12-10,6.826399,6.958947,6.818259,6.950658,6.950658,3845375
2020-12-11,6.950658,6.960219,6.943683,6.953242,6.953242,4889051
2020-12-14,6.953242,7.058253,6.952999,7.058007,7.058007,2858348
2020-12-15,7.058007,7.095114,7.028777,7.065851,7.065851,5301742
2020-12-16,7.065851,7.103407,6.945820,6.982935,6.982935,5164692
2020-12-17,6.982935,7.025583,6.800419,6.842208,6.842208,6822319
2020-12-18,6.842208,6.921617,6.809781,6.888968,6.888968,9431228
2020-12-21,6.888968,7.130179,6.876238,7.117027,7.117027,7384328
2020-12-22,7.117027,7.192811,6.984496,7.059669,7.059669,5761787
2020-12-23,7.059669,7.338550,7.020947,7.298518,7.298518,8413312
2020-12-24,7.298518,7.299190,6.917426,6.918062,6.918062,3049915
2020-12-25,6.918062,6.951840,6.792948,6.826277,6.826277,4532557
2020-12-28,6.826277,6.839910,6.699634,6.713040,6.713040,6849349
2020-12-29,6.713040,6.737691,6.558169,6.582340,6.582340,4414115
2020-12-30,6.582340,6.701943,6.563132,6.682442,6.682442,7378494
2020-12-31,6.682442,6.695892,6.437931,6.450915,6.450915,6003227
2021-01-01,6.450915,6.489005,6.137942,6.174400,6.174400,5569919
2021-01-04,6.174400,6.175447,5.936671,5.937678,5.937678,5845319
2021-01-05,5.937678,6.001105,5.925782,5.989106,5.989106,8185450
2021-01-06,5.989106,6.170076,5.971474,6.151964,6.151964,4037609
2021-01-07,6.151964,6.163485,6.143696,6.155213,6.155213,8366788
2021-01-08,6.155213,6.288651,6.117401,6.250256,6.250256,6189098
2021-01-11,6.250256,6.262033,6.123029,6.134588,6.134588,5130994
2021-01-12,6.134588,6.142789,5.868914,5.876771,5.876771,6500374
2021-01-13,5.876771,6.028452,5.822762,5.973554,5.973554,5820387
2021-01-14,5.973554,6.053853,5.960479,6.040631,6.040631,14863849
2021-01-15,6.040631,6.059806,5.911890,5.930715,5.930715,5685779
2021-01-18,5.930715,5.972127,5.706667,5.746795,5.746795,5812055
2021-01-19,5.746795,5.751074,5.587422,5.591586,5.591586,4506865
2021-01-20,5.591586,5.779341,5.558568,5.745414,5.745414,4763562
2021-01-21,5.745414,5.869521,5.743191,5.867251,5.867251,4663216
2021-01-22,5.867251,5.877752,5.788343,5.798721,5.798721,8380028
2021-01-25,5.798721,5.832921,5.741913,5.775979,5.775979,4807132
2021-01-26,5.775979,5.839442,5.493843,5.554876,5.554876,8884300
2021-01-27,5.554876,5.636963,5.536865,5.618745,5.618745,5700664
2021-01-28,5.618745,5.758123,5.581131,5.719832,5.719832,4090538
2021-01-29,5.719832,5.740863,5.640152,5.660967,5.660967,6877363
2021-02-01,5.660967,5.671047,5.379316,5.388911,5.388911,4446290
2021-02-02,5.388911,5.413403,5.367255,5.391735,5.391735,5463571
2021-02-03,5.391735,5.424115,5.301253,5.333282,5.333282,6473349
2021-02-04,5.333282,5.372997,5.323415,5.363075,5.363075,2501735
2021-02-05,5.363075,5.380357,5.014086,5.030296,5.030296,6334401
2021-02-08,5.030296,5.036461,4.991110,4.997235,4.997235,5522232
2021-02-09,4.997235,5.053598,4.973302,5.029511,5.029511,5710667
2021-02-10,5.029511,5.038256,4.875682,4.884175,4.884175,6856566
2021-02-11,4.884175,4.884987,4.867263,4.868072,4.868072,8704180
2021-02-12,4.868072,4.892903,4.784810,4.809341,4.809341,4503629
2021-02-15,4.809341,4.944186,4.804538,4.939253,4.939253,5200608
2021-02-16,4.939253,4.949464,4.859273,4.869339,4.869339,4767958
2021-02-17,4.869339,4.950477,4.854647,4.935585,4.935585,6523710
2021-02-18,4.935585,4.938166,4.667680,4.670122,4.670122,4156367
2021-02-19,4.670122,4.689296,4.643207,4.662348,4.662348,7204292
2021-02-22,4.662348,4.699871,4.645529,4.682977,4.682977,6396395
2021-02-23,4.682977,4.855938,4.663809,4.836143,4.836143,8802912
2021-02-24,4.836143,4.873811,4.661462,4.698055,4.698055,5874852
2021-02-25,4.698055,4.825225,4.678822,4.805551,4.805551,6513263
2021-02-26,4.805551,4.856867,4.797446,4.848688,4.848688,1301149
2021-03-01,4.848688,4.857526,4.704320,4.712911,4.712911,4412943
2021-03-02,4.712911,4.726752,4.557444,4.570868,4.570868,9258466
2021-03-03,4.570868,4.866198,4.549721,4.843787,4.843787,5117771
2021-03-04,4.843787,5.069424,4.825356,5.050208,5.050208,7778319
2021-03-05,5.050208,5.167950,5.030135,5.147490,5.147490,7773073
2021-03-08,5.147490,5.174948,5.069467,5.096653,5.096653,3714349
2021-03-09,5.096653,5.203919,5.053518,5.160245,5.160245,9128948
2021-03-10,5.160245,5.441273,5.127194,5.406643,5.406643,6165420
2021-03-11,5.406643,5.434142,5.361104,5.388510,5.388510,6405787
2021-03-12,5.388510,5.400555,5.289786,5.301637,5.301637,5198635
2021-03-15,5.301637,5.310503,5.133438,5.142037,5.142037,7082669
2021-03-16,5.142037,5.144787,5.122649,5.125390,5.125390,5045849
2021-03-17,5.125390,5.153928,4.957687,4.985446,4.985446,9239175
2021-03-18,4.985446,5.056494,4.971181,5.042067,5.042067,3862979
2021-03-19,5.042067,5.192937,5.037999,5.188750,5.188750,6917189
2021-03-22,5.188750,5.562597,5.181296,5.554618,5.554618,5750210
2021-03-23,5.554618,5.588867,5.491092,5.525160,5.525160,4445462
2021-03-24,5.525160,5.733807,5.514414,5.722676,5.722676,6557208
2021-03-25,5.722676,5.876396,5.682990,5.835925,5.835925,4060555
2021-03-26,5.835925,5.901714,5.829152,5.894873,5.894873,6411846
2021-03-29,5.894873,5.915180,5.805940,5.826010,5.826010,5571869
2021-03-30,5.826010,5.846601,5.782539,5.803048,5.803048,4824493
2021-03-31,5.803048,5.848857,5.766996,5.812744,5.812744,6309058
2021-04-01,5.812744,6.051982,5.793516,6.032028,6.032028,6798155
2021-04-02,6.032028,6.070319,5.974227,6.012394,6.012394,6324068
2021-04-05,6.012394,6.073682,5.990412,6.051557,6.051557,6364125
2021-04-06,6.051557,6.065833,5.940651,5.954700,5.954700,5073742
2021-04-07,5.954700,5.984327,5.408985,5.436031,5.436031,7304597
2021-04-08,5.436031,5.567631,5.416751,5.547954,5.547954,4998147
2021-04-09,5.547954,5.592814,5.541182,5.585997,5.585997,7113233
2021-04-12,5.585997,5.605063,5.537308,5.556273,5.556273,10665030
2021-04-13,5.556273,5.601010,5.170494,5.212463,5.212463,7171832
2021-04-14,5.212463,5.229931,5.192077,5.209535,5.209535,6084437
2021-04-15,5.209535,5.304462,5.204951,5.299799,5.299799,4815877
2021-04-16,5.299799,5.396859,5.260296,5.356930,5.356930,3315965
2021-04-19,5.356930,5.426494,5.356855,5.426418,5.426418,4941849
2021-04-20,5.426418,5.495721,5.424520,5.493799,5.493799,5434062
2021-04-21,5.493799,5.714085,5.470672,5.690131,5.690131,9584692
2021-04-22,5.690131,5.692688,5.684688,5.687243,5.687243,3064731
2021-04-23,5.687243,6.147344,5.684980,6.144898,6.144898,6137865
2021-04-26,6.144898,6.172266,6.039735,6.066755,6.066755,5814439
2021-04-27,6.066755,6.120079,6.048325,6.101544,6.101544,5194377
2021-04-28,6.101544,6.461300,6.094722,6.454084,6.454084,6635693
2021-04-29,6.454084,6.659181,6.447142,6.652027,6.652027,4417878
2021-04-30,6.652027,6.875859,6.622915,6.845899,6.845899,5382962
2021-05-03,6.845899,6.926614,6.833331,6.913921,6.913921,4958223
2021-05-04,6.913921,7.122292,6.888345,7.096042,7.096042,7420778
2021-05-05,7.096042,7.097534,7.083762,7.085252,7.085252,4861870
2021-05-06,7.085252,7.239372,7.072984,7.226859,7.226859,5888374
2021-05-07,7.226859,7.766400,7.194150,7.731407,7.731407,3599729
2021-05-10,7.731407,7.763073,7.686032,7.717642,7.717642,6729134
2021-05-11,7.717642,7.724397,7.630566,7.637251,7.637251,3637985
2021-05-12,7.637251,7.664488,7.452325,7.478997,7.478997,6366471
2021-05-13,7.478997,7.709372,7.442021,7.671445,7.671445,5121931
2021-05-14,7.671445,7.711525,7.606333,7.646282,7.646282,3766738
2021-05-17,7.646282,7.761285,7.644865,7.759848,7.759848,5831843
2021-05-18,7.759848,7.827416,7.541974,7.608222,7.608222,11672101
2021-05-19,7.608222,7.644341,7.434979,7.470445,7.470445,5657463
2021-05-20,7.470445,7.696329,7.427781,7.652625,7.652625,13824394
2021-05-21,7.652625,7.659263,7.325877,7.332236,7.332236,7246070
2021-05-24,7.332236,7.362546,7.286059,7.316302,7.316302,4376508
2021-05-25,7.316302,7.674909,7.270114,7.626760,7.626760,8297245
2021-05-26,7.626760,7.677273,7.551273,7.601620,7.601620,8244420
2021-05-27,7.601620,7.787960,7.568325,7.753998,7.753998,2682393
2021-05-28,7.753998,7.881406,7.726397,7.853451,7.853451,3797771
2021-05-31,7.853451,7.867403,7.625174,7.638744,7.638744,6253313
2021-06-01,7.638744,7.661266,7.340547,7.362254,7.362254,6697372
2021-06-02,7.362254,7.369570,7.316153,7.323431,7.323431,4775402
2021-06-03,7.323431,7.365771,7.267260,7.309519,7.309519,17817529
2021-06-04,7.309519,7.423163,7.282623,7.395949,7.395949,5264845
2021-06-07,7.395949,7.759484,7.394734,7.758209,7.758209,6842008
2021-06-08,7.758209,8.223213,7.730286,8.193722,8.193722,7699000
2021-06-09,8.193722,8.202632,7.739055,7.747480,7.747480,11799103
2021-06-10,7.747480,7.771457,7.382822,7.405741,7.405741,3022784
2021-06-11,7.405741,7.409857,7.141121,7.145092,7.145092,6995349
2021-06-14,7.145092,7.194738,7.117628,7.167190,7.167190,7648355
2021-06-15,7.167190,7.275823,7.163631,7.272212,7.272212,6008447
2021-06-16,7.272212,7.437636,7.268826,7.434175,7.434175,10895846
2021-06-17,7.434175,7.516334,7.417445,7.499457,7.499457,7179131
2021-06-18,7.499457,8.031532,7.453243,7.982342,7.982342,5935522
2021-06-21,7.982342,8.018646,7.879216,7.915216,7.915216,3752838
2021-06-22,7.915216,8.179449,7.892267,8.155803,8.155803,8130069
2021-06-23,8.155803,8.156769,7.954887,7.955829,7.955829,4710791
2021-06-24,7.955829,8.206178,7.869470,8.118059,8.118059,6958306
2021-06-25,8.118059,8.120616,8.077525,8.080071,8.080071,3634299
2021-06-28,8.080071,8.227622,8.041730,8.188766,8.188766,5868395
2021-06-29,8.188766,8.196010,8.123098,8.130291,8.130291,8273664
2021-06-30,8.130291,8.136617,8.052107,8.058377,8.058377,3894518
2021-07-01,8.058377,8.094345,8.026336,8.062289,8.062289,4814336
2021-07-02,8.062289,8.080013,7.809093,7.826298,7.826298,6070481
2021-07-05,7.826298,7.852574,7.502144,7.527417,7.527417,5022560
2021-07-06,7.527417,7.575060,7.508026,7.555596,7.555596,9262473
2021-07-07,7.555596,7.637430,7.546393,7.628139,7.628139,6679700
2021-07-08,7.628139,7.631544,7.610955,7.614354,7.614354,3240482
2021-07-09,7.614354,7.624587,7.167539,7.177184,7.177184,3429077
2021-07-12,7.177184,7.450421,7.138030,7.409997,7.409997,3211925
2021-07-13,7.409997,7.493339,7.405927,7.489225,7.489225,6254082
2021-07-14,7.489225,7.499296,7.411263,7.421243,7.421243,7321368
2021-07-15,7.421243,7.478447,7.419288,7.476477,7.476477,7558892
2021-07-16,7.476477,7.484413,7.162093,7.169703,7.169703,4725321
2021-07-19,7.169703,7.191326,7.121143,7.142685,7.142685,6246753
2021-07-20,7.142685,7.370829,7.141883,7.370001,7.370001,6437437
2021-07-21,7.370001,7.420078,7.224781,7.274207,7.274207,6299708
2021-07-22,7.274207,7.304457,6.999162,7.028390,7.028390,8478045
2021-07-23,7.028390,7.398593,7.017644,7.387298,7.387298,5576211
2021-07-26,7.387298,7.412639,7.202261,7.227053,7.227053,6847218
2021-07-27,7.227053,7.591297,7.173280,7.535231,7.535231,8777618
2021-07-28,7.535231,7.647821,7.507087,7.619362,7.619362,8578149
2021-07-29,7.619362,7.620097,7.494545,7.495268,7.495268,4743412
2021-07-30,7.495268,7.540044,7.302907,7.346797,7.346797,10149159
2021-08-02,7.346797,7.363813,7.335850,7.352857,7.352857,8739561
2021-08-03,7.352857,7.600483,7.339468,7.586669,7.586669,7203139
2021-08-04,7.586669,7.600201,7.440153,7.453447,7.453447,6245333
2021-08-05,7.453447,7.802337,7.440033,7.788320,7.788320,4993688
2021-08-06,7.788320,7.833707,7.647647,7.692475,7.692475,7625759
2021-08-09,7.692475,7.734809,7.675590,7.717868,7.717868,4493936
2021-08-10,7.717868,7.804900,7.716413,7.803429,7.803429,6106026
2021-08-11,7.803429,7.856421,7.789116,7.842038,7.842038,6037803
2021-08-12,7.842038,8.033183,7.807201,7.997655,7.997655,4715726
2021-08-13,7.997655,8.015579,7.986336,8.004251,8.004251,4098345
2021-08-16,8.004251,8.008878,7.778638,7.783137,7.783137,7358051
2021-08-17,7.783137,7.810460,7.676487,7.703530,7.703530,4651137
2021-08-18,7.703530,7.797210,7.646778,7.740188,7.740188,8177297
2021-08-19,7.740188,7.932318,7.738799,7.930895,7.930895,5995869
2021-08-20,7.930895,7.945193,7.866927,7.881136,7.881136,4829851
2021-08-23,7.881136,7.902853,7.732845,7.754212,7.754212,6664874
2021-08-24,7.754212,7.827802,7.572914,7.645471,7.645471,5440638
2021-08-25,7.645471,7.718746,7.632675,7.705849,7.705849,8294898
2021-08-26,7.705849,7.729580,7.428689,7.451637,7.451637,5059962
2021-08-27,7.451637,7.470670,7.432338,7.451370,7.451370,5882324
2021-08-30,7.451370,7.841503,7.437353,7.826779,7.826779,5340335
2021-08-31,7.826779,8.011269,7.773556,7.957159,7.957159,3753837
2021-09-01,7.957159,8.130502,7.930812,8.103670,8.103670,4900124
2021-09-02,8.103670,8.117700,8.073202,8.087204,8.087204,5628908
2021-09-03,8.087204,8.106117,7.956045,7.974696,7.974696,8372823
2021-09-06,7.974696,8.137222,7.909008,8.070743,8.070743,4382768
2021-09-07,8.070743,8.095801,7.879310,7.903850,7.903850,9687420
2021-09-08,7.903850,7.941758,7.523375,7.559632,7.559632,5945130
2021-09-09,7.559632,7.597582,7.543124,7.581027,7.581027,6181542
2021-09-10,7.581027,7.740749,7.580458,7.740167,7.740167,5965609
2021-09-13,7.740167,7.957551,7.732751,7.949933,7.949933,3738400
2021-09-14,7.949933,8.089276,7.886563,8.025305,8.025305,13494031
2021-09-15,8.025305,8.027527,7.812966,7.815130,7.815130,9307681
2021-09-16,7.815130,7.821542,7.640228,7.646501,7.646501,4820443
2021-09-17,7.646501,7.658233,6.774144,6.784553,6.784553,4894788
2021-09-20,6.784553,6.895029,6.751835,6.861938,6.861938,6286443
2021-09-21,6.861938,6.988843,6.845226,6.971863,6.971863,7677171
2021-09-22,6.971863,7.059562,6.920334,7.007768,7.007768,5497698
2021-09-23,7.007768,7.151136,6.976159,7.119026,7.119026,8837423
2021-09-24,7.119026,7.132407,6.927123,6.940169,6.940169,3294701
2021-09-27,6.940169,6.972827,6.890689,6.923268,6.923268,3509081
2021-09-28,6.923268,6.959881,6.795976,6.832107,6.832107,7810182
2021-09-29,6.832107,6.859200,6.654541,6.681036,6.681036,8494729
2021-09-30,6.681036,6.689149,6.398009,6.405788,6.405788,5591628
2021-10-01,6.405788,6.439850,6.320832,6.354622,6.354622,5437254
2021-10-04,6.354622,6.365691,6.269521,6.280461,6.280461,5415094
2021-10-05,6.280461,6.675284,6.254410,6.647709,6.647709,9249774
2021-10-06,6.647709,6.696575,6.507269,6.555457,6.555457,5313989
2021-10-07,6.555457,6.670109,6.493077,6.607236,6.607236,6686586
2021-10-08,6.607236,6.609040,6.594102,6.595903,6.595903,5653323
2021-10-11,6.595903,6.635847,6.584122,6.624016,6.624016,6347208
2021-10-12,6.624016,6.892860,6.596229,6.864066,6.864066,10026171
2021-10-13,6.864066,7.213445,6.847762,7.196352,7.196352,7105264
2021-10-14,7.196352,7.204484,6.901396,6.909204,6.909204,5685110
2021-10-15,6.909204,6.923674,6.695297,6.709348,6.709348,4454579
2021-10-18,6.709348,6.784426,6.707295,6.782351,6.782351,4326835
2021-10-19,6.782351,6.836966,6.682278,6.736525,6.736525,4769516
2021-10-20,6.736525,6.750452,6.654573,6.668359,6.668359,10278673
2021-10-21,6.668359,6.679764,6.585023,6.596305,6.596305,6368093
2021-10-22,6.596305,6.624987,6.513938,6.542386,6.542386,17332469
2021-10-25,6.542386,6.860645,6.526293,6.843811,6.843811,4657178
2021-10-26,6.843811,7.018595,6.825031,6.999388,6.999388,11323715
2021-10-27,6.999388,7.239321,6.990553,7.230195,7.230195,6136373
2021-10-28,7.230195,7.515012,7.188613,7.472039,7.472039,3989324
2021-10-29,7.472039,7.483472,7.463596,7.475025,7.475025,11402178
2021-11-01,7.475025,7.502718,7.277762,7.304824,7.304824,5591433
2021-11-02,7.304824,7.328126,7.216321,7.239415,7.239415,4666690
2021-11-03,7.239415,7.271695,7.220825,7.253071,7.253071,4667224
2021-11-04,7.253071,7.554813,7.203217,7.503241,7.503241,4792320
2021-11-05,7.503241,7.517688,7.235188,7.249146,7.249146,4124110
2021-11-08,7.249146,7.275685,7.162977,7.189298,7.189298,6813013
2021-11-09,7.189298,7.264031,7.130571,7.205174,7.205174,5277552
2021-11-10,7.205174,7.359004,7.184309,7.337755,7.337755,5131847
2021-11-11,7.337755,7.339031,7.212021,7.213275,7.213275,7635405
2021-11-12,7.213275,7.308048,7.058416,7.152388,7.152388,5245124
2021-11-15,7.152388,7.278200,7.128269,7.253739,7.253739,15713576
2021-11-16,7.253739,7.424110,7.204690,7.374247,7.374247,8495819
2021-11-17,7.374247,7.638707,7.326916,7.589991,7.589991,5261976
2021-11-18,7.589991,7.766804,7.570991,7.747410,7.747410,4722046
2021-11-19,7.747410,7.749310,7.559646,7.561501,7.561501,6336744
2021-11-22,7.561501,7.613431,7.300748,7.351235,7.351235,5688086
2021-11-23,7.351235,7.470766,7.324045,7.443235,7.443235,5129373
2021-11-24,7.443235,7.446053,7.013377,7.016032,7.016032,7136368
2021-11-25,7.016032,7.101365,7.009019,7.094274,7.094274,5426939
2021-11-26,7.094274,7.141117,6.737920,6.782705,6.782705,5278722
2021-11-29,6.782705,6.787659,6.665317,6.670189,6.670189,5491504
2021-11-30,6.670189,6.673264,6.598259,6.601302,6.601302,7624248
2021-12-01,6.601302,6.751815,6.577994,6.728059,6.728059,6034373
2021-12-02,6.728059,6.837945,6.722256,6.832053,6.832053,4009876
2021-12-03,6.832053,7.042948,6.778282,6.987951,6.987951,8253691
2021-12-06,6.987951,7.280214,6.968849,7.260368,7.260368,5686012
2021-12-07,7.260368,7.614311,7.236615,7.589481,7.589481,5858630
2021-12-08,7.589481,7.600975,7.349841,7.360990,7.360990,7427445
2021-12-09,7.360990,7.399318,7.102506,7.139682,7.139682,4874656
2021-12-10,7.139682,7.188894,7.060299,7.109302,7.109302,10205826
2021-12-13,7.109302,7.127900,7.026853,7.045284,7.045284,6247135
2021-12-14,7.045284,7.045588,6.861281,6.861577,6.861577,6021481
2021-12-15,6.861577,6.883601,6.815906,6.837854,6.837854,4800524
2021-12-16,6.837854,6.843449,6.741001,6.746522,6.746522,4914090
2021-12-17,6.746522,7.018267,6.743347,7.014966,7.014966,9466062
2021-12-20,7.014966,7.407902,7.010953,7.403667,7.403667,6184233
2021-12-21,7.403667,7.462318,7.357650,7.416223,7.416223,3310554
2021-12-22,7.416223,7.488838,7.394240,7.466705,7.466705,7108368
2021-12-23,7.466705,8.102069,7.398727,8.028972,8.028972,12208322
2021-12-24,8.028972,8.054914,7.791453,7.816708,7.816708,3174705
2021-12-27,7.816708,8.267898,7.789854,8.239591,8.239591,3802579
2021-12-28,8.239591,8.306937,8.214677,8.281895,8.281895,2810781
2021-12-29,8.281895,8.501698,8.275997,8.495647,8.495647,5426065
2021-12-30,8.495647,8.533440,8.470546,8.508302,8.508302,5054825
2021-12-31,8.508302,8.514270,8.197976,8.203730,8.203730,7282905
2022-01-03,8.203730,8.209034,8.150687,8.155960,8.155960,5577098
2022-01-04,8.155960,8.468786,8.132065,8.444046,8.444046,6013979
2022-01-05,8.444046,8.730763,8.401950,8.687453,8.687453,4043067
2022-01-06,8.687453,9.539849,8.672287,9.523224,9.523224,2520024
2022-01-07,9.523224,9.544689,9.155261,9.175943,9.175943,8009289
2022-01-10,9.175943,9.397242,9.168816,9.389949,9.389949,4443488
2022-01-11,9.389949,9.427358,8.780010,8.815129,8.815129,5349811
2022-01-12,8.815129,8.836553,8.778540,8.799928,8.799928,6121480
2022-01-13,8.799928,8.843637,8.716829,8.760341,8.760341,9412652
2022-01-14,8.760341,9.031405,8.751514,9.022314,9.022314,10878990
2022-01-17,9.022314,9.030327,8.654528,8.662221,8.662221,5914189
2022-01-18,8.662221,8.679730,8.633274,8.650759,8.650759,4282394
2022-01-19,8.650759,8.678618,7.398542,7.422446,7.422446,4637429
2022-01-20,7.422446,7.735769,7.406390,7.719072,7.719072,4438166
2022-01-21,7.719072,8.410744,7.710633,8.401560,8.401560,5072235
2022-01-24,8.401560,8.854150,8.292269,8.740450,8.740450,5808572
2022-01-25,8.740450,8.763483,8.202683,8.224356,8.224356,11525415
2022-01-26,8.224356,8.335215,8.223303,8.334148,8.334148,4625974
2022-01-27,8.334148,8.349287,8.088361,8.103080,8.103080,4073580
2022-01-28,8.103080,8.107729,7.766771,7.771230,7.771230,3993985
2022-01-31,7.771230,7.800097,7.764358,7.793207,7.793207,5458681
2022-02-01,7.793207,7.821643,7.786763,7.815181,7.815181,2674364
2022-02-02,7.815181,8.267933,7.795626,8.247297,8.247297,8755672
2022-02-03,8.247297,8.317833,8.235344,8.305796,8.305796,11275902
2022-02-04,8.305796,8.589157,8.290194,8.573054,8.573054,12865250
2022-02-07,8.573054,8.614250,8.187379,8.226912,8.226912,3827527
2022-02-08,8.226912,8.811544,8.207115,8.790391,8.790391,8710457
2022-02-09,8.790391,8.800690,8.243973,8.253643,8.253643,5179930
2022-02-10,8.253643,8.779061,8.245046,8.769927,8.769927,8468272
2022-02-11,8.769927,9.203044,8.750906,9.183128,9.183128,4602965
2022-02-14,9.183128,9.206849,8.983456,9.006722,9.006722,4579090
2022-02-15,9.006722,9.463371,8.907449,9.360202,9.360202,10897886
2022-02-16,9.360202,9.601164,9.336606,9.577020,9.577020,6540452
2022-02-17,9.577020,9.964735,9.564735,9.951968,9.951968,7901227
2022-02-18,9.951968,10.282537,9.903377,10.232576,10.232576,6273326
2022-02-21,10.232576,10.232798,10.232345,10.232567,10.232567,6448365
2022-02-22,10.232567,10.555006,10.212788,10.534643,10.534643,3688961
2022-02-23,10.534643,11.069503,10.505135,11.038584,11.038584,8475833
2022-02-24,11.038584,11.161215,11.011755,11.134154,11.134154,5699581
2022-02-25,11.134154,11.158530,11.025143,11.049332,11.049332,5486714
2022-02-28,11.049332,11.396938,11.045424,11.392908,11.392908,3440922
2022-03-01,11.392908,12.084645,11.392295,12.083995,12.083995,8000731
2022-03-02,12.083995,12.399539,12.029188,12.343555,12.343555,4794169
2022-03-03,12.343555,12.404457,11.934933,11.994111,11.994111,4389293
2022-03-04,11.994111,12.060853,11.685953,11.751344,11.751344,7207822
2022-03-07,11.751344,11.884369,11.750921,11.883941,11.883941,5580281
2022-03-08,11.883941,11.898213,11.457081,11.470857,11.470857,4520648
2022-03-09,11.470857,12.094160,11.456416,12.078954,12.078954,4663049
2022-03-10,12.078954,12.241102,11.945070,12.106909,12.106909,4992286
2022-03-11,12.106909,13.944225,12.105728,13.942866,13.942866,8410834
2022-03-14,13.942866,14.033333,13.878337,13.968685,13.968685,5917686
2022-03-15,13.968685,14.387289,13.919326,14.336630,14.336630,6721457
2022-03-16,14.336630,14.387613,14.321082,14.372027,14.372027,5066667
2022-03-17,14.372027,14.391187,14.293454,14.312534,14.312534,9545783
2022-03-18,14.312534,14.443483,14.274012,14.404713,14.404713,4692279
2022-03-21,14.404713,14.499931,13.225183,13.313186,13.313186,5522386
2022-03-22,13.313186,14.416899,13.265578,14.365528,14.365528,3348020
2022-03-23,14.365528,14.558875,14.293234,14.485975,14.485975,5335540
2022-03-24,14.485975,14.544911,14.366667,14.425356,14.425356,5688468
2022-03-25,14.425356,14.441873,14.213241,14.229533,14.229533,7174347
2022-03-28,14.229533,14.508475,14.129561,14.407254,14.407254,10091959
2022-03-29,14.407254,14.958438,14.374796,14.924814,14.924814,14814477
2022-03-30,14.924814,15.244372,14.909866,15.229120,15.229120,6351846
2022-03-31,15.229120,15.338714,13.457771,13.555320,13.555320,11345333
2022-04-01,13.555320,13.741656,13.416670,13.602523,13.602523,5259947
2022-04-04,13.602523,13.761800,13.559196,13.718105,13.718105,10445400
2022-04-05,13.718105,13.754224,13.341658,13.376878,13.376878,7206235
2022-04-06,13.376878,13.400010,12.080587,12.101513,12.101513,6467696
2022-04-07,12.101513,12.269945,12.014629,12.182480,12.182480,6021362
2022-04-08,12.182480,12.217741,11.481938,11.515268,11.515268,9185439
2022-04-11,11.515268,11.584277,11.470295,11.539210,11.539210,3634409
2022-04-12,11.539210,11.829688,11.463009,11.752082,11.752082,8654953
2022-04-13,11.752082,11.899035,11.742475,11.889317,11.889317,3181105
2022-04-14,11.889317,11.891400,11.404400,11.406398,11.406398,6606641
2022-04-15,11.406398,11.449574,11.161591,11.204000,11.204000,8077545
2022-04-18,11.204000,11.244909,10.142317,10.179486,10.179486,5193305
2022-04-19,10.179486,10.193637,9.991733,10.005643,10.005643,9449588
2022-04-20,10.005643,10.079908,9.307506,9.377106,9.377106,7069679
2022-04-21,9.377106,10.011427,9.288638,9.917857,9.917857,6493099
2022-04-22,9.917857,10.267422,9.866401,10.214428,10.214428,3692464
2022-04-25,10.214428,10.252253,9.695311,9.731347,9.731347,4620472
2022-04-26,9.731347,9.880567,9.704703,9.853589,9.853589,5355209
2022-04-27,9.853589,9.902839,9.317278,9.364082,9.364082,9705660
2022-04-28,9.364082,9.430795,8.573022,8.634537,8.634537,6650603
2022-04-29,8.634537,8.963982,8.573041,8.900591,8.900591,5916575
2022-05-02,8.900591,8.935315,8.642999,8.676851,8.676851,7571729
2022-05-03,8.676851,8.699925,8.534896,8.557653,8.557653,5552467
2022-05-04,8.557653,8.792943,8.528933,8.763532,8.763532,6428067
2022-05-05,8.763532,8.777811,7.778251,7.790946,7.790946,5006313
2022-05-06,7.790946,8.020162,7.763767,7.992280,7.992280,4499748
2022-05-09,7.992280,8.027874,7.922672,7.958114,7.958114,3513139
2022-05-10,7.958114,7.978659,7.773562,7.793682,7.793682,6263826
2022-05-11,7.793682,7.809813,7.548965,7.564621,7.564621,6643955
2022-05-12,7.564621,7.992135,7.542818,7.969166,7.969166,5615201
2022-05-13,7.969166,7.993965,7.853177,7.877691,7.877691,4351657
2022-05-16,7.877691,8.268441,7.856842,8.246616,8.246616,3240773
2022-05-17,8.246616,8.283766,7.793390,7.828657,7.828657,11453304
2022-05-18,7.828657,7.861357,7.806533,7.839203,7.839203,3862063
2022-05-19,7.839203,7.867257,6.957928,6.982918,6.982918,4203120
2022-05-20,6.982918,7.731255,6.957681,7.703414,7.703414,3629913
2022-05-23,7.703414,7.895440,7.700240,7.892188,7.892188,4639314
2022-05-24,7.892188,7.925377,7.809856,7.842838,7.842838,2378462
2022-05-25,7.842838,7.860567,7.510720,7.527736,7.527736,4995927
2022-05-26,7.527736,7.544344,7.435353,7.451793,7.451793,4371484
2022-05-27,7.451793,7.491699,7.416036,7.455922,7.455922,4039476
2022-05-30,7.455922,8.067252,7.437723,8.047608,8.047608,6085036
2022-05-31,8.047608,8.051848,8.022631,8.026860,8.026860,9743881
2022-06-01,8.026860,8.483873,8.025254,8.482176,8.482176,3874147
2022-06-02,8.482176,8.511601,8.400667,8.429910,8.429910,1908951
2022-06-03,8.429910,8.456743,8.373783,8.400522,8.400522,6638287
2022-06-06,8.400522,8.430044,8.000061,8.028275,8.028275,4903331
2022-06-07,8.028275,8.030055,7.820469,7.822203,7.822203,7454632
2022-06-08,7.822203,8.023807,7.764728,7.965281,7.965281,5555984
2022-06-09,7.965281,8.140306,7.890477,8.064570,8.064570,6123428
2022-06-10,8.064570,8.118159,7.763746,7.815681,7.815681,8126805
2022-06-13,7.815681,7.970455,7.775831,7.930022,7.930022,4332727
2022-06-14,7.930022,7.960232,7.478212,7.506810,7.506810,8325701
2022-06-15,7.506810,7.532483,7.426050,7.451533,7.451533,9298172
2022-06-16,7.451533,7.853274,7.444726,7.846107,7.846107,2587761
2022-06-17,7.846107,7.877114,7.794007,7.824931,7.824931,5941493
2022-06-20,7.824931,8.143647,7.798161,8.115882,8.115882,7563546
2022-06-21,8.115882,8.178321,7.688731,7.748342,7.748342,3499894
2022-06-22,7.748342,7.761591,7.441452,7.454198,7.454198,7676999
2022-06-23,7.454198,7.456877,7.060009,7.062547,7.062547,4288366
2022-06-24,7.062547,7.107831,6.814726,6.858703,6.858703,7445106
2022-06-27,6.858703,7.072690,6.850927,7.064681,7.064681,5116637
2022-06-28,7.064681,7.224798,7.064342,7.224452,7.224452,5302578
2022-06-29,7.224452,7.321890,7.221614,7.319015,7.319015,7643752
2022-06-30,7.319015,7.371900,7.306934,7.359752,7.359752,5302285
2022-07-01,7.359752,7.381676,7.192069,7.213557,7.213557,6512734
2022-07-04,7.213557,7.430449,7.197750,7.414202,7.414202,6845131
2022-07-05,7.414202,7.443789,7.294265,7.323490,7.323490,9304392
2022-07-06,7.323490,7.346413,7.323210,7.346132,7.346132,4886058
2022-07-07,7.346132,7.362748,6.674183,6.689313,6.689313,5791728
2022-07-08,6.689313,6.719699,6.444360,6.473766,6.473766,2976770
2022-07-11,6.473766,6.524385,5.977800,6.024909,6.024909,5499141
2022-07-12,6.024909,6.090093,5.989751,6.054761,6.054761,9465658
2022-07-13,6.054761,6.307010,6.034783,6.286268,6.286268,10253653
2022-07-14,6.286268,6.318164,6.003630,6.034248,6.034248,4960598
2022-07-15,6.034248,6.313624,6.006369,6.284588,6.284588,4794511
2022-07-18,6.284588,6.382560,6.266260,6.364001,6.364001,8399637
2022-07-19,6.364001,6.437554,6.348271,6.421681,6.421681,6805079
2022-07-20,6.421681,6.434868,6.070760,6.083251,6.083251,8094296
2022-07-21,6.083251,6.332179,6.081331,6.330182,6.330182,6989772
2022-07-22,6.330182,6.333904,6.143375,6.146989,6.146989,3925925
2022-07-25,6.146989,6.266263,6.123181,6.242087,6.242087,4701900
2022-07-26,6.242087,6.249354,6.175486,6.182684,6.182684,5679696
2022-07-27,6.182684,6.233805,6.140512,6.191573,6.191573,4713939
2022-07-28,6.191573,6.246735,6.147388,6.202472,6.202472,9199584
2022-07-29,6.202472,6.227863,6.118462,6.143612,6.143612,4167235
2022-08-01,6.143612,6.798653,6.114862,6.766985,6.766985,7825954
2022-08-02,6.766985,6.849212,6.727256,6.809235,6.809235,3303437
2022-08-03,6.809235,6.824038,6.808889,6.823691,6.823691,5069783
2022-08-04,6.823691,6.848924,6.646883,6.671554,6.671554,6782428
2022-08-05,6.671554,6.674723,6.633891,6.637043,6.637043,4969160
2022-08-08,6.637043,6.654844,6.467966,6.485360,6.485360,4704450
2022-08-09,6.485360,6.497606,6.306720,6.318651,6.318651,8636437
2022-08-10,6.318651,6.612348,6.308028,6.601250,6.601250,7058165
2022-08-11,6.601250,6.983314,6.580665,6.961606,6.961606,4342463
2022-08-12,6.961606,7.042463,6.706629,6.785441,6.785441,5268125
2022-08-15,6.785441,6.905770,6.732800,6.852608,6.852608,4203074
2022-08-16,6.852608,6.962861,6.819117,6.928996,6.928996,3571132
2022-08-17,6.928996,6.933641,6.569241,6.573648,6.573648,7035634
2022-08-18,6.573648,6.594802,6.511024,6.532044,6.532044,5445666
2022-08-19,6.532044,6.542565,6.437934,6.448320,6.448320,8049128
2022-08-22,6.448320,6.457485,6.372442,6.381512,6.381512,6304883
2022-08-23,6.381512,6.564835,6.377467,6.560676,6.560676,10703133
2022-08-24,6.560676,6.864542,6.522001,6.824313,6.824313,7711303
2022-08-25,6.824313,7.036275,6.798429,7.009687,7.009687,11249646
2022-08-26,7.009687,7.106334,6.606955,6.699323,6.699323,4138138
2022-08-29,6.699323,6.766996,6.348869,6.413657,6.413657,5470293
2022-08-30,6.413657,6.418226,6.249720,6.254176,6.254176,8634693
2022-08-31,6.254176,6.268755,6.132758,6.147088,6.147088,6663950
2022-09-01,6.147088,6.157597,6.119495,6.129975,6.129975,4246902
2022-09-02,6.129975,6.324923,6.129297,6.324223,6.324223,9213908
2022-09-05,6.324223,6.349175,6.164502,6.188921,6.188921,9246962
2022-09-06,6.188921,6.921639,6.168814,6.899224,6.899224,6192794
2022-09-07,6.899224,6.931262,6.640562,6.671543,6.671543,7321292
2022-09-08,6.671543,6.692102,6.441340,6.461252,6.461252,4681376
2022-09-09,6.461252,6.882568,6.426488,6.845736,6.845736,6722489
2022-09-12,6.845736,7.145726,6.826705,7.125916,7.125916,4075932
2022-09-13,7.125916,7.131092,6.974360,6.979430,6.979430,4591095
2022-09-14,6.979430,7.058066,6.933096,7.011519,7.011519,4890327
2022-09-15,7.011519,7.071127,6.999629,7.059156,7.059156,5260437
2022-09-16,7.059156,7.106773,7.055755,7.103351,7.103351,6643173
2022-09-19,7.103351,7.152282,6.766006,6.812936,6.812936,6692938
2022-09-20,6.812936,6.836429,6.803804,6.827278,6.827278,8433412
2022-09-21,6.827278,6.909904,6.771259,6.853669,6.853669,7151042
2022-09-22,6.853669,6.895428,6.520005,6.559975,6.559975,6516218
2022-09-23,6.559975,6.560273,6.519593,6.519889,6.519889,5981455
2022-09-26,6.519889,6.539796,6.394173,6.413756,6.413756,6294364
2022-09-27,6.413756,6.841397,6.411352,6.838833,6.838833,6400021
2022-09-28,6.838833,6.855971,6.815556,6.832678,6.832678,4237776
2022-09-29,6.832678,6.837401,6.687337,6.691962,6.691962,6289713
2022-09-30,6.691962,6.701129,6.467099,6.475970,6.475970,11136613
2022-10-03,6.475970,6.719869,6.450805,6.693857,6.693857,11111482
2022-10-04,6.693857,7.483388,6.681443,7.469535,7.469535,6085360
2022-10-05,7.469535,7.764722,7.432315,7.726222,7.726222,4941154
2022-10-06,7.726222,7.766390,7.483160,7.522268,7.522268,4062705
2022-10-07,7.522268,7.569127,7.200509,7.245644,7.245644,6425778
2022-10-10,7.245644,7.607603,7.235670,7.597145,7.597145,7626767
2022-10-11,7.597145,7.613751,7.292468,7.308443,7.308443,4305717
2022-10-12,7.308443,7.312720,7.270756,7.275013,7.275013,4191390
2022-10-13,7.275013,7.297796,7.173896,7.196433,7.196433,11041067
2022-10-14,7.196433,7.531368,7.183748,7.518115,7.518115,9195741
2022-10-17,7.518115,7.537929,7.239176,7.258306,7.258306,7717167
2022-10-18,7.258306,7.422999,7.246433,7.410877,7.410877,7212739
2022-10-19,7.410877,7.884901,7.388103,7.860745,7.860745,5297592
2022-10-20,7.860745,8.111589,7.786628,8.035822,8.035822,4475707
2022-10-21,8.035822,8.236478,7.995229,8.195081,8.195081,6305722
2022-10-24,8.195081,8.208666,7.905675,7.918803,7.918803,7696214
2022-10-25,7.918803,7.976215,7.918584,7.975994,7.975994,3897908
2022-10-26,7.975994,8.059366,7.973579,8.056926,8.056926,5824191
2022-10-27,8.056926,8.773304,7.998737,8.710396,8.710396,3699815
2022-10-28,8.710396,8.761284,8.699046,8.749882,8.749882,5323934
2022-10-31,8.749882,8.775827,8.475335,8.500540,8.500540,7656337
2022-11-01,8.500540,8.752101,8.449153,8.699510,8.699510,5589394
2022-11-02,8.699510,8.776711,8.671142,8.748184,8.748184,6132816
2022-11-03,8.748184,8.777219,8.494673,8.522960,8.522960,4420150
2022-11-04,8.522960,8.537297,8.073880,8.087484,8.087484,3387571
2022-11-07,8.087484,8.112990,7.954752,7.979918,7.979918,5252911
2022-11-08,7.979918,8.280345,7.954951,8.254519,8.254519,6061144
2022-11-09,8.254519,8.283534,8.117105,8.145739,8.145739,4699157
2022-11-10,8.145739,8.268436,8.139124,8.261727,8.261727,5630628
2022-11-11,8.261727,8.391851,8.244846,8.374739,8.374739,4149271
2022-11-14,8.374739,8.722337,8.361149,8.708207,8.708207,4541009
2022-11-15,8.708207,8.750120,8.402972,8.443612,8.443612,3926685
2022-11-16,8.443612,8.514620,8.232455,8.302274,8.302274,5993893
2022-11-17,8.302274,8.328193,8.171429,8.197020,8.197020,15569025
2022-11-18,8.197020,8.421693,8.194940,8.419558,8.419558,2743205
2022-11-21,8.419558,8.618014,8.376434,8.574099,8.574099,6092527
2022-11-22,8.574099,8.592848,8.184998,8.202935,8.202935,4000065
2022-11-23,8.202935,8.224222,8.139755,8.160933,8.160933,6067990
2022-11-24,8.160933,8.196147,8.090985,8.126048,8.126048,4761567
2022-11-25,8.126048,8.130164,8.024836,8.028902,8.028902,3405335
2022-11-28,8.028902,8.146621,8.008584,8.126057,8.126057,3237556
2022-11-29,8.126057,8.454390,8.093221,8.420365,8.420365,6545589
2022-11-30,8.420365,8.705782,8.415841,8.701107,8.701107,7333472
2022-12-01,8.701107,8.714552,8.698976,8.712418,8.712418,5820667
2022-12-02,8.712418,8.712872,8.499659,8.500102,8.500102,3706104
2022-12-05,8.500102,8.597981,8.482471,8.580184,8.580184,3200966
2022-12-06,8.580184,8.977393,8.569722,8.966460,8.966460,10998222
2022-12-07,8.966460,8.975340,8.751981,8.760658,8.760658,6788646
2022-12-08,8.760658,9.056051,8.705598,8.999490,8.999490,7079984
2022-12-09,8.999490,9.169484,8.982035,9.151734,9.151734,6893232
2022-12-12,9.151734,9.155959,8.688607,8.692620,8.692620,11835981
2022-12-13,8.692620,9.253817,8.625977,9.183411,9.183411,4340036
2022-12-14,9.183411,9.505850,9.130654,9.451553,9.451553,10413540
2022-12-15,9.451553,9.459018,9.293810,9.301156,9.301156,6493837
2022-12-16,9.301156,9.591987,9.250346,9.539874,9.539874,6590004
2022-12-19,9.539874,9.568975,9.430093,9.458948,9.458948,9879164
2022-12-20,9.458948,9.483874,9.214311,9.238657,9.238657,6283846
2022-12-21,9.238657,9.240973,8.999954,9.002211,9.002211,4636970
2022-12-22,9.002211,9.204053,8.997166,9.198898,9.198898,9235903
2022-12-23,9.198898,9.470366,9.173049,9.443829,9.443829,7609119
2022-12-26,9.443829,9.574600,9.396990,9.527346,9.527346,6198988
2022-12-27,9.527346,9.616801,9.505343,9.594642,9.594642,7926915
2022-12-28,9.594642,9.636546,9.276616,9.317309,9.317309,8168221
2022-12-29,9.317309,9.366198,9.184347,9.232793,9.232793,4809131
2022-12-30,9.232793,9.264329,8.982458,9.013244,9.013244,6002279
2023-01-02,9.013244,9.165235,9.004079,9.155925,9.155925,5246081
2023-01-03,9.155925,9.218192,8.970944,9.032371,9.032371,4754382
2023-01-04,9.032371,9.141184,8.978960,9.087448,9.087448,2890033
2023-01-05,9.087448,9.103810,9.024197,9.040475,9.040475,5422585
2023-01-06,9.040475,9.231483,8.980739,9.170885,9.170885,10857625
2023-01-09,9.170885,9.788104,9.111594,9.725229,9.725229,5872980
2023-01-10,9.725229,9.807244,9.548597,9.629807,9.629807,6306341
2023-01-11,9.629807,9.948278,9.611205,9.929097,9.929097,3880003
2023-01-12,9.929097,9.991220,9.297737,9.356276,9.356276,5142068
2023-01-13,9.356276,9.558287,9.305234,9.506426,9.506426,7906098
2023-01-16,9.506426,9.686050,9.485689,9.664967,9.664967,3536732
2023-01-17,9.664967,9.876710,9.614643,9.825550,9.825550,5325964
2023-01-18,9.825550,9.961377,9.776431,9.911826,9.911826,6653613
2023-01-19,9.911826,10.209786,9.871880,10.168805,10.168805,5575655
2023-01-20,10.168805,10.220737,10.154319,10.206199,10.206199,6816404
2023-01-23,10.206199,10.567015,10.170619,10.530305,10.530305,5613356
2023-01-24,10.530305,10.589262,10.490424,10.549309,10.549309,8849114
2023-01-25,10.549309,10.762821,10.463644,10.676126,10.676126,5084174
2023-01-26,10.676126,10.778142,10.351238,10.451103,10.451103,10180778
2023-01-27,10.451103,10.464322,10.408340,10.421521,10.421521,5387177
2023-01-30,10.421521,10.436990,10.207961,10.223135,10.223135,4551900
2023-01-31,10.223135,10.499021,10.182951,10.457913,10.457913,6505307
2023-02-01,10.457913,10.531193,10.427186,10.500341,10.500341,6522555
2023-02-02,10.500341,10.512560,9.686325,9.697611,9.697611,5689960
2023-02-03,9.697611,9.926009,9.687354,9.915522,9.915522,6546570
2023-02-06,9.915522,10.143778,9.903780,10.131780,10.131780,5522931
2023-02-07,10.131780,10.177916,9.947057,9.992559,9.992559,7792324
2023-02-08,9.992559,10.429485,9.980139,10.416539,10.416539,5072025
2023-02-09,10.416539,10.470347,10.245667,10.298867,10.298867,4326236
2023-02-10,10.298867,10.423753,10.278492,10.403171,10.403171,8247499
2023-02-13,10.403171,10.811527,10.319316,10.725077,10.725077,5703778
2023-02-14,10.725077,10.759437,10.146465,10.179076,10.179076,6259545
2023-02-15,10.179076,10.914772,10.146834,10.880308,10.880308,4705701
2023-02-16,10.880308,11.072968,10.850338,11.042551,11.042551,5284795
2023-02-17,11.042551,11.497914,10.997953,11.451664,11.451664,5087681
2023-02-20,11.451664,11.470856,10.946497,10.964873,10.964873,7899579
2023-02-21,10.964873,11.021952,10.726608,10.782738,10.782738,4524122
2023-02-22,10.782738,10.923484,10.740060,10.880419,10.880419,5642274
2023-02-23,10.880419,10.912847,10.816282,10.848616,10.848616,3348274
2023-02-24,10.848616,10.891286,10.695402,10.737636,10.737636,6400547
2023-02-27,10.737636,10.874076,10.619022,10.755267,10.755267,5199236
2023-02-28,10.755267,10.884973,10.708918,10.838266,10.838266,5401247
2023-03-01,10.838266,10.950378,10.768544,10.880385,10.880385,10350792
2023-03-02,10.880385,10.926707,10.737524,10.783432,10.783432,8780888
2023-03-03,10.783432,11.073431,10.746162,11.035290,11.035290,7607681
2023-03-06,11.035290,11.255835,11.000901,11.220868,11.220868,5992761
2023-03-07,11.220868,11.243477,11.212256,11.234854,11.234854,15271468
2023-03-08,11.234854,11.341311,11.221391,11.327736,11.327736,4854243
2023-03-09,11.327736,11.579215,11.282935,11.533600,11.533600,13005188
2023-03-10,11.533600,11.589829,11.489924,11.546105,11.546105,5225211
2023-03-13,11.546105,11.616970,11.520473,11.591237,11.591237,7380781
2023-03-14,11.591237,11.653648,11.230163,11.290956,11.290956,5645043
2023-03-15,11.290956,11.495907,11.215898,11.419991,11.419991,5752227
2023-03-16,11.419991,11.454931,11.023642,11.057473,11.057473,4652510
2023-03-17,11.057473,11.293715,11.034049,11.269842,11.269842,7903582
2023-03-20,11.269842,11.304403,10.836907,10.870244,10.870244,3273253
2023-03-21,10.870244,10.963163,10.638684,10.730408,10.730408,4717952
2023-03-22,10.730408,10.732884,10.376887,10.379282,10.379282,7494137
2023-03-23,10.379282,10.624430,10.372517,10.617510,10.617510,4950938
2023-03-24,10.617510,10.674636,10.594763,10.651815,10.651815,7726723
2023-03-27,10.651815,10.712414,10.595709,10.656284,10.656284,5742764
2023-03-28,10.656284,10.663200,10.395719,10.402470,10.402470,6514760
2023-03-29,10.402470,10.772162,10.333509,10.701221,10.701221,4908390
2023-03-30,10.701221,10.896958,10.656349,10.851455,10.851455,5362270
2023-03-31,10.851455,11.085099,10.851099,11.084735,11.084735,2610590
2023-04-03,11.084735,11.107293,10.858956,10.881099,10.881099,5704088
2023-04-04,10.881099,10.906893,10.476683,10.501578,10.501578,8811852
2023-04-05,10.501578,10.732412,10.476503,10.706847,10.706847,7856677
2023-04-06,10.706847,10.829705,10.685757,10.808415,10.808415,4740260
2023-04-07,10.808415,10.956661,10.739329,10.887072,10.887072,4561988
2023-04-10,10.887072,10.975665,10.829000,10.917431,10.917431,7280438
2023-04-11,10.917431,10.951553,10.476995,10.509843,10.509843,4914868
2023-04-12,10.509843,10.545091,10.476679,10.511921,10.511921,6657851
2023-04-13,10.511921,10.574630,10.409770,10.472242,10.472242,7829426
2023-04-14,10.472242,10.513095,10.212930,10.252928,10.252928,4718735
2023-04-17,10.252928,10.665862,10.247842,10.660574,10.660574,3702226
2023-04-18,10.660574,11.161356,10.631458,11.130955,11.130955,2495586
2023-04-19,11.130955,11.178703,10.858680,10.905462,10.905462,4532377
2023-04-20,10.905462,11.197658,10.904144,11.196305,11.196305,9353512
2023-04-21,11.196305,11.222544,10.785970,10.811307,10.811307,4238010
2023-04-24,10.811307,10.889165,10.599682,10.676570,10.676570,3250211
2023-04-25,10.676570,10.738813,10.567281,10.629248,10.629248,4363723
2023-04-26,10.629248,10.908706,10.615820,10.894943,10.894943,7206891
2023-04-27,10.894943,10.895353,10.344884,10.345273,10.345273,5353013
2023-04-28,10.345273,10.352784,9.649735,9.656746,9.656746,4530197
2023-05-01,9.656746,9.723819,8.978098,9.040894,9.040894,7955978
2023-05-02,9.040894,9.208530,9.030764,9.198224,9.198224,5130901
2023-05-03,9.198224,9.290532,9.116384,9.208600,9.208600,9528854
2023-05-04,9.208600,9.616902,9.132200,9.537771,9.537771,4418840
2023-05-05,9.537771,9.565156,9.528474,9.555841,9.555841,6240832
2023-05-08,9.555841,9.801569,9.506634,9.751355,9.751355,6234463
2023-05-09,9.751355,9.964353,9.729663,9.942236,9.942236,4733812
2023-05-10,9.942236,10.040636,9.904972,10.003143,10.003143,6098494
2023-05-11,10.003143,10.109074,9.875196,9.980892,9.980892,8089873
2023-05-12,9.980892,10.010320,9.510159,9.538282,9.538282,6268992
2023-05-15,9.538282,9.597859,9.311595,9.370122,9.370122,4434778
2023-05-16,9.370122,9.371311,9.341638,9.342823,9.342823,4279557
2023-05-17,9.342823,9.358489,9.252421,9.267961,9.267961,3488521
2023-05-18,9.267961,9.291283,9.044762,9.067579,9.067579,7598407
2023-05-19,9.067579,9.668820,9.066264,9.667418,9.667418,4342961
2023-05-22,9.667418,9.961632,9.621572,9.914613,9.914613,7164271
2023-05-23,9.914613,10.251879,9.830147,10.165277,10.165277,11530079
2023-05-24,10.165277,10.216227,10.127163,10.178065,10.178065,3947482
2023-05-25,10.178065,10.196568,9.979939,9.998115,9.998115,5437678
2023-05-26,9.998115,10.106512,9.961813,10.069950,10.069950,2476122
2023-05-29,10.069950,10.080079,10.050037,10.060156,10.060156,3834779
2023-05-30,10.060156,10.131100,10.028177,10.098997,10.098997,4557417
2023-05-31,10.098997,10.115798,9.752529,9.768780,9.768780,8060901
2023-06-01,9.768780,9.831221,9.606669,9.668468,9.668468,5711318
2023-06-02,9.668468,9.840937,9.646243,9.818367,9.818367,8092109
2023-06-05,9.818367,9.820222,9.772849,9.774695,9.774695,6878603
2023-06-06,9.774695,9.798900,9.548475,9.572178,9.572178,12559382
2023-06-07,9.572178,9.643554,9.543599,9.614847,9.614847,4049901
2023-06-08,9.614847,9.780523,9.591440,9.756771,9.756771,5750628
2023-06-09,9.756771,9.839573,9.689992,9.772685,9.772685,6296199
2023-06-12,9.772685,9.922519,9.737549,9.886972,9.886972,6005562
2023-06-13,9.886972,9.898962,9.447790,9.459261,9.459261,7123049
2023-06-14,9.459261,9.972659,9.440053,9.952450,9.952450,4835839
2023-06-15,9.952450,10.059914,9.925976,10.033225,10.033225,7905745
2023-06-16,10.033225,10.041918,9.573206,9.581507,9.581507,7593250
2023-06-19,9.581507,9.943143,9.563636,9.924632,9.924632,9742169
2023-06-20,9.924632,9.977697,9.916265,9.969292,9.969292,5938955
2023-06-21,9.969292,10.003229,9.903090,9.936916,9.936916,7039731
2023-06-22,9.936916,9.949406,9.909458,9.921929,9.921929,4672734
2023-06-23,9.921929,10.418857,9.906500,10.402681,10.402681,3595025
2023-06-26,10.402681,10.426762,10.039882,10.063178,10.063178,8322221
2023-06-27,10.063178,10.080128,9.823919,9.840494,9.840494,4220803
2023-06-28,9.840494,10.132512,9.787952,10.078697,10.078697,8624902
2023-06-29,10.078697,10.144892,9.970281,10.036197,10.036197,12317863
2023-06-30,10.036197,10.044958,9.798667,9.807229,9.807229,6470911
2023-07-03,9.807229,9.813614,9.397075,9.403197,9.403197,4352128
2023-07-04,9.403197,9.784115,9.338213,9.716962,9.716962,6106517
2023-07-05,9.716962,9.728952,9.447451,9.459123,9.459123,7363978
2023-07-06,9.459123,9.477528,9.451723,9.470119,9.470119,6063116
2023-07-07,9.470119,9.805771,9.437956,9.772581,9.772581,6255883
2023-07-10,9.772581,9.840481,9.753105,9.820908,9.820908,6085005
2023-07-11,9.820908,9.915390,9.784999,9.879267,9.879267,4267825
2023-07-12,9.879267,9.952231,9.773194,9.845912,9.845912,4010225
2023-07-13,9.845912,9.900218,9.731508,9.785481,9.785481,6653798
2023-07-14,9.785481,9.820614,9.514733,9.549017,9.549017,6997858
2023-07-17,9.549017,10.036970,9.510222,9.996358,9.996358,6860265
2023-07-18,9.996358,10.051221,9.899079,9.953708,9.953708,7921670
2023-07-19,9.953708,10.429171,9.932821,10.407333,10.407333,8901304
2023-07-20,10.407333,10.444214,10.384720,10.421571,10.421571,4896859
2023-07-21,10.421571,10.949624,10.406505,10.933818,10.933818,10387353
2023-07-24,10.933818,11.109561,10.901749,11.077072,11.077072,4848670
2023-07-25,11.077072,11.496693,11.040745,11.459113,11.459113,4824350
2023-07-26,11.459113,11.478656,11.416254,11.435758,11.435758,5323180
2023-07-27,11.435758,11.511918,11.434991,11.511147,11.511147,5695983
2023-07-28,11.511147,11.641065,11.458280,11.587846,11.587846,7026233
2023-07-31,11.587846,11.881304,11.550989,11.843633,11.843633,10581552
2023-08-01,11.843633,11.893849,11.767692,11.817798,11.817798,5909219
2023-08-02,11.817798,12.049227,11.812327,12.043652,12.043652,3975206
2023-08-03,12.043652,12.090557,11.723931,11.769769,11.769769,9210637
2023-08-04,11.769769,12.408335,11.704051,12.339436,12.339436,3734755
2023-08-07,12.339436,12.627236,12.227542,12.513761,12.513761,5300656
2023-08-08,12.513761,12.526419,12.204550,12.216908,12.216908,2972085
2023-08-09,12.216908,12.274550,12.214724,12.272356,12.272356,10201309
2023-08-10,12.272356,12.332078,11.959061,12.017543,12.017543,6255104
2023-08-11,12.017543,12.073556,11.990125,12.046073,12.046073,3889878
2023-08-14,12.046073,12.115900,11.259485,11.325132,11.325132,7585197
2023-08-15,11.325132,11.690224,11.294050,11.658228,11.658228,6409788
2023-08-16,11.658228,12.196915,11.588978,12.124893,12.124893,13039606
2023-08-17,12.124893,12.219575,12.077905,12.172403,12.172403,8107540
2023-08-18,12.172403,12.185576,11.975713,11.988686,11.988686,3572431
2023-08-21,11.988686,12.027992,11.909325,11.948499,11.948499,11322478
2023-08-22,11.948499,12.220246,11.930519,12.201885,12.201885,5902145
2023-08-23,12.201885,12.397866,12.171840,12.367414,12.367414,6450011
2023-08-24,12.367414,12.648590,12.332323,12.612803,12.612803,7979682
2023-08-25,12.612803,12.782403,12.568939,12.738103,12.738103,6609230
2023-08-28,12.738103,12.833054,12.401211,12.494345,12.494345,7071731
2023-08-29,12.494345,12.791300,12.453827,12.749953,12.749953,8299782
2023-08-30,12.749953,13.333863,12.673304,13.254183,13.254183,4107682
2023-08-31,13.254183,13.304939,13.041701,13.091835,13.091835,3628020
2023-09-01,13.091835,13.128627,12.948738,12.985230,12.985230,8747755
2023-09-04,12.985230,13.059652,12.918493,12.992876,12.992876,10373958
2023-09-05,12.992876,13.076751,12.363252,12.443581,12.443581,9910732
2023-09-06,12.443581,12.529857,11.996167,12.079921,12.079921,5311288
2023-09-07,12.079921,12.135283,11.257960,11.309792,11.309792,4192282
2023-09-08,11.309792,11.680570,11.266419,11.635946,11.635946,6350224
2023-09-11,11.635946,11.653583,11.560827,11.578376,11.578376,9622237
2023-09-12,11.578376,11.712964,11.554604,11.688965,11.688965,4858481
2023-09-13,11.688965,11.902588,11.686202,11.899775,11.899775,4106429
2023-09-14,11.899775,12.274350,11.842148,12.215195,12.215195,7653684
2023-09-15,12.215195,12.386825,12.195646,12.367034,12.367034,8963235
2023-09-18,12.367034,12.536528,12.302282,12.471230,12.471230,9098353
2023-09-19,12.471230,12.518206,12.272320,12.318721,12.318721,2573941
2023-09-20,12.318721,12.344677,11.893273,11.918385,11.918385,7436474
2023-09-21,11.918385,11.943238,11.551261,11.575399,11.575399,4178110
2023-09-22,11.575399,11.615294,11.540175,11.580055,11.580055,9109854
2023-09-25,11.580055,12.181936,11.578534,12.180336,12.180336,3726653
2023-09-26,12.180336,12.278426,11.963203,12.060327,12.060327,4813463
2023-09-27,12.060327,12.077645,12.004347,12.021610,12.021610,5672461
2023-09-28,12.021610,12.243255,12.021566,12.243210,12.243210,8157923
2023-09-29,12.243210,12.276196,12.177023,12.209919,12.209919,5422526
2023-10-02,12.209919,12.222302,11.914327,11.926422,11.926422,3869941
2023-10-03,11.926422,11.985200,11.904735,11.963446,11.963446,5997004
2023-10-04,11.963446,11.978258,11.595547,11.609921,11.609921,5685998
2023-10-05,11.609921,11.935192,11.560246,11.884343,11.884343,6781473
2023-10-06,11.884343,12.085790,11.850073,12.051038,12.051038,7991644
2023-10-09,12.051038,12.126605,11.796022,11.870457,11.870457,9395244
2023-10-10,11.870457,11.877744,11.742624,11.749837,11.749837,6240906
2023-10-11,11.749837,11.763822,11.476231,11.489906,11.489906,4925257
2023-10-12,11.489906,12.162723,11.420284,12.089468,12.089468,14234102
2023-10-13,12.089468,12.437442,12.046122,12.393007,12.393007,4894808
2023-10-16,12.393007,12.522155,12.311215,12.440052,12.440052,4027872
2023-10-17,12.440052,12.608127,12.437274,12.605311,12.605311,7720665
2023-10-18,12.605311,13.346489,12.566814,13.305853,13.305853,7237084
2023-10-19,13.305853,14.234082,13.284279,14.211040,14.211040,4069938
2023-10-20,14.211040,14.359404,13.202185,13.341470,13.341470,4489405
2023-10-23,13.341470,13.712173,13.315996,13.686041,13.686041,7705573
2023-10-24,13.686041,13.690054,13.603212,13.607202,13.607202,4222747
2023-10-25,13.607202,14.214526,13.602343,14.209452,14.209452,8265410
2023-10-26,14.209452,14.303862,13.901048,13.994028,13.994028,5837217
2023-10-27,13.994028,14.057289,13.813945,13.876675,13.876675,5950740
2023-10-30,13.876675,14.253113,13.846361,14.222044,14.222044,9144292
2023-10-31,14.222044,14.258517,14.039650,14.075748,14.075748,12668525
2023-11-01,14.075748,14.080285,13.931157,13.935650,13.935650,9493198
2023-11-02,13.935650,14.020206,13.819235,13.903596,13.903596,6610912
2023-11-03,13.903596,13.989298,13.288893,13.371314,13.371314,10211600
2023-11-06,13.371314,13.516455,13.300547,13.445296,13.445296,5857777
2023-11-07,13.445296,13.675773,13.440527,13.670924,13.670924,12364830
2023-11-08,13.670924,13.732043,13.380752,13.440842,13.440842,7820619
2023-11-09,13.440842,13.686029,13.439484,13.684646,13.684646,10603082
2023-11-10,13.684646,13.689287,13.309782,13.314298,13.314298,5231283
2023-11-13,13.314298,13.347317,13.225308,13.258188,13.258188,8003527
2023-11-14,13.258188,13.337798,13.216837,13.296329,13.296329,7752960
2023-11-15,13.296329,13.801900,13.286161,13.791354,13.791354,5123250
2023-11-16,13.791354,14.325551,13.769869,14.303268,14.303268,5689024
2023-11-17,14.303268,14.512050,14.211776,14.419812,14.419812,3985096
2023-11-20,14.419812,14.443113,14.128483,14.151350,14.151350,4898451
2023-11-21,14.151350,14.343191,14.146263,14.338037,14.338037,6650077
2023-11-22,14.338037,16.074546,14.308865,16.041907,16.041907,6535475
2023-11-23,16.041907,16.286557,16.035179,16.279729,16.279729,7320593
2023-11-24,16.279729,16.344068,16.044365,16.108025,16.108025,4710045
2023-11-27,16.108025,16.134611,15.182938,15.208039,15.208039,2728041
2023-11-28,15.208039,15.304296,15.081001,15.177062,15.177062,8798520
2023-11-29,15.177062,15.198479,14.794819,14.815726,14.815726,5514255
2023-11-30,14.815726,15.757084,14.763618,15.701859,15.701859,6919683
2023-12-01,15.701859,16.113000,15.684920,16.095635,16.095635,2827003
2023-12-04,16.095635,16.163739,16.063358,16.131389,16.131389,4898024
2023-12-05,16.131389,16.279301,15.380508,15.522840,15.522840,4107406
2023-12-06,15.522840,15.607621,15.232171,15.315821,15.315821,4943270
2023-12-07,15.315821,16.105987,15.242334,16.029078,16.029078,8213788
2023-12-08,16.029078,16.037465,15.751404,15.759650,15.759650,9618778
2023-12-11,15.759650,15.777952,15.655457,15.673658,15.673658,8188818
2023-12-12,15.673658,15.818078,15.373662,15.516634,15.516634,6573671
2023-12-13,15.516634,16.688800,15.470817,16.639667,16.639667,6414072
2023-12-14,16.639667,16.728993,16.577055,16.666280,16.666280,3567424
2023-12-15,16.666280,17.104519,16.515916,16.951580,16.951580,7515905
2023-12-18,16.951580,16.956633,16.311172,16.316036,16.316036,6070241
2023-12-19,16.316036,16.679515,16.270590,16.633186,16.633186,5304829
2023-12-20,16.633186,16.867559,16.566131,16.799833,16.799833,5907126
2023-12-21,16.799833,16.894094,15.661541,15.749912,15.749912,5405911
2023-12-22,15.749912,15.824046,15.533850,15.607314,15.607314,4638862
2023-12-25,15.607314,15.875437,15.586613,15.854409,15.854409,2551041
2023-12-26,15.854409,16.240798,15.805269,16.190615,16.190615,11577398
2023-12-27,16.190615,16.647855,16.112468,16.567887,16.567887,6164276
2023-12-28,16.567887,16.576060,15.294015,15.301564,15.301564,3984337
2023-12-29,15.301564,15.438646,15.296828,15.433869,15.433869,7070181
2024-01-01,15.433869,15.576269,15.415528,15.557781,15.557781,7021112
2024-01-02,15.557781,15.620100,15.215414,15.276606,15.276606,3624899
2024-01-03,15.276606,15.327090,15.122303,15.172443,15.172443,5056289
2024-01-04,15.172443,15.625532,15.151860,15.604363,15.604363,5824086
2024-01-05,15.604363,15.710258,15.599384,15.705247,15.705247,2844739
2024-01-08,15.705247,16.015264,15.687309,15.996993,15.996993,4015895
2024-01-09,15.996993,16.062260,15.704101,15.768436,15.768436,4728003
2024-01-10,15.768436,15.822947,15.551633,15.605581,15.605581,5625411
2024-01-11,15.605581,15.629330,14.639926,14.662239,14.662239,7500842
2024-01-12,14.662239,14.674142,14.573474,14.585315,14.585315,4122361
2024-01-15,14.585315,14.755418,14.510198,14.679815,14.679815,6077963
2024-01-16,14.679815,14.885806,14.094542,14.295135,14.295135,6689971
2024-01-17,14.295135,14.614131,14.257673,14.575933,14.575933,8127378
2024-01-18,14.575933,14.841618,14.566704,14.832227,14.832227,6316502
2024-01-19,14.832227,14.970500,14.282370,14.416770,14.416770,5985564
2024-01-22,14.416770,15.289131,14.330730,15.198425,15.198425,7124972
2024-01-23,15.198425,15.207005,15.141519,15.150072,15.150072,8909013
2024-01-24,15.150072,15.156384,15.057414,15.063690,15.063690,5667933
2024-01-25,15.063690,15.137146,14.755754,14.828061,14.828061,6049559
2024-01-26,14.828061,14.905869,14.782911,14.860620,14.860620,6327532
2024-01-29,14.860620,14.873181,14.554891,14.567204,14.567204,6570839
2024-01-30,14.567204,14.574818,14.074954,14.082314,14.082314,3825433
2024-01-31,14.082314,14.151314,13.117940,13.182531,13.182531,8383767
2024-02-01,13.182531,13.190433,13.030686,13.038502,13.038502,6379761
2024-02-02,13.038502,13.175009,12.945146,13.081346,13.081346,6787272
2024-02-05,13.081346,13.141278,12.746555,12.805223,12.805223,3492942
2024-02-06,12.805223,13.054638,12.803128,13.052503,13.052503,4166617
2024-02-07,13.052503,13.156247,12.712095,12.813942,12.813942,6010668
2024-02-08,12.813942,12.847396,12.426792,12.459320,12.459320,8768263
2024-02-09,12.459320,12.672707,12.410926,12.623674,12.623674,5935223
2024-02-12,12.623674,13.030833,12.602410,13.008920,13.008920,5234575
2024-02-13,13.008920,13.015649,12.726298,12.732885,12.732885,5702512
2024-02-14,12.732885,12.751547,12.538107,12.556511,12.556511,3611061
2024-02-15,12.556511,12.663780,12.269802,12.375526,12.375526,4361565
2024-02-16,12.375526,12.392356,11.899019,11.915223,11.915223,6451684
2024-02-19,11.915223,12.104263,11.856672,12.045073,12.045073,5700679
2024-02-20,12.045073,12.626613,12.029963,12.610792,12.610792,3790516
2024-02-21,12.610792,12.644844,12.566441,12.600466,12.600466,10353763
2024-02-22,12.600466,12.813962,12.525845,12.738523,12.738523,3176499
2024-02-23,12.738523,12.997937,12.699030,12.957765,12.957765,4758123
2024-02-26,12.957765,12.968636,12.857274,12.868070,12.868070,7191112
2024-02-27,12.868070,12.878719,12.715308,12.725840,12.725840,2046083
2024-02-28,12.725840,12.871104,12.619139,12.764083,12.764083,13743667
2024-02-29,12.764083,12.825897,12.521623,12.582558,12.582558,8399279
2024-03-01,12.582558,12.900685,12.581423,12.899522,12.899522,3885373
2024-03-04,12.899522,12.903049,12.670386,12.673852,12.673852,2952213
2024-03-05,12.673852,12.696743,12.163505,12.185514,12.185514,5565369
2024-03-06,12.185514,12.192324,12.073885,12.080636,12.080636,8651718
2024-03-07,12.080636,12.398303,12.038813,12.355528,12.355528,5485105
2024-03-08,12.355528,12.437075,12.218005,12.299179,12.299179,4763210
2024-03-11,12.299179,12.499629,12.244801,12.444607,12.444607,8946613
2024-03-12,12.444607,12.450435,11.921418,11.927005,11.927005,6365760
2024-03-13,11.927005,11.973669,11.821784,11.868218,11.868218,6214855
2024-03-14,11.868218,11.928042,11.221845,11.278698,11.278698,10746083
2024-03-15,11.278698,11.332361,11.052848,11.105689,11.105689,3811493
2024-03-18,11.105689,11.351456,11.051963,11.296805,11.296805,5558684
2024-03-19,11.296805,11.446396,11.272960,11.422285,11.422285,10581455
2024-03-20,11.422285,11.512217,10.799456,10.885158,10.885158,3564960
2024-03-21,10.885158,10.898540,10.736546,10.749761,10.749761,13216716
2024-03-22,10.749761,10.925270,10.694577,10.869471,10.869471,2818464
2024-03-25,10.869471,10.996780,10.810390,10.937329,10.937329,5833774
2024-03-26,10.937329,11.117433,10.907187,11.086879,11.086879,4339766
2024-03-27,11.086879,11.142071,11.079327,11.134487,11.134487,6059214
2024-03-28,11.134487,11.167243,11.086152,11.118862,11.118862,7116659
2024-03-29,11.118862,11.287066,11.055148,11.222757,11.222757,5681907
2024-04-01,11.222757,11.261502,11.199647,11.238360,11.238360,2202539
2024-04-02,11.238360,11.257935,11.087973,11.107320,11.107320,3693925
2024-04-03,11.107320,11.139001,10.890659,10.921811,10.921811,6376992
2024-04-04,10.921811,11.020554,10.582533,10.679081,10.679081,8066103
2024-04-05,10.679081,10.739447,9.899081,9.955357,9.955357,9767560
2024-04-08,9.955357,10.225528,9.949235,10.219243,10.219243,6772745
2024-04-09,10.219243,10.278357,10.202418,10.261462,10.261462,4074274
2024-04-10,10.261462,10.347061,9.988212,10.072233,10.072233,4841738
2024-04-11,10.072233,10.174594,10.062670,10.164943,10.164943,9310960
2024-04-12,10.164943,10.201943,9.611112,9.646225,9.646225,6269370
2024-04-15,9.646225,10.609636,9.624232,10.585503,10.585503,9126219
2024-04-16,10.585503,10.622768,10.156891,10.192774,10.192774,7176996
2024-04-17,10.192774,10.254094,10.015936,10.076556,10.076556,10592688
2024-04-18,10.076556,10.217320,10.017763,10.158052,10.158052,6340289
2024-04-19,10.158052,10.279186,10.090013,10.210795,10.210795,5139229
2024-04-22,10.210795,10.217546,9.652925,9.659312,9.659312,8317924
2024-04-23,9.659312,10.029834,9.622421,9.991673,9.991673,5170903
2024-04-24,9.991673,10.644899,9.980402,10.632905,10.632905,6991094
2024-04-25,10.632905,10.673664,10.266168,10.305673,10.305673,6619442
2024-04-26,10.305673,10.324763,10.078489,10.097192,10.097192,3690059
2024-04-29,10.097192,10.123630,9.989296,10.015520,10.015520,3900430
2024-04-30,10.015520,10.020872,10.004283,10.009632,10.009632,5488043
2024-05-01,10.009632,10.196055,9.943528,10.129162,10.129162,6152101
2024-05-02,10.129162,10.360858,10.114008,10.345380,10.345380,6646788
2024-05-03,10.345380,10.605783,10.273464,10.532566,10.532566,5291763
2024-05-06,10.532566,10.561696,10.197062,10.225343,10.225343,6218582
2024-05-07,10.225343,10.248711,9.799648,9.822095,9.822095,5785915
2024-05-08,9.822095,9.836795,9.816392,9.831086,9.831086,4590773
2024-05-09,9.831086,9.898863,9.783309,9.850989,9.850989,6249975
2024-05-10,9.850989,9.851046,9.735076,9.735132,9.735132,7448311
2024-05-13,9.735132,9.748731,9.450696,9.463916,9.463916,4741170
2024-05-14,9.463916,9.522444,8.687366,8.741425,8.741425,6157351
2024-05-15,8.741425,8.764878,8.478892,8.501701,8.501701,6008377
2024-05-16,8.501701,9.027652,8.414486,8.935982,8.935982,7816512
2024-05-17,8.935982,8.954652,8.877888,8.896475,8.896475,4648933
2024-05-20,8.896475,9.091299,8.880378,9.074879,9.074879,6661113
2024-05-21,9.074879,9.226911,9.071626,9.223604,9.223604,2889733
2024-05-22,9.223604,9.447381,9.184765,9.407766,9.407766,14941107
2024-05-23,9.407766,9.601515,9.395487,9.588999,9.588999,5730146
2024-05-24,9.588999,9.704777,9.542147,9.657589,9.657589,5238508
2024-05-27,9.657589,9.686489,9.209366,9.237007,9.237007,4736417
2024-05-28,9.237007,9.366240,9.224317,9.353390,9.353390,5588063
2024-05-29,9.353390,9.368536,9.063933,9.078634,9.078634,8066748
2024-05-30,9.078634,9.114793,9.065260,9.101385,9.101385,6703993
2024-05-31,9.101385,9.136822,8.981945,9.017054,9.017054,6578526
2024-06-03,9.017054,9.051486,8.794522,8.828233,8.828233,4359496
2024-06-04,8.828233,9.089944,8.807557,9.068705,9.068705,4766792
2024-06-05,9.068705,9.094146,8.974468,8.999715,8.999715,4719276
2024-06-06,8.999715,9.027494,8.753987,8.781092,8.781092,2776094
2024-06-07,8.781092,8.877525,8.670134,8.766406,8.766406,7579489
2024-06-10,8.766406,8.783859,8.761112,8.778558,8.778558,10309872
2024-06-11,8.778558,8.809479,8.650513,8.681090,8.681090,7923416
2024-06-12,8.681090,8.693101,8.448115,8.459820,8.459820,4384106
2024-06-13,8.459820,8.488974,8.343747,8.372602,8.372602,5075103
2024-06-14,8.372602,8.556150,8.343210,8.526219,8.526219,7672468
2024-06-17,8.526219,8.667841,8.516546,8.658019,8.658019,6256517
2024-06-18,8.658019,8.723101,8.623862,8.688822,8.688822,5423541
2024-06-19,8.688822,8.873236,8.667646,8.851662,8.851662,5778540
2024-06-20,8.851662,9.152793,8.831643,9.132140,9.132140,5055779
2024-06-21,9.132140,9.368600,9.094662,9.330309,9.330309,4199822
2024-06-24,9.330309,9.629550,9.313700,9.612438,9.612438,7596867
2024-06-25,9.612438,9.708841,9.442827,9.538488,9.538488,7413900
2024-06-26,9.538488,9.557026,9.432164,9.450531,9.450531,9021305
2024-06-27,9.450531,9.459932,9.212661,9.221835,9.221835,8235053
2024-06-28,9.221835,9.398750,9.196491,9.372991,9.372991,4745513
2024-07-01,9.372991,9.493264,9.338817,9.458777,9.458777,4543367
2024-07-02,9.458777,9.494945,8.980848,9.015321,9.015321,6401390
2024-07-03,9.015321,9.220612,8.967885,9.172349,9.172349,5667604
2024-07-04,9.172349,9.177280,9.025862,9.030716,9.030716,5364810
2024-07-05,9.030716,9.036661,8.959359,8.965261,8.965261,5955567
2024-07-08,8.965261,8.968380,8.845642,8.848721,8.848721,4730622
2024-07-09,8.848721,8.922535,8.841624,8.915385,8.915385,6629866
2024-07-10,8.915385,8.927964,8.698174,8.710464,8.710464,6519953
2024-07-11,8.710464,8.860482,8.627661,8.777046,8.777046,6200700
2024-07-12,8.777046,8.855951,8.776183,8.855080,8.855080,3751868
2024-07-15,8.855080,9.104601,8.812220,9.060746,9.060746,9343927
2024-07-16,9.060746,9.062126,8.990686,8.992056,8.992056,8731761
2024-07-17,8.992056,9.070242,8.645334,8.721165,8.721165,11636362
2024-07-18,8.721165,8.733431,8.504966,8.516945,8.516945,6432984
2024-07-19,8.516945,8.979880,8.487406,8.948844,8.948844,3840345
2024-07-22,8.948844,8.983947,8.763474,8.797985,8.797985,6459948
2024-07-23,8.797985,8.822770,8.785253,8.810021,8.810021,8474051
2024-07-24,8.810021,9.290469,8.796926,9.276680,9.276680,4417541
2024-07-25,9.276680,9.300239,8.994225,9.017124,9.017124,3844458
2024-07-26,9.017124,9.045412,8.652063,8.679291,8.679291,7568030
2024-07-29,8.679291,8.694058,8.567758,8.582360,8.582360,3256901
2024-07-30,8.582360,8.766794,8.573329,8.757579,8.757579,4042310
2024-07-31,8.757579,8.876605,8.739729,8.858549,8.858549,5778258
2024-08-01,8.858549,9.437999,8.839194,9.417423,9.417423,4831494
2024-08-02,9.417423,9.457089,9.396369,9.435993,9.435993,5714834
2024-08-05,9.435993,9.480739,9.377536,9.422217,9.422217,4717738
2024-08-06,9.422217,9.569020,9.382045,9.528396,9.528396,11800416
2024-08-07,9.528396,9.553437,9.348832,9.373466,9.373466,5270848
2024-08-08,9.373466,9.382132,9.288269,9.296865,9.296865,5894049
2024-08-09,9.296865,9.429857,9.232395,9.364915,9.364915,4038937
2024-08-12,9.364915,9.617814,9.341742,9.594074,9.594074,7367405
2024-08-13,9.594074,9.775744,9.572181,9.753488,9.753488,7463916
2024-08-14,9.753488,9.760916,9.709866,9.717267,9.717267,4268547
2024-08-15,9.717267,9.787714,9.716594,9.787037,9.787037,2774798
2024-08-16,9.787037,9.820566,9.778790,9.812298,9.812298,7807520
2024-08-19,9.812298,9.848298,9.461296,9.496136,9.496136,5054201
2024-08-20,9.496136,9.873613,9.477821,9.854606,9.854606,7849150
2024-08-21,9.854606,9.906798,9.463265,9.513651,9.513651,6826601
2024-08-22,9.513651,9.547123,9.460382,9.493784,9.493784,8730079
2024-08-23,9.493784,9.503111,9.489695,9.499020,9.499020,8485429
2024-08-26,9.499020,9.506241,9.191274,9.198267,9.198267,3542379
2024-08-27,9.198267,9.227806,9.041372,9.070501,9.070501,8532286
2024-08-28,9.070501,9.100384,8.871675,8.901000,8.901000,5270117
2024-08-29,8.901000,8.988754,8.848062,8.935610,8.935610,7609515
2024-08-30,8.935610,8.948456,8.737394,8.749973,8.749973,7728644
2024-09-02,8.749973,9.839333,8.703306,9.787135,9.787135,7176119
2024-09-03,9.787135,9.953456,9.781134,9.947356,9.947356,4970491
2024-09-04,9.947356,10.123809,9.926947,10.103081,10.103081,7149456
2024-09-05,10.103081,10.171976,9.897020,9.964974,9.964974,6858862
2024-09-06,9.964974,10.247690,9.955545,10.238003,10.238003,5373856
2024-09-09,10.238003,10.503534,10.236602,10.502097,10.502097,6194697
2024-09-10,10.502097,10.550857,10.154502,10.201867,10.201867,8814772
2024-09-11,10.201867,10.665196,10.151699,10.613006,10.613006,5035516
2024-09-12,10.613006,10.692480,10.596849,10.676226,10.676226,10628383
2024-09-13,10.676226,10.847482,10.673045,10.844251,10.844251,4913859
2024-09-16,10.844251,10.875043,10.545242,10.575270,10.575270,3837157
2024-09-17,10.575270,10.724635,10.549940,10.699009,10.699009,5384063
2024-09-18,10.699009,10.779680,10.672406,10.752943,10.752943,8030959
2024-09-19,10.752943,10.826192,10.696465,10.769627,10.769627,8687550
2024-09-20,10.769627,10.854367,10.667303,10.751904,10.751904,6610599
2024-09-23,10.751904,10.759523,10.676182,10.683752,10.683752,7615043
2024-09-24,10.683752,10.728315,10.594062,10.638436,10.638436,5093809
2024-09-25,10.638436,10.801706,10.610438,10.773353,10.773353,11131562
2024-09-26,10.773353,10.836092,10.753945,10.816605,10.816605,3768467
2024-09-27,10.816605,10.901378,10.812169,10.896908,10.896908,9478873
2024-09-30,10.896908,11.159629,10.844449,11.106163,11.106163,5911092
2024-10-01,11.106163,11.437889,11.062299,11.392892,11.392892,6497936
2024-10-02,11.392892,11.445013,11.363941,11.416003,11.416003,10120182
2024-10-03,11.416003,11.427979,11.405971,11.417946,11.417946,3364950
2024-10-04,11.417946,11.477207,11.311107,11.370120,11.370120,6391769
2024-10-07,11.370120,11.391531,11.248327,11.269548,11.269548,6135312
2024-10-08,11.269548,11.514627,11.226137,11.470442,11.470442,5001523
2024-10-09,11.470442,11.488760,10.863938,10.881315,10.881315,5304541
2024-10-10,10.881315,10.953805,10.877028,10.949490,10.949490,5234248
2024-10-11,10.949490,11.202610,10.855426,11.107191,11.107191,12090875
2024-10-14,11.107191,11.138019,11.059194,11.089975,11.089975,10413747
2024-10-15,11.089975,11.118280,10.996636,11.024774,11.024774,4777731
2024-10-16,11.024774,11.444793,11.013350,11.432946,11.432946,4406366
2024-10-17,11.432946,11.664057,11.407344,11.637996,11.637996,5574319
2024-10-18,11.637996,11.802494,11.616962,11.781200,11.781200,10515146
2024-10-21,11.781200,12.088541,11.748419,12.054998,12.054998,4884476
2024-10-22,12.054998,12.217105,12.052930,12.215009,12.215009,5300613
2024-10-23,12.215009,12.316928,12.213290,12.315195,12.315195,5076134
2024-10-24,12.315195,12.420640,12.260360,12.365581,12.365581,2878448
2024-10-25,12.365581,12.525129,12.281999,12.441037,12.441037,10336011
2024-10-28,12.441037,13.134199,12.417191,13.109073,13.109073,9055489
2024-10-29,13.109073,13.133091,12.774083,12.797530,12.797530,4648785
2024-10-30,12.797530,13.025169,12.759085,12.986157,12.986157,3194894
2024-10-31,12.986157,13.043669,12.855387,12.912573,12.912573,3839108
2024-11-01,12.912573,13.617638,12.885035,13.588659,13.588659,8179701
2024-11-04,13.588659,13.963778,13.495240,13.868435,13.868435,9166704
2024-11-05,13.868435,13.876366,13.511713,13.519444,13.519444,8176381
2024-11-06,13.519444,13.537281,13.413804,13.431525,13.431525,5877708
2024-11-07,13.431525,13.468809,13.144771,13.181361,13.181361,8100231
2024-11-08,13.181361,13.597698,13.120821,13.535532,13.535532,3179134
2024-11-11,13.535532,14.033870,13.475464,13.971865,13.971865,6617337
2024-11-12,13.971865,14.039486,13.924803,13.992354,13.992354,7690383
2024-11-13,13.992354,14.490760,13.915521,14.411624,14.411624,6665357
2024-11-14,14.411624,15.065103,14.377910,15.029942,15.029942,7525689
2024-11-15,15.029942,15.035673,14.596421,14.601989,14.601989,8816082
2024-11-18,14.601989,14.611384,14.539978,14.549339,14.549339,4323636
2024-11-19,14.549339,14.578005,13.977545,14.005138,14.005138,7053338
2024-11-20,14.005138,14.158149,14.001051,14.154019,14.154019,10714946
2024-11-21,14.154019,14.227261,13.978605,14.051315,14.051315,12665560
2024-11-22,14.051315,14.128264,12.360579,12.428642,12.428642,11995683
2024-11-25,12.428642,12.594771,12.396593,12.562376,12.562376,7918789
2024-11-26,12.562376,12.601000,12.033937,12.071050,12.071050,5608452
2024-11-27,12.071050,12.120180,11.840211,11.888598,11.888598,4087151
2024-11-28,11.888598,11.985932,11.820771,11.917938,11.917938,4275348
2024-11-29,11.917938,11.948247,11.649402,11.679104,11.679104,6653139
2024-12-02,11.679104,11.882024,11.634527,11.836845,11.836845,8106187
2024-12-03,11.836845,12.059363,11.751386,11.972921,11.972921,7148722
2024-12-04,11.972921,12.211390,11.894503,12.131932,12.131932,3555403
2024-12-05,12.131932,12.228221,12.037013,12.133292,12.133292,8761591
2024-12-06,12.133292,12.148712,12.126531,12.141947,12.141947,7960689
2024-12-09,12.141947,12.405196,12.131460,12.394491,12.394491,8091067
2024-12-10,12.394491,12.417597,12.246736,12.269610,12.269610,5959018
2024-12-11,12.269610,12.299353,11.847659,11.876449,11.876449,6450052
2024-12-12,11.876449,12.290535,11.828302,12.240911,12.240911,5173045
2024-12-13,12.240911,12.248334,12.087850,12.095185,12.095185,7951467
2024-12-16,12.095185,12.461012,12.084598,12.450114,12.450114,4669500
2024-12-17,12.450114,12.527563,12.065056,12.140580,12.140580,4006726
2024-12-18,12.140580,12.165578,11.814243,11.838619,11.838619,5971205
2024-12-19,11.838619,12.244851,11.834285,12.240370,12.240370,5554891
2024-12-20,12.240370,12.265652,12.152162,12.177315,12.177315,4390671
2024-12-23,12.177315,12.199779,11.759175,11.780908,11.780908,5653554
2024-12-24,11.780908,11.809865,11.622816,11.651455,11.651455,5116654
2024-12-25,11.651455,12.106725,11.570406,12.023090,12.023090,4705195
2024-12-26,12.023090,12.034841,11.728887,11.740362,11.740362,10480044
2024-12-27,11.740362,11.776759,11.607218,11.643314,11.643314,5749763
2024-12-30,11.643314,11.678127,11.435916,11.470211,11.470211,6744358
2024-12-31,11.470211,11.495374,11.329491,11.354399,11.354399,3606813
