date,open,high,low,close,adjusted_close,volume
2007-01-01,130.000000,130.306973,126.398118,126.697293,126.697293,4285099
2007-01-02,126.697293,128.015419,126.570636,127.887573,127.887573,6449909
2007-01-03,127.887573,128.096655,127.333804,127.542321,127.542321,11126059
2007-01-04,127.542321,130.181116,127.459180,130.096310,130.096310,8405267
2007-01-05,130.096310,131.077411,129.511251,130.490578,130.490578,4637388
2007-01-08,130.490578,133.809550,130.084159,133.394087,133.394087,8219321
2007-01-09,133.394087,134.069230,132.106362,132.778389,132.778389,3168206
2007-01-10,132.778389,134.700583,132.687554,134.608496,134.608496,10991243
2007-01-11,134.608496,138.921597,134.023664,138.320637,138.320637,5166896
2007-01-12,138.320637,139.274606,136.361659,137.308648,137.308648,5041079
2007-01-15,137.308648,138.249222,136.127188,137.066100,137.066100,8876410
2007-01-16,137.066100,139.553762,136.561446,139.041833,139.041833,8537799
2007-01-17,139.041833,139.566256,137.910400,138.432525,138.432525,6581419
2007-01-18,138.432525,139.393336,137.415125,138.375540,138.375540,6608874
2007-01-19,138.375540,138.705375,135.740651,136.064979,136.064979,6021768
2007-01-22,136.064979,136.174498,135.624863,135.734115,135.734115,9580916
2007-01-23,135.734115,135.957571,133.068382,133.287810,133.287810,7290337
2007-01-24,133.287810,139.957954,133.104332,139.765558,139.765558,8876617
2007-01-25,139.765558,144.399729,139.304606,143.925059,143.925059,8255278
2007-01-26,143.925059,144.451345,143.227331,143.752987,143.752987,11332935
2007-01-29,143.752987,144.509310,143.659204,144.415095,144.415095,6291656
2007-01-30,144.415095,145.127198,144.006469,144.717715,144.717715,5967853
2007-01-31,144.717715,144.899971,142.411319,142.590896,142.590896,6742989
2007-02-01,142.590896,142.624119,141.839209,141.872264,141.872264,5260397
2007-02-02,141.872264,142.382179,137.911986,138.409455,138.409455,5066428
2007-02-05,138.409455,138.443426,136.137253,136.170675,136.170675,3144511
2007-02-06,136.170675,136.347093,135.197421,135.372805,135.372805,3166329
2007-02-07,135.372805,135.508890,134.527409,134.662781,134.662781,4377603
2007-02-08,134.662781,136.289702,133.442196,135.065468,135.065468,4848311
2007-02-09,135.065468,136.119291,134.723609,135.775633,135.775633,5622332
2007-02-12,135.775633,138.729624,135.380120,138.326679,138.326679,12779896
2007-02-13,138.326679,138.400711,134.579468,134.651532,134.651532,8724813
2007-02-14,134.651532,137.845209,134.318589,137.505210,137.505210,6044223
2007-02-15,137.505210,139.815065,136.637477,138.938288,138.938288,9091086
2007-02-16,138.938288,140.373511,138.640888,140.073681,140.073681,7924180
2007-02-19,140.073681,147.052336,138.881943,145.811778,145.811778,7604861
2007-02-20,145.811778,147.361594,145.777247,147.326705,147.326705,7258279
2007-02-21,147.326705,148.349099,144.396345,145.405407,145.405407,6831783
2007-02-22,145.405407,146.663582,144.579561,145.835295,145.835295,7344806
2007-02-23,145.835295,146.876661,140.335530,141.344831,141.344831,10903948
2007-02-26,141.344831,141.446356,140.797242,140.898446,140.898446,9437979
2007-02-27,140.898446,140.963698,140.593990,140.659132,140.659132,11101001
2007-02-28,140.659132,143.164168,140.159142,142.657077,142.657077,6638708
2007-03-01,142.657077,142.670046,141.851414,141.864311,141.864311,5190278
2007-03-02,141.864311,142.674413,141.459859,142.268808,142.268808,3884450
2007-03-05,142.268808,142.387830,141.154027,141.272215,141.272215,5497099
2007-03-06,141.272215,141.810543,139.264720,139.797429,139.797429,4856812
2007-03-07,139.797429,140.052549,138.065930,138.318351,138.318351,7577255
2007-03-08,138.318351,139.311529,138.251477,139.244208,139.244208,9937039
2007-03-09,139.244208,140.084879,132.494611,133.299391,133.299391,10025706
2007-03-12,133.299391,134.133398,131.268953,132.095428,132.095428,6582359
2007-03-13,132.095428,133.597813,130.715579,132.216698,132.216698,7753346
2007-03-14,132.216698,132.516413,131.858628,132.158212,132.158212,6732747
2007-03-15,132.158212,132.167652,131.126243,131.135611,131.135611,6418139
2007-03-16,131.135611,132.810741,130.772476,132.443983,132.443983,5334172
2007-03-19,132.443983,135.001341,131.575291,134.121645,134.121645,5799403
2007-03-20,134.121645,135.672829,133.585100,135.132241,135.132241,4558563
2007-03-21,135.132241,137.793994,134.006509,136.655572,136.655572,3353872
2007-03-22,136.655572,136.844327,136.232175,136.420605,136.420605,3722769
2007-03-23,136.420605,136.586844,135.109467,135.274310,135.274310,3785736
2007-03-26,135.274310,138.076838,134.704480,137.497642,137.497642,2638753
2007-03-27,137.497642,139.890232,137.447894,139.839637,139.839637,4404254
2007-03-28,139.839637,141.807019,139.037062,140.997797,140.997797,4902196
2007-03-29,140.997797,143.936719,140.396067,143.325057,143.325057,6496134
2007-03-30,143.325057,146.825652,142.319411,145.802622,145.802622,5228998
2007-04-02,145.802622,146.732830,143.586559,144.508510,144.508510,8460521
2007-04-03,144.508510,145.644111,143.966686,145.100069,145.100069,6882508
2007-04-04,145.100069,146.496353,144.975528,146.370721,146.370721,9187059
2007-04-05,146.370721,147.627272,144.468068,145.719025,145.719025,5139209
2007-04-06,145.719025,148.822882,145.009817,148.102076,148.102076,10004833
2007-04-09,148.102076,151.477604,147.185196,150.545596,150.545596,7517300
2007-04-10,150.545596,151.696723,150.048459,151.197433,151.197433,19978421
2007-04-11,151.197433,156.180701,150.985429,155.962016,155.962016,8605485
2007-04-12,155.962016,156.385490,152.489383,152.904556,152.904556,4045175
2007-04-13,152.904556,152.913388,151.782144,151.790912,151.790912,5302797
2007-04-16,151.790912,152.415995,150.566462,151.189067,151.189067,8081033
2007-04-17,151.189067,151.713233,146.210798,146.719469,146.719469,4983566
2007-04-18,146.719469,146.761851,146.185550,146.227790,146.227790,3864606
2007-04-19,146.227790,149.418917,146.010933,149.197656,149.197656,4371255
2007-04-20,149.197656,154.694066,148.845777,154.330082,154.330082,4355573
2007-04-23,154.330082,159.235700,153.658965,158.546249,158.546249,5861774
2007-04-24,158.546249,160.169202,154.685356,156.285164,156.285164,4030372
2007-04-25,156.285164,157.134958,151.836822,152.666942,152.666942,9558905
2007-04-26,152.666942,153.674763,150.237936,151.236314,151.236314,8304466
2007-04-27,151.236314,152.456997,150.846014,152.064561,152.064561,5533053
2007-04-30,152.064561,153.491037,151.799116,153.223569,153.223569,5593969
2007-05-01,153.223569,154.288378,153.198685,154.263326,154.263326,6082270
2007-05-02,154.263326,155.460792,154.215329,155.412438,155.412438,9162429
2007-05-03,155.412438,155.788571,154.512728,154.887590,154.887590,3293435
2007-05-04,154.887590,156.459308,154.467307,156.035908,156.035908,5362646
2007-05-07,156.035908,156.336897,152.386662,152.681180,152.681180,6863748
2007-05-08,152.681180,155.245149,151.952784,154.508038,154.508038,4306841
2007-05-09,154.508038,154.725129,150.519764,150.731549,150.731549,8711261
2007-05-10,150.731549,152.124476,150.300153,151.690335,151.690335,7311303
2007-05-11,151.690335,155.581276,150.771015,154.644055,154.644055,7122350
2007-05-14,154.644055,157.284792,153.915093,156.546861,156.546861,8899974
2007-05-15,156.546861,157.793809,156.121104,157.365825,157.365825,12171528
2007-05-16,157.365825,157.663102,156.570241,156.866575,156.866575,5070640
2007-05-17,156.866575,157.334890,156.555933,157.023937,157.023937,3247943
2007-05-18,157.023937,161.919792,156.348224,161.225996,161.225996,7566729
2007-05-21,161.225996,162.099564,161.123806,161.996886,161.996886,7264664
2007-05-22,161.996886,162.456298,160.984386,161.442225,161.442225,4638363
2007-05-23,161.442225,162.058759,159.498401,160.109847,160.109847,3334871
2007-05-24,160.109847,160.909992,158.984404,159.782915,159.782915,9154635
2007-05-25,159.782915,167.862292,159.018540,167.063090,167.063090,3358365
2007-05-28,167.063090,169.692431,167.014143,169.642728,169.642728,6866681
2007-05-29,169.642728,171.005058,168.802400,170.162156,170.162156,4760486
2007-05-30,170.162156,170.332490,167.928216,168.096482,168.096482,5638397
2007-05-31,168.096482,169.094565,165.447427,166.435649,166.435649,3834481
2007-06-01,166.435649,168.294034,165.977191,167.831731,167.831731,6220872
2007-06-04,167.831731,171.056201,166.797501,170.008557,170.008557,6027572
2007-06-05,170.008557,174.752027,169.843102,174.582121,174.582121,8817673
2007-06-06,174.582121,174.818111,174.063594,174.299202,174.299202,5928153
2007-06-07,174.299202,175.489740,173.178296,174.368389,174.368389,6995514
2007-06-08,174.368389,178.301729,174.274813,178.206094,178.206094,4091512
2007-06-11,178.206094,179.110292,176.809135,177.710821,177.710821,4534819
2007-06-12,177.710821,178.147641,164.552511,164.957984,164.957984,5255759
2007-06-13,164.957984,166.840554,164.324219,166.202009,166.202009,4465132
2007-06-14,166.202009,167.665361,165.453573,166.913719,166.913719,8489348
2007-06-15,166.913719,167.097947,165.504713,165.687587,165.687587,9768870
2007-06-18,165.687587,169.599242,164.364466,168.255614,168.255614,5685273
2007-06-19,168.255614,169.689661,167.508456,168.939466,168.939466,6452984
2007-06-20,168.939466,172.338942,168.269921,171.658620,171.658620,3467738
2007-06-21,171.658620,172.520705,162.175071,162.993640,162.993640,9453833
2007-06-22,162.993640,163.075871,161.325059,161.406490,161.406490,3611185
2007-06-25,161.406490,163.078213,159.736594,161.408299,161.408299,5819310
2007-06-26,161.408299,162.212081,155.743661,156.523117,156.523117,4596718
2007-06-27,156.523117,157.240732,156.414337,157.131530,157.131530,4558190
2007-06-28,157.131530,157.326641,152.797859,152.987825,152.987825,9184825
2007-06-29,152.987825,156.021559,151.566746,154.585638,154.585638,3261563
2007-07-02,154.585638,156.375651,154.377129,156.165011,156.165011,4337199
2007-07-03,156.165011,156.275531,155.705371,155.815644,155.815644,7611153
2007-07-04,155.815644,156.945493,154.900798,156.029392,156.029392,4340603
2007-07-05,156.029392,158.407259,155.269953,157.639981,157.639981,6732648
2007-07-06,157.639981,160.744901,157.425175,160.526162,160.526162,5091972
2007-07-09,160.526162,160.649421,157.092656,157.213371,157.213371,5992765
2007-07-10,157.213371,157.333718,152.628048,152.744974,152.744974,4501391
2007-07-11,152.744974,153.234357,150.660021,151.144276,151.144276,7838118
2007-07-12,151.144276,151.589882,145.934059,146.365576,146.365576,4425593
2007-07-13,146.365576,147.076675,142.753587,143.450523,143.450523,6992260
2007-07-16,143.450523,143.533374,142.506855,142.589209,142.589209,5499075
2007-07-17,142.589209,143.214076,141.212206,141.833762,141.833762,5604025
2007-07-18,141.833762,144.184207,141.435348,143.780325,143.780325,4791653
2007-07-19,143.780325,145.441001,143.752037,145.412392,145.412392,4928779
2007-07-20,145.412392,146.646304,141.909531,143.124025,143.124025,5878709
2007-07-23,143.124025,146.072400,142.926371,145.870953,145.870953,5662340
2007-07-24,145.870953,148.027606,144.536855,146.686054,146.686054,15074536
2007-07-25,146.686054,149.125932,146.621649,149.060483,149.060483,5933536
2007-07-26,149.060483,153.708273,148.302846,152.930963,152.930963,4021880
2007-07-27,152.930963,153.247884,152.123839,152.439742,152.439742,7113410
2007-07-30,152.439742,153.480743,149.749271,150.778930,150.778930,8723190
2007-07-31,150.778930,151.493132,150.319376,151.032804,151.032804,1858635
2007-08-01,151.032804,152.679592,150.960861,152.606899,152.606899,5566390
2007-08-02,152.606899,160.135038,152.457044,159.977946,159.977946,4568208
2007-08-03,159.977946,167.250961,159.911417,167.181437,167.181437,2599870
2007-08-06,167.181437,167.487962,163.281225,163.581149,163.581149,4326791
2007-08-07,163.581149,171.639472,163.123434,171.160549,171.160549,8353800
2007-08-08,171.160549,177.059161,169.709282,175.570502,175.570502,5553194
2007-08-09,175.570502,175.732919,175.023386,175.185447,175.185447,5869137
2007-08-10,175.185447,177.652305,173.442254,175.901982,175.901982,3248411
2007-08-13,175.901982,175.955266,173.605350,173.657954,173.657954,6481543
2007-08-14,173.657954,174.395595,172.598425,173.334694,173.334694,10982497
2007-08-15,173.334694,174.582543,172.329463,173.575913,173.575913,7005414
2007-08-16,173.575913,174.525548,171.042130,171.983051,171.983051,11086149
2007-08-17,171.983051,172.362379,171.080014,171.458184,171.458184,4630792
2007-08-20,171.458184,173.108162,170.683806,172.329847,172.329847,3279097
2007-08-21,172.329847,173.363995,168.921509,169.941323,169.941323,5222421
2007-08-22,169.941323,170.976491,169.901769,170.936706,170.936706,5453719
2007-08-23,170.936706,174.335508,170.892084,174.290011,174.290011,6055957
2007-08-24,174.290011,174.373346,171.908716,171.990952,171.990952,5647265
2007-08-27,171.990952,172.321665,167.868713,168.192122,168.192122,8516837
2007-08-28,168.192122,174.208713,167.277783,173.266787,173.266787,6206457
2007-08-29,173.266787,173.343729,165.261784,165.335204,165.335204,4142007
2007-08-30,165.335204,168.063012,164.735141,167.455255,167.455255,4817064
2007-08-31,167.455255,171.150992,166.721205,170.404016,170.404016,6323279
2007-09-03,170.404016,170.786849,167.633435,168.010893,168.010893,3417510
2007-09-04,168.010893,168.910406,166.721963,167.619381,167.619381,8886065
2007-09-05,167.619381,168.628338,165.466100,166.468128,166.468128,5374253
2007-09-06,166.468128,168.945630,165.077795,167.546292,167.546292,7700157
2007-09-07,167.546292,169.892345,165.581651,167.923283,167.923283,4447458
2007-09-10,167.923283,169.191972,167.834134,169.102197,169.102197,6731600
2007-09-11,169.102197,169.494549,167.987567,168.378239,168.378239,6280390
2007-09-12,168.378239,169.298501,168.154973,169.074312,169.074312,12283588
2007-09-13,169.074312,172.223125,166.887491,170.024020,170.024020,12045170
2007-09-14,170.024020,175.860984,169.260019,175.074290,175.074290,5669399
2007-09-17,175.074290,193.046484,174.393474,192.298687,192.298687,5333028
2007-09-18,192.298687,193.640072,192.111783,193.452047,193.452047,10862047
2007-09-19,193.452047,194.107395,189.303629,189.947103,189.947103,3823158
2007-09-20,189.947103,197.293134,188.780272,196.088576,196.088576,4922169
2007-09-21,196.088576,198.568242,195.456289,197.930016,197.930016,4693786
2007-09-24,197.930016,200.338082,197.874536,200.281942,200.281942,8238324
2007-09-25,200.281942,200.490168,199.352989,199.560464,199.560464,5582713
2007-09-26,199.560464,203.806790,199.287654,203.528556,203.528556,9416116
2007-09-27,203.528556,206.028457,202.858315,205.352210,205.352210,7430367
2007-09-28,205.352210,218.555265,205.316296,218.517048,218.517048,4617146
2007-10-01,218.517048,220.938442,216.513111,218.930711,218.930711,4364264
2007-10-02,218.930711,219.569826,210.437688,211.053808,211.053808,7082794
2007-10-03,211.053808,213.912604,209.777780,212.627064,212.627064,6210803
2007-10-04,212.627064,213.149124,210.753983,211.272718,211.272718,5433881
2007-10-05,211.272718,212.340444,210.586704,211.653195,211.653195,6535905
2007-10-08,211.653195,214.917313,211.519663,214.781807,214.781807,5403709
2007-10-09,214.781807,226.387052,213.826342,225.384421,225.384421,11195105
2007-10-10,225.384421,235.137066,224.601369,234.322959,234.322959,5272478
2007-10-11,234.322959,235.000264,226.741084,227.398374,227.398374,6430113
2007-10-12,227.398374,227.405280,223.756681,223.763476,223.763476,4174142
2007-10-15,223.763476,223.868853,219.523809,219.627238,219.627238,3900581
2007-10-16,219.627238,221.580850,214.331750,216.255368,216.255368,6115688
2007-10-17,216.255368,216.578036,215.763726,216.086142,216.086142,5330010
2007-10-18,216.086142,216.679715,213.909775,214.498989,214.498989,6318870
2007-10-19,214.498989,216.891404,214.050173,216.438530,216.438530,4944962
2007-10-22,216.438530,216.553894,216.004380,216.119574,216.119574,8537856
2007-10-23,216.119574,216.471298,205.612436,205.947605,205.947605,6364663
2007-10-24,205.947605,208.045829,205.212664,207.306040,207.306040,7862326
2007-10-25,207.306040,209.108437,203.169979,204.951908,204.951908,10184320
2007-10-26,204.951908,205.442994,194.501036,194.968200,194.968200,4307805
2007-10-29,194.968200,196.481363,190.093725,191.580596,191.580596,6683747
2007-10-30,191.580596,191.981098,190.931793,191.331775,191.331775,7889518
2007-10-31,191.331775,192.106920,191.313782,192.088855,192.088855,3657141
2007-11-01,192.088855,197.162166,191.017845,196.068963,196.068963,5752626
2007-11-02,196.068963,196.517199,195.984181,196.432259,196.432259,4298922
2007-11-05,196.432259,202.857269,195.402209,201.799076,201.799076,6300190
2007-11-06,201.799076,201.988345,196.202965,196.387158,196.387158,4866617
2007-11-07,196.387158,196.644819,196.167483,196.425101,196.425101,3539466
2007-11-08,196.425101,223.567042,195.835180,222.897617,222.897617,7678745
2007-11-09,222.897617,222.978380,215.182658,215.260655,215.260655,7822660
2007-11-12,215.260655,215.755625,204.354611,204.825586,204.825586,8099799
2007-11-13,204.825586,204.935979,189.613554,189.715803,189.715803,7416930
2007-11-14,189.715803,190.022892,187.928027,188.232715,188.232715,7256990
2007-11-15,188.232715,188.894501,186.165915,186.822744,186.822744,6146279
2007-11-16,186.822744,187.607598,175.792391,176.534021,176.534021,2150743
2007-11-19,176.534021,176.892805,173.079489,173.431968,173.431968,6005795
2007-11-20,173.431968,173.766110,168.517407,168.842707,168.842707,5939609
2007-11-21,168.842707,174.811706,168.353088,174.306245,174.306245,5343341
2007-11-22,174.306245,179.144498,173.798354,178.624026,178.624026,9056483
2007-11-23,178.624026,180.591143,178.346812,180.311310,180.311310,4914129
2007-11-26,180.311310,187.447263,179.310314,186.412396,186.412396,4148518
2007-11-27,186.412396,190.353313,185.038723,188.960860,188.960860,4120978
2007-11-28,188.960860,189.512271,186.205433,186.750393,186.750393,4655030
2007-11-29,186.750393,192.357834,186.167050,191.758846,191.758846,3882106
2007-11-30,191.758846,192.533350,191.535945,192.309809,192.309809,5903140
2007-12-03,192.309809,192.901242,180.947535,181.505741,181.505741,4693074
2007-12-04,181.505741,182.020274,181.028480,181.542916,181.542916,3153902
2007-12-05,181.542916,193.950284,180.425903,192.764228,192.764228,9056894
2007-12-06,192.764228,193.496207,189.946558,190.670587,190.670587,7468820
2007-12-07,190.670587,191.693671,190.301315,191.323135,191.323135,4952864
2007-12-10,191.323135,191.354249,187.876776,187.907335,187.907335,5215670
2007-12-11,187.907335,192.823788,187.771831,192.684839,192.684839,7368659
2007-12-12,192.684839,197.862527,192.614174,197.789989,197.789989,10567057
2007-12-13,197.789989,198.591836,195.988550,196.786328,196.786328,7415280
2007-12-14,196.786328,196.829058,191.905286,191.946965,191.946965,7561358
2007-12-17,191.946965,192.650869,186.783213,187.470702,187.470702,9520264
2007-12-18,187.470702,194.765420,186.503488,193.765729,193.765729,5487075
2007-12-19,193.765729,207.925265,193.309327,207.436663,207.436663,5906350
2007-12-20,207.436663,207.593393,191.839096,191.984150,191.984150,8263695
2007-12-21,191.984150,196.964701,191.122295,196.084439,196.084439,8781513
2007-12-24,196.084439,196.379146,186.835759,187.116988,187.116988,3507274
2007-12-25,187.116988,188.332677,181.443996,182.630537,182.630537,4509660
2007-12-26,182.630537,184.163631,180.056843,181.581128,181.581128,5916259
2007-12-27,181.581128,187.326137,181.579248,187.324198,187.324198,5747699
2007-12-28,187.324198,196.069303,186.126673,194.823834,194.823834,6990505
2007-12-31,194.823834,202.687890,193.936510,201.768934,201.768934,5348265
2008-01-01,201.768934,204.455204,201.744407,204.430353,204.430353,4647642
2008-01-02,204.430353,212.188247,204.217013,211.967042,211.967042,9035447
2008-01-03,211.967042,212.304492,199.361362,199.679250,199.679250,9264938
2008-01-04,199.679250,199.797869,198.542720,198.660734,198.660734,10437862
2008-01-07,198.660734,203.136016,198.456234,202.927125,202.927125,5308276
2008-01-08,202.927125,204.534074,197.683871,199.261795,199.261795,6079597
2008-01-09,199.261795,199.420446,195.899341,196.055439,196.055439,7801354
2008-01-10,196.055439,196.213065,191.111742,191.265517,191.265517,6982060
2008-01-11,191.265517,192.322647,184.220666,185.244518,185.244518,3212195
2008-01-14,185.244518,187.568701,185.015486,187.337082,187.337082,6044916
2008-01-15,187.337082,187.597463,180.791123,181.042755,181.042755,6066373
2008-01-16,181.042755,182.324185,178.432985,179.704945,179.704945,3852774
2008-01-17,179.704945,181.174548,179.642023,181.111134,181.111134,6221426
2008-01-18,181.111134,182.180260,177.686245,178.741383,178.741383,7915503
2008-01-21,178.741383,180.247499,174.931460,176.417998,176.417998,3667108
2008-01-22,176.417998,186.936327,175.946237,186.437772,186.437772,7417463
2008-01-23,186.437772,186.792227,179.600619,179.942726,179.942726,16071303
2008-01-24,179.942726,180.437718,170.488217,170.958494,170.958494,6814043
2008-01-25,170.958494,171.182370,169.234072,169.455980,169.455980,6460362
2008-01-28,169.455980,176.475330,167.680404,174.645379,174.645379,10049681
2008-01-29,174.645379,174.656617,169.024582,169.035459,169.035459,8433364
2008-01-30,169.035459,172.280885,168.805917,172.047253,172.047253,11310208
2008-01-31,172.047253,172.189889,164.399971,164.536380,164.536380,5963359
2008-02-01,164.536380,164.968250,153.325772,153.729276,153.729276,7713021
2008-02-04,153.729276,161.364438,153.344943,160.962022,160.962022,6473638
2008-02-05,160.962022,161.747745,158.078399,158.853832,158.853832,8654848
2008-02-06,158.853832,160.531512,158.600546,160.275959,160.275959,4943982
2008-02-07,160.275959,161.324355,157.073204,158.107416,158.107416,3078923
2008-02-08,158.107416,159.155131,156.620776,157.665563,157.665563,5415508
2008-02-11,157.665563,157.854595,155.374993,155.561502,155.561502,6011682
2008-02-12,155.561502,156.243241,149.421995,150.079710,150.079710,3416479
2008-02-13,150.079710,150.596187,149.655537,150.171754,150.171754,5131865
2008-02-14,150.171754,153.802570,148.540520,152.149849,152.149849,7639857
2008-02-15,152.149849,152.815130,147.273904,147.920692,147.920692,5784132
2008-02-18,147.920692,157.047159,147.544710,156.648991,156.648991,11026080
2008-02-19,156.648991,156.888548,156.393606,156.633140,156.633140,4199314
2008-02-20,156.633140,159.187256,156.559268,159.112216,159.112216,7971729
2008-02-21,159.112216,160.352341,158.307927,159.545861,159.545861,6788347
2008-02-22,159.545861,159.658259,156.302061,156.412252,156.412252,4955410
2008-02-25,156.412252,158.278391,155.969648,157.831771,157.831771,3152208
2008-02-26,157.831771,158.498021,155.286726,155.945012,155.945012,3095237
2008-02-27,155.945012,156.307595,141.051825,141.380545,141.380545,3420968
2008-02-28,141.380545,145.825121,141.198904,145.638010,145.638010,5662786
2008-02-29,145.638010,145.859936,139.195456,139.407888,139.407888,10051838
2008-03-03,139.407888,149.835729,139.356260,149.780260,149.780260,5011133
2008-03-04,149.780260,149.785776,144.296132,144.301447,144.301447,12496076
2008-03-05,144.301447,146.000936,144.228253,145.926917,145.926917,4210637
2008-03-06,145.926917,146.133085,138.725245,138.921515,138.921515,7682849
2008-03-07,138.921515,139.735920,129.013928,129.774711,129.774711,13412509
2008-03-10,129.774711,137.839091,129.763334,137.827008,137.827008,9400566
2008-03-11,137.827008,138.109531,135.859689,136.138752,136.138752,7636389
2008-03-12,136.138752,143.312606,135.164683,142.294493,142.294493,5343759
2008-03-13,142.294493,142.920580,132.964901,133.552524,133.552524,4522901
2008-03-14,133.552524,135.447077,132.928757,134.817402,134.817402,5650960
2008-03-17,134.817402,134.874252,130.300347,130.355316,130.355316,3554505
2008-03-18,130.355316,133.649492,129.360989,132.637755,132.637755,6563808
2008-03-19,132.637755,138.532180,132.019954,137.889915,137.889915,9041019
2008-03-20,137.889915,143.766270,137.533727,143.395859,143.395859,6670795
2008-03-21,143.395859,145.009327,142.606567,144.215523,144.215523,3891224
2008-03-24,144.215523,145.238277,143.405693,144.427258,144.427258,4479916
2008-03-25,144.427258,144.734530,132.674259,132.957128,132.957128,8639355
2008-03-26,132.957128,135.337586,132.673190,135.049180,135.049180,3689846
2008-03-27,135.049180,135.422974,131.711375,132.076943,132.076943,6615847
2008-03-28,132.076943,132.333894,131.230458,131.486260,131.486260,6954430
2008-03-31,131.486260,138.740467,130.697506,137.913159,137.913159,7399220
2008-04-01,137.913159,138.584184,132.925996,133.575918,133.575918,6130702
2008-04-02,133.575918,134.596838,131.956648,132.972959,132.972959,13916824
2008-04-03,132.972959,133.064736,131.941174,132.032302,132.032302,8360513
2008-04-04,132.032302,133.884346,131.483482,133.330131,133.330131,10919953
2008-04-07,133.330131,134.765695,128.424338,129.822132,129.822132,5838407
2008-04-08,129.822132,131.715802,129.534178,131.424294,131.424294,3234625
2008-04-09,131.424294,133.997664,131.331987,133.903616,133.903616,6539591
2008-04-10,133.903616,137.599322,133.559416,137.246530,137.246530,7291792
2008-04-11,137.246530,139.638421,136.667201,139.051473,139.051473,7254683
2008-04-14,139.051473,150.385243,138.595107,149.893294,149.893294,2689164
2008-04-15,149.893294,149.901341,142.020712,142.028337,142.028337,4791763
2008-04-16,142.028337,144.871040,140.904534,143.733743,143.733743,2683148
2008-04-17,143.733743,144.607199,141.195523,142.058800,142.058800,9925574
2008-04-18,142.058800,143.416230,141.930960,143.287284,143.287284,12966954
2008-04-21,143.287284,144.819867,143.010251,144.540412,144.540412,7726583
2008-04-22,144.540412,144.596596,142.139696,142.194969,142.194969,3806941
2008-04-23,142.194969,143.177926,140.529777,141.507985,141.507985,10370325
2008-04-24,141.507985,141.894952,134.215194,134.583224,134.583224,8353736
2008-04-25,134.583224,135.423273,127.084853,127.883080,127.883080,6808920
2008-04-28,127.883080,129.241009,123.576019,124.902296,124.902296,5608344
2008-04-29,124.902296,128.580606,124.832102,128.508386,128.508386,9812514
2008-04-30,128.508386,129.177639,123.058986,123.703213,123.703213,5263824
2008-05-01,123.703213,125.629901,123.633712,125.559357,125.559357,2449320
2008-05-02,125.559357,128.572611,125.458468,128.469385,128.469385,7799004
2008-05-05,128.469385,128.699490,118.021080,118.232850,118.232850,8040869
2008-05-06,118.232850,122.988113,117.298809,122.024121,122.024121,6411105
2008-05-07,122.024121,125.497042,121.842124,125.310143,125.310143,4033124
2008-05-08,125.310143,126.380263,120.193097,121.228359,121.228359,6104220
2008-05-09,121.228359,121.276704,119.931981,119.979827,119.979827,8082263
2008-05-12,119.979827,120.261744,118.728714,119.008348,119.008348,10046177
2008-05-13,119.008348,119.709017,118.941935,119.642251,119.642251,4524838
2008-05-14,119.642251,119.926225,119.500271,119.784077,119.784077,4705848
2008-05-15,119.784077,119.820968,114.791887,114.827251,114.827251,8834490
2008-05-16,114.827251,115.091368,111.395668,111.652483,111.652483,5447256
2008-05-19,111.652483,112.499663,111.360735,112.206468,112.206468,7531117
2008-05-20,112.206468,112.334607,109.380085,109.505138,109.505138,4781471
2008-05-21,109.505138,109.542272,105.002712,105.038331,105.038331,5370717
2008-05-22,105.038331,112.944510,104.704044,112.586202,112.586202,6010657
2008-05-23,112.586202,112.711847,109.483387,109.605706,109.605706,2673117
2008-05-26,109.605706,111.801579,108.990053,111.177099,111.177099,8247547
2008-05-27,111.177099,111.687739,104.772394,105.255837,105.255837,6488202
2008-05-28,105.255837,105.759434,105.075168,105.578211,105.578211,2629720
2008-05-29,105.578211,105.685188,103.389948,103.494815,103.494815,5212877
2008-05-30,103.494815,103.521555,99.565341,99.591072,99.591072,3306982
2008-06-02,99.591072,99.635124,99.460588,99.504602,99.504602,6235555
2008-06-03,99.504602,101.945827,99.395913,101.834593,101.834593,4006691
2008-06-04,101.834593,113.473792,101.687339,113.309945,113.309945,3756240
2008-06-05,113.309945,115.047049,112.707840,114.438945,114.438945,7188675
2008-06-06,114.438945,114.715663,109.894358,110.160731,110.160731,7487640
2008-06-09,110.160731,118.323313,109.710460,117.841647,117.841647,3001506
2008-06-10,117.841647,119.987736,116.960957,119.097659,119.097659,7706163
2008-06-11,119.097659,124.187326,118.190892,123.248953,123.248953,8166433
2008-06-12,123.248953,126.989129,122.851368,126.580797,126.580797,5300851
2008-06-13,126.580797,140.518226,125.556485,139.390258,139.390258,3978109
2008-06-16,139.390258,139.962515,137.279341,137.845255,137.845255,10755807
2008-06-17,137.845255,138.620534,128.687317,129.415183,129.415183,7753525
2008-06-18,129.415183,130.037729,124.380359,124.981577,124.981577,7583283
2008-06-19,124.981577,125.122283,118.752214,118.886057,118.886057,5586449
2008-06-20,118.886057,119.701519,117.468536,118.279839,118.279839,18314359
2008-06-23,118.279839,118.574480,117.362763,117.655849,117.655849,4088868
2008-06-24,117.655849,122.340533,117.333930,122.006710,122.006710,7027771
2008-06-25,122.006710,122.080138,120.927526,121.000349,121.000349,3112980
2008-06-26,121.000349,123.337201,120.629849,122.960698,122.960698,10018695
2008-06-27,122.960698,123.543285,122.267819,122.849880,122.849880,9740536
2008-06-30,122.849880,132.791347,122.792076,132.728894,132.728894,4368597
2008-07-01,132.728894,133.071980,132.195585,132.538178,132.538178,7741293
2008-07-02,132.538178,132.926090,126.629897,127.001604,127.001604,11344525
2008-07-03,127.001604,132.155530,126.918268,132.068869,132.068869,7204243
2008-07-04,132.068869,132.325979,131.299950,131.556061,131.556061,6876322
2008-07-07,131.556061,131.587763,129.141661,129.172788,129.172788,6711559
2008-07-08,129.172788,132.266750,129.027731,132.118384,132.118384,5319225
2008-07-09,132.118384,133.980494,131.625944,133.482968,133.482968,5873851
2008-07-10,133.482968,133.743201,131.536349,131.793288,131.793288,6647728
2008-07-11,131.793288,132.930206,130.688020,131.824674,131.824674,6623842
2008-07-14,131.824674,133.326626,131.789132,133.290689,133.290689,3319356
2008-07-15,133.290689,134.668159,133.016855,134.392062,134.392062,11472328
2008-07-16,134.392062,135.310113,130.481380,131.378847,131.378847,5487291
2008-07-17,131.378847,131.964312,129.937504,130.519138,130.519138,8151002
2008-07-18,130.519138,130.539330,126.499679,126.519252,126.519252,5933612
2008-07-21,126.519252,132.807622,125.834037,132.092225,132.092225,6733062
2008-07-22,132.092225,140.067928,131.869677,139.832339,139.832339,5236114
2008-07-23,139.832339,140.185792,130.580875,130.911779,130.911779,4250608
2008-07-24,130.911779,131.063660,128.754510,128.904062,128.904062,6995339
2008-07-25,128.904062,129.495323,128.714064,129.304734,129.304734,8951182
2008-07-28,129.304734,129.742625,124.564038,124.987308,124.987308,10557450
2008-07-29,124.987308,125.492811,115.112598,115.580053,115.580053,6773434
2008-07-30,115.580053,116.190438,112.011120,112.605798,112.605798,6526354
2008-07-31,112.605798,116.132169,112.332976,115.851483,115.851483,5776690
2008-08-01,115.851483,116.469213,113.279598,113.886853,113.886853,5385207
2008-08-04,113.886853,117.724365,113.542192,117.369166,117.369166,14714574
2008-08-05,117.369166,117.827528,113.715644,114.161479,114.161479,5486054
2008-08-06,114.161479,116.466543,113.722128,116.020039,116.020039,4414999
2008-08-07,116.020039,124.323157,115.806009,124.094232,124.094232,7529080
2008-08-08,124.094232,124.375923,123.108350,123.388439,123.388439,7103853
2008-08-11,123.388439,124.710621,123.214797,124.535366,124.535366,7208231
2008-08-12,124.535366,124.773034,122.361893,122.595860,122.595860,5770424
2008-08-13,122.595860,122.910060,121.615300,121.927788,121.927788,9014722
2008-08-14,121.927788,123.156582,121.726915,122.954019,122.954019,7527385
2008-08-15,122.954019,123.514076,120.926940,121.480284,121.480284,8106166
2008-08-18,121.480284,123.163444,121.074308,122.753214,122.753214,4571712
2008-08-19,122.753214,122.809200,119.781336,119.835992,119.835992,6420020
2008-08-20,119.835992,120.705791,119.341214,120.209472,120.209472,6566892
2008-08-21,120.209472,120.952500,120.011893,120.754026,120.754026,5057028
2008-08-22,120.754026,124.191270,119.959611,123.379582,123.379582,4212290
2008-08-25,123.379582,123.997231,112.209838,112.774396,112.774396,6077850
2008-08-26,112.774396,113.955301,110.617103,111.787675,111.787675,4373103
2008-08-27,111.787675,112.334713,107.079027,107.605600,107.605600,6814163
2008-08-28,107.605600,107.684251,105.104864,105.181743,105.181743,6355898
2008-08-29,105.181743,105.192794,102.798064,102.808865,102.808865,5069012
2008-09-01,102.808865,104.159486,102.784087,104.134388,104.134388,4574249
2008-09-02,104.134388,104.354140,103.772971,103.992424,103.992424,7191855
2008-09-03,103.992424,104.197387,103.594641,103.799223,103.799223,5778592
2008-09-04,103.799223,104.676842,100.293749,101.148960,101.148960,8381129
2008-09-05,101.148960,103.575935,101.012614,103.436505,103.436505,2874953
2008-09-08,103.436505,103.763050,95.218449,95.520002,95.520002,3796318
2008-09-09,95.520002,95.598797,94.451772,94.529750,94.529750,5700267
2008-09-10,94.529750,95.040988,92.167796,92.668971,92.668971,6181168
2008-09-11,92.668971,92.783120,91.793342,91.906552,91.906552,5451077
2008-09-12,91.906552,91.997653,89.689400,89.778391,89.778391,5853861
2008-09-15,89.778391,100.895438,89.209960,100.260638,100.260638,10141380
2008-09-16,100.260638,101.772746,99.888274,101.396164,101.396164,5923984
2008-09-17,101.396164,102.149780,96.473577,97.195976,97.195976,4621687
2008-09-18,97.195976,97.681519,95.549058,96.028770,96.028770,5700077
2008-09-19,96.028770,98.730601,95.277145,97.963829,97.963829,2358283
2008-09-22,97.963829,98.361608,95.867533,96.258387,96.258387,6950773
2008-09-23,96.258387,96.289179,92.584162,92.613789,92.613789,5679813
2008-09-24,92.613789,93.137700,92.431894,92.955135,92.955135,5623504
2008-09-25,92.955135,93.185384,92.712181,92.942399,92.942399,4236410
2008-09-26,92.942399,93.428868,92.609453,93.095374,93.095374,7603188
2008-09-29,93.095374,95.943072,92.920133,95.762809,95.762809,4696393
2008-09-30,95.762809,98.092251,95.203033,97.522191,97.522191,3914450
2008-10-01,97.522191,100.286981,97.017600,99.770755,99.770755,4648905
2008-10-02,99.770755,101.428554,99.443759,101.097211,101.097211,1901128
2008-10-03,101.097211,101.307113,94.106792,94.302587,94.302587,4885419
2008-10-06,94.302587,94.909726,90.964882,91.554327,91.554327,5791824
2008-10-07,91.554327,92.045856,89.274640,89.756518,89.756518,8000164
2008-10-08,89.756518,90.249371,88.960772,89.451952,89.451952,4669597
2008-10-09,89.451952,90.225949,83.442411,84.170711,84.170711,5499696
2008-10-10,84.170711,85.313521,83.247568,84.387995,84.387995,9175961
2008-10-13,84.387995,84.672201,82.753591,83.033234,83.033234,4562143
2008-10-14,83.033234,86.577819,82.607098,86.135760,86.135760,5221885
2008-10-15,86.135760,87.592179,86.017985,87.472577,87.472577,6005866
2008-10-16,87.472577,88.524627,86.055610,87.103218,87.103218,5547800
2008-10-17,87.103218,89.450294,86.782950,89.122601,89.122601,3948045
2008-10-20,89.122601,89.521540,89.009702,89.408279,89.408279,4402926
2008-10-21,89.408279,89.468815,84.271273,84.328370,84.328370,4926228
2008-10-22,84.328370,84.361926,83.447295,83.480513,83.480513,7669035
2008-10-23,83.480513,84.104820,82.316258,82.936495,82.936495,6096968
2008-10-24,82.936495,86.981752,82.563870,86.592700,86.592700,10828631
2008-10-27,86.592700,86.602860,82.070623,82.080254,82.080254,5505763
2008-10-28,82.080254,86.008002,81.789705,85.704624,85.704624,8220287
2008-10-29,85.704624,86.077149,85.231776,85.603863,85.603863,6256792
2008-10-30,85.603863,85.926717,85.178206,85.500671,85.500671,4997482
2008-10-31,85.500671,85.762760,84.014931,84.273258,84.273258,5545841
2008-11-03,84.273258,84.299147,80.359006,80.383700,80.383700,5901389
2008-11-04,80.383700,81.047258,78.873299,79.529808,79.529808,6462523
2008-11-05,79.529808,81.904703,78.741017,81.100336,81.100336,7748069
2008-11-06,81.100336,81.410132,80.527692,80.836480,80.836480,6002125
2008-11-07,80.836480,81.097630,76.789746,77.038626,77.038626,7880455
2008-11-10,77.038626,81.766931,76.868330,81.586582,81.586582,4325427
2008-11-11,81.586582,87.502659,81.290454,87.186208,87.186208,4942388
2008-11-12,87.186208,87.360802,86.485793,86.659332,86.659332,10368145
2008-11-13,86.659332,90.430816,86.436545,90.198929,90.198929,4519007
2008-11-14,90.198929,91.040012,90.025503,90.865305,90.865305,5355496
2008-11-17,90.865305,91.158526,90.760702,91.053706,91.053706,3894079
2008-11-18,91.053706,91.203947,88.976790,89.123847,89.123847,3540770
2008-11-19,89.123847,89.173921,89.106459,89.156526,89.156526,2301857
2008-11-20,89.156526,89.387161,85.574714,85.796657,85.796657,6827064
2008-11-21,85.796657,85.826933,83.773434,83.803007,83.803007,4409964
2008-11-24,83.803007,94.036277,83.779237,94.009613,94.009613,8917125
2008-11-25,94.009613,94.052641,92.851740,92.894258,92.894258,1758877
2008-11-26,92.894258,94.879657,92.669730,94.650883,94.650883,4705278
2008-11-27,94.650883,95.082955,92.760784,93.186170,93.186170,7139068
2008-11-28,93.186170,93.205957,82.597289,82.614831,82.614831,6903197
2008-12-01,82.614831,82.695995,79.683730,79.762091,79.762091,6008978
2008-12-02,79.762091,79.917369,78.804739,78.958452,78.958452,10714617
2008-12-03,78.958452,79.621054,78.670029,79.331268,79.331268,6086059
2008-12-04,79.331268,81.945088,78.979271,81.583100,81.583100,5840351
2008-12-05,81.583100,81.741164,76.391157,76.539450,76.539450,8621915
2008-12-08,76.539450,76.859934,73.299710,73.607920,73.607920,6387757
2008-12-09,73.607920,73.994706,73.119267,73.505515,73.505515,4655955
2008-12-10,73.505515,75.608899,73.037384,75.130419,75.130419,3909607
2008-12-11,75.130419,75.736540,74.486314,75.092125,75.092125,5187058
2008-12-12,75.092125,75.360130,71.101650,71.356321,71.356321,5026199
2008-12-15,71.356321,72.760271,71.063481,72.462890,72.462890,6389832
2008-12-16,72.462890,76.099951,72.329653,75.960283,75.960283,6281220
2008-12-17,75.960283,77.311697,75.516983,76.863129,76.863129,12177926
2008-12-18,76.863129,79.194222,76.558546,78.881642,78.881642,9359149
2008-12-19,78.881642,84.376584,78.838455,84.330414,84.330414,7049261
2008-12-22,84.330414,84.815883,83.938322,84.423359,84.423359,6739408
2008-12-23,84.423359,84.831863,84.027688,84.436132,84.436132,4081726
2008-12-24,84.436132,84.956635,83.661855,84.180784,84.180784,3140292
2008-12-25,84.180784,84.270872,79.362377,79.447399,79.447399,8561749
2008-12-26,79.447399,79.563092,74.462210,74.570801,74.570801,4045487
2008-12-29,74.570801,74.815429,74.525783,74.770290,74.770290,6516201
2008-12-30,74.770290,74.977814,72.426161,72.627739,72.627739,11049385
2008-12-31,72.627739,72.948584,70.548978,70.862023,70.862023,4860216
2009-01-01,70.862023,71.226031,68.554370,68.908342,68.908342,3040273
2009-01-02,68.908342,68.967035,68.467486,68.525853,68.525853,3478024
2009-01-05,68.525853,68.817949,68.039889,68.331154,68.331154,4824601
2009-01-06,68.331154,68.627546,68.191850,68.487922,68.487922,3543680
2009-01-07,68.487922,69.297539,68.321783,69.129842,69.129842,4128322
2009-01-08,69.129842,73.199328,68.844556,72.898489,72.898489,5254947
2009-01-09,72.898489,74.306875,72.702288,74.107421,74.107421,9519456
2009-01-12,74.107421,74.199544,72.499667,72.589903,72.589903,7000749
2009-01-13,72.589903,72.710345,71.540988,71.659886,71.659886,4712829
2009-01-14,71.659886,73.089311,71.651378,73.080634,73.080634,5583294
2009-01-15,73.080634,73.144300,72.667258,72.730619,72.730619,5775482
2009-01-16,72.730619,72.853460,72.213629,72.335803,72.335803,4962430
2009-01-19,72.335803,72.802407,72.062069,72.527947,72.527947,3624038
2009-01-20,72.527947,74.101872,72.059669,73.626502,73.626502,5788451
2009-01-21,73.626502,74.542211,73.486161,74.400396,74.400396,5952080
2009-01-22,74.400396,74.463176,70.795049,70.854838,70.854838,8124810
2009-01-23,70.854838,72.564684,70.779930,72.488050,72.488050,3826006
2009-01-26,72.488050,76.579466,72.267369,76.347037,76.347037,7680143
2009-01-27,76.347037,79.637331,76.255924,79.542404,79.542404,11206800
2009-01-28,79.542404,81.204218,78.999729,80.653960,80.653960,5660639
2009-01-29,80.653960,90.513524,80.564590,90.413340,90.413340,5648485
2009-01-30,90.413340,90.647960,90.351659,90.586160,90.586160,11628316
2009-02-02,90.586160,91.549204,90.503652,91.465894,91.465894,7813722
2009-02-03,91.465894,91.595804,89.207446,89.334328,89.334328,3567185
2009-02-04,89.334328,91.625005,89.166996,91.453703,91.453703,7411582
2009-02-05,91.453703,92.089665,88.566090,89.186285,89.186285,6991553
2009-02-06,89.186285,90.508954,88.926894,90.246479,90.246479,10217075
2009-02-09,90.246479,91.284700,89.886823,90.922350,90.922350,10399779
2009-02-10,90.922350,91.103161,88.740722,88.917546,88.917546,3412576
2009-02-11,88.917546,91.302879,88.460726,90.836202,90.836202,5845355
2009-02-12,90.836202,92.944083,90.317362,92.416218,92.416218,5912670
2009-02-13,92.416218,92.937910,92.311131,92.832349,92.832349,5873158
2009-02-16,92.832349,95.794594,92.757822,95.717751,95.717751,4239332
2009-02-17,95.717751,101.216832,95.432850,100.916457,100.916457,5814529
2009-02-18,100.916457,108.197202,100.260166,107.498109,107.498109,7226142
2009-02-19,107.498109,108.903400,107.184228,108.586342,108.586342,3507361
2009-02-20,108.586342,108.614675,107.928916,107.957085,107.957085,7447364
2009-02-23,107.957085,111.486125,107.492511,111.008420,111.008420,8580817
2009-02-24,111.008420,113.374478,110.520061,112.877894,112.877894,4339141
2009-02-25,112.877894,112.918462,104.083581,104.121002,104.121002,5764830
2009-02-26,104.121002,105.773833,103.747436,105.395694,105.395694,13345042
2009-02-27,105.395694,105.881004,104.404987,104.887958,104.887958,8171675
2009-03-02,104.887958,105.421160,101.700465,102.220105,102.220105,5786760
2009-03-03,102.220105,102.353768,100.615186,100.746922,100.746922,3154092
2009-03-04,100.746922,101.288280,99.514356,100.051979,100.051979,4618055
2009-03-05,100.051979,100.202839,97.260301,97.407173,97.407173,7957814
2009-03-06,97.407173,104.726516,97.174566,104.477026,104.477026,5753681
2009-03-09,104.477026,107.448790,104.304138,107.271278,107.271278,4337743
2009-03-10,107.271278,108.432936,107.025216,108.184779,108.184779,3309743
2009-03-11,108.184779,108.741935,107.858737,108.415198,108.415198,8503962
2009-03-12,108.415198,109.852448,108.310056,109.746015,109.746015,4324214
2009-03-13,109.746015,109.838366,107.399678,107.490130,107.490130,8949748
2009-03-16,107.490130,109.670734,107.443364,109.623040,109.623040,7695631
2009-03-17,109.623040,110.997336,109.534037,110.907290,110.907290,5461249
2009-03-18,110.907290,111.946381,110.821288,111.859640,111.859640,1857564
2009-03-19,111.859640,113.781675,111.334287,113.249793,113.249793,5087528
2009-03-20,113.249793,117.138315,112.872251,116.749107,116.749107,6956473
2009-03-23,116.749107,118.515477,116.537507,118.301064,118.301064,5880244
2009-03-24,118.301064,118.864662,113.880924,114.426060,114.426060,5760943
2009-03-25,114.426060,114.541177,114.405419,114.520519,114.520519,7302311
2009-03-26,114.520519,114.953201,112.928145,113.356429,113.356429,5656183
2009-03-27,113.356429,114.172479,113.218110,114.033334,114.033334,5510788
2009-03-30,114.033334,116.476703,113.099649,115.530757,115.530757,6786636
2009-03-31,115.530757,116.091680,115.448275,116.008857,116.008857,4442664
2009-04-01,116.008857,118.947211,115.741770,118.673988,118.673988,7348418
2009-04-02,118.673988,119.699561,118.360879,119.384577,119.384577,4224338
2009-04-03,119.384577,119.873567,117.717569,118.201714,118.201714,7202415
2009-04-06,118.201714,118.307042,117.336420,117.441070,117.441070,8783896
2009-04-07,117.441070,119.375448,117.011639,118.940535,118.940535,6383467
2009-04-08,118.940535,121.334404,118.173671,120.557118,120.557118,7046423
2009-04-09,120.557118,121.797950,120.399840,121.639261,121.639261,8193896
2009-04-10,121.639261,122.665155,119.047405,120.059980,120.059980,7737305
2009-04-13,120.059980,120.277814,113.739845,113.946587,113.946587,8318603
2009-04-14,113.946587,114.420127,112.584426,113.054258,113.054258,5376979
2009-04-15,113.054258,113.754057,112.620009,113.318792,113.318792,3936420
2009-04-16,113.318792,115.827125,112.543859,115.040419,115.040419,7255128
2009-04-17,115.040419,123.379127,114.396351,122.692220,122.692220,6480955
2009-04-20,122.692220,123.168243,117.599531,118.057572,118.057572,6973860
2009-04-21,118.057572,119.350145,117.249834,118.539112,118.539112,6170451
2009-04-22,118.539112,118.860260,115.746161,116.060594,116.060594,5354729
2009-04-23,116.060594,116.538944,115.001333,115.477279,115.477279,11959495
2009-04-24,115.477279,115.506950,114.700448,114.729927,114.729927,11358287
2009-04-27,114.729927,114.883682,113.646470,113.798978,113.798978,7106914
2009-04-28,113.798978,113.890370,113.688818,113.780195,113.780195,8976563
2009-04-29,113.780195,117.590046,112.568750,116.351226,116.351226,5208311
2009-04-30,116.351226,119.042724,116.127063,118.813817,118.813817,5151181
2009-05-01,118.813817,119.461245,115.200207,115.831383,115.831383,5709363
2009-05-04,115.831383,118.539097,114.937232,117.631054,117.631054,7685651
2009-05-05,117.631054,119.576210,116.882657,118.820247,118.820247,7723193
2009-05-06,118.820247,119.227892,117.800958,118.206497,118.206497,6178481
2009-05-07,118.206497,118.575023,116.067860,116.430850,116.430850,7863227
2009-05-08,116.430850,118.161831,115.754308,117.479197,117.479197,7931703
2009-05-11,117.479197,118.430689,117.372399,118.323123,118.323123,4255561
2009-05-12,118.323123,118.744044,114.001586,114.408581,114.408581,4066680
2009-05-13,114.408581,117.429820,114.382957,117.403525,117.403525,3250095
2009-05-14,117.403525,117.485875,114.994683,115.075400,115.075400,5447417
2009-05-15,115.075400,120.202350,114.926552,120.047072,120.047072,7138729
2009-05-18,120.047072,120.585184,119.781475,120.318985,120.318985,6249030
2009-05-19,120.318985,120.482532,120.221518,120.385011,120.385011,4931283
2009-05-20,120.385011,120.390406,119.300489,119.305836,119.305836,6975043
2009-05-21,119.305836,119.697436,117.597937,117.985202,117.985202,10349580
2009-05-22,117.985202,118.780404,117.009274,117.803249,117.803249,4335322
2009-05-25,117.803249,118.087739,114.704480,114.982157,114.982157,9704086
2009-05-26,114.982157,115.908944,114.734862,115.660191,115.660191,6028170
2009-05-27,115.660191,116.303512,114.025510,114.663287,114.663287,6039650
2009-05-28,114.663287,115.267034,113.012327,113.610531,113.610531,7444652
2009-05-29,113.610531,114.097733,112.514253,112.998832,112.998832,3253497
2009-06-01,112.998832,113.368812,110.920705,111.285074,111.285074,3861036
2009-06-02,111.285074,112.791634,110.965152,112.468310,112.468310,6477019
2009-06-03,112.468310,113.876682,111.962342,113.366673,113.366673,9260867
2009-06-04,113.366673,114.591587,113.216515,114.440007,114.440007,5948303
2009-06-05,114.440007,116.251290,114.343539,116.153378,116.153378,3756590
2009-06-08,116.153378,116.165688,114.559045,114.571187,114.571187,4255770
2009-06-09,114.571187,116.133789,114.146934,115.705336,115.705336,4057367
2009-06-10,115.705336,116.571280,113.807119,114.665280,114.665280,6664955
2009-06-11,114.665280,116.310267,114.475592,116.118176,116.118176,4007654
2009-06-12,116.118176,118.085581,115.505129,117.465421,117.465421,5494532
2009-06-15,117.465421,118.017937,114.883594,115.426519,115.426519,8090657
2009-06-16,115.426519,116.960945,115.235550,116.767756,116.767756,6242181
2009-06-17,116.767756,116.929206,114.460367,114.618846,114.618846,5652859
2009-06-18,114.618846,114.959521,114.491153,114.831591,114.831591,7195394
2009-06-19,114.831591,115.497345,114.305117,114.970235,114.970235,3183580
2009-06-22,114.970235,115.062974,113.129376,113.220703,113.220703,7436850
2009-06-23,113.220703,113.915129,112.564294,113.258501,113.258501,4465366
2009-06-24,113.258501,114.614899,112.482568,113.835016,113.835016,2920650
2009-06-25,113.835016,114.522236,112.627334,113.311392,113.311392,5870871
2009-06-26,113.311392,114.224001,111.959964,112.869011,112.869011,6789327
2009-06-29,112.869011,113.404138,111.440797,111.971670,111.971670,6137505
2009-06-30,111.971670,112.414081,109.436267,109.870376,109.870376,3258981
2009-07-01,109.870376,109.917254,108.890986,108.937467,108.937467,4677909
2009-07-02,108.937467,109.148151,107.783197,107.992052,107.992052,8414733
2009-07-03,107.992052,109.911257,107.536437,109.449493,109.449493,4746251
2009-07-06,109.449493,110.162500,106.620227,107.319357,107.319357,5885624
2009-07-07,107.319357,109.458147,107.270430,109.408268,109.408268,4826037
2009-07-08,109.408268,109.604640,105.969688,106.160231,106.160231,5136663
2009-07-09,106.160231,107.317898,105.434768,106.589502,106.589502,7108505
2009-07-10,106.589502,107.438344,105.703411,106.551954,106.551954,11660159
2009-07-13,106.551954,108.827003,106.525991,108.800492,108.800492,4881989
2009-07-14,108.800492,108.980420,108.418367,108.597959,108.597959,6524180
2009-07-15,108.597959,108.787640,107.948176,108.137051,108.137051,5402429
2009-07-16,108.137051,109.508771,107.926639,109.296103,109.296103,9181021
2009-07-17,109.296103,111.408070,108.713790,110.817651,110.817651,3634673
2009-07-20,110.817651,110.955684,109.058769,109.194781,109.194781,4653487
2009-07-21,109.194781,111.694973,108.884056,111.378035,111.378035,8494010
2009-07-22,111.378035,111.491201,110.965526,111.078387,111.078387,7788202
2009-07-23,111.078387,112.907597,110.878550,112.704834,112.704834,3758461
2009-07-24,112.704834,114.919264,112.685347,114.899397,114.899397,7553990
2009-07-27,114.899397,115.411482,113.383636,113.891228,113.891228,7311147
2009-07-28,113.891228,114.185689,113.318541,113.612281,113.612281,7524360
2009-07-29,113.612281,116.418084,113.253748,116.051853,116.051853,3677500
2009-07-30,116.051853,116.318306,115.420187,115.685800,115.685800,6916188
2009-07-31,115.685800,116.353101,115.091787,115.758714,115.758714,3937134
2009-08-03,115.758714,116.212674,113.700228,114.147871,114.147871,4371601
2009-08-04,114.147871,115.857757,113.917833,115.624742,115.624742,7367436
2009-08-05,115.624742,117.550006,115.622845,117.548078,117.548078,4538802
2009-08-06,117.548078,118.095149,116.394528,116.938762,116.938762,2398207
2009-08-07,116.938762,116.994480,116.195983,116.251373,116.251373,6257282
2009-08-10,116.251373,116.437064,110.378162,110.554753,110.554753,7405617
2009-08-11,110.554753,111.635983,110.339839,111.419388,111.419388,6557925
2009-08-12,111.419388,112.316540,109.293942,110.181124,110.181124,5681232
2009-08-13,110.181124,111.259664,109.920686,110.997297,110.997297,6460569
2009-08-14,110.997297,111.533408,110.770923,111.306403,111.306403,3727660
2009-08-17,111.306403,111.876719,110.447809,111.016640,111.016640,4411975
2009-08-18,111.016640,116.380790,110.180416,115.510715,115.510715,5112285
2009-08-19,115.510715,117.021538,115.270372,116.778557,116.778557,6743538
2009-08-20,116.778557,119.577613,116.002497,118.788197,118.788197,4981340
2009-08-21,118.788197,123.760135,117.996104,122.940354,122.940354,11327988
2009-08-24,122.940354,127.092625,122.262286,126.395500,126.395500,7359736
2009-08-25,126.395500,126.617268,125.775381,125.996449,125.996449,6633793
2009-08-26,125.996449,127.028524,120.970667,121.969759,121.969759,10341754
2009-08-27,121.969759,123.182111,121.427971,122.637358,122.637358,10135512
2009-08-28,122.637358,123.146773,121.240024,121.745735,121.745735,5062921
2009-08-31,121.745735,124.341876,121.633188,124.227035,124.227035,8675115
2009-09-01,124.227035,124.534007,123.016311,123.321044,123.321044,4317914
2009-09-02,123.321044,125.352027,122.908623,124.934212,124.934212,10612492
2009-09-03,124.934212,125.798254,123.272020,124.130504,124.130504,7096679
2009-09-04,124.130504,126.367161,122.997597,125.224271,125.224271,4486666
2009-09-07,125.224271,126.468746,124.781891,126.023543,126.023543,6311047
2009-09-08,126.023543,127.780537,125.804146,127.558468,127.558468,5744361
2009-09-09,127.558468,131.059075,126.789889,130.274133,130.274133,3950863
2009-09-10,130.274133,131.315571,130.010007,131.049872,131.049872,3913505
2009-09-11,131.049872,132.631966,130.802540,132.382119,132.382119,12639696
2009-09-14,132.382119,132.680218,131.355826,131.652281,131.652281,10272700
2009-09-15,131.652281,133.251690,131.420460,133.017464,133.017464,5873477
2009-09-16,133.017464,134.846808,132.762693,134.589027,134.589027,4494258
2009-09-17,134.589027,135.821318,133.491858,134.723056,134.723056,6228665
2009-09-18,134.723056,135.721785,134.422590,135.419765,135.419765,4708004
2009-09-21,135.419765,135.509553,135.197010,135.286710,135.286710,4701582
2009-09-22,135.286710,135.666500,135.171379,135.550944,135.550944,8348613
2009-09-23,135.550944,139.690285,135.239693,139.370265,139.370265,14759040
2009-09-24,139.370265,139.848491,137.903253,138.378075,138.378075,6884277
2009-09-25,138.378075,138.453246,137.742695,137.817561,137.817561,4659805
2009-09-28,137.817561,138.376274,137.619158,138.177353,138.177353,5052841
2009-09-29,138.177353,140.148762,137.961562,139.930233,139.930233,4675213
2009-09-30,139.930233,141.000589,139.137603,140.206395,140.206395,4449534
2009-10-01,140.206395,140.907805,138.441054,139.137114,139.137114,5395768
2009-10-02,139.137114,139.700978,138.549464,139.113231,139.113231,7434388
2009-10-05,139.113231,141.043309,138.210755,140.134210,140.134210,4214931
2009-10-06,140.134210,140.569348,139.920082,140.354884,140.354884,5053937
2009-10-07,140.354884,141.348476,139.750071,140.741994,140.741994,7921106
2009-10-08,140.741994,141.208465,138.449328,138.909726,138.909726,3396045
2009-10-09,138.909726,139.830327,138.441985,139.361067,139.361067,7223896
2009-10-12,139.361067,142.373126,138.229050,141.225961,141.225961,6030219
2009-10-13,141.225961,142.521254,139.470793,140.761828,140.761828,2946595
2009-10-14,140.761828,145.486775,140.347533,145.059830,145.059830,7185507
2009-10-15,145.059830,148.576295,144.639818,148.147343,148.147343,7916814
2009-10-16,148.147343,151.495078,147.628154,150.966011,150.966011,4479389
2009-10-19,150.966011,156.129751,149.435862,154.563142,154.563142,7254898
2009-10-20,154.563142,155.846078,154.139982,155.420571,155.420571,6431597
2009-10-21,155.420571,158.017518,154.821583,157.410859,157.410859,4023011
2009-10-22,157.410859,157.633625,156.519185,156.741003,156.741003,5681277
2009-10-23,156.741003,156.757424,155.535498,155.551795,155.551795,5372551
2009-10-26,155.551795,158.030076,153.691723,156.162699,156.162699,4692782
2009-10-27,156.162699,157.005690,155.589369,156.431374,156.431374,2715323
2009-10-28,156.431374,157.733165,155.588197,156.887530,156.887530,6788961
2009-10-29,156.887530,158.488937,156.882557,158.483913,158.483913,4815964
2009-10-30,158.483913,161.238465,158.158238,160.907809,160.907809,7595388
2009-11-02,160.907809,161.520877,159.448434,160.058265,160.058265,7307848
2009-11-03,160.058265,160.492126,157.149880,157.577015,157.577015,4230634
2009-11-04,157.577015,162.539770,156.966314,161.912267,161.912267,4287942
2009-11-05,161.912267,161.984621,159.528303,159.599624,159.599624,4879485
2009-11-06,159.599624,165.663988,159.311112,165.365053,165.365053,5947780
2009-11-09,165.365053,167.478937,164.545631,166.653132,166.653132,6876885
2009-11-10,166.653132,167.459279,166.538632,167.344303,167.344303,6146788
2009-11-11,167.344303,169.966094,166.315474,168.927532,168.927532,3809183
2009-11-12,168.927532,170.910801,168.331207,170.309597,170.309597,6189434
2009-11-13,170.309597,171.053883,170.033058,170.776585,170.776585,7074115
2009-11-16,170.776585,173.453294,170.361366,173.032590,173.032590,3923680
2009-11-17,173.032590,173.192112,169.146291,169.302374,169.302374,6109890
2009-11-18,169.302374,169.353365,169.023162,169.074085,169.074085,8788715
2009-11-19,169.074085,170.676410,168.292062,169.890610,169.890610,6912377
2009-11-20,169.890610,170.805224,168.239222,169.149848,169.149848,6405305
2009-11-23,169.149848,172.717994,168.521082,172.078342,172.078342,4256614
2009-11-24,172.078342,172.750213,170.258093,170.925463,170.925463,7718175
2009-11-25,170.925463,173.053790,169.926650,172.048415,172.048415,13025922
2009-11-26,172.048415,173.179352,168.416263,169.530649,169.530649,10464122
2009-11-27,169.530649,169.605025,163.285318,163.356986,163.356986,5385626
2009-11-30,163.356986,164.699747,162.824594,164.164723,164.164723,4371919
2009-12-01,164.164723,167.406626,164.073951,167.314112,167.314112,7165028
2009-12-02,167.314112,167.343930,162.752532,162.781542,162.781542,7190270
2009-12-03,162.781542,166.231929,161.975441,165.412798,165.412798,11373261
2009-12-04,165.412798,165.986543,162.371568,162.936724,162.936724,8100084
2009-12-07,162.936724,164.103849,162.726976,163.892871,163.892871,4962454
2009-12-08,163.892871,165.775245,162.809948,164.687074,164.687074,5850329
2009-12-09,164.687074,171.576549,163.963875,170.826390,170.826390,5554818
2009-12-10,170.826390,172.704486,169.877685,171.750648,171.750648,7445713
2009-12-11,171.750648,173.568443,171.148861,172.962410,172.962410,4605679
2009-12-14,172.962410,174.663956,172.021351,173.718781,173.718781,4699432
2009-12-15,173.718781,174.218348,172.827859,173.326296,173.326296,4232954
2009-12-16,173.326296,179.405043,172.922750,178.988314,178.988314,6917887
2009-12-17,178.988314,180.633519,178.259335,179.900823,179.900823,9326863
2009-12-18,179.900823,180.395768,179.178322,179.672640,179.672640,6979916
2009-12-21,179.672640,181.235095,178.075268,179.637417,179.637417,9950208
2009-12-22,179.637417,185.126911,179.143440,184.619235,184.619235,7069743
2009-12-23,184.619235,190.873024,182.618194,188.826383,188.826383,4279120
2009-12-24,188.826383,189.905040,188.516614,189.594011,189.594011,6169934
2009-12-25,189.594011,190.004191,185.404899,185.806885,185.806885,3213211
2009-12-28,185.806885,186.555370,185.622833,186.370758,186.370758,7926070
2009-12-29,186.370758,191.344317,184.449791,189.392207,189.392207,6003135
2009-12-30,189.392207,190.726055,188.999916,190.331817,190.331817,5100050
2009-12-31,190.331817,192.020762,188.155145,189.839724,189.839724,6934444
2010-01-01,189.839724,193.621059,189.182643,192.953202,192.953202,11730622
2010-01-04,192.953202,196.582202,192.246001,195.864331,195.864331,10828634
2010-01-05,195.864331,197.096182,193.938143,195.165598,195.165598,10154281
2010-01-06,195.165598,196.288973,192.334590,193.448079,193.448079,4239767
2010-01-07,193.448079,198.498994,192.728740,197.763607,197.763607,8868312
2010-01-08,197.763607,198.139041,184.299381,184.649920,184.649920,7480542
2010-01-11,184.649920,191.971604,182.531989,189.794663,189.794663,5530144
2010-01-12,189.794663,190.089878,187.941773,188.234561,188.234561,9794702
2010-01-13,188.234561,206.744978,186.854126,205.239833,205.239833,4715897
2010-01-14,205.239833,207.396880,204.324072,206.475605,206.475605,6026554
2010-01-15,206.475605,207.381048,204.941169,205.843842,205.843842,5859794
2010-01-18,205.843842,206.948017,205.366435,206.469160,206.469160,10813121
2010-01-19,206.469160,209.987340,205.859307,209.368922,209.368922,4693370
2010-01-20,209.368922,210.828196,204.344996,205.779250,205.779250,6061370
2010-01-21,205.779250,206.581605,202.826101,203.620037,203.620037,6200955
2010-01-22,203.620037,204.511356,203.361720,204.252238,204.252238,3606427
2010-01-25,204.252238,213.574294,203.579401,212.873059,212.873059,9228145
2010-01-26,212.873059,214.003830,210.445071,211.568914,211.568914,4573627
2010-01-27,211.568914,212.805121,207.154008,208.371533,208.371533,7419484
2010-01-28,208.371533,210.802463,207.801808,210.227663,210.227663,6835131
2010-01-29,210.227663,211.665426,206.690797,208.114105,208.114105,5951583
2010-02-01,208.114105,209.322424,206.071719,207.275167,207.275167,6246284
2010-02-02,207.275167,212.800373,206.496397,212.003836,212.003836,7202864
2010-02-03,212.003836,216.598736,210.460281,215.033125,215.033125,9279744
2010-02-04,215.033125,215.755590,207.835050,208.535685,208.535685,4758336
2010-02-05,208.535685,211.153635,207.653096,210.263733,210.263733,3016445
2010-02-08,210.263733,212.353563,209.600341,211.685685,211.685685,8712798
2010-02-09,211.685685,213.455255,211.027385,212.793510,212.793510,7494397
2010-02-10,212.793510,213.186925,210.728135,211.118453,211.118453,4947250
2010-02-11,211.118453,212.242079,208.926346,210.044255,210.044255,8748601
2010-02-12,210.044255,214.558243,209.834360,214.344052,214.344052,9116706
2010-02-15,214.344052,215.589372,206.168037,207.372855,207.372855,10626881
2010-02-16,207.372855,208.437305,207.056318,208.119627,208.119627,4252750
2010-02-17,208.119627,211.612793,205.465652,208.948251,208.948251,3090247
2010-02-18,208.948251,209.351367,207.674324,208.075757,208.075757,6769147
2010-02-19,208.075757,216.619288,207.660659,216.188006,216.188006,4984230
2010-02-22,216.188006,216.689766,212.951500,213.446897,213.446897,6779994
2010-02-23,213.446897,215.133859,212.745661,214.429395,214.429395,4619945
2010-02-24,214.429395,215.342395,210.914923,211.816799,211.816799,7479225
2010-02-25,211.816799,212.391116,210.136715,210.708025,210.708025,8147918
2010-02-26,210.708025,213.559551,210.269687,213.116204,213.116204,5554368
2010-03-01,213.116204,218.045851,213.113986,218.043582,218.043582,7795947
2010-03-02,218.043582,225.881441,217.623614,225.447213,225.447213,2542672
2010-03-03,225.447213,227.585219,224.716538,226.849997,226.849997,3270911
2010-03-04,226.849997,230.064469,225.761974,228.966296,228.966296,5764455
2010-03-05,228.966296,235.275612,227.836821,234.120712,234.120712,4836811
2010-03-08,234.120712,238.865359,233.342721,238.074230,238.074230,2958579
2010-03-09,238.074230,238.941944,231.039361,231.884515,231.884515,5823958
2010-03-10,231.884515,235.243422,230.487780,233.834940,233.834940,7057209
2010-03-11,233.834940,235.689070,233.247556,235.098513,235.098513,4040966
2010-03-12,235.098513,236.110946,231.003561,232.002662,232.002662,6552209
2010-03-15,232.002662,234.707597,231.981547,234.686238,234.686238,4982800
2010-03-16,234.686238,239.212815,234.020788,238.536448,238.536448,4123885
2010-03-17,238.536448,246.060782,238.259039,245.774955,245.774955,6957174
2010-03-18,245.774955,245.876983,244.094439,244.195811,244.195811,6140004
2010-03-19,244.195811,248.676876,242.847060,247.310920,247.310920,5932305
2010-03-22,247.310920,247.511087,244.051174,244.248863,244.248863,5338108
2010-03-23,244.248863,247.539155,244.130325,247.419079,247.419079,6124379
2010-03-24,247.419079,251.369744,247.058987,251.004434,251.004434,3056632
2010-03-25,251.004434,257.480132,248.557924,254.994730,254.994730,2972200
2010-03-26,254.994730,264.465541,251.688146,261.080047,261.080047,4906158
2010-03-29,261.080047,266.865118,259.659172,265.420621,265.420621,5887364
2010-03-30,265.420621,266.271383,262.105601,262.948440,262.948440,3691567
2010-03-31,262.948440,264.435698,259.388128,260.863595,260.863595,3581151
2010-04-01,260.863595,262.784927,256.293039,258.194714,258.194714,3375147
2010-04-02,258.194714,260.365600,257.624718,259.792078,259.792078,3067509
2010-04-05,259.792078,261.777284,257.853676,259.838536,259.838536,8052682
2010-04-06,259.838536,260.285653,245.905950,246.329823,246.329823,6041331
2010-04-07,246.329823,247.106835,246.170437,246.947050,246.947050,6038684
2010-04-08,246.947050,247.937677,246.914243,247.904742,247.904742,8856783
2010-04-09,247.904742,252.212055,246.792280,251.085321,251.085321,5772577
2010-04-12,251.085321,251.180063,250.805109,250.899782,250.899782,6563877
2010-04-13,250.899782,253.218018,249.428693,251.741992,251.741992,5169777
2010-04-14,251.741992,255.024359,251.395845,254.674181,254.674181,3685825
2010-04-15,254.674181,263.326621,251.623096,260.209224,260.209224,7788471
2010-04-16,260.209224,265.814766,259.837249,265.435320,265.435320,9615489
2010-04-19,265.435320,266.646644,265.213538,266.424036,266.424036,4742268
2010-04-20,266.424036,278.204766,265.234014,276.967650,276.967650,4898231
2010-04-21,276.967650,279.702588,271.247633,273.952800,273.952800,7348391
2010-04-22,273.952800,276.265144,268.758668,271.046481,271.046481,9646907
2010-04-23,271.046481,273.828054,270.471893,273.248797,273.248797,4936032
2010-04-26,273.248797,278.622308,272.724455,278.088678,278.088678,7563721
2010-04-27,278.088678,280.262231,277.582162,279.752684,279.752684,7082452
2010-04-28,279.752684,285.705683,278.294504,284.224196,284.224196,4810594
2010-04-29,284.224196,284.852971,282.544553,283.170997,283.170997,8177136
2010-04-30,283.170997,284.441350,281.162258,282.429283,282.429283,7338452
2010-05-03,282.429283,282.898919,281.304011,281.772555,281.772555,4350082
2010-05-04,281.772555,281.915351,271.811049,271.948867,271.948867,5426534
2010-05-05,271.948867,276.769715,271.255160,276.065507,276.065507,3948516
2010-05-06,276.065507,278.853022,274.815594,277.596178,277.596178,10549260
2010-05-07,277.596178,279.888201,277.075656,279.364363,279.364363,7202030
2010-05-10,279.364363,291.005243,278.468015,290.074532,290.074532,2536558
2010-05-11,290.074532,292.834629,288.910283,291.664001,291.664001,4694367
2010-05-12,291.664001,297.116985,289.796638,295.226812,295.226812,5919219
2010-05-13,295.226812,303.705217,292.914565,301.345051,301.345051,10043295
2010-05-14,301.345051,306.814215,299.519844,304.967070,304.967070,5589661
2010-05-17,304.967070,316.603105,302.062192,313.615845,313.615845,6855298
2010-05-18,313.615845,320.259809,312.182500,318.802758,318.802758,3981207
2010-05-19,318.802758,321.867493,318.361782,321.422893,321.422893,5892981
2010-05-20,321.422893,321.939175,310.076331,310.575189,310.575189,6265743
2010-05-21,310.575189,311.345317,303.368893,304.123022,304.123022,11986795
2010-05-24,304.123022,304.346945,301.347613,301.569657,301.569657,7607019
2010-05-25,301.569657,301.809403,298.279100,298.516419,298.516419,8169426
2010-05-26,298.516419,298.677407,296.091418,296.251184,296.251184,5044204
2010-05-27,296.251184,297.028514,292.734904,293.505029,293.505029,4043813
2010-05-28,293.505029,295.125132,292.746640,294.364522,294.364522,7096186
2010-05-31,294.364522,297.243596,294.016725,296.892812,296.892812,6631168
2010-06-01,296.892812,296.922557,292.353713,292.383005,292.383005,6124333
2010-06-02,292.383005,292.911075,291.187153,291.714015,291.714015,6873341
2010-06-03,291.714015,292.359013,288.658892,289.298550,289.298550,6164882
2010-06-04,289.298550,295.707031,288.790993,295.189139,295.189139,3653642
2010-06-07,295.189139,295.393115,295.019408,295.223364,295.223364,3440290
2010-06-08,295.223364,296.038723,286.905214,287.699794,287.699794,6495361
2010-06-09,287.699794,291.430284,287.427867,291.155091,291.155091,2968368
2010-06-10,291.155091,292.151970,280.452395,281.415928,281.415928,6358903
2010-06-11,281.415928,288.353203,279.908002,286.816340,286.816340,9201751
2010-06-14,286.816340,287.381590,282.308999,282.866465,282.866465,3082171
2010-06-15,282.866465,284.831265,282.600729,284.563934,284.563934,4711976
2010-06-16,284.563934,284.872294,284.159931,284.468188,284.468188,2934342
2010-06-17,284.468188,288.854633,283.016853,287.388400,287.388400,4516959
2010-06-18,287.388400,288.810680,286.530192,287.950793,287.950793,4002542
2010-06-21,287.950793,290.071471,287.232599,289.349787,289.349787,7209429
2010-06-22,289.349787,289.893495,285.761674,286.299650,286.299650,6930558
2010-06-23,286.299650,288.628006,278.820369,281.106491,281.106491,7165617
2010-06-24,281.106491,282.000391,280.762489,281.655717,281.655717,4009493
2010-06-25,281.655717,281.785176,280.398953,280.527893,280.527893,11698266
2010-06-28,280.527893,284.185271,278.577981,282.223572,282.223572,5099879
2010-06-29,282.223572,282.431871,278.008708,278.214048,278.214048,3983446
2010-06-30,278.214048,279.214434,276.138437,277.134943,277.134943,4135872
2010-07-01,277.134943,277.797949,275.458015,276.118590,276.118590,4564294
2010-07-02,276.118590,276.536626,269.957811,270.367140,270.367140,4757637
2010-07-05,270.367140,271.998284,269.305936,270.934852,270.934852,6439546
2010-07-06,270.934852,271.038310,270.640435,270.743820,270.743820,3096071
2010-07-07,270.743820,272.014627,269.785167,271.054872,271.054872,2958234
2010-07-08,271.054872,277.365495,270.818220,277.123544,277.123544,7642519
2010-07-09,277.123544,284.829011,276.660303,284.353685,284.353685,9445167
2010-07-12,284.353685,291.568446,283.655994,290.854804,290.854804,6922931
2010-07-13,290.854804,296.631505,290.029287,295.791975,295.791975,5586312
2010-07-14,295.791975,296.524844,295.233437,295.965978,295.965978,3731553
2010-07-15,295.965978,296.547189,294.202542,294.781427,294.781427,8030913
2010-07-16,294.781427,299.445442,294.030706,298.684781,298.684781,5494674
2010-07-19,298.684781,299.939182,295.332315,296.577868,296.577868,4572569
2010-07-20,296.577868,301.323550,296.045400,300.783532,300.783532,7710321
2010-07-21,300.783532,306.921312,298.389660,304.497878,304.497878,3311203
2010-07-22,304.497878,308.236157,302.817653,306.544638,306.544638,8176044
2010-07-23,306.544638,311.593980,305.158029,310.190878,310.190878,5631788
2010-07-26,310.190878,311.422866,298.713386,299.904519,299.904519,5784002
2010-07-27,299.904519,304.398389,299.726698,304.218010,304.218010,5397233
2010-07-28,304.218010,310.250920,302.878105,308.890435,308.890435,4604337
2010-07-29,308.890435,312.830829,307.684519,311.614279,311.614279,12791027
2010-07-30,311.614279,312.613360,308.035226,309.026008,309.026008,6654542
2010-08-02,309.026008,310.835023,308.474552,310.281327,310.281327,4730432
2010-08-03,310.281327,311.021942,308.620771,309.359184,309.359184,5780162
2010-08-04,309.359184,310.623288,298.912550,300.138978,300.138978,12468947
2010-08-05,300.138978,301.146557,296.921196,297.921331,297.921331,12352845
2010-08-06,297.921331,306.748358,296.031912,304.815218,304.815218,4550259
2010-08-09,304.815218,310.802305,301.845059,307.803032,307.803032,8911128
2010-08-10,307.803032,308.182678,302.114227,302.487316,302.487316,5589828
2010-08-11,302.487316,302.536105,302.039627,302.088353,302.088353,3839567
2010-08-12,302.088353,303.033274,300.902486,301.846651,301.846651,9161149
2010-08-13,301.846651,303.903029,294.784903,296.806947,296.806947,5774881
2010-08-16,296.806947,298.431892,294.255876,295.875723,295.875723,8707517
2010-08-17,295.875723,296.236171,292.135917,292.492244,292.492244,9219876
2010-08-18,292.492244,300.054443,291.219477,298.754427,298.754427,3542826
2010-08-19,298.754427,307.241987,296.160611,304.597441,304.597441,7564708
2010-08-20,304.597441,307.195381,299.314166,301.889005,301.889005,10656869
2010-08-23,301.889005,301.928288,298.670826,298.709695,298.709695,4894846
2010-08-24,298.709695,299.024106,292.349741,292.657782,292.657782,5503428
2010-08-25,292.657782,300.668400,290.828466,298.800686,298.800686,7732862
2010-08-26,298.800686,307.403145,296.667812,305.224417,305.224417,2831221
2010-08-27,305.224417,312.173541,303.221478,310.138356,310.138356,8488079
2010-08-30,310.138356,310.783304,299.052766,299.675957,299.675957,6148771
2010-08-31,299.675957,308.941173,297.477223,306.690969,306.690969,3263679
2010-09-01,306.690969,312.540314,305.570124,311.402251,311.402251,4799275
2010-09-02,311.402251,316.548404,310.983793,316.123602,316.123602,8198396
2010-09-03,316.123602,316.891040,311.875050,312.634017,312.634017,5670332
2010-09-06,312.634017,321.121522,311.598554,320.061460,320.061460,4557483
2010-09-07,320.061460,320.286161,316.994114,317.216817,317.216817,6740458
2010-09-08,317.216817,318.396220,309.639156,310.794681,310.794681,6282724
2010-09-09,310.794681,313.502746,308.471139,311.176351,311.176351,6001645
2010-09-10,311.176351,317.767209,310.473708,317.051301,317.051301,6771665
2010-09-13,317.051301,317.281811,312.072850,312.299906,312.299906,2399335
2010-09-14,312.299906,314.122852,309.417839,311.234566,311.234566,6246548
2010-09-15,311.234566,311.525639,309.071768,309.361088,309.361088,6222154
2010-09-16,309.361088,310.339833,303.472490,304.435652,304.435652,9399381
2010-09-17,304.435652,305.213897,304.130044,304.907815,304.907815,2391719
2010-09-20,304.907815,306.326585,301.155703,302.563565,302.563565,4740744
2010-09-21,302.563565,306.313993,301.156966,304.896549,304.896549,7652741
2010-09-22,304.896549,307.212590,302.493392,304.808767,304.808767,3804658
2010-09-23,304.808767,305.285477,303.628554,304.104162,304.104162,9682406
2010-09-24,304.104162,306.171362,303.518605,305.582958,305.582958,5596250
2010-09-27,305.582958,313.944732,303.417589,311.735764,311.735764,9251944
2010-09-28,311.735764,313.165958,310.195720,311.625408,311.625408,3723243
2010-09-29,311.625408,316.998384,311.203473,316.569754,316.569754,7706572
2010-09-30,316.569754,318.557400,316.125628,318.111111,318.111111,5846130
2010-10-01,318.111111,318.382741,309.053895,309.318016,309.318016,5517023
2010-10-04,309.318016,318.466236,309.128733,318.271473,318.271473,7601838
2010-10-05,318.271473,322.572968,317.539214,321.832515,321.832515,8527761
2010-10-06,321.832515,322.709876,319.661056,320.534879,320.534879,5725789
2010-10-07,320.534879,331.336407,318.036561,328.773872,328.773872,8013918
2010-10-08,328.773872,330.847992,322.763834,324.812966,324.812966,10113393
2010-10-11,324.812966,325.329350,317.965862,318.472166,318.472166,5578293
2010-10-12,318.472166,328.425959,317.698407,327.629950,327.629950,4819860
2010-10-13,327.629950,329.873514,324.522926,326.760537,326.760537,6688857
2010-10-14,326.760537,330.729643,325.220077,329.177787,329.177787,5316083
2010-10-15,329.177787,329.976313,321.106660,321.887501,321.887501,7312244
2010-10-18,321.887501,322.644271,317.618804,318.367297,318.367297,3940472
2010-10-19,318.367297,318.631020,316.737302,316.999892,316.999892,8739410
2010-10-20,316.999892,317.446945,315.798033,316.244019,316.244019,6673744
2010-10-21,316.244019,316.553462,312.862203,313.168637,313.168637,6581060
2010-10-22,313.168637,317.445521,312.016579,316.282010,316.282010,7043256
2010-10-25,316.282010,316.868964,314.760783,315.345999,315.345999,3272355
2010-10-26,315.345999,316.088959,313.748664,314.489606,314.489606,5843332
2010-10-27,314.489606,315.693314,308.743882,309.930139,309.930139,5403385
2010-10-28,309.930139,317.818932,307.771248,315.620403,315.620403,11629094
2010-10-29,315.620403,316.458043,309.717601,310.541762,310.541762,6181994
2010-11-01,310.541762,312.785826,310.134147,312.375804,312.375804,9308829
2010-11-02,312.375804,314.597030,311.005590,313.223099,313.223099,8016896
2010-11-03,313.223099,316.677899,312.965424,316.417596,316.417596,6932154
2010-11-04,316.417596,317.138752,310.563130,311.272560,311.272560,14678530
2010-11-05,311.272560,315.255257,310.477755,314.452332,314.452332,4931965
2010-11-08,314.452332,315.355088,309.054246,309.944059,309.944059,5441841
2010-11-09,309.944059,310.693274,307.480781,308.225843,308.225843,4014110
2010-11-10,308.225843,315.771560,307.043288,314.564685,314.564685,10300561
2010-11-11,314.564685,315.191830,312.874385,313.499407,313.499407,7186773
2010-11-12,313.499407,313.941181,309.909536,310.346868,310.346868,9102541
2010-11-15,310.346868,310.440258,307.187390,307.279857,307.279857,6462224
2010-11-16,307.279857,309.148619,303.563490,305.420947,305.420947,6211594
2010-11-17,305.420947,311.269927,304.947438,310.788098,310.788098,3845845
2010-11-18,310.788098,312.121201,309.659098,310.991462,310.991462,6272774
2010-11-19,310.991462,311.301966,310.990285,311.300789,311.300789,8905941
2010-11-22,311.300789,316.476855,311.032766,316.204611,316.204611,7142878
2010-11-23,316.204611,323.676216,315.120261,322.570037,322.570037,5517002
2010-11-24,322.570037,323.278068,319.267919,319.970244,319.970244,9376582
2010-11-25,319.970244,321.724293,307.869143,309.566158,309.566158,9966113
2010-11-26,309.566158,317.462735,309.495375,317.390163,317.390163,7096219
2010-11-29,317.390163,317.481998,315.538093,315.629419,315.629419,11750873
2010-11-30,315.629419,320.418841,315.403831,320.189993,320.189993,6708378
2010-12-01,320.189993,326.760184,319.922561,326.487492,326.487492,5500865
2010-12-02,326.487492,326.746517,322.856856,323.113203,323.113203,5662558
2010-12-03,323.113203,328.638588,321.281591,326.786155,326.786155,6922477
2010-12-06,326.786155,331.854652,324.519802,329.568999,329.568999,5081998
2010-12-07,329.568999,334.342779,329.334804,334.105360,334.105360,5629539
2010-12-08,334.105360,334.919374,326.639390,327.437157,327.437157,9840002
2010-12-09,327.437157,336.640575,326.098407,335.269801,335.269801,4289591
2010-12-10,335.269801,336.019066,335.043162,335.792074,335.792074,12578479
2010-12-13,335.792074,337.663324,329.897018,331.745720,331.745720,6289002
2010-12-14,331.745720,338.948361,331.089087,338.278797,338.278797,8603834
2010-12-15,338.278797,343.018550,337.492500,342.223085,342.223085,7880329
2010-12-16,342.223085,346.907520,340.568114,345.237968,345.237968,4253213
2010-12-17,345.237968,345.611409,339.216438,339.583762,339.583762,7747801
2010-12-20,339.583762,344.210384,338.779450,343.397040,343.397040,5217654
2010-12-21,343.397040,345.249808,340.844102,342.693071,342.693071,4085411
2010-12-22,342.693071,343.856773,336.058681,337.203742,337.203742,7196048
2010-12-23,337.203742,337.900873,327.450055,328.128424,328.128424,4208887
2010-12-24,328.128424,328.718320,326.347288,326.935039,326.935039,7547887
2010-12-27,326.935039,333.275102,325.418710,331.736504,331.736504,4655845
2010-12-28,331.736504,336.339834,330.630994,335.222706,335.222706,9127312
2010-12-29,335.222706,336.091795,328.804791,329.659457,329.659457,6936586
2010-12-30,329.659457,338.397511,327.835541,336.535551,336.535551,4523251
2010-12-31,336.535551,339.197326,328.226006,330.842754,330.842754,6558869
2011-01-03,330.842754,336.595094,328.952999,334.683402,334.683402,5170095
2011-01-04,334.683402,336.729145,325.518745,327.520706,327.520706,3261093
2011-01-05,327.520706,328.009361,324.101374,324.585650,324.585650,5738617
2011-01-06,324.585650,331.794603,322.037238,329.209885,329.209885,9275735
2011-01-07,329.209885,331.668493,324.375749,326.816483,326.816483,6159550
2011-01-10,326.816483,328.495083,314.210446,315.832630,315.832630,4535292
2011-01-11,315.832630,318.003111,314.065424,316.233661,316.233661,15412160
2011-01-12,316.233661,323.233630,314.406413,321.376664,321.376664,6744221
2011-01-13,321.376664,322.690095,319.742446,321.054560,321.054560,5775059
2011-01-14,321.054560,321.474492,317.954391,318.370812,318.370812,5037873
2011-01-17,318.370812,319.782548,318.340185,319.751787,319.751787,5149441
2011-01-18,319.751787,320.729385,319.164887,320.141769,320.141769,6233081
2011-01-19,320.141769,325.892084,320.090501,325.839904,325.839904,4537765
2011-01-20,325.839904,327.919338,323.834054,325.913037,325.913037,5913875
2011-01-21,325.913037,327.551410,325.486969,327.123758,327.123758,10583793
2011-01-24,327.123758,327.181557,326.892818,326.950586,326.950586,5964473
2011-01-25,326.950586,331.616657,326.061683,330.717512,330.717512,4248284
2011-01-26,330.717512,330.930814,319.911840,320.118306,320.118306,4777508
2011-01-27,320.118306,332.242963,319.022947,331.109992,331.109992,8888871
2011-01-28,331.109992,331.181150,328.360776,328.431358,328.431358,3102634
2011-01-31,328.431358,333.058924,326.570188,331.182165,331.182165,6414739
2011-02-01,331.182165,333.494603,330.381924,332.690717,332.690717,8377005
2011-02-02,332.690717,333.479849,321.863238,322.628504,322.628504,7829015
2011-02-03,322.628504,323.669088,319.043613,320.075964,320.075964,12108286
2011-02-04,320.075964,320.570950,315.723125,316.212135,316.212135,5725510
2011-02-07,316.212135,320.657893,315.421416,319.858057,319.858057,4813806
2011-02-08,319.858057,320.217498,318.740185,319.098772,319.098772,3656167
2011-02-09,319.098772,321.177443,317.395379,319.472057,319.472057,5973166
2011-02-10,319.472057,322.955181,317.759685,321.233369,321.233369,11406410
2011-02-11,321.233369,321.472852,315.367603,315.602888,315.602888,5504410
2011-02-14,315.602888,320.429803,314.623477,319.438488,319.438488,3527139
2011-02-15,319.438488,333.046314,317.096344,330.622170,330.622170,5386891
2011-02-16,330.622170,330.813280,325.517445,325.705713,325.705713,7978869
2011-02-17,325.705713,329.708121,325.627422,329.628886,329.628886,6122767
2011-02-18,329.628886,330.829632,326.189565,327.382126,327.382126,3607746
2011-02-21,327.382126,328.868812,326.983171,328.468533,328.468533,6445013
2011-02-22,328.468533,329.494928,327.030519,328.055624,328.055624,8371364
2011-02-23,328.055624,328.247873,326.040353,326.231533,326.231533,3708337
2011-02-24,326.231533,328.327021,325.584095,327.676715,327.676715,6619453
2011-02-25,327.676715,332.951058,325.874859,331.130211,331.130211,5596037
2011-02-28,331.130211,332.887970,329.253719,331.010845,331.010845,4159524
2011-03-01,331.010845,331.117243,324.032005,324.136193,324.136193,5520857
2011-03-02,324.136193,326.644257,319.672028,322.164839,322.164839,2508819
2011-03-03,322.164839,330.856115,320.104779,328.753922,328.753922,5304713
2011-03-04,328.753922,333.412544,328.709721,333.367722,333.367722,8285862
2011-03-07,333.367722,335.432068,331.400467,333.464243,333.464243,3811991
2011-03-08,333.464243,334.282120,332.235402,333.052269,333.052269,6807845
2011-03-09,333.052269,334.168620,322.985955,324.072205,324.072205,6558506
2011-03-10,324.072205,329.854657,323.449365,329.221920,329.221920,7421931
2011-03-11,329.221920,338.094437,328.062201,336.907645,336.907645,6939771
2011-03-14,336.907645,337.762458,321.543213,322.361118,322.361118,5907793
2011-03-15,322.361118,324.104992,321.616314,323.357884,323.357884,4463780
2011-03-16,323.357884,324.639231,321.464152,322.743063,322.743063,8577274
2011-03-17,322.743063,325.053927,321.643292,323.950044,323.950044,9666899
2011-03-18,323.950044,325.492325,322.680527,324.221742,324.221742,4498902
2011-03-21,324.221742,325.311696,311.205425,312.255150,312.255150,7604788
2011-03-22,312.255150,330.347396,311.864169,329.934278,329.934278,6811854
2011-03-23,329.934278,330.517729,324.899984,325.475549,325.475549,5194056
2011-03-24,325.475549,325.875218,322.833964,323.230876,323.230876,5071266
2011-03-25,323.230876,332.796513,323.176083,332.740108,332.740108,11995906
2011-03-28,332.740108,338.613737,330.460431,336.309604,336.309604,6127003
2011-03-29,336.309604,340.473352,335.899375,340.058550,340.058550,8146342
2011-03-30,340.058550,342.605067,339.481571,342.024751,342.024751,4256411
2011-03-31,342.024751,347.500945,341.299528,346.765669,346.765669,5278072
2011-04-01,346.765669,350.355111,345.829684,349.411983,349.411983,4762345
2011-04-04,349.411983,352.419022,346.130804,349.135462,349.135462,7378753
2011-04-05,349.135462,350.659356,345.257401,346.770975,346.770975,4610995
2011-04-06,346.770975,356.995024,345.069317,355.251749,355.251749,5784191
2011-04-07,355.251749,357.161637,354.375574,356.282919,356.282919,11667496
2011-04-08,356.282919,362.779902,354.578874,361.053042,361.053042,4720762
2011-04-11,361.053042,361.211457,360.164675,360.322769,360.322769,6009036
2011-04-12,360.322769,371.621089,358.928122,370.188257,370.188257,5531131
2011-04-13,370.188257,371.309610,370.188226,371.309579,371.309579,4577162
2011-04-14,371.309579,372.876150,364.641368,366.186323,366.186323,2674293
2011-04-15,366.186323,368.158466,356.086428,358.014562,358.014562,7025043
2011-04-18,358.014562,358.405288,353.392518,353.778622,353.778622,9189100
2011-04-19,353.778622,354.312480,342.357907,342.875312,342.875312,4996407
2011-04-20,342.875312,349.170541,342.028808,348.310618,348.310618,3455853
2011-04-21,348.310618,351.834669,347.268055,350.784700,350.784700,5434644
2011-04-22,350.784700,351.572210,345.671546,346.449323,346.449323,5565678
2011-04-25,346.449323,349.964595,344.643590,348.149998,348.149998,6923499
2011-04-26,348.149998,348.984508,341.927163,342.748727,342.748727,3308206
2011-04-27,342.748727,345.921347,342.494519,345.664976,345.664976,6686136
2011-04-28,345.664976,351.138090,345.105998,350.571178,350.571178,7062239
2011-04-29,350.571178,353.651893,350.331844,353.410621,353.410621,8618266
2011-05-02,353.410621,355.432393,346.535934,348.529784,348.529784,6616143
2011-05-03,348.529784,349.377009,347.021504,347.867117,347.867117,15029534
2011-05-04,347.867117,349.685513,345.735993,347.552744,347.552744,5621088
2011-05-05,347.552744,348.327270,347.022231,347.796385,347.796385,13780240
2011-05-06,347.796385,349.181961,346.651918,348.036703,348.036703,4666620
2011-05-09,348.036703,348.354380,342.064223,342.376733,342.376733,6048123
2011-05-10,342.376733,343.727605,327.923490,329.222461,329.222461,4978503
2011-05-11,329.222461,332.632779,328.170922,331.573730,331.573730,4481005
2011-05-12,331.573730,333.257216,329.577498,331.259388,331.259388,5491226
2011-05-13,331.259388,334.068913,329.852290,332.655884,332.655884,6611001
2011-05-16,332.655884,333.520189,323.623399,324.466426,324.466426,5084316
2011-05-17,324.466426,324.664816,319.527302,319.722792,319.722792,6487765
2011-05-18,319.722792,325.523016,318.796588,324.582733,324.582733,4897356
2011-05-19,324.582733,324.978613,322.605919,322.999868,322.999868,7672452
2011-05-20,322.999868,324.323969,314.819035,316.114912,316.114912,4998900
2011-05-23,316.114912,320.657382,314.424136,318.951435,318.951435,7397647
2011-05-24,318.951435,323.522095,318.274521,322.836935,322.836935,6416670
2011-05-25,322.836935,323.140864,304.629562,304.916621,304.916621,5669467
2011-05-26,304.916621,313.738125,303.389573,312.174728,312.174728,5672427
2011-05-27,312.174728,313.008868,303.421949,304.234874,304.234874,3587670
2011-05-30,304.234874,305.245139,297.332379,298.323013,298.323013,6229709
2011-05-31,298.323013,299.724103,294.843863,296.235148,296.235148,6180468
2011-06-01,296.235148,299.998702,294.568459,298.320281,298.320281,6522697
2011-06-02,298.320281,301.260046,297.434624,300.368309,300.368309,6224445
2011-06-03,300.368309,307.649150,298.674019,305.923526,305.923526,5718146
2011-06-06,305.923526,312.582013,305.635507,312.288002,312.288002,6400611
2011-06-07,312.288002,313.798072,310.576176,312.085265,312.085265,4820218
2011-06-08,312.085265,313.955798,309.796210,311.664219,311.664219,5331089
2011-06-09,311.664219,324.658047,309.757650,322.684065,322.684065,6691695
2011-06-10,322.684065,324.071291,315.608049,316.970713,316.970713,9389205
2011-06-13,316.970713,317.801006,311.998437,312.817852,312.817852,7875968
2011-06-14,312.817852,322.914035,311.419546,321.477022,321.477022,2825157
2011-06-15,321.477022,321.477973,318.491268,318.492210,318.492210,7755390
2011-06-16,318.492210,324.209558,316.029480,321.721856,321.721856,9461768
2011-06-17,321.721856,325.589123,319.963921,323.819725,323.819725,5510585
2011-06-20,323.819725,323.959724,323.109983,323.249736,323.249736,5334511
2011-06-21,323.249736,323.942921,320.681655,321.370811,321.370811,5137746
2011-06-22,321.370811,325.024068,320.987387,324.636747,324.636747,8750473
2011-06-23,324.636747,324.997731,318.133921,318.488068,318.488068,8038173
2011-06-24,318.488068,322.873185,317.091858,321.463929,321.463929,5525995
2011-06-27,321.463929,330.412994,319.240791,328.143661,328.143661,4404140
2011-06-28,328.143661,335.319047,327.506714,334.669433,334.669433,9133675
2011-06-29,334.669433,335.598301,327.359921,328.271031,328.271031,6455537
2011-06-30,328.271031,328.638375,321.169132,321.528932,321.528932,7849419
2011-07-01,321.528932,326.435864,321.030312,325.930419,325.930419,4567370
2011-07-04,325.930419,339.339173,323.939898,337.279343,337.279343,2581876
2011-07-05,337.279343,339.454941,336.213682,338.385784,338.385784,6408337
2011-07-06,338.385784,338.697169,325.332646,325.632295,325.632295,6128077
2011-07-07,325.632295,325.637530,321.603709,321.608879,321.608879,8696739
2011-07-08,321.608879,322.465906,321.047866,321.904377,321.904377,4902265
2011-07-11,321.904377,322.290247,321.409613,321.795352,321.795352,6880572
2011-07-12,321.795352,322.484010,319.016980,319.701157,319.701157,3523945
2011-07-13,319.701157,319.995036,315.745414,316.035924,316.035924,3272866
2011-07-14,316.035924,316.302396,312.013199,312.276501,312.276501,8794040
2011-07-15,312.276501,315.393747,311.027666,314.137470,314.137470,4027678
2011-07-18,314.137470,314.639352,311.524567,312.023071,312.023071,4829022
2011-07-19,312.023071,315.928793,311.021662,314.918093,314.918093,6667374
2011-07-20,314.918093,318.360407,313.142481,316.575450,316.575450,7903687
2011-07-21,316.575450,317.783329,314.136353,315.339517,315.339517,6375810
2011-07-22,315.339517,319.134109,314.657992,318.445870,318.445870,8760704
2011-07-25,318.445870,320.697323,317.804431,320.052647,320.052647,8730098
2011-07-26,320.052647,322.176735,319.850865,321.973742,321.973742,4908573
2011-07-27,321.973742,330.085317,321.898051,330.007737,330.007737,8095062
2011-07-28,330.007737,335.580692,327.596698,333.146720,333.146720,6184794
2011-07-29,333.146720,333.195004,328.659764,328.707404,328.707404,5664540
2011-08-01,328.707404,331.161430,323.906035,326.342404,326.342404,4392365
2011-08-02,326.342404,327.232071,323.290065,324.173820,324.173820,6749308
2011-08-03,324.173820,335.135538,321.655315,332.551945,332.551945,6183142
2011-08-04,332.551945,335.544189,328.524135,331.506977,331.506977,5271828
2011-08-05,331.506977,337.940886,331.146551,337.573864,337.573864,5349096
2011-08-08,337.573864,341.832021,336.439505,340.687201,340.687201,5262318
2011-08-09,340.687201,340.872895,340.067902,340.253359,340.253359,5409708
2011-08-10,340.253359,342.227776,339.084514,341.056172,341.056172,10558285
2011-08-11,341.056172,342.642076,337.649781,339.227180,339.227180,7791475
2011-08-12,339.227180,342.583199,337.899930,341.248042,341.248042,7346478
2011-08-15,341.248042,342.376041,340.452599,341.579825,341.579825,8388091
2011-08-16,341.579825,347.166347,341.474754,347.059590,347.059590,5686044
2011-08-17,347.059590,353.530816,345.745463,352.197236,352.197236,5401178
2011-08-18,352.197236,377.026574,351.595827,376.383865,376.383865,4144789
2011-08-19,376.383865,381.335613,375.726045,380.670302,380.670302,4824493
2011-08-22,380.670302,381.752218,378.869002,379.948869,379.948869,7474255
2011-08-23,379.948869,382.935718,379.346467,382.329542,382.329542,11390780
2011-08-24,382.329542,384.229708,381.388374,383.286185,383.286185,6865208
2011-08-25,383.286185,384.393228,377.919617,379.014322,379.014322,6281882
2011-08-26,379.014322,384.207158,377.168090,382.344703,382.344703,6829079
2011-08-29,382.344703,388.470101,380.919334,387.027274,387.027274,9082388
2011-08-30,387.027274,388.929526,384.677005,386.577044,386.577044,14807820
2011-08-31,386.577044,395.621631,386.163579,395.198944,395.198944,5969705
2011-09-01,395.198944,395.680704,393.195972,393.675875,393.675875,5347083
2011-09-02,393.675875,394.081392,391.167992,391.571341,391.571341,10186439
2011-09-05,391.571341,394.732317,382.281349,385.392446,385.392446,4821234
2011-09-06,385.392446,398.649414,384.906901,398.147799,398.147799,4499677
2011-09-07,398.147799,406.099300,397.359404,405.296749,405.296749,5827161
2011-09-08,405.296749,410.971922,404.591286,410.257823,410.257823,5002846
2011-09-09,410.257823,410.419682,405.717993,405.878124,405.878124,5907756
2011-09-12,405.878124,417.794619,405.186669,417.084074,417.084074,6534948
2011-09-13,417.084074,430.555591,416.908050,430.373958,430.373958,9614172
2011-09-14,430.373958,431.147161,426.793376,427.561527,427.561527,8436962
2011-09-15,427.561527,430.589186,422.487788,425.500856,425.500856,6145223
2011-09-16,425.500856,425.826072,424.716384,425.041249,425.041249,5374560
2011-09-19,425.041249,425.338484,424.963887,425.261082,425.261082,8732400
2011-09-20,425.261082,426.565175,424.841720,426.144941,426.144941,5974717
2011-09-21,426.144941,432.310825,421.602228,427.750992,427.750992,6066101
2011-09-22,427.750992,430.978856,425.845676,429.067675,429.067675,9928618
2011-09-23,429.067675,431.194695,424.786328,426.902616,426.902616,7044095
2011-09-26,426.902616,429.375409,425.772400,428.241648,428.241648,4589812
2011-09-27,428.241648,434.390043,426.849376,432.982359,432.982359,4977241
2011-09-28,432.982359,433.304690,432.244929,432.566952,432.566952,6812049
2011-09-29,432.566952,440.063284,430.245256,437.713963,437.713963,8161781
2011-09-30,437.713963,451.836598,432.662464,446.681607,446.681607,5793993
2011-10-03,446.681607,449.714524,446.076752,449.106385,449.106385,4219277
2011-10-04,449.106385,450.256384,445.595816,446.739756,446.739756,8919204
2011-10-05,446.739756,459.118127,445.635127,457.985692,457.985692,5253144
2011-10-06,457.985692,459.466739,453.873904,455.346416,455.346416,5783525
2011-10-07,455.346416,458.916255,454.764376,458.330400,458.330400,11322055
2011-10-10,458.330400,459.271706,453.359145,454.292158,454.292158,4288864
2011-10-11,454.292158,467.185425,453.698387,466.575600,466.575600,6982148
2011-10-12,466.575600,468.982480,461.191179,463.582619,463.582619,5271649
2011-10-13,463.582619,467.740266,447.228494,451.275768,451.275768,7052982
2011-10-14,451.275768,458.449625,450.071523,457.229493,457.229493,7835869
2011-10-17,457.229493,458.815770,454.805458,456.388820,456.388820,3767319
2011-10-18,456.388820,469.988993,456.005227,469.594301,469.594301,6449070
2011-10-19,469.594301,470.967051,453.778116,455.108520,455.108520,5914485
2011-10-20,455.108520,456.483119,451.945471,453.314651,453.314651,5881558
2011-10-21,453.314651,456.152502,446.089298,448.899509,448.899509,7058297
2011-10-24,448.899509,464.879250,445.415889,461.299402,461.299402,7346543
2011-10-25,461.299402,466.410395,450.403291,455.449469,455.449469,4265779
2011-10-26,455.449469,464.562907,451.002159,460.070475,460.070475,3620409
2011-10-27,460.070475,464.607249,457.322629,461.848782,461.848782,10226368
2011-10-28,461.848782,462.867135,457.427398,458.438230,458.438230,4985500
2011-10-31,458.438230,459.802462,453.724570,455.078805,455.078805,4295280
2011-11-01,455.078805,458.916089,448.629382,452.444453,452.444453,5098428
2011-11-02,452.444453,456.175946,452.402244,456.133392,456.133392,6002422
2011-11-03,456.133392,456.878742,454.155848,454.899181,454.899181,4945770
2011-11-04,454.899181,457.025696,454.215489,456.339839,456.339839,6335931
2011-11-07,456.339839,483.437424,455.675930,482.735113,482.735113,7815922
2011-11-08,482.735113,483.074157,471.673148,472.004656,472.004656,4768150
2011-11-09,472.004656,474.444534,471.988591,474.428387,474.428387,4387586
2011-11-10,474.428387,475.532143,470.617019,471.714461,471.714461,5660800
2011-11-11,471.714461,474.989502,469.707979,472.977648,472.977648,5160251
2011-11-14,472.977648,479.354965,472.782957,479.157731,479.157731,5858588
2011-11-15,479.157731,487.622518,479.099280,487.563041,487.563041,6017090
2011-11-16,487.563041,498.165547,485.811959,496.382788,496.382788,4592438
2011-11-17,496.382788,512.926827,494.531925,511.021381,511.021381,10031355
2011-11-18,511.021381,512.647036,500.482546,502.079757,502.079757,4005842
2011-11-21,502.079757,503.536675,501.709773,503.165891,503.165891,9296082
2011-11-22,503.165891,511.130413,502.948858,510.910040,510.910040,8538373
2011-11-23,510.910040,511.575821,500.639371,501.292619,501.292619,9923556
2011-11-24,501.292619,508.719036,498.106959,505.506596,505.506596,5771309
2011-11-25,505.506596,509.245780,499.811389,503.535997,503.535997,12803342
2011-11-28,503.535997,507.717532,501.429612,505.602502,505.602502,2891648
2011-11-29,505.602502,508.359789,495.559463,498.276800,498.276800,5103306
2011-11-30,498.276800,499.251631,497.543298,498.517774,498.517774,5104190
2011-12-01,498.517774,502.433477,490.210098,494.091031,494.091031,5303647
2011-12-02,494.091031,506.228500,493.320333,505.440100,505.440100,8042927
2011-12-05,505.440100,506.906149,491.958775,493.389872,493.389872,6921359
2011-12-06,493.389872,495.720756,483.923694,486.220709,486.220709,3885003
2011-12-07,486.220709,498.395929,485.870772,498.037487,498.037487,12154786
2011-12-08,498.037487,510.902907,493.909251,506.702844,506.702844,6331161
2011-12-09,506.702844,510.449415,505.089750,508.829550,508.829550,4059303
2011-12-12,508.829550,510.506976,494.623248,496.259233,496.259233,8730861
2011-12-13,496.259233,498.710950,494.217663,496.667699,496.667699,5961982
2011-12-14,496.667699,499.147722,494.423172,496.902136,496.902136,4350478
2011-12-15,496.902136,499.950713,495.993550,499.038221,499.038221,4940496
2011-12-16,499.038221,499.501876,494.271638,494.731292,494.731292,6221971
2011-12-19,494.731292,496.127187,493.953083,495.348008,495.348008,9076391
2011-12-20,495.348008,497.172314,492.741787,494.563203,494.563203,7671094
2011-12-21,494.563203,495.721703,491.262084,492.415553,492.415553,6398772
2011-12-22,492.415553,498.778294,490.331045,496.675751,496.675751,5565941
2011-12-23,496.675751,499.943487,490.796320,494.046760,494.046760,5073833
2011-12-26,494.046760,497.005679,492.691115,495.645647,495.645647,5743569
2011-12-27,495.645647,504.787153,495.611799,504.752683,504.752683,3474035
2011-12-28,504.752683,510.507836,504.381269,510.132464,510.132464,6972664
2011-12-29,510.132464,512.999690,508.111891,510.975777,510.975777,5846033
2011-12-30,510.975777,519.132658,510.579006,518.729866,518.729866,4275829
2012-01-02,518.729866,544.730367,517.987153,543.951541,543.951541,4336506
2012-01-03,543.951541,544.808270,532.686541,533.526851,533.526851,4263999
2012-01-04,533.526851,533.718854,527.480125,527.670020,527.670020,6099810
2012-01-05,527.670020,530.368937,525.946628,528.642369,528.642369,8347101
2012-01-06,528.642369,529.075275,509.975046,510.393008,510.393008,5425329
2012-01-09,510.393008,514.258217,505.121543,508.976022,508.976022,7876680
2012-01-10,508.976022,511.369571,508.390236,510.781707,510.781707,5178900
2012-01-11,510.781707,515.774719,509.428014,514.411406,514.411406,4006952
2012-01-12,514.411406,516.796815,493.822517,496.123119,496.123119,2788009
2012-01-13,496.123119,497.156649,492.122582,493.149918,493.149918,2998602
2012-01-16,493.149918,497.299089,484.697174,488.809830,488.809830,5389708
2012-01-17,488.809830,490.088429,488.482450,489.760412,489.760412,5902380
2012-01-18,489.760412,490.356701,487.880775,488.475499,488.475499,2746026
2012-01-19,488.475499,488.899054,476.479586,476.893098,476.893098,7760627
2012-01-20,476.893098,486.552520,472.552916,482.164365,482.164365,4033689
2012-01-23,482.164365,482.841652,477.314078,477.985495,477.985495,7702408
2012-01-24,477.985495,482.498810,473.588739,478.100993,478.100993,7564505
2012-01-25,478.100993,481.079040,477.201505,480.175649,480.175649,7757745
2012-01-26,480.175649,483.971217,477.649663,481.438588,481.438588,7592425
2012-01-27,481.438588,486.880315,480.136621,485.567183,485.567183,6249234
2012-01-30,485.567183,496.883560,482.668115,493.934535,493.934535,3263475
2012-01-31,493.934535,495.836997,488.993556,490.884269,490.884269,8800717
2012-02-01,490.884269,494.621742,485.367799,489.091623,489.091623,6240013
2012-02-02,489.091623,495.985797,488.927939,495.819862,495.819862,5548629
2012-02-03,495.819862,495.952482,489.705940,489.836960,489.836960,5407179
2012-02-06,489.836960,491.544680,482.230831,483.917916,483.917916,4866364
2012-02-07,483.917916,486.364805,480.892312,483.336260,483.336260,3198675
2012-02-08,483.336260,488.790092,482.807221,488.255669,488.255669,4045574
2012-02-09,488.255669,491.555386,480.956351,484.228854,484.228854,6991636
2012-02-10,484.228854,489.839270,480.590563,486.186272,486.186272,5889519
2012-02-13,486.186272,497.821643,484.381266,495.980275,495.980275,5059412
2012-02-14,495.980275,496.873619,476.499077,477.358880,477.358880,6791268
2012-02-15,477.358880,487.542674,476.078766,486.238747,486.238747,6557974
2012-02-16,486.238747,488.090416,485.153057,487.003020,487.003020,6612922
2012-02-17,487.003020,489.082925,473.807233,475.839460,475.839460,5517584
2012-02-20,475.839460,476.594498,466.187722,466.928621,466.928621,5262900
2012-02-21,466.928621,469.128135,464.273236,466.470593,466.470593,4704489
2012-02-22,466.470593,467.192047,462.692207,463.408926,463.408926,7695952
2012-02-23,463.408926,465.049074,461.066797,462.704451,462.704451,8717927
2012-02-24,462.704451,463.322590,453.434719,454.041285,454.041285,5362856
2012-02-27,454.041285,454.249174,449.350929,449.556765,449.556765,3602756
2012-02-28,449.556765,450.603781,446.903936,447.947204,447.947204,3145877
2012-02-29,447.947204,449.974257,435.240202,437.218707,437.218707,5933699
2012-03-01,437.218707,449.350436,434.114430,446.182515,446.182515,8038056
2012-03-02,446.182515,446.928622,433.776952,434.503530,434.503530,5352760
2012-03-05,434.503530,452.100369,434.025247,451.603263,451.603263,3975805
2012-03-06,451.603263,452.648312,443.974312,445.004090,445.004090,3707532
2012-03-07,445.004090,445.814597,442.244970,443.051921,443.051921,6704118
2012-03-08,443.051921,446.153704,438.785481,441.879052,441.879052,8843193
2012-03-09,441.879052,444.179945,441.871115,444.171967,444.171967,5929945
2012-03-12,444.171967,445.740935,441.498984,443.064038,443.064038,6844330
2012-03-13,443.064038,448.570793,441.624100,447.117681,447.117681,5339948
2012-03-14,447.117681,457.664747,445.338175,455.850486,455.850486,6715289
2012-03-15,455.850486,456.919086,444.025573,445.068898,445.068898,11604677
2012-03-16,445.068898,446.168636,439.325842,440.414078,440.414078,6750102
2012-03-19,440.414078,441.551799,434.399164,435.524253,435.524253,6122045
2012-03-20,435.524253,441.582694,433.018779,439.056898,439.056898,11749403
2012-03-21,439.056898,447.075447,436.672947,444.661067,444.661067,4377933
2012-03-22,444.661067,445.326711,442.192850,442.855791,442.855791,4961057
2012-03-23,442.855791,453.075566,442.210322,452.416163,452.416163,8245368
2012-03-26,452.416163,453.680222,446.962289,448.214609,448.214609,3979771
2012-03-27,448.214609,456.139631,446.732835,454.636626,454.636626,7936664
2012-03-28,454.636626,455.823612,453.843178,455.029478,455.029478,4165515
2012-03-29,455.029478,468.247857,451.500300,464.644109,464.644109,8305892
2012-03-30,464.644109,464.838421,462.699861,462.893441,462.893441,7291157
2012-04-02,462.893441,466.251122,453.141916,456.452879,456.452879,6420862
2012-04-03,456.452879,456.962643,455.968170,456.477907,456.477907,8944805
2012-04-04,456.477907,469.540397,455.203631,468.233306,468.233306,5321752
2012-04-05,468.233306,474.829557,465.816333,472.391122,472.391122,2961678
2012-04-06,472.391122,473.124247,471.055819,471.788008,471.788008,5451105
2012-04-09,471.788008,483.402156,471.204916,482.805448,482.805448,9807199
2012-04-10,482.805448,490.982160,482.435754,490.606493,490.606493,9139009
2012-04-11,490.606493,497.913157,488.806933,496.093471,496.093471,5032463
2012-04-12,496.093471,496.604334,493.855081,494.364163,494.364163,3783514
2012-04-13,494.364163,494.733482,494.123640,494.492896,494.492896,3528954
2012-04-16,494.492896,506.393683,493.812254,505.697618,505.697618,6160498
2012-04-17,505.697618,508.493359,496.431323,499.191092,499.191092,5567947
2012-04-18,499.191092,500.521628,474.962466,476.231807,476.231807,8868774
2012-04-19,476.231807,476.292050,474.910065,474.970148,474.970148,6111805
2012-04-20,474.970148,475.880040,473.260097,474.168453,474.168453,3292039
2012-04-23,474.168453,478.949587,473.713286,478.490271,478.490271,6401538
2012-04-24,478.490271,494.038777,476.832903,492.333460,492.333460,7863983
2012-04-25,492.333460,492.794929,479.871428,480.321638,480.321638,10911270
2012-04-26,480.321638,483.193345,478.191443,481.059876,481.059876,10332058
2012-04-27,481.059876,503.295265,481.003735,503.236537,503.236537,3576953
2012-04-30,503.236537,513.700627,502.347076,512.794274,512.794274,4335405
2012-05-01,512.794274,525.154930,510.063511,522.373157,522.373157,6239593
2012-05-02,522.373157,530.846487,521.644892,530.107439,530.107439,3211979
2012-05-03,530.107439,533.082818,529.984068,532.958784,532.958784,8706908
2012-05-04,532.958784,534.570070,531.953623,533.563769,533.563769,9483118
2012-05-07,533.563769,535.755405,529.528094,531.712125,531.712125,5103012
2012-05-08,531.712125,540.433195,528.451331,537.139119,537.139119,4018813
2012-05-09,537.139119,539.057805,529.202352,531.099464,531.099464,8372270
2012-05-10,531.099464,531.847636,526.560659,527.303484,527.303484,2594549
2012-05-11,527.303484,532.057346,525.921989,530.667039,530.667039,4063817
2012-05-14,530.667039,538.337851,530.424950,538.092375,538.092375,5200172
2012-05-15,538.092375,542.744361,537.883672,542.533936,542.533936,7018265
2012-05-16,542.533936,550.759105,542.039480,550.257610,550.257610,6973364
2012-05-17,550.257610,559.130999,547.157145,555.998188,555.998188,5109587
2012-05-18,555.998188,566.628032,553.405865,563.998408,563.998408,3038814
2012-05-21,563.998408,570.112302,563.508888,569.617905,569.617905,4420154
2012-05-22,569.617905,571.560974,549.675843,551.557304,551.557304,6554992
2012-05-23,551.557304,554.779531,544.147700,547.345320,547.345320,6007215
2012-05-24,547.345320,549.223643,544.054699,545.928158,545.928158,7175800
2012-05-25,545.928158,559.976271,543.137871,557.128737,557.128737,6996750
2012-05-28,557.128737,567.012070,555.662802,565.524045,565.524045,7156916
2012-05-29,565.524045,568.224823,558.037434,560.715247,560.715247,6424150
2012-05-30,560.715247,561.786448,532.807163,533.826997,533.826997,4410058
2012-05-31,533.826997,550.296980,532.391611,548.821276,548.821276,3074461
2012-06-01,548.821276,561.304259,546.592197,559.033702,559.033702,9092177
2012-06-04,559.033702,560.720413,546.748048,548.402684,548.402684,8018781
2012-06-05,548.402684,548.476877,533.361213,533.433381,533.433381,3249919
2012-06-06,533.433381,546.622292,529.646219,542.768851,542.768851,2649575
2012-06-07,542.768851,554.326656,540.217142,551.732805,551.732805,5083994
2012-06-08,551.732805,552.002785,540.629709,540.894386,540.894386,7948282
2012-06-11,540.894386,541.087272,538.945229,539.137489,539.137489,7351270
2012-06-12,539.137489,540.651614,532.692589,534.192827,534.192827,8856864
2012-06-13,534.192827,535.552725,519.663059,520.989344,520.989344,7127678
2012-06-14,520.989344,531.706380,519.333439,530.021765,530.021765,8842972
2012-06-15,530.021765,534.773057,529.125091,533.869872,533.869872,8274089
2012-06-18,533.869872,534.028335,531.444081,531.601871,531.601871,4211543
2012-06-19,531.601871,538.538477,530.974958,537.904132,537.904132,8504495
2012-06-20,537.904132,538.436322,529.946323,530.471159,530.471159,5916457
2012-06-21,530.471159,545.316122,530.422702,545.266314,545.266314,5604467
2012-06-22,545.266314,553.781847,544.297845,552.799997,552.799997,5592882
2012-06-25,552.799997,555.399412,545.085161,547.660408,547.660408,6864499
2012-06-26,547.660408,550.154075,545.744107,548.235761,548.235761,4563638
2012-06-27,548.235761,549.654462,542.782460,544.190694,544.190694,8533988
2012-06-28,544.190694,565.214263,541.911966,562.857371,562.857371,8094327
2012-06-29,562.857371,571.750966,560.633141,569.500484,569.500484,4575751
2012-07-02,569.500484,572.523809,553.586175,556.540700,556.540700,4784163
2012-07-03,556.540700,575.954814,553.858430,573.192291,573.192291,12874886
2012-07-04,573.192291,585.600624,569.047506,581.396514,581.396514,4834991
2012-07-05,581.396514,598.389074,579.768037,596.717683,596.717683,4204297
2012-07-06,596.717683,597.546041,594.974433,595.801519,595.801519,9455826
2012-07-09,595.801519,596.530469,587.822465,588.542533,588.542533,6270111
2012-07-10,588.542533,592.076519,588.292360,591.824951,591.824951,3408053
2012-07-11,591.824951,597.002830,589.949652,595.117100,595.117100,5569180
2012-07-12,595.117100,596.455942,575.504025,576.801663,576.801663,6293209
2012-07-13,576.801663,586.755686,575.707573,585.644822,585.644822,8043422
2012-07-16,585.644822,586.448380,564.090916,564.865964,564.865964,4406564
2012-07-17,564.865964,578.157597,561.799581,575.036006,575.036006,6576849
2012-07-18,575.036006,588.117523,572.868967,585.909507,585.909507,5816335
2012-07-19,585.909507,587.101916,569.718484,570.880307,570.880307,9013071
2012-07-20,570.880307,574.709475,557.122581,560.884703,560.884703,5492422
2012-07-23,560.884703,561.587682,552.275975,552.969032,552.969032,7430817
2012-07-24,552.969032,555.781019,541.040623,543.806014,543.806014,9559589
2012-07-25,543.806014,545.211966,537.848478,539.242633,539.242633,7881672
2012-07-26,539.242633,549.678294,536.139509,546.533216,546.533216,7922859
2012-07-27,546.533216,550.589094,542.080248,546.133157,546.133157,8325007
2012-07-30,546.133157,547.601358,537.499918,538.948805,538.948805,6475678
2012-07-31,538.948805,540.976230,527.481847,529.473628,529.473628,9288574
2012-08-01,529.473628,531.860593,525.912062,528.293708,528.293708,3373782
2012-08-02,528.293708,549.815891,527.906786,549.413501,549.413501,3890146
2012-08-03,549.413501,556.964915,548.585865,556.127166,556.127166,4409780
2012-08-06,556.127166,566.186077,550.782835,560.796871,560.796871,3926535
2012-08-07,560.796871,563.072635,557.646970,559.919172,559.919172,9208094
2012-08-08,559.919172,565.900809,558.836623,564.808806,564.808806,3206049
2012-08-09,564.808806,571.360182,563.923902,570.466414,570.466414,5389487
2012-08-10,570.466414,576.465317,570.328321,576.325805,576.325805,4633938
2012-08-13,576.325805,588.330700,573.071269,585.027028,585.027028,5082239
2012-08-14,585.027028,588.588299,553.240834,556.629238,556.629238,7689835
2012-08-15,556.629238,564.089157,553.965814,561.402892,561.402892,6881314
2012-08-16,561.402892,565.924780,561.020524,565.539595,565.539595,7859482
2012-08-17,565.539595,567.586117,559.345834,561.377294,561.377294,3946395
2012-08-20,561.377294,572.861505,560.328055,571.792799,571.792799,4543333
2012-08-21,571.792799,574.801010,569.067083,572.073953,572.073953,7034263
2012-08-22,572.073953,574.114308,558.806315,560.806483,560.806483,5227229
2012-08-23,560.806483,569.256192,559.954992,568.393182,568.393182,10452964
2012-08-24,568.393182,568.950972,555.533944,556.079650,556.079650,5877000
2012-08-27,556.079650,559.135616,540.199187,543.184287,543.184287,5826224
2012-08-28,543.184287,557.712299,538.449491,552.892876,552.892876,5497398
2012-08-29,552.892876,557.449525,549.272506,553.823063,553.823063,3682512
2012-08-30,553.823063,558.496798,553.754395,558.427559,558.427559,4962816
2012-08-31,558.427559,558.667801,557.542665,557.782630,557.782630,3814434
2012-09-03,557.782630,561.751139,556.570856,560.533389,560.533389,5146900
2012-09-04,560.533389,564.016598,538.398035,541.764614,541.764614,6101107
2012-09-05,541.764614,552.274089,538.899503,549.368764,549.368764,6869497
2012-09-06,549.368764,564.005055,546.831798,561.412471,561.412471,8320619
2012-09-07,561.412471,563.501804,561.029322,563.117491,563.117491,4571194
2012-09-10,563.117491,563.133480,533.143967,533.159106,533.159106,4864080
2012-09-11,533.159106,538.444549,527.042057,532.319174,532.319174,4023633
2012-09-12,532.319174,534.281074,530.875771,532.836269,532.836269,8006579
2012-09-13,532.836269,537.739129,527.958650,532.861281,532.861281,6042776
2012-09-14,532.861281,542.430264,531.313805,540.859560,540.859560,9476192
2012-09-17,540.859560,542.883082,528.897068,530.883265,530.883265,4382221
2012-09-18,530.883265,538.065008,528.548810,535.709331,535.709331,5082163
2012-09-19,535.709331,539.529332,511.088974,514.759588,514.759588,6592970
2012-09-20,514.759588,520.048730,513.872576,519.154145,519.154145,3391813
2012-09-21,519.154145,524.422289,512.489329,517.743155,517.743155,5189180
2012-09-24,517.743155,518.635479,516.879361,517.771638,517.771638,3356175
2012-09-25,517.771638,519.060904,515.200476,516.486542,516.486542,4273716
2012-09-26,516.486542,518.631530,510.278669,512.406713,512.406713,4847220
2012-09-27,512.406713,515.144694,510.327875,513.063192,513.063192,6120359
2012-09-28,513.063192,513.918923,510.651331,511.504463,511.504463,8502691
2012-10-01,511.504463,513.434430,510.853114,512.781456,512.781456,4988310
2012-10-02,512.781456,513.184992,509.524870,509.926160,509.926160,5512419
2012-10-03,509.926160,512.152836,508.177884,510.402926,510.402926,2792812
2012-10-04,510.402926,545.960565,507.323981,542.686871,542.686871,3465106
2012-10-05,542.686871,543.854902,537.322692,538.481672,538.481672,7331220
2012-10-08,538.481672,544.477908,535.850785,541.830658,541.830658,4503656
2012-10-09,541.830658,545.859217,540.480987,544.502890,544.502890,7794723
2012-10-10,544.502890,548.263009,541.259050,545.016112,545.016112,7629738
2012-10-11,545.016112,546.416448,541.761555,543.157115,543.157115,8850404
2012-10-12,543.157115,544.918319,537.744130,539.493455,539.493455,3898836
2012-10-15,539.493455,546.285528,536.574716,543.345947,543.345947,6048282
2012-10-16,543.345947,544.950438,530.727722,532.299593,532.299593,6548062
2012-10-17,532.299593,535.503027,529.298024,532.500325,532.500325,6202464
2012-10-18,532.500325,539.618455,532.192701,539.306898,539.306898,4797266
2012-10-19,539.306898,540.098053,527.327442,528.102160,528.102160,6529337
2012-10-22,528.102160,529.717291,512.277534,513.849074,513.849074,3244479
2012-10-23,513.849074,514.152406,511.561427,511.863587,511.863587,6380632
2012-10-24,511.863587,518.187710,494.468725,500.654356,500.654356,4327606
2012-10-25,500.654356,501.415233,498.908185,499.667561,499.667561,7810990
2012-10-26,499.667561,504.166396,496.285147,500.776475,500.776475,5232840
2012-10-29,500.776475,509.029522,500.646079,508.897011,508.897011,3474083
2012-10-30,508.897011,516.341705,506.866531,514.289708,514.289708,9329573
2012-10-31,514.289708,518.726644,505.977781,510.380995,510.380995,10011459
2012-11-01,510.380995,511.522180,503.571199,504.699681,504.699681,4380339
2012-11-02,504.699681,515.227432,504.137591,514.654256,514.654256,5850052
2012-11-05,514.654256,521.608698,511.169762,518.100869,518.100869,3450973
2012-11-06,518.100869,521.603370,513.121283,516.613731,516.613731,4837285
2012-11-07,516.613731,524.590220,513.865854,521.814679,521.814679,6411066
2012-11-08,521.814679,522.894320,508.498724,509.552995,509.552995,6055352
2012-11-09,509.552995,513.769065,505.422295,509.637679,509.637679,6891661
2012-11-12,509.637679,510.615881,506.529940,507.504047,507.504047,5212374
2012-11-13,507.504047,512.939388,505.859945,511.283044,511.283044,4013516
2012-11-14,511.283044,512.354641,510.613567,511.684637,511.684637,4682434
2012-11-15,511.684637,511.876682,501.983860,502.172335,502.172335,6128462
2012-11-16,502.172335,503.165140,498.526406,499.513956,499.513956,19921883
2012-11-19,499.513956,504.877953,495.631710,500.984280,500.984280,5491058
2012-11-20,500.984280,507.472417,498.144155,504.611729,504.611729,5390358
2012-11-21,504.611729,514.619760,502.519467,512.494813,512.494813,4852531
2012-11-22,512.494813,517.883842,508.181568,513.561618,513.561618,5303305
2012-11-23,513.561618,514.527135,495.503193,496.436514,496.436514,6053025
2012-11-26,496.436514,501.007462,475.856466,480.278641,480.278641,5549807
2012-11-27,480.278641,482.950517,479.299809,481.968242,481.968242,5760919
2012-11-28,481.968242,483.521405,473.637039,475.168289,475.168289,5225088
2012-11-29,475.168289,480.234003,474.634302,479.694929,479.694929,8230187
2012-11-30,479.694929,489.282682,477.725881,487.282489,487.282489,4404903
2012-12-03,487.282489,490.228788,483.388397,486.328931,486.328931,3939005
2012-12-04,486.328931,486.959262,480.331691,480.955057,480.955057,5976237
2012-12-05,480.955057,481.485327,479.345440,479.874518,479.874518,3207690
2012-12-06,479.874518,480.327232,476.501203,476.951159,476.951159,3703839
2012-12-07,476.951159,486.649937,470.531142,480.186371,480.186371,3784350
2012-12-10,480.186371,480.791276,430.505490,431.048494,431.048494,7889286
2012-12-11,431.048494,444.286508,429.836176,443.040462,443.040462,5266187
2012-12-12,443.040462,445.456244,441.525564,443.938276,443.938276,9338336
2012-12-13,443.938276,450.165026,442.988901,449.204389,449.204389,8026700
2012-12-14,449.204389,456.243974,447.012712,454.028759,454.028759,6110628
2012-12-17,454.028759,455.435797,449.601427,450.999076,450.999076,6009168
2012-12-18,450.999076,464.543996,449.569344,463.075978,463.075978,6539026
2012-12-19,463.075978,464.683397,448.922634,450.486352,450.486352,4230194
2012-12-20,450.486352,462.827870,448.370906,460.664628,460.664628,8937611
2012-12-21,460.664628,461.156352,433.663218,434.126614,434.126614,6311696
2012-12-24,434.126614,434.681554,429.294159,429.843623,429.843623,4885400
2012-12-25,429.843623,430.229570,429.228650,429.614391,429.614391,5537964
2012-12-26,429.614391,430.285149,426.227757,426.894267,426.894267,7499215
2012-12-27,426.894267,427.144979,422.583793,422.832119,422.832119,4977359
2012-12-28,422.832119,424.292969,410.775524,412.199639,412.199639,5894635
2012-12-31,412.199639,426.267216,409.032267,423.016725,423.016725,5401357
2013-01-01,423.016725,423.930051,422.339938,423.252886,423.252886,6084251
2013-01-02,423.252886,428.635312,422.671517,428.047356,428.047356,5555434
2013-01-03,428.047356,428.315638,416.647753,416.909053,416.909053,6191629
2013-01-04,416.909053,420.410351,414.387197,417.882605,417.882605,7753175
2013-01-07,417.882605,418.294979,409.612266,410.016878,410.016878,8582863
2013-01-08,410.016878,414.105731,408.870184,412.950832,412.950832,6710896
2013-01-09,412.950832,420.390548,412.123079,419.549568,419.549568,4571403
2013-01-10,419.549568,419.994229,417.598536,418.041599,418.041599,8226479
2013-01-11,418.041599,424.643960,417.858738,424.458293,424.458293,10122547
2013-01-14,424.458293,428.513460,423.670229,427.719342,427.719342,10346896
2013-01-15,427.719342,437.754701,425.363608,435.356901,435.356901,6476301
2013-01-16,435.356901,446.506971,433.722004,444.836475,444.836475,3577455
2013-01-17,444.836475,446.440435,437.083162,438.664869,438.664869,5078510
2013-01-18,438.664869,439.072485,436.198553,436.604255,436.604255,5562635
2013-01-21,436.604255,437.678229,435.540648,436.614598,436.614598,6081088
2013-01-22,436.614598,439.029785,433.961761,436.375627,436.375627,3179570
2013-01-23,436.375627,436.635493,426.089892,426.343784,426.343784,5052663
2013-01-24,426.343784,426.528437,424.651083,424.835082,424.835082,4419912
2013-01-25,424.835082,445.054520,424.407263,444.606790,444.606790,2258888
2013-01-28,444.606790,456.328616,443.656614,455.355469,455.355469,4704489
2013-01-29,455.355469,460.359562,446.319142,451.278431,451.278431,4510586
2013-01-30,451.278431,453.870921,444.073933,446.639774,446.639774,6429383
2013-01-31,446.639774,447.230947,445.285265,445.875425,445.875425,3577965
2013-02-01,445.875425,449.641780,443.090535,446.850798,446.850798,7986939
2013-02-04,446.850798,451.233334,441.597688,445.971601,445.971601,4184042
2013-02-05,445.971601,449.060970,440.943946,444.019794,444.019794,9025845
2013-02-06,444.019794,445.061775,442.708541,443.749889,443.749889,6599989
2013-02-07,443.749889,444.819561,431.341083,432.383355,432.383355,8997875
2013-02-08,432.383355,433.218811,428.612919,429.442692,429.442692,7230064
2013-02-11,429.442692,431.070449,425.408061,427.026660,427.026660,4242069
2013-02-12,427.026660,428.377022,425.196234,426.545073,426.545073,6975623
2013-02-13,426.545073,427.580911,418.041137,419.058795,419.058795,5058121
2013-02-14,419.058795,419.168578,417.233946,417.343280,417.343280,6089936
2013-02-15,417.343280,417.424471,411.965092,412.045253,412.045253,3494336
2013-02-18,412.045253,428.618047,411.780232,428.342544,428.342544,3351007
2013-02-19,428.342544,429.206020,426.806620,427.668737,427.668737,4087096
2013-02-20,427.668737,428.708847,423.986548,425.020217,425.020217,6863933
2013-02-21,425.020217,427.362484,399.259101,401.471592,401.471592,5141755
2013-02-22,401.471592,405.585976,393.664071,397.740214,397.740214,5703446
2013-02-25,397.740214,399.234926,397.150848,398.644220,398.644220,5543294
2013-02-26,398.644220,409.832764,396.058513,407.191616,407.191616,5977882
2013-02-27,407.191616,407.684190,403.999444,404.488748,404.488748,6096797
2013-02-28,404.488748,405.311535,404.013409,404.835789,404.835789,8158329
2013-03-01,404.835789,409.855958,404.756321,409.775520,409.775520,4248763
2013-03-04,409.775520,411.244001,406.089502,407.550007,407.550007,11210192
2013-03-05,407.550007,419.134156,406.334628,417.887948,417.887948,6454272
2013-03-06,417.887948,421.515236,409.647960,413.234859,413.234859,8835428
2013-03-07,413.234859,416.673139,405.248083,408.648201,408.648201,8618849
2013-03-08,408.648201,410.209519,402.040388,403.582351,403.582351,6155329
2013-03-11,403.582351,412.905671,402.717330,412.022560,412.022560,4467566
2013-03-12,412.022560,421.640499,410.978035,420.574295,420.574295,3397148
2013-03-13,420.574295,429.194714,419.393527,427.993117,427.993117,4532643
2013-03-14,427.993117,428.154049,426.760596,426.921124,426.921124,10141520
2013-03-15,426.921124,435.367607,425.050808,433.468606,433.468606,3474362
2013-03-18,433.468606,433.622212,427.491522,427.643063,427.643063,6031532
2013-03-19,427.643063,427.767389,416.397600,416.518692,416.518692,8382898
2013-03-20,416.518692,421.884637,414.640596,419.990885,419.990885,6544749
2013-03-21,419.990885,432.141434,418.572112,430.686531,430.686531,3693372
2013-03-22,430.686531,431.168707,426.381691,426.859583,426.859583,8986846
2013-03-25,426.859583,429.515144,423.847758,426.501089,426.501089,6420468
2013-03-26,426.501089,426.947587,419.399180,419.838703,419.838703,6221625
2013-03-27,419.838703,421.651524,416.748776,418.556058,418.556058,12144190
2013-03-28,418.556058,424.780448,418.101006,424.319130,424.319130,2863364
2013-03-29,424.319130,425.724383,416.336553,417.719951,417.719951,9507554
2013-04-01,417.719951,418.419089,412.983163,413.675532,413.675532,6306021
2013-04-02,413.675532,413.777856,409.966105,410.067537,410.067537,6155438
2013-04-03,410.067537,412.998518,396.479950,399.334214,399.334214,9142546
2013-04-04,399.334214,406.884179,399.084841,406.630250,406.630250,3292234
2013-04-05,406.630250,407.745475,395.511381,396.599095,396.599095,5302515
2013-04-08,396.599095,409.513780,395.204972,408.079302,408.079302,2878384
2013-04-09,408.079302,410.371533,406.802140,409.091204,409.091204,7704242
2013-04-10,409.091204,409.326846,408.193968,408.429228,408.429228,4865292
2013-04-11,408.429228,413.010062,407.076387,411.646565,411.646565,5721558
2013-04-12,411.646565,416.489758,410.341247,415.173257,415.173257,5277028
2013-04-15,415.173257,417.037960,403.730103,405.551591,405.551591,4954648
2013-04-16,405.551591,406.865415,393.957042,395.237453,395.237453,4868587
2013-04-17,395.237453,406.006587,394.089154,404.830417,404.830417,4905026
2013-04-18,404.830417,405.074272,400.520062,400.761465,400.761465,5921683
2013-04-19,400.761465,405.572309,400.127735,404.931983,404.931983,8293102
2013-04-22,404.931983,406.162721,401.257432,402.480720,402.480720,5623240
2013-04-23,402.480720,406.104136,400.893626,404.509044,404.509044,3609385
2013-04-24,404.509044,406.600294,401.257491,403.342711,403.342711,4521322
2013-04-25,403.342711,415.174608,402.479340,414.287809,414.287809,4072270
2013-04-26,414.287809,415.260532,409.350603,410.313996,410.313996,6727029
2013-04-29,410.313996,412.170750,409.801038,411.656114,411.656114,7185249
2013-04-30,411.656114,414.885218,409.636202,412.859401,412.859401,5901151
2013-05-01,412.859401,420.837135,411.430676,419.385825,419.385825,4632813
2013-05-02,419.385825,421.024439,407.020070,408.616607,408.616607,8107400
2013-05-03,408.616607,409.339150,406.836235,407.556905,407.556905,12033902
2013-05-06,407.556905,408.712217,405.611150,406.764215,406.764215,8657759
2013-05-07,406.764215,409.371449,390.881110,393.402701,393.402701,7402903
2013-05-08,393.402701,394.146077,393.337350,394.080613,394.080613,6505043
2013-05-09,394.080613,394.237820,390.725294,390.881224,390.881224,6449391
2013-05-10,390.881224,395.138973,390.302325,394.554633,394.554633,8107794
2013-05-13,394.554633,411.281165,393.604953,410.293601,410.293601,5912718
2013-05-14,410.293601,411.679094,408.605677,409.990146,409.990146,6986617
2013-05-15,409.990146,412.693582,409.945553,412.648701,412.648701,5122824
2013-05-16,412.648701,412.960349,405.903137,406.209922,406.209922,4786204
2013-05-17,406.209922,406.831433,396.860704,397.468842,397.468842,5054292
2013-05-20,397.468842,401.022452,396.631048,400.178947,400.178947,3855787
2013-05-21,400.178947,401.204562,398.959806,399.984924,399.984924,6327166
2013-05-22,399.984924,401.848557,396.261289,398.116215,398.116215,4760614
2013-05-23,398.116215,398.916083,392.574189,393.364510,393.364510,7937071
2013-05-24,393.364510,395.734587,384.293242,386.622698,386.622698,7807189
2013-05-27,386.622698,391.922488,385.501709,390.789417,390.789417,4119362
2013-05-28,390.789417,392.000347,374.788355,375.953313,375.953313,3865218
2013-05-29,375.953313,376.958987,373.757602,374.760084,374.760084,8286428
2013-05-30,374.760084,376.347912,370.134386,371.709287,371.709287,7155920
2013-05-31,371.709287,380.979769,368.341434,377.558915,377.558915,5128493
2013-06-03,377.558915,377.967061,362.347152,362.739278,362.739278,6555352
2013-06-04,362.739278,370.902010,361.953919,370.100712,370.100712,4057243
2013-06-05,370.100712,380.219819,369.242547,379.340230,379.340230,5465496
2013-06-06,379.340230,386.101740,377.736447,384.476242,384.476242,4356621
2013-06-07,384.476242,386.248984,383.053931,384.825381,384.825381,7710528
2013-06-10,384.825381,386.261030,380.245647,381.669523,381.669523,9915261
2013-06-11,381.669523,386.610080,378.399844,383.326208,383.326208,7070659
2013-06-12,383.326208,383.505157,381.983329,382.161735,382.161735,10369200
2013-06-13,382.161735,397.840682,381.275681,396.920409,396.920409,7501365
2013-06-14,396.920409,401.924057,394.811960,399.800310,399.800310,5114135
2013-06-17,399.800310,401.386779,390.637663,392.193948,392.193948,3829927
2013-06-18,392.193948,397.588903,391.363301,396.748610,396.748610,8684653
2013-06-19,396.748610,397.419946,393.100929,393.767220,393.767220,5741282
2013-06-20,393.767220,401.766234,391.293168,399.257685,399.257685,3645557
2013-06-21,399.257685,402.146781,397.681274,400.565207,400.565207,7576214
2013-06-24,400.565207,401.263010,396.138838,396.830134,396.830134,9617816
2013-06-25,396.830134,397.365154,393.609495,394.140890,394.140890,4919767
2013-06-26,394.140890,394.560309,393.488796,393.907967,393.907967,5639974
2013-06-27,393.907967,394.767145,393.761383,394.620297,394.620297,3652340
2013-06-28,394.620297,405.753666,393.310485,404.411356,404.411356,3832972
2013-07-01,404.411356,405.626190,400.848603,402.056363,402.056363,9443411
2013-07-02,402.056363,406.331601,400.205769,404.469898,404.469898,6041333
2013-07-03,404.469898,404.724605,403.933375,404.187904,404.187904,10894161
2013-07-04,404.187904,406.133588,401.958764,403.903076,403.903076,3478519
2013-07-05,403.903076,407.451981,397.753141,401.278990,401.278990,6850401
2013-07-08,401.278990,404.836137,399.612670,403.161997,403.161997,6518884
2013-07-09,403.161997,403.179080,397.654498,397.671348,397.671348,3272873
2013-07-10,397.671348,403.500071,395.907592,401.718366,401.718366,5643703
2013-07-11,401.718366,402.532093,401.565126,402.378601,402.378601,5430591
2013-07-12,402.378601,413.955079,402.056347,413.623819,413.623819,6215620
2013-07-15,413.623819,413.674509,408.412531,408.462590,408.462590,6770162
2013-07-16,408.462590,411.686899,406.460379,409.678728,409.678728,3753155
2013-07-17,409.678728,415.789638,406.458495,412.546860,412.546860,4722031
2013-07-18,412.546860,419.527513,411.781750,418.750896,418.750896,6143035
2013-07-19,418.750896,424.736907,418.017099,423.993922,423.993922,8009687
2013-07-22,423.993922,429.440447,423.681276,429.124019,429.124019,9982127
2013-07-23,429.124019,430.216525,427.255472,428.345998,428.345998,5442541
2013-07-24,428.345998,434.346821,428.126560,434.124422,434.124422,7607164
2013-07-25,434.124422,435.582971,420.167154,421.583568,421.583568,4178239
2013-07-26,421.583568,430.394945,419.884874,428.667706,428.667706,5912207
2013-07-29,428.667706,434.929886,428.058301,434.312456,434.312456,5986904
2013-07-30,434.312456,436.355371,428.463967,430.488898,430.488898,4820244
2013-07-31,430.488898,431.044088,422.437925,422.983436,422.983436,9119022
2013-08-01,422.983436,424.456239,419.666483,421.132843,421.132843,3884433
2013-08-02,421.132843,425.473836,419.632926,423.963837,423.963837,6909137
2013-08-05,423.963837,430.154064,420.882990,427.050785,427.050785,7316698
2013-08-06,427.050785,427.087581,425.828620,425.865314,425.865314,7360372
2013-08-07,425.865314,429.396413,423.913717,427.437611,427.437611,6444199
2013-08-08,427.437611,428.943379,418.662176,420.142244,420.142244,5015178
2013-08-09,420.142244,423.707029,394.746237,398.124205,398.124205,7419718
2013-08-12,398.124205,400.036978,395.193191,397.101048,397.101048,9964147
2013-08-13,397.101048,399.522997,395.097625,397.517474,397.517474,6256490
2013-08-14,397.517474,402.193206,396.057843,400.721809,400.721809,2928165
2013-08-15,400.721809,402.301929,395.005974,396.569721,396.569721,3945727
2013-08-16,396.569721,400.293911,396.547923,400.271910,400.271910,5910995
2013-08-19,400.271910,402.456153,396.639706,398.816005,398.816005,5224439
2013-08-20,398.816005,402.344926,397.091172,400.612325,400.612325,6505459
2013-08-21,400.612325,401.365541,398.764123,399.515276,399.515276,8311929
2013-08-22,399.515276,403.438743,399.457432,403.380339,403.380339,4176852
2013-08-23,403.380339,414.445690,400.506786,411.514195,411.514195,11830819
2013-08-26,411.514195,423.055734,407.541421,419.010590,419.010590,8107898
2013-08-27,419.010590,419.198649,409.864185,410.048221,410.048221,7236333
2013-08-28,410.048221,410.213691,405.471316,405.635004,405.635004,5934557
2013-08-29,405.635004,405.750201,404.171357,404.286171,404.286171,4634089
2013-08-30,404.286171,417.800342,403.802225,417.300818,417.300818,11306202
2013-09-02,417.300818,417.775078,399.856053,400.311005,400.311005,6377729
2013-09-03,400.311005,401.179685,392.882886,393.737301,393.737301,4660983
2013-09-04,393.737301,395.136951,393.705095,395.104633,395.104633,7689661
2013-09-05,395.104633,399.470681,392.512654,396.867140,396.867140,8808148
2013-09-06,396.867140,398.929159,394.304972,396.364379,396.364379,9333072
2013-09-09,396.364379,399.876892,389.171946,392.651557,392.651557,6510513
2013-09-10,392.651557,397.640560,385.486679,390.447680,390.447680,4232237
2013-09-11,390.447680,393.169943,383.831782,386.526708,386.526708,2694789
2013-09-12,386.526708,387.881779,384.855346,386.209304,386.209304,7059354
2013-09-13,386.209304,393.726745,386.157891,393.674338,393.674338,4261160
2013-09-16,393.674338,406.109118,391.716206,404.099132,404.099132,7793388
2013-09-17,404.099132,413.823769,403.837466,413.555979,413.555979,5629924
2013-09-18,413.555979,415.614610,408.280676,410.323214,410.323214,8702029
2013-09-19,410.323214,411.821900,406.899505,408.391133,408.391133,3388726
2013-09-20,408.391133,410.950282,406.858184,409.413495,409.413495,4742019
2013-09-23,409.413495,411.164491,393.069938,394.758256,394.758256,6760394
2013-09-24,394.758256,394.771899,392.998367,393.011949,393.011949,12311464
2013-09-25,393.011949,395.827403,388.616793,391.420849,391.420849,4460685
2013-09-26,391.420849,396.788157,390.807690,396.167562,396.167562,5551104
2013-09-27,396.167562,404.475844,394.746651,403.030319,403.030319,6375848
2013-09-30,403.030319,409.185576,402.668500,408.818561,408.818561,4133517
2013-10-01,408.818561,419.823872,408.092051,419.079129,419.079129,6382174
2013-10-02,419.079129,421.458494,385.369566,387.570035,387.570035,3283894
2013-10-03,387.570035,390.112475,387.120881,389.660898,389.660898,3565967
2013-10-04,389.660898,390.180781,385.152858,385.667414,385.667414,5646644
2013-10-07,385.667414,394.940006,384.548034,393.797031,393.797031,7802733
2013-10-08,393.797031,400.531564,391.566549,398.275715,398.275715,4188384
2013-10-09,398.275715,401.856669,398.087761,401.667115,401.667115,6921673
2013-10-10,401.667115,404.059592,398.092929,400.478325,400.478325,5704819
2013-10-11,400.478325,409.488470,399.349562,408.337554,408.337554,8244723
2013-10-14,408.337554,408.631329,401.656281,401.945457,401.945457,7799162
2013-10-15,401.945457,404.469470,394.358049,396.850065,396.850065,7486981
2013-10-16,396.850065,398.204793,390.715841,392.054197,392.054197,4003190
2013-10-17,392.054197,401.294772,391.093390,400.313723,400.313723,6629877
2013-10-18,400.313723,402.087927,394.835677,396.593392,396.593392,5624708
2013-10-21,396.593392,398.104992,387.298380,388.780200,388.780200,5206368
2013-10-22,388.780200,389.041809,383.900787,384.159288,384.159288,11763673
2013-10-23,384.159288,394.178182,382.341656,392.321929,392.321929,3335426
2013-10-24,392.321929,395.067144,391.084330,393.824804,393.824804,4746387
2013-10-25,393.824804,397.649874,392.385374,396.201756,396.201756,8094336
2013-10-28,396.201756,396.293564,393.277661,393.368813,393.368813,10990802
2013-10-29,393.368813,409.259595,393.083568,408.963042,408.963042,9735060
2013-10-30,408.963042,409.266533,406.298896,406.600633,406.600633,6019742
2013-10-31,406.600633,409.818039,406.096051,409.310095,409.310095,7266696
2013-11-01,409.310095,412.750902,408.484603,411.920146,411.920146,8562244
2013-11-04,411.920146,414.327798,397.266013,399.601665,399.601665,7918477
2013-11-05,399.601665,400.050668,388.987052,389.424620,389.424620,6733890
2013-11-06,389.424620,390.208966,387.380235,388.162038,388.162038,6303908
2013-11-07,388.162038,396.316694,386.770838,394.901340,394.901340,3499260
2013-11-08,394.901340,396.441799,394.517638,396.056974,396.056974,3551367
2013-11-11,396.056974,405.198329,392.111606,401.201712,401.201712,6804250
2013-11-12,401.201712,402.171187,390.633645,391.579870,391.579870,4931058
2013-11-13,391.579870,401.470148,390.120478,399.979451,399.979451,3463840
2013-11-14,399.979451,401.728581,399.816911,401.565396,401.565396,4815254
2013-11-15,401.565396,401.820583,395.150690,395.401960,395.401960,3560018
2013-11-18,395.401960,403.840657,394.126481,402.542146,402.542146,6190414
2013-11-19,402.542146,410.421306,400.852905,408.706198,408.706198,4094578
2013-11-20,408.706198,410.611487,393.367315,395.209686,395.209686,6609549
2013-11-21,395.209686,397.630884,390.984738,393.394817,393.394817,10128039
2013-11-22,393.394817,403.186395,392.596349,402.369710,402.369710,3296477
2013-11-25,402.369710,407.775891,400.060284,405.448791,405.448791,4954180
2013-11-26,405.448791,406.344949,399.986569,400.872612,400.872612,6898858
2013-11-27,400.872612,401.493286,398.849885,399.468385,399.468385,8456154
2013-11-28,399.468385,400.359652,387.460619,388.327029,388.327029,4046222
2013-11-29,388.327029,392.243144,385.353143,389.262098,389.262098,5013709
2013-12-02,389.262098,390.020880,383.754640,384.504147,384.504147,6476994
2013-12-03,384.504147,388.913627,383.055590,387.453957,387.453957,6223318
2013-12-04,387.453957,387.522708,379.170442,379.237735,379.237735,3120971
2013-12-05,379.237735,386.666764,378.604464,386.022164,386.022164,5233890
2013-12-06,386.022164,386.463717,383.337294,383.776278,383.776278,3141411
2013-12-09,383.776278,386.211906,378.025732,380.440188,380.440188,5598615
2013-12-10,380.440188,387.522665,378.558987,385.615871,385.615871,7965212
2013-12-11,385.615871,392.975104,383.794616,391.127816,391.127816,5774800
2013-12-12,391.127816,394.219759,372.979825,375.951799,375.951799,5863453
2013-12-13,375.951799,389.372922,375.430150,388.833400,388.833400,5352849
2013-12-16,388.833400,390.256183,383.809122,385.218679,385.218679,11203774
2013-12-17,385.218679,388.225863,381.267107,384.266860,384.266860,4821579
2013-12-18,384.266860,387.157777,370.220598,373.026955,373.026955,7983426
2013-12-19,373.026955,374.183394,367.453173,368.595875,368.595875,4913761
2013-12-20,368.595875,373.039444,367.795586,372.231262,372.231262,6875329
2013-12-23,372.231262,374.393914,369.606179,371.766129,371.766129,6944084
2013-12-24,371.766129,386.299680,368.034804,382.461014,382.461014,3483347
2013-12-25,382.461014,387.736103,381.246559,386.508795,386.508795,7651745
2013-12-26,386.508795,402.186234,385.783453,401.432885,401.432885,4636073
2013-12-27,401.432885,403.488530,396.308612,398.348462,398.348462,10017899
2013-12-30,398.348462,408.539833,394.262673,404.392055,404.392055,5076318
2013-12-31,404.392055,407.594612,404.007059,407.206935,407.206935,8442291
2014-01-01,407.206935,422.908274,403.716862,419.314431,419.314431,4359978
2014-01-02,419.314431,422.584026,418.749664,422.015621,422.015621,8172488
2014-01-03,422.015621,423.265836,417.531954,418.772561,418.772561,5861787
2014-01-06,418.772561,442.938826,416.805104,440.867563,440.867563,7005033
2014-01-07,440.867563,454.997861,437.192214,451.236073,451.236073,4794056
2014-01-08,451.236073,452.156191,449.184668,450.102474,450.102474,4994928
2014-01-09,450.102474,452.233103,443.562518,445.672175,445.672175,7825664
2014-01-10,445.672175,447.831811,444.200561,446.357932,446.357932,9272091
2014-01-13,446.357932,447.843233,439.908160,441.376886,441.376886,7227565
2014-01-14,441.376886,452.673143,439.839694,451.102081,451.102081,10914944
2014-01-15,451.102081,454.932062,450.517207,454.342986,454.342986,10806068
2014-01-16,454.342986,466.835618,452.513193,464.963054,464.963054,7272754
2014-01-17,464.963054,480.045719,461.314265,476.307901,476.307901,6276071
2014-01-20,476.307901,478.876813,474.818299,477.383846,477.383846,2589259
2014-01-21,477.383846,492.567524,476.951324,492.121650,492.121650,8372675
2014-01-22,492.121650,497.909481,488.923712,494.694822,494.694822,5972495
2014-01-23,494.694822,499.816151,492.904741,498.014059,498.014059,7341939
2014-01-24,498.014059,505.053354,496.461836,503.484082,503.484082,14609614
2014-01-27,503.484082,503.788235,503.299016,503.603126,503.603126,4564839
2014-01-28,503.603126,503.765977,495.128770,495.288933,495.288933,9712182
2014-01-29,495.288933,497.096932,489.138453,490.930542,490.930542,10124669
2014-01-30,490.930542,502.118041,487.556155,498.690318,498.690318,7963137
2014-01-31,498.690318,498.978853,493.692819,493.978628,493.978628,6759985
2014-02-03,493.978628,501.758132,493.039383,500.805905,500.805905,6736368
2014-02-04,500.805905,511.467976,497.837341,508.454077,508.454077,9536128
2014-02-05,508.454077,520.455872,506.624978,518.590309,518.590309,5218966
2014-02-06,518.590309,537.787218,513.388069,532.445985,532.445985,6292389
2014-02-07,532.445985,533.993717,531.309116,532.855973,532.855973,5234416
2014-02-10,532.855973,533.029997,518.419728,518.589093,518.589093,5421196
2014-02-11,518.589093,521.261439,508.644980,511.279659,511.279659,7485565
2014-02-12,511.279659,529.552665,509.400806,527.613788,527.613788,5112862
2014-02-13,527.613788,528.072707,521.455723,521.909681,521.909681,6581305
2014-02-14,521.909681,524.825550,516.428846,519.330305,519.330305,11531429
2014-02-17,519.330305,519.640403,510.448160,510.753137,510.753137,4445592
2014-02-18,510.753137,515.411418,510.352078,515.007019,515.007019,4275334
2014-02-19,515.007019,522.507075,511.872947,519.346595,519.346595,6559725
2014-02-20,519.346595,523.960968,510.982549,515.563307,515.563307,6884165
2014-02-21,515.563307,524.619549,512.506490,521.527371,521.527371,6461638
2014-02-24,521.527371,522.460619,504.367195,505.271354,505.271354,9167420
2014-02-25,505.271354,516.027412,505.028451,515.779458,515.779458,6359551
2014-02-26,515.779458,516.153755,513.399789,513.772630,513.772630,6309558
2014-02-27,513.772630,520.240959,511.671777,518.122321,518.122321,6533600
2014-02-28,518.122321,524.170442,517.854826,523.899965,523.899965,7437023
2014-03-03,523.899965,532.935906,519.511204,528.508539,528.508539,3845995
2014-03-04,528.508539,538.053268,527.526519,537.055367,537.055367,5395733
2014-03-05,537.055367,540.010701,531.758062,534.700438,534.700438,4961980
2014-03-06,534.700438,546.681177,534.286964,546.258766,546.258766,3423398
2014-03-07,546.258766,549.229674,540.677285,543.633917,543.633917,6514280
2014-03-10,543.633917,543.721806,536.797358,536.884155,536.884155,4249889
2014-03-11,536.884155,548.927110,535.080710,547.089384,547.089384,5601188
2014-03-12,547.089384,557.300043,545.869709,556.060368,556.060368,3505395
2014-03-13,556.060368,559.995888,552.078560,556.013750,556.013750,6874294
2014-03-14,556.013750,558.480651,550.882952,553.337981,553.337981,5168068
2014-03-17,553.337981,554.613127,549.779954,551.049828,551.049828,4418928
2014-03-18,551.049828,552.484624,543.055654,544.473327,544.473327,4673802
2014-03-19,544.473327,548.526241,540.896942,544.946747,544.946747,7961063
2014-03-20,544.946747,547.991622,544.458275,547.500861,547.500861,11018634
2014-03-21,547.500861,549.338541,540.358907,542.178723,542.178723,4678437
2014-03-24,542.178723,552.749596,541.638937,552.199833,552.199833,6174648
2014-03-25,552.199833,554.489234,538.417634,540.659188,540.659188,6315716
2014-03-26,540.659188,542.661819,537.251854,539.249262,539.249262,4421649
2014-03-27,539.249262,551.705594,536.769686,549.180352,549.180352,3589687
2014-03-28,549.180352,549.890646,545.994278,546.701366,546.701366,4037907
2014-03-31,546.701366,557.031743,545.739721,556.053648,556.053648,7210272
2014-04-01,556.053648,556.836463,553.898306,554.679186,554.679186,9243445
2014-04-02,554.679186,562.226690,550.378724,557.901248,557.901248,7567569
2014-04-03,557.901248,559.191977,556.526996,557.817532,557.817532,7207280
2014-04-04,557.817532,559.867012,542.058055,544.056977,544.056977,6531521
2014-04-07,544.056977,550.006414,540.768393,546.701843,546.701843,10549584
2014-04-08,546.701843,549.021580,546.292860,548.611168,548.611168,6392333
2014-04-09,548.611168,549.313659,545.114081,545.812989,545.812989,5761390
2014-04-10,545.812989,550.886358,544.007726,549.070321,549.070321,8200280
2014-04-11,549.070321,550.344232,541.543184,542.802552,542.802552,5740850
2014-04-14,542.802552,545.194328,534.185722,536.549946,536.549946,7970479
2014-04-15,536.549946,545.273565,536.081826,544.798249,544.798249,6420913
2014-04-16,544.798249,547.857923,536.983481,540.016299,540.016299,5867485
2014-04-17,540.016299,542.294628,530.064378,532.310195,532.310195,4257351
2014-04-18,532.310195,536.852254,532.172803,536.713725,536.713725,4209807
2014-04-21,536.713725,557.105649,535.530833,555.880514,555.880514,3178546
2014-04-22,555.880514,561.101608,554.187732,559.398114,559.398114,5790637
2014-04-23,559.398114,562.868487,551.255075,554.696278,554.696278,11283218
2014-04-24,554.696278,557.860379,553.729704,556.889982,556.889982,6807236
2014-04-25,556.889982,558.668909,550.474387,552.238454,552.238454,5691080
2014-04-28,552.238454,554.348532,542.475990,544.556716,544.556716,6373768
2014-04-29,544.556716,546.467938,543.508350,545.417914,545.417914,3678404
2014-04-30,545.417914,548.089367,540.479659,543.139954,543.139954,6862061
2014-05-01,543.139954,548.711551,542.977312,548.547290,548.547290,6761830
2014-05-02,548.547290,550.617361,547.809757,549.878038,549.878038,8647878
2014-05-05,549.878038,562.544499,544.512537,557.108446,557.108446,10324709
2014-05-06,557.108446,559.345699,545.916395,548.117542,548.117542,3614863
2014-05-07,548.117542,554.708197,545.868072,552.440983,552.440983,4525699
2014-05-08,552.440983,554.786448,548.272011,550.609701,550.609701,6245708
2014-05-09,550.609701,552.119033,546.835098,548.338203,548.338203,7925894
2014-05-12,548.338203,552.857896,532.693749,537.120984,537.120984,3940143
2014-05-13,537.120984,540.450601,531.952164,535.270308,535.270308,10335555
2014-05-14,535.270308,538.831085,530.346155,533.897801,533.897801,7119489
2014-05-15,533.897801,536.245091,525.404153,527.724302,527.724302,4738276
2014-05-16,527.724302,533.138370,526.993775,532.401369,532.401369,8696212
2014-05-19,532.401369,550.534470,528.118261,546.140829,546.140829,4970317
2014-05-20,546.140829,551.504117,545.986812,551.348631,551.348631,3914301
2014-05-21,551.348631,552.362012,530.489568,531.466406,531.466406,4904318
2014-05-22,531.466406,533.518644,529.836189,531.887137,531.887137,8206542
2014-05-23,531.887137,536.108351,530.985482,535.201079,535.201079,5410955
2014-05-26,535.201079,537.373095,532.043763,534.211763,534.211763,4777248
2014-05-27,534.211763,534.795338,527.590410,528.167382,528.167382,4491200
2014-05-28,528.167382,531.215714,516.572939,519.571660,519.571660,8244143
2014-05-29,519.571660,530.607756,518.302426,529.314721,529.314721,4037117
2014-05-30,529.314721,534.363461,519.571964,524.575500,524.575500,4837877
2014-06-02,524.575500,551.096821,523.518802,549.988931,549.988931,10896999
2014-06-03,549.988931,552.159926,542.107212,544.255576,544.255576,7745858
2014-06-04,544.255576,557.075061,543.106328,555.901222,555.901222,5172078
2014-06-05,555.901222,561.182654,539.210805,544.382804,544.382804,7919225
2014-06-06,544.382804,545.525225,541.442598,542.581238,542.581238,3349008
2014-06-09,542.581238,548.868258,538.678270,544.948263,544.948263,7389652
2014-06-10,544.948263,549.062046,521.554092,525.521221,525.521221,7377739
2014-06-11,525.521221,528.105929,520.497428,523.070081,523.070081,4713229
2014-06-12,523.070081,531.699988,521.267134,529.873591,529.873591,5637771
2014-06-13,529.873591,533.819265,516.763311,520.640229,520.640229,7950100
2014-06-16,520.640229,521.535037,519.555851,520.450333,520.450333,8369018
2014-06-17,520.450333,521.518437,509.186997,510.234135,510.234135,3946717
2014-06-18,510.234135,513.826138,509.606892,513.195255,513.195255,5879770
2014-06-19,513.195255,516.527354,512.761252,516.090903,516.090903,7982917
2014-06-20,516.090903,519.051463,498.612097,501.488892,501.488892,12849968
2014-06-23,501.488892,505.127374,501.238148,504.874937,504.874937,3938679
2014-06-24,504.874937,506.097766,498.710508,499.921339,499.921339,7173645
2014-06-25,499.921339,501.371260,489.083534,490.506148,490.506148,5133808
2014-06-26,490.506148,492.021243,486.424790,487.931933,487.931933,10045602
2014-06-27,487.931933,493.105709,486.727292,491.891293,491.891293,4896103
2014-06-30,491.891293,497.742766,489.253226,495.087558,495.087558,3459572
2014-07-01,495.087558,506.607749,492.989445,504.469876,504.469876,6386584
2014-07-02,504.469876,504.753554,499.060631,499.341426,499.341426,5801240
2014-07-03,499.341426,506.228751,498.666821,505.545764,505.545764,8419589
2014-07-04,505.545764,508.347169,477.143112,479.801861,479.801861,11497485
2014-07-07,479.801861,486.845296,476.585131,483.603082,483.603082,2746374
2014-07-08,483.603082,485.704415,482.761694,484.860840,484.860840,6504880
2014-07-09,484.860840,501.996195,482.337689,499.397399,499.397399,3799283
2014-07-10,499.397399,510.994413,496.825269,508.376039,508.376039,6518808
2014-07-11,508.376039,519.623254,505.770957,516.974112,516.974112,8645259
2014-07-14,516.974112,533.019418,515.239724,531.237179,531.237179,4746774
2014-07-15,531.237179,536.240020,529.596552,534.589042,534.589042,9386314
2014-07-16,534.589042,534.808461,530.894546,531.112539,531.112539,9460802
2014-07-17,531.112539,544.558984,529.966540,543.386502,543.386502,5967717
2014-07-18,543.386502,559.698231,540.260735,556.497047,556.497047,4307291
2014-07-21,556.497047,558.155407,550.080487,551.724625,551.724625,10833425
2014-07-22,551.724625,553.925489,541.244969,543.412676,543.412676,4306691
2014-07-23,543.412676,543.734779,534.412333,534.729289,534.729289,7728562
2014-07-24,534.729289,543.004620,534.085754,542.351910,542.351910,11408976
2014-07-25,542.351910,544.762887,535.259858,537.649932,537.649932,10702229
2014-07-28,537.649932,539.475673,526.094357,527.886945,527.886945,2576361
2014-07-29,527.886945,529.847620,524.412866,526.367899,526.367899,8565443
2014-07-30,526.367899,535.567382,524.628501,533.803413,533.803413,8134849
2014-07-31,533.803413,536.067632,525.576737,527.815557,527.815557,4199876
2014-08-01,527.815557,530.882630,525.028261,528.093864,528.093864,4226753
2014-08-04,528.093864,528.476196,517.929080,518.304325,518.304325,5293141
2014-08-05,518.304325,519.716113,516.419011,517.829506,517.829506,5432262
2014-08-06,517.829506,521.594557,516.264760,520.023182,520.023182,7240793
2014-08-07,520.023182,521.119026,512.274291,513.356085,513.356085,7612171
2014-08-08,513.356085,515.797586,512.142831,514.581436,514.581436,7070780
2014-08-11,514.581436,524.368425,513.004192,522.766095,522.766095,8596432
2014-08-12,522.766095,525.347542,512.566307,515.109948,515.109948,7077664
2014-08-13,515.109948,522.061278,510.756703,517.686260,517.686260,6114082
2014-08-14,517.686260,518.319506,499.875932,500.488141,500.488141,8092206
2014-08-15,500.488141,502.584131,495.458446,497.542099,497.542099,9388865
2014-08-18,497.542099,498.552389,496.941588,497.951385,497.951385,3528309
2014-08-19,497.951385,506.692637,497.876109,506.616052,506.616052,11740518
2014-08-20,506.616052,515.014667,504.961778,513.338442,513.338442,5075894
2014-08-21,513.338442,514.939726,508.152099,509.742164,509.742164,3448982
2014-08-22,509.742164,513.330029,487.639847,491.096473,491.096473,7733884
2014-08-25,491.096473,501.911887,489.871661,500.663215,500.663215,6047443
2014-08-26,500.663215,507.218427,497.028174,503.562336,503.562336,7934298
2014-08-27,503.562336,505.190000,498.140999,499.756361,499.756361,4761972
2014-08-28,499.756361,502.003583,496.577642,498.820657,498.820657,6560405
2014-08-29,498.820657,503.046444,498.211190,502.432565,502.432565,5355465
2014-09-01,502.432565,523.438061,498.020172,518.881215,518.881215,10718779
2014-09-02,518.881215,520.983352,510.103701,512.178685,512.178685,7271862
2014-09-03,512.178685,513.899676,505.924633,507.630341,507.630341,5474754
2014-09-04,507.630341,507.957851,500.724326,501.047589,501.047589,4524196
2014-09-05,501.047589,515.418362,499.683023,514.018471,514.018471,8143247
2014-09-08,514.018471,521.151086,513.568501,520.695271,520.695271,7094889
2014-09-09,520.695271,529.563156,519.602934,528.454541,528.454541,4330104
2014-09-10,528.454541,531.296587,527.863930,530.703463,530.703463,11286652
2014-09-11,530.703463,545.024241,529.336250,543.623743,543.623743,11725007
2014-09-12,543.623743,546.358580,531.076245,533.761467,533.761467,7538405
2014-09-15,533.761467,541.154442,530.220069,537.587658,537.587658,7727215
2014-09-16,537.587658,537.687779,533.021382,533.120672,533.120672,5179274
2014-09-17,533.120672,535.981531,521.318681,524.131301,524.131301,3252356
2014-09-18,524.131301,526.912525,515.453352,518.203120,518.203120,5884323
2014-09-19,518.203120,522.221997,513.441814,517.454888,517.454888,3666348
2014-09-22,517.454888,519.906786,507.128408,509.542815,509.542815,3277061
2014-09-23,509.542815,514.632598,503.360653,508.439414,508.439414,5078671
2014-09-24,508.439414,508.907060,498.379858,498.838673,498.838673,5386319
2014-09-25,498.838673,512.209892,496.613484,509.935204,509.935204,6789340
2014-09-26,509.935204,512.910015,505.296479,508.261527,508.261527,4626441
2014-09-29,508.261527,509.233369,508.122268,509.093883,509.093883,6075681
2014-09-30,509.093883,514.857649,508.123203,513.877848,513.877848,5977575
2014-10-01,513.877848,531.166872,511.470230,528.689857,528.689857,6827631
2014-10-02,528.689857,528.832395,520.333426,520.473748,520.473748,3628964
2014-10-03,520.473748,550.263150,519.315011,549.040813,549.040813,4826950
2014-10-06,549.040813,549.431239,541.204394,541.589522,541.589522,8104608
2014-10-07,541.589522,560.519909,538.762244,557.609004,557.609004,8008906
2014-10-08,557.609004,558.070996,555.391485,555.852021,555.852021,9483881
2014-10-09,555.852021,555.883020,549.021029,549.051648,549.051648,4679444
2014-10-10,549.051648,549.560411,537.916444,538.415352,538.415352,5193784
2014-10-13,538.415352,541.720938,536.531104,539.831733,539.831733,3237274
2014-10-14,539.831733,558.191694,538.450617,556.767250,556.767250,2796328
2014-10-15,556.767250,558.614217,556.261583,558.107333,558.107333,5431097
2014-10-16,558.107333,564.968999,556.063008,562.907092,562.907092,9809877
2014-10-17,562.907092,568.910541,562.532720,568.532428,568.532428,8386040
2014-10-20,568.532428,573.917425,564.893363,570.267256,570.267256,4780215
2014-10-21,570.267256,570.776883,558.554434,559.054040,559.054040,11209502
2014-10-22,559.054040,560.681215,549.310962,550.914446,550.914446,6611558
2014-10-23,550.914446,563.876224,548.969044,561.892058,561.892058,8953341
2014-10-24,561.892058,580.865317,561.227207,580.178828,580.178828,9268579
2014-10-27,580.178828,592.762682,578.181794,590.729332,590.729332,2992026
2014-10-28,590.729332,590.778636,583.410247,583.458945,583.458945,6212603
2014-10-29,583.458945,584.394652,573.712305,574.633858,574.633858,4747549
2014-10-30,574.633858,574.992852,564.469357,564.822221,564.822221,6717028
2014-10-31,564.822221,570.440913,548.947921,554.463568,554.463568,11559376
2014-11-03,554.463568,560.210467,551.807766,557.539930,557.539930,6917658
2014-11-04,557.539930,572.921076,554.499002,569.813207,569.813207,4536980
2014-11-05,569.813207,571.064221,555.025784,556.247014,556.247014,10938254
2014-11-06,556.247014,567.773967,554.603958,566.101802,566.101802,5565236
2014-11-07,566.101802,570.250800,559.315407,563.444932,563.444932,11289039
2014-11-10,563.444932,565.754331,553.255898,555.532867,555.532867,7181295
2014-11-11,555.532867,567.021777,554.836921,566.312327,566.312327,4231163
2014-11-12,566.312327,580.535350,565.630810,579.837556,579.837556,5661207
2014-11-13,579.837556,594.753855,578.717630,593.607333,593.607333,5082374
2014-11-14,593.607333,599.507059,561.612678,567.250449,567.250449,4335074
2014-11-17,567.250449,569.294579,564.311372,566.352266,566.352266,5897677
2014-11-18,566.352266,570.419856,557.761377,561.796246,561.796246,8455552
2014-11-19,561.796246,563.416307,555.452856,557.059257,557.059257,5947696
2014-11-20,557.059257,565.663650,551.275400,559.850809,559.850809,5412774
2014-11-21,559.850809,569.730395,558.121755,567.976247,567.976247,6207854
2014-11-24,567.976247,569.247164,554.701896,555.945893,555.945893,6699270
2014-11-25,555.945893,560.647959,555.608086,560.307501,560.307501,5597073
2014-11-26,560.307501,562.877490,555.612665,558.172863,558.172863,11056488
2014-11-27,558.172863,560.942405,550.462634,553.207539,553.207539,5010450
2014-11-28,553.207539,556.969282,542.087121,545.798483,545.798483,4218551
2014-12-01,545.798483,546.212282,541.037170,541.447670,541.447670,5556662
2014-12-02,541.447670,548.209700,538.861240,545.603419,545.603419,8124231
2014-12-03,545.603419,546.048168,537.530596,537.969122,537.969122,3853628
2014-12-04,537.969122,538.197795,526.487403,526.711290,526.711290,4497128
2014-12-05,526.711290,537.344832,526.327952,536.954040,536.954040,4699896
2014-12-08,536.954040,537.340400,531.677271,532.060110,532.060110,5205240
2014-12-09,532.060110,551.409433,527.788136,547.017365,547.017365,6422268
2014-12-10,547.017365,549.212964,530.574333,532.712517,532.712517,5543595
2014-12-11,532.712517,535.293416,530.881517,533.459848,533.459848,3985193
2014-12-12,533.459848,536.000891,503.360116,505.769259,505.769259,9787471
2014-12-15,505.769259,507.859666,487.109551,489.131190,489.131190,6001804
2014-12-16,489.131190,493.506755,488.812551,493.185475,493.185475,4498641
2014-12-17,493.185475,512.109326,493.185036,512.108871,512.108871,5550187
2014-12-18,512.108871,513.278910,509.566857,510.733754,510.733754,3675526
2014-12-19,510.733754,512.376781,506.153125,507.786671,507.786671,4718302
2014-12-22,507.786671,514.527220,506.766673,513.495754,513.495754,8970883
2014-12-23,513.495754,514.086673,511.045361,511.634138,511.634138,5467151
2014-12-24,511.634138,522.585446,511.111198,522.051858,522.051858,4037566
2014-12-25,522.051858,536.766221,519.681248,534.339812,534.339812,4501942
2014-12-26,534.339812,535.770789,530.125422,531.548925,531.548925,6328789
2014-12-29,531.548925,532.325834,521.603490,522.366979,522.366979,5687057
2014-12-30,522.366979,523.981357,509.422817,511.002072,511.002072,8724452
2014-12-31,511.002072,512.788222,494.336701,496.070660,496.070660,6615253
2015-01-01,496.070660,497.717108,486.109356,487.728115,487.728115,4593494
2015-01-02,487.728115,501.134658,486.345668,499.718226,499.718226,5230831
2015-01-05,499.718226,500.044678,497.467271,497.792465,497.792465,3571499
2015-01-06,497.792465,503.608851,497.513079,503.326358,503.326358,6103428
2015-01-07,503.326358,504.914958,489.691993,491.242453,491.242453,6449024
2015-01-08,491.242453,492.950047,488.171054,489.873891,489.873891,9198699
2015-01-09,489.873891,490.272139,475.526764,475.913663,475.913663,7953642
2015-01-12,475.913663,479.855471,474.595661,478.530221,478.530221,3853807
2015-01-13,478.530221,479.397248,463.742766,464.584525,464.584525,7264643
2015-01-14,464.584525,464.979038,453.490491,453.875911,453.875911,10153833
2015-01-15,453.875911,454.918447,448.274842,449.306883,449.306883,4257709
2015-01-16,449.306883,455.557319,448.770032,455.013649,455.013649,11264236
2015-01-19,455.013649,455.270764,447.654478,447.907578,447.907578,3559830
2015-01-20,447.907578,449.524195,423.922450,425.458041,425.458041,7224831
2015-01-21,425.458041,433.198659,422.368253,430.075340,430.075340,15400915
2015-01-22,430.075340,450.955343,428.598945,449.412567,449.412567,5797508
2015-01-23,449.412567,460.540241,448.949051,460.065738,460.065738,7176956
2015-01-26,460.065738,468.009535,459.896819,467.837762,467.837762,4178325
2015-01-27,467.837762,471.562508,446.121331,449.701685,449.701685,12465217
2015-01-28,449.701685,450.034685,442.660130,442.988159,442.988159,3482007
2015-01-29,442.988159,445.877502,441.224641,444.109520,444.109520,5528250
2015-01-30,444.109520,452.842786,443.101064,451.816828,451.816828,5395617
2015-02-02,451.816828,461.265682,451.539718,460.982950,460.982950,18829815
2015-02-03,460.982950,462.358240,460.609326,461.983804,461.983804,4171839
2015-02-04,461.983804,463.526434,456.343574,457.872476,457.872476,5992523
2015-02-05,457.872476,469.772879,453.788799,465.620103,465.620103,4915288
2015-02-06,465.620103,466.409689,462.044149,462.829001,462.829001,4935627
2015-02-09,462.829001,466.497784,462.135010,465.799339,465.799339,3914118
2015-02-10,465.799339,466.272042,460.577073,461.044951,461.044951,6739763
2015-02-11,461.044951,464.086822,459.139511,462.176704,462.176704,4033266
2015-02-12,462.176704,465.408813,451.841019,455.023100,455.023100,8238589
2015-02-13,455.023100,459.476638,454.458762,458.907483,458.907483,5703564
2015-02-16,458.907483,460.150175,450.372350,451.595241,451.595241,4431168
2015-02-17,451.595241,452.044938,443.082841,443.524501,443.524501,6432791
2015-02-18,443.524501,451.945004,441.457819,449.848852,449.848852,6651221
2015-02-19,449.848852,451.570357,424.824303,426.456288,426.456288,5313284
2015-02-20,426.456288,431.633686,423.838778,429.000560,429.000560,7381493
2015-02-23,429.000560,430.661036,419.825760,421.457039,421.457039,6018203
2015-02-24,421.457039,432.925161,419.281020,430.701412,430.701412,6104472
2015-02-25,430.701412,431.238143,429.119577,429.655004,429.655004,4268846
2015-02-26,429.655004,434.500306,428.427489,433.262484,433.262484,8060019
2015-02-27,433.262484,433.409191,425.588618,425.732775,425.732775,6821225
2015-03-02,425.732775,429.178275,423.483179,426.922392,426.922392,9657237
2015-03-03,426.922392,428.549700,421.157066,422.768542,422.768542,8026118
2015-03-04,422.768542,423.461956,421.489494,422.181947,422.181947,8890551
2015-03-05,422.181947,423.205172,413.177665,414.181500,414.181500,6203504
2015-03-06,414.181500,416.306232,403.946950,406.029864,406.029864,3442684
2015-03-09,406.029864,408.146203,405.470521,407.584718,407.584718,6504515
2015-03-10,407.584718,422.261184,406.488787,421.128836,421.128836,8973643
2015-03-11,421.128836,422.584547,416.872266,418.318262,418.318262,8244739
2015-03-12,418.318262,425.391763,416.967571,424.022654,424.022654,6651168
2015-03-13,424.022654,426.744759,415.591511,418.276729,418.276729,5454125
2015-03-16,418.276729,419.153601,413.909146,414.778685,414.778685,7044129
2015-03-17,414.778685,419.847943,411.950525,417.004605,417.004605,5028615
2015-03-18,417.004605,421.679789,414.910984,419.573271,419.573271,4940402
2015-03-19,419.573271,424.312765,416.208113,420.936672,420.936672,6337887
2015-03-20,420.936672,425.472884,420.507846,425.039878,425.039878,4341543
2015-03-23,425.039878,425.691658,419.231508,419.875369,419.875369,6982189
2015-03-24,419.875369,428.513238,419.855489,428.492950,428.492950,11234704
2015-03-25,428.492950,433.105568,427.929634,432.536936,432.536936,12772593
2015-03-26,432.536936,432.788615,425.516741,425.764479,425.764479,5080910
2015-03-27,425.764479,427.410956,418.188945,419.812404,419.812404,4914496
2015-03-30,419.812404,427.542529,418.184182,425.890733,425.890733,5264899
2015-03-31,425.890733,426.663709,406.724101,407.463633,407.463633,7772184
2015-04-01,407.463633,420.096685,405.831276,418.420434,418.420434,6405574
2015-04-02,418.420434,426.080434,418.037510,425.690856,425.690856,6975689
2015-04-03,425.690856,427.866339,424.926386,427.099340,427.099340,3159864
2015-04-06,427.099340,427.547682,413.165444,413.599614,413.599614,7184431
2015-04-07,413.599614,414.754819,400.538324,401.660182,401.660182,4190390
2015-04-08,401.660182,406.287957,400.107796,404.723730,404.723730,4537120
2015-04-09,404.723730,406.343319,404.356708,405.975162,405.975162,9981111
2015-04-10,405.975162,416.655546,404.843220,415.497055,415.497055,6764131
2015-04-13,415.497055,416.111878,412.496541,413.107829,413.107829,10977772
2015-04-14,413.107829,417.236305,412.981741,417.108996,417.108996,4221915
2015-04-15,417.108996,425.571401,413.269543,421.689782,421.689782,3962020
2015-04-16,421.689782,423.308014,412.673722,414.263456,414.263456,7959488
2015-04-17,414.263456,421.369181,413.388081,420.480668,420.480668,7058738
2015-04-20,420.480668,426.532558,419.483811,425.523745,425.523745,6982165
2015-04-21,425.523745,426.890069,425.487971,426.854184,426.854184,4708314
2015-04-22,426.854184,433.897741,425.201869,432.224638,432.224638,5974300
2015-04-23,432.224638,442.118108,430.178062,440.034552,440.034552,3964224
2015-04-24,440.034552,443.380204,427.790553,431.068031,431.068031,8269505
2015-04-27,431.068031,433.206795,428.421642,430.557875,430.557875,3951584
2015-04-28,430.557875,437.557918,428.641428,435.618945,435.618945,12098955
2015-04-29,435.618945,436.553073,427.591143,428.510028,428.510028,7199991
2015-04-30,428.510028,429.143793,427.958927,428.592586,428.592586,5883168
2015-05-01,428.592586,439.693463,428.255054,439.347461,439.347461,4609231
2015-05-04,439.347461,451.489197,438.004155,450.112975,450.112975,4763020
2015-05-05,450.112975,456.024141,448.642562,454.539269,454.539269,4305364
2015-05-06,454.539269,464.738358,453.374803,463.550805,463.550805,8763921
2015-05-07,463.550805,476.788459,460.879250,474.056357,474.056357,6135110
2015-05-08,474.056357,476.594387,468.533757,471.055722,471.055722,8311247
2015-05-11,471.055722,475.279021,470.539463,474.758704,474.758704,5457191
2015-05-12,474.758704,480.747401,474.712349,480.700466,480.700466,5416855
2015-05-13,480.700466,481.439513,466.441818,467.160048,467.160048,5856383
2015-05-14,467.160048,471.927429,467.025134,471.791178,471.791178,5117658
2015-05-15,471.791178,479.488810,469.478958,477.150324,477.150324,6539605
2015-05-18,477.150324,485.632766,476.811933,485.288603,485.288603,4956947
2015-05-19,485.288603,490.046516,485.144954,489.901501,489.901501,5431554
2015-05-20,489.901501,496.317494,486.967767,493.363031,493.363031,8207084
2015-05-21,493.363031,505.456555,491.868661,503.930178,503.930178,6206671
2015-05-22,503.930178,505.091029,500.156274,501.311092,501.311092,3371376
2015-05-25,501.311092,501.476015,495.019714,495.182621,495.182621,7984572
2015-05-26,495.182621,500.520896,470.599766,475.728315,475.728315,7528973
2015-05-27,475.728315,481.325105,474.597866,480.184067,480.184067,5308722
2015-05-28,480.184067,493.299436,480.085341,493.198034,493.198034,5586602
2015-05-29,493.198034,494.211729,482.989322,483.984079,483.984079,8888616
2015-06-01,483.984079,490.989176,483.643672,490.644085,490.644085,3401969
2015-06-02,490.644085,491.157592,490.281091,490.794487,490.794487,6554577
2015-06-03,490.794487,501.589851,489.076561,499.840262,499.840262,3587595
2015-06-04,499.840262,513.355918,496.656151,510.106408,510.106408,7236558
2015-06-05,510.106408,510.789050,509.299505,509.981980,509.981980,13374745
2015-06-08,509.981980,512.129795,506.912441,509.056357,509.056357,7876999
2015-06-09,509.056357,511.698089,507.979873,510.618302,510.618302,4191441
2015-06-10,510.618302,512.974439,509.532282,511.885723,511.885723,6498249
2015-06-11,511.885723,516.199409,510.221434,514.526534,514.526534,2874067
2015-06-12,514.526534,520.220187,514.173581,519.863573,519.863573,6283464
2015-06-15,519.863573,527.316658,517.263723,524.692658,524.692658,5365155
2015-06-16,524.692658,531.660362,523.155888,530.107732,530.107732,5318718
2015-06-17,530.107732,538.365299,528.331565,536.567488,536.567488,10240776
2015-06-18,536.567488,540.869273,535.210299,539.504655,539.504655,6034909
2015-06-19,539.504655,539.800087,537.339824,537.634231,537.634231,4785977
2015-06-22,537.634231,538.308300,525.495006,526.154682,526.154682,9326177
2015-06-23,526.154682,538.619257,525.244375,537.688994,537.688994,3949158
2015-06-24,537.688994,541.995965,537.251001,541.554823,541.554823,4999056
2015-06-25,541.554823,543.937547,535.632309,537.999390,537.999390,8330961
2015-06-26,537.999390,539.573828,534.652813,536.222050,536.222050,5134987
2015-06-29,536.222050,542.157021,525.128135,531.005366,531.005366,7156896
2015-06-30,531.005366,531.521672,518.839035,519.344003,519.344003,8072024
2015-07-01,519.344003,521.471469,519.249163,521.376259,521.376259,5721158
2015-07-02,521.376259,522.139326,511.327302,512.076759,512.076759,7137517
2015-07-03,512.076759,518.928601,511.981486,518.832072,518.832072,7843831
2015-07-06,518.832072,526.409600,518.204908,525.774045,525.774045,3219534
2015-07-07,525.774045,528.608176,524.382562,527.212885,527.212885,5439327
2015-07-08,527.212885,527.995896,520.179242,520.952955,520.952955,5964163
2015-07-09,520.952955,523.122674,520.678689,522.847410,522.847410,5043419
2015-07-10,522.847410,529.517084,511.513103,518.122504,518.122504,8900486
2015-07-13,518.122504,526.288494,515.588101,523.726679,523.726679,7827229
2015-07-14,523.726679,529.830954,523.702685,529.806682,529.806682,3974709
2015-07-15,529.806682,532.715511,523.446665,526.336440,526.336440,4576620
2015-07-16,526.336440,527.088578,516.979440,517.719264,517.719264,7058551
2015-07-17,517.719264,533.341869,516.617193,532.208954,532.208954,4890143
2015-07-20,532.208954,532.674257,524.711823,525.170973,525.170973,4216801
2015-07-21,525.170973,531.725766,522.568214,529.103516,529.103516,19449675
2015-07-22,529.103516,529.933890,527.422976,528.252013,528.252013,5815974
2015-07-23,528.252013,530.499564,526.731566,528.977031,528.977031,4972104
2015-07-24,528.977031,538.042179,528.256261,537.310055,537.310055,5623087
2015-07-27,537.310055,545.448190,533.726552,541.834513,541.834513,4002441
2015-07-28,541.834513,543.010590,527.376052,528.523236,528.523236,5713363
2015-07-29,528.523236,530.574647,508.404936,510.385949,510.385949,4127946
2015-07-30,510.385949,510.690986,508.263593,508.567542,508.567542,4801514
2015-07-31,508.567542,515.826537,506.153230,513.389334,513.389334,4392730
2015-08-03,513.389334,513.751712,508.631524,508.990798,508.990798,2291556
2015-08-04,508.990798,509.198332,505.048469,505.254480,505.254480,5696127
2015-08-05,505.254480,507.688891,500.423397,502.846204,502.846204,6176337
2015-08-06,502.846204,525.302633,500.604049,522.970744,522.970744,5086803
2015-08-07,522.970744,525.076865,518.361457,520.457456,520.457456,3391827
2015-08-10,520.457456,539.066979,517.713599,536.239917,536.239917,7777644
2015-08-11,536.239917,539.324069,527.286957,530.337159,530.337159,5131564
2015-08-12,530.337159,532.520720,529.098401,531.279760,531.279760,3142102
2015-08-13,531.279760,534.621820,524.305447,527.624514,527.624514,5167179
2015-08-14,527.624514,529.351969,516.031039,517.726087,517.726087,5708954
2015-08-17,517.726087,521.288144,516.552236,520.108891,520.108891,5260053
2015-08-18,520.108891,521.231492,496.499389,497.573350,497.573350,7605689
2015-08-19,497.573350,523.726320,492.055773,517.982428,517.982428,3328833
2015-08-20,517.982428,521.817888,517.191975,521.022796,521.022796,4397883
2015-08-21,521.022796,525.634511,517.566587,522.170687,522.170687,4092587
2015-08-24,522.170687,526.536081,519.190344,523.547877,523.547877,7911627
2015-08-25,523.547877,527.534680,523.094327,527.078071,527.078071,8738638
2015-08-26,527.078071,528.732395,515.331931,516.954479,516.954479,8751732
2015-08-27,516.954479,528.463716,515.533561,527.015144,527.015144,3710762
2015-08-28,527.015144,528.253111,513.765610,514.975295,514.975295,7349078
2015-08-31,514.975295,517.202897,512.553799,514.780559,514.780559,3946732
2015-09-01,514.780559,534.511016,512.559556,532.214793,532.214793,5802864
2015-09-02,532.214793,536.707342,531.738449,536.227407,536.227407,8777746
2015-09-03,536.227407,542.243662,534.601338,540.604321,540.604321,4353666
2015-09-04,540.604321,542.156516,534.311551,535.850095,535.850095,8715658
2015-09-07,535.850095,539.523697,518.245846,521.823285,521.823285,4913134
2015-09-08,521.823285,523.511094,515.731456,517.404975,517.404975,6037493
2015-09-09,517.404975,518.200826,506.118264,506.897954,506.897954,6852615
2015-09-10,506.897954,507.512065,493.454945,494.053495,494.053495,4191135
2015-09-11,494.053495,495.188789,476.861041,477.959352,477.959352,6934815
2015-09-14,477.959352,484.471311,476.762853,483.261539,483.261539,5622259
2015-09-15,483.261539,489.247090,482.119511,488.093642,488.093642,5362831
2015-09-16,488.093642,493.325959,485.589384,490.807776,490.807776,4833401
2015-09-17,490.807776,497.390225,488.093470,494.654645,494.654645,6975170
2015-09-18,494.654645,503.275842,493.793614,502.401327,502.401327,4952114
2015-09-21,502.401327,504.165677,502.335704,504.099832,504.099832,6036467
2015-09-22,504.099832,513.775096,500.834868,510.468881,510.468881,12963496
2015-09-23,510.468881,529.633526,508.078981,527.165456,527.165456,7606312
2015-09-24,527.165456,529.616513,526.166319,528.614630,528.614630,5899311
2015-09-25,528.614630,531.728264,528.310579,531.422598,531.422598,4986250
2015-09-28,531.422598,535.306547,517.712240,521.523842,521.523842,8004946
2015-09-29,521.523842,523.872003,505.846441,508.134315,508.134315,5228706
2015-09-30,508.134315,512.467237,499.046615,503.338644,503.338644,4623483
2015-10-01,503.338644,514.025259,500.996320,511.644285,511.644285,12407160
2015-10-02,511.644285,512.879473,510.301067,511.535994,511.535994,5983219
2015-10-05,511.535994,523.380875,511.109624,522.944996,522.944996,7782808
2015-10-06,522.944996,523.203725,520.745060,521.002828,521.002828,5489550
2015-10-07,521.002828,523.042230,514.496614,516.518463,516.518463,4233578
2015-10-08,516.518463,517.373311,510.027398,510.872902,510.872902,8258010
2015-10-09,510.872902,515.641957,510.041522,514.804179,514.804179,6777811
2015-10-12,514.804179,517.884582,503.862729,506.895811,506.895811,7032066
2015-10-13,506.895811,517.432730,504.942695,515.446667,515.446667,4996123
2015-10-14,515.446667,517.514776,507.501961,509.546397,509.546397,4283009
2015-10-15,509.546397,510.040496,486.299484,486.771498,486.771498,5517396
2015-10-16,486.771498,488.694982,478.117416,480.014199,480.014199,6390123
2015-10-19,480.014199,490.200728,478.934877,489.100975,489.100975,3240304
2015-10-20,489.100975,497.741559,483.805853,492.410606,492.410606,3966471
2015-10-21,492.410606,493.537931,484.669201,485.781349,485.781349,7144851
2015-10-22,485.781349,485.815933,483.338990,483.373402,483.373402,6357672
2015-10-23,483.373402,490.885636,482.992003,490.498614,490.498614,7477240
2015-10-26,490.498614,490.700520,487.780731,487.981601,487.981601,3753079
2015-10-27,487.981601,490.059381,474.232137,476.260008,476.260008,8111803
2015-10-28,476.260008,477.598798,471.186609,472.514871,472.514871,5696647
2015-10-29,472.514871,473.189402,454.809800,455.459984,455.459984,5106883
2015-10-30,455.459984,456.199157,450.019205,450.750735,450.750735,7281063
2015-11-02,450.750735,453.802338,448.205086,451.253848,451.253848,4983653
2015-11-03,451.253848,455.142665,450.695297,454.579996,454.579996,10109174
2015-11-04,454.579996,457.051891,453.082243,455.550939,455.550939,3520617
2015-11-05,455.550939,456.528782,452.699099,453.672911,453.672911,6238387
2015-11-06,453.672911,456.473852,452.521943,455.318708,455.318708,5015694
2015-11-09,455.318708,466.873563,451.457966,462.948129,462.948129,8976626
2015-11-10,462.948129,463.439051,461.524976,462.014908,462.014908,2088992
2015-11-11,462.014908,464.619654,458.000850,460.597605,460.597605,10210125
2015-11-12,460.597605,466.878987,460.159563,466.435394,466.435394,5907752
2015-11-13,466.435394,475.761741,465.057308,474.360241,474.360241,5980050
2015-11-16,474.360241,474.509315,466.818739,466.965489,466.965489,10666725
2015-11-17,466.965489,467.690910,464.774516,465.497657,465.497657,4916911
2015-11-18,465.497657,475.999980,464.959563,475.450382,475.450382,4764893
2015-11-19,475.450382,481.116035,472.412461,478.061431,478.061431,5460023
2015-11-20,478.061431,478.061884,477.461972,477.462424,477.462424,5177230
2015-11-23,477.462424,502.761204,475.279240,500.472806,500.472806,6135466
2015-11-24,500.472806,503.988508,499.834736,503.346774,503.346774,9425533
2015-11-25,503.346774,505.805617,496.475252,498.912434,498.912434,7465463
2015-11-26,498.912434,508.593441,497.430708,507.087436,507.087436,5649093
2015-11-27,507.087436,517.562464,506.422061,516.884234,516.884234,5217213
2015-11-30,516.884234,520.043578,498.649432,501.716063,501.716063,8595426
2015-12-01,501.716063,503.397000,493.766829,495.426694,495.426694,5163793
2015-12-02,495.426694,498.052502,492.044499,494.666277,494.666277,5554838
2015-12-03,494.666277,495.933519,487.145362,488.396542,488.396542,9117368
2015-12-04,488.396542,493.873341,487.224344,492.690837,492.690837,7180919
2015-12-07,492.690837,507.591758,491.413836,506.279536,506.279536,7559877
2015-12-08,506.279536,506.587442,500.902754,501.207575,501.207575,5818146
2015-12-09,501.207575,503.560156,497.078355,499.422557,499.422557,4122233
2015-12-10,499.422557,511.129473,497.579608,509.250258,509.250258,6923148
2015-12-11,509.250258,511.082474,499.456514,501.259982,501.259982,6023200
2015-12-14,501.259982,504.666687,495.631469,499.022971,499.022971,7113081
2015-12-15,499.022971,500.733076,498.668664,500.377806,500.377806,3218689
2015-12-16,500.377806,505.101862,488.529850,493.186008,493.186008,7282883
2015-12-17,493.186008,495.255566,492.822624,494.890925,494.890925,5443355
2015-12-18,494.890925,496.505141,494.085891,495.698793,495.698793,6757931
2015-12-21,495.698793,497.310825,486.773338,488.361509,488.361509,5099905
2015-12-22,488.361509,489.122431,487.956840,488.717467,488.717467,5431890
2015-12-23,488.717467,501.325855,488.658187,501.265053,501.265053,5228474
2015-12-24,501.265053,505.153961,487.748011,491.561638,491.561638,8262722
2015-12-25,491.561638,498.827542,488.923738,496.164939,496.164939,6545209
2015-12-28,496.164939,498.299876,488.421213,490.531912,490.531912,3569583
2015-12-29,490.531912,491.492797,486.017671,486.971581,486.971581,5505998
2015-12-30,486.971581,487.459647,483.983501,484.469058,484.469058,6139830
2015-12-31,484.469058,485.460943,475.339291,476.314480,476.314480,3844016
2016-01-01,476.314480,477.252710,475.065271,476.002887,476.002887,7343774
2016-01-04,476.002887,478.090177,468.420714,470.483802,470.483802,5720616
2016-01-05,470.483802,471.378611,469.993835,470.888223,470.888223,9821393
2016-01-06,470.888223,471.362253,468.713504,469.185820,469.185820,10783470
2016-01-07,469.185820,469.603178,468.970863,469.388128,469.388128,5494616
2016-01-08,469.388128,469.931096,458.173712,458.704321,458.704321,6914927
2016-01-11,458.704321,460.433218,450.271537,451.975071,451.975071,5506117
2016-01-12,451.975071,452.368649,451.906310,452.299839,452.299839,3272925
2016-01-13,452.299839,469.349159,452.163934,469.208173,469.208173,5152528
2016-01-14,469.208173,477.461003,467.965453,476.199766,476.199766,8112342
2016-01-15,476.199766,476.786213,471.256418,471.837493,471.837493,4444562
2016-01-18,471.837493,483.518222,471.741499,483.419871,483.419871,4746968
2016-01-19,483.419871,485.494019,479.954871,482.023026,482.023026,3117043
2016-01-20,482.023026,484.524311,480.981940,483.480078,483.480078,10434372
2016-01-21,483.480078,483.645130,477.443181,477.606228,477.606228,4491358
2016-01-22,477.606228,479.246448,472.993578,474.623554,474.623554,6506931
2016-01-25,474.623554,475.874948,464.678968,465.907381,465.907381,6314944
2016-01-26,465.907381,466.469469,460.611993,461.168363,461.168363,4590330
2016-01-27,461.168363,467.135351,460.583871,466.544046,466.544046,4006227
2016-01-28,466.544046,470.465141,450.574128,454.393100,454.393100,5170631
2016-01-29,454.393100,459.051434,451.487908,456.135106,456.135106,6576123
2016-02-01,456.135106,460.662173,454.045916,458.561868,458.561868,6724796
2016-02-02,458.561868,459.479131,452.756977,453.664444,453.664444,7014179
2016-02-03,453.664444,464.777296,451.275987,462.343148,462.343148,5325682
2016-02-04,462.343148,463.269660,456.687048,457.604063,457.604063,5893468
2016-02-05,457.604063,469.229883,454.922424,466.496135,466.496135,7605913
2016-02-08,466.496135,470.260328,465.134465,468.891666,468.891666,6979566
2016-02-09,468.891666,471.808364,468.525943,471.440653,471.440653,3798389
2016-02-10,471.440653,483.158205,471.096017,482.805261,482.805261,10513376
2016-02-11,482.805261,483.944092,481.173445,482.311110,482.311110,6771148
2016-02-12,482.311110,484.091771,478.040982,479.812418,479.812418,8272993
2016-02-15,479.812418,480.375835,474.443620,475.001388,475.001388,5757520
2016-02-16,475.001388,475.614493,471.062286,471.671092,471.671092,7021345
2016-02-17,471.671092,478.374605,461.125705,467.773828,467.773828,3973485
2016-02-18,467.773828,475.196456,467.418985,474.836255,474.836255,4702718
2016-02-19,474.836255,479.597707,473.603379,478.355693,478.355693,5165376
2016-02-22,478.355693,500.484855,478.334803,500.462999,500.462999,4746731
2016-02-23,500.462999,507.243142,500.444520,507.224413,507.224413,7179389
2016-02-24,507.224413,507.591259,494.875052,495.233226,495.233226,7537986
2016-02-25,495.233226,510.658353,492.573198,507.930127,507.930127,4804203
2016-02-26,507.930127,510.509884,507.047358,509.624170,509.624170,3317376
2016-02-29,509.624170,510.078061,502.578892,503.026907,503.026907,4003145
2016-03-01,503.026907,504.932506,499.818752,501.719398,501.719398,11378570
2016-03-02,501.719398,502.733134,495.177281,496.179823,496.179823,6841768
2016-03-03,496.179823,498.191870,491.659822,493.661656,493.661656,16350463
2016-03-04,493.661656,507.419142,491.902062,505.616934,505.616934,7376578
2016-03-07,505.616934,506.332023,504.164864,504.878909,504.878909,3747294
2016-03-08,504.878909,514.737897,504.118703,513.964011,513.964011,4599835
2016-03-09,513.964011,516.909797,513.386450,516.329578,516.329578,3063458
2016-03-10,516.329578,517.331725,501.463045,502.438231,502.438231,6230216
2016-03-11,502.438231,509.298257,500.927793,507.771785,507.771785,4249201
2016-03-14,507.771785,510.370089,499.610936,502.180630,502.180630,8141307
2016-03-15,502.180630,512.264829,501.583751,511.656687,511.656687,6481051
2016-03-16,511.656687,514.100082,504.736921,507.158837,507.158837,6017401
2016-03-17,507.158837,508.772864,501.201405,502.801565,502.801565,11624408
2016-03-18,502.801565,516.869173,502.715698,516.780918,516.780918,10866768
2016-03-21,516.780918,522.917409,515.256596,521.379523,521.379523,7055243
2016-03-22,521.379523,529.859903,518.882834,527.334696,527.334696,3996524
2016-03-23,527.334696,530.225495,525.515685,528.402799,528.402799,8159344
2016-03-24,528.402799,529.624388,526.154647,527.373858,527.373858,2862677
2016-03-25,527.373858,529.624895,519.300382,521.526460,521.526460,5596391
2016-03-28,521.526460,522.651022,520.766230,521.890262,521.890262,6755274
2016-03-29,521.890262,522.427358,504.330827,504.850388,504.850388,4590643
2016-03-30,504.850388,532.312476,501.540749,528.845533,528.845533,3403454
2016-03-31,528.845533,535.300642,525.202790,531.638659,531.638659,7374003
2016-04-01,531.638659,531.894078,521.516451,521.767127,521.767127,5059945
2016-04-04,521.767127,524.636571,519.627843,522.494306,522.494306,3585160
2016-04-05,522.494306,522.641800,519.796827,519.943602,519.943602,6907079
2016-04-06,519.943602,524.825558,519.239781,524.116090,524.116090,7610258
2016-04-07,524.116090,526.250242,519.534544,521.658690,521.658690,3667366
2016-04-08,521.658690,530.294779,520.679036,529.300773,529.300773,5444759
2016-04-11,529.300773,531.910534,514.145749,516.693348,516.693348,5490124
2016-04-12,516.693348,519.244073,507.065851,509.581468,509.581468,8194443
2016-04-13,509.581468,521.758893,508.651374,520.808308,520.808308,6160479
2016-04-14,520.808308,521.732150,518.364471,519.285611,519.285611,5562530
2016-04-15,519.285611,520.213121,517.955311,518.882100,518.882100,15747487
2016-04-18,518.882100,521.352345,508.593808,511.026655,511.026655,5428913
2016-04-19,511.026655,512.385053,507.684547,509.037657,509.037657,4662503
2016-04-20,509.037657,511.484485,506.349056,508.794716,508.794716,2855471
2016-04-21,508.794716,520.865315,505.427326,517.440704,517.440704,12446474
2016-04-22,517.440704,519.101372,511.636047,513.283372,513.283372,6578017
2016-04-25,513.283372,515.855810,508.085381,510.644594,510.644594,7248359
2016-04-26,510.644594,514.663629,507.734616,511.747367,511.747367,4408520
2016-04-27,511.747367,514.487515,503.859940,506.572378,506.572378,10473104
2016-04-28,506.572378,508.675280,493.936790,495.995786,495.995786,10941172
2016-04-29,495.995786,505.232495,491.434849,500.628954,500.628954,6087189
2016-05-02,500.628954,518.947666,497.589030,515.815526,515.815526,5792729
2016-05-03,515.815526,525.864372,513.920957,523.939963,523.939963,6387442
2016-05-04,523.939963,527.674886,522.785910,526.515161,526.515161,7908999
2016-05-05,526.515161,544.038950,524.049054,541.502644,541.502644,4670215
2016-05-06,541.502644,546.258208,541.231911,545.985234,545.985234,5239199
2016-05-09,545.985234,546.004377,544.253501,544.272584,544.272584,6008396
2016-05-10,544.272584,546.785189,538.801987,541.300873,541.300873,4286061
2016-05-11,541.300873,545.368640,535.199769,539.252140,539.252140,3614351
2016-05-12,539.252140,543.608738,539.161721,543.517604,543.517604,11225541
2016-05-13,543.517604,548.903705,541.560354,546.934152,546.934152,11399688
2016-05-16,546.934152,548.013412,532.135477,533.187612,533.187612,6112698
2016-05-17,533.187612,534.104648,531.024678,531.939567,531.939567,5067687
2016-05-18,531.939567,535.123935,529.045379,532.228176,532.228176,7117994
2016-05-19,532.228176,533.476565,529.651130,530.896395,530.896395,15138618
2016-05-20,530.896395,539.820194,520.696908,529.598898,529.598898,4529548
2016-05-23,529.598898,534.811567,527.944011,533.145597,533.145597,4234454
2016-05-24,533.145597,534.112462,531.794918,532.761086,532.761086,7067706
2016-05-25,532.761086,553.107089,526.941481,547.130520,547.130520,4907031
2016-05-26,547.130520,550.808974,544.975909,548.648385,548.648385,4847531
2016-05-27,548.648385,549.927637,535.399042,536.650318,536.650318,7180989
2016-05-30,536.650318,539.840788,535.758841,538.945497,538.945497,4394111
2016-05-31,538.945497,542.272910,533.135847,536.447839,536.447839,3645190
2016-06-01,536.447839,536.712370,533.838299,534.101674,534.101674,7629717
2016-06-02,534.101674,536.443894,527.973682,530.299226,530.299226,8133541
2016-06-03,530.299226,548.068641,527.627297,545.321024,545.321024,10411102
2016-06-06,545.321024,546.567521,538.920005,540.154693,540.154693,6339136
2016-06-07,540.154693,541.490692,530.541619,531.857095,531.857095,5401299
2016-06-08,531.857095,548.957220,530.640505,547.704380,547.704380,5789008
2016-06-09,547.704380,556.414255,546.779337,555.476085,555.476085,7666780
2016-06-10,555.476085,556.900301,550.725580,552.141245,552.141245,7221455
2016-06-13,552.141245,560.609196,548.857791,557.295093,557.295093,5956633
2016-06-14,557.295093,561.369537,556.679654,560.750282,560.750282,5925653
2016-06-15,560.750282,561.200206,557.628161,558.075938,558.075938,5455415
2016-06-16,558.075938,567.184053,555.821650,564.902191,564.902191,7008071
2016-06-17,564.902191,567.054208,554.362372,556.482313,556.482313,10771116
2016-06-20,556.482313,558.243682,555.314396,557.074522,557.074522,6148609
2016-06-21,557.074522,574.506945,552.478452,569.805836,569.805836,5572834
2016-06-22,569.805836,570.681270,569.604852,570.480048,570.480048,4152839
2016-06-23,570.480048,577.900983,569.644862,577.056169,577.056169,7131256
2016-06-24,577.056169,579.155956,553.290710,555.311372,555.311372,7939299
2016-06-27,555.311372,572.646842,549.451555,566.667194,566.667194,3606952
2016-06-28,566.667194,567.684278,557.142037,558.143822,558.143822,7043093
2016-06-29,558.143822,570.068391,555.494234,567.374981,567.374981,9102960
2016-06-30,567.374981,568.254329,560.595574,561.465764,561.465764,6032356
2016-07-01,561.465764,573.990144,560.340001,572.841573,572.841573,4708007
2016-07-04,572.841573,588.533155,568.034649,583.635655,583.635655,5888497
2016-07-05,583.635655,586.973971,581.302345,584.636659,584.636659,9856797
2016-07-06,584.636659,591.919472,581.690942,588.952011,588.952011,8030756
2016-07-07,588.952011,590.306272,587.642914,588.997074,588.997074,13050762
2016-07-08,588.997074,590.978143,588.202661,590.182131,590.182131,4690090
2016-07-11,590.182131,604.850470,588.098978,602.723052,602.723052,6883311
2016-07-12,602.723052,604.130650,601.542357,602.949512,602.949512,6575396
2016-07-13,602.949512,619.735526,602.173214,618.938642,618.938642,6399556
2016-07-14,618.938642,619.881666,613.486621,614.422764,614.422764,9192822
2016-07-15,614.422764,627.629993,611.993504,625.158288,625.158288,4488532
2016-07-18,625.158288,627.445856,613.808742,616.063029,616.063029,5462246
2016-07-19,616.063029,616.503106,610.019471,610.455542,610.455542,5626453
2016-07-20,610.455542,630.459215,609.836638,629.820678,629.820678,4701652
2016-07-21,629.820678,643.560181,628.316517,642.026869,642.026869,5328781
2016-07-22,642.026869,643.840383,635.891064,637.692334,637.692334,2823951
2016-07-25,637.692334,640.546446,630.289844,633.123508,633.123508,5336625
2016-07-26,633.123508,655.983794,629.221017,651.965165,651.965165,7681456
2016-07-27,651.965165,654.742676,636.794460,639.518947,639.518947,9423260
2016-07-28,639.518947,641.454437,637.981231,639.915766,639.915766,4138547
2016-07-29,639.915766,644.722918,637.963739,642.762208,642.762208,4204052
2016-08-01,642.762208,653.781013,640.428356,651.415740,651.415740,11862213
2016-08-02,651.415740,652.504838,647.536231,648.620655,648.620655,2657520
2016-08-03,648.620655,669.190090,646.596714,667.108460,667.108460,4786552
2016-08-04,667.108460,675.287783,665.717687,673.882887,673.882887,7957637
2016-08-05,673.882887,674.873141,672.571173,673.560954,673.560954,9962331
2016-08-08,673.560954,677.931254,653.672352,657.941306,657.941306,10609740
2016-08-09,657.941306,660.362426,652.951211,655.362842,655.362842,4958029
2016-08-10,655.362842,669.873653,654.186912,668.673839,668.673839,6190185
2016-08-11,668.673839,677.803232,667.465015,676.580115,676.580115,4198456
2016-08-12,676.580115,677.638933,671.234700,672.286798,672.286798,5460149
2016-08-15,672.286798,680.851046,668.848351,677.386516,677.386516,6511223
2016-08-16,677.386516,681.789988,664.416203,668.763621,668.763621,4749354
2016-08-17,668.763621,691.594676,667.944417,690.748541,690.748541,5028253
2016-08-18,690.748541,700.045262,688.243022,697.515199,697.515199,4780451
2016-08-19,697.515199,705.965502,695.712076,704.145240,704.145240,7278046
2016-08-22,704.145240,706.936728,702.533058,705.321852,705.321852,5427404
2016-08-23,705.321852,706.834490,697.719652,699.219202,699.219202,4347136
2016-08-24,699.219202,719.096078,698.235688,718.086026,718.086026,4485437
2016-08-25,718.086026,730.710739,716.592889,729.194503,729.194503,5691559
2016-08-26,729.194503,732.133075,710.135239,713.008583,713.008583,7666650
2016-08-29,713.008583,714.762211,675.340002,677.005080,677.005080,3642889
2016-08-30,677.005080,683.987581,676.642217,683.621173,683.621173,4968387
2016-08-31,683.621173,684.581504,679.295136,680.250732,680.250732,7182932
2016-09-01,680.250732,692.534943,676.739898,688.979062,688.979062,10052528
2016-09-02,688.979062,710.822134,686.548892,708.323732,708.323732,6644446
2016-09-05,708.323732,708.874422,690.791587,691.329064,691.329064,9287874
2016-09-06,691.329064,693.915892,677.200707,679.744186,679.744186,3904045
2016-09-07,679.744186,685.515737,676.857991,682.617342,682.617342,4699275
2016-09-08,682.617342,683.974220,682.466605,683.823217,683.823217,8704306
2016-09-09,683.823217,690.897196,680.578570,687.634465,687.634465,8230739
2016-09-12,687.634465,687.886762,679.256622,679.505936,679.505936,9122385
2016-09-13,679.505936,693.892064,678.691082,693.060955,693.060955,6876775
2016-09-14,693.060955,693.724412,680.871972,681.524385,681.524385,4581745
2016-09-15,681.524385,685.076561,679.595364,683.142958,683.142958,5296088
2016-09-16,683.142958,697.867690,681.608090,696.303254,696.303254,5547026
2016-09-19,696.303254,699.185835,695.553322,698.433609,698.433609,4405346
2016-09-20,698.433609,699.688689,691.979604,693.225325,693.225325,5010720
2016-09-21,693.225325,696.015662,691.131236,693.919476,693.919476,9562225
2016-09-22,693.919476,697.016565,689.394068,692.484753,692.484753,5508759
2016-09-23,692.484753,692.626902,689.478545,689.620106,689.620106,5535362
2016-09-26,689.620106,704.532949,688.175319,703.060004,703.060004,6524509
2016-09-27,703.060004,703.120481,697.194347,697.254325,697.254325,7060504
2016-09-28,697.254325,702.439308,681.353921,686.458625,686.458625,5520348
2016-09-29,686.458625,729.897784,685.547955,728.930769,728.930769,7377211
2016-09-30,728.930769,729.642508,726.579010,727.289145,727.289145,12283360
2016-10-03,727.289145,728.813064,719.472364,720.983069,720.983069,4341463
2016-10-04,720.983069,723.599463,685.526302,688.023086,688.023086,13153277
2016-10-05,688.023086,702.424862,684.949539,699.300934,699.300934,4906041
2016-10-06,699.300934,706.699747,697.515757,704.900276,704.900276,3512810
2016-10-07,704.900276,708.521605,684.263058,687.796519,687.796519,5550566
2016-10-10,687.796519,691.004318,676.706144,679.877008,679.877008,4741308
2016-10-11,679.877008,680.265392,671.743714,672.127672,672.127672,3014905
2016-10-12,672.127672,679.452220,671.235049,678.551067,678.551067,7445989
2016-10-13,678.551067,692.036228,675.637801,689.077767,689.077767,9409166
2016-10-14,689.077767,699.212069,682.509386,692.610018,692.610018,5367242
2016-10-17,692.610018,695.600102,685.392912,688.364668,688.364668,7762277
2016-10-18,688.364668,696.917938,652.953946,661.169299,661.169299,10264997
2016-10-19,661.169299,664.254583,650.957091,654.008962,654.008962,3441601
2016-10-20,654.008962,654.526326,639.447038,639.953283,639.953283,7790513
2016-10-21,639.953283,640.651322,620.008362,620.685383,620.685383,4150640
2016-10-24,620.685383,625.804872,620.029500,625.144277,625.144277,3796991
2016-10-25,625.144277,641.233333,624.673860,640.751172,640.751172,7014521
2016-10-26,640.751172,644.937168,612.667256,616.696102,616.696102,7448266
2016-10-27,616.696102,631.543177,611.511799,626.278320,626.278320,5309680
2016-10-28,626.278320,654.107223,626.032084,653.850146,653.850146,5541908
2016-10-31,653.850146,654.270925,639.344094,639.755802,639.755802,4267937
2016-11-01,639.755802,648.774075,636.984582,645.975911,645.975911,5827721
2016-11-02,645.975911,649.419521,645.942664,649.386098,649.386098,7169978
2016-11-03,649.386098,652.766669,633.198805,636.512358,636.512358,4500015
2016-11-04,636.512358,643.321725,636.166144,642.971998,642.971998,5953753
2016-11-07,642.971998,644.569532,640.085845,641.680169,641.680169,8688685
2016-11-08,641.680169,642.452550,631.978911,632.740531,632.740531,4258461
2016-11-09,632.740531,635.544863,622.873124,625.646013,625.646013,4712968
2016-11-10,625.646013,631.328543,617.044347,622.700121,622.700121,6971578
2016-11-11,622.700121,623.671105,614.096521,615.055585,615.055585,2272326
2016-11-14,615.055585,630.685582,614.801717,630.425370,630.425370,2790201
2016-11-15,630.425370,634.532891,629.470709,633.573463,633.573463,3656740
2016-11-16,633.573463,634.306562,622.083179,622.803816,622.803816,5267593
2016-11-17,622.803816,624.704360,613.171717,615.048596,615.048596,9019505
2016-11-18,615.048596,616.669448,606.985754,608.589585,608.589585,7106589
2016-11-21,608.589585,609.044012,602.211583,602.661585,602.661585,3921327
2016-11-22,602.661585,605.284525,588.413507,590.985630,590.985630,5551367
2016-11-23,590.985630,604.931739,590.010497,603.935238,603.935238,6373506
2016-11-24,603.935238,607.620014,601.308387,604.988581,604.988581,6204075
2016-11-25,604.988581,606.871078,600.654981,602.529827,602.529827,7398667
2016-11-28,602.529827,609.411053,600.958351,607.825764,607.825764,4843156
2016-11-29,607.825764,608.756867,572.332525,573.210603,573.210603,4211590
2016-11-30,573.210603,573.943284,573.061351,573.793880,573.793880,10657491
2016-12-01,573.793880,578.533810,572.380951,577.112708,577.112708,4260306
2016-12-02,577.112708,579.451167,563.653535,565.946749,565.946749,5439328
2016-12-05,565.946749,566.783526,563.905984,564.740978,564.740978,6267951
2016-12-06,564.740978,580.189255,562.780413,578.182028,578.182028,7716266
2016-12-07,578.182028,579.135269,564.478792,565.410977,565.410977,9051121
2016-12-08,565.410977,566.873557,562.237379,563.695522,563.695522,7247399
2016-12-09,563.695522,564.818565,558.017353,559.131304,559.131304,6694637
2016-12-12,559.131304,566.134483,556.907927,563.892175,563.892175,3003241
2016-12-13,563.892175,575.296371,563.198873,574.589916,574.589916,8391401
2016-12-14,574.589916,577.370116,572.775470,575.552630,575.552630,8771015
2016-12-15,575.552630,576.352168,572.356288,573.152492,573.152492,6579207
2016-12-16,573.152492,573.289323,571.231809,571.368214,571.368214,5055826
2016-12-19,571.368214,573.863826,571.107577,573.602169,573.602169,8212166
2016-12-20,573.602169,579.082694,572.593938,578.066616,578.066616,2635984
2016-12-21,578.066616,580.679220,576.119499,578.729869,578.729869,7582873
2016-12-22,578.729869,594.418988,571.487536,587.072257,587.072257,5388033
2016-12-23,587.072257,593.705573,584.456190,591.071684,591.071684,4814479
2016-12-26,591.071684,599.335929,590.036283,598.287887,598.287887,7607975
2016-12-27,598.287887,599.118079,591.278636,592.100242,592.100242,9391993
2016-12-28,592.100242,597.485845,587.776547,593.154451,593.154451,3100665
2016-12-29,593.154451,594.684359,567.749228,569.217396,569.217396,4370852
2016-12-30,569.217396,583.602099,568.642849,583.013627,583.013627,6245150
2017-01-02,583.013627,586.295018,578.599989,581.874972,581.874972,8695551
2017-01-03,581.874972,593.532839,579.471783,591.091584,591.091584,3860741
2017-01-04,591.091584,600.612354,589.769982,599.272460,599.272460,2855672
2017-01-05,599.272460,606.027696,597.348464,604.088239,604.088239,5283158
2017-01-06,604.088239,604.273912,599.214144,599.398375,599.398375,6818722
2017-01-09,599.398375,605.989763,597.405750,603.981901,603.981901,4249331
2017-01-10,603.981901,617.368137,602.990578,616.356504,616.356504,3185473
2017-01-11,616.356504,619.384162,615.291157,618.315429,618.315429,4883998
2017-01-12,618.315429,636.090202,614.706052,632.398615,632.398615,4589710
2017-01-13,632.398615,634.271186,627.631462,629.495437,629.495437,4596887
2017-01-16,629.495437,632.433803,619.343814,622.248353,622.248353,5366655
2017-01-17,622.248353,624.797690,618.537954,621.082514,621.082514,7729241
2017-01-18,621.082514,630.113574,617.011410,626.010170,626.010170,10731660
2017-01-19,626.010170,633.421030,623.365644,630.756453,630.756453,8129900
2017-01-20,630.756453,633.625466,612.318693,615.116567,615.116567,3614971
2017-01-23,615.116567,620.084129,613.181546,618.139599,618.139599,7238704
2017-01-24,618.139599,625.705894,618.042362,625.607482,625.607482,8484424
2017-01-25,625.607482,630.030937,624.626014,629.044077,629.044077,6736862
2017-01-26,629.044077,635.645461,628.149774,634.743056,634.743056,7978402
2017-01-27,634.743056,634.895197,634.163036,634.315074,634.315074,6941042
2017-01-30,634.315074,634.998714,617.260713,617.926691,617.926691,8708412
2017-01-31,617.926691,625.685419,615.935651,623.675854,623.675854,6051780
2017-02-01,623.675854,624.137561,621.761248,622.221878,622.221878,4940356
2017-02-02,622.221878,632.972610,621.076325,631.809405,631.809405,12585484
2017-02-03,631.809405,647.278626,629.255292,644.672513,644.672513,8469496
2017-02-06,644.672513,646.335439,633.356607,634.994567,634.994567,6987139
2017-02-07,634.994567,639.051432,632.502415,636.553162,636.553162,7907700
2017-02-08,636.553162,638.867545,636.465327,638.779403,638.779403,9324507
2017-02-09,638.779403,646.878744,637.018657,645.100574,645.100574,7305128
2017-02-10,645.100574,648.293727,630.752479,633.890143,633.890143,5574148
2017-02-13,633.890143,634.705324,621.543635,622.343969,622.343969,5378715
2017-02-14,622.343969,632.889732,619.438598,629.948858,629.948858,7807777
2017-02-15,629.948858,631.997526,629.761768,631.809883,631.809883,7322289
2017-02-16,631.809883,642.768885,628.175825,639.092936,639.092936,5993930
2017-02-17,639.092936,643.697897,624.567264,629.100223,629.100223,6278966
2017-02-20,629.100223,631.064523,626.168952,628.130223,628.130223,3265646
2017-02-21,628.130223,634.149686,624.964990,630.970141,630.970141,4048841
2017-02-22,630.970141,635.117877,628.708093,632.849092,632.849092,5106660
2017-02-23,632.849092,654.642770,629.671235,651.371900,651.371900,5729761
2017-02-24,651.371900,654.719197,639.234990,642.536885,642.536885,7036532
2017-02-27,642.536885,644.981249,623.440866,625.821641,625.821641,8002813
2017-02-28,625.821641,628.736836,617.678433,620.569161,620.569161,3575476
2017-03-01,620.569161,626.703680,605.499195,611.544503,611.544503,14327594
2017-03-02,611.544503,612.237905,598.475784,599.155139,599.155139,5049233
2017-03-03,599.155139,609.422261,598.115951,608.367096,608.367096,6510076
2017-03-06,608.367096,608.496373,597.014317,597.141209,597.141209,2711139
2017-03-07,597.141209,610.522527,595.397441,608.744874,608.744874,6102135
2017-03-08,608.744874,612.995617,600.493157,604.715765,604.715765,4841108
2017-03-09,604.715765,621.838956,604.106595,621.213167,621.213167,3214898
2017-03-10,621.213167,621.717519,612.536975,613.034688,613.034688,9822815
2017-03-13,613.034688,633.154174,609.937083,629.970991,629.970991,8273084
2017-03-14,629.970991,634.733521,628.822250,633.578202,633.578202,5536409
2017-03-15,633.578202,635.931445,631.722867,634.074656,634.074656,4760651
2017-03-16,634.074656,637.440630,627.658996,631.008694,631.008694,10066054
2017-03-17,631.008694,632.876327,624.725751,626.580276,626.580276,6155738
2017-03-20,626.580276,636.156817,624.543960,634.096076,634.096076,4523361
2017-03-21,634.096076,641.264895,632.517080,639.672015,639.672015,5061486
2017-03-22,639.672015,641.110598,636.220834,637.654881,637.654881,6818859
2017-03-23,637.654881,649.155362,636.464103,647.945367,647.945367,4412778
2017-03-24,647.945367,649.553010,647.929198,649.536801,649.536801,6900440
2017-03-27,649.536801,684.370754,646.375227,681.055764,681.055764,5480351
2017-03-28,681.055764,682.461854,678.783300,680.187597,680.187597,4768229
2017-03-29,680.187597,683.802416,679.253329,682.864471,682.864471,4488679
2017-03-30,682.864471,686.197799,676.656981,679.976211,679.976211,10825854
2017-03-31,679.976211,693.251781,674.932591,688.147552,688.147552,5715152
2017-04-03,688.147552,703.462661,684.118617,699.368033,699.368033,2948985
2017-04-04,699.368033,716.972737,695.688399,713.220221,713.220221,6654231
2017-04-05,713.220221,720.067785,707.824171,714.660834,714.660834,3575981
2017-04-06,714.660834,717.433660,701.762574,704.495961,704.495961,8940542
2017-04-07,704.495961,705.157905,693.492523,694.144741,694.144741,3576449
2017-04-10,694.144741,696.564047,675.298129,677.659981,677.659981,5287831
2017-04-11,677.659981,681.698797,677.190624,681.226970,681.226970,5218243
2017-04-12,681.226970,688.162648,673.502761,680.430329,680.430329,3502164
2017-04-13,680.430329,683.936593,669.288879,672.755595,672.755595,7808753
2017-04-14,672.755595,676.684632,668.211226,672.136648,672.136648,7275697
2017-04-17,672.136648,672.903264,665.787008,666.547248,666.547248,9543781
2017-04-18,666.547248,667.988941,660.022382,661.453057,661.453057,7678304
2017-04-19,661.453057,663.269050,650.800544,652.592211,652.592211,8470595
2017-04-20,652.592211,652.667529,630.146217,630.218953,630.218953,9394841
2017-04-21,630.218953,630.335056,624.998954,625.114117,625.114117,7831257
2017-04-24,625.114117,629.723706,608.622634,613.143955,613.143955,3861273
2017-04-25,613.143955,615.263946,606.669983,608.774868,608.774868,7375761
2017-04-26,608.774868,610.951061,598.944144,601.092877,601.092877,8944533
2017-04-27,601.092877,624.223387,599.245388,622.310684,622.310684,7907645
2017-04-28,622.310684,653.457875,620.697310,651.768131,651.768131,3135322
2017-05-01,651.768131,671.997546,647.432366,667.556751,667.556751,11361972
2017-05-02,667.556751,678.181687,663.931283,674.518410,674.518410,4836782
2017-05-03,674.518410,677.398323,662.459676,665.300231,665.300231,6448436
2017-05-04,665.300231,669.552806,653.215636,657.417827,657.417827,6675106
2017-05-05,657.417827,659.442526,649.261542,651.267298,651.267298,6423198
2017-05-08,651.267298,651.686353,648.007293,648.424519,648.424519,3409221
2017-05-09,648.424519,649.430707,646.221472,647.225800,647.225800,4848322
2017-05-10,647.225800,648.483240,642.434248,643.684808,643.684808,7698530
2017-05-11,643.684808,645.488231,638.452237,640.246026,640.246026,2817895
2017-05-12,640.246026,662.578222,639.718890,662.033148,662.033148,12158180
2017-05-15,662.033148,663.316938,646.787015,648.043677,648.043677,11101073
2017-05-16,648.043677,651.073934,644.944894,647.974829,647.974829,9352895
2017-05-17,647.974829,649.671916,633.448256,635.111653,635.111653,2770470
2017-05-18,635.111653,642.310563,633.962808,641.150794,641.150794,4763944
2017-05-19,641.150794,641.609064,627.920433,628.369567,628.369567,7374314
2017-05-22,628.369567,637.827886,626.306829,635.740950,635.740950,4547570
2017-05-23,635.740950,639.390475,633.802825,637.447149,637.447149,6415553
2017-05-24,637.447149,639.396082,633.079753,635.021269,635.021269,8215423
2017-05-25,635.021269,645.398760,629.311757,639.647652,639.647652,7716695
2017-05-26,639.647652,639.732322,630.306435,630.389880,630.389880,7038300
2017-05-29,630.389880,632.235189,617.890563,619.704592,619.704592,7489108
2017-05-30,619.704592,621.771229,613.785490,615.839237,615.839237,6849184
2017-05-31,615.839237,640.535530,611.611391,636.168123,636.168123,8091058
2017-06-01,636.168123,646.123142,635.165415,645.106346,645.106346,11196556
2017-06-02,645.106346,649.085532,643.722347,647.695977,647.695977,3753254
2017-06-05,647.695977,647.738552,636.739197,636.781055,636.781055,4025259
2017-06-06,636.781055,637.682637,629.147968,630.040006,630.040006,8074025
2017-06-07,630.040006,649.735366,627.538517,647.165882,647.165882,6249878
2017-06-08,647.165882,653.563306,644.293421,650.675268,650.675268,9180978
2017-06-09,650.675268,663.515996,648.544924,661.350700,661.350700,9796102
2017-06-12,661.350700,667.465773,659.997718,666.103068,666.103068,4866183
2017-06-13,666.103068,667.597812,653.907551,655.378228,655.378228,5015958
2017-06-14,655.378228,656.709445,645.476487,646.790259,646.790259,4617080
2017-06-15,646.790259,652.188827,646.651547,652.048986,652.048986,9215698
2017-06-16,652.048986,657.154819,645.821531,650.918511,650.918511,6500830
2017-06-19,650.918511,651.967250,649.056786,650.104213,650.104213,4983216
2017-06-20,650.104213,659.879406,648.690453,658.447503,658.447503,6389913
2017-06-21,658.447503,671.609619,656.383462,669.510898,669.510898,6246041
2017-06-22,669.510898,674.817821,664.633061,669.936881,669.936881,17452002
2017-06-23,669.936881,685.855073,664.843601,680.680117,680.680117,5213471
2017-06-26,680.680117,681.363055,679.908030,680.590879,680.590879,4879674
2017-06-27,680.590879,683.461305,674.812114,677.670222,677.670222,4873483
2017-06-28,677.670222,682.889031,673.111531,678.325929,678.325929,7257257
2017-06-29,678.325929,704.928715,676.419183,702.952745,702.952745,3946603
2017-06-30,702.952745,721.893568,701.594876,720.501800,720.501800,4634942
2017-07-03,720.501800,742.514473,719.217583,741.193376,741.193376,5465519
2017-07-04,741.193376,741.393575,726.458213,726.654485,726.654485,6676803
2017-07-05,726.654485,731.148736,721.138400,725.626291,725.626291,8389467
2017-07-06,725.626291,728.569823,721.235936,724.173575,724.173575,4917147
2017-07-07,724.173575,724.688560,714.585846,715.094375,715.094375,6649173
2017-07-10,715.094375,735.485337,712.299760,732.622223,732.622223,10911966
2017-07-11,732.622223,737.395366,730.052543,734.817984,734.817984,4653026
2017-07-12,734.817984,734.912231,730.388035,730.481726,730.481726,6855976
2017-07-13,730.481726,736.982987,718.604448,725.057433,725.057433,10313041
2017-07-14,725.057433,725.873295,715.001831,715.807284,715.807284,7757742
2017-07-17,715.807284,727.868420,711.971741,723.989037,723.989037,4041224
2017-07-18,723.989037,728.998537,716.921797,721.916959,721.916959,5743610
2017-07-19,721.916959,722.034993,714.605827,714.722684,714.722684,5906153
2017-07-20,714.722684,715.500422,708.582066,709.353961,709.353961,5968069
2017-07-21,709.353961,710.746728,695.863615,697.232583,697.232583,5684736
2017-07-24,697.232583,697.490685,696.695188,696.953187,696.953187,8926051
2017-07-25,696.953187,700.675129,688.258859,691.954104,691.954104,5646293
2017-07-26,691.954104,707.066638,690.618565,705.704559,705.704559,7832832
2017-07-27,705.704559,714.522282,705.518290,714.333736,714.333736,10026408
2017-07-28,714.333736,718.080449,700.994601,704.690736,704.690736,6130428
2017-07-31,704.690736,708.413010,680.930170,684.546036,684.546036,5652829
2017-08-01,684.546036,699.381037,682.739965,697.540681,697.540681,3536019
2017-08-02,697.540681,710.534304,692.875522,705.813815,705.813815,9680225
2017-08-03,705.813815,722.778149,701.567346,718.455622,718.455622,7027519
2017-08-04,718.455622,719.455356,715.734448,716.731783,716.731783,4495776
2017-08-07,716.731783,729.142438,714.563560,726.943324,726.943324,6308687
2017-08-08,726.943324,745.281420,723.705403,741.976539,741.976539,5038030
2017-08-09,741.976539,747.380539,741.435772,746.836230,746.836230,7352143
2017-08-10,746.836230,762.304032,745.484224,760.926518,760.926518,5317804
2017-08-11,760.926518,763.738156,758.840630,761.650284,761.650284,5373411
2017-08-14,761.650284,766.505297,754.491818,759.332054,759.332054,3703732
2017-08-15,759.332054,763.291987,757.288861,761.243650,761.243650,11354570
2017-08-16,761.243650,783.578451,757.565933,779.811032,779.811032,4879814
2017-08-17,779.811032,780.441678,773.914506,774.540891,774.540891,5101734
2017-08-18,774.540891,788.513302,768.162609,782.072994,782.072994,7883900
2017-08-21,782.072994,820.964828,781.623170,820.492907,820.492907,6536663
2017-08-22,820.492907,821.481509,802.479256,803.447320,803.447320,5743107
2017-08-23,803.447320,807.488110,738.091202,741.822059,741.822059,7311194
2017-08-24,741.822059,743.684949,732.441396,734.285359,734.285359,6745184
2017-08-25,734.285359,745.817157,732.887463,744.400005,744.400005,6306191
2017-08-28,744.400005,751.105996,737.989237,744.692707,744.692707,5239750
2017-08-29,744.692707,778.421370,744.049775,777.749898,777.749898,8306374
2017-08-30,777.749898,787.038687,775.584533,784.853544,784.853544,5011066
2017-08-31,784.853544,786.607444,762.093446,763.800299,763.800299,4981276
2017-09-01,763.800299,769.814052,760.446973,766.449097,766.449097,8372463
2017-09-04,766.449097,772.520359,760.314159,766.384913,766.384913,7148134
2017-09-05,766.384913,771.363306,765.228331,770.200965,770.200965,7124532
2017-09-06,770.200965,772.425257,763.757761,765.969834,765.969834,12589278
2017-09-07,765.969834,773.457983,763.630328,771.102800,771.102800,4518478
2017-09-08,771.102800,775.577360,761.946725,766.393961,766.393961,4403995
2017-09-11,766.393961,787.536132,763.325927,784.396032,784.396032,3617929
2017-09-12,784.396032,787.863197,774.783583,778.223463,778.223463,6601235
2017-09-13,778.223463,781.850161,762.092505,765.660658,765.660658,5438414
2017-09-14,765.660658,772.430117,762.433058,769.187649,769.187649,9218837
2017-09-15,769.187649,770.238700,759.964722,761.004592,761.004592,6069525
2017-09-18,761.004592,776.960511,760.101313,776.039386,776.039386,6516814
2017-09-19,776.039386,805.498336,771.175183,800.480934,800.480934,3876257
2017-09-20,800.480934,802.148198,786.652885,788.294768,788.294768,10444548
2017-09-21,788.294768,792.000385,781.862064,785.554801,785.554801,5074203
2017-09-22,785.554801,790.462464,773.574131,778.437329,778.437329,10271857
2017-09-25,778.437329,798.004934,777.139871,796.677074,796.677074,5416587
2017-09-26,796.677074,800.323189,789.894177,793.525870,793.525870,4083401
2017-09-27,793.525870,796.645370,790.542287,793.661277,793.661277,3442439
2017-09-28,793.661277,795.858264,787.996694,790.184055,790.184055,8286509
2017-09-29,790.184055,796.310531,782.883648,789.000951,789.000951,6212824
2017-10-02,789.000951,796.909643,787.151424,795.045945,795.045945,6840008
2017-10-03,795.045945,799.153559,789.902393,794.004627,794.004627,4307751
2017-10-04,794.004627,794.098613,779.275150,779.367403,779.367403,4940560
2017-10-05,779.367403,788.621239,775.825273,785.053267,785.053267,4931408
2017-10-06,785.053267,790.553014,775.220949,780.690130,780.690130,6633490
2017-10-09,780.690130,782.574786,756.923362,758.755064,758.755064,3490994
2017-10-10,758.755064,760.169018,750.417417,751.818444,751.818444,6886071
2017-10-11,751.818444,784.927040,745.602657,778.490735,778.490735,5741662
2017-10-12,778.490735,779.642045,777.308462,778.459726,778.459726,2777737
2017-10-13,778.459726,784.050689,770.280454,775.852694,775.852694,7301521
2017-10-16,775.852694,778.353459,741.712030,744.110482,744.110482,3212693
2017-10-17,744.110482,747.833689,741.648270,745.367319,745.367319,4569736
2017-10-18,745.367319,752.277405,723.757713,730.530250,730.530250,11644635
2017-10-19,730.530250,735.827793,730.417012,735.713752,735.713752,3341222
2017-10-20,735.713752,738.819424,729.195996,732.287204,732.287204,4578593
2017-10-23,732.287204,755.703416,729.576934,752.916794,752.916794,8095215
2017-10-24,752.916794,754.958939,742.279722,744.298492,744.298492,7448143
2017-10-25,744.298492,749.471539,725.941368,731.022142,731.022142,6994680
2017-10-26,731.022142,739.934769,727.397696,736.284233,736.284233,7751833
2017-10-27,736.284233,744.473709,735.590605,743.773025,743.773025,6314950
2017-10-30,743.773025,761.983941,742.582650,760.766368,760.766368,6168477
2017-10-31,760.766368,774.910050,754.688898,768.768653,768.768653,3417123
2017-11-01,768.768653,773.062928,762.491937,766.775076,766.775076,6734957
2017-11-02,766.775076,783.837112,763.284952,780.285492,780.285492,2940712
2017-11-03,780.285492,789.719019,778.955865,788.375606,788.375606,5456563
2017-11-06,788.375606,811.518306,780.657568,803.650728,803.650728,7666555
2017-11-07,803.650728,805.920199,773.997652,776.189574,776.189574,6820886
2017-11-08,776.189574,779.398502,762.607068,765.772931,765.772931,4814848
2017-11-09,765.772931,772.284071,764.129695,770.630411,770.630411,3202403
2017-11-10,770.630411,774.047030,764.020536,767.422934,767.422934,6917918
2017-11-13,767.422934,779.176584,763.567405,775.281572,775.281572,5021999
2017-11-14,775.281572,787.286439,773.449875,785.430763,785.430763,6579970
2017-11-15,785.430763,788.050951,782.020041,784.637583,784.637583,9707298
2017-11-16,784.637583,793.545459,779.446859,788.330306,788.330306,5905142
2017-11-17,788.330306,794.523298,786.165824,792.347785,792.347785,2734476
2017-11-20,792.347785,796.446768,763.107747,767.075994,767.075994,5717042
2017-11-21,767.075994,768.721865,766.452939,768.097981,768.097981,8800342
2017-11-22,768.097981,778.976635,765.685190,776.537334,776.537334,4884004
2017-11-23,776.537334,776.964468,775.488687,775.915478,775.915478,7876981
2017-11-24,775.915478,797.929243,768.301896,790.175734,790.175734,6599032
2017-11-27,790.175734,806.931268,785.718758,802.405311,802.405311,3838590
2017-11-28,802.405311,807.616990,791.939860,797.117192,797.117192,6058560
2017-11-29,797.117192,798.597148,788.928439,790.395916,790.395916,8314062
2017-11-30,790.395916,799.865101,787.152491,796.596233,796.596233,6676723
2017-12-01,796.596233,805.893879,787.922901,797.213822,797.213822,6977269
2017-12-04,797.213822,813.014083,795.175979,810.941150,810.941150,12915490
2017-12-05,810.941150,822.621907,807.563081,819.209396,819.209396,12592394
2017-12-06,819.209396,819.370808,818.464476,818.625773,818.625773,4667365
2017-12-07,818.625773,825.632873,813.885144,820.879194,820.879194,6102232
2017-12-08,820.879194,847.348053,819.163295,845.580520,845.580520,3311170
2017-12-11,845.580520,846.074656,838.958817,839.449371,839.449371,7872719
2017-12-12,839.449371,849.273992,836.303103,846.102787,846.102787,4761703
2017-12-13,846.102787,849.034401,836.796338,839.705787,839.705787,9415726
2017-12-14,839.705787,841.712175,838.882575,840.887805,840.887805,5938060
2017-12-15,840.887805,862.132193,840.476086,861.710279,861.710279,5344146
2017-12-18,861.710279,895.398573,859.927757,893.550188,893.550188,5311320
2017-12-19,893.550188,896.293762,890.466890,893.209417,893.209417,4326255
2017-12-20,893.209417,907.248808,884.268880,898.257740,898.257740,4585259
2017-12-21,898.257740,916.464549,896.925952,915.107779,915.107779,6994343
2017-12-22,915.107779,935.128623,909.192334,929.122583,929.122583,3263844
2017-12-25,929.122583,943.173776,925.941752,939.955857,939.955857,6385691
2017-12-26,939.955857,940.035649,924.565056,924.643549,924.643549,2437617
2017-12-27,924.643549,928.196560,894.806745,898.258369,898.258369,5661124
2017-12-28,898.258369,903.020588,887.599106,892.329895,892.329895,6724260
2017-12-29,892.329895,908.987533,890.518005,907.145560,907.145560,4928149
2018-01-01,907.145560,914.698558,903.078463,910.615903,910.615903,9516570
2018-01-02,910.615903,935.114079,908.122608,932.560698,932.560698,4182103
2018-01-03,932.560698,947.709243,926.965549,942.057118,942.057118,9507826
2018-01-04,942.057118,958.104644,940.576797,956.601469,956.601469,14052435
2018-01-05,956.601469,960.416535,948.323178,952.120373,952.120373,4576977
2018-01-08,952.120373,955.725875,931.334448,934.874644,934.874644,7341840
2018-01-09,934.874644,935.932399,909.639653,910.670022,910.670022,3759523
2018-01-10,910.670022,934.451003,901.542474,925.178044,925.178044,9437592
2018-01-11,925.178044,927.633453,917.318757,919.759786,919.759786,8262764
2018-01-12,919.759786,939.783607,917.983049,937.971690,937.971690,8278412
2018-01-15,937.971690,942.662610,937.151475,941.839014,941.839014,3683865
2018-01-16,941.839014,952.862355,936.570937,947.562265,947.562265,12106735
2018-01-17,947.562265,954.658142,917.978886,924.905093,924.905093,5242275
2018-01-18,924.905093,929.691011,920.422689,925.207143,925.207143,8711314
2018-01-19,925.207143,925.747302,921.755461,922.293919,922.293919,3574520
2018-01-22,922.293919,927.793695,902.298918,907.711738,907.711738,6740838
2018-01-23,907.711738,910.737651,903.723918,906.746613,906.746613,3549921
2018-01-24,906.746613,910.455625,887.437004,891.081941,891.081941,8370004
2018-01-25,891.081941,894.934350,883.567002,887.403509,887.403509,12094245
2018-01-26,887.403509,895.886940,886.273505,894.747584,894.747584,4591615
2018-01-29,894.747584,897.812444,859.901649,862.857273,862.857273,3229352
2018-01-30,862.857273,864.207434,840.128476,841.445132,841.445132,5224029
2018-01-31,841.445132,854.567310,839.975409,853.077269,853.077269,5777410
2018-02-01,853.077269,858.997638,850.310375,856.220548,856.220548,5596331
2018-02-02,856.220548,861.223894,829.475032,834.350580,834.350580,3816508
2018-02-05,834.350580,839.966975,833.176576,838.786728,838.786728,7019802
2018-02-06,838.786728,854.361725,836.937964,852.482774,852.482774,5459264
2018-02-07,852.482774,854.430067,852.338718,854.285706,854.285706,5575258
2018-02-08,854.285706,867.247433,851.384642,864.312319,864.312319,4665317
2018-02-09,864.312319,864.401045,851.364802,851.452207,851.452207,5149789
2018-02-12,851.452207,870.753715,850.473560,869.754032,869.754032,3673033
2018-02-13,869.754032,889.452941,866.336149,885.971329,885.971329,8298624
2018-02-14,885.971329,898.145368,883.287727,895.433106,895.433106,9173815
2018-02-15,895.433106,903.071834,890.794571,898.417837,898.417837,10121008
2018-02-16,898.417837,918.600552,895.400687,915.525949,915.525949,9625702
2018-02-19,915.525949,957.765134,915.058629,957.276504,957.276504,4894827
2018-02-20,957.276504,959.648236,937.522416,939.850974,939.850974,10744271
2018-02-21,939.850974,940.276606,938.632741,939.058014,939.058014,7674689
2018-02-22,939.058014,954.670050,934.618354,950.177818,950.177818,3835516
2018-02-23,950.177818,1008.627084,943.929739,1002.037988,1002.037988,3541302
2018-02-26,1002.037988,1004.828093,991.044866,993.812066,993.812066,7499810
2018-02-27,993.812066,994.150958,982.538646,982.873807,982.873807,5253615
2018-02-28,982.873807,992.193981,977.584347,986.882945,986.882945,5063017
2018-03-01,986.882945,992.001318,984.495452,989.607234,989.607234,10074877
2018-03-02,989.607234,1024.270684,982.578174,1017.046725,1017.046725,4358525
2018-03-05,1017.046725,1021.442332,1014.063894,1018.455370,1018.455370,2431437
2018-03-06,1018.455370,1050.966023,1013.924549,1046.311279,1046.311279,5601214
2018-03-07,1046.311279,1050.144928,1013.717025,1017.444909,1017.444909,5783701
2018-03-08,1017.444909,1021.489287,1016.702182,1020.744152,1020.744152,5195851
2018-03-09,1020.744152,1022.514511,990.376520,992.097194,992.097194,3731662
2018-03-12,992.097194,1003.007301,987.245625,998.126249,998.126249,3814461
2018-03-13,998.126249,1001.867834,977.649913,981.328530,981.328530,5699170
2018-03-14,981.328530,985.891745,979.861355,984.419948,984.419948,7378284
2018-03-15,984.419948,1004.644917,979.416180,999.564171,999.564171,5814041
2018-03-16,999.564171,1015.899173,996.932099,1013.231112,1013.231112,5388841
2018-03-19,1013.231112,1028.791989,1009.707208,1025.226367,1025.226367,4457580
2018-03-20,1025.226367,1028.009539,1023.879261,1026.660549,1026.660549,5825563
2018-03-21,1026.660549,1036.396449,1020.224018,1029.939362,1029.939362,5083988
2018-03-22,1029.939362,1029.983460,1005.931819,1005.974890,1005.974890,5993579
2018-03-23,1005.974890,1009.073387,999.892031,1002.981307,1002.981307,9097757
2018-03-26,1002.981307,1027.820971,997.495250,1022.229631,1022.229631,8091737
2018-03-27,1022.229631,1041.124031,1019.460273,1038.311107,1038.311107,5690191
2018-03-28,1038.311107,1042.188953,1037.966715,1041.843390,1041.843390,9882193
2018-03-29,1041.843390,1043.870798,1035.059633,1037.077767,1037.077767,5404246
2018-03-30,1037.077767,1046.491197,1035.772987,1045.176228,1045.176228,5957974
2018-04-02,1045.176228,1051.196188,1042.654991,1048.666532,1048.666532,6936943
2018-04-03,1048.666532,1073.738638,1042.817789,1067.783274,1067.783274,11771847
2018-04-04,1067.783274,1101.775509,1062.285750,1096.132030,1096.132030,3981160
2018-04-05,1096.132030,1104.196352,1089.388252,1097.444499,1097.444499,6046523
2018-04-06,1097.444499,1109.017114,1090.973649,1102.516358,1102.516358,9777146
2018-04-09,1102.516358,1110.759257,1096.286907,1104.518493,1104.518493,8380326
2018-04-10,1104.518493,1116.560649,1101.004188,1113.019297,1113.019297,7855838
2018-04-11,1113.019297,1120.024505,1112.657422,1119.660471,1119.660471,3657713
2018-04-12,1119.660471,1128.833230,1116.277499,1125.432817,1125.432817,6178000
2018-04-13,1125.432817,1127.707077,1117.627637,1119.890698,1119.890698,7452867
2018-04-16,1119.890698,1125.556547,1099.883389,1105.476311,1105.476311,6672089
2018-04-17,1105.476311,1113.149093,1104.656648,1112.324353,1112.324353,6370211
2018-04-18,1112.324353,1123.614241,1107.605707,1118.867837,1118.867837,5582178
2018-04-19,1118.867837,1138.958200,1116.460812,1136.513215,1136.513215,4428229
2018-04-20,1136.513215,1139.521248,1128.661710,1131.656890,1131.656890,4685677
2018-04-23,1131.656890,1165.243066,1129.760964,1163.294136,1163.294136,5665343
2018-04-24,1163.294136,1164.713169,1150.590284,1151.995535,1151.995535,9590734
2018-04-25,1151.995535,1154.829289,1129.675084,1132.460785,1132.460785,6628291
2018-04-26,1132.460785,1136.663887,1118.516293,1122.683106,1122.683106,9613664
2018-04-27,1122.683106,1130.948269,1121.374250,1129.631312,1129.631312,6961880
2018-04-30,1129.631312,1130.670031,1099.223548,1100.235237,1100.235237,7591809
2018-05-01,1100.235237,1106.272186,1098.809614,1104.840595,1104.840595,4428232
2018-05-02,1104.840595,1124.162664,1103.238810,1122.535225,1122.535225,8675311
2018-05-03,1122.535225,1127.326481,1101.407301,1106.128529,1106.128529,2833988
2018-05-04,1106.128529,1108.489318,1096.035755,1098.380006,1098.380006,8296474
2018-05-07,1098.380006,1106.910175,1093.120250,1101.634834,1101.634834,6876441
2018-05-08,1101.634834,1106.751529,1068.801458,1073.788819,1073.788819,6493521
2018-05-09,1073.788819,1096.304538,1070.461488,1092.917932,1092.917932,7232404
2018-05-10,1092.917932,1092.970059,1091.046327,1091.098367,1091.098367,6112299
2018-05-11,1091.098367,1093.657591,1068.680214,1071.192748,1071.192748,7124977
2018-05-14,1071.192748,1074.157706,1064.075545,1067.028978,1067.028978,6582237
2018-05-15,1067.028978,1093.787796,1056.630163,1083.231082,1083.231082,6532829
2018-05-16,1083.231082,1083.801637,1075.114340,1075.680918,1075.680918,3271265
2018-05-17,1075.680918,1081.617474,1061.542088,1067.433125,1067.433125,11763196
2018-05-18,1067.433125,1068.341802,1064.669104,1065.576200,1065.576200,2980153
2018-05-21,1065.576200,1078.542630,1058.709022,1071.636397,1071.636397,9308861
2018-05-22,1071.636397,1076.892412,1067.401559,1072.653554,1072.653554,4998353
2018-05-23,1072.653554,1076.055181,1069.052871,1072.453865,1072.453865,8012428
2018-05-24,1072.453865,1091.891642,1063.273269,1082.623987,1082.623987,3842491
2018-05-25,1082.623987,1099.971889,1082.490325,1099.836102,1099.836102,10405105
2018-05-28,1099.836102,1103.011753,1056.506447,1059.565823,1059.565823,4935924
2018-05-29,1059.565823,1060.210217,1033.578180,1034.207151,1034.207151,6087386
2018-05-30,1034.207151,1042.852985,1027.182899,1035.817793,1035.817793,11554782
2018-05-31,1035.817793,1037.724370,1027.566658,1029.461535,1029.461535,15253706
2018-06-01,1029.461535,1039.684964,988.226409,998.138776,998.138776,5630741
2018-06-04,998.138776,1007.291592,998.001354,1007.152930,1007.152930,6636217
2018-06-05,1007.152930,1038.184044,1001.732750,1032.626771,1032.626771,7321434
2018-06-06,1032.626771,1069.688497,1020.948960,1057.726834,1057.726834,7282921
2018-06-07,1057.726834,1083.392840,1053.556614,1079.138203,1079.138203,8913710
2018-06-08,1079.138203,1082.866036,1057.458585,1061.124190,1061.124190,4119642
2018-06-11,1061.124190,1063.584395,1045.373380,1047.802700,1047.802700,8723848
2018-06-12,1047.802700,1051.333377,1042.713625,1046.239034,1046.239034,4578152
2018-06-13,1046.239034,1078.623249,1044.410997,1076.741916,1076.741916,5198862
2018-06-14,1076.741916,1078.958395,1069.753916,1071.960553,1071.960553,7343501
2018-06-15,1071.960553,1090.240786,1069.722943,1087.969759,1087.969759,4845591
2018-06-18,1087.969759,1092.009825,1036.118182,1039.980043,1039.980043,6293277
2018-06-19,1039.980043,1056.548067,1037.304509,1053.836884,1053.836884,6133663
2018-06-20,1053.836884,1067.918488,1049.701896,1063.744625,1063.744625,6483848
2018-06-21,1063.744625,1073.052223,1044.006397,1053.221922,1053.221922,4787605
2018-06-22,1053.221922,1059.553508,1039.068734,1045.353016,1045.353016,5737630
2018-06-25,1045.353016,1048.303049,1030.743519,1033.660556,1033.660556,5957256
2018-06-26,1033.660556,1038.485146,1016.413986,1021.180324,1021.180324,3146110
2018-06-27,1021.180324,1024.545247,1010.503226,1013.843975,1013.843975,5289023
2018-06-28,1013.843975,1033.510047,1011.840444,1031.471680,1031.471680,6368755
2018-06-29,1031.471680,1043.439372,1024.173135,1036.108021,1036.108021,4367547
2018-07-02,1036.108021,1043.914182,1028.916725,1036.718648,1036.718648,4660378
2018-07-03,1036.718648,1045.653384,1034.569092,1043.489788,1043.489788,4685031
2018-07-04,1043.489788,1064.065450,1039.532345,1060.045221,1060.045221,7198553
2018-07-05,1060.045221,1067.795996,1059.823354,1067.572554,1067.572554,7020946
2018-07-06,1067.572554,1068.277769,1062.836146,1063.538696,1063.538696,5406993
2018-07-09,1063.538696,1081.589106,1060.699490,1078.709401,1078.709401,6081999
2018-07-10,1078.709401,1082.347226,1066.736977,1070.346600,1070.346600,4500064
2018-07-11,1070.346600,1075.259034,1067.990724,1072.897543,1072.897543,3968757
2018-07-12,1072.897543,1102.146910,1071.187788,1100.393338,1100.393338,4999771
2018-07-13,1100.393338,1101.902069,1089.592764,1091.088738,1091.088738,2909180
2018-07-16,1091.088738,1091.429117,1081.234611,1081.572021,1081.572021,8014315
2018-07-17,1081.572021,1123.544343,1080.177237,1122.097297,1122.097297,8153941
2018-07-18,1122.097297,1122.725605,1075.452606,1076.055132,1076.055132,6578856
2018-07-19,1076.055132,1099.298710,1073.625436,1096.822123,1096.822123,4729143
2018-07-20,1096.822123,1106.863791,1088.970510,1098.996612,1098.996612,4146177
2018-07-23,1098.996612,1105.615648,1098.968521,1105.587388,1105.587388,7451773
2018-07-24,1105.587388,1108.154063,1087.304114,1089.834218,1089.834218,3444911
2018-07-25,1089.834218,1097.876291,1084.151428,1092.181262,1092.181262,3727084
2018-07-26,1092.181262,1101.003868,1088.685480,1097.491090,1097.491090,4615606
2018-07-27,1097.491090,1101.301086,1074.282117,1078.024534,1078.024534,4432428
2018-07-30,1078.024534,1081.347059,1070.815104,1074.125613,1074.125613,11011394
2018-07-31,1074.125613,1075.654290,1048.056735,1049.550437,1049.550437,8956828
2018-08-01,1049.550437,1061.295498,1048.631239,1060.366827,1060.366827,6174233
2018-08-02,1060.366827,1081.184134,1057.889669,1078.664230,1078.664230,5593715
2018-08-03,1078.664230,1096.806360,1076.665281,1094.777551,1094.777551,3829663
2018-08-06,1094.777551,1096.851276,1083.226994,1085.282734,1085.282734,3159195
2018-08-07,1085.282734,1093.395156,1083.827009,1091.930514,1091.930514,5379145
2018-08-08,1091.930514,1095.587878,1041.257718,1044.757077,1044.757077,8080932
2018-08-09,1044.757077,1047.571762,1025.066283,1027.835379,1027.835379,5567291
2018-08-10,1027.835379,1056.941686,1025.465635,1054.510440,1054.510440,7614588
2018-08-13,1054.510440,1055.740803,1031.706983,1032.912146,1032.912146,7559493
2018-08-14,1032.912146,1034.245237,1025.719391,1027.044910,1027.044910,4039136
2018-08-15,1027.044910,1033.773085,1023.807433,1030.524638,1030.524638,5997367
2018-08-16,1030.524638,1049.884194,1028.480469,1047.805745,1047.805745,3776717
2018-08-17,1047.805745,1059.296555,1046.210837,1057.686607,1057.686607,8425213
2018-08-20,1057.686607,1061.041392,1041.537167,1044.851240,1044.851240,4395344
2018-08-21,1044.851240,1045.237749,1033.590680,1033.973165,1033.973165,6057219
2018-08-22,1033.973165,1049.755537,1032.494777,1048.256726,1048.256726,11810942
2018-08-23,1048.256726,1057.519078,1046.265109,1055.513674,1055.513674,4513890
2018-08-24,1055.513674,1058.882762,1052.681830,1056.049480,1056.049480,5331657
2018-08-27,1056.049480,1084.622600,1054.653202,1083.190437,1083.190437,3416622
2018-08-28,1083.190437,1103.374901,1081.711241,1101.870196,1101.870196,6074535
2018-08-29,1101.870196,1107.909680,1098.208667,1104.240275,1104.240275,5311249
2018-08-30,1104.240275,1106.857806,1101.102570,1103.718864,1103.718864,7448983
2018-08-31,1103.718864,1104.575731,1095.243527,1096.094475,1096.094475,4303979
2018-09-03,1096.094475,1103.820651,1041.800009,1049.195604,1049.195604,3816215
2018-09-04,1049.195604,1071.203574,1044.325637,1066.254427,1066.254427,6415803
2018-09-05,1066.254427,1094.825646,1058.193766,1086.611093,1086.611093,4055649
2018-09-06,1086.611093,1094.028711,1084.916544,1092.325251,1092.325251,4517232
2018-09-07,1092.325251,1129.388517,1084.724219,1121.583887,1121.583887,7149940
2018-09-10,1121.583887,1145.137393,1119.067178,1142.573586,1142.573586,9027616
2018-09-11,1142.573586,1194.611400,1136.036984,1187.815969,1187.815969,3997972
2018-09-12,1187.815969,1220.720876,1180.296131,1213.041341,1213.041341,4630664
2018-09-13,1213.041341,1240.525350,1211.207856,1238.653153,1238.653153,10982361
2018-09-14,1238.653153,1241.212638,1209.014562,1211.517976,1211.517976,9932237
2018-09-17,1211.517976,1220.923412,1186.112610,1195.392862,1195.392862,5120712
2018-09-18,1195.392862,1202.664434,1188.191109,1195.462263,1195.462263,12107427
2018-09-19,1195.462263,1227.211614,1188.322296,1219.925538,1219.925538,7275190
2018-09-20,1219.925538,1225.358389,1218.173700,1223.601273,1223.601273,7146096
2018-09-21,1223.601273,1238.742243,1219.370771,1234.474149,1234.474149,7699402
2018-09-24,1234.474149,1270.739882,1227.237548,1263.334101,1263.334101,4014597
2018-09-25,1263.334101,1266.257651,1256.763154,1259.678243,1259.678243,6373565
2018-09-26,1259.678243,1264.429498,1251.109134,1255.845934,1255.845934,5408753
2018-09-27,1255.845934,1279.295525,1247.663717,1271.014481,1271.014481,12019933
2018-09-28,1271.014481,1284.035363,1268.964792,1281.968010,1281.968010,5639696
2018-10-01,1281.968010,1285.379730,1262.941449,1266.311502,1266.311502,5947135
2018-10-02,1266.311502,1276.659835,1226.458817,1236.564053,1236.564053,5761496
2018-10-03,1236.564053,1249.580683,1208.632796,1221.490759,1221.490759,6833925
2018-10-04,1221.490759,1269.388227,1219.419919,1267.239827,1267.239827,2452496
2018-10-05,1267.239827,1268.785227,1230.687812,1232.190469,1232.190469,6620628
2018-10-08,1232.190469,1238.373278,1203.640237,1209.710246,1209.710246,6992150
2018-10-09,1209.710246,1217.009522,1208.217190,1215.509308,1215.509308,4379429
2018-10-10,1215.509308,1243.586143,1213.206086,1241.234176,1241.234176,6892405
2018-10-11,1241.234176,1265.565999,1231.801089,1256.020540,1256.020540,6126648
2018-10-12,1256.020540,1278.019698,1256.019932,1278.019079,1278.019079,6219767
2018-10-15,1278.019079,1295.895626,1276.945720,1294.808166,1294.808166,6422592
2018-10-16,1294.808166,1313.230610,1290.367367,1308.742022,1308.742022,6631600
2018-10-17,1308.742022,1312.469056,1308.302157,1312.028087,1312.028087,3899462
2018-10-18,1312.028087,1312.052523,1263.372298,1263.395828,1263.395828,11497079
2018-10-19,1263.395828,1266.870471,1237.676443,1241.089738,1241.089738,10098753
2018-10-22,1241.089738,1250.085565,1227.139838,1236.099494,1236.099494,4921761
2018-10-23,1236.099494,1256.577324,1230.313577,1250.722958,1250.722958,3451453
2018-10-24,1250.722958,1254.635255,1212.402833,1216.207163,1216.207163,4597858
2018-10-25,1216.207163,1219.551584,1205.367437,1208.691189,1208.691189,5302357
2018-10-26,1208.691189,1228.189676,1206.619825,1226.088498,1226.088498,8084725
2018-10-29,1226.088498,1234.270934,1218.010798,1226.192548,1226.192548,3201209
2018-10-30,1226.192548,1249.890207,1224.601983,1248.271002,1248.271002,2951473
2018-10-31,1248.271002,1253.010987,1211.061574,1215.677795,1215.677795,7082787
2018-11-01,1215.677795,1217.768428,1196.005899,1198.066246,1198.066246,4630708
2018-11-02,1198.066246,1244.979308,1194.767200,1241.560495,1241.560495,6466208
2018-11-05,1241.560495,1244.452937,1239.010481,1241.902222,1241.902222,4634578
2018-11-06,1241.902222,1247.576026,1228.757858,1234.397376,1234.397376,6996316
2018-11-07,1234.397376,1275.282858,1231.762244,1272.566245,1272.566245,9969856
2018-11-08,1272.566245,1281.260600,1233.932456,1242.420854,1242.420854,7206962
2018-11-09,1242.420854,1287.524382,1233.222712,1278.062371,1278.062371,7102588
2018-11-12,1278.062371,1298.968269,1276.735927,1297.621525,1297.621525,7598856
2018-11-13,1297.621525,1298.313023,1238.024520,1238.684612,1238.684612,7335799
2018-11-14,1238.684612,1246.030359,1238.504542,1245.849248,1245.849248,4453690
2018-11-15,1245.849248,1248.117522,1216.282826,1218.501308,1218.501308,5070617
2018-11-16,1218.501308,1241.164016,1213.235701,1235.823553,1235.823553,4277385
2018-11-19,1235.823553,1237.261958,1221.673997,1223.097591,1223.097591,5605429
2018-11-20,1223.097591,1234.640166,1191.283279,1202.632724,1202.632724,11066532
2018-11-21,1202.632724,1214.712727,1197.206097,1209.256213,1209.256213,10177351
2018-11-22,1209.256213,1217.107669,1191.039371,1198.823087,1198.823087,10319356
2018-11-23,1198.823087,1202.630428,1186.679356,1190.460136,1190.460136,3154299
2018-11-26,1190.460136,1213.759290,1189.965898,1213.255588,1213.255588,4877505
2018-11-27,1213.255588,1220.942775,1203.720319,1211.395721,1211.395721,2766365
2018-11-28,1211.395721,1252.467136,1206.463154,1247.388015,1247.388015,4957625
2018-11-29,1247.388015,1255.573586,1208.351008,1216.332790,1216.332790,4922473
2018-11-30,1216.332790,1257.505680,1208.669385,1249.632473,1249.632473,6925969
2018-12-03,1249.632473,1261.499622,1248.834434,1260.694517,1260.694517,8040680
2018-12-04,1260.694517,1297.811294,1252.708337,1289.641740,1289.641740,7968853
2018-12-05,1289.641740,1291.340483,1247.958446,1249.604451,1249.604451,5029479
2018-12-06,1249.604451,1251.727278,1242.434046,1244.548284,1244.548284,3827395
2018-12-07,1244.548284,1285.766702,1244.330080,1285.541311,1285.541311,5131774
2018-12-10,1285.541311,1290.402450,1272.280764,1277.110022,1277.110022,7759945
2018-12-11,1277.110022,1280.970653,1275.996898,1279.855137,1279.855137,3576331
2018-12-12,1279.855137,1281.468986,1267.154664,1268.754516,1268.754516,6120729
2018-12-13,1268.754516,1281.154734,1268.722278,1281.122182,1281.122182,9534464
2018-12-14,1281.122182,1286.304676,1273.042653,1278.213380,1278.213380,5133422
2018-12-17,1278.213380,1281.905625,1271.168605,1274.851137,1274.851137,5367168
2018-12-18,1274.851137,1289.905994,1270.781298,1285.801198,1285.801198,6944062
2018-12-19,1285.801198,1301.388758,1283.016272,1298.576163,1298.576163,7596785
2018-12-20,1298.576163,1319.699305,1293.062964,1314.120113,1314.120113,7528346
2018-12-21,1314.120113,1341.644306,1313.803286,1341.320920,1341.320920,9868196
2018-12-24,1341.320920,1353.638105,1341.302377,1353.619392,1353.619392,2964882
2018-12-25,1353.619392,1400.269268,1353.343715,1399.984149,1399.984149,5662613
2018-12-26,1399.984149,1421.340381,1398.368903,1419.702385,1419.702385,3723677
2018-12-27,1419.702385,1443.510762,1418.986364,1442.783100,1442.783100,9162330
2018-12-28,1442.783100,1494.890621,1438.645639,1490.615989,1490.615989,5759230
2018-12-31,1490.615989,1500.424361,1437.326990,1446.847362,1446.847362,6480161
2019-01-01,1446.847362,1448.549077,1442.507684,1444.206293,1444.206293,5821387
2019-01-02,1444.206293,1482.208073,1436.815470,1474.661393,1474.661393,4937422
2019-01-03,1474.661393,1477.219069,1449.466014,1451.984358,1451.984358,6349641
2019-01-04,1451.984358,1465.345278,1451.605850,1464.963387,1464.963387,5925339
2019-01-07,1464.963387,1491.262870,1464.396110,1490.685633,1490.685633,5206784
2019-01-08,1490.685633,1513.984109,1488.093515,1511.356048,1511.356048,4075736
2019-01-09,1511.356048,1561.657617,1504.381647,1554.484194,1554.484194,9396772
2019-01-10,1554.484194,1582.106167,1538.324013,1565.828057,1565.828057,3717285
2019-01-11,1565.828057,1573.606002,1564.414810,1572.187016,1572.187016,7087070
2019-01-14,1572.187016,1579.208586,1502.462910,1509.203186,1509.203186,7295026
2019-01-15,1509.203186,1536.065431,1506.933955,1533.759278,1533.759278,4649966
2019-01-16,1533.759278,1542.838061,1530.615397,1539.682040,1539.682040,4628093
2019-01-17,1539.682040,1551.357117,1539.194201,1550.865735,1550.865735,4097773
2019-01-18,1550.865735,1553.323606,1548.305881,1550.763590,1550.763590,7769745
2019-01-21,1550.763590,1555.075474,1538.455219,1542.744806,1542.744806,9601277
2019-01-22,1542.744806,1545.261239,1513.535246,1516.008067,1516.008067,6944270
2019-01-23,1516.008067,1539.327296,1512.109610,1535.379027,1535.379027,3876136
2019-01-24,1535.379027,1540.751533,1478.879697,1484.072675,1484.072675,5250346
2019-01-25,1484.072675,1487.472498,1477.081053,1480.472629,1480.472629,4361161
2019-01-28,1480.472629,1481.350722,1441.616575,1442.472128,1442.472128,5088900
2019-01-29,1442.472128,1444.060700,1414.028884,1415.587849,1415.587849,5666075
2019-01-30,1415.587849,1431.780427,1414.453305,1430.633824,1430.633824,3599171
2019-01-31,1430.633824,1436.360776,1405.452730,1411.101493,1411.101493,7265318
2019-02-01,1411.101493,1413.425677,1401.580753,1403.893063,1403.893063,4980777
2019-02-04,1403.893063,1424.245172,1397.602480,1417.891862,1417.891862,4891677
2019-02-05,1417.891862,1421.357631,1408.783100,1412.235042,1412.235042,9721834
2019-02-06,1412.235042,1412.974465,1388.362062,1389.089366,1389.089366,5686841
2019-02-07,1389.089366,1395.347329,1383.894443,1390.148445,1390.148445,7765580
2019-02-08,1390.148445,1429.393533,1384.879943,1423.996750,1423.996750,5423098
2019-02-11,1423.996750,1428.859888,1423.070720,1427.931300,1427.931300,7324658
2019-02-12,1427.931300,1455.459410,1426.050846,1453.545225,1453.545225,3471661
2019-02-13,1453.545225,1458.701168,1441.687692,1446.819779,1446.819779,6728283
2019-02-14,1446.819779,1465.040138,1445.315489,1463.518486,1463.518486,5398194
2019-02-15,1463.518486,1500.530858,1457.172388,1494.052359,1494.052359,5144642
2019-02-18,1494.052359,1522.130353,1491.598637,1519.634616,1519.634616,5124289
2019-02-19,1519.634616,1528.486463,1499.360320,1508.145241,1508.145241,9819643
2019-02-20,1508.145241,1543.923884,1503.489812,1539.172678,1539.172678,10766644
2019-02-21,1539.172678,1562.063239,1477.689505,1499.997452,1499.997452,8228140
2019-02-22,1499.997452,1563.740238,1498.344856,1562.019310,1562.019310,6032011
2019-02-25,1562.019310,1566.243641,1529.895668,1534.044343,1534.044343,9764898
2019-02-26,1534.044343,1563.198072,1528.201308,1557.266586,1557.266586,3820260
2019-02-27,1557.266586,1607.521052,1554.493366,1604.663426,1604.663426,9467067
2019-02-28,1604.663426,1611.849363,1590.945446,1598.101999,1598.101999,9093036
2019-03-01,1598.101999,1599.669531,1590.445780,1592.007333,1592.007333,4341561
2019-03-04,1592.007333,1601.491141,1582.105155,1591.586456,1591.586456,9655269
2019-03-05,1591.586456,1593.116089,1572.926719,1574.439873,1574.439873,8539698
2019-03-06,1574.439873,1575.924799,1573.443461,1574.928078,1574.928078,9094886
2019-03-07,1574.928078,1575.073567,1527.221319,1527.362414,1527.362414,5612668
2019-03-08,1527.362414,1610.091229,1524.173580,1606.736677,1606.736677,4429793
2019-03-11,1606.736677,1651.384989,1595.553383,1639.970380,1639.970380,7442616
2019-03-12,1639.970380,1697.063234,1639.261647,1696.330144,1696.330144,6744764
2019-03-13,1696.330144,1712.763990,1684.542049,1700.943834,1700.943834,5704372
2019-03-14,1700.943834,1706.134531,1650.504006,1655.556196,1655.556196,6497693
2019-03-15,1655.556196,1658.340709,1617.103205,1619.827625,1619.827625,5670999
2019-03-18,1619.827625,1713.180272,1617.711622,1710.945240,1710.945240,12891615
2019-03-19,1710.945240,1717.057255,1685.733994,1691.777536,1691.777536,4894458
2019-03-20,1691.777536,1698.292250,1672.210150,1678.674406,1678.674406,5079128
2019-03-21,1678.674406,1688.659925,1652.491755,1662.380349,1662.380349,4838995
2019-03-22,1662.380349,1664.456208,1656.931674,1659.003316,1659.003316,4987906
2019-03-25,1659.003316,1672.414946,1658.113931,1671.518851,1671.518851,4935770
2019-03-26,1671.518851,1673.704899,1637.933103,1640.078032,1640.078032,4874407
2019-03-27,1640.078032,1642.981094,1625.485221,1628.367555,1628.367555,4449020
2019-03-28,1628.367555,1643.623099,1625.214803,1640.446960,1640.446960,9281659
2019-03-29,1640.446960,1661.109629,1627.889456,1648.490552,1648.490552,9354035
2019-04-01,1648.490552,1658.906024,1627.502300,1637.850546,1637.850546,7475592
2019-04-02,1637.850546,1646.776223,1635.482283,1644.398491,1644.398491,5740844
2019-04-03,1644.398491,1658.129990,1632.684804,1646.402031,1646.402031,9133696
2019-04-04,1646.402031,1653.728746,1643.621676,1650.940726,1650.940726,7145065
2019-04-05,1650.940726,1684.664230,1642.175072,1675.766762,1675.766762,4562873
2019-04-08,1675.766762,1677.858838,1650.756214,1652.819643,1652.819643,8560624
2019-04-09,1652.819643,1655.403483,1649.547317,1652.130079,1652.130079,3494407
2019-04-10,1652.130079,1652.667655,1629.005522,1629.535747,1629.535747,3816130
2019-04-11,1629.535747,1639.580006,1626.126473,1636.156880,1636.156880,5385186
2019-04-12,1636.156880,1638.438992,1623.835740,1626.103830,1626.103830,4388998
2019-04-15,1626.103830,1639.760563,1571.526743,1584.836898,1584.836898,3816862
2019-04-16,1584.836898,1596.047861,1583.839966,1595.044508,1595.044508,9500413
2019-04-17,1595.044508,1643.373597,1591.787234,1640.024468,1640.024468,6114155
2019-04-18,1640.024468,1694.514089,1636.704360,1691.090602,1691.090602,5197970
2019-04-19,1691.090602,1694.345501,1689.160975,1692.414363,1692.414363,6217005
2019-04-22,1692.414363,1704.560920,1686.701923,1698.826835,1698.826835,6027204
2019-04-23,1698.826835,1748.197986,1697.718484,1747.058168,1747.058168,3558449
2019-04-24,1747.058168,1752.773238,1737.845189,1743.548779,1743.548779,6045709
2019-04-25,1743.548779,1751.786019,1730.570612,1738.785348,1738.785348,8630273
2019-04-26,1738.785348,1746.259377,1733.036401,1740.504745,1740.504745,3613871
2019-04-29,1740.504745,1744.806826,1698.986706,1703.196571,1703.196571,10337784
2019-04-30,1703.196571,1715.717798,1702.475441,1714.991673,1714.991673,6010989
2019-05-01,1714.991673,1717.870303,1688.349969,1691.188645,1691.188645,3254851
2019-05-02,1691.188645,1708.626165,1674.694843,1692.123248,1692.123248,4004128
2019-05-03,1692.123248,1700.211887,1662.270588,1670.254692,1670.254692,6478583
2019-05-06,1670.254692,1676.540931,1637.267458,1643.452824,1643.452824,6436893
2019-05-07,1643.452824,1654.465961,1604.678407,1615.504255,1615.504255,8641354
2019-05-08,1615.504255,1624.639613,1612.424747,1621.548583,1621.548583,9201051
2019-05-09,1621.548583,1663.382185,1615.897203,1657.605142,1657.605142,5811873
2019-05-10,1657.605142,1670.890535,1639.435382,1652.681311,1652.681311,6505730
2019-05-13,1652.681311,1658.258537,1647.047542,1652.624577,1652.624577,4155333
2019-05-14,1652.624577,1664.020255,1641.892542,1653.283938,1653.283938,6342008
2019-05-15,1653.283938,1661.931748,1649.870020,1658.507045,1658.507045,3789087
2019-05-16,1658.507045,1676.257609,1650.872924,1668.577135,1668.577135,7054084
2019-05-17,1668.577135,1670.403351,1642.716213,1644.516095,1644.516095,3631399
2019-05-20,1644.516095,1662.325143,1633.751073,1651.514311,1651.514311,7900093
2019-05-21,1651.514311,1655.866882,1638.738922,1643.069237,1643.069237,7976258
2019-05-22,1643.069237,1654.161805,1630.638325,1641.721797,1641.721797,5269102
2019-05-23,1641.721797,1645.800292,1569.729006,1573.638363,1573.638363,7828624
2019-05-24,1573.638363,1575.074028,1570.646044,1572.080288,1572.080288,10630691
2019-05-27,1572.080288,1584.752504,1525.763457,1538.162268,1538.162268,4280233
2019-05-28,1538.162268,1545.922625,1532.553660,1540.306200,1540.306200,4670636
2019-05-29,1540.306200,1548.072170,1506.492263,1514.126238,1514.126238,4487417
2019-05-30,1514.126238,1523.326350,1511.455358,1520.643972,1520.643972,3985769
2019-05-31,1520.643972,1576.404512,1510.073943,1565.522530,1565.522530,5469776
2019-06-03,1565.522530,1585.510999,1562.085467,1582.037677,1582.037677,5745278
2019-06-04,1582.037677,1583.511511,1548.908096,1550.352413,1550.352413,4282542
2019-06-05,1550.352413,1554.383606,1498.583303,1502.490045,1502.490045,11930560
2019-06-06,1502.490045,1509.453260,1485.963619,1492.882308,1492.882308,3234286
2019-06-07,1492.882308,1500.423285,1469.182021,1476.640959,1476.640959,5833873
2019-06-10,1476.640959,1498.992841,1468.794627,1491.069840,1491.069840,4650301
2019-06-11,1491.069840,1491.807527,1486.428072,1487.163826,1487.163826,11608648
2019-06-12,1487.163826,1497.852220,1484.222789,1494.895892,1494.895892,10064560
2019-06-13,1494.895892,1514.794382,1480.133202,1499.981471,1499.981471,3822417
2019-06-14,1499.981471,1507.075882,1488.703871,1495.778403,1495.778403,4027857
2019-06-17,1495.778403,1499.765123,1462.488904,1466.397314,1466.397314,6538503
2019-06-18,1466.397314,1489.012024,1456.651140,1479.180886,1479.180886,5770633
2019-06-19,1479.180886,1481.057260,1442.937314,1444.770037,1444.770037,4182148
2019-06-20,1444.770037,1447.272270,1439.081722,1441.578427,1441.578427,5775230
2019-06-21,1441.578427,1450.955779,1438.340285,1447.703878,1447.703878,9319206
2019-06-24,1447.703878,1449.207045,1427.089055,1428.572357,1428.572357,5050459
2019-06-25,1428.572357,1457.149560,1427.465361,1456.021294,1456.021294,4664270
2019-06-26,1456.021294,1461.555755,1409.364963,1414.742519,1414.742519,6572330
2019-06-27,1414.742519,1421.882727,1412.920809,1420.054177,1420.054177,5617404
2019-06-28,1420.054177,1427.996262,1382.836484,1390.613915,1390.613915,5550200
2019-07-01,1390.613915,1398.361514,1390.387374,1398.133748,1398.133748,5834182
2019-07-02,1398.133748,1414.085898,1391.754925,1407.663597,1407.663597,8218879
2019-07-03,1407.663597,1421.202472,1402.234980,1415.742699,1415.742699,5085429
2019-07-04,1415.742699,1417.106170,1392.219816,1393.561926,1393.561926,5081062
2019-07-05,1393.561926,1400.099676,1389.083316,1395.614470,1395.614470,4148788
2019-07-08,1395.614470,1424.160357,1391.778870,1420.257032,1420.257032,4912023
2019-07-09,1420.257032,1427.155010,1402.932241,1409.779331,1409.779331,8032472
2019-07-10,1409.779331,1412.086244,1377.709720,1379.967851,1379.967851,3250004
2019-07-11,1379.967851,1382.250244,1377.633187,1379.915493,1379.915493,6744882
2019-07-12,1379.915493,1382.446364,1376.135805,1378.664381,1378.664381,7997122
2019-07-15,1378.664381,1382.276056,1344.688544,1348.220465,1348.220465,7287946
2019-07-16,1348.220465,1352.670228,1339.793262,1344.229855,1344.229855,6559249
2019-07-17,1344.229855,1372.767641,1343.382519,1371.902861,1371.902861,7053194
2019-07-18,1371.902861,1373.548816,1315.087100,1316.666785,1316.666785,5113181
2019-07-19,1316.666785,1350.797447,1315.104316,1349.196376,1349.196376,5004908
2019-07-22,1349.196376,1359.882341,1339.501149,1350.180045,1350.180045,3224474
2019-07-23,1350.180045,1373.634002,1349.769985,1373.216946,1373.216946,3550227
2019-07-24,1373.216946,1380.252754,1352.069517,1359.032650,1359.032650,5556878
2019-07-25,1359.032650,1361.425205,1346.547850,1348.922606,1348.922606,6309316
2019-07-26,1348.922606,1357.427803,1346.874487,1355.369895,1355.369895,6398824
2019-07-29,1355.369895,1358.176031,1327.953049,1330.708127,1330.708127,4190753
2019-07-30,1330.708127,1349.573916,1324.061795,1342.866857,1342.866857,12114004
2019-07-31,1342.866857,1348.168440,1322.658296,1327.900794,1327.900794,6677290
2019-08-01,1327.900794,1384.304207,1320.627731,1376.763518,1376.763518,3621598
2019-08-02,1376.763518,1390.107662,1373.059826,1386.378106,1386.378106,9275671
2019-08-05,1386.378106,1387.953557,1377.054682,1378.621318,1378.621318,2876964
2019-08-06,1378.621318,1411.373170,1367.000665,1399.575886,1399.575886,3851524
2019-08-07,1399.575886,1407.845565,1382.765483,1390.984397,1390.984397,10054592
2019-08-08,1390.984397,1417.863979,1372.835472,1399.602609,1399.602609,7112712
2019-08-09,1399.602609,1403.652453,1391.698383,1395.737042,1395.737042,9154538
2019-08-12,1395.737042,1401.250709,1390.837137,1396.348657,1396.348657,9296417
2019-08-13,1396.348657,1404.175699,1393.635221,1401.452346,1401.452346,3226799
2019-08-14,1401.452346,1410.016513,1398.131572,1406.683344,1406.683344,8952531
2019-08-15,1406.683344,1407.239572,1400.090801,1400.644641,1400.644641,5244291
2019-08-16,1400.644641,1403.468830,1398.905365,1401.728209,1401.728209,4406930
2019-08-19,1401.728209,1447.084820,1400.939239,1446.270778,1446.270778,5648304
2019-08-20,1446.270778,1448.596308,1411.161635,1413.434366,1413.434366,7007889
2019-08-21,1413.434366,1413.729551,1380.020387,1380.308654,1380.308654,4757742
2019-08-22,1380.308654,1381.391051,1367.930097,1369.003630,1369.003630,6129300
2019-08-23,1369.003630,1400.885154,1362.805737,1394.571508,1394.571508,4598588
2019-08-26,1394.571508,1402.656566,1378.429162,1386.467236,1386.467236,4843594
2019-08-27,1386.467236,1386.957310,1383.333290,1383.822429,1383.822429,8386996
2019-08-28,1383.822429,1408.682378,1381.344189,1406.164127,1406.164127,8482778
2019-08-29,1406.164127,1412.947338,1406.034215,1412.816811,1412.816811,7378035
2019-08-30,1412.816811,1428.088892,1410.867950,1426.121679,1426.121679,9840959
2019-09-02,1426.121679,1426.594444,1413.786225,1414.255056,1414.255056,5030303
2019-09-03,1414.255056,1418.851224,1409.981127,1414.576324,1414.576324,10400151
2019-09-04,1414.576324,1426.530063,1411.190456,1423.123736,1423.123736,6441170
2019-09-05,1423.123736,1423.639070,1407.444877,1407.954718,1407.954718,8813292
2019-09-06,1407.954718,1433.133490,1407.330103,1432.497986,1432.497986,10745135
2019-09-09,1432.497986,1441.622729,1417.673981,1426.762188,1426.762188,5642563
2019-09-10,1426.762188,1474.543743,1423.108068,1470.776897,1470.776897,4573548
2019-09-11,1470.776897,1484.081457,1456.226346,1469.519532,1469.519532,4914553
2019-09-12,1469.519532,1476.808140,1450.344636,1457.573996,1457.573996,4687914
2019-09-13,1457.573996,1472.269054,1433.215698,1447.812341,1447.812341,6102328
2019-09-16,1447.812341,1454.613886,1434.276865,1441.046626,1441.046626,5110941
2019-09-17,1441.046626,1453.374458,1425.915915,1438.219561,1438.219561,19699232
2019-09-18,1438.219561,1440.036635,1427.581226,1429.387141,1429.387141,4414959
2019-09-19,1429.387141,1431.775329,1412.445887,1414.809719,1414.809719,8531734
2019-09-20,1414.809719,1429.802944,1410.854426,1425.816879,1425.816879,1953678
2019-09-23,1425.816879,1426.721528,1420.100525,1421.002118,1421.002118,8396389
2019-09-24,1421.002118,1429.028159,1418.075070,1426.090629,1426.090629,6177370
2019-09-25,1426.090629,1457.239858,1419.543552,1450.580350,1450.580350,5812841
2019-09-26,1450.580350,1453.981705,1441.095463,1444.482519,1444.482519,10359814
2019-09-27,1444.482519,1447.423022,1422.133787,1425.034700,1425.034700,5448774
2019-09-30,1425.034700,1491.841563,1423.727259,1490.474083,1490.474083,5715150
2019-10-01,1490.474083,1494.445745,1471.355632,1475.286825,1475.286825,5083740
2019-10-02,1475.286825,1475.337902,1462.990114,1463.040768,1463.040768,8639319
2019-10-03,1463.040768,1471.505841,1441.212836,1449.600143,1449.600143,6191515
2019-10-04,1449.600143,1496.221786,1449.124199,1495.730696,1495.730696,4745389
2019-10-07,1495.730696,1505.603245,1493.486079,1503.347198,1503.347198,4073560
2019-10-08,1503.347198,1508.966900,1488.575676,1494.161040,1494.161040,5296604
2019-10-09,1494.161040,1496.578673,1485.208506,1487.615548,1487.615548,7342392
2019-10-10,1487.615548,1506.883550,1482.458906,1501.678161,1501.678161,4596275
2019-10-11,1501.678161,1505.102579,1471.635448,1474.999027,1474.999027,6484154
2019-10-14,1474.999027,1476.554867,1466.466519,1468.014992,1468.014992,7194392
2019-10-15,1468.014992,1471.708179,1451.321253,1454.981651,1454.981651,9761461
2019-10-16,1454.981651,1484.803117,1449.908862,1479.644342,1479.644342,6343693
2019-10-17,1479.644342,1488.173363,1473.883251,1482.401536,1482.401536,5584748
2019-10-18,1482.401536,1555.115274,1477.486921,1549.976626,1549.976626,9597482
2019-10-21,1549.976626,1554.571830,1515.315160,1519.820961,1519.820961,8176693
2019-10-22,1519.820961,1520.359994,1509.902270,1510.437975,1510.437975,4517338
2019-10-23,1510.437975,1520.055770,1505.296514,1514.899124,1514.899124,5842531
2019-10-24,1514.899124,1548.170871,1509.342181,1542.512637,1542.512637,6085650
2019-10-25,1542.512637,1595.531800,1539.801577,1592.732476,1592.732476,11503016
2019-10-28,1592.732476,1605.148248,1591.418971,1603.825594,1603.825594,9056054
2019-10-29,1603.825594,1606.769757,1593.355594,1596.285916,1596.285916,6059028
2019-10-30,1596.285916,1642.347847,1589.212432,1635.102359,1635.102359,4749059
2019-10-31,1635.102359,1659.667315,1626.738169,1651.220675,1651.220675,5429196
2019-11-01,1651.220675,1691.497941,1649.406600,1689.641656,1689.641656,6281825
2019-11-04,1689.641656,1703.047164,1686.079058,1699.463855,1699.463855,9795720
2019-11-05,1699.463855,1700.666521,1696.781271,1697.982888,1697.982888,8191943
2019-11-06,1697.982888,1698.356598,1668.255186,1668.622433,1668.622433,5967516
2019-11-07,1668.622433,1671.160184,1636.072850,1638.564888,1638.564888,7856891
2019-11-08,1638.564888,1644.641614,1624.138927,1630.184574,1630.184574,4831906
2019-11-11,1630.184574,1646.047975,1602.016260,1617.758745,1617.758745,10704738
2019-11-12,1617.758745,1629.207012,1605.896011,1617.341324,1617.341324,7726138
2019-11-13,1617.341324,1619.205821,1613.592648,1615.454970,1615.454970,4127091
2019-11-14,1615.454970,1633.063331,1613.809547,1631.401664,1631.401664,6046020
2019-11-15,1631.401664,1654.151520,1623.729613,1646.408894,1646.408894,6372134
2019-11-18,1646.408894,1647.567114,1597.359147,1598.483653,1598.483653,7681912
2019-11-19,1598.483653,1632.260188,1584.715579,1618.321249,1618.321249,11740727
2019-11-20,1618.321249,1647.375010,1616.807505,1645.835530,1645.835530,5348188
2019-11-21,1645.835530,1698.856294,1634.774125,1687.514769,1687.514769,4178159
2019-11-22,1687.514769,1741.982986,1672.352821,1726.471024,1726.471024,8084462
2019-11-25,1726.471024,1731.184368,1708.995599,1713.674007,1713.674007,3057015
2019-11-26,1713.674007,1733.930440,1706.152693,1726.353475,1726.353475,5593978
2019-11-27,1726.353475,1738.964434,1722.695511,1735.287539,1735.287539,6569979
2019-11-28,1735.287539,1744.883750,1688.822879,1698.214073,1698.214073,6338946
2019-11-29,1698.214073,1719.944752,1687.067571,1708.729233,1708.729233,6822929
2019-12-02,1708.729233,1710.185406,1674.849669,1676.278188,1676.278188,6613264
2019-12-03,1676.278188,1730.841185,1675.996665,1730.550547,1730.550547,6680356
2019-12-04,1730.550547,1745.992344,1708.194624,1723.574170,1723.574170,5526774
2019-12-05,1723.574170,1727.608883,1712.900087,1716.919222,1716.919222,8987979
2019-12-06,1716.919222,1761.351016,1713.142483,1757.485045,1757.485045,2759801
2019-12-09,1757.485045,1798.336769,1747.918638,1788.600990,1788.600990,7222055
2019-12-10,1788.600990,1792.915321,1746.611348,1750.834581,1750.834581,7492657
2019-12-11,1750.834581,1761.668173,1750.593734,1761.425869,1761.425869,3197808
2019-12-12,1761.425869,1769.118063,1709.232564,1716.729569,1716.729569,5766737
2019-12-13,1716.729569,1721.579727,1705.996456,1710.829947,1710.829947,3790233
2019-12-16,1710.829947,1714.901296,1710.122646,1714.192605,1714.192605,5442213
2019-12-17,1714.192605,1722.947846,1714.058526,1722.813093,1722.813093,9259171
2019-12-18,1722.813093,1844.366771,1708.085958,1828.734190,1828.734190,7050394
2019-12-19,1828.734190,1865.544298,1819.685644,1856.359066,1856.359066,4470752
2019-12-20,1856.359066,1966.986055,1854.856910,1965.395667,1965.395667,7572073
2019-12-23,1965.395667,1991.513289,1908.247559,1933.947271,1933.947271,3433976
2019-12-24,1933.947271,1955.366420,1928.290398,1949.663576,1949.663576,6031769
2019-12-25,1949.663576,1952.171110,1921.189843,1923.663938,1923.663938,4640556
2019-12-26,1923.663938,1931.609445,1897.275541,1905.144556,1905.144556,5616059
2019-12-27,1905.144556,1921.243526,1899.636072,1915.704509,1915.704509,8742584
2019-12-30,1915.704509,1921.711925,1866.985111,1872.858166,1872.858166,5408118
2019-12-31,1872.858166,1875.814381,1851.258313,1854.185053,1854.185053,4778333
2020-01-01,1854.185053,1863.061768,1822.402981,1831.169512,1831.169512,5843901
2020-01-02,1831.169512,1842.598763,1823.749237,1835.162309,1835.162309,4546308
2020-01-03,1835.162309,1902.363258,1834.208376,1901.374907,1901.374907,5101146
2020-01-06,1901.374907,1903.157696,1864.127679,1865.877184,1865.877184,13548492
2020-01-07,1865.877184,1879.498110,1827.580440,1841.019907,1841.019907,6089032
2020-01-08,1841.019907,1842.218358,1821.445688,1822.632168,1822.632168,8292638
2020-01-09,1822.632168,1828.181364,1788.742641,1794.205289,1794.205289,9431598
2020-01-10,1794.205289,1797.348077,1793.992601,1797.135042,1797.135042,10616648
2020-01-13,1797.135042,1797.733745,1734.475346,1735.053367,1735.053367,5869354
2020-01-14,1735.053367,1739.229455,1725.861475,1730.025461,1730.025461,5992248
2020-01-15,1730.025461,1770.485600,1722.628176,1762.947545,1762.947545,7787454
2020-01-16,1762.947545,1812.439669,1757.486622,1806.842775,1806.842775,4825980
2020-01-17,1806.842775,1856.573483,1800.909570,1850.496929,1850.496929,7336701
2020-01-20,1850.496929,1854.955672,1777.245406,1781.537993,1781.537993,5785209
2020-01-21,1781.537993,1802.424188,1768.475745,1789.304993,1789.304993,8323657
2020-01-22,1789.304993,1807.703226,1786.014273,1804.384773,1804.384773,13167633
2020-01-23,1804.384773,1826.418361,1801.391685,1823.393741,1823.393741,5287549
2020-01-24,1823.393741,1845.615840,1816.864466,1839.030572,1839.030572,5405900
2020-01-27,1839.030572,1841.776944,1771.763937,1774.413811,1774.413811,5609280
2020-01-28,1774.413811,1781.016750,1753.929442,1760.480533,1760.480533,3936249
2020-01-29,1760.480533,1813.679733,1760.087423,1813.274834,1813.274834,5537777
2020-01-30,1813.274834,1839.531057,1809.826629,1836.039562,1836.039562,6896834
2020-01-31,1836.039562,1845.743601,1812.784788,1822.416827,1822.416827,5186265
2020-02-03,1822.416827,1882.633766,1795.551649,1855.284076,1855.284076,6384295
2020-02-04,1855.284076,1872.529520,1808.306103,1825.272581,1825.272581,7223144
2020-02-05,1825.272581,1859.207814,1820.774126,1854.636990,1854.636990,6310435
2020-02-06,1854.636990,1866.818997,1825.304055,1837.372663,1837.372663,4833268
2020-02-07,1837.372663,1837.661514,1811.202295,1811.487077,1811.487077,5685646
2020-02-10,1811.487077,1817.799712,1756.679536,1762.822586,1762.822586,11868971
2020-02-11,1762.822586,1772.276522,1725.406940,1734.710110,1734.710110,5803714
2020-02-12,1734.710110,1738.918161,1715.838019,1720.010411,1720.010411,9056881
2020-02-13,1720.010411,1726.589384,1715.285737,1721.859630,1721.859630,11034556
2020-02-14,1721.859630,1723.844685,1718.039483,1720.022419,1720.022419,3989965
2020-02-17,1720.022419,1741.202581,1692.633165,1713.735915,1713.735915,9784860
2020-02-18,1713.735915,1733.313418,1707.821096,1727.351606,1727.351606,4527225
2020-02-19,1727.351606,1758.277946,1725.733245,1756.632151,1756.632151,7163893
2020-02-20,1756.632151,1856.259254,1746.485633,1845.598853,1845.598853,11334678
2020-02-21,1845.598853,1847.090782,1611.057197,1612.360583,1612.360583,7711043
2020-02-24,1612.360583,1617.210270,1564.016292,1568.734761,1568.734761,5699567
2020-02-25,1568.734761,1582.798872,1563.872782,1577.908461,1577.908461,7248841
2020-02-26,1577.908461,1585.294457,1447.526852,1454.334413,1454.334413,6517439
2020-02-27,1454.334413,1461.295576,1388.535933,1395.214117,1395.214117,7223272
2020-02-28,1395.214117,1396.619764,1299.974885,1301.285901,1301.285901,5790633
2020-03-02,1301.285901,1343.215012,1298.913468,1340.770592,1340.770592,7729020
2020-03-03,1340.770592,1357.887976,1338.439963,1355.531689,1355.531689,8931911
2020-03-04,1355.531689,1356.983947,1234.195063,1235.518744,1235.518744,7150816
2020-03-05,1235.518744,1237.619201,1089.651069,1091.506697,1091.506697,7006021
2020-03-06,1091.506697,1093.783339,1031.886809,1034.043595,1034.043595,4501487
2020-03-09,1034.043595,1039.796105,902.380208,907.428342,907.428342,3670973
2020-03-10,907.428342,1157.616953,906.211656,1156.066891,1156.066891,4631389
2020-03-11,1156.066891,1157.777301,1097.120448,1098.746051,1098.746051,6272712
2020-03-12,1098.746051,1099.287147,1038.622325,1039.134064,1039.134064,3717615
2020-03-13,1039.134064,1046.204915,1033.040816,1040.105967,1040.105967,8086360
2020-03-16,1040.105967,1042.795631,1020.850317,1023.497031,1023.497031,6739205
2020-03-17,1023.497031,1028.284442,1004.383686,1009.103773,1009.103773,5576585
2020-03-18,1009.103773,1014.008839,962.367007,967.067744,967.067744,8143193
2020-03-19,967.067744,1009.109091,965.049060,1007.007036,1007.007036,5099908
2020-03-20,1007.007036,1007.589357,989.519394,990.091934,990.091934,3944037
2020-03-23,990.091934,992.118296,893.928704,895.762008,895.762008,6793931
2020-03-24,895.762008,898.680309,892.325598,895.242205,895.242205,3212732
2020-03-25,895.242205,896.532823,880.202061,881.472828,881.472828,5064352
2020-03-26,881.472828,883.661003,861.501546,863.645467,863.645467,6544980
2020-03-27,863.645467,886.895215,863.144892,886.381463,886.381463,5626310
2020-03-30,886.381463,886.910853,881.544319,882.071135,882.071135,6310497
2020-03-31,882.071135,889.238192,881.813841,888.978884,888.978884,7398695
2020-04-01,888.978884,912.056780,886.442035,909.461481,909.461481,5774913
2020-04-02,909.461481,911.526681,898.723799,900.769261,900.769261,9824735
2020-04-03,900.769261,902.896586,890.234439,892.341861,892.341861,9238268
2020-04-06,892.341861,894.696889,876.949750,879.270280,879.270280,5469498
2020-04-07,879.270280,916.751562,877.528421,914.939042,914.939042,7337075
2020-04-08,914.939042,919.477955,889.287177,893.720828,893.720828,6530762
2020-04-09,893.720828,897.991858,867.301906,871.466584,871.466584,6979733
2020-04-10,871.466584,875.669761,855.302391,859.447599,859.447599,10332952
2020-04-13,859.447599,868.054836,857.777355,866.371137,866.371137,7748620
2020-04-14,866.371137,888.966810,861.283043,883.776496,883.776496,8752314
2020-04-15,883.776496,890.607321,882.074382,888.895348,888.895348,2865591
2020-04-16,888.895348,889.184657,887.155504,887.444341,887.444341,3913068
2020-04-17,887.444341,890.956235,880.315114,883.812637,883.812637,3408542
2020-04-20,883.812637,887.098409,880.604364,883.889856,883.889856,4653174
2020-04-21,883.889856,894.537868,878.737941,889.354103,889.354103,6130090
2020-04-22,889.354103,897.214782,886.968723,894.814755,894.814755,5626670
2020-04-23,894.814755,895.784018,889.815318,890.780211,890.780211,7498732
2020-04-24,890.780211,901.681603,886.836086,897.706809,897.706809,5001151
2020-04-27,897.706809,900.697869,896.699550,899.688387,899.688387,5015097
2020-04-28,899.688387,900.841416,887.132006,888.270403,888.270403,4607808
2020-04-29,888.270403,899.124242,886.797880,897.636192,897.636192,4943793
2020-04-30,897.636192,905.333065,885.178586,892.834284,892.834284,4365348
2020-05-01,892.834284,906.957785,886.231243,900.299533,900.299533,6430289
2020-05-04,900.299533,904.569132,864.785649,868.906368,868.906368,7121798
2020-05-05,868.906368,874.393181,842.069438,847.420577,847.420577,7182884
2020-05-06,847.420577,851.273786,805.846563,809.527472,809.527472,6348567
2020-05-07,809.527472,811.552734,803.719916,805.735691,805.735691,4037422
2020-05-08,805.735691,807.322936,789.730493,791.289279,791.289279,5784422
2020-05-11,791.289279,795.665947,776.169526,780.486444,780.486444,5525429
2020-05-12,780.486444,781.810071,763.068076,764.364362,764.364362,2868986
2020-05-13,764.364362,767.495508,759.268728,762.391794,762.391794,5563555
2020-05-14,762.391794,769.268062,743.810444,750.580179,750.580179,5978025
2020-05-15,750.580179,786.361565,745.835594,781.422022,781.422022,6641544
2020-05-18,781.422022,784.741366,772.729350,776.025772,776.025772,4830436
2020-05-19,776.025772,778.821727,773.689938,776.484512,776.484512,7869541
2020-05-20,776.484512,782.154034,757.830348,763.404365,763.404365,4635598
2020-05-21,763.404365,765.410427,749.853939,751.829586,751.829586,5571437
2020-05-22,751.829586,752.906736,743.263053,744.329458,744.329458,5702863
2020-05-25,744.329458,748.780189,705.090803,709.332269,709.332269,4610845
2020-05-26,709.332269,721.567671,708.420275,720.641138,720.641138,3848546
2020-05-27,720.641138,730.016594,714.638334,723.985929,723.985929,5666812
2020-05-28,723.985929,726.913216,711.984961,714.875412,714.875412,4506319
2020-05-29,714.875412,717.307904,699.979407,702.369345,702.369345,7789822
2020-06-01,702.369345,705.472198,692.768804,695.842825,695.842825,7636438
2020-06-02,695.842825,696.746607,687.346602,688.240510,688.240510,7255873
2020-06-03,688.240510,688.749467,684.520158,685.026739,685.026739,4035426
2020-06-04,685.026739,685.565689,669.160366,669.687247,669.687247,8799715
2020-06-05,669.687247,675.335413,659.115813,664.722103,664.722103,7460472
2020-06-08,664.722103,666.309855,661.263106,662.846378,662.846378,9509384
2020-06-09,662.846378,665.691244,639.781783,642.539494,642.539494,6167678
2020-06-10,642.539494,646.241567,634.804290,638.482991,638.482991,4428677
2020-06-11,638.482991,638.791485,633.965114,634.271573,634.271573,10232321
2020-06-12,634.271573,655.978451,630.516126,652.117341,652.117341,5658662
2020-06-15,652.117341,654.818645,651.241193,653.940048,653.940048,4414361
2020-06-16,653.940048,695.148515,650.476448,691.486052,691.486052,4612615
2020-06-17,691.486052,693.124460,682.828607,684.450344,684.450344,3288926
2020-06-18,684.450344,684.512224,678.758002,678.819372,678.819372,7906127
2020-06-19,678.819372,681.398105,661.732102,664.255508,664.255508,8827444
2020-06-22,664.255508,673.901528,661.287441,670.903754,670.903754,6230896
2020-06-23,670.903754,673.109489,667.439050,669.640632,669.640632,6858528
2020-06-24,669.640632,676.227429,660.701519,667.264949,667.264949,5101342
2020-06-25,667.264949,672.598234,664.798620,670.121347,670.121347,10704816
2020-06-26,670.121347,683.003918,664.377855,677.199759,677.199759,10130213
2020-06-29,677.199759,702.930882,672.479476,698.065161,698.065161,6142346
2020-06-30,698.065161,700.577510,684.161270,686.632473,686.632473,3622463
2020-07-01,686.632473,687.475613,669.449691,670.272742,670.272742,2753624
2020-07-02,670.272742,672.314584,660.255711,662.273184,662.273184,7146692
2020-07-03,662.273184,688.809538,656.254398,682.605967,682.605967,3971864
2020-07-06,682.605967,682.849253,680.290164,680.532710,680.532710,5364573
2020-07-07,680.532710,688.854984,677.954654,686.255249,686.255249,9095453
2020-07-08,686.255249,692.461366,684.910369,691.106978,691.106978,10097728
2020-07-09,691.106978,691.702446,680.831879,681.419000,681.419000,4637450
2020-07-10,681.419000,685.160730,663.662240,667.326588,667.326588,5790462
2020-07-13,667.326588,668.481734,663.514869,664.665408,664.665408,5202178
2020-07-14,664.665408,670.900832,663.559475,669.786378,669.786378,6384732
2020-07-15,669.786378,670.456271,660.235826,660.896829,660.896829,8122995
2020-07-16,660.896829,667.370721,649.438762,655.863348,655.863348,4039147
2020-07-17,655.863348,665.713507,654.394821,664.226255,664.226255,6952005
2020-07-20,664.226255,678.327668,658.700854,672.731515,672.731515,3648036
2020-07-21,672.731515,704.166424,669.334473,700.628513,700.628513,8004436
2020-07-22,700.628513,713.952994,699.248601,712.549603,712.549603,10118237
2020-07-23,712.549603,715.215813,703.932864,706.576725,706.576725,4533606
2020-07-24,706.576725,721.742022,706.148393,721.304762,721.304762,5663010
2020-07-27,721.304762,731.451813,719.334900,729.459681,729.459681,6704451
2020-07-28,729.459681,731.241316,723.539888,725.311392,725.311392,6048619
2020-07-29,725.311392,747.150274,722.611583,744.379489,744.379489,5321714
2020-07-30,744.379489,750.304891,744.196898,750.120892,750.120892,10884450
2020-07-31,750.120892,765.071632,747.014728,761.916624,761.916624,5799756
2020-08-03,761.916624,764.440092,756.237181,758.750162,758.750162,4160194
2020-08-04,758.750162,771.452578,753.311473,765.962194,765.962194,4930918
2020-08-05,765.962194,800.684829,764.216287,798.863928,798.863928,6427208
2020-08-06,798.863928,801.717381,791.174235,794.010351,794.010351,4953887
2020-08-07,794.010351,794.415739,791.127358,791.531480,791.531480,5258908
2020-08-10,791.531480,812.845836,789.182520,810.440760,810.440760,3559197
2020-08-11,810.440760,811.737198,804.276813,805.565452,805.565452,4028359
2020-08-12,805.565452,805.632439,797.588404,797.654732,797.654732,3025636
2020-08-13,797.654732,808.393137,792.592633,803.295242,803.295242,5007674
2020-08-14,803.295242,805.352707,800.581686,802.637466,802.637466,5974291
2020-08-17,802.637466,845.824360,798.455751,841.440482,841.440482,4544264
2020-08-18,841.440482,849.001074,840.580039,848.133787,848.133787,19426771
2020-08-19,848.133787,861.162509,846.885520,859.896929,859.896929,4557082
2020-08-20,859.896929,860.414063,854.519342,855.033551,855.033551,6961589
2020-08-21,855.033551,856.592440,845.487652,847.031952,847.031952,3379863
2020-08-24,847.031952,855.666207,841.223437,849.838447,849.838447,6348211
2020-08-25,849.838447,854.969086,825.593300,830.607839,830.607839,4856905
2020-08-26,830.607839,869.982757,824.211601,863.334502,863.334502,3615160
2020-08-27,863.334502,882.485000,859.577526,878.661326,878.661326,7188380
2020-08-28,878.661326,880.236128,865.527457,867.081506,867.081506,6578487
2020-08-31,867.081506,887.804466,859.959087,880.571239,880.571239,4793725
2020-09-01,880.571239,883.766823,846.865344,849.949803,849.949803,5477865
2020-09-02,849.949803,857.812937,848.037417,855.887192,855.887192,4215046
2020-09-03,855.887192,862.483467,853.936120,860.521830,860.521830,6381610
2020-09-04,860.521830,897.993065,855.319407,892.596728,892.596728,7088578
2020-09-07,892.596728,895.982958,891.143710,894.526798,894.526798,7649491
2020-09-08,894.526798,911.737871,892.403292,909.578633,909.578633,6590067
2020-09-09,909.578633,911.265638,908.804434,910.490663,910.490663,7807182
2020-09-10,910.490663,921.130201,904.024267,914.634376,914.634376,4914724
2020-09-11,914.634376,915.826856,913.453177,914.645643,914.645643,5593802
2020-09-14,914.645643,915.626671,883.828264,884.777256,884.777256,5807073
2020-09-15,884.777256,894.280961,880.999668,890.479029,890.479029,5031165
2020-09-16,890.479029,891.025161,855.132881,855.657657,855.657657,7004937
2020-09-17,855.657657,861.271666,853.848069,859.454049,859.454049,3928690
2020-09-18,859.454049,868.535255,856.655048,865.715862,865.715862,4741582
2020-09-21,865.715862,890.652609,862.764247,887.626291,887.626291,6060639
2020-09-22,887.626291,897.034077,886.665651,896.064304,896.064304,5049821
2020-09-23,896.064304,903.751637,894.060147,901.734797,901.734797,6994201
2020-09-24,901.734797,911.521356,901.086670,910.866665,910.866665,4064342
2020-09-25,910.866665,911.541092,909.277120,909.950869,909.950869,6182219
2020-09-28,909.950869,965.525608,904.488041,959.763732,959.763732,7073002
2020-09-29,959.763732,970.571851,954.929520,965.707700,965.707700,16452600
2020-09-30,965.707700,974.699883,930.629375,939.376373,939.376373,5879215
2020-10-01,939.376373,940.623698,925.884731,927.115776,927.115776,9645891
2020-10-02,927.115776,931.113652,916.552404,920.521846,920.521846,8669644
2020-10-05,920.521846,925.356747,918.986848,923.816256,923.816256,7662131
2020-10-06,923.816256,924.751684,915.152151,916.079746,916.079746,5683483
2020-10-07,916.079746,939.331785,909.191881,932.321799,932.321799,11379064
2020-10-08,932.321799,937.942221,928.070520,933.684727,933.684727,13035883
2020-10-09,933.684727,934.801774,919.362992,920.464222,920.464222,5692707
2020-10-12,920.464222,952.558377,919.598071,951.662869,951.662869,8120023
2020-10-13,951.662869,958.658681,943.499863,950.487031,950.487031,3945566
2020-10-14,950.487031,952.679973,909.053380,911.155576,911.155576,7724881
2020-10-15,911.155576,915.652740,854.348610,858.586309,858.586309,8497150
2020-10-16,858.586309,879.207658,856.054811,876.622980,876.622980,6918784
2020-10-19,876.622980,880.701636,870.080590,874.147730,874.147730,4899006
2020-10-20,874.147730,874.791634,855.852889,856.483782,856.483782,6686455
2020-10-21,856.483782,856.742376,853.767822,854.025673,854.025673,4839700
2020-10-22,854.025673,856.551522,822.727522,825.168022,825.168022,4689479
2020-10-23,825.168022,853.068877,821.315909,849.105020,849.105020,3962794
2020-10-26,849.105020,857.747373,840.137769,848.776782,848.776782,6122529
2020-10-27,848.776782,858.805828,848.189392,858.211908,858.211908,5994981
2020-10-28,858.211908,869.156273,851.194456,862.106972,862.106972,6243449
2020-10-29,862.106972,868.852705,855.357430,862.103133,862.103133,9356134
2020-10-30,862.103133,867.287962,859.606847,864.783913,864.783913,3722235
2020-11-02,864.783913,866.693790,848.287324,850.164915,850.164915,3426354
2020-11-03,850.164915,857.754377,839.549020,847.111222,847.111222,11081725
2020-11-04,847.111222,848.696803,832.545266,834.106507,834.106507,4903385
2020-11-05,834.106507,835.078254,832.963232,833.934780,833.934780,6314139
2020-11-06,833.934780,841.932349,833.403986,841.396805,841.396805,4642077
2020-11-09,841.396805,844.595349,836.947310,840.141080,840.141080,6335060
2020-11-10,840.141080,847.439774,814.837716,821.978625,821.978625,12947081
2020-11-11,821.978625,841.182253,817.787372,836.914841,836.914841,3293843
2020-11-12,836.914841,838.933985,835.963739,837.981671,837.981671,2771884
2020-11-13,837.981671,839.435823,833.350741,834.799371,834.799371,5272651
2020-11-16,834.799371,845.819657,833.592763,844.598884,844.598884,4177155
2020-11-17,844.598884,845.979013,840.586963,841.962784,841.962784,10245157
2020-11-18,841.962784,857.077239,838.704369,853.773118,853.773118,5472679
2020-11-19,853.773118,862.539137,852.451626,861.206140,861.206140,5172395
2020-11-20,861.206140,863.450785,851.564975,853.790292,853.790292,3142956
2020-11-23,853.790292,854.872328,850.184846,851.263680,851.263680,5233382
2020-11-24,851.263680,853.815560,837.917432,840.436856,840.436856,6191770
2020-11-25,840.436856,872.461371,839.555070,871.546944,871.546944,5685966
2020-11-26,871.546944,888.413904,862.577677,879.364188,879.364188,4191805
2020-11-27,879.364188,882.817515,876.104571,879.557183,879.557183,6324203
2020-11-30,879.557183,894.357512,873.833666,888.575312,888.575312,6338485
2020-12-01,888.575312,897.507696,886.712880,895.630477,895.630477,10368003
2020-12-02,895.630477,895.912936,888.722773,889.003142,889.003142,5063176
2020-12-03,889.003142,890.621884,877.462999,879.063643,879.063643,11538623
2020-12-04,879.063643,879.532901,867.906825,868.370376,868.370376,6489002
2020-12-07,868.370376,868.721138,864.645681,864.995080,864.995080,3587021
2020-12-08,864.995080,873.355537,843.093354,851.321653,851.321653,4296815
2020-12-09,851.321653,871.947885,847.570405,868.122606,868.122606,7219370
2020-12-10,868.122606,868.168539,866.017960,866.063784,866.063784,6755511
2020-12-11,866.063784,870.190202,851.756139,855.833815,855.833815,8481270
2020-12-14,855.833815,863.724359,837.979327,845.777150,845.777150,4662795
2020-12-15,845.777150,846.501692,840.906465,841.627452,841.627452,5109637
2020-12-16,841.627452,851.515277,840.644373,850.521809,850.521809,5102737
2020-12-17,850.521809,850.853491,845.856796,846.186788,846.186788,11156990
2020-12-18,846.186788,851.939668,844.836702,850.582568,850.582568,4596797
2020-12-21,850.582568,866.144803,849.684489,865.231258,865.231258,2649950
2020-12-22,865.231258,921.630278,861.619288,917.798861,917.798861,5259217
2020-12-23,917.798861,918.593876,897.901336,898.679789,898.679789,6421110
2020-12-24,898.679789,898.703649,884.926551,884.950046,884.950046,7440509
2020-12-25,884.950046,918.582292,880.635904,914.125918,914.125918,7316462
2020-12-28,914.125918,918.559318,913.326754,917.756980,917.756980,4334506
2020-12-29,917.756980,921.157064,916.642401,920.039713,920.039713,5080162
2020-12-30,920.039713,961.798750,918.835624,960.541655,960.541655,4787711
2020-12-31,960.541655,961.446091,943.679872,944.569268,944.569268,5099536
2021-01-01,944.569268,950.210346,925.893984,931.456752,931.456752,3094171
2021-01-04,931.456752,939.231230,927.575974,935.334297,935.334297,6009265
2021-01-05,935.334297,941.642584,911.942293,918.134578,918.134578,3611394
2021-01-06,918.134578,943.610824,915.558270,940.970438,940.970438,5825234
2021-01-07,940.970438,948.859293,928.036832,935.883036,935.883036,10798021
2021-01-08,935.883036,941.228377,931.820951,937.160746,937.160746,6534955
2021-01-11,937.160746,946.664292,935.597520,945.087843,945.087843,2588720
2021-01-12,945.087843,952.889964,941.295729,949.081825,949.081825,13958646
2021-01-13,949.081825,950.969275,940.089926,941.963220,941.963220,5537550
2021-01-14,941.963220,944.595347,922.916721,925.502853,925.502853,3822410
2021-01-15,925.502853,928.220324,920.840417,923.552160,923.552160,6621722
2021-01-18,923.552160,932.362819,921.676257,930.472859,930.472859,13378115
2021-01-19,930.472859,948.304258,929.276036,947.086066,947.086066,4694687
2021-01-20,947.086066,967.244794,945.027746,965.147221,965.147221,8694429
2021-01-21,965.147221,966.385044,959.643063,960.875407,960.875407,8038490
2021-01-22,960.875407,964.342965,959.496505,962.961070,962.961070,5461522
2021-01-25,962.961070,968.144100,953.607632,958.768094,958.768094,8372108
2021-01-26,958.768094,961.929611,956.859108,960.018136,960.018136,5018944
2021-01-27,960.018136,968.246812,949.519147,957.728194,957.728194,7028485
2021-01-28,957.728194,959.606851,952.909767,954.782646,954.782646,6118171
2021-01-29,954.782646,955.224775,942.553621,942.990289,942.990289,5162538
2021-02-01,942.990289,943.007297,935.640111,935.656986,935.656986,9045506
2021-02-02,935.656986,938.431689,929.498112,932.262749,932.262749,5182985
2021-02-03,932.262749,987.245279,931.731933,986.683477,986.683477,3746492
2021-02-04,986.683477,1012.082018,980.952108,1006.237068,1006.237068,3367810
2021-02-05,1006.237068,1011.691638,979.340976,984.678683,984.678683,5321934
2021-02-08,984.678683,989.643755,977.994775,982.951136,982.951136,5197716
2021-02-09,982.951136,985.611591,977.381472,980.034031,980.034031,4246828
2021-02-10,980.034031,981.588223,974.059225,975.606396,975.606396,6270380
2021-02-11,975.606396,978.544484,962.379633,965.286643,965.286643,4562151
2021-02-12,965.286643,967.661557,921.516061,923.788878,923.788878,5670323
2021-02-15,923.788878,928.024934,921.771375,926.002597,926.002597,6616261
2021-02-16,926.002597,937.598213,925.057807,936.642567,936.642567,4711414
2021-02-17,936.642567,941.057294,930.479368,934.885815,934.885815,5476905
2021-02-18,934.885815,939.590049,928.361653,933.056682,933.056682,5512588
2021-02-19,933.056682,958.355979,932.750712,958.041816,958.041816,4605396
2021-02-22,958.041816,959.699672,948.952235,950.597209,950.597209,9453751
2021-02-23,950.597209,957.680832,940.463697,947.524423,947.524423,2565033
2021-02-24,947.524423,952.179318,939.103200,943.739501,943.739501,5014255
2021-02-25,943.739501,952.971230,940.354458,949.565290,949.565290,7507289
2021-02-26,949.565290,951.245312,948.483971,950.163312,950.163312,4987070
2021-03-01,950.163312,953.524060,930.585039,933.888222,933.888222,4955448
2021-03-02,933.888222,936.792887,927.708298,930.602744,930.602744,6030275
2021-03-03,930.602744,931.304888,928.666822,929.368034,929.368034,13428092
2021-03-04,929.368034,933.250373,925.871052,929.751946,929.751946,4149877
2021-03-05,929.751946,940.091065,924.516329,934.826870,934.826870,4830286
2021-03-08,934.826870,948.596499,927.722477,941.441834,941.441834,3593037
2021-03-09,941.441834,943.060019,932.791829,934.397906,934.397906,7624817
2021-03-10,934.397906,939.731579,932.878136,938.205616,938.205616,3401625
2021-03-11,938.205616,941.750506,936.301641,939.843207,939.843207,5937196
2021-03-12,939.843207,952.706909,939.727405,952.589535,952.589535,4272161
2021-03-15,952.589535,986.738971,947.529454,981.525186,981.525186,5704554
2021-03-16,981.525186,987.989815,980.221344,986.679126,986.679126,7446645
2021-03-17,986.679126,988.905184,975.785055,977.991512,977.991512,3831228
2021-03-18,977.991512,980.849153,976.434572,979.290146,979.290146,5322839
2021-03-19,979.290146,980.955512,975.706548,977.368646,977.368646,10904901
2021-03-22,977.368646,1000.700066,974.417955,997.688030,997.688030,5616387
2021-03-23,997.688030,1014.870036,994.336624,1011.472326,1011.472326,6255101
2021-03-24,1011.472326,1011.978516,1003.989549,1004.492246,1004.492246,3536591
2021-03-25,1004.492246,1018.237233,1001.220658,1014.931645,1014.931645,5495844
2021-03-26,1014.931645,1020.088719,1008.189764,1013.338744,1013.338744,4457696
2021-03-29,1013.338744,1017.697249,1001.195176,1005.520052,1005.520052,7260737
2021-03-30,1005.520052,1008.479337,974.779005,977.656285,977.656285,9456739
2021-03-31,977.656285,995.361853,973.642387,991.291971,991.291971,12394017
2021-04-01,991.291971,991.484935,968.602337,968.790920,968.790920,5258051
2021-04-02,968.790920,969.635813,957.551086,958.386905,958.386905,5403656
2021-04-05,958.386905,963.428737,957.699824,962.738536,962.738536,9481027
2021-04-06,962.738536,968.450190,956.808036,962.518385,962.518385,13371450
2021-04-07,962.518385,967.480796,949.479657,954.400214,954.400214,10422213
2021-04-08,954.400214,957.607275,945.761427,948.950175,948.950175,4452368
2021-04-09,948.950175,973.190578,947.371142,971.573900,971.573900,12506274
2021-04-12,971.573900,979.666722,947.991224,955.953937,955.953937,5614070
2021-04-13,955.953937,971.858009,954.469341,970.351054,970.351054,6842331
2021-04-14,970.351054,1004.757040,965.887205,1000.156080,1000.156080,3689708
2021-04-15,1000.156080,1023.449458,997.436441,1020.674026,1020.674026,6855474
2021-04-16,1020.674026,1026.825289,990.024680,996.027406,996.027406,7782133
2021-04-19,996.027406,999.343263,983.447113,986.732024,986.732024,11331462
2021-04-20,986.732024,996.257821,982.416988,991.920097,991.920097,5497447
2021-04-21,991.920097,999.918600,950.875014,958.604874,958.604874,6021118
2021-04-22,958.604874,961.726135,938.121620,941.186165,941.186165,9365700
2021-04-23,941.186165,954.298544,937.625040,950.701416,950.701416,7372713
2021-04-26,950.701416,957.447556,944.363139,951.106578,951.106578,7579347
2021-04-27,951.106578,952.556507,942.204175,943.642726,943.642726,6158244
2021-04-28,943.642726,970.358654,940.436713,967.073037,967.073037,3588155
2021-04-29,967.073037,969.865132,950.173133,952.924379,952.924379,4840953
2021-04-30,952.924379,956.372466,930.776195,934.156371,934.156371,6240847
2021-05-03,934.156371,934.303223,931.126762,931.273161,931.273161,7356503
2021-05-04,931.273161,932.102124,925.364718,926.189155,926.189155,4386390
2021-05-05,926.189155,936.979398,906.609964,917.296607,917.296607,8629818
2021-05-06,917.296607,920.440618,903.304356,906.411057,906.411057,7865290
2021-05-07,906.411057,925.330636,904.053748,922.930365,922.930365,2788835
2021-05-10,922.930365,925.018268,893.826000,895.852646,895.852646,8466080
2021-05-11,895.852646,918.947488,891.471029,914.474790,914.474790,8353051
2021-05-12,914.474790,916.550564,910.749673,912.821694,912.821694,5493992
2021-05-13,912.821694,928.734459,911.494465,927.386052,927.386052,6931141
2021-05-14,927.386052,931.991908,903.641933,908.152264,908.152264,5993783
2021-05-17,908.152264,913.236956,900.654797,905.725904,905.725904,7867336
2021-05-18,905.725904,907.851621,893.225693,895.327004,895.327004,13892224
2021-05-19,895.327004,899.660706,833.665653,837.720519,837.720519,3272982
2021-05-20,837.720519,839.035636,828.667172,829.970122,829.970122,7056942
2021-05-21,829.970122,833.150291,812.502698,815.627913,815.627913,3748759
2021-05-24,815.627913,816.619890,804.852308,805.832372,805.832372,6946806
2021-05-25,805.832372,850.246142,803.889193,848.200797,848.200797,4469703
2021-05-26,848.200797,851.074080,838.395869,841.245592,841.245592,3426404
2021-05-27,841.245592,842.588303,838.152147,839.492060,839.492060,9728179
2021-05-28,839.492060,845.811767,835.011744,841.321686,841.321686,8382485
2021-05-31,841.321686,850.241969,836.725795,845.622583,845.622583,6820429
2021-06-01,845.622583,847.679299,836.223896,838.262711,838.262711,8172161
2021-06-02,838.262711,849.713522,835.388475,846.809979,846.809979,6231497
2021-06-03,846.809979,863.313857,844.628650,861.095729,861.095729,20811458
2021-06-04,861.095729,865.654876,860.753327,865.310798,865.310798,4052636
2021-06-07,865.310798,888.204001,862.425261,885.251967,885.251967,5935237
2021-06-08,885.251967,891.953475,858.156638,864.702584,864.702584,3957594
2021-06-09,864.702584,878.490487,857.750175,871.483557,871.483557,6347893
2021-06-10,871.483557,872.562546,850.366699,851.420848,851.420848,9802349
2021-06-11,851.420848,852.373833,837.599063,838.537629,838.537629,8084161
2021-06-14,838.537629,853.146772,837.315119,851.904774,851.904774,6628413
2021-06-15,851.904774,852.819716,844.798723,845.707009,845.707009,4754220
2021-06-16,845.707009,847.080656,830.319156,831.670004,831.670004,6352820
2021-06-17,831.670004,841.539681,830.667579,840.526581,840.526581,6468685
2021-06-18,840.526581,850.589717,837.525065,847.563074,847.563074,6696049
2021-06-21,847.563074,849.880557,831.145909,833.424734,833.424734,8531715
2021-06-22,833.424734,842.104954,828.842271,837.500083,837.500083,4986921
2021-06-23,837.500083,839.544835,823.059636,825.074050,825.074050,5755341
2021-06-24,825.074050,829.769353,811.598881,816.243934,816.243934,4178249
2021-06-25,816.243934,826.000986,816.118428,825.874000,825.874000,5825010
2021-06-28,825.874000,832.648786,824.730383,831.497382,831.497382,5234921
2021-06-29,831.497382,834.471689,818.766383,821.705664,821.705664,8662057
2021-06-30,821.705664,832.861447,818.993939,830.121948,830.121948,5652015
2021-07-01,830.121948,842.096730,827.821089,839.769133,839.769133,7458392
2021-07-02,839.769133,843.838258,835.777405,839.846164,839.846164,5411477
2021-07-05,839.846164,839.978294,839.061452,839.193479,839.193479,7081535
2021-07-06,839.193479,852.804452,834.368851,847.929599,847.929599,4158276
2021-07-07,847.929599,849.008683,829.245555,830.302206,830.302206,9565462
2021-07-08,830.302206,871.086784,829.660946,870.414545,870.414545,7625812
2021-07-09,870.414545,873.510664,846.305121,849.326228,849.326228,6725422
2021-07-12,849.326228,885.347799,845.704271,881.588260,881.588260,5573172
2021-07-13,881.588260,884.721364,873.242394,876.356906,876.356906,11969948
2021-07-14,876.356906,891.178940,872.264820,887.036984,887.036984,8354218
2021-07-15,887.036984,891.953348,877.912066,882.804974,882.804974,7036127
2021-07-16,882.804974,885.053018,879.853940,882.100189,882.100189,4381142
2021-07-19,882.100189,887.589945,869.586846,875.032617,875.032617,5042435
2021-07-20,875.032617,890.190844,869.175484,884.271867,884.271867,10024030
2021-07-21,884.271867,886.553695,875.408404,877.673205,877.673205,9195633
2021-07-22,877.673205,890.400636,874.333496,887.025340,887.025340,4328753
2021-07-23,887.025340,890.435241,881.055442,884.455464,884.455464,8835160
2021-07-26,884.455464,885.078707,867.632386,868.244206,868.244206,3867417
2021-07-27,868.244206,877.550313,848.180704,857.370260,857.370260,5609277
2021-07-28,857.370260,862.339126,842.880068,847.793432,847.793432,5942094
2021-07-29,847.793432,858.961157,843.846577,854.980840,854.980840,12373172
2021-07-30,854.980840,864.218935,853.632459,862.858130,862.858130,2995382
2021-08-02,862.858130,863.953084,838.343420,839.408617,839.408617,7357059
2021-08-03,839.408617,845.204279,825.430421,831.169194,831.169194,10527185
2021-08-04,831.169194,847.710274,830.691004,847.222848,847.222848,8529532
2021-08-05,847.222848,848.504871,823.927915,825.176579,825.176579,5913607
2021-08-06,825.176579,826.970870,821.328089,823.117904,823.117904,4012990
2021-08-09,823.117904,825.498515,815.039778,817.403862,817.403862,5085553
2021-08-10,817.403862,821.233857,799.580319,803.344438,803.344438,6395244
2021-08-11,803.344438,817.311790,798.318692,812.230453,812.230453,3774917
2021-08-12,812.230453,814.999611,806.811189,809.571281,809.571281,6210841
2021-08-13,809.571281,809.752904,808.031979,808.213297,808.213297,7238617
2021-08-16,808.213297,816.354249,807.080325,815.211466,815.211466,7191409
2021-08-17,815.211466,817.790504,803.869533,806.420760,806.420760,9006581
2021-08-18,806.420760,812.301493,804.768241,810.640327,810.640327,7675064
2021-08-19,810.640327,812.733370,798.147856,800.213980,800.213980,5198034
2021-08-20,800.213980,812.828518,796.468073,809.041290,809.041290,3198744
2021-08-23,809.041290,826.699360,803.007136,820.579152,820.579152,6423916
2021-08-24,820.579152,823.207988,811.868499,814.477788,814.477788,6872385
2021-08-25,814.477788,817.359356,787.160098,789.954906,789.954906,4984200
2021-08-26,789.954906,792.887811,764.584580,767.433870,767.433870,8331694
2021-08-27,767.433870,777.605537,766.253722,776.411583,776.411583,4968128
2021-08-30,776.411583,779.381664,766.091468,769.033324,769.033324,7045440
2021-08-31,769.033324,799.391254,765.950553,796.199584,796.199584,3108723
2021-09-01,796.199584,797.239278,782.282301,783.305157,783.305157,5887894
2021-09-02,783.305157,786.388368,767.008995,770.039992,770.039992,3698948
2021-09-03,770.039992,775.030290,764.921464,769.910925,769.910925,3597488
2021-09-06,769.910925,776.469594,766.986174,773.531091,773.531091,4260758
2021-09-07,773.531091,781.134540,773.249233,780.850015,780.850015,6925014
2021-09-08,780.850015,788.395378,780.760181,788.304687,788.304687,5621747
2021-09-09,788.304687,789.816444,783.215035,784.719918,784.719918,11224125
2021-09-10,784.719918,802.663574,780.766721,798.640250,798.640250,4904406
2021-09-13,798.640250,800.669072,794.605361,796.629073,796.629073,5108198
2021-09-14,796.629073,804.500777,790.559715,798.417791,798.417791,6171617
2021-09-15,798.417791,807.107670,797.532077,806.213308,806.213308,3731113
2021-09-16,806.213308,808.174795,805.596040,807.556499,807.556499,5267971
2021-09-17,807.556499,813.280972,803.915782,809.630904,809.630904,5181667
2021-09-20,809.630904,819.963410,805.846537,816.148578,816.148578,7075914
2021-09-21,816.148578,818.384922,815.550219,817.785364,817.785364,6599972
2021-09-22,817.785364,838.809245,816.838981,837.839654,837.839654,4548506
2021-09-23,837.839654,841.842950,825.681973,829.646120,829.646120,5400416
2021-09-24,829.646120,835.404066,804.462003,810.084185,810.084185,10153874
2021-09-27,810.084185,826.631605,803.433424,819.900255,819.900255,7724217
2021-09-28,819.900255,825.143703,796.787533,801.915968,801.915968,9818748
2021-09-29,801.915968,824.220341,795.863686,818.046319,818.046319,4312708
2021-09-30,818.046319,823.576341,813.903842,819.426873,819.426873,13802400
2021-10-01,819.426873,822.022000,804.695441,807.252011,807.252011,6952629
2021-10-04,807.252011,819.721962,804.799908,817.239521,817.239521,8304157
2021-10-05,817.239521,830.852943,814.587153,828.165116,828.165116,6060599
2021-10-06,828.165116,834.730064,821.988339,828.550412,828.550412,3615450
2021-10-07,828.550412,828.687264,821.795620,821.931378,821.931378,3625685
2021-10-08,821.931378,855.840900,818.520787,852.304277,852.304277,11108805
2021-10-11,852.304277,863.959943,849.772965,861.401613,861.401613,10327191
2021-10-12,861.401613,865.264021,853.786044,857.631548,857.631548,4365242
2021-10-13,857.631548,858.191945,842.020880,842.571436,842.571436,7036263
2021-10-14,842.571436,854.854674,838.524983,850.768853,850.768853,7107079
2021-10-15,850.768853,853.945653,834.892727,838.021930,838.021930,4252699
2021-10-18,838.021930,839.708174,800.909934,802.524751,802.524751,5812817
2021-10-19,802.524751,818.491945,800.524441,816.456908,816.456908,9434256
2021-10-20,816.456908,820.042069,801.573374,805.108704,805.108704,7590387
2021-10-21,805.108704,807.813761,794.283327,796.961010,796.961010,8876735
2021-10-22,796.961010,797.567288,786.184210,786.782745,786.782745,7259258
2021-10-25,786.782745,788.981891,784.440739,786.639484,786.639484,6994451
2021-10-26,786.639484,790.267631,768.994124,772.557321,772.557321,7127971
2021-10-27,772.557321,773.184388,762.630799,763.250313,763.250313,12381719
2021-10-28,763.250313,790.646858,758.088842,785.336033,785.336033,7637490
2021-10-29,785.336033,796.209007,783.611635,794.464565,794.464565,8690170
2021-11-01,794.464565,808.108918,793.886432,807.521284,807.521284,9028300
2021-11-02,807.521284,811.021443,795.147134,798.608662,798.608662,6312369
2021-11-03,798.608662,801.514006,788.169418,791.047254,791.047254,3390975
2021-11-04,791.047254,791.434515,789.818512,790.205361,790.205361,5129443
2021-11-05,790.205361,793.980291,788.681148,792.451746,792.451746,4797380
2021-11-08,792.451746,793.824863,774.585067,775.929555,775.929555,6003940
2021-11-09,775.929555,776.011736,765.951330,766.032462,766.032462,6153205
2021-11-10,766.032462,768.060058,765.705962,767.732833,767.732833,5004221
2021-11-11,767.732833,770.455799,741.755348,744.395542,744.395542,5258732
2021-11-12,744.395542,756.045469,738.779844,750.384591,750.384591,4048550
2021-11-15,750.384591,759.389204,747.821490,756.804175,756.804175,5716373
2021-11-16,756.804175,762.153687,755.030213,760.371364,760.371364,12336043
2021-11-17,760.371364,760.750579,749.299736,749.673616,749.673616,4239682
2021-11-18,749.673616,752.474435,740.869330,743.647635,743.647635,3313937
2021-11-19,743.647635,743.808158,730.630501,730.788248,730.788248,5503692
2021-11-22,730.788248,732.558732,723.021177,724.777098,724.777098,8658865
2021-11-23,724.777098,734.690573,722.213388,732.100957,732.100957,5078594
2021-11-24,732.100957,748.300597,731.051808,747.229766,747.229766,5143631
2021-11-25,747.229766,750.022908,733.919881,736.673564,736.673564,4594124
2021-11-26,736.673564,744.669590,733.598120,741.573690,741.573690,4551337
2021-11-29,741.573690,743.685982,720.299963,722.357519,722.357519,9358642
2021-11-30,722.357519,726.909903,716.238306,720.780752,720.780752,3302703
2021-12-01,720.780752,721.558490,708.397457,709.162659,709.162659,9420207
2021-12-02,709.162659,711.433708,690.153938,692.371214,692.371214,9427080
2021-12-03,692.371214,694.324048,690.307634,692.260155,692.260155,5786907
2021-12-06,692.260155,693.135755,682.819328,683.684081,683.684081,4906147
2021-12-07,683.684081,683.981749,667.027181,667.317723,667.317723,13432517
2021-12-08,667.317723,669.843736,653.102952,655.584551,655.584551,7127559
2021-12-09,655.584551,662.897695,653.807848,661.106028,661.106028,5628844
2021-12-10,661.106028,665.483865,660.872573,665.248948,665.248948,4534175
2021-12-13,665.248948,678.151413,662.665936,675.528487,675.528487,9049482
2021-12-14,675.528487,685.460184,672.489150,682.389975,682.389975,6920983
2021-12-15,682.389975,685.706079,672.504511,675.788534,675.788534,7313107
2021-12-16,675.788534,676.429510,665.450672,666.082441,666.082441,7471381
2021-12-17,666.082441,673.486969,665.225586,672.621702,672.621702,7851580
2021-12-20,672.621702,679.909442,669.195279,676.463449,676.463449,7179305
2021-12-21,676.463449,679.037224,656.102107,658.607946,658.607946,13308296
2021-12-22,658.607946,666.236355,656.719637,664.331636,664.331636,10418819
2021-12-23,664.331636,665.237950,662.949159,663.854823,663.854823,6466015
2021-12-24,663.854823,673.965467,663.035992,673.135189,673.135189,5106488
2021-12-27,673.135189,689.394066,669.874565,686.070783,686.070783,6886468
2021-12-28,686.070783,686.223556,682.319819,682.471791,682.471791,8567283
2021-12-29,682.471791,687.664432,679.983229,685.166045,685.166045,6901681
2021-12-30,685.166045,686.464295,651.234787,652.471087,652.471087,4462293
2021-12-31,652.471087,664.710433,650.760425,662.972239,662.972239,6182381
2022-01-03,662.972239,664.161747,653.700775,654.875757,654.875757,2855920
2022-01-04,654.875757,667.274934,648.497979,660.839080,660.839080,5794960
2022-01-05,660.839080,663.981546,639.463987,642.519338,642.519338,2777256
2022-01-06,642.519338,649.014013,621.961522,628.312593,628.312593,3059188
2022-01-07,628.312593,664.630365,627.103154,663.353475,663.353475,4256049
2022-01-10,663.353475,688.072052,661.770402,686.433898,686.433898,6893487
2022-01-11,686.433898,701.752391,685.750438,701.054374,701.054374,2879066
2022-01-12,701.054374,720.656552,697.149065,716.664287,716.664287,4663401
2022-01-13,716.664287,717.576402,673.884995,674.743757,674.743757,5038753
2022-01-14,674.743757,676.931742,670.309396,672.490073,672.490073,7871530
2022-01-17,672.490073,686.959023,669.591776,684.011072,684.011072,4657347
2022-01-18,684.011072,690.246321,682.232928,688.456620,688.456620,5375092
2022-01-19,688.456620,694.620713,686.703103,692.855991,692.855991,5325671
2022-01-20,692.855991,694.104839,673.517625,674.733808,674.733808,3109736
2022-01-21,674.733808,710.209929,672.643536,708.016550,708.016550,10825927
2022-01-24,708.016550,708.818762,678.669411,679.439244,679.439244,5685750
2022-01-25,679.439244,683.048878,667.857868,671.424924,671.424924,7626097
2022-01-26,671.424924,688.352028,668.637209,685.505850,685.505850,6007553
2022-01-27,685.505850,687.749222,637.042802,639.134421,639.134421,23317254
2022-01-28,639.134421,660.518788,637.537963,658.873027,658.873027,3951854
2022-01-31,658.873027,659.779205,646.997464,647.888535,647.888535,4331558
2022-02-01,647.888535,662.166009,646.850268,661.106559,661.106559,9023729
2022-02-02,661.106559,663.828451,638.875944,641.517183,641.517183,5150323
2022-02-03,641.517183,642.551962,629.285088,630.301777,630.301777,4437338
2022-02-04,630.301777,634.444458,628.781904,632.918275,632.918275,10740575
2022-02-07,632.918275,635.601349,628.423453,631.098813,631.098813,3168807
2022-02-08,631.098813,639.839329,629.717520,638.441963,638.441963,3354624
2022-02-09,638.441963,657.614775,635.053278,654.142754,654.142754,8100454
2022-02-10,654.142754,660.229344,653.154672,659.233572,659.233572,8911961
2022-02-11,659.233572,659.692503,659.051414,659.510268,659.510268,5474694
2022-02-14,659.510268,664.169709,653.733602,658.385093,658.385093,9223951
2022-02-15,658.385093,661.359359,641.253316,644.163335,644.163335,4954786
2022-02-16,644.163335,645.776939,632.378172,633.966232,633.966232,4279689
2022-02-17,633.966232,651.148437,633.599520,650.772002,650.772002,3818781
2022-02-18,650.772002,676.421752,648.593430,674.164868,674.164868,5435550
2022-02-21,674.164868,678.703442,645.358998,649.733095,649.733095,6795233
2022-02-22,649.733095,650.928532,646.714763,647.906841,647.906841,10849544
2022-02-23,647.906841,648.498473,647.607021,648.198519,648.198519,7152335
2022-02-24,648.198519,653.279571,646.086414,651.157823,651.157823,5996772
2022-02-25,651.157823,657.561671,650.676227,657.075699,657.075699,6715553
2022-02-28,657.075699,658.814541,647.303345,649.020871,649.020871,5777544
2022-03-01,649.020871,652.170071,629.302434,632.370844,632.370844,8220269
2022-03-02,632.370844,633.327000,622.999793,623.943206,623.943206,5947576
2022-03-03,623.943206,652.468114,622.032842,650.476511,650.476511,4443422
2022-03-04,650.476511,651.668840,648.602627,649.793704,649.793704,2685117
2022-03-07,649.793704,659.380025,648.930623,658.505372,658.505372,3819532
2022-03-08,658.505372,659.557737,658.150568,659.202557,659.202557,7258182
2022-03-09,659.202557,663.152891,645.235838,649.125785,649.125785,6991824
2022-03-10,649.125785,657.356410,617.036078,624.960295,624.960295,6191035
2022-03-11,624.960295,627.968735,602.235353,605.148422,605.148422,6299916
2022-03-14,605.148422,605.378864,592.862191,593.088041,593.088041,5387318
2022-03-15,593.088041,596.580377,592.136322,595.624588,595.624588,5064120
2022-03-16,595.624588,602.215830,593.536303,600.111812,600.111812,3415914
2022-03-17,600.111812,600.560656,593.725815,594.170215,594.170215,3735455
2022-03-18,594.170215,596.952849,592.871310,595.650708,595.650708,11747987
2022-03-21,595.650708,598.237626,578.627953,581.151902,581.151902,3329357
2022-03-22,581.151902,598.221198,579.742291,596.773696,596.773696,5263094
2022-03-23,596.773696,597.324650,561.933962,562.453230,562.453230,6153040
2022-03-24,562.453230,566.825184,554.686738,559.032100,559.032100,8518688
2022-03-25,559.032100,566.067201,554.981728,561.995358,561.995358,4572625
2022-03-28,561.995358,562.895904,559.362713,560.260479,560.260479,5398255
2022-03-29,560.260479,569.976964,556.586676,566.263795,566.263795,6863542
2022-03-30,566.263795,567.840027,555.687132,557.238241,557.238241,7722648
2022-03-31,557.238241,569.622440,556.531611,568.901021,568.901021,9511850
2022-04-01,568.901021,573.972068,564.148560,569.216968,569.216968,7518032
2022-04-04,569.216968,576.604989,568.041142,575.416357,575.416357,3846929
2022-04-05,575.416357,578.818250,574.170513,577.567748,577.567748,5464443
2022-04-06,577.567748,594.210261,575.533303,592.124541,592.124541,8555558
2022-04-07,592.124541,592.507004,588.608470,588.988909,588.988909,5674507
2022-04-08,588.988909,611.284507,586.296200,608.502587,608.502587,4030161
2022-04-11,608.502587,608.710392,604.961610,605.168277,605.168277,9724632
2022-04-12,605.168277,606.808548,592.705146,594.316003,594.316003,5265722
2022-04-13,594.316003,594.938266,574.704053,575.306413,575.306413,6528139
2022-04-14,575.306413,597.752359,573.689812,596.077392,596.077392,10973381
2022-04-15,596.077392,609.080354,594.193427,607.161357,607.161357,9269888
2022-04-18,607.161357,607.433572,584.463793,584.725950,584.725950,2896992
2022-04-19,584.725950,586.262001,582.004408,583.537337,583.537337,3857277
2022-04-20,583.537337,583.963938,568.939648,569.355881,569.355881,5143126
2022-04-21,569.355881,572.254641,551.216665,554.037434,554.037434,5597653
2022-04-22,554.037434,557.503353,529.514169,532.847529,532.847529,4041007
2022-04-25,532.847529,535.501535,515.741672,518.323335,518.323335,2664321
2022-04-26,518.323335,528.626689,517.972582,528.269206,528.269206,11020510
2022-04-27,528.269206,528.946668,516.056204,516.718854,516.718854,6082946
2022-04-28,516.718854,534.180405,514.179001,531.567566,531.567566,5462009
2022-04-29,531.567566,533.334795,529.362961,531.128730,531.128730,3715070
2022-05-02,531.128730,536.539875,529.986440,535.388424,535.388424,6106128
2022-05-03,535.388424,542.164043,528.921221,535.693159,535.693159,5725250
2022-05-04,535.693159,536.596128,533.514131,534.414946,534.414946,10458414
2022-05-05,534.414946,538.593469,532.845880,537.016764,537.016764,2864682
2022-05-06,537.016764,537.219810,522.483852,522.681478,522.681478,7555692
2022-05-09,522.681478,522.928888,522.013641,522.260852,522.260852,3416595
2022-05-10,522.260852,523.877886,520.185502,521.801113,521.801113,7214123
2022-05-11,521.801113,543.466677,520.719854,542.342853,542.342853,9372706
2022-05-12,542.342853,545.396314,535.637751,538.670537,538.670537,9449536
2022-05-13,538.670537,539.938667,532.825665,534.082995,534.082995,6132750
2022-05-16,534.082995,538.979601,531.466004,536.351494,536.351494,5196852
2022-05-17,536.351494,541.212398,521.878735,526.651732,526.651732,6120254
2022-05-18,526.651732,527.089284,511.647534,512.072975,512.072975,3205141
2022-05-19,512.072975,514.028114,494.522918,496.418286,496.418286,12447497
2022-05-20,496.418286,499.699110,466.228874,469.330676,469.330676,5996883
2022-05-23,469.330676,478.902302,468.434603,477.989697,477.989697,9709793
2022-05-24,477.989697,479.357670,474.010365,475.370843,475.370843,6063595
2022-05-25,475.370843,486.047284,472.826147,483.459290,483.459290,2579446
2022-05-26,483.459290,497.117878,482.917184,496.561082,496.561082,8089162
2022-05-27,496.561082,501.074288,489.537660,494.027842,494.027842,6706302
2022-05-30,494.027842,494.762768,481.372253,482.089419,482.089419,9344880
2022-05-31,482.089419,484.977051,476.445911,479.316936,479.316936,5447883
2022-06-01,479.316936,483.753580,478.491799,482.922237,482.922237,9739892
2022-06-02,482.922237,494.650324,481.990487,493.697784,493.697784,5404738
2022-06-03,493.697784,501.452823,493.586755,501.340076,501.340076,4715165
2022-06-06,501.340076,502.061211,493.309205,494.019811,494.019811,6136726
2022-06-07,494.019811,495.263131,491.020590,492.259479,492.259479,6796879
2022-06-08,492.259479,493.725565,488.369751,489.828597,489.828597,6432848
2022-06-09,489.828597,493.265728,476.886927,480.256893,480.256893,6744038
2022-06-10,480.256893,490.987222,478.957148,489.662024,489.662024,3968147
2022-06-13,489.662024,491.141160,485.605380,487.076707,487.076707,8683151
2022-06-14,487.076707,492.659413,485.731355,491.302389,491.302389,5577047
2022-06-15,491.302389,501.890497,489.776333,500.336380,500.336380,3997794
2022-06-16,500.336380,507.985349,498.514031,506.141855,506.141855,10869954
2022-06-17,506.141855,515.116551,502.021451,510.956948,510.956948,7309184
2022-06-20,510.956948,512.675845,498.126108,499.807498,499.807498,5713817
2022-06-21,499.807498,507.380444,497.875138,505.426361,505.426361,5343193
2022-06-22,505.426361,509.349202,505.260437,509.182045,509.182045,7725766
2022-06-23,509.182045,510.480695,508.147076,509.445192,509.445192,9636367
2022-06-24,509.445192,509.694914,505.301776,505.549589,505.549589,4602630
2022-06-27,505.549589,505.952970,501.334990,501.735327,501.735327,5174419
2022-06-28,501.735327,503.870599,473.229465,475.252030,475.252030,4221456
2022-06-29,475.252030,476.374763,450.176413,451.242426,451.242426,4643759
2022-06-30,451.242426,451.301885,446.389235,446.448062,446.448062,6672140
2022-07-01,446.448062,453.676407,442.292224,449.492231,449.492231,4466819
2022-07-04,449.492231,449.654287,448.724900,448.886737,448.886737,6688694
2022-07-05,448.886737,450.787503,439.538866,441.407964,441.407964,6327576
2022-07-06,441.407964,441.686949,414.632668,414.894896,414.894896,5179483
2022-07-07,414.894896,415.358174,412.121276,412.581971,412.581971,4847022
2022-07-08,412.581971,414.587584,404.619375,406.595888,406.595888,5331076
2022-07-11,406.595888,406.602416,396.434755,396.441119,396.441119,16455389
2022-07-12,396.441119,397.205539,391.444918,392.201163,392.201163,5469347
2022-07-13,392.201163,392.715390,386.007026,386.513796,386.513796,4227411
2022-07-14,386.513796,388.693537,366.307015,368.384517,368.384517,4676554
2022-07-15,368.384517,373.033952,367.441620,372.081592,372.081592,4830131
2022-07-18,372.081592,375.902142,371.367926,375.182529,375.182529,5035633
2022-07-19,375.182529,378.349224,375.121680,378.287871,378.287871,5401596
2022-07-20,378.287871,382.038735,375.585612,379.329039,379.329039,5470036
2022-07-21,379.329039,387.230489,378.965130,386.859356,386.859356,4503576
2022-07-22,386.859356,391.135914,386.123492,390.393328,390.393328,6133307
2022-07-25,390.393328,395.227599,390.212262,395.044375,395.044375,5489496
2022-07-26,395.044375,398.661786,392.155622,395.767743,395.767743,10861903
2022-07-27,395.767743,401.304581,393.063491,398.581106,398.581106,3473135
2022-07-28,398.581106,411.622240,397.797349,410.814428,410.814428,7761944
2022-07-29,410.814428,411.741982,409.403995,410.330456,410.330456,3215808
2022-08-01,410.330456,421.186329,409.093423,419.920385,419.920385,6423634
2022-08-02,419.920385,422.248276,418.549610,420.874386,420.874386,6293254
2022-08-03,420.874386,426.462131,419.571498,425.146019,425.146019,3459021
2022-08-04,425.146019,436.363460,421.670043,432.824703,432.824703,5402634
2022-08-05,432.824703,433.378504,428.083111,428.631546,428.631546,3483688
2022-08-08,428.631546,431.173450,426.494743,429.034637,429.034637,6116901
2022-08-09,429.034637,439.011677,428.165599,438.124227,438.124227,3560694
2022-08-10,438.124227,441.136959,436.951095,439.958913,439.958913,5335415
2022-08-11,439.958913,442.289093,415.755159,417.968872,417.968872,9431348
2022-08-12,417.968872,418.258322,396.541566,396.816368,396.816368,7869078
2022-08-15,396.816368,397.892767,394.408256,395.481033,395.481033,4574716
2022-08-16,395.481033,396.779425,387.006730,388.281485,388.281485,6079603
2022-08-17,388.281485,397.821383,387.070091,396.584086,396.584086,12414158
2022-08-18,396.584086,397.411131,386.420771,387.228305,387.228305,7392982
2022-08-19,387.228305,387.328998,385.479708,385.579972,385.579972,6136280
2022-08-22,385.579972,388.458549,384.132285,387.005510,387.005510,5630214
2022-08-23,387.005510,389.123523,382.616904,384.722422,384.722422,8386696
2022-08-24,384.722422,415.147411,383.296295,413.614185,413.614185,4468780
2022-08-25,413.614185,416.359674,404.309903,407.011566,407.011566,5590609
2022-08-26,407.011566,407.325178,401.445262,401.754824,401.754824,5000040
2022-08-29,401.754824,402.498194,393.814788,394.544817,394.544817,10930810
2022-08-30,394.544817,396.491279,389.762391,391.694793,391.694793,4979116
2022-08-31,391.694793,395.370066,391.250052,394.921661,394.921661,5110957
2022-09-01,394.921661,397.674568,390.410055,393.150616,393.150616,9798922
2022-09-02,393.150616,398.903322,390.659594,396.391763,396.391763,3842886
2022-09-05,396.391763,413.554493,393.688131,410.752909,410.752909,4266083
2022-09-06,410.752909,412.417302,402.822245,404.461144,404.461144,13651907
2022-09-07,404.461144,407.149272,403.088532,405.772211,405.772211,4237502
2022-09-08,405.772211,406.396936,390.071868,390.673347,390.673347,9279745
2022-09-09,390.673347,396.126714,389.617517,395.059032,395.059032,6518688
2022-09-12,395.059032,395.561725,386.761579,387.254341,387.254341,4173324
2022-09-13,387.254341,387.395527,386.019610,386.160398,386.160398,9738242
2022-09-14,386.160398,386.775161,381.784476,382.393241,382.393241,4296451
2022-09-15,382.393241,384.459568,375.725879,377.767208,377.767208,4461865
2022-09-16,377.767208,378.583947,377.752968,378.569676,378.569676,6655949
2022-09-19,378.569676,387.594938,376.860940,385.853326,385.853326,5376204
2022-09-20,385.853326,396.121714,385.144809,395.395675,395.395675,6132932
2022-09-21,395.395675,395.476831,391.686628,391.767038,391.767038,7399370
2022-09-22,391.767038,396.016609,391.624515,395.872591,395.872591,6754285
2022-09-23,395.872591,406.000552,395.503585,405.622457,405.622457,7902419
2022-09-26,405.622457,406.415200,396.767468,397.544423,397.544423,8197013
2022-09-27,397.544423,404.301704,396.737991,403.483225,403.483225,5467620
2022-09-28,403.483225,403.597465,394.020864,394.132456,394.132456,4866050
2022-09-29,394.132456,399.755458,391.025631,396.628954,396.628954,5134620
2022-09-30,396.628954,397.050267,392.929585,393.347412,393.347412,5080590
2022-10-03,393.347412,396.028561,381.996736,384.618386,384.618386,3899587
2022-10-04,384.618386,388.312789,383.816702,387.505088,387.505088,6204508
2022-10-05,387.505088,392.878174,382.238012,387.609676,387.609676,3930852
2022-10-06,387.609676,389.211638,384.696270,386.292789,386.292789,8517768
2022-10-07,386.292789,387.124239,375.115560,375.924693,375.924693,4434264
2022-10-10,375.924693,376.975989,370.256932,371.295282,371.295282,4871931
2022-10-11,371.295282,384.281980,368.420179,381.329181,381.329181,5307018
2022-10-12,381.329181,381.391878,381.136885,381.199561,381.199561,7360229
2022-10-13,381.199561,397.392666,381.130950,397.321153,397.321153,4478118
2022-10-14,397.321153,399.939215,395.444838,398.059413,398.059413,6154048
2022-10-17,398.059413,398.182871,395.959138,396.081982,396.081982,3203919
2022-10-18,396.081982,408.835787,393.746382,406.439113,406.439113,5737344
2022-10-19,406.439113,406.737635,401.297830,401.592792,401.592792,4924263
2022-10-20,401.592792,403.848128,401.396653,403.650984,403.650984,6669074
2022-10-21,403.650984,405.284088,390.616921,392.203711,392.203711,4870419
2022-10-24,392.203711,401.485760,392.145466,401.426145,401.426145,6342081
2022-10-25,401.426145,402.874045,376.347451,377.709809,377.709809,2765445
2022-10-26,377.709809,380.629443,375.021066,377.939068,377.939068,4576312
2022-10-27,377.939068,383.672451,377.255272,382.979535,382.979535,7222847
2022-10-28,382.979535,389.835028,381.815550,388.653797,388.653797,5862818
2022-10-31,388.653797,402.192262,386.132579,399.600036,399.600036,4533216
2022-11-01,399.600036,400.045174,389.485888,389.920243,389.920243,6165145
2022-11-02,389.920243,390.857529,380.571645,381.488663,381.488663,5667553
2022-11-03,381.488663,384.180087,380.540892,383.227993,383.227993,3935109
2022-11-04,383.227993,385.084261,376.342296,378.174084,378.174084,7981339
2022-11-07,378.174084,379.391675,368.968048,370.159836,370.159836,3153535
2022-11-08,370.159836,371.764330,369.698340,371.301411,371.301411,5161775
2022-11-09,371.301411,375.954701,370.155785,374.798286,374.798286,9497886
2022-11-10,374.798286,375.784600,369.013305,369.986957,369.986957,5397655
2022-11-11,369.986957,374.823650,369.223389,374.051693,374.051693,7677126
2022-11-14,374.051693,374.618658,371.109476,371.672835,371.672835,7877279
2022-11-15,371.672835,385.124694,370.292097,383.699278,383.699278,3374207
2022-11-16,383.699278,384.109663,369.476255,369.871851,369.871851,5612345
2022-11-17,369.871851,370.735641,367.323419,368.183266,368.183266,5518789
2022-11-18,368.183266,368.457097,360.460975,360.729263,360.729263,5069510
2022-11-21,360.729263,361.266097,354.676102,355.204715,355.204715,11563296
2022-11-22,355.204715,358.004943,353.161317,355.957217,355.957217,5148476
2022-11-23,355.957217,357.801017,354.906075,356.747541,356.747541,3446886
2022-11-24,356.747541,358.075719,346.364453,347.658793,347.658793,8687687
2022-11-25,347.658793,352.734468,345.697408,350.755612,350.755612,5048454
2022-11-28,350.755612,351.772877,346.309451,347.316743,347.316743,7117663
2022-11-29,347.316743,350.380203,346.543863,349.602238,349.602238,9911792
2022-11-30,349.602238,386.987615,346.737649,383.842466,383.842466,10852292
2022-12-01,383.842466,391.745544,382.582954,390.464303,390.464303,8387747
2022-12-02,390.464303,391.290983,386.167034,386.986350,386.986350,9880759
2022-12-05,386.986350,388.825632,375.945895,377.741237,377.741237,7840092
2022-12-06,377.741237,381.697190,377.267228,381.218817,381.218817,6013296
2022-12-07,381.218817,382.704650,366.681064,368.115827,368.115827,6969718
2022-12-08,368.115827,369.677553,356.704610,358.224372,358.224372,3193653
2022-12-09,358.224372,359.130671,355.264945,356.166036,356.166036,3968232
2022-12-12,356.166036,358.166989,351.142452,353.126327,353.126327,7871472
2022-12-13,353.126327,359.685214,351.202364,357.736136,357.736136,9558582
2022-12-14,357.736136,358.243384,352.488919,352.989437,352.989437,4069967
2022-12-15,352.989437,354.781133,344.554583,346.312388,346.312388,6452449
2022-12-16,346.312388,352.151869,345.558391,351.386823,351.386823,3272453
2022-12-19,351.386823,351.509552,348.726008,348.847850,348.847850,10986695
2022-12-20,348.847850,350.491935,344.456650,346.087727,346.087727,7248601
2022-12-21,346.087727,352.197833,345.179816,351.276310,351.276310,14679298
2022-12-22,351.276310,352.818345,338.945475,340.439940,340.439940,4351795
2022-12-23,340.439940,346.559300,340.160623,346.275195,346.275195,8736968
2022-12-26,346.275195,351.008287,344.920897,349.640826,349.640826,7786098
2022-12-27,349.640826,350.321276,349.315903,349.996023,349.996023,5281246
2022-12-28,349.996023,350.204082,342.447836,342.651529,342.651529,5793594
2022-12-29,342.651529,351.435256,340.720728,349.466056,349.466056,5968538
2022-12-30,349.466056,352.037307,348.525481,351.092355,351.092355,7472430
2023-01-02,351.092355,353.260679,347.785166,349.946412,349.946412,5941238
2023-01-03,349.946412,352.950469,348.731370,351.729237,351.729237,3057767
2023-01-04,351.729237,351.736022,349.325021,349.331760,349.331760,4109676
2023-01-05,349.331760,363.284913,349.235011,363.184327,363.184327,4686795
2023-01-06,363.184327,371.276016,361.755908,369.821494,369.821494,3874673
2023-01-09,369.821494,380.844956,369.779591,380.801810,380.801810,4233289
2023-01-10,380.801810,381.819357,367.019892,368.003239,368.003239,7336681
2023-01-11,368.003239,368.947531,360.777762,361.705895,361.705895,4982329
2023-01-12,361.705895,372.684695,361.555988,372.530302,372.530302,5600498
2023-01-13,372.530302,380.354000,370.356232,378.147150,378.147150,7894679
2023-01-16,378.147150,390.864914,375.758841,388.411775,388.411775,6776147
2023-01-17,388.411775,388.730909,377.523926,377.834369,377.834369,8428696
2023-01-18,377.834369,378.806200,373.402801,374.365711,374.365711,7375950
2023-01-19,374.365711,378.779781,371.931586,376.332866,376.332866,7960776
2023-01-20,376.332866,380.805333,374.032025,378.491296,378.491296,4963463
2023-01-23,378.491296,379.209292,376.917726,377.634096,377.634096,5448740
2023-01-24,377.634096,395.406546,375.816351,393.512371,393.512371,4916154
2023-01-25,393.512371,399.253237,390.577351,396.297444,396.297444,8254158
2023-01-26,396.297444,413.371947,395.424670,412.463569,412.463569,3773205
2023-01-27,412.463569,413.382581,403.847864,404.749688,404.749688,4141523
2023-01-30,404.749688,414.445690,404.425235,414.113731,414.113731,4880999
2023-01-31,414.113731,414.641244,402.748476,403.262167,403.262167,6223196
2023-02-01,403.262167,403.439919,402.518618,402.696120,402.696120,7084616
2023-02-02,402.696120,411.492732,399.976148,408.731992,408.731992,8134265
2023-02-03,408.731992,418.218248,407.043994,416.498178,416.498178,6435400
2023-02-06,416.498178,423.386098,414.327785,421.191249,421.191249,8574683
2023-02-07,421.191249,433.300495,418.690145,430.742674,430.742674,8034848
2023-02-08,430.742674,436.662659,429.288244,435.193202,435.193202,7013751
2023-02-09,435.193202,443.982950,433.408228,442.169362,442.169362,7636099
2023-02-10,442.169362,443.390531,439.579234,440.796612,440.796612,4522637
2023-02-13,440.796612,449.659936,439.542375,448.384110,448.384110,5372928
2023-02-14,448.384110,450.287288,440.574801,442.452803,442.452803,10341789
2023-02-15,442.452803,442.716116,436.592334,436.852313,436.852313,3908102
2023-02-16,436.852313,437.724153,430.632629,431.493775,431.493775,4105358
2023-02-17,431.493775,434.032277,430.713074,433.248401,433.248401,4316414
2023-02-20,433.248401,435.963781,430.542652,433.257972,433.257972,4211973
2023-02-21,433.257972,446.602479,431.032659,444.320347,444.320347,4558188
2023-02-22,444.320347,446.076447,432.877594,434.595258,434.595258,5326343
2023-02-23,434.595258,435.528668,432.851831,433.783498,433.783498,4959262
2023-02-24,433.783498,439.873744,433.096420,439.178122,439.178122,6079214
2023-02-27,439.178122,447.289429,436.782810,444.863111,444.863111,7220466
2023-02-28,444.863111,445.417119,438.884265,439.431509,439.431509,7019708
2023-03-01,439.431509,440.754037,429.855198,431.152811,431.152811,5052090
2023-03-02,431.152811,432.886087,430.031829,431.763518,431.763518,4259505
2023-03-03,431.763518,437.099416,430.735246,436.060911,436.060911,5560396
2023-03-06,436.060911,437.254475,434.234994,435.426823,435.426823,6013151
2023-03-07,435.426823,437.135922,432.731587,434.436800,434.436800,4664294
2023-03-08,434.436800,450.220032,432.151598,447.864201,447.864201,5381380
2023-03-09,447.864201,449.283683,443.982555,445.394209,445.394209,4277798
2023-03-10,445.394209,447.934044,443.810351,446.346799,446.346799,5476922
2023-03-13,446.346799,457.645673,444.779759,456.044585,456.044585,7362460
2023-03-14,456.044585,459.756130,454.199407,457.903431,457.903431,4764954
2023-03-15,457.903431,464.954291,456.388570,463.421177,463.421177,7190280
2023-03-16,463.421177,476.391853,462.365735,475.309336,475.309336,3535906
2023-03-17,475.309336,475.725765,471.756586,472.170265,472.170265,10258843
2023-03-20,472.170265,474.084621,466.218988,468.116910,468.116910,10101612
2023-03-21,468.116910,473.132534,466.968647,471.974808,471.974808,4860008
2023-03-22,471.974808,474.086260,463.240353,465.322042,465.322042,9138234
2023-03-23,465.322042,467.494231,456.585912,458.727316,458.727316,6014831
2023-03-24,458.727316,464.705845,457.892918,463.862108,463.862108,10630630
2023-03-27,463.862108,464.060704,456.406829,456.602317,456.602317,4264726
2023-03-28,456.602317,466.160262,456.350059,465.902866,465.902866,9363504
2023-03-29,465.902866,466.078399,465.816300,465.991817,465.991817,4574624
2023-03-30,465.991817,477.213112,464.064766,475.247784,475.247784,13416627
2023-03-31,475.247784,479.286654,462.518290,466.482670,466.482670,4456857
2023-04-03,466.482670,468.944359,466.352151,468.813188,468.813188,5251602
2023-04-04,468.813188,469.765593,462.640996,463.582776,463.582776,7598967
2023-04-05,463.582776,466.821685,461.350082,464.584169,464.584169,7268998
2023-04-06,464.584169,471.558319,462.723184,469.676934,469.676934,2794058
2023-04-07,469.676934,469.757748,468.108356,468.188914,468.188914,7867459
2023-04-10,468.188914,469.123881,448.639735,449.537455,449.537455,3086073
2023-04-11,449.537455,451.122035,442.329295,443.893983,443.893983,7940562
2023-04-12,443.893983,461.297714,442.447134,459.799023,459.799023,7998168
2023-04-13,459.799023,461.827487,454.117247,456.129522,456.129522,3493428
2023-04-14,456.129522,468.415269,455.134925,467.396104,467.396104,5166738
2023-04-17,467.396104,475.723713,467.318845,475.645089,475.645089,6985633
2023-04-18,475.645089,483.570450,472.840392,480.735735,480.735735,7756725
2023-04-19,480.735735,481.141480,480.550178,480.955837,480.955837,4600069
2023-04-20,480.955837,485.825880,479.048736,483.907077,483.907077,7032153
2023-04-21,483.907077,484.270341,462.425968,462.773367,462.773367,6124386
2023-04-24,462.773367,465.726357,454.908592,457.830038,457.830038,4932460
2023-04-25,457.830038,472.305325,453.436787,467.816247,467.816247,9437229
2023-04-26,467.816247,470.788856,466.521306,469.489284,469.489284,7001861
2023-04-27,469.489284,474.645722,454.770597,459.820845,459.820845,5055780
2023-04-28,459.820845,468.237141,459.136168,467.540969,467.540969,6468088
2023-05-01,467.540969,477.658093,465.452386,475.533805,475.533805,5743734
2023-05-02,475.533805,483.899087,471.001551,479.330645,479.330645,3712562
2023-05-03,479.330645,479.890682,475.367947,475.924003,475.924003,4994174
2023-05-04,475.924003,476.001413,473.809056,473.886134,473.886134,9989483
2023-05-05,473.886134,476.957526,470.999015,474.069291,474.069291,5841208
2023-05-08,474.069291,477.233989,474.040874,477.205383,477.205383,5316374
2023-05-09,477.205383,482.397823,476.949715,482.139511,482.139511,7108398
2023-05-10,482.139511,493.218310,480.182777,491.224705,491.224705,3258789
2023-05-11,491.224705,497.302880,491.005359,497.080919,497.080919,4406536
2023-05-12,497.080919,513.719997,495.120966,511.702392,511.702392,4848989
2023-05-15,511.702392,513.375540,509.981842,511.654835,511.654835,11773430
2023-05-16,511.654835,543.551677,511.045026,542.904624,542.904624,9317066
2023-05-17,542.904624,545.395117,527.255536,529.685388,529.685388,3157258
2023-05-18,529.685388,536.062730,524.754853,531.118852,531.118852,5843346
2023-05-19,531.118852,531.380326,524.108477,524.366627,524.366627,5617040
2023-05-22,524.366627,530.677482,523.072286,529.370788,529.370788,11826671
2023-05-23,529.370788,529.524332,525.653125,525.805635,525.805635,6597801
2023-05-24,525.805635,546.702879,524.218792,545.057934,545.057934,7889566
2023-05-25,545.057934,547.913797,522.486391,525.238408,525.238408,8229331
2023-05-26,525.238408,527.220194,506.953872,508.873913,508.873913,6044331
2023-05-29,508.873913,514.265959,507.373843,512.754450,512.754450,5423660
2023-05-30,512.754450,513.624159,504.576922,505.434215,505.434215,4578941
2023-05-31,505.434215,513.642098,500.978345,509.153439,509.153439,6607946
2023-06-01,509.153439,510.372160,492.600830,493.782760,493.782760,4459819
2023-06-02,493.782760,516.249492,489.881954,512.203168,512.203168,4197441
2023-06-05,512.203168,514.960415,508.590632,511.343250,511.343250,5251734
2023-06-06,511.343250,513.645901,506.672971,508.964913,508.964913,9064588
2023-06-07,508.964913,516.306239,507.271040,514.593633,514.593633,9186278
2023-06-08,514.593633,521.134571,512.886214,519.411168,519.411168,4749905
2023-06-09,519.411168,519.720107,503.971406,504.271340,504.271340,5264607
2023-06-12,504.271340,508.309102,487.329466,491.263068,491.263068,3779122
2023-06-13,491.263068,492.075452,488.396154,489.205135,489.205135,5454524
2023-06-14,489.205135,490.062232,476.368964,477.205037,477.205037,5157025
2023-06-15,477.205037,489.305732,476.275837,488.354822,488.354822,5566945
2023-06-16,488.354822,500.758688,488.264087,500.665665,500.665665,8558285
2023-06-19,500.665665,501.614050,500.085407,501.033365,501.033365,8002560
2023-06-20,501.033365,515.716983,500.569607,515.240076,515.240076,6143726
2023-06-21,515.240076,516.903596,511.357113,513.013444,513.013444,7757921
2023-06-22,513.013444,517.298252,506.312404,510.576862,510.576862,6467588
2023-06-23,510.576862,516.973996,509.704140,516.091848,516.091848,3999222
2023-06-26,516.091848,517.859857,511.460237,513.218402,513.218402,10216381
2023-06-27,513.218402,525.699126,511.723617,524.172437,524.172437,7533963
2023-06-28,524.172437,531.065332,510.331708,517.132021,517.132021,4279340
2023-06-29,517.132021,518.410299,503.458124,504.705685,504.705685,5787598
2023-06-30,504.705685,516.244017,504.658500,516.195758,516.195758,6254691
2023-07-03,516.195758,525.919510,516.182980,525.906491,525.906491,5634336
2023-07-04,525.906491,529.384505,523.018047,526.492840,526.492840,5801964
2023-07-05,526.492840,529.181362,514.483491,517.124172,517.124172,6058089
2023-07-06,517.124172,519.707806,513.335517,515.913100,515.913100,6705690
2023-07-07,515.913100,519.302581,512.914441,516.301663,516.301663,7470375
2023-07-10,516.301663,526.632417,513.536056,523.826502,523.826502,10802441
2023-07-11,523.826502,525.830362,523.673455,525.676775,525.676775,3795907
2023-07-12,525.676775,526.432681,522.187809,522.939780,522.939780,9876144
2023-07-13,522.939780,523.929618,515.220510,516.197587,516.197587,7593550
2023-07-14,516.197587,525.175793,512.619842,521.560875,521.560875,6357045
2023-07-17,521.560875,528.872618,517.735108,525.021466,525.021466,4415607
2023-07-18,525.021466,529.249060,515.821503,520.008733,520.008733,6734944
2023-07-19,520.008733,534.035291,519.127899,533.132228,533.132228,4529492
2023-07-20,533.132228,544.534685,532.961056,544.359909,544.359909,5937680
2023-07-21,544.359909,549.226897,539.250807,544.115611,544.115611,13335492
2023-07-24,544.115611,546.120017,540.543043,542.541651,542.541651,8330877
2023-07-25,542.541651,555.869526,541.479751,554.783666,554.783666,7224264
2023-07-26,554.783666,559.500408,551.299722,556.008771,556.008771,6744579
2023-07-27,556.008771,562.956773,554.230449,561.161969,561.161969,4857156
2023-07-28,561.161969,571.841934,560.585892,571.255495,571.255495,3142155
2023-07-31,571.255495,582.364613,567.809799,578.872970,578.872970,9616042
2023-08-01,578.872970,584.389679,578.115134,583.625621,583.625621,6613086
2023-08-02,583.625621,584.052133,575.816328,576.237440,576.237440,6556980
2023-08-03,576.237440,580.595120,576.117021,580.473815,580.473815,7246481
2023-08-04,580.473815,580.819942,569.924186,570.264225,570.264225,6703059
2023-08-07,570.264225,581.634834,568.502666,579.843684,579.843684,4580848
2023-08-08,579.843684,585.309190,578.755363,584.212669,584.212669,5312808
2023-08-09,584.212669,585.866808,572.526122,574.151775,574.151775,5176289
2023-08-10,574.151775,575.460775,551.263041,552.522730,552.522730,2150722
2023-08-11,552.522730,556.637247,543.204797,547.280275,547.280275,2996581
2023-08-14,547.280275,548.617813,545.556021,546.892612,546.892612,5579221
2023-08-15,546.892612,548.061510,546.608489,547.776928,547.776928,2931979
2023-08-16,547.776928,550.531784,544.679867,547.432994,547.432994,7495278
2023-08-17,547.432994,548.653846,543.250167,544.464399,544.464399,5348574
2023-08-18,544.464399,547.076141,536.029707,538.613382,538.613382,8063575
2023-08-21,538.613382,541.071484,536.845138,539.300982,539.300982,3818151
2023-08-22,539.300982,539.769727,519.176092,519.627737,519.627737,6516282
2023-08-23,519.627737,525.655942,518.365617,524.382273,524.382273,9168340
2023-08-24,524.382273,527.747792,508.094702,511.376750,511.376750,6769061
2023-08-25,511.376750,513.719274,503.256333,505.572268,505.572268,4929408
2023-08-28,505.572268,506.890359,498.575391,499.878639,499.878639,7117738
2023-08-29,499.878639,504.972256,491.309579,496.367418,496.367418,4417432
2023-08-30,496.367418,498.809466,494.619531,497.059143,497.059143,10988680
2023-08-31,497.059143,497.965038,482.229540,483.110012,483.110012,12422174
2023-09-01,483.110012,486.739433,466.617508,470.149562,470.149562,11561351
2023-09-04,470.149562,480.648943,468.701940,479.173535,479.173535,4593581
2023-09-05,479.173535,484.004435,476.890532,481.709351,481.709351,6506114
2023-09-06,481.709351,490.984908,481.502484,490.774148,490.774148,5808687
2023-09-07,490.774148,491.414869,489.235425,489.874971,489.874971,6741019
2023-09-08,489.874971,496.268271,489.504203,495.892948,495.892948,5421913
2023-09-11,495.892948,503.117651,494.438880,501.646712,501.646712,3529677
2023-09-12,501.646712,517.478749,499.220331,514.987840,514.987840,9683373
2023-09-13,514.987840,523.281160,513.209708,521.480610,521.480610,7685674
2023-09-14,521.480610,524.501287,499.693396,502.604734,502.604734,10815705
2023-09-15,502.604734,506.370015,496.262423,500.008252,500.008252,7111015
2023-09-18,500.008252,500.611782,475.727571,476.302488,476.302488,8023112
2023-09-19,476.302488,476.626624,467.176939,467.495082,467.495082,6620912
2023-09-20,467.495082,478.954657,466.052372,477.481130,477.481130,3840286
2023-09-21,477.481130,483.903837,476.498969,482.910508,482.910508,6457403
2023-09-22,482.910508,551.208941,479.806875,547.688982,547.688982,5942284
2023-09-25,547.688982,554.441344,547.448848,554.198357,554.198357,8171107
2023-09-26,554.198357,555.437653,551.719253,552.955771,552.955771,8343692
2023-09-27,552.955771,571.857210,549.345197,568.147442,568.147442,5529546
2023-09-28,568.147442,570.404233,564.482060,566.733233,566.733233,8509274
2023-09-29,566.733233,595.796260,565.709799,594.722282,594.722282,3283781
2023-10-02,594.722282,597.833136,593.644137,596.751313,596.751313,5512744
2023-10-03,596.751313,599.374764,593.427345,596.047702,596.047702,7005321
2023-10-04,596.047702,599.082732,585.873292,588.871782,588.871782,6112547
2023-10-05,588.871782,605.271080,588.240796,604.623216,604.623216,3860998
2023-10-06,604.623216,609.446793,603.824234,608.642500,608.642500,10612188
2023-10-09,608.642500,609.314918,601.916742,602.582465,602.582465,8163760
2023-10-10,602.582465,605.632301,589.738993,592.739009,592.739009,10840888
2023-10-11,592.739009,595.527615,582.622147,585.376114,585.376114,5006130
2023-10-12,585.376114,590.789268,572.449920,577.792950,577.792950,4612823
2023-10-13,577.792950,578.428038,575.677928,576.311387,576.311387,5169074
2023-10-16,576.311387,579.205522,569.284407,572.157684,572.157684,4808339
2023-10-17,572.157684,576.999924,570.005196,574.837356,574.837356,5380304
2023-10-18,574.837356,579.494330,571.867211,576.515514,576.515514,3480957
2023-10-19,576.515514,581.228807,574.616870,579.320924,579.320924,5065045
2023-10-20,579.320924,582.225854,575.867778,578.769946,578.769946,4353910
2023-10-23,578.769946,579.051465,575.952565,576.232851,576.232851,4006910
2023-10-24,576.232851,578.045910,569.617126,571.415026,571.415026,6145580
2023-10-25,571.415026,589.686452,570.752039,589.003058,589.003058,4487121
2023-10-26,589.003058,591.006228,576.457352,578.424545,578.424545,8957397
2023-10-27,578.424545,590.895499,577.428291,589.879516,589.879516,9209918
2023-10-30,589.879516,593.050875,588.169627,591.336762,591.336762,5447958
2023-10-31,591.336762,595.610699,581.292287,585.524213,585.524213,7763251
2023-11-01,585.524213,590.278175,585.474539,590.228102,590.228102,3275332
2023-11-02,590.228102,591.094750,586.145376,587.007295,587.007295,5423088
2023-11-03,587.007295,587.067867,575.613045,575.672447,575.672447,3701687
2023-11-06,575.672447,577.056879,564.497403,565.858233,565.858233,5854115
2023-11-07,565.858233,566.052795,561.713617,561.906821,561.906821,4215388
2023-11-08,561.906821,571.168980,560.551860,569.794998,569.794998,8037555
2023-11-09,569.794998,571.257227,552.878909,554.301377,554.301377,9860136
2023-11-10,554.301377,556.951595,542.759718,545.367220,545.367220,3083817
2023-11-13,545.367220,547.191826,540.349236,542.163122,542.163122,4329087
2023-11-14,542.163122,544.374225,538.453442,540.658408,540.658408,5331637
2023-11-15,540.658408,542.934058,529.566702,531.805088,531.805088,5951965
2023-11-16,531.805088,535.068677,524.104579,527.340771,527.340771,4789775
2023-11-17,527.340771,533.506425,526.195592,532.350367,532.350367,4212543
2023-11-20,532.350367,534.444535,518.025671,520.071536,520.071536,5257469
2023-11-21,520.071536,521.840303,515.737946,517.497960,517.497960,2748398
2023-11-22,517.497960,518.418863,515.347052,516.265762,516.265762,6608032
2023-11-23,516.265762,518.966730,511.138454,513.826661,513.826661,4475955
2023-11-24,513.826661,524.718457,510.826080,521.672060,521.672060,5570816
2023-11-27,521.672060,525.398416,507.807908,511.461327,511.461327,5069380
2023-11-28,511.461327,514.678301,495.378883,498.514424,498.514424,7445805
2023-11-29,498.514424,500.955187,497.320495,499.758279,499.758279,7016656
2023-11-30,499.758279,505.072861,497.054817,502.355351,502.355351,6897476
2023-12-01,502.355351,503.194622,498.421428,499.255520,499.255520,4468455
2023-12-04,499.255520,500.475756,496.673590,497.890490,497.890490,2905544
2023-12-05,497.890490,500.115685,479.307211,481.458970,481.458970,4565253
2023-12-06,481.458970,494.090118,479.715853,492.307723,492.307723,6456789
2023-12-07,492.307723,497.339893,482.296319,487.277068,487.277068,8314602
2023-12-08,487.277068,491.954475,486.509681,491.180939,491.180939,6926386
2023-12-11,491.180939,491.922525,482.301636,483.030917,483.030917,3159739
2023-12-12,483.030917,492.950451,483.017844,492.937111,492.937111,4397212
2023-12-13,492.937111,494.275428,482.099243,483.411698,483.411698,5853778
2023-12-14,483.411698,485.598958,478.064691,480.237589,480.237589,6900562
2023-12-15,480.237589,480.431836,471.779550,471.970453,471.970453,4698048
2023-12-18,471.970453,474.262269,459.324072,461.565363,461.565363,3889375
2023-12-19,461.565363,463.531126,461.214988,463.179526,463.179526,6642508
2023-12-20,463.179526,464.051576,462.498501,463.370271,463.370271,5204788
2023-12-21,463.370271,464.659087,454.573735,455.841611,455.841611,8350218
2023-12-22,455.841611,456.616003,448.780803,449.544498,449.544498,10129849
2023-12-25,449.544498,454.489905,446.328772,451.261894,451.261894,3823825
2023-12-26,451.261894,460.346695,446.630206,455.669766,455.669766,6152401
2023-12-27,455.669766,457.495190,442.684609,444.465148,444.465148,10606448
2023-12-28,444.465148,460.234308,443.380046,459.113445,459.113445,5193938
2023-12-29,459.113445,459.621066,456.032701,456.537474,456.537474,4663388
2024-01-01,456.537474,458.175850,448.854044,450.470649,450.470649,9704704
2024-01-02,450.470649,452.230832,444.901169,446.646409,446.646409,2973538
2024-01-03,446.646409,455.366562,445.886808,454.593445,454.593445,6902512
2024-01-04,454.593445,473.697923,452.752954,471.787818,471.787818,14620079
2024-01-05,471.787818,472.340124,467.337057,467.884794,467.884794,3682999
2024-01-08,467.884794,471.094068,467.238932,470.444673,470.444673,7153966
2024-01-09,470.444673,481.305674,466.669835,477.474430,477.474430,8116965
2024-01-10,477.474430,477.778183,462.690438,462.984973,462.984973,2549797
2024-01-11,462.984973,474.276598,459.185273,470.415912,470.415912,3933960
2024-01-12,470.415912,470.727152,464.933965,465.241781,465.241781,11378171
2024-01-15,465.241781,469.915625,462.560546,467.222973,467.222973,8074457
2024-01-16,467.222973,482.613342,466.904298,482.284395,482.284395,6998709
2024-01-17,482.284395,484.687215,476.336295,478.721365,478.721365,5160296
2024-01-18,478.721365,482.104658,471.046286,474.399032,474.399032,3900788
2024-01-19,474.399032,476.180265,472.802696,474.583309,474.583309,7059814
2024-01-22,474.583309,483.569422,472.690626,481.648561,481.648561,7721834
2024-01-23,481.648561,483.495328,469.209007,471.015003,471.015003,3927514
2024-01-24,471.015003,476.236122,468.531015,473.737775,473.737775,5017109
2024-01-25,473.737775,473.906804,466.022975,466.189310,466.189310,10289140
2024-01-26,466.189310,473.199024,466.114943,473.123551,473.123551,7679564
2024-01-29,473.123551,473.488537,460.174902,460.530173,460.530173,7051511
2024-01-30,460.530173,461.714878,434.769039,435.890359,435.890359,3631786
2024-01-31,435.890359,436.226942,424.603046,424.931167,424.931167,6522156
2024-02-01,424.931167,425.083251,420.254649,420.405114,420.405114,5276912
2024-02-02,420.405114,439.444060,417.346063,436.269573,436.269573,4842712
2024-02-05,436.269573,443.540674,435.541241,442.801438,442.801438,14142980
2024-02-06,442.801438,447.723276,439.530658,444.440390,444.440390,10618440
2024-02-07,444.440390,448.041014,443.491843,447.086819,447.086819,6307171
2024-02-08,447.086819,448.950160,441.271127,443.117927,443.117927,7128737
2024-02-09,443.117927,443.328599,438.594750,438.803371,438.803371,16518722
2024-02-12,438.803371,445.977425,438.353054,445.520215,445.520215,5142839
2024-02-13,445.520215,445.938332,440.948927,441.363143,441.363143,4611882
2024-02-14,441.363143,451.742798,437.529444,447.852730,447.852730,5960775
2024-02-15,447.852730,449.530939,424.803975,426.401802,426.401802,5623729
2024-02-16,426.401802,428.521072,421.913313,424.020749,424.020749,8165212
2024-02-19,424.020749,424.304189,421.330194,421.612024,421.612024,8827216
2024-02-20,421.612024,431.961890,418.796533,429.096420,429.096420,6402005
2024-02-21,429.096420,429.788224,421.265428,421.945703,421.945703,8233066
2024-02-22,421.945703,423.366748,419.316336,420.733297,420.733297,7235014
2024-02-23,420.733297,423.457134,419.780035,422.499869,422.499869,4706380
2024-02-26,422.499869,428.885773,420.836409,427.203793,427.203793,5845591
2024-02-27,427.203793,432.345754,426.882042,432.020376,432.020376,4847851
2024-02-28,432.020376,432.203194,428.187291,428.368564,428.368564,5334887
2024-02-29,428.368564,430.942601,428.000206,430.572347,430.572347,3461797
2024-03-01,430.572347,434.735238,420.037234,424.137915,424.137915,7250939
2024-03-04,424.137915,432.930269,423.240279,432.015960,432.015960,14160449
2024-03-05,432.015960,433.689022,431.535946,433.207683,433.207683,4556044
2024-03-06,433.207683,436.439805,431.889363,435.115678,435.115678,7632102
2024-03-07,435.115678,435.804211,426.761274,427.437657,427.437657,7540594
2024-03-08,427.437657,429.914483,423.070119,425.535925,425.535925,4988643
2024-03-11,425.535925,426.059568,424.208941,424.731594,424.731594,11156273
2024-03-12,424.731594,425.142102,422.440636,422.849324,422.849324,3467554
2024-03-13,422.849324,424.494056,421.580918,423.224525,423.224525,3252620
2024-03-14,423.224525,423.935678,416.909924,417.611645,417.611645,6034998
2024-03-15,417.611645,432.237422,416.245588,430.828132,430.828132,11448968
2024-03-18,430.828132,433.002377,429.212956,431.385113,431.385113,5365259
2024-03-19,431.385113,444.035184,430.095519,442.711730,442.711730,6820575
2024-03-20,442.711730,446.216488,440.594983,444.093136,444.093136,7914736
2024-03-21,444.093136,452.515266,440.961070,449.346152,449.346152,4779030
2024-03-22,449.346152,449.874637,446.744772,447.270816,447.270816,4795804
2024-03-25,447.270816,451.449665,445.151555,449.320691,449.320691,7900997
2024-03-26,449.320691,453.970038,448.812470,453.457139,453.457139,6679333
2024-03-27,453.457139,454.406337,446.711257,447.648296,447.648296,8924802
2024-03-28,447.648296,450.471876,443.444307,446.259124,446.259124,4391541
2024-03-29,446.259124,452.986452,445.737161,452.457238,452.457238,5622189
2024-04-01,452.457238,455.002182,452.382296,454.926831,454.926831,3745498
2024-04-02,454.926831,457.550802,449.337329,451.944095,451.944095,4290370
2024-04-03,451.944095,452.038777,447.787649,447.881479,447.881479,5600415
2024-04-04,447.881479,474.924034,447.555709,474.578846,474.578846,2743184
2024-04-05,474.578846,476.986450,464.537045,466.905723,466.905723,5038341
2024-04-08,466.905723,472.063855,458.144962,463.262849,463.262849,4724726
2024-04-09,463.262849,465.912899,454.331733,456.945646,456.945646,7109034
2024-04-10,456.945646,457.159102,455.935902,456.148986,456.148986,8119391
2024-04-11,456.148986,459.199684,446.679706,449.687188,449.687188,4277072
2024-04-12,449.687188,449.927294,448.606814,448.846471,448.846471,12245104
2024-04-15,448.846471,453.306113,435.761543,440.134626,440.134626,5864079
2024-04-16,440.134626,441.248658,438.711777,439.825025,439.825025,6875734
2024-04-17,439.825025,440.993135,435.261401,436.420468,436.420468,5223911
2024-04-18,436.420468,437.269713,431.426706,432.267869,432.267869,7797713
2024-04-19,432.267869,437.647755,432.162821,437.541425,437.541425,7300478
2024-04-22,437.541425,437.807780,436.294444,436.560202,436.560202,6289273
2024-04-23,436.560202,436.589931,427.623981,427.653104,427.653104,6586581
2024-04-24,427.653104,437.909375,426.988523,437.229911,437.229911,3741381
2024-04-25,437.229911,439.732844,437.125086,439.627444,439.627444,4180768
2024-04-26,439.627444,442.195653,435.106419,437.663154,437.663154,4975375
2024-04-29,437.663154,447.224885,436.436937,445.975379,445.975379,5824986
2024-04-30,445.975379,450.292741,444.916129,449.225770,449.225770,6866292
2024-05-01,449.225770,449.379807,445.143892,445.296581,445.296581,7374335
2024-05-02,445.296581,448.748688,444.657602,448.105677,448.105677,6789676
2024-05-03,448.105677,457.049956,448.050518,456.993703,456.993703,5660164
2024-05-06,456.993703,458.315732,453.340868,454.656135,454.656135,4789422
2024-05-07,454.656135,466.063016,451.240694,462.587989,462.587989,7570519
2024-05-08,462.587989,475.765110,459.956672,473.074145,473.074145,7826987
2024-05-09,473.074145,476.131202,468.411429,471.458043,471.458043,5746361
2024-05-10,471.458043,472.285641,459.979334,460.788202,460.788202,3543570
2024-05-13,460.788202,462.566311,431.812228,433.484978,433.484978,5570430
2024-05-14,433.484978,434.743261,406.714994,407.899008,407.899008,7055691
2024-05-15,407.899008,409.389331,407.256733,408.745723,408.745723,4710476
2024-05-16,408.745723,412.062715,408.076629,411.389293,411.389293,7655895
2024-05-17,411.389293,412.261100,410.564577,411.436289,411.436289,4978847
2024-05-20,411.436289,417.457474,409.863162,415.867405,415.867405,5833781
2024-05-21,415.867405,416.217183,410.479332,410.824869,410.824869,8057608
2024-05-22,410.824869,410.944187,403.792729,403.910039,403.910039,2907250
2024-05-23,403.910039,404.548540,400.054972,400.688380,400.688380,5806037
2024-05-24,400.688380,401.975100,400.326004,401.611889,401.611889,6005587
2024-05-27,401.611889,411.690743,400.526952,410.581575,410.581575,9355475
2024-05-28,410.581575,427.012328,409.528478,425.919889,425.919889,2399540
2024-05-29,425.919889,428.764246,422.229138,425.067804,425.067804,6898663
2024-05-30,425.067804,429.765306,424.009342,428.697805,428.697805,7651194
2024-05-31,428.697805,436.051210,428.295437,435.642325,435.642325,4899544
2024-06-03,435.642325,436.725418,417.050517,418.089972,418.089972,6793073
2024-06-04,418.089972,427.194446,418.062154,427.166024,427.166024,5335807
2024-06-05,427.166024,427.877175,425.901367,426.611595,426.611595,10924204
2024-06-06,426.611595,428.502060,419.240777,421.106849,421.106849,11622691
2024-06-07,421.106849,423.407861,413.885615,416.159594,416.159594,3264725
2024-06-10,416.159594,426.515417,415.702251,426.047208,426.047208,6667032
2024-06-11,426.047208,429.349902,425.166173,428.463869,428.463869,7597020
2024-06-12,428.463869,434.174946,427.646195,433.347951,433.347951,6655578
2024-06-13,433.347951,436.193948,427.835973,430.664345,430.664345,8819770
2024-06-14,430.664345,432.195036,423.620064,425.131088,425.131088,5293953
2024-06-17,425.131088,425.845656,420.866911,421.575503,421.575503,3230454
2024-06-18,421.575503,421.944297,413.011438,413.373056,413.373056,3718689
2024-06-19,413.373056,414.670039,409.284947,410.573145,410.573145,5184439
2024-06-20,410.573145,415.343492,409.532808,414.293728,414.293728,4326752
2024-06-21,414.293728,414.953583,413.759754,414.419448,414.419448,2947399
2024-06-24,414.419448,417.507622,413.271229,416.354043,416.354043,8703476
2024-06-25,416.354043,428.040196,415.414478,427.076434,427.076434,6350179
2024-06-26,427.076434,432.234130,423.980167,429.123026,429.123026,5213485
2024-06-27,429.123026,431.489154,423.450670,425.798467,425.798467,4840166
2024-06-28,425.798467,426.938647,416.184788,417.302217,417.302217,5791974
2024-07-01,417.302217,418.870069,416.500196,418.066579,418.066579,4324299
2024-07-02,418.066579,418.503483,413.695589,414.128378,414.128378,4561522
2024-07-03,414.128378,416.032041,414.039827,415.943102,415.943102,4774583
2024-07-04,415.943102,416.343513,410.934762,411.330732,411.330732,6686535
2024-07-05,411.330732,416.112156,411.006430,415.784343,415.784343,5671096
2024-07-08,415.784343,415.972503,412.809432,412.996330,412.996330,3952541
2024-07-09,412.996330,418.916463,412.157874,418.067711,418.067711,6378336
2024-07-10,418.067711,422.616172,417.659375,422.203796,422.203796,9219887
2024-07-11,422.203796,422.591976,417.043483,417.427272,417.427272,8798206
2024-07-12,417.427272,418.176441,410.272780,411.010433,411.010433,5182567
2024-07-15,411.010433,412.477920,408.453637,409.917221,409.917221,7846908
2024-07-16,409.917221,417.895262,409.157917,417.122612,417.122612,10955040
2024-07-17,417.122612,429.830736,412.669308,425.290233,425.290233,4174785
2024-07-18,425.290233,426.355952,423.769497,424.834073,424.834073,5221792
2024-07-19,424.834073,426.692139,424.130222,425.986379,425.986379,4774177
2024-07-22,425.986379,430.028445,424.975555,429.010444,429.010444,3175849
2024-07-23,429.010444,431.089474,409.176900,411.169471,411.169471,4281398
2024-07-24,411.169471,413.866198,405.046669,407.720778,407.720778,5239345
2024-07-25,407.720778,408.354511,407.647091,408.280722,408.280722,3009629
2024-07-26,408.280722,415.410106,407.965548,415.089676,415.089676,5037764
2024-07-29,415.089676,428.703579,412.922546,426.476998,426.476998,7598684
2024-07-30,426.476998,428.171519,421.533888,423.215450,423.215450,6606071
2024-07-31,423.215450,425.348050,419.746026,421.871857,421.871857,5658758
2024-08-01,421.871857,429.723108,421.343493,429.185584,429.185584,7968515
2024-08-02,429.185584,429.224583,427.158392,427.197210,427.197210,5265071
2024-08-05,427.197210,430.303111,420.780994,423.862652,423.862652,8989336
2024-08-06,423.862652,426.116439,414.239738,416.454132,416.454132,4728814
2024-08-07,416.454132,423.937781,415.306386,422.772621,422.772621,6732144
2024-08-08,422.772621,422.935572,422.031996,422.194724,422.194724,8107370
2024-08-09,422.194724,423.739177,418.541336,420.078046,420.078046,7662330
2024-08-12,420.078046,425.110300,418.751955,423.772546,423.772546,4538018
2024-08-13,423.772546,426.421032,418.148043,420.777813,420.777813,4467922
2024-08-14,420.777813,422.358529,404.192586,405.716723,405.716723,12611116
2024-08-15,405.716723,414.427488,404.404324,413.091234,413.091234,7425077
2024-08-16,413.091234,414.435438,408.753254,410.087684,410.087684,5083488
2024-08-19,410.087684,413.752203,409.701674,413.363109,413.363109,2908879
2024-08-20,413.363109,431.937292,411.725319,430.232663,430.232663,6406927
2024-08-21,430.232663,430.542290,411.466838,411.763173,411.763173,3926886
2024-08-22,411.763173,419.850676,411.733973,419.820904,419.820904,4813178
2024-08-23,419.820904,420.302561,417.768596,418.248449,418.248449,3020126
2024-08-26,418.248449,430.189978,418.135068,430.073392,430.073392,6619020
2024-08-27,430.073392,431.728387,429.030515,430.684029,430.684029,2353401
2024-08-28,430.684029,438.627280,429.760167,437.688392,437.688392,7159208
2024-08-29,437.688392,444.372592,436.132272,442.798304,442.798304,6756155
2024-08-30,442.798304,443.022682,436.981252,437.202795,437.202795,3592107
2024-09-02,437.202795,445.209453,434.999866,442.977428,442.977428,13540326
2024-09-03,442.977428,446.614326,442.667973,446.302547,446.302547,14545065
2024-09-04,446.302547,447.398112,442.245488,443.333766,443.333766,6614243
2024-09-05,443.333766,460.018719,441.533956,458.158724,458.158724,4510445
2024-09-06,458.158724,461.770398,456.517854,460.122495,460.122495,5586944
2024-09-09,460.122495,462.065330,455.443078,457.374309,457.374309,7122133
2024-09-10,457.374309,459.101643,454.095082,455.816533,455.816533,5998596
2024-09-11,455.816533,466.919312,454.106993,465.174674,465.174674,6415029
2024-09-12,465.174674,484.777792,464.863774,484.454007,484.454007,3985727
2024-09-13,484.454007,490.493963,483.591816,489.622573,489.622573,6030300
2024-09-16,489.622573,498.824685,489.567457,498.768541,498.768541,6422070
2024-09-17,498.768541,498.899081,496.160524,496.290416,496.290416,9364179
2024-09-18,496.290416,498.316530,496.114508,498.139967,498.139967,6334218
2024-09-19,498.139967,511.727789,496.374308,509.920374,509.920374,5170273
2024-09-20,509.920374,511.322847,499.671149,501.049224,501.049224,6890505
2024-09-23,501.049224,503.487418,499.243576,501.679499,501.679499,5047796
2024-09-24,501.679499,501.926168,489.766049,490.006979,490.006979,5152670
2024-09-25,490.006979,492.098885,483.655118,485.728759,485.728759,5826316
2024-09-26,485.728759,496.382975,484.919177,495.557011,495.557011,8138710
2024-09-27,495.557011,497.703205,492.824506,494.968149,494.968149,6630540
2024-09-30,494.968149,495.514026,494.173474,494.719077,494.719077,10327491
2024-10-01,494.719077,495.999898,491.913647,493.190510,493.190510,8716898
2024-10-02,493.190510,494.766789,485.917148,487.475160,487.475160,10633405
2024-10-03,487.475160,489.088624,486.824196,488.436376,488.436376,6630121
2024-10-04,488.436376,491.552589,464.182210,467.162696,467.162696,10458228
2024-10-07,467.162696,478.187376,466.348728,477.355647,477.355647,10564257
2024-10-08,477.355647,494.052274,475.097530,491.726177,491.726177,8842521
2024-10-09,491.726177,495.117238,490.278121,493.663477,493.663477,5429633
2024-10-10,493.663477,534.101126,493.113624,533.506895,533.506895,6093132
2024-10-11,533.506895,538.917931,530.756539,536.153929,536.153929,4078698
2024-10-14,536.153929,543.145593,532.551004,539.520048,539.520048,4523074
2024-10-15,539.520048,556.323062,533.862052,550.549400,550.549400,5229847
2024-10-16,550.549400,563.159320,549.715755,562.307871,562.307871,6218583
2024-10-17,562.307871,563.285618,548.220410,549.175322,549.175322,6448390
2024-10-18,549.175322,573.503994,548.240560,572.529480,572.529480,6064057
2024-10-21,572.529480,578.412288,571.559659,577.434158,577.434158,3010748
2024-10-22,577.434158,587.939077,575.227610,585.700939,585.700939,8768024
2024-10-23,585.700939,594.613308,585.671875,594.583803,594.583803,4630398
2024-10-24,594.583803,596.626663,591.065307,593.103080,593.103080,4261647
2024-10-25,593.103080,594.252050,574.372794,575.487638,575.487638,4375170
2024-10-28,575.487638,577.914180,572.154312,574.577014,574.577014,11037849
2024-10-29,574.577014,577.922734,561.594821,564.884101,564.884101,4225323
2024-10-30,564.884101,565.357451,564.321931,564.795207,564.795207,4446550
2024-10-31,564.795207,567.754186,556.063043,558.991617,558.991617,9637239
2024-11-01,558.991617,568.439389,558.445619,567.884705,567.884705,7034763
2024-11-04,567.884705,568.840652,549.563032,550.489697,550.489697,4086402
2024-11-05,550.489697,551.479213,544.668802,545.649617,545.649617,5950689
2024-11-06,545.649617,546.116448,542.003238,542.467347,542.467347,4392828
2024-11-07,542.467347,548.412262,541.709975,547.647658,547.647658,7092453
2024-11-08,547.647658,563.018496,544.644711,559.948101,559.948101,6754720
2024-11-11,559.948101,563.004147,554.721861,557.765998,557.765998,7978513
2024-11-12,557.765998,578.313567,554.068285,574.504884,574.504884,4468209
2024-11-13,574.504884,574.864834,571.927249,572.285808,572.285808,11007366
2024-11-14,572.285808,573.395616,565.352454,566.450947,566.450947,5562416
2024-11-15,566.450947,569.048145,541.708281,544.203474,544.203474,11468718
2024-11-18,544.203474,546.493160,538.758229,541.034583,541.034583,4590145
2024-11-19,541.034583,542.837781,526.386814,528.147060,528.147060,6280402
2024-11-20,528.147060,530.590754,520.563962,522.983765,522.983765,3343938
2024-11-21,522.983765,526.823810,511.885850,515.672209,515.672209,6826205
2024-11-22,515.672209,529.343460,514.720895,528.368724,528.368724,3563302
2024-11-25,528.368724,532.355484,511.574744,515.464134,515.464134,7553648
2024-11-26,515.464134,528.247763,511.657792,524.375616,524.375616,5083107
2024-11-27,524.375616,529.560135,521.898543,527.070331,527.070331,6102095
2024-11-28,527.070331,540.343556,524.382418,537.601934,537.601934,5171759
2024-11-29,537.601934,538.643032,526.960621,527.983091,527.983091,6074600
2024-12-02,527.983091,529.470752,519.175822,520.642801,520.642801,3769325
2024-12-03,520.642801,521.304319,497.312824,497.945502,497.945502,8735293
2024-12-04,497.945502,507.674240,496.060099,505.759251,505.759251,7116322
2024-12-05,505.759251,507.206176,504.048744,505.494913,505.494913,6629135
2024-12-06,505.494913,506.684742,500.052796,501.232593,501.232593,6197761
2024-12-09,501.232593,502.915475,496.800224,498.473845,498.473845,8542984
2024-12-10,498.473845,503.376060,498.034702,502.932989,502.932989,4751360
2024-12-11,502.932989,513.783055,499.103891,509.900907,509.900907,12494113
2024-12-12,509.900907,511.027359,503.735341,504.850636,504.850636,5190294
2024-12-13,504.850636,513.587415,503.783819,512.504424,512.504424,5691823
2024-12-16,512.504424,533.512941,510.528555,531.463978,531.463978,5643392
2024-12-17,531.463978,538.768318,530.675316,537.970002,537.970002,7763371
2024-12-18,537.970002,540.010178,533.279700,535.309788,535.309788,3570157
2024-12-19,535.309788,540.677866,533.859607,539.217100,539.217100,5899873
2024-12-20,539.217100,544.856706,519.512600,525.003548,525.003548,3204988
2024-12-23,525.003548,539.997080,523.745860,538.706565,538.706565,4662666
2024-12-24,538.706565,547.362000,534.371767,542.992714,542.992714,6019227
2024-12-25,542.992714,545.766125,515.151617,517.796334,517.796334,10685186
2024-12-26,517.796334,519.581056,508.867258,510.627269,510.627269,5991147
2024-12-27,510.627269,511.167513,506.409345,506.945694,506.945694,6903430
2024-12-30,506.945694,510.934819,491.181676,495.077409,495.077409,4225365
2024-12-31,495.077409,515.140198,492.622821,512.598739,512.598739,4753780
