date,open,high,low,close,adjusted_close,volume
2007-01-01,142.000000,142.189228,140.498095,140.685571,140.685571,10703121
2007-01-02,140.685571,144.209007,140.209866,143.723031,143.723031,6303963
2007-01-03,143.723031,143.895928,141.795042,141.965825,141.965825,13689492
2007-01-04,141.965825,144.282336,141.593177,143.904599,143.904599,5872138
2007-01-05,143.904599,144.166803,139.549136,139.803868,139.803868,3128890
2007-01-08,139.803868,139.925187,138.615564,138.735956,138.735956,5775111
2007-01-09,138.735956,138.759875,137.427285,137.450983,137.450983,4425261
2007-01-10,137.450983,138.160264,135.924465,136.629507,136.629507,7590242
2007-01-11,136.629507,138.265840,135.645093,137.276762,137.276762,6688282
2007-01-12,137.276762,137.486115,135.394807,135.601606,135.601606,3031674
2007-01-15,135.601606,136.291671,133.650923,134.334540,134.334540,4845127
2007-01-16,134.334540,135.683625,134.196666,135.544510,135.544510,7828940
2007-01-17,135.544510,135.730246,135.271605,135.457222,135.457222,11049140
2007-01-18,135.457222,136.756380,135.426269,136.725137,136.725137,3528652
2007-01-19,136.725137,137.522823,136.164011,136.960730,136.960730,12681930
2007-01-22,136.960730,137.952546,135.442218,136.430191,136.430191,5960598
2007-01-23,136.430191,136.788015,136.018125,136.375807,136.375807,7899387
2007-01-24,136.375807,138.043395,136.108249,137.773096,137.773096,5459859
2007-01-25,137.773096,139.214701,137.292993,138.731259,138.731259,6648102
2007-01-26,138.731259,139.328853,138.617262,139.214459,139.214459,2542794
2007-01-29,139.214459,140.050039,138.763455,139.597793,139.597793,3035232
2007-01-30,139.597793,139.703703,138.373551,138.478611,138.478611,6722066
2007-01-31,138.478611,139.238223,137.889067,138.647958,138.647958,10739732
2007-02-01,138.647958,140.941008,137.723146,140.007131,140.007131,3066956
2007-02-02,140.007131,142.680703,139.276827,141.940316,141.940316,5129022
2007-02-05,141.940316,142.440728,141.632875,142.132870,142.132870,5316444
2007-02-06,142.132870,143.855726,141.921441,143.642053,143.642053,6903228
2007-02-07,143.642053,144.435016,142.068922,142.857555,142.857555,6911274
2007-02-08,142.857555,143.490115,142.748701,143.380863,143.380863,4777981
2007-02-09,143.380863,144.517859,142.735277,143.870070,143.870070,7184605
2007-02-12,143.870070,144.964850,143.568385,144.661505,144.661505,6898760
2007-02-13,144.661505,146.532510,144.123088,145.989152,145.989152,4529692
2007-02-14,145.989152,147.539883,145.210050,146.756684,146.756684,6967457
2007-02-15,146.756684,147.361386,146.368190,146.972322,146.972322,6446996
2007-02-16,146.972322,147.771889,146.369510,147.168274,147.168274,8141928
2007-02-19,147.168274,149.942986,145.962384,148.724346,148.724346,7789495
2007-02-20,148.724346,148.947886,148.539154,148.762646,148.762646,4359094
2007-02-21,148.762646,149.450395,147.507108,148.192220,148.192220,5924832
2007-02-22,148.192220,149.124352,147.703597,148.634271,148.634271,3137174
2007-02-23,148.634271,149.965621,147.695085,149.023973,149.023973,2964290
2007-02-26,149.023973,149.622889,146.076531,146.665970,146.665970,3624895
2007-02-27,146.665970,148.113232,145.957497,147.401207,147.401207,2502438
2007-02-28,147.401207,148.735924,147.355530,148.689847,148.689847,6900600
2007-03-01,148.689847,149.201865,146.161251,146.666302,146.666302,4228641
2007-03-02,146.666302,150.348114,145.051207,148.710509,148.710509,8139643
2007-03-05,148.710509,149.882045,147.995443,149.164795,149.164795,5734296
2007-03-06,149.164795,149.597178,148.172283,148.603038,148.603038,3342161
2007-03-07,148.603038,148.723728,145.643813,145.762195,145.762195,3814088
2007-03-08,145.762195,147.451263,145.408714,147.094551,147.094551,4066810
2007-03-09,147.094551,148.192532,146.989293,148.086564,148.086564,8256889
2007-03-12,148.086564,150.581765,147.125826,149.611136,149.611136,6016285
2007-03-13,149.611136,149.943537,147.692054,148.020923,148.020923,13371237
2007-03-14,148.020923,152.587571,147.618743,152.174107,152.174107,8845377
2007-03-15,152.174107,152.819794,150.856326,151.499149,151.499149,3766220
2007-03-16,151.499149,153.527291,150.012646,152.035525,152.035525,6611215
2007-03-19,152.035525,152.557899,151.486148,152.008429,152.008429,10188878
2007-03-20,152.008429,153.271959,151.290534,152.551499,152.551499,5050368
2007-03-21,152.551499,152.599356,151.938952,151.986632,151.986632,6347646
2007-03-22,151.986632,153.566272,151.812726,153.390759,153.390759,2044003
2007-03-23,153.390759,155.067810,152.751193,154.423937,154.423937,2383903
2007-03-26,154.423937,154.797487,154.166163,154.539520,154.539520,8529369
2007-03-27,154.539520,155.385532,154.026072,154.870983,154.870983,5016288
2007-03-28,154.870983,156.240961,154.865016,156.234941,156.234941,5048390
2007-03-29,156.234941,160.541126,154.849444,159.129956,159.129956,5864817
2007-03-30,159.129956,159.926311,157.080469,157.870521,157.870521,3155640
2007-04-02,157.870521,158.829666,157.578286,158.536198,158.536198,4088921
2007-04-03,158.536198,159.160678,157.637759,158.261155,158.261155,11207448
2007-04-04,158.261155,158.884325,158.145081,158.767879,158.767879,12251219
2007-04-05,158.767879,160.115045,156.016907,157.352060,157.352060,10966864
2007-04-06,157.352060,157.550683,156.423417,156.621118,156.621118,4955833
2007-04-09,156.621118,156.926051,152.202315,152.499223,152.499223,3065053
2007-04-10,152.499223,153.230152,152.392990,153.123485,153.123485,7882127
2007-04-11,153.123485,154.948408,152.229282,154.048801,154.048801,3432215
2007-04-12,154.048801,154.843078,153.875479,154.669058,154.669058,4821160
2007-04-13,154.669058,156.640204,154.165348,156.131731,156.131731,5013789
2007-04-16,156.131731,157.829825,154.951668,156.645876,156.645876,5029414
2007-04-17,156.645876,157.681470,155.817183,156.851688,156.851688,5107696
2007-04-18,156.851688,157.315990,155.710533,156.172826,156.172826,8001582
2007-04-19,156.172826,157.004191,155.180582,156.011086,156.011086,6719195
2007-04-20,156.011086,156.284715,153.794686,154.064902,154.064902,4578705
2007-04-23,154.064902,156.035380,153.525044,155.490527,155.490527,8620015
2007-04-24,155.490527,156.424305,155.106231,156.038655,156.038655,6007121
2007-04-25,156.038655,156.222827,154.011007,154.193001,154.193001,6478632
2007-04-26,154.193001,154.581631,152.427179,152.812330,152.812330,8137814
2007-04-27,152.812330,152.984926,152.533087,152.705562,152.705562,7728662
2007-04-30,152.705562,153.220331,151.507577,152.020035,152.020035,6923184
2007-05-01,152.020035,153.159445,151.393638,152.530942,152.530942,6863987
2007-05-02,152.530942,153.612557,151.345207,152.426078,152.426078,4350820
2007-05-03,152.426078,153.010827,151.572811,152.156526,152.156526,5691104
2007-05-04,152.156526,152.935305,151.993767,152.771887,152.771887,5717793
2007-05-07,152.771887,154.409033,152.348442,153.982233,153.982233,6757965
2007-05-08,153.982233,155.851117,153.821377,155.688479,155.688479,3340375
2007-05-09,155.688479,158.234355,155.016657,157.554482,157.554482,8253340
2007-05-10,157.554482,159.422711,157.163469,159.028041,159.028041,9589972
2007-05-11,159.028041,159.292076,158.692410,158.956326,158.956326,4311689
2007-05-14,158.956326,161.474206,158.575446,161.088218,161.088218,6170642
2007-05-15,161.088218,161.252977,159.909244,160.072965,160.072965,9299553
2007-05-16,160.072965,160.335386,159.091789,159.353031,159.353031,4978500
2007-05-17,159.353031,161.033140,158.365827,160.041670,160.041670,6195602
2007-05-18,160.041670,160.593454,158.889134,159.438839,159.438839,7153767
2007-05-21,159.438839,160.068030,158.409855,159.037462,159.037462,6206755
2007-05-22,159.037462,160.598352,158.915417,160.475203,160.475203,12102761
2007-05-23,160.475203,162.534891,160.446452,162.505777,162.505777,4456840
2007-05-24,162.505777,162.723294,162.250599,162.468065,162.468065,6785351
2007-05-25,162.468065,162.944435,162.104783,162.580900,162.580900,5210313
2007-05-28,162.580900,163.850185,162.161146,163.428244,163.428244,7874366
2007-05-29,163.428244,164.239102,162.280077,163.089253,163.089253,14855404
2007-05-30,163.089253,163.789549,161.967149,162.665626,162.665626,9994921
2007-05-31,162.665626,162.756857,162.315422,162.406508,162.406508,5448976
2007-06-01,162.406508,162.942765,160.571268,161.103222,161.103222,8487065
2007-06-04,161.103222,161.390451,156.945120,157.225436,157.225436,5989104
2007-06-05,157.225436,157.529758,153.768243,154.066450,154.066450,3462892
2007-06-06,154.066450,156.657074,152.582265,155.162332,155.162332,5353770
2007-06-07,155.162332,155.528601,153.989114,154.353473,154.353473,4312629
2007-06-08,154.353473,154.831091,153.465925,153.942270,153.942270,7154801
2007-06-11,153.942270,155.086079,153.655678,154.797894,154.797894,5118617
2007-06-12,154.797894,155.382364,154.670805,155.254899,155.254899,3567401
2007-06-13,155.254899,156.833172,154.229463,155.804107,155.804107,5318701
2007-06-14,155.804107,156.228624,155.611110,156.035340,156.035340,8604697
2007-06-15,156.035340,161.637498,154.563568,160.127130,160.127130,4489871
2007-06-18,160.127130,160.780547,156.597941,157.239575,157.239575,4462140
2007-06-19,157.239575,161.138397,156.467258,160.350799,160.350799,9198434
2007-06-20,160.350799,161.449331,159.765447,160.862113,160.862113,8361085
2007-06-21,160.862113,161.101067,159.898935,160.136813,160.136813,4747362
2007-06-22,160.136813,161.133076,157.146335,158.130114,158.130114,6629894
2007-06-25,158.130114,158.969370,157.004756,157.842485,157.842485,6839829
2007-06-26,157.842485,158.447012,156.805587,157.408452,157.408452,5255672
2007-06-27,157.408452,159.298286,156.694182,158.578705,158.578705,5431895
2007-06-28,158.578705,159.159106,157.800420,158.380093,158.380093,6859842
2007-06-29,158.380093,159.593485,157.681689,158.892820,158.892820,5652474
2007-07-02,158.892820,159.890402,158.780761,159.777720,159.777720,6131249
2007-07-03,159.777720,160.152394,159.603132,159.977588,159.977588,5391782
2007-07-04,159.977588,160.371350,158.986159,159.378447,159.378447,4588141
2007-07-05,159.378447,159.864243,158.949860,159.435502,159.435502,3821392
2007-07-06,159.435502,162.712729,159.060649,162.331068,162.331068,8347911
2007-07-09,162.331068,162.842051,162.280666,162.791506,162.791506,7707693
2007-07-10,162.791506,167.130026,162.233564,166.559171,166.559171,7155413
2007-07-11,166.559171,166.594596,163.775277,163.810118,163.810118,8347025
2007-07-12,163.810118,166.544495,162.610590,165.333810,165.333810,6031091
2007-07-13,165.333810,165.955093,164.088712,164.707642,164.707642,4572677
2007-07-16,164.707642,164.978127,163.479817,163.748727,163.748727,6960725
2007-07-17,163.748727,164.077461,162.036876,162.362828,162.362828,3593944
2007-07-18,162.362828,164.699957,160.827136,163.156755,163.156755,12225058
2007-07-19,163.156755,167.890877,162.940920,167.669072,167.669072,6920569
2007-07-20,167.669072,169.920735,167.366439,169.614590,169.614590,6562686
2007-07-23,169.614590,170.115308,168.594852,169.094033,169.094033,6963175
2007-07-24,169.094033,169.245683,168.655581,168.806973,168.806973,3077782
2007-07-25,168.806973,170.020406,168.780218,169.993463,169.993463,6980519
2007-07-26,169.993463,174.133518,169.393043,173.520641,173.520641,8037452
2007-07-27,173.520641,177.971897,173.146120,177.588596,177.588596,4884081
2007-07-30,177.588596,179.814553,177.278437,179.501054,179.501054,5241338
2007-07-31,179.501054,182.397916,178.916219,181.805573,181.805573,5208930
2007-08-01,181.805573,183.029816,179.793129,181.012028,181.012028,6196109
2007-08-02,181.012028,181.989319,178.583771,179.553186,179.553186,6516478
2007-08-03,179.553186,180.381084,178.283126,179.108976,179.108976,4127745
2007-08-06,179.108976,179.984753,178.824273,179.699112,179.699112,7244313
2007-08-07,179.699112,180.954146,177.865522,179.116487,179.116487,6564170
2007-08-08,179.116487,179.688762,178.449023,179.020993,179.020993,3259136
2007-08-09,179.020993,182.377414,178.779056,182.131274,182.131274,6616822
2007-08-10,182.131274,186.692527,181.893159,186.448768,186.448768,5685805
2007-08-13,186.448768,186.565862,185.821252,185.938026,185.938026,3000415
2007-08-14,185.938026,186.726016,185.695928,186.483209,186.483209,8375202
2007-08-15,186.483209,187.399733,185.992943,186.908349,186.908349,4035327
2007-08-16,186.908349,187.813580,183.833574,184.728246,184.728246,5199615
2007-08-17,184.728246,188.391789,184.214884,187.869697,187.869697,2807012
2007-08-20,187.869697,188.165996,185.544769,185.837864,185.837864,4874157
2007-08-21,185.837864,187.326552,185.194794,186.680566,186.680566,10490666
2007-08-22,186.680566,189.186488,186.643332,189.148762,189.148762,8366565
2007-08-23,189.148762,189.698185,187.821307,188.368464,188.368464,7648487
2007-08-24,188.368464,189.830590,188.223050,189.684160,189.684160,2791673
2007-08-27,189.684160,189.775305,189.342840,189.433864,189.433864,6395181
2007-08-28,189.433864,189.523499,189.030223,189.119708,189.119708,5250732
2007-08-29,189.119708,190.124226,188.912189,189.915833,189.915833,6692195
2007-08-30,189.915833,191.927676,189.365067,191.372685,191.372685,3519629
2007-08-31,191.372685,191.869856,190.548257,191.044576,191.044576,5952559
2007-09-03,191.044576,192.359139,188.860001,190.168536,190.168536,7543239
2007-09-04,190.168536,190.896662,189.352761,190.080549,190.080549,3430565
2007-09-05,190.080549,191.523943,184.823882,186.238098,186.238098,7356892
2007-09-06,186.238098,187.683043,180.488236,181.899520,181.899520,7128129
2007-09-07,181.899520,182.059821,178.544955,178.702439,178.702439,5052096
2007-09-10,178.702439,189.729977,178.508701,189.524506,189.524506,5430966
2007-09-11,189.524506,190.187377,185.358595,186.009170,186.009170,8734917
2007-09-12,186.009170,186.241622,185.938027,186.170418,186.170418,6630653
2007-09-13,186.170418,187.700685,185.402120,186.929255,186.929255,6769463
2007-09-14,186.929255,188.038550,186.769409,187.877892,187.877892,6406771
2007-09-17,187.877892,188.650146,180.953225,181.700085,181.700085,11529008
2007-09-18,181.700085,183.573739,181.410553,183.281687,183.281687,6953081
2007-09-19,183.281687,185.619977,183.175748,185.512749,185.512749,5108424
2007-09-20,185.512749,186.420556,185.340391,186.247515,186.247515,7602633
2007-09-21,186.247515,186.303974,185.661485,185.717783,185.717783,6253874
2007-09-24,185.717783,186.277668,184.485453,185.043305,185.043305,5682944
2007-09-25,185.043305,190.030002,184.538218,189.512716,189.512716,6693871
2007-09-26,189.512716,189.591293,189.092853,189.171289,189.171289,3117983
2007-09-27,189.171289,189.979031,183.892106,184.680673,184.680673,9960132
2007-09-28,184.680673,184.794973,181.287460,181.399730,181.399730,4822979
2007-10-01,181.399730,181.618070,180.787560,181.005425,181.005425,6449075
2007-10-02,181.005425,181.315567,179.723442,180.031916,180.031916,7611175
2007-10-03,180.031916,180.584589,179.430880,179.983405,179.983405,8407682
2007-10-04,179.983405,180.044556,179.047366,179.108221,179.108221,7932366
2007-10-05,179.108221,179.243906,176.373409,176.507124,176.507124,6593044
2007-10-08,176.507124,178.873447,175.900715,178.261013,178.261013,8064708
2007-10-09,178.261013,178.272427,170.318201,170.329108,170.329108,4042866
2007-10-10,170.329108,172.625407,170.312624,172.608702,172.608702,4897488
2007-10-11,172.608702,178.953937,171.643695,177.959017,177.959017,2986231
2007-10-12,177.959017,190.017074,177.678555,189.718080,189.718080,5370470
2007-10-15,189.718080,189.903521,186.787950,186.970706,186.970706,5686940
2007-10-16,186.970706,187.186898,181.392532,181.602517,181.602517,4984777
2007-10-17,181.602517,181.691786,180.700830,180.789699,180.789699,6224129
2007-10-18,180.789699,182.715421,180.647460,182.571779,182.571779,9632470
2007-10-19,182.571779,186.103108,181.080916,184.595717,184.595717,3001403
2007-10-22,184.595717,186.907724,184.390295,186.699960,186.699960,7503582
2007-10-23,186.699960,187.645140,186.658252,187.603231,187.603231,3228431
2007-10-24,187.603231,190.163712,187.094618,189.649551,189.649551,5491513
2007-10-25,189.649551,190.970260,189.447915,190.767435,190.767435,9514660
2007-10-26,190.767435,191.839095,174.450017,175.435547,175.435547,7917207
2007-10-29,175.435547,176.301011,173.394226,174.253860,174.253860,4508230
2007-10-30,174.253860,176.889190,172.918110,175.543554,175.543554,7341317
2007-10-31,175.543554,176.073646,174.824312,175.353831,175.353831,10927995
2007-11-01,175.353831,180.707569,175.044258,180.389106,180.389106,5661948
2007-11-02,180.389106,182.087952,180.042644,181.738897,181.738897,4474756
2007-11-05,181.738897,185.620046,181.271744,185.144139,185.144139,3020214
2007-11-06,185.144139,185.668537,181.792445,182.308812,182.308812,4626763
2007-11-07,182.308812,190.956217,181.666096,190.285381,190.285381,7145703
2007-11-08,190.285381,199.834111,189.900829,199.431077,199.431077,6704322
2007-11-09,199.431077,207.927273,198.756945,207.226790,207.226790,8574080
2007-11-12,207.226790,211.809964,206.056793,210.620805,210.620805,4042010
2007-11-13,210.620805,220.105885,210.194407,219.661186,219.661186,4154458
2007-11-14,219.661186,220.109807,213.811316,214.248884,214.248884,4905949
2007-11-15,214.248884,214.895068,211.763764,212.404384,212.404384,4904825
2007-11-16,212.404384,213.191144,205.161315,205.924071,205.924071,4293479
2007-11-19,205.924071,207.349222,203.003772,204.418504,204.418504,4493303
2007-11-20,204.418504,206.400014,204.291609,206.271969,206.271969,9101506
2007-11-21,206.271969,210.578805,204.615998,208.901722,208.901722,5929618
2007-11-22,208.901722,210.461384,208.301745,209.858658,209.858658,4189759
2007-11-23,209.858658,210.486659,206.651600,207.271860,207.271860,6931062
2007-11-26,207.271860,214.052879,207.121044,213.897242,213.897242,7341770
2007-11-27,213.897242,220.522745,212.176078,218.762432,218.762432,6086601
2007-11-28,218.762432,219.056484,214.691131,214.980098,214.980098,8199330
2007-11-29,214.980098,215.795645,213.363196,214.175691,214.175691,6512712
2007-11-30,214.175691,214.838481,207.623126,208.267633,208.267633,5306395
2007-12-03,208.267633,208.530425,205.956987,206.217191,206.217191,3872628
2007-12-04,206.217191,207.464134,205.323318,206.568737,206.568737,3775000
2007-12-05,206.568737,216.135516,206.086402,215.632018,215.632018,6398422
2007-12-06,215.632018,216.633388,207.682290,208.651242,208.651242,4935387
2007-12-07,208.651242,211.723668,208.205807,211.272637,211.272637,5188735
2007-12-10,211.272637,213.570050,209.262169,211.556878,211.556878,3747824
2007-12-11,211.556878,212.627810,211.061402,212.130989,212.130989,5897354
2007-12-12,212.130989,213.852246,201.919590,203.571394,203.571394,5406024
2007-12-13,203.571394,204.502583,203.200550,204.130720,204.130720,3699597
2007-12-14,204.130720,207.362229,203.610422,206.835037,206.835037,4096497
2007-12-17,206.835037,206.881968,201.143956,201.189606,201.189606,6080730
2007-12-18,201.189606,202.526095,199.097861,200.429299,200.429299,4114899
2007-12-19,200.429299,204.277447,200.346870,204.193469,204.193469,3755327
2007-12-20,204.193469,205.378462,202.280435,203.461178,203.461178,9827859
2007-12-21,203.461178,203.628672,201.876963,202.043289,202.043289,6916677
2007-12-24,202.043289,202.085110,198.926802,198.967986,198.967986,5126679
2007-12-25,198.967986,205.473271,198.366633,204.854127,204.854127,6925346
2007-12-26,204.854127,207.660649,204.495201,207.297442,207.297442,3733234
2007-12-27,207.297442,207.723156,204.656609,205.077765,205.077765,2988325
2007-12-28,205.077765,205.868901,201.733569,202.514818,202.514818,5475982
2007-12-31,202.514818,202.695214,200.911756,201.090883,201.090883,6291120
2008-01-01,201.090883,201.601984,201.022614,201.533565,201.533565,7159911
2008-01-02,201.533565,208.394367,201.370120,208.225495,208.225495,9923235
2008-01-03,208.225495,208.252597,205.092164,205.118862,205.118862,7604427
2008-01-04,205.118862,205.319774,203.330067,203.529422,203.529422,6226991
2008-01-07,203.529422,205.536608,202.711180,204.713605,204.713605,5375402
2008-01-08,204.713605,205.081574,202.693852,203.058847,203.058847,8349553
2008-01-09,203.058847,204.862017,194.870545,196.616507,196.616507,4592861
2008-01-10,196.616507,197.808448,188.150451,189.298025,189.298025,3462753
2008-01-11,189.298025,189.432306,179.582889,179.710369,179.710369,6388673
2008-01-14,179.710369,180.359905,173.058649,173.686412,173.686412,3453909
2008-01-15,173.686412,173.776917,172.594506,172.684489,172.684489,5847453
2008-01-16,172.684489,173.924174,170.725294,171.959777,171.959777,3792271
2008-01-17,171.959777,175.078001,171.521455,174.632865,174.632865,4397333
2008-01-18,174.632865,175.887697,163.883633,165.069748,165.069748,5819760
2008-01-21,165.069748,169.572481,165.001469,169.502369,169.502369,5136741
2008-01-22,169.502369,170.401205,169.335122,170.233237,170.233237,5005317
2008-01-23,170.233237,175.882022,169.847342,175.484224,175.484224,4749319
2008-01-24,175.484224,177.114953,175.231951,176.860702,176.860702,5122603
2008-01-25,176.860702,177.682756,173.323837,174.133213,174.133213,5486665
2008-01-28,174.133213,174.673219,172.811307,173.348880,173.348880,6450340
2008-01-29,173.348880,173.753595,163.243639,163.625653,163.625653,5625017
2008-01-30,163.625653,166.445619,163.549576,166.368266,166.368266,4519644
2008-01-31,166.368266,168.099653,166.056709,167.785442,167.785442,5835190
2008-02-01,167.785442,168.814621,162.951122,163.956817,163.956817,5695512
2008-02-04,163.956817,164.591150,151.968020,152.558253,152.558253,5279331
2008-02-05,152.558253,157.388158,152.119468,156.936779,156.936779,3569603
2008-02-06,156.936779,161.998329,155.824592,160.858350,160.858350,8314008
2008-02-07,160.858350,161.269893,159.039530,159.447463,159.447463,3008892
2008-02-08,159.447463,159.851162,148.749914,149.127485,149.127485,4761572
2008-02-11,149.127485,149.461219,147.413857,147.744497,147.744497,6808307
2008-02-12,147.744497,148.452858,147.613744,148.321595,148.321595,5047489
2008-02-13,148.321595,148.530244,148.220046,148.428622,148.428622,5551384
2008-02-14,148.428622,148.761740,140.502817,140.818857,140.818857,3666706
2008-02-15,140.818857,141.540098,140.491600,141.211927,141.211927,8013495
2008-02-18,141.211927,144.586474,140.159784,143.517155,143.517155,5853788
2008-02-19,143.517155,144.404526,143.200144,144.086258,144.086258,5348786
2008-02-20,144.086258,145.178645,141.897378,142.981388,142.981388,13492179
2008-02-21,142.981388,143.532979,137.366714,137.898697,137.898697,4922747
2008-02-22,137.898697,141.807328,137.548849,141.448474,141.448474,7930899
2008-02-25,141.448474,142.198280,139.666292,140.410597,140.410597,5928185
2008-02-26,140.410597,141.421521,134.922135,135.900588,135.900588,3964862
2008-02-27,135.900588,139.200289,135.276416,138.563884,138.563884,4054812
2008-02-28,138.563884,149.221763,137.879014,148.487841,148.487841,6465041
2008-02-29,148.487841,148.660894,148.333611,148.506644,148.506644,6119203
2008-03-03,148.506644,148.856518,144.338950,144.679808,144.679808,8188319
2008-03-04,144.679808,145.118484,142.539225,142.972725,142.972725,9400566
2008-03-05,142.972725,144.095799,136.770270,137.853129,137.853129,4639086
2008-03-06,137.853129,143.326640,136.658499,142.095248,142.095248,4248367
2008-03-07,142.095248,142.375574,141.558477,141.838296,141.838296,3484011
2008-03-10,141.838296,141.925248,141.345589,141.432292,141.432292,7194145
2008-03-11,141.432292,142.757971,141.156175,142.479809,142.479809,6943449
2008-03-12,142.479809,143.322519,139.559341,140.389689,140.389689,6110551
2008-03-13,140.389689,140.520928,140.314606,140.445815,140.445815,5757461
2008-03-14,140.445815,140.578353,137.578268,137.708223,137.708223,6192620
2008-03-17,137.708223,137.726090,136.336470,136.354161,136.354161,5807604
2008-03-18,136.354161,136.777352,135.187595,135.608471,135.608471,8978878
2008-03-19,135.608471,136.871041,132.535136,133.780688,133.780688,5848360
2008-03-20,133.780688,134.606762,132.256254,133.077989,133.077989,4337900
2008-03-21,133.077989,133.410377,129.747849,130.072731,130.072731,6623460
2008-03-24,130.072731,130.105155,129.298169,129.330408,129.330408,6295611
2008-03-25,129.330408,130.205737,124.814084,125.664603,125.664603,4143520
2008-03-26,125.664603,126.254273,124.872317,125.461032,125.461032,5068535
2008-03-27,125.461032,129.298042,124.910516,128.733167,128.733167,2622338
2008-03-28,128.733167,128.922844,124.975354,125.159766,125.159766,7895612
2008-03-31,125.159766,127.635510,124.813711,127.283583,127.283583,5946558
2008-04-01,127.283583,127.545877,123.860514,124.116282,124.116282,9423974
2008-04-02,124.116282,124.316491,122.090912,122.288172,122.288172,6975724
2008-04-03,122.288172,124.275075,122.079860,124.063738,124.063738,5048854
2008-04-04,124.063738,124.282750,123.123091,123.340828,123.340828,4489632
2008-04-07,123.340828,123.436890,119.243526,119.336469,119.336469,6053291
2008-04-08,119.336469,120.128220,118.885156,119.675623,119.675623,4620886
2008-04-09,119.675623,120.075765,119.294686,119.694767,119.694767,5650143
2008-04-10,119.694767,120.299750,118.388426,118.989847,118.989847,12180396
2008-04-11,118.989847,119.854991,117.147004,118.004987,118.004987,4587063
2008-04-14,118.004987,120.745767,117.901269,120.639733,120.639733,6594296
2008-04-15,120.639733,120.947496,120.142967,120.450247,120.450247,5481219
2008-04-16,120.450247,125.993075,120.122579,125.651258,125.651258,5497537
2008-04-17,125.651258,128.705515,124.849420,127.889394,127.889394,4617769
2008-04-18,127.889394,128.288883,127.143343,127.541746,127.541746,6590370
2008-04-21,127.541746,134.727012,127.168329,134.333710,134.333710,18410424
2008-04-22,134.333710,136.984503,134.111407,136.758187,136.758187,7087216
2008-04-23,136.758187,137.259041,130.849029,131.330003,131.330003,6317807
2008-04-24,131.330003,132.427297,131.322303,132.419532,132.419532,3556839
2008-04-25,132.419532,139.076749,132.279917,138.930269,138.930269,5763965
2008-04-28,138.930269,139.694604,137.080636,137.838967,137.838967,6538912
2008-04-29,137.838967,142.217928,137.417414,141.784309,141.784309,4457915
2008-04-30,141.784309,142.204897,140.552375,140.970549,140.970549,6512093
2008-05-01,140.970549,141.225725,138.148693,138.399214,138.399214,4369902
2008-05-02,138.399214,138.883460,137.665112,138.148481,138.148481,4612159
2008-05-05,138.148481,138.662161,137.806124,138.319381,138.319381,6545869
2008-05-06,138.319381,138.437489,136.558580,136.675284,136.675284,9666950
2008-05-07,136.675284,137.068617,135.398141,135.788923,135.788923,5798997
2008-05-08,135.788923,138.244999,135.267790,137.716468,137.716468,11025443
2008-05-09,137.716468,138.949507,137.580865,138.812824,138.812824,10050722
2008-05-12,138.812824,141.481528,138.768959,141.436833,141.436833,10795161
2008-05-13,141.436833,141.959269,134.521364,135.020098,135.020098,9983612
2008-05-14,135.020098,138.851214,134.515894,138.334633,138.334633,4642647
2008-05-15,138.334633,138.912257,137.578719,138.155596,138.155596,11415531
2008-05-16,138.155596,138.918176,137.705523,138.467089,138.467089,6315689
2008-05-19,138.467089,139.986771,138.385302,139.904135,139.904135,4831892
2008-05-20,139.904135,143.560093,139.600273,143.248967,143.248967,7308316
2008-05-21,143.248967,143.509981,141.220131,141.477918,141.477918,4879389
2008-05-22,141.477918,141.938588,141.133434,141.593822,141.593822,8343412
2008-05-23,141.593822,146.713435,140.954497,146.053972,146.053972,7731513
2008-05-26,146.053972,146.070510,143.279696,143.295921,143.295921,10484619
2008-05-27,143.295921,144.259874,136.535246,137.459941,137.459941,3783703
2008-05-28,137.459941,141.533437,137.173822,141.239452,141.239452,4991088
2008-05-29,141.239452,141.930715,131.835457,132.483868,132.483868,4901585
2008-05-30,132.483868,132.770905,125.276713,125.548724,125.548724,5502580
2008-06-02,125.548724,126.327841,122.390597,123.154858,123.154858,2926569
2008-06-03,123.154858,124.825842,122.899534,124.567589,124.567589,3934548
2008-06-04,124.567589,124.699447,122.697017,122.827032,122.827032,6880866
2008-06-05,122.827032,125.055946,122.687584,124.914127,124.914127,7442070
2008-06-06,124.914127,128.380098,124.051770,127.499889,127.499889,5843909
2008-06-09,127.499889,129.266820,127.075074,128.837549,128.837549,4000574
2008-06-10,128.837549,134.674903,128.053867,133.860668,133.860668,9366584
2008-06-11,133.860668,134.883908,130.701652,131.708440,131.708440,7910808
2008-06-12,131.708440,134.289940,131.542603,134.121065,134.121065,6254303
2008-06-13,134.121065,135.718334,133.433144,135.025773,135.025773,6471414
2008-06-16,135.025773,136.268087,134.787748,136.028295,136.028295,2049163
2008-06-17,136.028295,140.366012,135.424550,139.745768,139.745768,6613220
2008-06-18,139.745768,141.301095,137.699489,139.249290,139.249290,3939327
2008-06-19,139.249290,151.285004,138.434143,150.404556,150.404556,7600145
2008-06-20,150.404556,150.616647,146.826319,147.033656,147.033656,6663475
2008-06-23,147.033656,147.229816,145.928378,146.123325,146.123325,5492319
2008-06-24,146.123325,146.940448,144.595516,145.408643,145.408643,3710364
2008-06-25,145.408643,145.730511,140.079255,140.390014,140.390014,4120537
2008-06-26,140.390014,140.819650,138.129834,138.553852,138.553852,4905981
2008-06-27,138.553852,138.827130,135.839242,136.107695,136.107695,7702897
2008-06-30,136.107695,146.155598,136.102749,146.150287,146.150287,5116979
2008-07-01,146.150287,148.607935,145.125370,147.573041,147.573041,6482336
2008-07-02,147.573041,148.119994,147.077794,147.624574,147.624574,6987699
2008-07-03,147.624574,147.794941,145.268979,145.436820,145.436820,6900551
2008-07-04,145.436820,145.490119,141.935316,141.987351,141.987351,5575638
2008-07-07,141.987351,142.033371,141.316152,141.361970,141.361970,5391746
2008-07-08,141.361970,141.788266,140.626463,141.051823,141.051823,11588453
2008-07-09,141.051823,141.653026,141.043980,141.645150,141.645150,4818295
2008-07-10,141.645150,143.621321,139.273689,141.244268,141.244268,5105848
2008-07-11,141.244268,141.495084,138.024641,138.270177,138.270177,3451940
2008-07-14,138.270177,139.925624,137.526869,139.177438,139.177438,2596218
2008-07-15,139.177438,145.251944,138.776139,144.834333,144.834333,6777291
2008-07-16,144.834333,145.641627,144.540551,145.346806,145.346806,11147875
2008-07-17,145.346806,145.984382,140.200693,140.818405,140.818405,5391253
2008-07-18,140.818405,146.704726,140.518476,146.392923,146.392923,6370257
2008-07-21,146.392923,146.561512,142.522387,142.686708,142.686708,9118661
2008-07-22,142.686708,142.975294,136.676820,136.953810,136.953810,4818886
2008-07-23,136.953810,136.954873,136.219328,136.220385,136.220385,7679461
2008-07-24,136.220385,142.400115,135.272669,141.416250,141.416250,6837413
2008-07-25,141.416250,142.308422,140.312642,141.203471,141.203471,10408055
2008-07-28,141.203471,141.639069,139.014323,139.444494,139.444494,8145690
2008-07-29,139.444494,142.815192,139.258246,142.624696,142.624696,6572344
2008-07-30,142.624696,145.818853,142.166925,145.352327,145.352327,7224018
2008-07-31,145.352327,146.207211,145.246454,146.100793,146.100793,5559514
2008-08-01,146.100793,146.503232,144.985085,145.385554,145.385554,8466653
2008-08-04,145.385554,146.003020,141.989325,142.594939,142.594939,4658132
2008-08-05,142.594939,142.804313,141.972722,142.181489,142.181489,6625012
2008-08-06,142.181489,142.547203,137.957795,138.313561,138.313561,6594950
2008-08-07,138.313561,138.832033,135.169153,135.677744,135.677744,6235416
2008-08-08,135.677744,135.677927,134.420159,134.420340,134.420340,5319379
2008-08-11,134.420340,135.329366,131.271727,132.165505,132.165505,7173450
2008-08-12,132.165505,132.376829,131.113917,131.323894,131.323894,5686121
2008-08-13,131.323894,131.535176,130.092396,130.302033,130.302033,5956546
2008-08-14,130.302033,131.406007,129.982400,131.084454,131.084454,5661006
2008-08-15,131.084454,135.707809,130.851558,135.467126,135.467126,3641896
2008-08-18,135.467126,139.775855,134.747434,139.037197,139.037197,11700304
2008-08-19,139.037197,139.127238,132.670407,132.756380,132.756380,6477117
2008-08-20,132.756380,133.196139,130.877908,131.312885,131.312885,9849877
2008-08-21,131.312885,136.733953,130.871563,136.275951,136.275951,4269669
2008-08-22,136.275951,136.624293,129.514228,129.846135,129.846135,8257771
2008-08-25,129.846135,131.150266,129.516370,130.818033,130.818033,4210442
2008-08-26,130.818033,131.018546,128.674218,128.871748,128.871748,7297697
2008-08-27,128.871748,129.211021,127.395359,127.731630,127.731630,7595420
2008-08-28,127.731630,128.461314,126.377271,127.103366,127.103366,5223580
2008-08-29,127.103366,141.283624,126.736451,140.876949,140.876949,5135558
2008-09-01,140.876949,141.411774,140.747353,141.281805,141.281805,8972490
2008-09-02,141.281805,142.386692,141.110474,142.214231,142.214231,4129782
2008-09-03,142.214231,143.193318,138.922734,139.885791,139.885791,4313980
2008-09-04,139.885791,141.299683,139.362234,140.772806,140.772806,7729791
2008-09-05,140.772806,140.827543,137.863996,137.917623,137.917623,4361020
2008-09-08,137.917623,139.711997,137.451449,139.241349,139.241349,6188522
2008-09-09,139.241349,141.824833,139.037526,141.617531,141.617531,2838801
2008-09-10,141.617531,142.837782,139.773026,140.987851,140.987851,2729978
2008-09-11,140.987851,141.487151,137.869116,138.359106,138.359106,3140504
2008-09-12,138.359106,139.886519,138.292544,139.819254,139.819254,4691988
2008-09-15,139.819254,141.217105,139.398515,140.793435,140.793435,2576139
2008-09-16,140.793435,141.841987,138.617225,139.657317,139.657317,5878674
2008-09-17,139.657317,146.378555,139.619086,146.338496,146.338496,4052251
2008-09-18,146.338496,147.272150,143.899986,144.823977,144.823977,6600942
2008-09-19,144.823977,146.005612,144.681574,145.862188,145.862188,5088703
2008-09-22,145.862188,146.384937,144.631237,145.151438,145.151438,3628030
2008-09-23,145.151438,145.305003,144.136800,144.289453,144.289453,4892175
2008-09-24,144.289453,144.699078,141.165615,141.567513,141.567513,8317274
2008-09-25,141.567513,145.977014,140.862847,145.253999,145.253999,4088926
2008-09-26,145.253999,145.466503,141.460838,141.668096,141.668096,5085798
2008-09-29,141.668096,142.568920,139.261523,140.152710,140.152710,5789217
2008-09-30,140.152710,141.267655,138.921412,140.035423,140.035423,4646102
2008-10-01,140.035423,144.515492,139.883230,144.358600,144.358600,3543453
2008-10-02,144.358600,144.506343,143.946109,144.093580,144.093580,9099816
2008-10-03,144.093580,158.604636,143.966569,158.464957,158.464957,8584779
2008-10-06,158.464957,158.752817,155.504300,155.787296,155.787296,4680453
2008-10-07,155.787296,157.469677,154.681170,156.359488,156.359488,4161032
2008-10-08,156.359488,157.204143,146.870935,147.668642,147.668642,6513018
2008-10-09,147.668642,147.748026,146.013191,146.091727,146.091727,5055910
2008-10-10,146.091727,146.894684,142.989640,143.779891,143.779891,8397624
2008-10-13,143.779891,144.226110,142.246332,142.689165,142.689165,3968303
2008-10-14,142.689165,144.377876,138.939006,140.603028,140.603028,3056813
2008-10-15,140.603028,142.884473,140.175816,142.451644,142.451644,7820607
2008-10-16,142.451644,143.126305,139.945873,140.611820,140.611820,2836801
2008-10-17,140.611820,141.319124,139.436605,140.141543,140.141543,5850749
2008-10-20,140.141543,141.599643,139.912345,141.368438,141.368438,4731340
2008-10-21,141.368438,141.860148,139.911270,140.399611,140.399611,6517431
2008-10-22,140.399611,141.212505,130.973611,131.736346,131.736346,6606927
2008-10-23,131.736346,132.228147,128.235698,128.716224,128.716224,4115132
2008-10-24,128.716224,130.565565,128.027439,129.870602,129.870602,6117161
2008-10-27,129.870602,130.940023,129.038013,130.105926,130.105926,6197544
2008-10-28,130.105926,130.294767,125.928758,126.111802,126.111802,7726185
2008-10-29,126.111802,127.112965,124.209764,125.203717,125.203717,8566360
2008-10-30,125.203717,125.273469,121.534563,121.602308,121.602308,9635544
2008-10-31,121.602308,123.453734,121.205133,123.051825,123.051825,4509657
2008-11-03,123.051825,123.096828,121.778124,121.822677,121.822677,5189392
2008-11-04,121.822677,122.592216,121.222161,121.990871,121.990871,7551167
2008-11-05,121.990871,122.421199,116.141869,116.553015,116.553015,4338237
2008-11-06,116.553015,122.645752,115.531421,121.580095,121.580095,4626188
2008-11-07,121.580095,123.013666,121.140753,122.570744,122.570744,4780893
2008-11-10,122.570744,123.044516,121.225731,121.696122,121.696122,7962776
2008-11-11,121.696122,127.408217,121.365110,127.062608,127.062608,4429097
2008-11-12,127.062608,127.275464,125.406529,125.616963,125.616963,7633790
2008-11-13,125.616963,125.678535,122.728664,122.788850,122.788850,8273278
2008-11-14,122.788850,123.286090,119.593270,120.079538,120.079538,11794422
2008-11-17,120.079538,120.437927,116.140912,116.488584,116.488584,6395481
2008-11-18,116.488584,117.325661,114.600356,115.429825,115.429825,6185157
2008-11-19,115.429825,119.694817,115.122411,119.376891,119.376891,6455608
2008-11-20,119.376891,119.404255,116.768847,116.795618,116.795618,4142179
2008-11-21,116.795618,117.360226,116.690856,117.255052,117.255052,10783347
2008-11-24,117.255052,117.553756,110.895206,111.178430,111.178430,6981499
2008-11-25,111.178430,111.480629,109.210414,109.508073,109.508073,8662117
2008-11-26,109.508073,110.872408,109.411277,110.774493,110.774493,4835950
2008-11-27,110.774493,111.263342,105.707070,106.175625,106.175625,6830803
2008-11-28,106.175625,114.356241,106.061227,114.233162,114.233162,5526949
2008-12-01,114.233162,117.063566,113.532307,116.349726,116.349726,3657173
2008-12-02,116.349726,117.108079,113.735942,114.482122,114.482122,5643038
2008-12-03,114.482122,118.513304,113.378929,117.382165,117.382165,4384958
2008-12-04,117.382165,117.710285,116.652981,116.979977,116.979977,3105711
2008-12-05,116.979977,121.947395,116.747232,121.705249,121.705249,7780987
2008-12-08,121.705249,125.842573,121.144302,125.265218,125.265218,8067591
2008-12-09,125.265218,125.729315,123.478698,123.937876,123.937876,3872144
2008-12-10,123.937876,124.651838,122.607818,123.318209,123.318209,8904974
2008-12-11,123.318209,123.854441,123.278597,123.814669,123.814669,4171774
2008-12-12,123.814669,124.523877,123.181307,123.890129,123.890129,10976663
2008-12-15,123.890129,124.106818,121.049607,121.261698,121.261698,5528808
2008-12-16,121.261698,122.674143,120.487981,121.896375,121.896375,6073467
2008-12-17,121.896375,126.068672,121.256423,125.410271,125.410271,5227182
2008-12-18,125.410271,126.388211,122.366107,123.327808,123.327808,7083569
2008-12-19,123.327808,125.770593,123.192583,125.632841,125.632841,7598149
2008-12-22,125.632841,126.197350,125.113303,125.677627,125.677627,3615551
2008-12-23,125.677627,127.468808,125.490663,127.279461,127.279461,6818355
2008-12-24,127.279461,130.428106,126.895287,130.035614,130.035614,5350448
2008-12-25,130.035614,130.296037,129.914296,130.174589,130.174589,4591610
2008-12-26,130.174589,131.225738,130.056550,131.106853,131.106853,7067005
2008-12-29,131.106853,132.361709,131.102112,132.356922,132.356922,5577501
2008-12-30,132.356922,133.207822,130.864373,131.711121,131.711121,4392168
2008-12-31,131.711121,132.338371,126.061426,126.664643,126.664643,3434391
2009-01-01,126.664643,126.965061,124.444035,124.739889,124.739889,7544941
2009-01-02,124.739889,125.169633,121.550168,121.970370,121.970370,8438985
2009-01-05,121.970370,125.786102,121.936391,125.751070,125.751070,7230655
2009-01-06,125.751070,127.658311,125.245513,127.147141,127.147141,7628663
2009-01-07,127.147141,127.256320,122.790277,122.895805,122.895805,4552619
2009-01-08,122.895805,123.400659,119.748299,120.242252,120.242252,5454707
2009-01-09,120.242252,120.682960,116.444475,116.872833,116.872833,6308318
2009-01-12,116.872833,117.837437,115.982044,116.946090,116.946090,3650249
2009-01-13,116.946090,122.003387,116.595887,121.639130,121.639130,8877865
2009-01-14,121.639130,122.041181,121.417427,121.819151,121.819151,4152557
2009-01-15,121.819151,122.980447,121.614219,122.773909,122.773909,6431649
2009-01-16,122.773909,123.408642,120.709754,121.337058,121.337058,6632384
2009-01-19,121.337058,124.353919,121.059053,124.069653,124.069653,2330063
2009-01-20,124.069653,128.692134,123.248709,127.846202,127.846202,3909426
2009-01-21,127.846202,128.210410,124.363255,124.718553,124.718553,4992424
2009-01-22,124.718553,126.573481,124.531474,126.383903,126.383903,5286078
2009-01-23,126.383903,126.846985,120.940331,121.385096,121.385096,4952692
2009-01-26,121.385096,123.047844,120.673950,122.331155,122.331155,7218065
2009-01-27,122.331155,122.787051,114.451991,114.880119,114.880119,6239332
2009-01-28,114.880119,116.634598,114.836956,116.590792,116.590792,4408452
2009-01-29,116.590792,119.632786,116.419839,119.457630,119.457630,3609922
2009-01-30,119.457630,119.489088,114.770210,114.800442,114.800442,6041567
2009-02-02,114.800442,115.279509,114.448802,114.927481,114.927481,4216842
2009-02-03,114.927481,116.173254,114.881269,116.126560,116.126560,5700831
2009-02-04,116.126560,118.631008,115.657936,118.154202,118.154202,8657983
2009-02-05,118.154202,118.468589,111.724071,112.022142,112.022142,6268445
2009-02-06,112.022142,112.082234,107.107063,107.164549,107.164549,5077848
2009-02-09,107.164549,107.394132,106.688893,106.917947,106.917947,2931500
2009-02-10,106.917947,107.453974,98.947113,99.445678,99.445678,7340525
2009-02-11,99.445678,100.654742,98.943864,100.149377,100.149377,9324784
2009-02-12,100.149377,102.323770,99.962682,102.133376,102.133376,5306196
2009-02-13,102.133376,102.548236,100.486610,100.896446,100.896446,8546790
2009-02-16,100.896446,101.253126,100.263316,100.619015,100.619015,3183852
2009-02-17,100.619015,100.815256,100.226582,100.422439,100.422439,5306997
2009-02-18,100.422439,103.800934,100.356407,103.732725,103.732725,8508839
2009-02-19,103.732725,103.758668,103.566019,103.591926,103.591926,4970788
2009-02-20,103.591926,104.182119,103.279757,103.869115,103.869115,8520740
2009-02-23,103.869115,106.156017,103.227357,105.504156,105.504156,4094232
2009-02-24,105.504156,105.557472,104.460915,104.513730,104.513730,6063918
2009-02-25,104.513730,104.597055,95.307132,95.383178,95.383178,7122118
2009-02-26,95.383178,96.563187,95.222838,96.401137,96.401137,4148669
2009-02-27,96.401137,102.555558,95.734201,101.850919,101.850919,5369328
2009-03-02,101.850919,102.455378,100.516685,101.116787,101.116787,6069877
2009-03-03,101.116787,105.256431,100.579393,104.699993,104.699993,8040532
2009-03-04,104.699993,107.238312,104.494651,107.028404,107.028404,5144962
2009-03-05,107.028404,112.456193,106.703413,112.115754,112.115754,4588493
2009-03-06,112.115754,112.517496,111.914816,112.316199,112.316199,3732700
2009-03-09,112.316199,112.670064,107.673301,108.013610,108.013610,10012276
2009-03-10,108.013610,108.392284,106.899944,107.276031,107.276031,3380862
2009-03-11,107.276031,107.500332,106.183624,106.406106,106.406106,6404369
2009-03-12,106.406106,107.336802,105.871435,106.800151,106.800151,3811333
2009-03-13,106.800151,108.015552,106.383151,107.595446,107.595446,4346954
2009-03-16,107.595446,107.728620,107.217209,107.350079,107.350079,4855868
2009-03-17,107.350079,108.137661,107.309039,108.096335,108.096335,4631906
2009-03-18,108.096335,108.644516,107.171645,107.717906,107.717906,5773553
2009-03-19,107.717906,107.855465,106.089911,106.225564,106.225564,5985601
2009-03-20,106.225564,106.528124,106.000470,106.302865,106.302865,14578739
2009-03-23,106.302865,106.623187,105.790271,106.110012,106.110012,7444581
2009-03-24,106.110012,106.894693,104.935113,105.716887,105.716887,10031291
2009-03-25,105.716887,105.867349,105.582541,105.732983,105.732983,4352356
2009-03-26,105.732983,106.084485,105.200397,105.551296,105.551296,7329782
2009-03-27,105.551296,105.709041,104.495513,104.651914,104.651914,5390860
2009-03-30,104.651914,104.772615,103.658403,103.778096,103.778096,9039453
2009-03-31,103.778096,105.767784,103.163884,105.145479,105.145479,4068728
2009-04-01,105.145479,105.520121,102.829453,103.197154,103.197154,3538926
2009-04-02,103.197154,103.781698,102.558305,103.142539,103.142539,4789058
2009-04-03,103.142539,103.304693,103.071231,103.233321,103.233321,4479014
2009-04-06,103.233321,104.395807,102.881409,104.041142,104.041142,3486839
2009-04-07,104.041142,105.450395,103.232159,104.636781,104.636781,2415411
2009-04-08,104.636781,107.532872,104.007448,106.889987,106.889987,8283013
2009-04-09,106.889987,107.128875,106.683203,106.922029,106.922029,6160666
2009-04-10,106.922029,107.077210,106.837075,106.992200,106.992200,7952632
2009-04-13,106.992200,107.070220,106.848078,106.926050,106.926050,6953779
2009-04-14,106.926050,107.855703,106.649953,107.577923,107.577923,5611623
2009-04-15,107.577923,109.612542,107.571433,109.605930,109.605930,5297781
2009-04-16,109.605930,110.601269,109.165269,110.158387,110.158387,7657316
2009-04-17,110.158387,111.500812,109.540055,110.878439,110.878439,7913572
2009-04-20,110.878439,110.981889,110.458811,110.561966,110.561966,4978833
2009-04-21,110.561966,111.046974,110.344834,110.829317,110.829317,8223472
2009-04-22,110.829317,111.026124,109.995867,110.191541,110.191541,4552444
2009-04-23,110.191541,110.262986,108.400504,108.470834,108.470834,3875165
2009-04-24,108.470834,111.241917,108.090524,110.853255,110.853255,5197308
2009-04-27,110.853255,111.246054,109.366372,109.755280,109.755280,6922017
2009-04-28,109.755280,110.160149,108.926578,109.329877,109.329877,5652150
2009-04-29,109.329877,109.560313,109.140725,109.371090,109.371090,5212944
2009-04-30,109.371090,110.137462,109.123078,109.888277,109.888277,4815054
2009-05-01,109.888277,112.430315,108.657365,111.184878,111.184878,6944073
2009-05-04,111.184878,111.764885,110.445309,111.024479,111.024479,8472149
2009-05-05,111.024479,111.317614,110.969815,111.262833,111.262833,7567681
2009-05-06,111.262833,111.799866,109.854394,110.387200,110.387200,6218617
2009-05-07,110.387200,111.871364,109.713737,111.192985,111.192985,8902254
2009-05-08,111.192985,111.993675,110.401771,111.202394,111.202394,7549903
2009-05-11,111.202394,111.359286,109.147652,109.301863,109.301863,6725096
2009-05-12,109.301863,111.649870,108.889382,111.230113,111.230113,4256946
2009-05-13,111.230113,112.621553,110.737238,112.124713,112.124713,5039113
2009-05-14,112.124713,112.589381,111.248767,111.711723,111.711723,5135744
2009-05-15,111.711723,112.804368,109.600284,110.682865,110.682865,10853798
2009-05-18,110.682865,111.117715,108.514766,108.942780,108.942780,7172562
2009-05-19,108.942780,109.396253,108.549212,109.002469,109.002469,6291281
2009-05-20,109.002469,109.793373,107.829314,108.617424,108.617424,12044119
2009-05-21,108.617424,109.221490,107.751582,108.354184,108.354184,3643983
2009-05-22,108.354184,108.921643,107.406521,107.971979,107.971979,4117087
2009-05-25,107.971979,109.267790,107.758692,109.052369,109.052369,7613403
2009-05-26,109.052369,109.053944,108.535785,108.537353,108.537353,5385865
2009-05-27,108.537353,108.977082,107.755850,108.194190,108.194190,5020192
2009-05-28,108.194190,109.416650,106.714359,107.933878,107.933878,9580268
2009-05-29,107.933878,109.420622,107.634283,109.117741,109.117741,2730081
2009-06-01,109.117741,109.721029,107.414981,108.012156,108.012156,4525014
2009-06-02,108.012156,108.993441,107.978184,108.959171,108.959171,6944190
2009-06-03,108.959171,109.480366,107.525624,108.042433,108.042433,4944066
2009-06-04,108.042433,108.464841,107.193697,107.614431,107.614431,7884511
2009-06-05,107.614431,107.682196,107.063196,107.130657,107.130657,4004798
2009-06-08,107.130657,108.412872,105.731839,107.012642,107.012642,5309253
2009-06-09,107.012642,109.208268,106.801932,108.993657,108.993657,6480673
2009-06-10,108.993657,109.603873,105.824853,106.420663,106.420663,4891373
2009-06-11,106.420663,106.794825,104.900621,105.270740,105.270740,7183502
2009-06-12,105.270740,106.854734,105.184828,106.767600,106.767600,3583692
2009-06-15,106.767600,107.001036,105.731335,105.963012,105.963012,3379062
2009-06-16,105.963012,106.653607,104.154785,104.838048,104.838048,7312959
2009-06-17,104.838048,106.499836,103.598443,105.255298,105.255298,5256131
2009-06-18,105.255298,105.296667,104.453915,104.494986,104.494986,4272434
2009-06-19,104.494986,105.659299,104.410866,105.574311,105.574311,9207181
2009-06-22,105.574311,105.833413,105.336274,105.595329,105.595329,9733208
2009-06-23,105.595329,106.218444,103.335191,103.948589,103.948589,5467681
2009-06-24,103.948589,104.653414,103.539245,104.242911,104.242911,7646471
2009-06-25,104.242911,104.563431,104.203623,104.524037,104.524037,6502050
2009-06-26,104.524037,104.604605,103.250054,103.329701,103.329701,6308977
2009-06-29,103.329701,104.026008,102.899537,103.594741,103.594741,7192227
2009-06-30,103.594741,104.133396,103.213817,103.751894,103.751894,4680311
2009-07-01,103.751894,103.982210,103.647993,103.878183,103.878183,7808199
2009-07-02,103.878183,104.174676,103.407067,103.703060,103.703060,4651052
2009-07-03,103.703060,104.345343,103.524244,104.165728,104.165728,8448787
2009-07-06,104.165728,104.745791,103.492595,104.072136,104.072136,6439650
2009-07-07,104.072136,104.676522,103.693141,104.296708,104.296708,3980325
2009-07-08,104.296708,104.449664,103.819605,103.972085,103.972085,5933922
2009-07-09,103.972085,104.837304,103.443258,104.306775,104.306775,8743652
2009-07-10,104.306775,104.683121,104.298528,104.674844,104.674844,7009798
2009-07-13,104.674844,104.828483,104.025247,104.178156,104.178156,9995471
2009-07-14,104.178156,104.665938,103.628723,104.116215,104.116215,4770459
2009-07-15,104.116215,104.197685,103.911371,103.992745,103.992745,9936916
2009-07-16,103.992745,104.755545,103.534168,104.295632,104.295632,4757010
2009-07-17,104.295632,104.335385,103.095819,103.135129,103.135129,4808546
2009-07-20,103.135129,104.070080,102.805480,103.738503,103.738503,3736004
2009-07-21,103.738503,104.227594,102.738413,103.225084,103.225084,4990190
2009-07-22,103.225084,106.391772,102.949450,106.108438,106.108438,5399827
2009-07-23,106.108438,108.100777,105.787158,107.774451,107.774451,5251689
2009-07-24,107.774451,108.892474,107.500178,108.616059,108.616059,8592122
2009-07-27,108.616059,109.001796,108.263752,108.649381,108.649381,7717389
2009-07-28,108.649381,109.154091,107.775765,108.278754,108.278754,7962519
2009-07-29,108.278754,108.568600,108.079039,108.368719,108.368719,5001695
2009-07-30,108.368719,109.253355,107.952843,108.835686,108.835686,8200151
2009-07-31,108.835686,109.258328,106.869392,107.286016,107.286016,5359141
2009-08-03,107.286016,108.643370,107.230806,108.587489,108.587489,11841242
2009-08-04,108.587489,109.911989,108.319266,109.641163,109.641163,9258184
2009-08-05,109.641163,109.940981,109.396030,109.695726,109.695726,9157298
2009-08-06,109.695726,110.370293,108.982911,109.657241,109.657241,3057791
2009-08-07,109.657241,111.336484,109.148355,110.822192,110.822192,6446475
2009-08-10,110.822192,110.968972,110.336665,110.482997,110.482997,5091038
2009-08-11,110.482997,110.656499,108.182977,108.353134,108.353134,7641334
2009-08-12,108.353134,109.099566,108.102276,108.847564,108.847564,2535029
2009-08-13,108.847564,109.029867,108.365362,108.547163,108.547163,5906170
2009-08-14,108.547163,109.334252,108.313508,109.099408,109.099408,5103598
2009-08-17,109.099408,109.564670,108.036409,108.499111,108.499111,6371323
2009-08-18,108.499111,111.001631,108.328227,110.827081,110.827081,6602265
2009-08-19,110.827081,111.663674,110.594265,111.429592,111.429592,3975154
2009-08-20,111.429592,113.332537,111.416828,113.319557,113.319557,4987730
2009-08-21,113.319557,113.675597,112.520264,112.874906,112.874906,5909385
2009-08-24,112.874906,113.762521,112.189918,113.076311,113.076311,5925384
2009-08-25,113.076311,113.445191,109.042831,109.399716,109.399716,4148611
2009-08-26,109.399716,109.786691,108.978125,109.364978,109.364978,6502778
2009-08-27,109.364978,110.030254,109.156606,109.821013,109.821013,4461923
2009-08-28,109.821013,110.480922,109.598736,110.257762,110.257762,7614273
2009-08-31,110.257762,111.345133,110.023353,111.108916,111.108916,8229625
2009-09-01,111.108916,111.832841,110.516983,111.240209,111.240209,5114956
2009-09-02,111.240209,111.435189,109.775870,109.968621,109.968621,4022955
2009-09-03,109.968621,111.966386,109.469463,111.460456,111.460456,8040268
2009-09-04,111.460456,114.084836,110.988905,113.604216,113.604216,7922305
2009-09-07,113.604216,116.542278,113.256847,116.187011,116.187011,5815514
2009-09-08,116.187011,116.344712,115.983392,116.141031,116.141031,6605246
2009-09-09,116.141031,116.597955,116.037281,116.493890,116.493890,4591910
2009-09-10,116.493890,117.564684,114.835245,115.900585,115.900585,3907365
2009-09-11,115.900585,116.249306,115.301552,115.649517,115.649517,4171858
2009-09-14,115.649517,118.601816,115.288628,118.232866,118.232866,9219317
2009-09-15,118.232866,119.719526,117.982867,119.466918,119.466918,8356629
2009-09-16,119.466918,120.109345,117.953778,118.591497,118.591497,4020058
2009-09-17,118.591497,119.371445,116.254248,117.023887,117.023887,5533277
2009-09-18,117.023887,117.299591,116.798160,117.073769,117.073769,7968825
2009-09-21,117.073769,117.629109,116.849416,117.404124,117.404124,8143738
2009-09-22,117.404124,118.464059,117.134305,118.192429,118.192429,3588958
2009-09-23,118.192429,118.906569,117.927973,118.641108,118.641108,5128299
2009-09-24,118.641108,119.058045,117.495850,117.910218,117.910218,6558897
2009-09-25,117.910218,118.532719,116.769692,117.389443,117.389443,5847233
2009-09-28,117.389443,117.465827,115.965727,116.041234,116.041234,12357150
2009-09-29,116.041234,116.476791,115.563990,115.999391,115.999391,6348102
2009-09-30,115.999391,116.102074,115.402284,115.504529,115.504529,6591598
2009-10-01,115.504529,115.843521,114.265062,114.601404,114.601404,6680267
2009-10-02,114.601404,115.197971,114.484739,115.080819,115.080819,3103777
2009-10-05,115.080819,116.175981,114.867201,115.960730,115.960730,4828564
2009-10-06,115.960730,116.459311,114.327461,114.821142,114.821142,4905934
2009-10-07,114.821142,114.946389,114.060518,114.185071,114.185071,8240689
2009-10-08,114.185071,114.431903,113.828197,114.074790,114.074790,3704978
2009-10-09,114.074790,114.449519,113.441327,113.815203,113.815203,4265022
2009-10-12,113.815203,114.710725,113.233475,114.127400,114.127400,7653378
2009-10-13,114.127400,114.251808,112.547742,112.670561,112.670561,5993247
2009-10-14,112.670561,112.996639,112.469745,112.795601,112.795601,4337693
2009-10-15,112.795601,113.297354,112.509237,113.010444,113.010444,10820848
2009-10-16,113.010444,114.974329,112.663730,114.622668,114.622668,9218405
2009-10-19,114.622668,116.018016,113.621386,115.013322,115.013322,4457180
2009-10-20,115.013322,116.607926,114.090314,115.679571,115.679571,7891576
2009-10-21,115.679571,117.496747,115.425797,117.239549,117.239549,4593675
2009-10-22,117.239549,117.640632,116.918641,117.319505,117.319505,7393911
2009-10-23,117.319505,117.325226,116.081192,116.086853,116.086853,4094664
2009-10-26,116.086853,116.772849,114.707580,115.389455,115.389455,7632612
2009-10-27,115.389455,117.923117,115.146470,117.675318,117.675318,5887108
2009-10-28,117.675318,118.170099,116.952752,117.446570,117.446570,5781075
2009-10-29,117.446570,117.975761,117.186621,117.715216,117.715216,7881477
2009-10-30,117.715216,117.832682,117.672544,117.789982,117.789982,6231392
2009-11-02,117.789982,117.823169,117.751801,117.784987,117.784987,6111242
2009-11-03,117.784987,117.792105,117.025635,117.032707,117.032707,6115034
2009-11-04,117.032707,117.657575,116.886027,117.510297,117.510297,6226535
2009-11-05,117.510297,119.025919,117.457450,118.972415,118.972415,5438411
2009-11-06,118.972415,121.233629,118.033885,120.284747,120.284747,6986453
2009-11-09,120.284747,122.468198,119.714140,121.889977,121.889977,6123908
2009-11-10,121.889977,122.283117,121.502631,121.895754,121.895754,4975419
2009-11-11,121.895754,122.301305,120.142674,120.543727,120.543727,5203258
2009-11-12,120.543727,120.678931,120.306348,120.441438,120.441438,5758854
2009-11-13,120.441438,121.131781,119.477418,120.166184,120.166184,3598265
2009-11-16,120.166184,120.904784,119.469393,120.207752,120.207752,7415908
2009-11-17,120.207752,120.926148,120.105054,120.822925,120.822925,7501607
2009-11-18,120.822925,121.030419,120.436646,120.643833,120.643833,6290412
2009-11-19,120.643833,123.777138,120.541979,123.672727,123.672727,3738984
2009-11-20,123.672727,127.131213,123.222276,126.669845,126.669845,12788893
2009-11-23,126.669845,127.283178,126.344372,126.956967,126.956967,8187325
2009-11-24,126.956967,127.463596,126.362986,126.869264,126.869264,4529526
2009-11-25,126.869264,127.593403,126.688206,127.411571,127.411571,8829310
2009-11-26,127.411571,129.130409,127.344775,129.062748,129.062748,5038972
2009-11-27,129.062748,129.830800,128.239681,129.007404,129.007404,9734129
2009-11-30,129.007404,129.571318,128.411250,128.975023,128.975023,3581170
2009-12-01,128.975023,129.959200,128.636311,129.618798,129.618798,6338845
2009-12-02,129.618798,129.730368,129.307360,129.418757,129.418757,5596090
2009-12-03,129.418757,129.831631,128.052453,128.462276,128.462276,10268074
2009-12-04,128.462276,128.482881,127.577148,127.597614,127.597614,6699610
2009-12-07,127.597614,128.271070,127.062228,127.735108,127.735108,9603681
2009-12-08,127.735108,128.192797,127.149214,127.606442,127.606442,4646536
2009-12-09,127.606442,128.181557,125.956407,126.526656,126.526656,5144537
2009-12-10,126.526656,127.875988,126.102497,127.448738,127.448738,10963604
2009-12-11,127.448738,128.241063,126.778887,127.570571,127.570571,4547418
2009-12-14,127.570571,127.768034,126.994505,127.191381,127.191381,9886712
2009-12-15,127.191381,128.365813,126.388904,127.561005,127.561005,7749225
2009-12-16,127.561005,128.344880,126.906285,127.689501,127.689501,9951695
2009-12-17,127.689501,127.890092,121.252689,121.443468,121.443468,5488089
2009-12-18,121.443468,122.536306,121.017326,122.107832,122.107832,4052438
2009-12-21,122.107832,122.416943,121.777738,122.086795,122.086795,9594272
2009-12-22,122.086795,124.409336,121.577821,123.892833,123.892833,10627836
2009-12-23,123.892833,125.721835,123.478218,125.302503,125.302503,7602601
2009-12-24,125.302503,125.422863,124.886085,125.006160,125.006160,7122997
2009-12-25,125.006160,125.250551,123.449948,123.691770,123.691770,6287874
2009-12-28,123.691770,124.764105,122.547749,123.619457,123.619457,4373840
2009-12-29,123.619457,124.474915,122.997814,123.852102,123.852102,9815128
2009-12-30,123.852102,126.163615,122.837622,125.138597,125.138597,9646842
2009-12-31,125.138597,127.126188,124.689029,126.671114,126.671114,3895665
2010-01-01,126.671114,126.969521,125.348116,125.644104,125.644104,6435956
2010-01-04,125.644104,127.284137,124.240984,125.878400,125.878400,4953215
2010-01-05,125.878400,126.528662,125.760319,126.410082,126.410082,10140396
2010-01-06,126.410082,126.423320,125.266871,125.279991,125.279991,4818062
2010-01-07,125.279991,126.622806,124.885998,126.225838,126.225838,14445337
2010-01-08,126.225838,126.272331,125.903393,125.949784,125.949784,9456663
2010-01-11,125.949784,126.591385,125.195883,125.836909,125.836909,6498774
2010-01-12,125.836909,128.046111,124.958277,127.158254,127.158254,5482574
2010-01-13,127.158254,127.524690,125.483784,125.846440,125.846440,3818975
2010-01-14,125.846440,126.869664,124.482188,125.502617,125.502617,4798741
2010-01-15,125.502617,126.572693,125.108762,126.176723,126.176723,8491625
2010-01-18,126.176723,127.987582,125.387067,127.191574,127.191574,3458623
2010-01-19,127.191574,128.517708,124.355377,125.665600,125.665600,4100703
2010-01-20,125.665600,126.831482,125.335140,126.498832,126.498832,3594047
2010-01-21,126.498832,127.162608,125.947733,126.611020,126.611020,4697638
2010-01-22,126.611020,129.899611,125.565130,128.835346,128.835346,4315133
2010-01-25,128.835346,131.572474,128.420077,131.149745,131.149745,8157484
2010-01-26,131.149745,131.493388,129.585796,129.926234,129.926234,3222197
2010-01-27,129.926234,130.681150,128.541004,129.292237,129.292237,7322583
2010-01-28,129.292237,129.453583,128.150763,128.310885,128.310885,4991527
2010-01-29,128.310885,128.417515,126.632992,126.738316,126.738316,5827832
2010-02-01,126.738316,126.992190,122.975888,123.222720,123.222720,3208081
2010-02-02,123.222720,123.848061,123.182903,123.808055,123.808055,6006571
2010-02-03,123.808055,125.094112,123.192096,124.474836,124.474836,5588728
2010-02-04,124.474836,125.823271,124.286851,125.633535,125.633535,7506945
2010-02-05,125.633535,126.252277,124.549760,125.166200,125.166200,8545394
2010-02-08,125.166200,127.200419,124.059067,126.085158,126.085158,12200765
2010-02-09,126.085158,130.171114,125.610750,129.683168,129.683168,6735731
2010-02-10,129.683168,130.983203,129.537023,130.835759,130.835759,3229591
2010-02-11,130.835759,131.479763,128.831471,129.468746,129.468746,3136656
2010-02-12,129.468746,130.099089,129.269436,129.899117,129.899117,4517510
2010-02-15,129.899117,130.693952,128.834072,129.627243,129.627243,6302071
2010-02-16,129.627243,130.196825,128.670463,129.238336,129.238336,7538920
2010-02-17,129.238336,129.806481,127.546698,128.109882,128.109882,7736366
2010-02-18,128.109882,129.198180,127.278782,128.365423,128.365423,4304317
2010-02-19,128.365423,128.791531,126.425362,126.846428,126.846428,4843703
2010-02-22,126.846428,127.449230,124.297640,124.891150,124.891150,4937850
2010-02-23,124.891150,125.531564,123.855439,124.493816,124.493816,10097748
2010-02-24,124.493816,124.977092,123.467214,123.948373,123.948373,4907687
2010-02-25,123.948373,126.952068,123.497107,126.491543,126.491543,5915957
2010-02-26,126.491543,126.883343,124.985911,125.374251,125.374251,5008385
2010-03-01,125.374251,127.312136,125.155808,127.090703,127.090703,9050554
2010-03-02,127.090703,127.665521,126.859453,127.433648,127.433648,5488818
2010-03-03,127.433648,128.413332,127.201171,128.179495,128.179495,5957634
2010-03-04,128.179495,130.019457,128.024645,129.862574,129.862574,6621293
2010-03-05,129.862574,130.253202,128.319261,128.706411,128.706411,6309610
2010-03-08,128.706411,130.613618,128.421796,130.325423,130.325423,6536593
2010-03-09,130.325423,131.342989,129.048027,130.063548,130.063548,5877009
2010-03-10,130.063548,130.197729,128.947989,129.081156,129.081156,10108525
2010-03-11,129.081156,130.449076,128.317667,129.682033,129.682033,11736857
2010-03-12,129.682033,130.012738,128.874036,129.203522,129.203522,9610251
2010-03-15,129.203522,131.347278,128.983131,131.123612,131.123612,6301173
2010-03-16,131.123612,131.955038,129.855147,130.683785,130.683785,2476487
2010-03-17,130.683785,134.588469,130.571637,134.473070,134.473070,9614216
2010-03-18,134.473070,134.891542,132.655179,133.069282,133.069282,7388814
2010-03-19,133.069282,133.374718,131.242767,131.544703,131.544703,4404783
2010-03-22,131.544703,133.297703,131.068152,132.816545,132.816545,8459603
2010-03-23,132.816545,134.204449,131.914262,133.298889,133.298889,6592410
2010-03-24,133.298889,133.999263,131.828237,132.524542,132.524542,14929945
2010-03-25,132.524542,133.452136,131.609897,132.537402,132.537402,8485522
2010-03-26,132.537402,132.548072,131.513703,131.524291,131.524291,8892949
2010-03-29,131.524291,132.728799,131.522699,132.727192,132.727192,6207501
2010-03-30,132.727192,132.825681,132.536046,132.634467,132.634467,9077373
2010-03-31,132.634467,133.671636,132.317633,133.353086,133.353086,6568573
2010-04-01,133.353086,134.193830,132.140061,132.978443,132.978443,8970818
2010-04-02,132.978443,133.798844,128.634333,129.432859,129.432859,7199753
2010-04-05,129.432859,130.970012,128.956613,130.489876,130.489876,5430186
2010-04-06,130.489876,130.766883,127.523996,127.795283,127.795283,3705579
2010-04-07,127.795283,129.903452,127.403412,129.506335,129.506335,4012505
2010-04-08,129.506335,130.056974,127.864255,128.410234,128.410234,9277718
2010-04-09,128.410234,129.265547,127.947948,128.801851,128.801851,6990767
2010-04-12,128.801851,129.093769,127.764537,128.054762,128.054762,4147216
2010-04-13,128.054762,128.516334,125.676801,126.131440,126.131440,9670819
2010-04-14,126.131440,126.986428,125.692102,126.545647,126.545647,6907790
2010-04-15,126.545647,127.642708,125.444762,126.541790,126.541790,4383032
2010-04-16,126.541790,126.563819,126.411874,126.433885,126.433885,11961762
2010-04-19,126.433885,127.462061,125.732218,126.758591,126.758591,8996558
2010-04-20,126.758591,127.994150,126.694386,127.929352,127.929352,8952274
2010-04-21,127.929352,130.722914,127.725212,130.514648,130.514648,10535467
2010-04-22,130.514648,130.768923,130.273711,130.527961,130.527961,5197085
2010-04-23,130.527961,131.517701,130.117196,131.105119,131.105119,3720283
2010-04-26,131.105119,132.169163,129.046074,130.101976,130.101976,9633022
2010-04-27,130.101976,131.269609,129.806429,130.972085,130.972085,5753716
2010-04-28,130.972085,132.057250,130.397594,131.480529,131.480529,2923819
2010-04-29,131.480529,131.971920,131.469984,131.961337,131.961337,6222667
2010-04-30,131.961337,133.141223,131.880971,133.060188,133.060188,5265207
2010-05-03,133.060188,133.532779,131.104776,131.572082,131.572082,10856569
2010-05-04,131.572082,132.011270,130.174640,130.610619,130.610619,7587194
2010-05-05,130.610619,130.959863,129.756475,130.104366,130.104366,3092217
2010-05-06,130.104366,133.498518,128.843989,132.217669,132.217669,9951041
2010-05-07,132.217669,132.368365,132.145965,132.296618,132.296618,3576407
2010-05-10,132.296618,132.496321,129.416525,129.612176,129.612176,4587458
2010-05-11,129.612176,129.638257,129.110347,129.136332,129.136332,6530479
2010-05-12,129.136332,130.630469,129.054690,130.547934,130.547934,3974585
2010-05-13,130.547934,130.738023,130.147659,130.337442,130.337442,5979824
2010-05-14,130.337442,131.425474,129.712419,130.798242,130.798242,6618124
2010-05-17,130.798242,131.011315,130.608436,130.821475,130.821475,6218151
2010-05-18,130.821475,131.048780,129.869191,130.095234,130.095234,7157319
2010-05-19,130.095234,130.945853,129.350882,130.200897,130.200897,9322120
2010-05-20,130.200897,130.244794,128.772468,128.815898,128.815898,3644411
2010-05-21,128.815898,129.495277,128.646675,129.325384,129.325384,6658626
2010-05-24,129.325384,129.738948,129.080340,129.493585,129.493585,5462356
2010-05-25,129.493585,129.841173,128.017925,128.362478,128.362478,7383270
2010-05-26,128.362478,130.302533,127.976143,129.911536,129.911536,7886666
2010-05-27,129.911536,131.908740,129.728171,131.722818,131.722818,4351163
2010-05-28,131.722818,132.620314,131.352679,132.248697,132.248697,3838848
2010-05-31,132.248697,132.653734,131.293479,131.696826,131.696826,9165152
2010-06-01,131.696826,131.943933,131.103173,131.349629,131.349629,4742908
2010-06-02,131.349629,132.164307,131.094102,131.907695,131.907695,5775629
2010-06-03,131.907695,132.061538,129.782881,129.934424,129.934424,3730603
2010-06-04,129.934424,129.982872,129.708709,129.757091,129.757091,5985688
2010-06-07,129.757091,129.869674,128.785324,128.897161,128.897161,5926563
2010-06-08,128.897161,129.443544,126.875765,127.415870,127.415870,3576753
2010-06-09,127.415870,127.791231,127.195489,127.570583,127.570583,6785981
2010-06-10,127.570583,128.769074,127.015326,128.211030,128.211030,6523701
2010-06-11,128.211030,129.582291,128.065981,129.435856,129.435856,5120895
2010-06-14,129.435856,130.011042,129.372616,129.947553,129.947553,6272625
2010-06-15,129.947553,130.337318,129.615101,130.004720,130.004720,3808800
2010-06-16,130.004720,131.229594,129.264963,130.487092,130.487092,7799516
2010-06-17,130.487092,131.440558,130.202195,131.154204,131.154204,4245516
2010-06-18,131.154204,131.428093,130.153992,130.426361,130.426361,8753067
2010-06-21,130.426361,132.233039,130.162901,131.966468,131.966468,9042256
2010-06-22,131.966468,132.340424,131.268121,131.641155,131.641155,6097034
2010-06-23,131.641155,132.522814,128.524838,129.391430,129.391430,8842965
2010-06-24,129.391430,129.491293,129.377245,129.477099,129.477099,3913888
2010-06-25,129.477099,130.783921,129.208860,130.513535,130.513535,7298139
2010-06-28,130.513535,131.519783,129.819330,130.823927,130.823927,7022542
2010-06-29,130.823927,131.256969,128.820896,129.248724,129.248724,8656952
2010-06-30,129.248724,130.857882,128.953124,130.559285,130.559285,9615881
2010-07-01,130.559285,130.984208,129.935432,130.359706,130.359706,6353282
2010-07-02,130.359706,131.203778,128.234486,129.070208,129.070208,6200417
2010-07-05,129.070208,130.437419,128.421482,129.785099,129.785099,5180691
2010-07-06,129.785099,131.001754,129.353464,130.567517,130.567517,8397162
2010-07-07,130.567517,131.441482,130.552080,131.425944,131.425944,4653499
2010-07-08,131.425944,132.974678,131.280844,132.828030,132.828030,5866931
2010-07-09,132.828030,134.972450,132.109564,134.246313,134.246313,9059108
2010-07-12,134.246313,136.003557,133.757120,135.509760,135.509760,4861432
2010-07-13,135.509760,137.172683,135.399217,137.060874,137.060874,5866699
2010-07-14,137.060874,137.713880,136.932997,137.585513,137.585513,5637089
2010-07-15,137.585513,138.331359,136.953343,137.698669,137.698669,6908321
2010-07-16,137.698669,138.944883,137.540081,138.785044,138.785044,3878006
2010-07-19,138.785044,140.059890,138.582660,139.855944,139.855944,4495384
2010-07-20,139.855944,140.187494,139.117113,139.447695,139.447695,9312103
2010-07-21,139.447695,140.000306,134.157189,134.690949,134.690949,7710780
2010-07-22,134.690949,135.995527,133.496238,134.799850,134.799850,6146205
2010-07-23,134.799850,135.158531,133.663107,134.019712,134.019712,4133008
2010-07-26,134.019712,135.021195,132.711548,133.710722,133.710722,7864666
2010-07-27,133.710722,133.933986,133.657014,133.880210,133.880210,6372850
2010-07-28,133.880210,134.615348,133.032197,133.766711,133.766711,4651430
2010-07-29,133.766711,134.494247,133.306585,134.033205,134.033205,4907181
2010-07-30,134.033205,134.143021,133.781081,133.890780,133.890780,5425744
2010-08-02,133.890780,134.822632,133.524269,134.454578,134.454578,2712456
2010-08-03,134.454578,135.167848,132.243045,132.948325,132.948325,4246007
2010-08-04,132.948325,133.103541,132.706190,132.861305,132.861305,7337040
2010-08-05,132.861305,133.426005,131.345197,131.905836,131.905836,5875968
2010-08-06,131.905836,133.020222,131.691595,132.804522,132.804522,4611896
2010-08-09,132.804522,134.294351,132.116806,133.602504,133.602504,3667934
2010-08-10,133.602504,134.343541,133.252941,133.992957,133.992957,6223584
2010-08-11,133.992957,136.901042,133.417133,136.315239,136.315239,4948012
2010-08-12,136.315239,137.036566,136.275219,136.996346,136.996346,4813937
2010-08-13,136.996346,137.685442,135.289716,135.973667,135.973667,4585093
2010-08-16,135.973667,136.938300,134.564109,135.525562,135.525562,5141498
2010-08-17,135.525562,139.944442,135.519478,139.938160,139.938160,6239452
2010-08-18,139.938160,143.502691,139.869539,143.432357,143.432357,9764421
2010-08-19,143.432357,143.469454,142.227039,142.263834,142.263834,3708728
2010-08-20,142.263834,142.635723,140.325809,140.693592,140.693592,5407733
2010-08-23,140.693592,140.973680,139.958290,140.237470,140.237470,7887719
2010-08-24,140.237470,141.108342,138.318179,139.182500,139.182500,5841760
2010-08-25,139.182500,139.536101,138.345378,138.697747,138.697747,7732387
2010-08-26,138.697747,140.439981,138.665956,140.407798,140.407798,6480795
2010-08-27,140.407798,142.982973,139.708824,142.274705,142.274705,5473273
2010-08-30,142.274705,144.119607,142.207620,144.051683,144.051683,9763391
2010-08-31,144.051683,144.154976,142.862051,142.964564,142.964564,4253956
2010-09-01,142.964564,144.680564,142.319555,144.030745,144.030745,7970363
2010-09-02,144.030745,144.359403,142.147248,142.472351,142.472351,4545223
2010-09-03,142.472351,142.943640,142.256553,142.727455,142.727455,5124006
2010-09-06,142.727455,142.908260,141.468038,141.647475,141.647475,7507455
2010-09-07,141.647475,143.504355,141.567828,143.423710,143.423710,6515019
2010-09-08,143.423710,143.517691,140.474608,140.566718,140.566718,4065324
2010-09-09,140.566718,141.003268,139.604394,140.039306,140.039306,10109735
2010-09-10,140.039306,144.852870,139.535411,144.333523,144.333523,4237589
2010-09-13,144.333523,145.845594,139.159310,140.632610,140.632610,6058056
2010-09-14,140.632610,141.280483,137.626109,138.263066,138.263066,8731775
2010-09-15,138.263066,140.163838,137.770955,139.666731,139.666731,4866808
2010-09-16,139.666731,140.578679,138.643622,139.554840,139.554840,13890317
2010-09-17,139.554840,139.908702,138.528773,138.880927,138.880927,6228696
2010-09-20,138.880927,139.764664,138.584519,139.467005,139.467005,6235560
2010-09-21,139.467005,139.480847,135.794125,135.807604,135.807604,7162567
2010-09-22,135.807604,136.481207,133.726280,134.392865,134.392865,5513975
2010-09-23,134.392865,134.727610,133.081965,133.414272,133.414272,5308776
2010-09-24,133.414272,133.778718,130.003335,130.359436,130.359436,4910405
2010-09-27,130.359436,131.213598,129.164891,130.016808,130.016808,5030365
2010-09-28,130.016808,130.995999,129.462295,130.439683,130.439683,6435567
2010-09-29,130.439683,131.638072,130.385573,131.583488,131.583488,8167109
2010-09-30,131.583488,132.515929,130.767419,131.699143,131.699143,8255391
2010-10-01,131.699143,131.808846,131.567849,131.677534,131.677534,10391871
2010-10-04,131.677534,132.495340,131.389437,132.206086,132.206086,4787526
2010-10-05,132.206086,133.298188,130.146058,131.230098,131.230098,3450859
2010-10-06,131.230098,132.700520,130.844134,132.311376,132.311376,4862254
2010-10-07,132.311376,132.903210,131.284167,131.874044,131.874044,7237016
2010-10-08,131.874044,134.115057,131.019239,133.251325,133.251325,5523205
2010-10-11,133.251325,133.650107,132.743074,133.141528,133.141528,8238237
2010-10-12,133.141528,133.215382,132.157626,132.230975,132.230975,9240694
2010-10-13,132.230975,133.485986,131.580172,132.832223,132.832223,7413222
2010-10-14,132.832223,134.037905,132.164264,133.367256,133.367256,5440992
2010-10-15,133.367256,134.117795,131.292110,132.035153,132.035153,4866844
2010-10-18,132.035153,133.645157,131.904117,133.512654,133.512654,8797855
2010-10-19,133.512654,135.360733,132.637369,134.479112,134.479112,5210191
2010-10-20,134.479112,135.732837,134.063257,135.314399,135.314399,8715465
2010-10-21,135.314399,135.962867,131.419200,132.052034,132.052034,8727160
2010-10-22,132.052034,132.626322,131.699737,132.273434,132.273434,5060172
2010-10-25,132.273434,132.493849,131.388911,131.608217,131.608217,4000482
2010-10-26,131.608217,132.569880,129.158387,130.109096,130.109096,4696323
2010-10-27,130.109096,130.953950,130.077183,130.921838,130.921838,4336515
2010-10-28,130.921838,130.978282,130.240711,130.296887,130.296887,5448426
2010-10-29,130.296887,130.885946,128.399626,128.982745,128.982745,6211793
2010-11-01,128.982745,129.008661,128.780824,128.806704,128.806704,3795370
2010-11-02,128.806704,131.184648,127.727762,130.094915,130.094915,8277827
2010-11-03,130.094915,131.176053,129.835007,130.914507,130.914507,5650917
2010-11-04,130.914507,130.986627,129.607650,129.679090,129.679090,4606765
2010-11-05,129.679090,129.889757,129.212432,129.422682,129.422682,3414929
2010-11-08,129.422682,129.686068,128.964894,129.227884,129.227884,5804854
2010-11-09,129.227884,131.873880,128.441995,131.076747,131.076747,8647250
2010-11-10,131.076747,132.169114,130.910147,132.001338,132.001338,2404937
2010-11-11,132.001338,132.689381,131.849368,132.536794,132.536794,3239271
2010-11-12,132.536794,133.302822,130.933444,131.694603,131.694603,6133211
2010-11-15,131.694603,133.543781,130.669790,132.512602,132.512602,7451793
2010-11-16,132.512602,132.531057,130.254988,130.273130,130.273130,3131366
2010-11-17,130.273130,131.235032,129.428795,130.389939,130.389939,5202881
2010-11-18,130.389939,130.668670,129.621365,129.899046,129.899046,3878908
2010-11-19,129.899046,130.017225,128.461246,128.578223,128.578223,8931302
2010-11-22,128.578223,129.269476,128.257870,128.948201,128.948201,8643960
2010-11-23,128.948201,131.522359,128.163228,130.726560,130.726560,8426025
2010-11-24,130.726560,131.005437,129.817051,130.094580,130.094580,4382888
2010-11-25,130.094580,131.550417,129.677316,131.129834,131.129834,6578021
2010-11-26,131.129834,132.034997,130.868646,131.772529,131.772529,7004603
2010-11-29,131.772529,132.024781,131.752486,132.004703,132.004703,5784442
2010-11-30,132.004703,132.569557,131.954291,132.518949,132.518949,5454067
2010-12-01,132.518949,132.577971,130.157198,130.215194,130.215194,5142653
2010-12-02,130.215194,130.685914,129.875659,130.346038,130.346038,8392461
2010-12-03,130.346038,131.766577,129.553617,130.970360,130.970360,9521095
2010-12-06,130.970360,131.135181,128.631104,128.793185,128.793185,4953008
2010-12-07,128.793185,129.970129,128.543655,129.718806,129.718806,4642294
2010-12-08,129.718806,130.363333,128.707110,129.349803,129.349803,5628312
2010-12-09,129.349803,129.402870,129.057328,129.110297,129.110297,4360902
2010-12-10,129.110297,130.424230,128.947081,130.259561,130.259561,6777833
2010-12-13,130.259561,131.062942,129.710557,130.512871,130.512871,7436912
2010-12-14,130.512871,132.152511,129.301400,130.937102,130.937102,6893003
2010-12-15,130.937102,131.988914,130.352944,131.402679,131.402679,8912431
2010-12-16,131.402679,131.930008,130.649386,131.175805,131.175805,6279359
2010-12-17,131.175805,131.362167,130.616491,130.802323,130.802323,4886827
2010-12-20,130.802323,132.525692,127.903654,129.611331,129.611331,6874057
2010-12-21,129.611331,129.835488,127.989300,128.211035,128.211035,9385071
2010-12-22,128.211035,129.225030,127.564931,128.577082,128.577082,3052154
2010-12-23,128.577082,129.060442,128.035046,128.518185,128.518185,6301609
2010-12-24,128.518185,128.629096,127.988738,128.099286,128.099286,3490068
2010-12-27,128.099286,129.830374,127.005621,128.731312,128.731312,13750212
2010-12-28,128.731312,129.709154,127.397893,128.373013,128.373013,7972721
2010-12-29,128.373013,129.754014,128.264817,129.644746,129.644746,5936784
2010-12-30,129.644746,131.319064,129.252649,130.923101,130.923101,8080398
2010-12-31,130.923101,131.636776,129.285996,129.994609,129.994609,5865242
2011-01-03,129.994609,130.377137,129.732867,130.115152,130.115152,6601949
2011-01-04,130.115152,130.566921,127.392973,127.836831,127.836831,6054520
2011-01-05,127.836831,128.621787,125.849309,126.626835,126.626835,3236505
2011-01-06,126.626835,126.971483,126.025518,126.369465,126.369465,7119141
2011-01-07,126.369465,127.364131,126.067937,127.060953,127.060953,8805028
2011-01-10,127.060953,134.716301,126.983184,134.633897,134.633897,10049098
2011-01-11,134.633897,135.082649,130.223919,130.659424,130.659424,11232231
2011-01-12,130.659424,130.924463,130.300789,130.565637,130.565637,11635421
2011-01-13,130.565637,131.311359,129.663009,130.407829,130.407829,9359126
2011-01-14,130.407829,131.529784,129.732034,130.851689,130.851689,11774964
2011-01-17,130.851689,131.618534,130.597699,131.363550,131.363550,5760947
2011-01-18,131.363550,131.786277,131.084472,131.506895,131.506895,2873880
2011-01-19,131.506895,131.740169,128.040932,128.268461,128.268461,3232329
2011-01-20,128.268461,128.591364,126.005073,126.323079,126.323079,9808934
2011-01-21,126.323079,126.448464,122.146057,122.267417,122.267417,7295395
2011-01-24,122.267417,122.694910,122.052451,122.479571,122.479571,11127013
2011-01-25,122.479571,123.969463,121.745300,123.230689,123.230689,5328306
2011-01-26,123.230689,124.286637,122.864728,123.918633,123.918633,3520129
2011-01-27,123.918633,125.013982,123.908406,125.003667,125.003667,3201810
2011-01-28,125.003667,125.330562,122.342715,122.663490,122.663490,5745698
2011-01-31,122.663490,124.193789,122.550015,124.079004,124.079004,6052062
2011-02-01,124.079004,125.547661,123.711343,125.176746,125.176746,8596775
2011-02-02,125.176746,126.401583,125.164041,126.388756,126.388756,2634717
2011-02-03,126.388756,126.788854,123.472010,123.864116,123.864116,7948233
2011-02-04,123.864116,124.163380,122.774653,123.072002,123.072002,5269358
2011-02-07,123.072002,124.037725,122.786929,123.751079,123.751079,6484699
2011-02-08,123.751079,124.437172,122.349211,123.031313,123.031313,5014373
2011-02-09,123.031313,123.521518,122.860417,123.350180,123.350180,6776554
2011-02-10,123.350180,123.576576,122.571491,122.796872,122.796872,7244994
2011-02-11,122.796872,122.880580,122.705161,122.788864,122.788864,5157668
2011-02-14,122.788864,123.012245,121.817996,122.040015,122.040015,7363260
2011-02-15,122.040015,122.528449,121.585204,122.073513,122.073513,2736455
2011-02-16,122.073513,123.313551,121.974914,123.214030,123.214030,5421638
2011-02-17,123.214030,124.187381,122.537817,123.509547,123.509547,8674815
2011-02-18,123.509547,124.561687,122.465433,123.517506,123.517506,5605062
2011-02-21,123.517506,123.683183,122.710345,122.875160,122.875160,9454643
2011-02-22,122.875160,123.119361,122.481502,122.725405,122.725405,4953710
2011-02-23,122.725405,124.249749,122.343992,123.864795,123.864795,6303923
2011-02-24,123.864795,124.201892,122.762063,123.097072,123.097072,7573489
2011-02-25,123.097072,124.421881,122.415981,123.737249,123.737249,4257440
2011-02-28,123.737249,125.317078,123.374476,124.950748,124.950748,7490001
2011-03-01,124.950748,125.123165,124.591554,124.763714,124.763714,10772229
2011-03-02,124.763714,124.859454,124.357664,124.453165,124.453165,7264027
2011-03-03,124.453165,124.980800,122.466324,122.987746,122.987746,4293730
2011-03-04,122.987746,123.135950,122.474676,122.622440,122.622440,3118850
2011-03-07,122.622440,124.044879,120.221632,121.632588,121.632588,5795853
2011-03-08,121.632588,122.197647,121.123249,121.688076,121.688076,9981507
2011-03-09,121.688076,121.911545,121.410521,121.633891,121.633891,7087595
2011-03-10,121.633891,122.008128,121.445464,121.819413,121.819413,5058063
2011-03-11,121.819413,122.095665,121.564509,121.840716,121.840716,6467276
2011-03-14,121.840716,123.231794,121.021415,122.408674,122.408674,11852002
2011-03-15,122.408674,122.557084,121.897825,122.045795,122.045795,9409129
2011-03-16,122.045795,122.545951,121.023125,121.521131,121.521131,6321529
2011-03-17,121.521131,122.066114,120.871887,121.416401,121.416401,6042886
2011-03-18,121.416401,121.807816,121.313525,121.704696,121.704696,3721988
2011-03-21,121.704696,122.703556,120.934741,121.932162,121.932162,5017016
2011-03-22,121.932162,123.210600,120.871868,122.148425,122.148425,3283176
2011-03-23,122.148425,123.251712,121.380233,122.481426,122.481426,5589018
2011-03-24,122.481426,124.553679,121.942719,124.008256,124.008256,6978774
2011-03-25,124.008256,124.937445,123.232458,124.160694,124.160694,2800340
2011-03-28,124.160694,124.365709,122.084781,122.286703,122.286703,10544462
2011-03-29,122.286703,124.196153,121.165566,123.067854,123.067854,3122914
2011-03-30,123.067854,124.030460,122.545725,123.506471,123.506471,3636616
2011-03-31,123.506471,125.184805,122.672340,124.345011,124.345011,7735190
2011-04-01,124.345011,126.392052,124.163521,126.207844,126.207844,5324360
2011-04-04,126.207844,126.374391,125.861038,126.027346,126.027346,8547152
2011-04-05,126.027346,126.614941,124.005735,124.586613,124.586613,5080762
2011-04-06,124.586613,125.677054,123.701448,124.790441,124.790441,8821501
2011-04-07,124.790441,124.879614,123.285479,123.373640,123.373640,2939232
2011-04-08,123.373640,123.522404,123.260072,123.408804,123.408804,4736174
2011-04-11,123.408804,124.143048,122.067833,122.798446,122.798446,7687404
2011-04-12,122.798446,123.887034,122.400297,123.486655,123.486655,5762902
2011-04-13,123.486655,123.608403,123.013870,123.135271,123.135271,5743279
2011-04-14,123.135271,125.428471,122.584549,124.869990,124.869990,6795325
2011-04-15,124.869990,125.507953,123.954669,124.591208,124.591208,4152901
2011-04-18,124.591208,124.788556,123.449168,123.645017,123.645017,4744609
2011-04-19,123.645017,125.755228,122.987755,125.090283,125.090283,6178608
2011-04-20,125.090283,125.625949,124.657919,125.193229,125.193229,6240740
2011-04-21,125.193229,125.406020,124.600830,124.812975,124.812975,7347654
2011-04-22,124.812975,125.132733,123.554299,123.871646,123.871646,6566431
2011-04-25,123.871646,129.717931,123.710192,129.549077,129.549077,5613644
2011-04-26,129.549077,129.592308,129.142085,129.185195,129.185195,4477976
2011-04-27,129.185195,129.949798,128.506217,129.270373,129.270373,4456829
2011-04-28,129.270373,129.916743,126.967372,127.605418,127.605418,6968798
2011-04-29,127.605418,128.368485,126.073240,126.831681,126.831681,11637200
2011-05-02,126.831681,127.561431,125.818661,126.546772,126.546772,2065250
2011-05-03,126.546772,127.050744,126.537675,127.041611,127.041611,10505053
2011-05-04,127.041611,128.706037,126.270418,127.929456,127.929456,5795630
2011-05-05,127.929456,127.991312,127.830302,127.892141,127.892141,7396993
2011-05-06,127.892141,128.304915,127.823744,128.236333,128.236333,4913564
2011-05-09,128.236333,128.251441,127.129172,127.144151,127.144151,7512969
2011-05-10,127.144151,129.855589,126.620547,129.323013,129.323013,6660017
2011-05-11,129.323013,129.464768,128.993116,129.134665,129.134665,5536490
2011-05-12,129.134665,129.211114,128.403908,128.479969,128.479969,6418631
2011-05-13,128.479969,128.785143,127.255497,127.558482,127.558482,4965625
2011-05-16,127.558482,129.171488,126.598839,128.206967,128.206967,5937369
2011-05-17,128.206967,129.766726,127.482586,129.037652,129.037652,5364168
2011-05-18,129.037652,129.109650,128.229371,128.300957,128.300957,3343046
2011-05-19,128.300957,130.121134,128.205238,130.024130,130.024130,9369825
2011-05-20,130.024130,130.620121,125.199137,125.775655,125.775655,3313134
2011-05-23,125.775655,126.177175,125.047432,125.447905,125.447905,4170404
2011-05-24,125.447905,126.682213,125.132749,126.364754,126.364754,4610911
2011-05-25,126.364754,126.700575,126.346143,126.681918,126.681918,5712331
2011-05-26,126.681918,127.049336,124.744292,125.107143,125.107143,7120833
2011-05-27,125.107143,125.179092,123.739516,123.810720,123.810720,6136452
2011-05-30,123.810720,124.564843,123.186451,123.939923,123.939923,6798764
2011-05-31,123.939923,124.880106,123.755137,124.694195,124.694195,5261905
2011-06-01,124.694195,125.416768,124.217016,124.938653,124.938653,7751618
2011-06-02,124.938653,125.107927,123.475282,123.642800,123.642800,8250470
2011-06-03,123.642800,123.691764,123.438519,123.487421,123.487421,7191082
2011-06-06,123.487421,124.258344,122.612713,123.382984,123.382984,6869513
2011-06-07,123.382984,124.227572,122.571900,123.416269,123.416269,10122587
2011-06-08,123.416269,124.714981,122.559106,123.854773,123.854773,12333698
2011-06-09,123.854773,124.686861,122.934664,123.766157,123.766157,11453235
2011-06-10,123.766157,123.887627,123.582169,123.703578,123.703578,7041482
2011-06-13,123.703578,125.534559,123.358054,125.184898,125.184898,6765959
2011-06-14,125.184898,125.329774,125.074355,125.219201,125.219201,7709551
2011-06-15,125.219201,126.502287,124.601575,125.881395,125.881395,7757134
2011-06-16,125.881395,126.344324,125.825469,126.288217,126.288217,3951654
2011-06-17,126.288217,127.547334,122.699165,123.934818,123.934818,5394033
2011-06-20,123.934818,124.289617,122.904210,123.257069,123.257069,7108837
2011-06-21,123.257069,126.173795,123.123265,126.036973,126.036973,3678991
2011-06-22,126.036973,126.666625,124.925342,125.552573,125.552573,5703807
2011-06-23,125.552573,125.812845,123.354213,123.610458,123.610458,4834621
2011-06-24,123.610458,124.160612,123.101467,123.651451,123.651451,6706218
2011-06-27,123.651451,124.279187,122.693596,123.319647,123.319647,3163620
2011-06-28,123.319647,123.563832,122.526398,122.769494,122.769494,2194994
2011-06-29,122.769494,123.063820,122.212110,122.505803,122.505803,5528570
2011-06-30,122.505803,123.537722,122.077400,123.107216,123.107216,5593146
2011-07-01,123.107216,124.053475,122.850126,123.794949,123.794949,5792431
2011-07-04,123.794949,124.163493,123.614860,123.983130,123.983130,4706432
2011-07-05,123.983130,125.080863,120.817233,121.896492,121.896492,7850204
2011-07-06,121.896492,122.798190,121.834823,122.736097,122.736097,5468269
2011-07-07,122.736097,122.740307,121.861250,121.865430,121.865430,4731285
2011-07-08,121.865430,123.092717,121.826114,123.053017,123.053017,6392092
2011-07-11,123.053017,126.967622,122.704624,126.609161,126.609161,7166896
2011-07-12,126.609161,126.804409,125.990625,126.185220,126.185220,7205617
2011-07-13,126.185220,126.288916,120.760157,120.859477,120.859477,6586534
2011-07-14,120.859477,121.653242,120.293846,121.086548,121.086548,4983184
2011-07-15,121.086548,122.993754,120.101111,122.000876,122.000876,5008500
2011-07-18,122.000876,123.858002,121.832630,123.687431,123.687431,5590245
2011-07-19,123.687431,124.103166,122.828777,123.243018,123.243018,9788750
2011-07-20,123.243018,126.266019,122.062044,125.067561,125.067561,8303672
2011-07-21,125.067561,127.714563,124.022492,126.656219,126.656219,6753998
2011-07-22,126.656219,127.872328,126.353613,127.567545,127.567545,4657492
2011-07-25,127.567545,128.861257,127.323918,128.615629,128.615629,3699988
2011-07-26,128.615629,129.269874,126.895985,127.544783,127.544783,7077074
2011-07-27,127.544783,128.514255,126.166975,127.133320,127.133320,7669787
2011-07-28,127.133320,129.191342,127.066509,129.123486,129.123486,9507839
2011-07-29,129.123486,131.076920,128.460607,130.407449,130.407449,4258367
2011-08-01,130.407449,131.862548,129.152400,130.605592,130.605592,6918899
2011-08-02,130.605592,132.072308,130.205941,131.669402,131.669402,6185134
2011-08-03,131.669402,133.905252,131.557315,133.791358,133.791358,4500426
2011-08-04,133.791358,135.847136,133.664330,135.718278,135.718278,7471948
2011-08-05,135.718278,135.781328,132.996992,133.058807,133.058807,7322703
2011-08-08,133.058807,133.140092,132.395726,132.476655,132.476655,3185954
2011-08-09,132.476655,133.580338,131.989474,133.090898,133.090898,6154934
2011-08-10,133.090898,134.349624,129.648653,130.886530,130.886530,7781035
2011-08-11,130.886530,131.150162,130.123699,130.386323,130.386323,6581458
2011-08-12,130.386323,131.728764,129.159934,130.501294,130.501294,4090237
2011-08-15,130.501294,133.377965,129.872549,132.738441,132.738441,6276886
2011-08-16,132.738441,134.180542,131.847980,133.286405,133.286405,11968831
2011-08-17,133.286405,134.169944,131.381697,132.258422,132.258422,6090326
2011-08-18,132.258422,132.414031,130.467038,130.620720,130.620720,4854739
2011-08-19,130.620720,136.664483,130.524811,136.564210,136.564210,5138671
2011-08-22,136.564210,136.697269,135.884041,136.016566,136.016566,3312889
2011-08-23,136.016566,136.540364,135.964148,136.487765,136.487765,3685358
2011-08-24,136.487765,136.724309,136.449347,136.685835,136.685835,4495216
2011-08-25,136.685835,137.854593,136.428158,137.595202,137.595202,5491794
2011-08-26,137.595202,140.304834,137.377420,140.083114,140.083114,4103329
2011-08-29,140.083114,141.246736,139.973742,141.136542,141.136542,6936114
2011-08-30,141.136542,143.552464,140.993317,143.406935,143.406935,5140057
2011-08-31,143.406935,144.039340,143.208314,143.840120,143.840120,11799786
2011-09-01,143.840120,144.368416,143.228424,143.756413,143.756413,6783673
2011-09-02,143.756413,144.385119,142.707232,143.334090,143.334090,6425519
2011-09-05,143.334090,144.853651,142.639047,144.154628,144.154628,4783876
2011-09-06,144.154628,148.165077,143.816275,147.818125,147.818125,3249845
2011-09-07,147.818125,150.630221,147.764486,150.575581,150.575581,8300102
2011-09-08,150.575581,150.848358,148.752711,149.022674,149.022674,7412347
2011-09-09,149.022674,149.671645,146.605684,147.246921,147.246921,4200326
2011-09-12,147.246921,148.303627,147.160845,148.216984,148.216984,5747239
2011-09-13,148.216984,148.587233,146.308761,146.675159,146.675159,3183418
2011-09-14,146.675159,147.806155,146.406754,147.536174,147.536174,7005460
2011-09-15,147.536174,147.855592,145.220432,145.535519,145.535519,4178974
2011-09-16,145.535519,145.784724,144.194031,144.441363,144.441363,5819534
2011-09-19,144.441363,145.801695,144.079972,145.437811,145.437811,5738550
2011-09-20,145.437811,146.777133,144.431069,145.768105,145.768105,3352481
2011-09-21,145.768105,146.067861,141.312751,141.603944,141.603944,7127479
2011-09-22,141.603944,142.290041,139.992769,140.674362,140.674362,8088012
2011-09-23,140.674362,142.650879,140.385336,142.358393,142.358393,5082274
2011-09-26,142.358393,143.461404,141.873658,142.974571,142.974571,5168599
2011-09-27,142.974571,144.133847,142.508546,143.665569,143.665569,6094836
2011-09-28,143.665569,144.227841,140.244852,140.795893,140.795893,10749542
2011-09-29,140.795893,140.808218,140.688909,140.701226,140.701226,8256492
2011-09-30,140.701226,140.783183,139.645567,139.726957,139.726957,7144002
2011-10-03,139.726957,141.040407,139.154102,140.464527,140.464527,5546451
2011-10-04,140.464527,145.223537,139.745743,144.484183,144.484183,6884017
2011-10-05,144.484183,144.771151,143.845160,144.131427,144.131427,6078213
2011-10-06,144.131427,147.463801,143.763399,147.088223,147.088223,8765578
2011-10-07,147.088223,147.108563,144.862369,144.882404,144.882404,3273213
2011-10-10,144.882404,145.436956,143.951456,144.504562,144.504562,5664675
2011-10-11,144.504562,144.988710,143.663307,144.146255,144.146255,10656384
2011-10-12,144.146255,144.707397,144.084151,144.645077,144.645077,5212605
2011-10-13,144.645077,144.781857,144.609053,144.745808,144.745808,7297315
2011-10-14,144.745808,145.002594,144.320138,144.576624,144.576624,5851111
2011-10-17,144.576624,146.112063,144.028128,145.559837,145.559837,3538611
2011-10-18,145.559837,145.797046,145.345089,145.582265,145.582265,5300443
2011-10-19,145.582265,145.948584,143.867464,144.230381,144.230381,3116470
2011-10-20,144.230381,144.582127,143.058397,143.408138,143.408138,5374662
2011-10-21,143.408138,144.142564,141.779372,142.509194,142.509194,4734336
2011-10-24,142.509194,144.444236,142.342823,144.275802,144.275802,7457617
2011-10-25,144.275802,145.257521,143.852563,144.832648,144.832648,3793576
2011-10-26,144.832648,144.879659,144.159824,144.206632,144.206632,5528427
2011-10-27,144.206632,145.482119,143.810843,145.083922,145.083922,6987985
2011-10-28,145.083922,145.746749,145.032149,145.694758,145.694758,2476086
2011-10-31,145.694758,147.578011,145.474963,147.355710,147.355710,8268527
2011-11-01,147.355710,147.422738,147.151813,147.218779,147.218779,7856397
2011-11-02,147.218779,147.296512,145.057600,145.134233,145.134233,4763135
2011-11-03,145.134233,145.352409,144.426110,144.643549,144.643549,7875660
2011-11-04,144.643549,146.181620,144.229256,145.764117,145.764117,6095834
2011-11-07,145.764117,145.881176,144.005803,144.121543,144.121543,5375217
2011-11-08,144.121543,147.899526,143.244153,147.004584,147.004584,5552982
2011-11-09,147.004584,147.856277,144.952967,145.797667,145.797667,8504976
2011-11-10,145.797667,146.580231,145.527951,146.309568,146.309568,6487087
2011-11-11,146.309568,147.400706,145.134375,146.224882,146.224882,5941625
2011-11-14,146.224882,147.369697,145.609287,146.751884,146.751884,9444308
2011-11-15,146.751884,147.135798,145.289115,145.670199,145.670199,5532522
2011-11-16,145.670199,148.592560,145.160793,148.074744,148.074744,4936097
2011-11-17,148.074744,148.515322,147.577293,148.017701,148.017701,3605170
2011-11-18,148.017701,149.163570,146.855106,148.000845,148.000845,6101776
2011-11-21,148.000845,148.162478,145.776103,145.935480,145.935480,4606219
2011-11-22,145.935480,146.397969,145.124538,145.585919,145.585919,6875276
2011-11-23,145.585919,145.709995,144.331745,144.454858,144.454858,6401965
2011-11-24,144.454858,145.698209,142.916657,144.157449,144.157449,3738262
2011-11-25,144.157449,144.889637,141.794883,142.518748,142.518748,3834541
2011-11-28,142.518748,143.200437,141.558804,142.239155,142.239155,4479468
2011-11-29,142.239155,143.005726,140.351571,141.112069,141.112069,7872147
2011-11-30,141.112069,142.251797,140.136672,141.275273,141.275273,10611021
2011-12-01,141.275273,143.047823,140.820987,142.589311,142.589311,5193147
2011-12-02,142.589311,142.862104,142.181278,142.453812,142.453812,7267732
2011-12-05,142.453812,142.655637,141.983608,142.185053,142.185053,6661993
2011-12-06,142.185053,143.593843,141.580293,142.985678,142.985678,7679948
2011-12-07,142.985678,143.306370,142.755505,143.076051,143.076051,8192367
2011-12-08,143.076051,143.890566,142.305182,143.119463,143.119463,3371619
2011-12-09,143.119463,143.489038,142.364122,142.732697,142.732697,8533808
2011-12-12,142.732697,144.451327,142.201093,143.915318,143.915318,4605450
2011-12-13,143.915318,144.128568,141.903085,142.113665,142.113665,7436494
2011-12-14,142.113665,143.305536,141.815617,143.005617,143.005617,7485646
2011-12-15,143.005617,143.572040,142.990883,143.557248,143.557248,7929448
2011-12-16,143.557248,147.723196,143.214987,147.371840,147.371840,10268695
2011-12-19,147.371840,147.459280,146.775998,146.863137,146.863137,5750186
2011-12-20,146.863137,147.512167,146.753985,147.402614,147.402614,3716280
2011-12-21,147.402614,148.721547,147.228899,148.546483,148.546483,6965021
2011-12-22,148.546483,149.100145,147.742067,148.294791,148.294791,4165259
2011-12-23,148.294791,149.968809,148.230166,149.903482,149.903482,3621157
2011-12-26,149.903482,150.050409,149.117699,149.263999,149.263999,7349526
2011-12-27,149.263999,151.094529,148.512383,150.337507,150.337507,6120442
2011-12-28,150.337507,152.226556,150.226218,152.113951,152.113951,5927306
2011-12-29,152.113951,152.181766,151.357206,151.424713,151.424713,3803039
2011-12-30,151.424713,153.687285,150.414417,152.668690,152.668690,5930637
2012-01-02,152.668690,152.924272,151.104040,151.357427,151.357427,9776592
2012-01-03,151.357427,151.930730,150.691818,151.264769,151.264769,7777197
2012-01-04,151.264769,152.126004,151.052868,151.913194,151.913194,10702300
2012-01-05,151.913194,153.437063,151.191909,152.711985,152.711985,6597864
2012-01-06,152.711985,153.290294,152.492893,153.070687,153.070687,8031663
2012-01-09,153.070687,154.319339,153.058294,154.306846,154.306846,4691812
2012-01-10,154.306846,155.123808,153.200104,154.015524,154.015524,3001232
2012-01-11,154.015524,154.186206,153.766046,153.936640,153.936640,7203674
2012-01-12,153.936640,156.576735,153.924966,156.564861,156.564861,5083925
2012-01-13,156.564861,157.003569,153.866605,154.298963,154.298963,10348383
2012-01-16,154.298963,156.079755,154.143174,155.922327,155.922327,5747539
2012-01-17,155.922327,156.210605,155.718043,156.006211,156.006211,5985943
2012-01-18,156.006211,157.783821,155.133133,156.905709,156.905709,13036052
2012-01-19,156.905709,158.379285,155.090307,156.560642,156.560642,13540268
2012-01-20,156.560642,156.951699,156.205119,156.596095,156.596095,9134572
2012-01-23,156.596095,156.850167,155.009679,155.261586,155.261586,6781386
2012-01-24,155.261586,158.313611,154.962582,158.009316,158.009316,3570020
2012-01-25,158.009316,158.419293,157.199161,157.608097,157.608097,6563262
2012-01-26,157.608097,158.101130,156.744909,157.236780,157.236780,4779084
2012-01-27,157.236780,157.642586,156.912926,157.318564,157.318564,5945816
2012-01-30,157.318564,159.404516,156.758599,158.839139,158.839139,4221683
2012-01-31,158.839139,159.303083,158.170006,158.633349,158.633349,2668000
2012-02-01,158.633349,159.609043,157.693799,158.669279,158.669279,17596886
2012-02-02,158.669279,159.663442,158.564838,159.558415,159.558415,5366102
2012-02-03,159.558415,160.431064,156.542942,157.403807,157.403807,5002546
2012-02-06,157.403807,160.269586,156.911250,159.769626,159.769626,5528090
2012-02-07,159.769626,160.326268,157.986874,158.539229,158.539229,8665239
2012-02-08,158.539229,158.567180,158.131639,158.159523,158.159523,5240098
2012-02-09,158.159523,158.321163,154.542987,154.701093,154.701093,7581582
2012-02-10,154.701093,156.838647,153.672441,155.802670,155.802670,9874633
2012-02-13,155.802670,158.893837,155.500138,158.585901,158.585901,6331330
2012-02-14,158.585901,160.210300,158.552161,160.176222,160.176222,5509164
2012-02-15,160.176222,162.185475,159.837059,161.842783,161.842783,11491809
2012-02-16,161.842783,163.065179,160.691251,161.913146,161.913146,3738658
2012-02-17,161.913146,162.697810,160.471027,161.252490,161.252490,7626113
2012-02-20,161.252490,162.348542,159.634501,160.726981,160.726981,10364602
2012-02-21,160.726981,161.512773,159.511966,160.295650,160.295650,7776940
2012-02-22,160.295650,162.182146,159.796659,161.678849,161.678849,5034783
2012-02-23,161.678849,161.707965,159.822909,159.851696,159.851696,5864553
2012-02-24,159.851696,161.076869,159.847270,161.072409,161.072409,3769127
2012-02-27,161.072409,161.520124,160.968946,161.416441,161.416441,6952923
2012-02-28,161.416441,162.172124,160.083114,160.836081,160.836081,6635223
2012-02-29,160.836081,162.024957,159.735299,160.923577,160.923577,9115472
2012-03-01,160.923577,161.049560,156.516917,156.639547,156.639547,5796535
2012-03-02,156.639547,156.822502,155.767081,155.949231,155.949231,4199959
2012-03-05,155.949231,158.019622,155.828219,157.897099,157.897099,7725455
2012-03-06,157.897099,158.953985,156.151549,157.203795,157.203795,5316265
2012-03-07,157.203795,157.779337,154.746606,155.315233,155.315233,5434274
2012-03-08,155.315233,156.133829,152.877834,153.687853,153.687853,3679088
2012-03-09,153.687853,153.963490,153.109418,153.384511,153.384511,5781683
2012-03-12,153.384511,153.516324,152.216548,152.347471,152.347471,3331563
2012-03-13,152.347471,152.408888,151.728009,151.789201,151.789201,12888715
2012-03-14,151.789201,153.822053,151.248713,153.276270,153.276270,4681238
2012-03-15,153.276270,154.658936,152.554293,153.933861,153.933861,5596391
2012-03-16,153.933861,156.150576,153.085238,155.294453,155.294453,4931397
2012-03-19,155.294453,155.987286,153.467083,154.154831,154.154831,7714388
2012-03-20,154.154831,155.334424,153.603501,154.780854,154.780854,7342034
2012-03-21,154.780854,155.904944,153.716079,154.839764,154.839764,6411216
2012-03-22,154.839764,156.003115,153.688397,154.851660,154.851660,5780202
2012-03-23,154.851660,155.261595,154.312573,154.722165,154.722165,8621508
2012-03-26,154.722165,155.317584,153.823773,154.418021,154.418021,2566067
2012-03-27,154.418021,155.058602,151.933722,152.566623,152.566623,7587546
2012-03-28,152.566623,153.377526,150.575013,151.379607,151.379607,4657218
2012-03-29,151.379607,156.843988,150.553785,155.992999,155.992999,6814190
2012-03-30,155.992999,156.348711,155.710181,156.065761,156.065761,8271119
2012-04-02,156.065761,156.290074,155.408841,155.632532,155.632532,6319221
2012-04-03,155.632532,156.168393,155.459894,155.995353,155.995353,6754404
2012-04-04,155.995353,158.006268,154.090761,156.100393,156.100393,9447199
2012-04-05,156.100393,157.986932,155.370785,157.251941,157.251941,6004057
2012-04-06,157.251941,158.297444,156.805152,157.848958,157.848958,4611882
2012-04-09,157.848958,158.263100,157.286881,157.700634,157.700634,8900816
2012-04-10,157.700634,158.199599,153.815892,154.304110,154.304110,5160879
2012-04-11,154.304110,154.423973,154.121499,154.241313,154.241313,3527949
2012-04-12,154.241313,156.604260,153.872738,156.230931,156.230931,9944470
2012-04-13,156.230931,156.617302,155.437870,155.823233,155.823233,4935806
2012-04-16,155.823233,156.554277,153.642995,154.367209,154.367209,6189134
2012-04-17,154.367209,155.061828,154.295448,154.989778,154.989778,4124849
2012-04-18,154.989778,157.535932,152.897290,155.437401,155.437401,7003047
2012-04-19,155.437401,156.403126,153.946318,154.908758,154.908758,5949366
2012-04-20,154.908758,155.055806,154.552889,154.699739,154.699739,6313417
2012-04-23,154.699739,155.518964,153.512042,154.329305,154.329305,7306790
2012-04-24,154.329305,154.600960,153.549065,153.819824,153.819824,5096693
2012-04-25,153.819824,157.317406,152.981059,156.464222,156.464222,5410097
2012-04-26,156.464222,157.761433,155.337365,156.633357,156.633357,10529961
2012-04-27,156.633357,157.088569,151.860750,152.303378,152.303378,3149871
2012-04-30,152.303378,152.885287,152.257284,152.839032,152.839032,13118043
2012-05-01,152.839032,153.350032,152.085994,152.596182,152.596182,6656178
2012-05-02,152.596182,154.269626,152.489134,154.161480,154.161480,2994428
2012-05-03,154.161480,154.830846,153.468468,154.137731,154.137731,7405755
2012-05-04,154.137731,155.899540,153.635487,155.393206,155.393206,7428793
2012-05-07,155.393206,157.409289,153.692254,155.704925,155.704925,7123375
2012-05-08,155.704925,156.438312,153.606526,154.333453,154.333453,8893199
2012-05-09,154.333453,155.501605,149.559909,150.700564,150.700564,6845004
2012-05-10,150.700564,151.160631,148.813523,149.269220,149.269220,5794942
2012-05-11,149.269220,151.479555,148.735994,150.940359,150.940359,6251149
2012-05-14,150.940359,153.006594,150.527517,152.589243,152.589243,7643335
2012-05-15,152.589243,155.077743,151.763013,154.242561,154.242561,6303756
2012-05-16,154.242561,155.434825,152.851355,154.042070,154.042070,4409933
2012-05-17,154.042070,155.544801,153.808818,155.309629,155.309629,5148327
2012-05-18,155.309629,156.400822,153.046385,154.129284,154.129284,4671727
2012-05-21,154.129284,154.890927,151.030422,151.780458,151.780458,8526415
2012-05-22,151.780458,152.098281,150.662152,150.978296,150.978296,4210705
2012-05-23,150.978296,154.209291,150.612312,153.836379,153.836379,5559713
2012-05-24,153.836379,154.177545,153.543395,153.884469,153.884469,2938578
2012-05-25,153.884469,154.399530,153.774161,154.288931,154.288931,6313598
2012-05-28,154.288931,154.883046,153.224370,153.816666,153.816666,7692205
2012-05-29,153.816666,155.849195,152.326135,154.353462,154.353462,4286746
2012-05-30,154.353462,155.670403,153.522492,154.836831,154.836831,4301916
2012-05-31,154.836831,155.237543,154.380686,154.781254,154.781254,3901922
2012-06-01,154.781254,158.415980,154.417582,158.044641,158.044641,5752928
2012-06-04,158.044641,159.112845,157.170506,158.237643,158.237643,3782236
2012-06-05,158.237643,158.545355,157.845457,158.153004,158.153004,4321320
2012-06-06,158.153004,159.179033,156.282978,157.303496,157.303496,6766128
2012-06-07,157.303496,157.383018,155.772666,155.851454,155.851454,5498398
2012-06-08,155.851454,160.173648,155.018624,159.322271,159.322271,8428576
2012-06-11,159.322271,161.471434,159.173188,161.320481,161.320481,6357779
2012-06-12,161.320481,162.256722,160.995847,161.930860,161.930860,7973620
2012-06-13,161.930860,163.377074,161.601123,163.045068,163.045068,3554549
2012-06-14,163.045068,165.695642,162.176862,164.817996,164.817996,8676191
2012-06-15,164.817996,166.360848,164.239635,165.779114,165.779114,8630114
2012-06-18,165.779114,167.190762,165.434359,166.843792,166.843792,8008898
2012-06-19,166.843792,167.115281,163.573045,163.839646,163.839646,6628119
2012-06-20,163.839646,165.692923,163.432844,165.282538,165.282538,5294557
2012-06-21,165.282538,165.436351,163.982735,164.135480,164.135480,5208949
2012-06-22,164.135480,165.197703,164.004430,165.065910,165.065910,6402642
2012-06-25,165.065910,165.509823,162.491892,162.930061,162.930061,4719491
2012-06-26,162.930061,164.109905,162.195401,163.373246,163.373246,9214227
2012-06-27,163.373246,163.863064,162.654851,163.143982,163.143982,6289763
2012-06-28,163.143982,163.278432,162.795773,162.930047,162.930047,7425160
2012-06-29,162.930047,163.492646,158.817446,159.367745,159.367745,4452600
2012-07-02,159.367745,159.530640,159.283612,159.446466,159.446466,5571518
2012-07-03,159.446466,159.454063,158.856856,158.864425,158.864425,4686625
2012-07-04,158.864425,161.235540,158.313485,160.678310,160.678310,7012274
2012-07-05,160.678310,162.587980,159.850057,161.754181,161.754181,6166818
2012-07-06,161.754181,163.186291,160.819989,162.249239,162.249239,5481486
2012-07-09,162.249239,163.890905,161.093589,162.731818,162.731818,5240658
2012-07-10,162.731818,164.662975,162.255304,164.182214,164.182214,4399241
2012-07-11,164.182214,165.036444,164.043233,164.896858,164.896858,3726272
2012-07-12,164.896858,165.157922,164.131292,164.391556,164.391556,4134134
2012-07-13,164.391556,165.285936,163.274370,164.167531,164.167531,5080140
2012-07-16,164.167531,166.521029,162.363882,164.711404,164.711404,7332331
2012-07-17,164.711404,165.232491,164.060369,164.581043,164.581043,6146728
2012-07-18,164.581043,165.009620,163.545582,163.972574,163.972574,11419757
2012-07-19,163.972574,164.930575,163.610150,164.566837,164.566837,5703342
2012-07-20,164.566837,164.880110,164.147117,164.460186,164.460186,10770770
2012-07-23,164.460186,165.320179,161.514450,162.363479,162.363479,9311249
2012-07-24,162.363479,164.025198,161.734624,163.392357,163.392357,6053452
2012-07-25,163.392357,166.358867,163.260433,166.224655,166.224655,3767090
2012-07-26,166.224655,168.344015,165.369144,167.482033,167.482033,7043535
2012-07-27,167.482033,168.334425,164.130925,164.970535,164.970535,3479022
2012-07-30,164.970535,168.044407,164.512030,167.578653,167.578653,5524688
2012-07-31,167.578653,168.715645,167.237919,168.373295,168.373295,5456844
2012-08-01,168.373295,168.714637,168.025729,168.367057,168.367057,7848398
2012-08-02,168.367057,168.924355,167.002860,167.557478,167.557478,5116061
2012-08-03,167.557478,167.898519,162.361666,162.692806,162.692806,6348403
2012-08-06,162.692806,165.182559,161.897933,164.379446,164.379446,4313453
2012-08-07,164.379446,169.462376,163.732353,168.797889,168.797889,7783717
2012-08-08,168.797889,170.024970,168.291304,169.516230,169.516230,8791310
2012-08-09,169.516230,169.754739,165.736582,165.970102,165.970102,7328266
2012-08-10,165.970102,166.925977,165.391686,166.346250,166.346250,5364627
2012-08-13,166.346250,167.688090,165.286935,166.626986,166.626986,3561006
2012-08-14,166.626986,167.564289,165.291239,166.226288,166.226288,5043662
2012-08-15,166.226288,166.889030,166.037267,166.699472,166.699472,8616292
2012-08-16,166.699472,166.970233,164.391742,164.659190,164.659190,10621600
2012-08-17,164.659190,165.684451,163.925299,164.949267,164.949267,10474083
2012-08-20,164.949267,165.966918,164.820409,165.837366,165.837366,8321604
2012-08-21,165.837366,166.250356,165.648109,166.060843,166.060843,4695635
2012-08-22,166.060843,166.252006,164.506332,164.695924,164.695924,3914283
2012-08-23,164.695924,166.243437,164.345303,165.890274,165.890274,5896899
2012-08-24,165.890274,166.003662,165.459076,165.572247,165.572247,9363094
2012-08-27,165.572247,167.648061,164.571177,166.640531,166.640531,9841414
2012-08-28,166.640531,168.520160,166.637810,168.517408,168.517408,4144817
2012-08-29,168.517408,169.853696,167.641674,168.975581,168.975581,10166186
2012-08-30,168.975581,170.530486,168.829825,170.383515,170.383515,9037680
2012-08-31,170.383515,172.548536,169.941270,172.101832,172.101832,7170545
2012-09-03,172.101832,172.506377,168.985972,169.384129,169.384129,4702567
2012-09-04,169.384129,170.052940,168.802063,169.470577,169.470577,5797343
2012-09-05,169.470577,170.420352,168.713809,169.662726,169.662726,10697887
2012-09-06,169.662726,171.353942,169.556620,171.246846,171.246846,3308075
2012-09-07,171.246846,173.047651,171.139433,172.939176,172.939176,6778748
2012-09-10,172.939176,173.423755,169.850909,170.328172,170.328172,5723423
2012-09-11,170.328172,173.166937,169.544530,172.373884,172.373884,3650717
2012-09-12,172.373884,173.838123,171.517590,172.978825,172.978825,7369471
2012-09-13,172.978825,173.517452,171.160616,171.695247,171.695247,3712404
2012-09-14,171.695247,172.440600,168.415665,169.149968,169.149968,6198683
2012-09-17,169.149968,180.659109,168.593510,180.066737,180.066737,3659250
2012-09-18,180.066737,180.651509,171.178654,171.736373,171.736373,6282891
2012-09-19,171.736373,172.637203,170.590698,171.490237,171.490237,5764774
2012-09-20,171.490237,174.150232,170.742827,173.394523,173.394523,4568423
2012-09-21,173.394523,174.407536,169.952590,170.951329,170.951329,6540128
2012-09-24,170.951329,173.478803,170.416665,172.937926,172.937926,6387199
2012-09-25,172.937926,174.240006,172.102630,173.402466,173.402466,3081373
2012-09-26,173.402466,173.964270,172.116874,172.676325,172.676325,5555264
2012-09-27,172.676325,172.743905,172.480080,172.547610,172.547610,5098707
2012-09-28,172.547610,172.569757,169.606722,169.628495,169.628495,3611403
2012-10-01,169.628495,170.498508,169.171548,170.040452,170.040452,8505041
2012-10-02,170.040452,170.989384,169.733603,170.681378,170.681378,5145981
2012-10-03,170.681378,170.688888,169.173593,169.181036,169.181036,9033703
2012-10-04,169.181036,169.572031,166.775181,167.161508,167.161508,2822809
2012-10-05,167.161508,167.361584,165.706463,165.905036,165.905036,6789033
2012-10-08,165.905036,167.264592,165.273783,166.630579,166.630579,7628593
2012-10-09,166.630579,168.901886,166.522831,168.792740,168.792740,7782657
2012-10-10,168.792740,169.264519,168.706572,169.178155,169.178155,4591941
2012-10-11,169.178155,170.407604,168.377395,169.604825,169.604825,7147885
2012-10-12,169.604825,170.319642,168.804075,169.518528,169.518528,4594756
2012-10-15,169.518528,169.556073,167.897769,167.934963,167.934963,2366961
2012-10-16,167.934963,167.942742,167.652888,167.660654,167.660654,8897865
2012-10-17,167.660654,169.025068,167.033955,168.395623,168.395623,4383930
2012-10-18,168.395623,169.603528,165.876883,167.075317,167.075317,5770189
2012-10-19,167.075317,169.903697,166.754792,169.578371,169.578371,7333907
2012-10-22,169.578371,170.427428,167.903441,168.748342,168.748342,6079299
2012-10-23,168.748342,170.488677,167.596101,169.332448,169.332448,5325704
2012-10-24,169.332448,170.851257,168.668765,170.184235,170.184235,5938811
2012-10-25,170.184235,171.225908,169.635439,170.675528,170.675528,7223054
2012-10-26,170.675528,171.083240,168.680004,169.083914,169.083914,4082776
2012-10-29,169.083914,170.797409,169.051101,170.764270,170.764270,10183911
2012-10-30,170.764270,171.368055,169.471353,170.072693,170.072693,6352800
2012-10-31,170.072693,170.552712,169.662694,170.142545,170.142545,4555712
2012-11-01,170.142545,173.071215,169.353549,172.272342,172.272342,3380022
2012-11-02,172.272342,173.150694,172.165994,173.043869,173.043869,9087862
2012-11-05,173.043869,174.740153,172.056760,173.749021,173.749021,3691432
2012-11-06,173.749021,173.927460,172.785246,172.962878,172.962878,3808206
2012-11-07,172.962878,174.047885,172.420378,173.503689,173.503689,8423499
2012-11-08,173.503689,175.938288,172.642913,175.069743,175.069743,6890566
2012-11-09,175.069743,177.806531,174.728345,177.460471,177.460471,13133421
2012-11-12,177.460471,177.624305,177.203494,177.367241,177.367241,11200068
2012-11-13,177.367241,178.786606,177.011359,178.428594,178.428594,3685819
2012-11-14,178.428594,180.087561,178.148910,179.805717,179.805717,5983050
2012-11-15,179.805717,180.586169,179.689247,180.469268,180.469268,8193297
2012-11-16,180.469268,180.764766,178.826046,179.119334,179.119334,3759296
2012-11-19,179.119334,179.349283,178.144095,178.373086,178.373086,6637840
2012-11-20,178.373086,179.611933,178.005005,179.242060,179.242060,11466320
2012-11-21,179.242060,182.410354,178.628985,181.788570,181.788570,4049449
2012-11-22,181.788570,182.310252,181.523545,182.044853,182.044853,6842042
2012-11-23,182.044853,184.221421,180.984519,183.154623,183.154623,9515858
2012-11-26,183.154623,187.222366,181.799161,185.846979,185.846979,12628570
2012-11-27,185.846979,186.523768,183.406633,184.076977,184.076977,5628487
2012-11-28,184.076977,185.582027,182.485784,183.990123,183.990123,8105572
2012-11-29,183.990123,185.224981,181.408185,182.633941,182.633941,9307996
2012-11-30,182.633941,182.900337,182.146849,182.412922,182.412922,3294570
2012-12-03,182.412922,183.822429,181.844815,183.251709,183.251709,6871748
2012-12-04,183.251709,185.143682,183.215513,185.107119,185.107119,6596234
2012-12-05,185.107119,185.287498,181.921417,182.098865,182.098865,7882119
2012-12-06,182.098865,183.120406,181.895190,182.915818,182.915818,3573542
2012-12-07,182.915818,184.439687,180.671053,182.188865,182.188865,11980286
2012-12-10,182.188865,185.689509,180.691306,184.175618,184.175618,7846215
2012-12-11,184.175618,184.733166,184.040166,184.597404,184.597404,5857761
2012-12-12,184.597404,185.792732,183.562239,184.756675,184.756675,5259576
2012-12-13,184.756675,186.077131,183.880147,185.198508,185.198508,5529396
2012-12-14,185.198508,185.349577,182.418878,182.567802,182.567802,5309423
2012-12-17,182.567802,182.890201,180.880203,181.200188,181.200188,11582102
2012-12-18,181.200188,183.292854,180.547711,182.635210,182.635210,6556688
2012-12-19,182.635210,184.983145,181.588907,183.929428,183.929428,5079117
2012-12-20,183.929428,185.395048,182.369840,183.834705,183.834705,5657627
2012-12-21,183.834705,184.905828,183.711029,184.781515,184.781515,9688563
2012-12-24,184.781515,186.270524,184.773476,186.262421,186.262421,3811684
2012-12-25,186.262421,186.427161,182.423139,182.584627,182.584627,4984689
2012-12-26,182.584627,182.933700,181.454767,181.802345,181.802345,5442528
2012-12-27,181.802345,184.620009,181.338192,184.149862,184.149862,7363848
2012-12-28,184.149862,185.061454,181.708071,182.612050,182.612050,3846411
2012-12-31,182.612050,182.656086,181.037427,181.081093,181.081093,7270689
2013-01-01,181.081093,182.080659,179.128696,180.122973,180.122973,2749712
2013-01-02,180.122973,182.649571,179.948484,182.472805,182.472805,6418455
2013-01-03,182.472805,182.789357,181.088161,181.402857,181.402857,4911704
2013-01-04,181.402857,182.496639,179.100874,180.187327,180.187327,10177622
2013-01-07,180.187327,181.484298,178.215852,179.507932,179.507932,4455366
2013-01-08,179.507932,179.794930,178.593435,178.879427,178.879427,7377549
2013-01-09,178.879427,179.266149,178.818349,179.204960,179.204960,3509331
2013-01-10,179.204960,182.799066,178.433434,182.015440,182.015440,8310208
2013-01-11,182.015440,182.916416,179.984388,180.879742,180.879742,7189899
2013-01-14,180.879742,182.435917,180.087521,181.640365,181.640365,4478709
2013-01-15,181.640365,182.449933,178.312621,179.110916,179.110916,6225808
2013-01-16,179.110916,179.604799,178.908009,179.401563,179.401563,2292236
2013-01-17,179.401563,179.416850,178.379686,178.394887,178.394887,6291246
2013-01-18,178.394887,180.187367,177.001335,178.790723,178.790723,7170848
2013-01-21,178.790723,179.671110,177.571456,178.450167,178.450167,4431922
2013-01-22,178.450167,181.396503,178.229692,181.172664,181.172664,8743042
2013-01-23,181.172664,182.347890,181.168413,182.343611,182.343611,2497602
2013-01-24,182.343611,186.637512,181.673730,185.954366,185.954366,7089969
2013-01-25,185.954366,186.830770,185.322208,186.197785,186.197785,7826835
2013-01-28,186.197785,187.577232,185.291652,186.668807,186.668807,3853847
2013-01-29,186.668807,186.793644,184.369117,184.492499,184.492499,6695760
2013-01-30,184.492499,184.701455,184.003724,184.212362,184.212362,4845493
2013-01-31,184.212362,186.277559,183.296052,185.355561,185.355561,5325707
2013-02-01,185.355561,187.740780,184.445959,186.823971,186.823971,4682950
2013-02-04,186.823971,188.505336,186.191389,187.869214,187.869214,4971152
2013-02-05,187.869214,188.822426,185.801218,186.748745,186.748745,8534598
2013-02-06,186.748745,187.292590,182.029328,182.560978,182.560978,5426111
2013-02-07,182.560978,184.112064,182.217115,183.765931,183.765931,9914811
2013-02-08,183.765931,186.098798,183.001240,185.327608,185.327608,6631790
2013-02-11,185.327608,187.039988,181.240710,182.930945,182.930945,5308856
2013-02-12,182.930945,184.148189,182.795233,184.011675,184.011675,10741682
2013-02-13,184.011675,184.431887,183.547832,183.967945,183.967945,6372104
2013-02-14,183.967945,184.127085,182.291586,182.449413,182.449413,4444971
2013-02-15,182.449413,182.917150,181.112680,181.578184,181.578184,5099325
2013-02-18,181.578184,185.260451,181.528411,185.209683,185.209683,4611438
2013-02-19,185.209683,185.549766,182.644140,182.980130,182.980130,8859598
2013-02-20,182.980130,183.079035,180.382058,180.479612,180.479612,7457739
2013-02-21,180.479612,181.112419,180.437949,181.070619,181.070619,6310781
2013-02-22,181.070619,181.402249,180.444474,180.775564,180.775564,6610605
2013-02-25,180.775564,180.803250,180.541174,180.568829,180.568829,4593668
2013-02-26,180.568829,180.758744,178.023863,178.211299,178.211299,8356388
2013-02-27,178.211299,178.413568,176.910585,177.111606,177.111606,4848501
2013-02-28,177.111606,181.030202,177.032781,180.949670,180.949670,13389632
2013-03-01,180.949670,181.484513,180.789912,181.324425,181.324425,4548927
2013-03-04,181.324425,185.065913,179.980524,183.704373,183.704373,4078775
2013-03-05,183.704373,186.098145,183.348568,185.738400,185.738400,3263019
2013-03-06,185.738400,187.668091,184.577020,186.501937,186.501937,3816159
2013-03-07,186.501937,188.875132,185.831543,188.198639,188.198639,2786139
2013-03-08,188.198639,189.162685,185.797656,186.754303,186.754303,4423835
2013-03-11,186.754303,186.823851,185.622147,185.691299,185.691299,7373897
2013-03-12,185.691299,186.246087,185.225569,185.780134,185.780134,7692787
2013-03-13,185.780134,196.823819,185.153654,196.162329,196.162329,2884198
2013-03-14,196.162329,198.661236,195.789048,198.283919,198.283919,7536412
2013-03-15,198.283919,198.913063,197.965180,198.593826,198.593826,5880299
2013-03-18,198.593826,200.405211,197.869367,199.676800,199.676800,5406060
2013-03-19,199.676800,199.767885,198.544249,198.634859,198.634859,8583002
2013-03-20,198.634859,199.293273,197.922181,198.580415,198.580415,4752684
2013-03-21,198.580415,199.776246,196.295142,197.484373,197.484373,4037607
2013-03-22,197.484373,197.946058,194.490419,194.946170,194.946170,5190293
2013-03-25,194.946170,195.326441,192.540806,192.917119,192.917119,6002826
2013-03-26,192.917119,193.440014,191.916029,192.437624,192.437624,10077347
2013-03-27,192.437624,192.513862,190.585041,190.660575,190.660575,7786723
2013-03-28,190.660575,191.029174,189.757199,190.124762,190.124762,6006096
2013-03-29,190.124762,191.202640,188.396695,189.470866,189.470866,4012122
2013-04-01,189.470866,192.589290,188.580171,191.688172,191.688172,5850529
2013-04-02,191.688172,192.571146,191.660658,192.543510,192.543510,6559906
2013-04-03,192.543510,193.685258,191.693316,192.833782,192.833782,10939253
2013-04-04,192.833782,193.335728,190.921534,191.419801,191.419801,8395546
2013-04-05,191.419801,192.464332,190.180508,191.223971,191.223971,8139206
2013-04-08,191.223971,191.930022,189.093047,189.793818,189.793818,7522514
2013-04-09,189.793818,194.258060,188.521097,192.964080,192.964080,6220241
2013-04-10,192.964080,197.797017,191.196433,196.001545,196.001545,5329163
2013-04-11,196.001545,196.040423,195.219251,195.257982,195.257982,7903700
2013-04-12,195.257982,196.208232,194.599314,195.548583,195.548583,10439901
2013-04-15,195.548583,197.655107,194.874447,196.976050,196.976050,10016492
2013-04-16,196.976050,198.457805,196.011323,197.490558,197.490558,6273983
2013-04-17,197.490558,200.514657,197.107311,200.126296,200.126296,3231665
2013-04-18,200.126296,201.103324,196.795722,197.761204,197.761204,7491692
2013-04-19,197.761204,199.704131,197.718070,199.660583,199.660583,3454059
2013-04-22,199.660583,200.485012,198.601696,199.425153,199.425153,8706627
2013-04-23,199.425153,200.002481,197.308872,197.881732,197.881732,8461297
2013-04-24,197.881732,198.675020,194.119760,194.901098,194.901098,7886632
2013-04-25,194.901098,196.689007,194.379120,196.163647,196.163647,2744743
2013-04-26,196.163647,197.229743,190.860546,191.903489,191.903489,5745317
2013-04-29,191.903489,192.354068,188.849642,189.294094,189.294094,5747138
2013-04-30,189.294094,194.131374,188.623441,193.446011,193.446011,4983774
2013-05-01,193.446011,195.384353,193.443321,195.381637,195.381637,6074592
2013-05-02,195.381637,199.336001,195.254786,199.206666,199.206666,9649888
2013-05-03,199.206666,199.918085,197.676217,198.384701,198.384701,5285497
2013-05-06,198.384701,199.375486,198.010640,199.000264,199.000264,8513483
2013-05-07,199.000264,199.412102,197.405599,197.814985,197.814985,5664614
2013-05-08,197.814985,199.026827,195.456472,196.661246,196.661246,4758870
2013-05-09,196.661246,197.392193,195.172564,195.900685,195.900685,5371977
2013-05-10,195.900685,197.452031,194.661967,196.211348,196.211348,6427384
2013-05-13,196.211348,197.771053,192.615753,194.159144,194.159144,8060132
2013-05-14,194.159144,195.251623,193.823315,194.914487,194.914487,5832584
2013-05-15,194.914487,195.885037,191.387181,192.344936,192.344936,12007496
2013-05-16,192.344936,192.368196,191.803559,191.826756,191.826756,5145805
2013-05-17,191.826756,196.475339,190.350291,194.974645,194.974645,5454226
2013-05-20,194.974645,196.422565,192.266023,193.704511,193.704511,6746591
2013-05-21,193.704511,194.399161,193.108694,193.803041,193.803041,4764184
2013-05-22,193.803041,193.976965,193.581680,193.755561,193.755561,5464386
2013-05-23,193.755561,194.146465,193.106325,193.496706,193.496706,12441851
2013-05-24,193.496706,194.866275,193.098087,194.465659,194.465659,5373191
2013-05-27,194.465659,197.247552,194.255938,197.035060,197.035060,6373938
2013-05-28,197.035060,198.158556,193.416803,194.525993,194.525993,4278655
2013-05-29,194.525993,197.638667,193.842780,196.946952,196.946952,5654501
2013-05-30,196.946952,197.422220,195.694611,196.168000,196.168000,14102500
2013-05-31,196.168000,196.844364,193.509297,194.178803,194.178803,11549369
2013-06-03,194.178803,194.543224,192.930090,193.292849,193.292849,6500992
2013-06-04,193.292849,193.697037,191.743372,192.145159,192.145159,2792678
2013-06-05,192.145159,192.855825,190.921783,191.630545,191.630545,6901987
2013-06-06,191.630545,192.188057,191.185886,191.743136,191.743136,6797606
2013-06-07,191.743136,194.048761,191.678746,193.983618,193.983618,6131342
2013-06-10,193.983618,194.282091,192.779190,193.076267,193.076267,6501325
2013-06-11,193.076267,193.361429,192.215924,192.500236,192.500236,9088758
2013-06-12,192.500236,193.646146,192.305933,193.450884,193.450884,7543157
2013-06-13,193.450884,194.675426,189.914418,191.124232,191.124232,8607640
2013-06-14,191.124232,193.535851,188.622443,191.032910,191.032910,5751260
2013-06-17,191.032910,192.043772,190.281717,191.291562,191.291562,10848292
2013-06-18,191.291562,192.092483,187.186041,187.973068,187.973068,9226271
2013-06-19,187.973068,188.807358,186.063679,186.893177,186.893177,4962728
2013-06-20,186.893177,187.419683,186.649343,187.175481,187.175481,11966142
2013-06-21,187.175481,187.942443,183.337831,184.092159,184.092159,5992192
2013-06-24,184.092159,184.340058,182.461822,182.707858,182.707858,6619810
2013-06-25,182.707858,182.768044,178.878245,178.937189,178.937189,3970854
2013-06-26,178.937189,179.640870,177.065729,177.764798,177.764798,4214287
2013-06-27,177.764798,178.461810,174.927041,175.615626,175.615626,5438239
2013-06-28,175.615626,176.771671,173.039398,174.186033,174.186033,5929124
2013-07-01,174.186033,174.391436,173.995828,174.201215,174.201215,7047119
2013-07-02,174.201215,177.640590,174.035068,177.471324,177.471324,5934152
2013-07-03,177.471324,178.090714,176.378756,176.996488,176.996488,4034987
2013-07-04,176.996488,179.470182,176.298451,178.765170,178.765170,4842447
2013-07-05,178.765170,183.105204,178.612443,182.948903,182.948903,13048901
2013-07-08,182.948903,183.247617,182.319503,182.617676,182.617676,5009507
2013-07-09,182.617676,182.867544,181.288534,181.536924,181.536924,5580802
2013-07-10,181.536924,182.516695,179.557884,180.532232,180.532232,6808395
2013-07-11,180.532232,183.136674,180.269308,182.870345,182.870345,10235562
2013-07-12,182.870345,183.717054,180.831638,181.672803,181.672803,6000572
2013-07-15,181.672803,187.801372,180.983736,187.091752,187.091752,7244083
2013-07-16,187.091752,193.616125,185.294334,191.773725,191.773725,6504269
2013-07-17,191.773725,196.290258,191.233961,195.739332,195.739332,5761660
2013-07-18,195.739332,196.120563,194.723620,195.103613,195.103613,7625025
2013-07-19,195.103613,201.198062,193.922177,199.987054,199.987054,2948225
2013-07-22,199.987054,200.054218,194.954256,195.019752,195.019752,6831309
2013-07-23,195.019752,196.357978,195.014575,196.352766,196.352766,8086199
2013-07-24,196.352766,196.454531,194.427342,194.528161,194.528161,4582620
2013-07-25,194.528161,196.740141,194.100089,196.308153,196.308153,3811687
2013-07-26,196.308153,196.824537,194.807425,195.321213,195.321213,5234965
2013-07-29,195.321213,197.035264,194.976214,196.687851,196.687851,6979764
2013-07-30,196.687851,197.783894,195.792728,196.887860,196.887860,3959890
2013-07-31,196.887860,197.769394,194.432757,195.307214,195.307214,4936492
2013-08-01,195.307214,196.262399,192.727272,193.674472,193.674472,5366778
2013-08-02,193.674472,194.826452,192.222594,193.372781,193.372781,10647217
2013-08-05,193.372781,193.940081,193.104956,193.671843,193.671843,6421218
2013-08-06,193.671843,195.238521,191.959246,193.524733,193.524733,4578442
2013-08-07,193.524733,193.870637,192.045659,192.389533,192.389533,7590273
2013-08-08,192.389533,193.718960,191.037255,192.366523,192.366523,3956893
2013-08-09,192.366523,193.070454,187.331628,188.019652,188.019652,8321577
2013-08-12,188.019652,188.654598,184.244911,184.869219,184.869219,3799278
2013-08-13,184.869219,185.870657,183.353075,184.351709,184.351709,5615255
2013-08-14,184.351709,184.437743,180.387466,180.471689,180.471689,5310312
2013-08-15,180.471689,182.446013,180.147146,182.118509,182.118509,4017880
2013-08-16,182.118509,185.236278,180.743516,183.848226,183.848226,8061298
2013-08-19,183.848226,184.206320,183.431811,183.789791,183.789791,7123227
2013-08-20,183.789791,184.524998,182.580460,183.313763,183.313763,6362139
2013-08-21,183.313763,184.278192,181.341480,182.300580,182.300580,6315736
2013-08-22,182.300580,182.556100,180.089551,180.342326,180.342326,7488504
2013-08-23,180.342326,181.072990,179.710257,180.440577,180.440577,5027657
2013-08-26,180.440577,181.049697,180.284235,180.892964,180.892964,3379365
2013-08-27,180.892964,182.305723,180.104963,181.515013,181.515013,5317737
2013-08-28,181.515013,181.760129,180.880240,181.124829,181.124829,4793034
2013-08-29,181.124829,181.400527,180.955407,181.231006,181.231006,5485726
2013-08-30,181.231006,184.557481,180.217589,183.531201,183.531201,12960812
2013-09-02,183.531201,184.604675,180.181706,181.241789,181.241789,7146646
2013-09-03,181.241789,184.878490,180.704854,184.332399,184.332399,8594194
2013-09-04,184.332399,184.695757,183.187926,183.549741,183.549741,4173363
2013-09-05,183.549741,184.957732,183.228188,184.634278,184.634278,4755285
2013-09-06,184.634278,184.747570,184.263774,184.376908,184.376908,7867810
2013-09-09,184.376908,184.569531,183.127220,183.318737,183.318737,4690437
2013-09-10,183.318737,186.202021,182.557437,185.431944,185.431944,4507959
2013-09-11,185.431944,191.050879,184.340223,189.932660,189.932660,4205504
2013-09-12,189.932660,196.059996,189.127066,195.231925,195.231925,6603674
2013-09-13,195.231925,196.440717,193.117154,194.320301,194.320301,5084125
2013-09-16,194.320301,196.913281,193.631579,196.217833,196.217833,7068680
2013-09-17,196.217833,198.787979,194.410394,196.973578,196.973578,7547201
2013-09-18,196.973578,197.780273,193.167260,193.961619,193.961619,6385501
2013-09-19,193.961619,197.396912,192.049133,195.469557,195.469557,7164208
2013-09-20,195.469557,195.712960,193.051730,193.292421,193.292421,6340681
2013-09-23,193.292421,196.452878,192.552606,195.703833,195.703833,7331782
2013-09-24,195.703833,195.740038,195.273045,195.309176,195.309176,7719410
2013-09-25,195.309176,196.285081,195.162676,196.137959,196.137959,7301662
2013-09-26,196.137959,202.119632,195.611467,201.578536,201.578536,9640187
2013-09-27,201.578536,203.131077,200.914971,202.464595,202.464595,5325620
2013-09-30,202.464595,202.864682,201.016265,201.414277,201.414277,3166853
2013-10-01,201.414277,211.354651,201.204908,211.135177,211.135177,6810616
2013-10-02,211.135177,213.044689,211.075061,212.984046,212.984046,7913301
2013-10-03,212.984046,214.509705,212.941108,214.466469,214.466469,6918346
2013-10-04,214.466469,215.717041,213.724802,214.973621,214.973621,7661382
2013-10-07,214.973621,217.792555,214.637807,217.452869,217.452869,10502863
2013-10-08,217.452869,217.969864,216.385231,216.900914,216.900914,9377789
2013-10-09,216.900914,218.067267,216.590084,217.755214,217.755214,11846542
2013-10-10,217.755214,218.270943,216.920919,217.435892,217.435892,5622676
2013-10-11,217.435892,218.045295,213.946582,214.547891,214.547891,3664824
2013-10-14,214.547891,214.977340,214.018706,214.447955,214.447955,8595797
2013-10-15,214.447955,215.465664,214.324860,215.342056,215.342056,5217444
2013-10-16,215.342056,215.687517,215.160452,215.505774,215.505774,5852023
2013-10-17,215.505774,217.601004,213.804871,215.897013,215.897013,8228711
2013-10-18,215.897013,216.351236,214.385128,214.837122,214.837122,4757376
2013-10-21,214.837122,216.776938,213.808092,215.743567,215.743567,4967139
2013-10-22,215.743567,215.822073,214.892531,214.970757,214.970757,2902919
2013-10-23,214.970757,215.275424,213.176522,213.479076,213.479076,3117880
2013-10-24,213.479076,213.850643,212.913885,213.285114,213.285114,3665245
2013-10-25,213.285114,215.401517,212.058799,214.170114,214.170114,6785545
2013-10-28,214.170114,215.620473,212.960554,214.409561,214.409561,6482559
2013-10-29,214.409561,216.657590,213.505259,215.747644,215.747644,6531910
2013-10-30,215.747644,215.913769,215.297799,215.463706,215.463706,4357323
2013-10-31,215.463706,217.879955,214.364596,216.774160,216.774160,5831272
2013-11-01,216.774160,218.043021,216.188852,217.455872,217.455872,3450031
2013-11-04,217.455872,217.763304,215.881422,216.187061,216.187061,2962656
2013-11-05,216.187061,219.287029,214.644838,217.733773,217.733773,5076143
2013-11-06,217.733773,218.629633,216.719199,217.614568,217.614568,6742262
2013-11-07,217.614568,220.942693,216.576500,219.893752,219.893752,3299960
2013-11-08,219.893752,220.205652,218.343357,218.653498,218.653498,4138759
2013-11-11,218.653498,222.165146,217.286155,220.784477,220.784477,4079361
2013-11-12,220.784477,221.524068,216.317019,217.044081,217.044081,3235707
2013-11-13,217.044081,217.297404,215.450602,215.702358,215.702358,7581541
2013-11-14,215.702358,216.404766,211.282237,211.972499,211.972499,5597798
2013-11-15,211.972499,213.505321,211.502189,213.032659,213.032659,6406700
2013-11-18,213.032659,213.903331,210.301377,211.164414,211.164414,9049999
2013-11-19,211.164414,212.912492,209.252551,210.999262,210.999262,10188659
2013-11-20,210.999262,212.402724,210.869707,212.272387,212.272387,6045124
2013-11-21,212.272387,214.338712,211.856507,213.919606,213.919606,6354406
2013-11-22,213.919606,215.967541,213.884723,215.932330,215.932330,4191204
2013-11-25,215.932330,217.096811,214.890625,216.054516,216.054516,6114199
2013-11-26,216.054516,217.155046,213.485698,214.578711,214.578711,4212835
2013-11-27,214.578711,214.660594,212.153280,212.234269,212.234269,5837734
2013-11-28,212.234269,212.356048,210.088572,210.209189,210.209189,6813437
2013-11-29,210.209189,213.600199,209.323734,212.704233,212.704233,4723017
2013-12-02,212.704233,213.341207,211.666479,212.302249,212.302249,7275175
2013-12-03,212.302249,213.345718,211.952837,212.995166,212.995166,7638258
2013-12-04,212.995166,213.657548,212.529529,213.191483,213.191483,5249937
2013-12-05,213.191483,213.971679,211.801634,212.579591,212.579591,8090016
2013-12-06,212.579591,214.241319,211.889867,213.548452,213.548452,4717456
2013-12-09,213.548452,216.368450,213.394175,216.212249,216.212249,6162938
2013-12-10,216.212249,217.765220,214.514501,216.066425,216.066425,11001631
2013-12-11,216.066425,221.192371,215.459868,220.573162,220.573162,5571507
2013-12-12,220.573162,222.515967,217.437233,219.369436,219.369436,4247948
2013-12-13,219.369436,219.867183,219.089117,219.586586,219.586586,11004312
2013-12-16,219.586586,219.731910,217.502968,217.647008,217.647008,9117181
2013-12-17,217.647008,218.840816,217.566167,218.759561,218.759561,5159704
2013-12-18,218.759561,218.851961,218.452022,218.544331,218.544331,4357589
2013-12-19,218.544331,219.307806,216.870894,217.631179,217.631179,6670639
2013-12-20,217.631179,219.940779,216.871616,219.175824,219.175824,5081100
2013-12-23,219.175824,220.218041,215.777894,216.808856,216.808856,4866873
2013-12-24,216.808856,217.437960,216.331274,216.960045,216.960045,7435104
2013-12-25,216.960045,218.392397,214.409876,215.834799,215.834799,6741960
2013-12-26,215.834799,218.561047,215.748292,218.473483,218.473483,8584715
2013-12-27,218.473483,219.131747,216.859110,217.514485,217.514485,5242099
2013-12-30,217.514485,223.708377,215.832859,221.992133,221.992133,5028401
2013-12-31,221.992133,222.972098,219.887038,220.862014,220.862014,7698543
2014-01-01,220.862014,221.803713,216.780920,217.709177,217.709177,5355290
2014-01-02,217.709177,218.050726,217.015699,217.356695,217.356695,7688985
2014-01-03,217.356695,217.647357,212.865410,213.150447,213.150447,7228236
2014-01-06,213.150447,222.621090,212.559904,222.006013,222.006013,6645265
2014-01-07,222.006013,222.384861,219.803841,220.179572,220.179572,7169992
2014-01-08,220.179572,222.281884,219.753988,221.853065,221.853065,6513374
2014-01-09,221.853065,223.214041,219.595074,220.950513,220.950513,6235972
2014-01-10,220.950513,222.578396,219.970038,221.595060,221.595060,7570820
2014-01-13,221.595060,222.658826,220.840765,221.903481,221.903481,4656055
2014-01-14,221.903481,225.615370,221.346202,225.050189,225.050189,6155625
2014-01-15,225.050189,226.849634,223.924608,225.720699,225.720699,5095228
2014-01-16,225.720699,226.936421,224.567884,225.783286,225.783286,4311459
2014-01-17,225.783286,226.822489,223.176130,224.208082,224.208082,3788518
2014-01-20,224.208082,224.517389,220.690264,220.995139,220.995139,11919521
2014-01-21,220.995139,221.676814,220.367401,221.048923,221.048923,8999447
2014-01-22,221.048923,247.641833,219.936080,246.401357,246.401357,6507438
2014-01-23,246.401357,247.113291,246.138891,246.850347,246.850347,4556405
2014-01-24,246.850347,249.919313,246.070567,249.132325,249.132325,6965326
2014-01-27,249.132325,250.612755,247.600985,249.081111,249.081111,4952443
2014-01-28,249.081111,249.310738,247.628232,247.856730,247.856730,4606088
2014-01-29,247.856730,249.144387,244.299689,245.575494,245.575494,4477511
2014-01-30,245.575494,245.821175,245.198217,245.443766,245.443766,3674486
2014-01-31,245.443766,246.729172,244.543023,245.827023,245.827023,4656651
2014-02-03,245.827023,245.957954,244.297634,244.427820,244.427820,3947750
2014-02-04,244.427820,248.244580,242.856775,246.659193,246.659193,3153174
2014-02-05,246.659193,246.868702,246.339192,246.548607,246.548607,14179184
2014-02-06,246.548607,247.977780,245.181381,246.610213,246.610213,6421758
2014-02-07,246.610213,251.417071,244.886907,249.672367,249.672367,3909637
2014-02-10,249.672367,250.854769,248.374799,249.556653,249.556653,4077233
2014-02-11,249.556653,251.979622,249.244667,251.665000,251.665000,5053456
2014-02-12,251.665000,254.512223,250.445869,253.285243,253.285243,8324990
2014-02-13,253.285243,253.832507,252.926205,253.473203,253.473203,4643291
2014-02-14,253.473203,254.735555,249.461248,250.709838,250.709838,11028035
2014-02-17,250.709838,253.935774,249.122802,252.338429,252.338429,5151026
2014-02-18,252.338429,256.193336,251.662996,255.509416,255.509416,4824075
2014-02-19,255.509416,256.682510,251.030011,252.187856,252.187856,8026613
2014-02-20,252.187856,253.260918,248.062693,249.122714,249.122714,6024619
2014-02-21,249.122714,249.525972,247.750458,248.152145,248.152145,4880704
2014-02-24,248.152145,252.032756,246.996810,250.864791,250.864791,13199440
2014-02-25,250.864791,251.538930,249.729050,250.401945,250.401945,3456450
2014-02-26,250.401945,251.116362,250.039500,250.753408,250.753408,6191282
2014-02-27,250.753408,251.638808,248.870239,249.752103,249.752103,4404323
2014-02-28,249.752103,250.437875,248.906148,249.591479,249.591479,3118730
2014-03-03,249.591479,251.455213,249.121356,250.982470,250.982470,5170306
2014-03-04,250.982470,254.825856,249.976765,253.808826,253.808826,5484113
2014-03-05,253.808826,255.264033,250.275674,251.718899,251.718899,4410028
2014-03-06,251.718899,251.778711,248.656899,248.715998,248.715998,5996688
2014-03-07,248.715998,249.621195,244.746472,245.640476,245.640476,10324230
2014-03-10,245.640476,247.129416,243.848349,245.335441,245.335441,4985392
2014-03-11,245.335441,245.346940,242.388676,242.400037,242.400037,2495226
2014-03-12,242.400037,242.871677,240.096665,240.564734,240.564734,8283417
2014-03-13,240.564734,241.564615,237.136361,238.126106,238.126106,3058875
2014-03-14,238.126106,238.507228,237.411047,237.791634,237.791634,4713999
2014-03-17,237.791634,240.487183,235.022332,237.717036,237.717036,2953786
2014-03-18,237.717036,241.065874,237.401184,240.745998,240.745998,5533866
2014-03-19,240.745998,242.651762,239.954591,241.856704,241.856704,4864289
2014-03-20,241.856704,244.489134,241.258479,243.885890,243.885890,6621507
2014-03-21,243.885890,245.930900,242.405240,244.446845,244.446845,6757223
2014-03-24,244.446845,246.520385,241.179220,243.242545,243.242545,6216515
2014-03-25,243.242545,243.826401,242.200608,242.783362,242.783362,5161024
2014-03-26,242.783362,244.168116,240.636493,242.016875,242.016875,10601220
2014-03-27,242.016875,242.072878,241.046822,241.102614,241.102614,7333970
2014-03-28,241.102614,243.945076,235.824876,238.638286,238.638286,4729561
2014-03-31,238.638286,242.250022,237.315400,240.914519,240.914519,3138654
2014-04-01,240.914519,241.576610,238.979629,239.638214,239.638214,4929430
2014-04-02,239.638214,240.264271,237.341477,237.963158,237.963158,7894991
2014-04-03,237.963158,238.267231,236.300709,236.603044,236.603044,6161364
2014-04-04,236.603044,237.827126,236.047812,237.270328,237.270328,6652132
2014-04-07,237.270328,238.505996,226.267039,227.451573,227.451573,4812207
2014-04-08,227.451573,227.950870,227.378133,227.877293,227.877293,5389306
2014-04-09,227.877293,231.655911,227.423413,231.195422,231.195422,6054571
2014-04-10,231.195422,235.333520,230.711032,234.841492,234.841492,6417560
2014-04-11,234.841492,235.697667,234.313927,235.169366,235.169366,8066704
2014-04-14,235.169366,236.378436,234.741317,235.948968,235.948968,7341567
2014-04-15,235.948968,236.269521,233.415951,233.733494,233.733494,5082684
2014-04-16,233.733494,239.105705,232.876004,238.231713,238.231713,3913593
2014-04-17,238.231713,240.102924,237.689276,239.557469,239.557469,5761344
2014-04-18,239.557469,240.816272,237.509139,238.763773,238.763773,5915521
2014-04-21,238.763773,239.191743,235.888712,236.312288,236.312288,5555718
2014-04-22,236.312288,237.600056,232.661003,233.935821,233.935821,7674426
2014-04-23,233.935821,236.514048,232.405521,234.976938,234.976938,5177051
2014-04-24,234.976938,237.024460,233.888568,235.931668,235.931668,6620951
2014-04-25,235.931668,237.152161,234.893137,236.112833,236.112833,10750671
2014-04-28,236.112833,238.637457,235.504211,238.023910,238.023910,4533695
2014-04-29,238.023910,239.518755,237.031454,238.524214,238.524214,3682667
2014-04-30,238.524214,239.031150,236.107444,236.610312,236.610312,8469446
2014-05-01,236.610312,237.131393,235.705799,236.226034,236.226034,7694809
2014-05-02,236.226034,239.022143,235.160081,237.948418,237.948418,5589832
2014-05-05,237.948418,239.023367,237.288409,238.362211,238.362211,6901261
2014-05-06,238.362211,240.248091,237.720302,239.602841,239.602841,8994330
2014-05-07,239.602841,245.219461,237.661184,243.248263,243.248263,6239103
2014-05-08,243.248263,244.800233,242.694425,244.244127,244.244127,7882074
2014-05-09,244.244127,248.054386,242.028619,245.824542,245.824542,5108691
2014-05-12,245.824542,249.248256,243.834569,247.246770,247.246770,3117302
2014-05-13,247.246770,249.754730,246.210353,248.712170,248.712170,4298703
2014-05-14,248.712170,249.123657,247.126983,247.536525,247.536525,5108635
2014-05-15,247.536525,249.502318,247.077565,249.040569,249.040569,5067146
2014-05-16,249.040569,249.396164,247.287401,247.640998,247.640998,7161359
2014-05-19,247.640998,248.722957,246.846002,247.927043,247.927043,2508640
2014-05-20,247.927043,249.892006,247.055520,249.016654,249.016654,5707427
2014-05-21,249.016654,251.096182,248.061009,250.136241,250.136241,3365150
2014-05-22,250.136241,253.719208,248.259938,251.830199,251.830199,4486327
2014-05-23,251.830199,253.422840,249.898284,251.488766,251.488766,2484422
2014-05-26,251.488766,251.805854,250.654409,250.970845,250.970845,6048642
2014-05-27,250.970845,253.471197,250.437614,252.933795,252.933795,6225103
2014-05-28,252.933795,253.715246,252.350996,253.131990,253.131990,6871547
2014-05-29,253.131990,253.531682,251.850472,252.248770,252.248770,6369810
2014-05-30,252.248770,254.409172,250.894597,253.050695,253.050695,2842886
2014-06-02,253.050695,256.342004,252.044978,255.327240,255.327240,5470415
2014-06-03,255.327240,255.380900,254.747744,254.801294,254.801294,7404828
2014-06-04,254.801294,256.563325,254.326382,256.086018,256.086018,8281583
2014-06-05,256.086018,257.800823,255.951159,257.665132,257.665132,4526618
2014-06-06,257.665132,258.639452,255.745434,256.716167,256.716167,3768678
2014-06-09,256.716167,260.297053,256.364417,259.940885,259.940885,7555865
2014-06-10,259.940885,259.979820,259.540235,259.579115,259.579115,3781733
2014-06-11,259.579115,259.708750,255.228587,255.356112,255.356112,3892091
2014-06-12,255.356112,256.614903,253.261341,254.515990,254.515990,7680548
2014-06-13,254.515990,254.760613,253.954778,254.199096,254.199096,6615785
2014-06-16,254.199096,257.560456,253.082510,256.434053,256.434053,8000213
2014-06-17,256.434053,258.840603,256.094895,258.498714,258.498714,5144219
2014-06-18,258.498714,261.729502,257.851603,261.075939,261.075939,3529462
2014-06-19,261.075939,261.086660,257.791195,257.801782,257.801782,7233967
2014-06-20,257.801782,259.837797,257.797900,259.833884,259.833884,3554959
2014-06-23,259.833884,260.428116,257.963681,258.554989,258.554989,3093453
2014-06-24,258.554989,258.607348,255.118691,255.170365,255.170365,6287858
2014-06-25,255.170365,257.934610,254.793466,257.554189,257.554189,8309686
2014-06-26,257.554189,259.760213,257.515086,259.720781,259.720781,8212574
2014-06-27,259.720781,259.849792,259.330625,259.459506,259.459506,10488391
2014-06-30,259.459506,260.801241,258.963381,260.303502,260.303502,7301541
2014-07-01,260.303502,264.496777,259.608730,263.792693,263.792693,4479045
2014-07-02,263.792693,264.625488,261.421959,262.249884,262.249884,3560414
2014-07-03,262.249884,264.240904,261.869691,263.858379,263.858379,7592889
2014-07-04,263.858379,266.983847,263.396344,266.517156,266.517156,3604912
2014-07-07,266.517156,267.077029,264.343999,264.900476,264.900476,4828605
2014-07-08,264.900476,265.153986,256.374022,256.619608,256.619608,5541776
2014-07-09,256.619608,260.118272,255.841975,259.332419,259.332419,5499679
2014-07-10,259.332419,261.300453,258.276921,260.241256,260.241256,5689192
2014-07-11,260.241256,268.709807,257.929615,266.343958,266.343958,8416107
2014-07-14,266.343958,266.626736,261.783785,262.062017,262.062017,7324304
2014-07-15,262.062017,264.296599,259.946658,262.180284,262.180284,6650281
2014-07-16,262.180284,262.327469,258.580011,258.725256,258.725256,4517733
2014-07-17,258.725256,259.029448,255.387370,255.687991,255.687991,7195888
2014-07-18,255.687991,256.569663,255.434929,256.315979,256.315979,8563895
2014-07-21,256.315979,258.281669,255.128216,257.090318,257.090318,7448383
2014-07-22,257.090318,258.580470,256.770704,258.259403,258.259403,5553240
2014-07-23,258.259403,258.809241,257.460922,258.010230,258.010230,6211537
2014-07-24,258.010230,258.886264,256.045776,256.918101,256.918101,11038466
2014-07-25,256.918101,258.890441,256.849105,258.820934,258.820934,5976112
2014-07-28,258.820934,259.785913,253.398626,254.346925,254.346925,4166761
2014-07-29,254.346925,255.494139,252.213413,253.356158,253.356158,3715745
2014-07-30,253.356158,254.898549,251.248408,252.787337,252.787337,11076751
2014-07-31,252.787337,258.288350,250.740785,256.214055,256.214055,5541136
2014-08-01,256.214055,257.286573,252.581856,253.643614,253.643614,4711302
2014-08-04,253.643614,254.482765,249.086423,249.913233,249.913233,8681387
2014-08-05,249.913233,251.316288,249.789348,251.191769,251.191769,3766780
2014-08-06,251.191769,251.759493,248.178407,248.740591,248.740591,9044280
2014-08-07,248.740591,249.116358,246.925306,247.298896,247.298896,6298206
2014-08-08,247.298896,247.398903,246.041448,246.140987,246.140987,6704765
2014-08-11,246.140987,246.327356,244.764839,244.950306,244.950306,9142641
2014-08-12,244.950306,246.955959,244.135248,246.136952,246.136952,4827253
2014-08-13,246.136952,248.656162,244.614623,247.127705,247.127705,4160234
2014-08-14,247.127705,251.344289,246.167479,250.371459,250.371459,3593353
2014-08-15,250.371459,250.831184,249.087525,249.545735,249.545735,4390430
2014-08-18,249.545735,251.011576,249.318387,250.783101,250.783101,6349538
2014-08-19,250.783101,252.108998,250.030445,251.354628,251.354628,4637520
2014-08-20,251.354628,254.924154,249.463673,253.020666,253.020666,4957531
2014-08-21,253.020666,253.167238,248.630124,248.774236,248.774236,4485541
2014-08-22,248.774236,251.459717,248.102252,250.782309,250.782309,5638376
2014-08-25,250.782309,253.116306,249.656849,251.985446,251.985446,4935073
2014-08-26,251.985446,252.163623,251.531391,251.709372,251.709372,3726110
2014-08-27,251.709372,253.743056,251.704989,253.738637,253.738637,7397762
2014-08-28,253.738637,254.240114,252.394588,252.894397,252.894397,4132064
2014-08-29,252.894397,252.948767,251.804780,251.858927,251.858927,3927400
2014-09-01,251.858927,253.536429,248.883086,250.551882,250.551882,4247973
2014-09-02,250.551882,254.795418,250.288930,254.528292,254.528292,10220934
2014-09-03,254.528292,255.090458,252.805554,253.365151,253.365151,6536332
2014-09-04,253.365151,260.932950,252.428286,259.971656,259.971656,6903950
2014-09-05,259.971656,260.132166,259.305217,259.465414,259.465414,5118927
2014-09-08,259.465414,261.057027,257.029494,258.615896,258.615896,4623740
2014-09-09,258.615896,263.794935,258.539824,263.717363,263.717363,3862874
2014-09-10,263.717363,264.086794,262.926680,263.295520,263.295520,6075521
2014-09-11,263.295520,264.972899,262.443015,264.117732,264.117732,7648936
2014-09-12,264.117732,265.195019,261.908717,262.981369,262.981369,5186269
2014-09-15,262.981369,263.580422,260.609772,261.204779,261.204779,6635232
2014-09-16,261.204779,261.469541,255.345042,255.604127,255.604127,4497300
2014-09-17,255.604127,256.793489,253.485662,254.670681,254.670681,7044780
2014-09-18,254.670681,257.942792,253.196536,256.458299,256.458299,7063603
2014-09-19,256.458299,263.958456,254.936258,262.401145,262.401145,4396421
2014-09-22,262.401145,263.524127,262.385418,263.508335,263.508335,8328158
2014-09-23,263.508335,265.399241,263.116633,265.005315,265.005315,4216583
2014-09-24,265.005315,271.800905,264.256983,271.035545,271.035545,5766851
2014-09-25,271.035545,271.570897,270.879171,271.414304,271.414304,2972832
2014-09-26,271.414304,272.100651,270.823764,271.509903,271.509903,11759973
2014-09-29,271.509903,273.271265,271.102121,272.861453,272.861453,6949647
2014-09-30,272.861453,274.465673,272.676103,274.279360,274.279360,5918433
2014-10-01,274.279360,278.618620,273.668690,277.999667,277.999667,4467883
2014-10-02,277.999667,278.698137,276.291056,276.986982,276.986982,6411742
2014-10-03,276.986982,277.924597,275.524139,276.459971,276.459971,8063525
2014-10-06,276.459971,281.207450,275.566038,280.301097,280.301097,4894922
2014-10-07,280.301097,280.926394,279.507999,280.132922,280.132922,5332069
2014-10-08,280.132922,280.903285,276.916087,277.679704,277.679704,5414528
2014-10-09,277.679704,278.682317,277.326498,278.328285,278.328285,9783189
2014-10-10,278.328285,280.720288,278.125351,280.515759,280.515759,6867177
2014-10-13,280.515759,281.108079,276.956528,277.542570,277.542570,7141065
2014-10-14,277.542570,279.442745,273.147610,275.030587,275.030587,6367664
2014-10-15,275.030587,276.008969,271.889444,272.860105,272.860105,6109930
2014-10-16,272.860105,273.302914,271.786697,272.228482,272.228482,4786102
2014-10-17,272.228482,273.480536,268.584888,269.825893,269.825893,7353504
2014-10-20,269.825893,276.391779,268.947018,275.494441,275.494441,6065670
2014-10-21,275.494441,279.722019,275.281953,279.506437,279.506437,4487852
2014-10-22,279.506437,285.642015,279.194726,285.323816,285.323816,5823897
2014-10-23,285.323816,285.492788,281.107935,281.274509,281.274509,4958831
2014-10-24,281.274509,281.555159,281.173377,281.453963,281.453963,8721134
2014-10-27,281.453963,282.435470,277.567452,278.538794,278.538794,7754034
2014-10-28,278.538794,278.917199,277.667594,278.045329,278.045329,3777871
2014-10-29,278.045329,278.590808,277.546459,278.091855,278.091855,4945649
2014-10-30,278.091855,280.235522,276.585621,278.725854,278.725854,6032020
2014-10-31,278.725854,281.225316,277.263139,279.757189,279.757189,6585241
2014-11-03,279.757189,279.904638,277.131982,277.278124,277.278124,4037795
2014-11-04,277.278124,280.582957,276.930529,280.231660,280.231660,10420160
2014-11-05,280.231660,284.643834,279.709294,284.114231,284.114231,6285072
2014-11-06,284.114231,288.702655,284.014059,288.600900,288.600900,8402658
2014-11-07,288.600900,290.538147,288.427619,290.363808,290.363808,3753812
2014-11-10,290.363808,291.284095,287.627583,288.542097,288.542097,2600934
2014-11-11,288.542097,289.570111,287.948967,288.976089,288.976089,4511464
2014-11-12,288.976089,289.919786,286.780823,287.720420,287.720420,7107738
2014-11-13,287.720420,287.860757,284.726901,284.865846,284.865846,7086848
2014-11-14,284.865846,288.928265,284.530164,288.588197,288.588197,6723826
2014-11-17,288.588197,288.978952,286.587545,286.976118,286.976118,10778082
2014-11-18,286.976118,288.828004,283.276508,285.116394,285.116394,11419448
2014-11-19,285.116394,287.673562,284.033951,286.585542,286.585542,4851686
2014-11-20,286.585542,288.314951,285.915139,287.642077,287.642077,4359763
2014-11-21,287.642077,291.154403,287.484090,290.994575,290.994575,8279154
2014-11-24,290.994575,294.918438,289.730057,293.642414,293.642414,11338436
2014-11-25,293.642414,299.540010,291.868369,297.741202,297.741202,5076665
2014-11-26,297.741202,298.739376,297.459208,298.456704,298.456704,3927870
2014-11-27,298.456704,300.422269,297.448760,299.411101,299.411101,6709585
2014-11-28,299.411101,300.003988,299.141707,299.734303,299.734303,8684104
2014-12-01,299.734303,299.967744,289.505281,289.730931,289.730931,2339432
2014-12-02,289.730931,292.205635,288.568555,291.038014,291.038014,7110424
2014-12-03,291.038014,294.620803,290.586995,294.164938,294.164938,4237816
2014-12-04,294.164938,296.795040,293.533771,296.159593,296.159593,4597060
2014-12-05,296.159593,298.023571,294.719121,296.581050,296.581050,6954281
2014-12-08,296.581050,297.883137,292.880833,294.172345,294.172345,5300254
2014-12-09,294.172345,295.746227,293.413512,294.985298,294.985298,7097742
2014-12-10,294.985298,296.026643,291.670640,292.703932,292.703932,4717302
2014-12-11,292.703932,295.694537,291.953642,294.938518,294.938518,4120149
2014-12-12,294.938518,298.636154,294.044684,297.733848,297.733848,3892683
2014-12-15,297.733848,299.715981,297.094664,299.073921,299.073921,5722519
2014-12-16,299.073921,299.111498,294.142564,294.179526,294.179526,3309998
2014-12-17,294.179526,295.829581,293.128217,294.776139,294.776139,7019508
2014-12-18,294.776139,297.032033,290.967367,293.211286,293.211286,6680875
2014-12-19,293.211286,293.351526,292.135832,292.275625,292.275625,9698091
2014-12-22,292.275625,295.307830,291.134689,294.159540,294.159540,4173974
2014-12-23,294.159540,301.638227,293.336934,300.797060,300.797060,9595731
2014-12-24,300.797060,301.541608,291.307892,292.030741,292.030741,4579394
2014-12-25,292.030741,295.727811,290.964137,294.651634,294.651634,3875370
2014-12-26,294.651634,295.541054,294.273311,295.162075,295.162075,3882452
2014-12-29,295.162075,297.549630,293.265420,295.649840,295.649840,10489397
2014-12-30,295.649840,296.854606,293.599641,294.800948,294.800948,9743448
2014-12-31,294.800948,297.657481,292.852033,295.702605,295.702605,3958399
2015-01-01,295.702605,296.147666,292.705091,293.146304,293.146304,7469473
2015-01-02,293.146304,293.829957,291.476202,292.157549,292.157549,3279557
2015-01-05,292.157549,294.780390,290.563727,293.180985,293.180985,6346055
2015-01-06,293.180985,294.939470,288.844966,290.587898,290.587898,4643282
2015-01-07,290.587898,291.433814,289.149559,289.993745,289.993745,8197073
2015-01-08,289.993745,291.372296,289.086220,290.463302,290.463302,6337492
2015-01-09,290.463302,290.966742,289.725787,290.228821,290.228821,4150671
2015-01-12,290.228821,291.730508,284.527318,286.007161,286.007161,7744987
2015-01-13,286.007161,288.388666,284.254218,286.631893,286.631893,6091998
2015-01-14,286.631893,288.841136,286.503119,288.711427,288.711427,9525530
2015-01-15,288.711427,289.044438,287.738436,288.070709,288.070709,6586908
2015-01-16,288.070709,289.044460,287.110554,288.084260,288.084260,4452019
2015-01-19,288.084260,288.814501,285.217109,285.941919,285.941919,10388710
2015-01-20,285.941919,287.356686,283.778937,285.189983,285.189983,5666911
2015-01-21,285.189983,287.338483,284.845496,286.991819,286.991819,11116763
2015-01-22,286.991819,290.057320,286.649382,289.711638,289.711638,10738080
2015-01-23,289.711638,291.078557,285.575747,286.929540,286.929540,8706707
2015-01-26,286.929540,287.355666,286.855987,287.282023,287.282023,7176398
2015-01-27,287.282023,288.360881,286.136930,287.215538,287.215538,4258389
2015-01-28,287.215538,292.092128,286.409323,291.274520,291.274520,7220216
2015-01-29,291.274520,294.974940,288.810040,292.500091,292.500091,5316674
2015-01-30,292.500091,294.158971,290.568391,292.225716,292.225716,9395358
2015-02-02,292.225716,294.736035,290.851955,293.356956,293.356956,4036396
2015-02-03,293.356956,297.232119,292.327581,296.192793,296.192793,9152954
2015-02-04,296.192793,297.299635,295.682426,296.788242,296.788242,4245043
2015-02-05,296.788242,296.833769,294.669562,294.714771,294.714771,5219426
2015-02-06,294.714771,299.152314,293.586859,298.011784,298.011784,10741405
2015-02-09,298.011784,298.281788,297.843285,298.113232,298.113232,9166575
2015-02-10,298.113232,298.300258,296.692389,296.878640,296.878640,10404295
2015-02-11,296.878640,302.674505,295.916628,301.696880,301.696880,5978544
2015-02-12,301.696880,302.075963,298.962793,299.338914,299.338914,3568839
2015-02-13,299.338914,300.739089,296.116801,297.508414,297.508414,8123283
2015-02-16,297.508414,300.707377,295.716635,298.907174,298.907174,5986600
2015-02-17,298.907174,298.978850,296.859443,296.930645,296.930645,6158481
2015-02-18,296.930645,297.800770,293.593079,294.455952,294.455952,5490098
2015-02-19,294.455952,299.692446,293.485193,298.707671,298.707671,7897470
2015-02-20,298.707671,299.595194,295.099998,295.979414,295.979414,5331808
2015-02-23,295.979414,296.934160,292.019040,292.964060,292.964060,6429425
2015-02-24,292.964060,295.744325,288.875298,291.643027,291.643027,6738943
2015-02-25,291.643027,296.433514,290.402151,295.177600,295.177600,8320544
2015-02-26,295.177600,296.930185,294.325203,296.075196,296.075196,4904558
2015-02-27,296.075196,297.148042,291.883972,292.945477,292.945477,4205417
2015-03-02,292.945477,292.969691,286.403684,286.427359,286.427359,7025599
2015-03-03,286.427359,291.087670,285.301990,289.948466,289.948466,6033662
2015-03-04,289.948466,291.489483,287.848871,289.386903,289.386903,5239330
2015-03-05,289.386903,292.338356,288.158187,291.102356,291.102356,9319368
2015-03-06,291.102356,291.805030,287.673934,288.370012,288.370012,2457132
2015-03-09,288.370012,293.990770,288.038636,293.653323,293.653323,5788292
2015-03-10,293.653323,295.868744,287.633617,289.820119,289.820119,8088278
2015-03-11,289.820119,291.180345,285.370009,286.715665,286.715665,5893260
2015-03-12,286.715665,290.720703,282.275711,286.274588,286.274588,2867432
2015-03-13,286.274588,286.393219,280.330368,280.446585,280.446585,3555380
2015-03-16,280.446585,280.710576,276.830815,277.091649,277.091649,7135977
2015-03-17,277.091649,280.508170,276.790893,280.204036,280.204036,6790189
2015-03-18,280.204036,284.569536,279.615206,283.972787,283.972787,5356859
2015-03-19,283.972787,287.987517,282.589216,286.591189,286.591189,5065812
2015-03-20,286.591189,290.777900,286.290370,290.473007,290.473007,5936243
2015-03-23,290.473007,292.386396,289.847990,291.758613,291.758613,7886406
2015-03-24,291.758613,291.774042,290.820046,290.835427,290.835427,9783058
2015-03-25,290.835427,293.045299,289.948707,292.154557,292.154557,6070277
2015-03-26,292.154557,292.439798,291.387757,291.672527,291.672527,4475762
2015-03-27,291.672527,291.881184,290.963110,291.171409,291.171409,6154814
2015-03-30,291.171409,295.082752,290.758900,294.665294,294.665294,3678151
2015-03-31,294.665294,295.574473,291.670416,292.573140,292.573140,4883589
2015-04-01,292.573140,293.872755,289.420140,290.711486,290.711486,5889459
2015-04-02,290.711486,291.995975,288.749027,290.030507,290.030507,5611334
2015-04-03,290.030507,293.459363,289.579396,293.003627,293.003627,5350744
2015-04-06,293.003627,295.311124,292.373422,294.677319,294.677319,8834030
2015-04-07,294.677319,295.440200,293.463578,294.225288,294.225288,9393575
2015-04-08,294.225288,295.359251,289.123084,290.241693,290.241693,6432806
2015-04-09,290.241693,295.614474,288.910191,294.264517,294.264517,6902372
2015-04-10,294.264517,296.291656,289.871020,291.881744,291.881744,5361857
2015-04-13,291.881744,293.989213,290.106907,292.212366,292.212366,5739499
2015-04-14,292.212366,293.123297,290.811294,291.720692,291.720692,5638912
2015-04-15,291.720692,292.676770,290.292644,291.247169,291.247169,7916802
2015-04-16,291.247169,291.249691,289.514685,289.517192,289.517192,4702707
2015-04-17,289.517192,290.228657,288.214109,288.924116,288.924116,7911979
2015-04-20,288.924116,291.736097,287.678433,290.483690,290.483690,4471971
2015-04-21,290.483690,291.829563,289.122401,290.468202,290.468202,6360255
2015-04-22,290.468202,292.528342,289.015790,291.072907,291.072907,4987961
2015-04-23,291.072907,293.682589,289.782208,292.386067,292.386067,5508827
2015-04-24,292.386067,293.774933,292.019699,293.407285,293.407285,3306204
2015-04-27,293.407285,301.153014,292.547509,300.273119,300.273119,8778930
2015-04-28,300.273119,302.438107,299.517465,301.678915,301.678915,4621483
2015-04-29,301.678915,303.674741,296.806006,298.782672,298.782672,5653190
2015-04-30,298.782672,298.886223,298.470024,298.573503,298.573503,4156550
2015-05-01,298.573503,302.152478,298.556920,302.135697,302.135697,10296384
2015-05-04,302.135697,303.738576,301.424783,303.025569,303.025569,9043143
2015-05-05,303.025569,305.164555,303.004529,305.143368,305.143368,3344950
2015-05-06,305.143368,307.033626,304.705624,306.593801,306.593801,7262907
2015-05-07,306.593801,308.142791,302.949835,304.488188,304.488188,6127064
2015-05-08,304.488188,306.059352,302.921044,304.492187,304.492187,6186645
2015-05-11,304.492187,306.325080,301.615831,303.442404,303.442404,7204094
2015-05-12,303.442404,308.080095,300.860659,305.481006,305.481006,7448432
2015-05-13,305.481006,306.681209,304.533551,305.732973,305.732973,6531796
2015-05-14,305.732973,306.467592,304.245071,304.977876,304.977876,6684098
2015-05-15,304.977876,306.328232,303.668470,305.018650,305.018650,3549074
2015-05-18,305.018650,307.229562,305.001269,307.212056,307.212056,6204739
2015-05-19,307.212056,307.496665,307.133904,307.418460,307.418460,8947325
2015-05-20,307.418460,308.335287,305.226664,306.139677,306.139677,9639164
2015-05-21,306.139677,307.565769,305.033581,306.458520,306.458520,8813604
2015-05-22,306.458520,307.883960,305.798573,307.222368,307.222368,6782616
2015-05-25,307.222368,308.424013,304.639714,305.835935,305.835935,3560319
2015-05-26,305.835935,305.854350,303.527698,303.545975,303.545975,7867730
2015-05-27,303.545975,305.921224,300.177405,302.544820,302.544820,8163625
2015-05-28,302.544820,308.257498,301.951750,307.654411,307.654411,5894484
2015-05-29,307.654411,307.763446,304.277933,304.385809,304.385809,6898850
2015-06-01,304.385809,304.492892,301.087135,301.193095,301.193095,8781182
2015-06-02,301.193095,306.116673,299.736188,304.643077,304.643077,4348506
2015-06-03,304.643077,308.451029,303.464417,307.262236,307.262236,7218483
2015-06-04,307.262236,309.086959,301.626944,303.428902,303.428902,8729068
2015-06-05,303.428902,305.186227,301.938684,303.694704,303.694704,4643313
2015-06-08,303.694704,306.425485,302.801035,305.526426,305.526426,6257343
2015-06-09,305.526426,307.306950,302.459513,304.232497,304.232497,5365076
2015-06-10,304.232497,305.166184,303.088288,304.021327,304.021327,7671249
2015-06-11,304.021327,306.574651,303.678436,306.229270,306.229270,5390546
2015-06-12,306.229270,307.141776,301.473551,302.374570,302.374570,7730076
2015-06-15,302.374570,306.212637,300.972312,304.799135,304.799135,5652466
2015-06-16,304.799135,305.463994,303.653369,304.317177,304.317177,4842698
2015-06-17,304.317177,309.211150,301.005347,305.882288,305.882288,5267736
2015-06-18,305.882288,306.049631,305.281810,305.448916,305.448916,4115681
2015-06-19,305.448916,308.697411,298.057156,301.261113,301.261113,8102684
2015-06-22,301.261113,301.793485,298.077664,298.605343,298.605343,3956726
2015-06-23,298.605343,303.420782,297.706414,302.510098,302.510098,5620581
2015-06-24,302.510098,303.130230,300.350765,300.967735,300.967735,3463645
2015-06-25,300.967735,301.362953,300.706751,301.101852,301.101852,4645733
2015-06-26,301.101852,305.460493,299.116510,303.459605,303.459605,2390852
2015-06-29,303.459605,304.798332,300.505225,301.836793,301.836793,5788995
2015-06-30,301.836793,303.287988,295.701667,297.130233,297.130233,3529249
2015-07-01,297.130233,298.118507,292.386824,293.362567,293.362567,5844775
2015-07-02,293.362567,294.306901,286.114836,287.038814,287.038814,7109241
2015-07-03,287.038814,288.351426,283.093929,284.394448,284.394448,6636527
2015-07-06,284.394448,284.704210,284.345367,284.655083,284.655083,3853571
2015-07-07,284.655083,285.521106,281.019601,281.877173,281.877173,6712503
2015-07-08,281.877173,282.223683,281.871424,282.217928,282.217928,6061772
2015-07-09,282.217928,283.020687,277.351936,278.143104,278.143104,9578382
2015-07-10,278.143104,279.424631,275.390904,276.665624,276.665624,9623289
2015-07-13,276.665624,278.922528,276.491900,278.747498,278.747498,5445288
2015-07-14,278.747498,280.367742,277.945899,279.563795,279.563795,6683563
2015-07-15,279.563795,280.802011,278.361175,279.599239,279.599239,4477514
2015-07-16,279.599239,280.437650,279.284700,280.122523,280.122523,3592950
2015-07-17,280.122523,280.871118,278.526950,279.273276,279.273276,6582119
2015-07-20,279.273276,282.248403,278.066777,281.034296,281.034296,5393408
2015-07-21,281.034296,284.244397,280.490580,283.695532,283.695532,3370657
2015-07-22,283.695532,287.063973,283.086951,286.449485,286.449485,4753194
2015-07-23,286.449485,287.681068,284.589095,285.817963,285.817963,8190227
2015-07-24,285.817963,290.060363,285.559193,289.797990,289.797990,7513470
2015-07-27,289.797990,291.916479,285.846346,287.951336,287.951336,3228442
2015-07-28,287.951336,290.969742,286.936430,289.947800,289.947800,4104560
2015-07-29,289.947800,290.474739,289.366360,289.893200,289.893200,9536734
2015-07-30,289.893200,290.871433,282.810155,283.767718,283.767718,5401860
2015-07-31,283.767718,287.805425,283.340047,287.372322,287.372322,3698728
2015-08-03,287.372322,289.055493,285.439062,287.120761,287.120761,7133524
2015-08-04,287.120761,287.208554,286.960354,287.048126,287.048126,7124410
2015-08-05,287.048126,287.100991,286.305923,286.358662,286.358662,6338749
2015-08-06,286.358662,288.053703,285.699903,287.392567,287.392567,8480643
2015-08-07,287.392567,289.771591,287.375453,289.754337,289.754337,3794825
2015-08-10,289.754337,290.343750,285.696448,286.278792,286.278792,3428869
2015-08-11,286.278792,288.416923,280.901042,283.014796,283.014796,5579965
2015-08-12,283.014796,284.020474,279.465021,280.461626,280.461626,6485895
2015-08-13,280.461626,286.149240,279.392571,285.062648,285.062648,5697418
2015-08-14,285.062648,289.878264,284.770594,289.581580,289.581580,5457198
2015-08-17,289.581580,293.703848,287.978614,292.087013,292.087013,5879528
2015-08-18,292.087013,293.517210,290.511838,291.941321,291.941321,5816345
2015-08-19,291.941321,293.080557,288.020421,289.148760,289.148760,7611626
2015-08-20,289.148760,289.262366,288.821677,288.935199,288.935199,4311238
2015-08-21,288.935199,292.360635,286.572610,289.989426,289.989426,4149941
2015-08-24,289.989426,293.870771,288.799725,292.670074,292.670074,8061579
2015-08-25,292.670074,293.437303,285.111118,285.860496,285.860496,5165614
2015-08-26,285.860496,287.386510,281.911866,283.424878,283.424878,4688536
2015-08-27,283.424878,283.551796,281.906282,282.032577,282.032577,4659468
2015-08-28,282.032577,283.913022,277.006089,278.865417,278.865417,3195648
2015-08-31,278.865417,279.373808,278.058289,278.566134,278.566134,4654994
2015-09-01,278.566134,279.084794,277.232150,277.749289,277.749289,5447994
2015-09-02,277.749289,280.320214,277.431866,280.000218,280.000218,6333592
2015-09-03,280.000218,281.060189,276.260276,277.310064,277.310064,4354090
2015-09-04,277.310064,277.461952,276.979561,277.131351,277.131351,7302579
2015-09-07,277.131351,278.264988,276.150348,277.283446,277.283446,5309476
2015-09-08,277.283446,279.449252,274.055367,276.212810,276.212810,3195882
2015-09-09,276.212810,277.896355,274.168758,275.850092,275.850092,10602577
2015-09-10,275.850092,279.574032,273.453533,277.166040,277.166040,10227357
2015-09-11,277.166040,277.364833,273.438828,273.635088,273.635088,6436269
2015-09-14,273.635088,274.512574,273.427087,274.304064,274.304064,9091033
2015-09-15,274.304064,276.024336,273.412086,275.129673,275.129673,4082984
2015-09-16,275.129673,277.236787,264.931147,266.975814,266.975814,3471251
2015-09-17,266.975814,268.943729,264.137608,266.099060,266.099060,6607563
2015-09-18,266.099060,267.497534,265.325988,266.722651,266.722651,3917786
2015-09-21,266.722651,273.973717,265.028607,272.244601,272.244601,7114781
2015-09-22,272.244601,275.312871,272.073893,275.140346,275.140346,6381328
2015-09-23,275.140346,276.283565,273.915961,275.058841,275.058841,6577203
2015-09-24,275.058841,275.702262,274.907210,275.550360,275.550360,4743860
2015-09-25,275.550360,276.762576,274.307505,275.519585,275.519585,4900924
2015-09-28,275.519585,277.344192,275.302190,277.125530,277.125530,3483896
2015-09-29,277.125530,277.135938,277.032079,277.042484,277.042484,6608938
2015-09-30,277.042484,278.264875,276.536955,277.758040,277.758040,5628832
2015-10-01,277.758040,280.328297,275.751628,278.317842,278.317842,3775965
2015-10-02,278.317842,280.570385,273.340362,275.570671,275.570671,5436440
2015-10-05,275.570671,276.062089,275.397913,275.889131,275.889131,7644899
2015-10-06,275.889131,276.283521,275.538560,275.932894,275.932894,5928824
2015-10-07,275.932894,277.990558,274.073788,276.130124,276.130124,5735144
2015-10-08,276.130124,276.141819,270.574983,270.586444,270.586444,6524525
2015-10-09,270.586444,271.420476,269.633572,270.467236,270.467236,6170888
2015-10-12,270.467236,274.625184,269.628813,273.776502,273.776502,3315400
2015-10-13,273.776502,274.543555,273.719036,274.485939,274.485939,5248630
2015-10-14,274.485939,275.975229,272.743965,274.231877,274.231877,6461284
2015-10-15,274.231877,278.476416,273.389090,277.623208,277.623208,5357804
2015-10-16,277.623208,283.342057,276.509172,282.209618,282.209618,2692541
2015-10-19,282.209618,282.963230,274.963924,275.700153,275.700153,6555026
2015-10-20,275.700153,279.984017,275.314951,279.593375,279.593375,6297428
2015-10-21,279.593375,281.220495,278.007487,279.634374,279.634374,4377421
2015-10-22,279.634374,280.028486,277.990206,278.382554,278.382554,2913592
2015-10-23,278.382554,278.815785,274.882092,275.310543,275.310543,7688167
2015-10-26,275.310543,277.051889,268.066330,269.772649,269.772649,5216891
2015-10-27,269.772649,270.754567,269.258338,270.239366,270.239366,3750353
2015-10-28,270.239366,271.300463,268.778270,269.837791,269.837791,4824582
2015-10-29,269.837791,271.125137,269.689322,270.976043,270.976043,3522590
2015-10-30,270.976043,271.595925,267.881294,268.495503,268.495503,4839828
2015-11-02,268.495503,270.437890,260.029225,261.924072,261.924072,12251105
2015-11-03,261.924072,266.655932,259.862640,264.573646,264.573646,10858410
2015-11-04,264.573646,264.932265,262.752666,263.109299,263.109299,2950644
2015-11-05,263.109299,266.587744,261.570220,265.037386,265.037386,10301118
2015-11-06,265.037386,265.732193,261.829860,262.518062,262.518062,4576838
2015-11-09,262.518062,265.042075,260.284841,262.806401,262.806401,12000745
2015-11-10,262.806401,264.108505,262.511252,263.812227,263.812227,4089457
2015-11-11,263.812227,264.521891,263.073689,263.783275,263.783275,7423367
2015-11-12,263.783275,266.731681,262.597633,265.538150,265.538150,6799384
2015-11-13,265.538150,268.168472,263.138377,265.766634,265.766634,8774258
2015-11-16,265.766634,266.873482,260.185250,261.273385,261.273385,6508796
2015-11-17,261.273385,261.558374,261.102673,261.387588,261.387588,5499260
2015-11-18,261.387588,263.334222,256.964686,258.892741,258.892741,21149481
2015-11-19,258.892741,259.357141,257.264457,257.726765,257.726765,7336629
2015-11-20,257.726765,259.133335,255.944436,257.348944,257.348944,6484877
2015-11-23,257.348944,257.449345,252.164276,252.262693,252.262693,5656570
2015-11-24,252.262693,252.308984,251.889871,251.936102,251.936102,4217999
2015-11-25,251.936102,254.511965,250.821188,253.390614,253.390614,2365945
2015-11-26,253.390614,253.936895,252.262938,252.807963,252.807963,10049203
2015-11-27,252.807963,254.376555,246.868586,248.409890,248.409890,3223705
2015-11-30,248.409890,248.660273,248.168744,248.419118,248.419118,4859619
2015-12-01,248.419118,249.994229,247.252211,248.825413,248.825413,9004937
2015-12-02,248.825413,248.977006,246.846389,246.996868,246.996868,6267059
2015-12-03,246.996868,247.458290,242.073429,242.526499,242.526499,4407122
2015-12-04,242.526499,248.252449,241.808792,247.519964,247.519964,3810827
2015-12-07,247.519964,248.691063,237.083262,238.210314,238.210314,8812362
2015-12-08,238.210314,238.859935,237.157832,237.806351,237.806351,12018852
2015-12-09,237.806351,242.001402,236.585431,240.765291,240.765291,5989323
2015-12-10,240.765291,241.584809,238.442584,239.256968,239.256968,4344808
2015-12-11,239.256968,240.959840,236.910669,238.608929,238.608929,6216468
2015-12-14,238.608929,238.868080,238.306335,238.565439,238.565439,4295838
2015-12-15,238.565439,240.714462,237.800884,239.945484,239.945484,3119814
2015-12-16,239.945484,240.953162,238.256081,239.260884,239.260884,2558011
2015-12-17,239.260884,240.494687,238.596687,239.828913,239.828913,8030938
2015-12-18,239.828913,241.573358,236.948008,238.684126,238.684126,9045848
2015-12-21,238.684126,239.139023,237.153672,237.606515,237.606515,9849241
2015-12-22,237.606515,240.405805,236.868291,239.661197,239.661197,4122047
2015-12-23,239.661197,242.044176,238.514859,240.891951,240.891951,7535403
2015-12-24,240.891951,242.024711,240.610242,241.742008,241.742008,4234941
2015-12-25,241.742008,244.126772,240.917000,243.296458,243.296458,8281684
2015-12-28,243.296458,246.761428,242.840084,246.299420,246.299420,5459336
2015-12-29,246.299420,248.952605,245.011527,247.657609,247.657609,6290964
2015-12-30,247.657609,249.526259,245.270684,247.135394,247.135394,11673344
2015-12-31,247.135394,248.316822,245.242081,246.420089,246.420089,5812185
2016-01-01,246.420089,249.194421,244.085803,246.856006,246.856006,3790583
2016-01-04,246.856006,253.980331,245.295206,252.384576,252.384576,5900151
2016-01-05,252.384576,253.149430,251.339054,252.103055,252.103055,9037302
2016-01-06,252.103055,256.206470,251.733140,255.831085,255.831085,5631328
2016-01-07,255.831085,256.272072,254.480020,254.919435,254.919435,4673379
2016-01-08,254.919435,255.220467,250.628689,250.925004,250.925004,7184535
2016-01-11,250.925004,253.511388,249.989028,252.569279,252.569279,3802058
2016-01-12,252.569279,252.985828,247.555306,247.964261,247.964261,8393860
2016-01-13,247.964261,248.030047,247.666089,247.731814,247.731814,4510273
2016-01-14,247.731814,248.294817,246.857619,247.419913,247.419913,4198887
2016-01-15,247.419913,248.045045,245.684103,246.306421,246.306421,12928538
2016-01-18,246.306421,247.920774,245.182024,246.794150,246.794150,6668311
2016-01-19,246.794150,246.866537,244.804689,244.876513,244.876513,3664038
2016-01-20,244.876513,245.183097,244.394220,244.700583,244.700583,8615270
2016-01-21,244.700583,247.394790,244.522649,247.215028,247.215028,7473760
2016-01-22,247.215028,248.728964,246.509820,248.021455,248.021455,6706260
2016-01-25,248.021455,248.720041,247.141530,247.839604,247.839604,4283434
2016-01-26,247.839604,249.672503,247.663988,249.495714,249.495714,5967516
2016-01-27,249.495714,250.983478,246.588439,248.067688,248.067688,7808872
2016-01-28,248.067688,249.015242,246.285871,247.230226,247.230226,7075273
2016-01-29,247.230226,247.394751,243.398511,243.560593,243.560593,4418322
2016-02-01,243.560593,244.911200,243.045757,244.394600,244.394600,4843450
2016-02-02,244.394600,245.747928,243.348890,244.700906,244.700906,8268332
2016-02-03,244.700906,246.128397,243.753778,245.179417,245.179417,8347038
2016-02-04,245.179417,247.035246,242.349608,244.198008,244.198008,8820906
2016-02-05,244.198008,246.506241,242.983590,245.286411,245.286411,4603769
2016-02-08,245.286411,246.078950,243.473923,244.263156,244.263156,7875393
2016-02-09,244.263156,244.744293,244.223534,244.704599,244.704599,5345748
2016-02-10,244.704599,245.455852,242.316151,243.062363,243.062363,6736511
2016-02-11,243.062363,245.790215,242.011210,244.731842,244.731842,3188562
2016-02-12,244.731842,247.784474,243.158872,246.202055,246.202055,4626793
2016-02-15,246.202055,247.733836,243.956323,245.483635,245.483635,3889932
2016-02-16,245.483635,248.250134,245.042470,247.804797,247.804797,4504180
2016-02-17,247.804797,249.516347,247.411006,249.120466,249.120466,5959501
2016-02-18,249.120466,250.417266,248.733142,250.028530,250.028530,7891895
2016-02-19,250.028530,253.424629,248.927062,252.313096,252.313096,3821922
2016-02-22,252.313096,253.261121,252.079128,253.026490,253.026490,5865806
2016-02-23,253.026490,256.384154,248.483794,251.825521,251.825521,6683122
2016-02-24,251.825521,252.126739,250.509398,250.809400,250.809400,13642191
2016-02-25,250.809400,250.962816,249.761742,249.914610,249.914610,5540215
2016-02-26,249.914610,251.974702,248.860254,250.916120,250.916120,7084780
2016-02-29,250.916120,252.698384,250.288420,252.067803,252.067803,7787267
2016-03-01,252.067803,253.086810,250.068605,251.083634,251.083634,7902281
2016-03-02,251.083634,253.620217,247.086097,249.607771,249.607771,8673946
2016-03-03,249.607771,250.429210,249.450866,250.271888,250.271888,6686817
2016-03-04,250.271888,251.068263,246.676003,247.463442,247.463442,3159075
2016-03-07,247.463442,247.502222,247.451785,247.490564,247.490564,6560010
2016-03-08,247.490564,248.650448,244.436498,245.587463,245.587463,4508991
2016-03-09,245.587463,245.758329,243.802815,243.972557,243.972557,6118648
2016-03-10,243.972557,244.626777,243.795122,244.448996,244.448996,5440487
2016-03-11,244.448996,249.565101,243.842889,248.947839,248.947839,8929553
2016-03-14,248.947839,250.666543,247.474699,249.191958,249.191958,5025819
2016-03-15,249.191958,249.420092,247.346510,247.573163,247.573163,2889663
2016-03-16,247.573163,247.943758,242.186814,242.549889,242.549889,3983194
2016-03-17,242.549889,244.531868,241.885661,243.864040,243.864040,11532711
2016-03-18,243.864040,246.419363,241.999176,244.549259,244.549259,12161611
2016-03-21,244.549259,252.424672,244.437507,252.309374,252.309374,7150831
2016-03-22,252.309374,252.729376,251.656205,252.075817,252.075817,5175669
2016-03-23,252.075817,254.710854,250.973235,253.601599,253.601599,8382732
2016-03-24,253.601599,254.588058,250.666533,251.645382,251.645382,6629776
2016-03-25,251.645382,251.735563,251.412428,251.502557,251.502557,3241904
2016-03-28,251.502557,254.319823,251.357508,254.173233,254.173233,4555879
2016-03-29,254.173233,255.035422,251.569753,252.426015,252.426015,4041390
2016-03-30,252.426015,255.946448,252.262395,255.780653,255.780653,5498046
2016-03-31,255.780653,256.663879,252.999274,253.875922,253.875922,8497767
2016-04-01,253.875922,255.080618,253.317426,254.520703,254.520703,9838630
2016-04-04,254.520703,255.198271,254.237202,254.914331,254.914331,4908337
2016-04-05,254.914331,255.090564,252.071590,252.245977,252.245977,6754233
2016-04-06,252.245977,252.948761,250.371575,251.071086,251.071086,4047900
2016-04-07,251.071086,251.754709,249.873400,250.555620,250.555620,5536146
2016-04-08,250.555620,252.789044,250.390246,252.622306,252.622306,6049115
2016-04-11,252.622306,254.180004,251.511312,253.067054,253.067054,3326398
2016-04-12,253.067054,254.935650,252.393307,254.258731,254.258731,6747413
2016-04-13,254.258731,255.385939,251.220357,252.339055,252.339055,4918215
2016-04-14,252.339055,256.133811,251.122825,254.905212,254.905212,8702717
2016-04-15,254.905212,257.836048,254.202953,257.127666,257.127666,2410811
2016-04-18,257.127666,263.127184,256.207012,262.188410,262.188410,5369084
2016-04-19,262.188410,263.164875,256.721167,257.680845,257.680845,3228660
2016-04-20,257.680845,262.235808,257.341306,261.890721,261.890721,4082094
2016-04-21,261.890721,266.900463,261.880379,266.889923,266.889923,8783210
2016-04-22,266.889923,267.782527,260.739684,261.614645,261.614645,4498346
2016-04-25,261.614645,262.999839,259.690673,261.072998,261.072998,6257737
2016-04-26,261.072998,261.799128,259.141517,259.864284,259.864284,6085348
2016-04-27,259.864284,260.918182,253.795451,254.828928,254.828928,11424817
2016-04-28,254.828928,256.141543,254.295778,255.606766,255.606766,8164971
2016-04-29,255.606766,256.075113,254.931979,255.399947,255.399947,4343614
2016-05-02,255.399947,256.102826,254.880767,255.583272,255.583272,5437824
2016-05-03,255.583272,263.013897,254.569833,261.975113,261.975113,4088064
2016-05-04,261.975113,265.778579,261.907417,265.709918,265.709918,13251026
2016-05-05,265.709918,270.856555,264.029171,269.154023,269.154023,2649398
2016-05-06,269.154023,269.719704,265.756932,266.316649,266.316649,4036864
2016-05-09,266.316649,266.934643,262.838362,263.449703,263.449703,3489997
2016-05-10,263.449703,265.501606,262.371033,264.418968,264.418968,7649396
2016-05-11,264.418968,264.685485,263.981197,264.247541,264.247541,4807049
2016-05-12,264.247541,267.338788,262.702434,265.784693,265.784693,3569930
2016-05-13,265.784693,267.687691,265.010644,266.910364,266.910364,6320014
2016-05-16,266.910364,267.901610,266.667900,267.658467,267.658467,9491871
2016-05-17,267.658467,269.591713,267.468013,269.400020,269.400020,18892696
2016-05-18,269.400020,271.948641,268.069802,270.612436,270.612436,5152914
2016-05-19,270.612436,272.532387,269.516523,271.433150,271.433150,3900136
2016-05-20,271.433150,271.743498,270.445755,270.755328,270.755328,4896100
2016-05-23,270.755328,274.150549,269.369234,272.754222,272.754222,5166453
2016-05-24,272.754222,286.772461,269.522000,283.413918,283.413918,7225207
2016-05-25,283.413918,283.906664,283.389003,283.881708,283.881708,12281771
2016-05-26,283.881708,284.678981,282.478134,283.273698,283.273698,7348873
2016-05-27,283.273698,283.614248,281.467232,281.806017,281.806017,7341679
2016-05-30,281.806017,283.866764,280.883318,282.940352,282.940352,6453394
2016-05-31,282.940352,285.541089,281.676867,284.271659,284.271659,3688290
2016-06-01,284.271659,286.620561,282.679323,285.024011,285.024011,2975037
2016-06-02,285.024011,287.618935,281.415226,284.000835,284.000835,6123184
2016-06-03,284.000835,284.619511,282.079038,282.694868,282.694868,5299810
2016-06-06,282.694868,284.693656,276.813063,278.784201,278.784201,3987347
2016-06-07,278.784201,279.425410,277.807014,278.447449,278.447449,6268918
2016-06-08,278.447449,278.474605,276.792248,276.819246,276.819246,3162018
2016-06-09,276.819246,277.585954,273.430051,274.189475,274.189475,2947346
2016-06-10,274.189475,274.588363,273.866736,274.265535,274.265535,9088978
2016-06-13,274.265535,275.981765,272.137974,273.851615,273.851615,5799064
2016-06-14,273.851615,275.648639,271.467322,273.260467,273.260467,6516151
2016-06-15,273.260467,277.885379,272.365352,276.978087,276.978087,6121117
2016-06-16,276.978087,278.702607,274.595715,276.316114,276.316114,6657217
2016-06-17,276.316114,278.913985,275.985340,278.580501,278.580501,19308144
2016-06-20,278.580501,278.841156,278.541374,278.801998,278.801998,6544096
2016-06-21,278.801998,279.758943,278.477749,279.433959,279.433959,6740193
2016-06-22,279.433959,280.421386,277.157172,278.140026,278.140026,5140794
2016-06-23,278.140026,279.255106,272.582637,273.679835,273.679835,4434501
2016-06-24,273.679835,278.954182,272.056617,277.309436,277.309436,6209183
2016-06-27,277.309436,278.743514,272.462052,273.878386,273.878386,3531159
2016-06-28,273.878386,277.259722,273.332323,276.708016,276.708016,6915306
2016-06-29,276.708016,277.576346,274.020654,274.883257,274.883257,5450739
2016-06-30,274.883257,275.683836,272.222409,273.017553,273.017553,5382149
2016-07-01,273.017553,277.641999,272.469105,277.085378,277.085378,4037255
2016-07-04,277.085378,278.056922,273.590296,274.552961,274.552961,7421955
2016-07-05,274.552961,277.010662,272.958585,275.411302,275.411302,5480606
2016-07-06,275.411302,276.474902,271.672429,272.725657,272.725657,6303138
2016-07-07,272.725657,277.910410,271.888890,277.060344,277.060344,4935122
2016-07-08,277.060344,278.391866,274.070605,275.394120,275.394120,6273334
2016-07-11,275.394120,275.536221,273.995345,274.136798,274.136798,5721686
2016-07-12,274.136798,274.537743,272.882278,273.281974,273.281974,8438954
2016-07-13,273.281974,273.823149,271.041285,271.579088,271.579088,5896322
2016-07-14,271.579088,271.975992,271.339932,271.736697,271.736697,3887245
2016-07-15,271.736697,275.662519,269.563338,273.475255,273.475255,5397394
2016-07-18,273.475255,273.498240,272.966279,272.989223,272.989223,9134326
2016-07-19,272.989223,273.044138,271.373063,271.427665,271.427665,2937098
2016-07-20,271.427665,271.633361,271.182960,271.388627,271.388627,4013064
2016-07-21,271.388627,276.123774,269.444236,274.159531,274.159531,4435957
2016-07-22,274.159531,275.737612,273.704438,275.280657,275.280657,8324216
2016-07-25,275.280657,277.086051,274.587661,276.390262,276.390262,6262225
2016-07-26,276.390262,277.756352,274.512239,275.875786,275.875786,7342686
2016-07-27,275.875786,275.912746,274.947604,274.984445,274.984445,6850606
2016-07-28,274.984445,277.342226,271.868109,274.219329,274.219329,5931288
2016-07-29,274.219329,277.450490,274.095151,277.324905,277.324905,4697883
2016-08-01,277.324905,281.726469,274.802736,279.187362,279.187362,8865509
2016-08-02,279.187362,284.079499,277.042535,281.913727,281.913727,5849601
2016-08-03,281.913727,282.947429,280.842001,281.875564,281.875564,3631288
2016-08-04,281.875564,283.785681,279.060839,280.964784,280.964784,3777319
2016-08-05,280.964784,282.661310,280.125677,281.819650,281.819650,4025467
2016-08-08,281.819650,282.842817,277.936159,278.948903,278.948903,3574054
2016-08-09,278.948903,281.271089,277.478938,279.796657,279.796657,6280011
2016-08-10,279.796657,283.074781,276.875148,280.149586,280.149586,2076566
2016-08-11,280.149586,282.528248,275.453105,277.811918,277.811918,5927813
2016-08-12,277.811918,280.122679,277.411602,279.719615,279.719615,4734475
2016-08-15,279.719615,281.873932,279.231542,281.382957,281.382957,15031421
2016-08-16,281.382957,288.175003,279.799820,286.562723,286.562723,4333402
2016-08-17,286.562723,286.599332,286.271004,286.307580,286.307580,6981384
2016-08-18,286.307580,286.821753,285.852554,286.366633,286.366633,8273499
2016-08-19,286.366633,287.545736,285.720827,286.898730,286.898730,5502560
2016-08-22,286.898730,287.707465,285.035901,285.841657,285.841657,6883689
2016-08-23,285.841657,288.497311,280.618791,283.250371,283.250371,6457947
2016-08-24,283.250371,284.774938,282.871586,284.394622,284.394622,6160008
2016-08-25,284.394622,289.033809,283.764340,288.394662,288.394662,7895721
2016-08-26,288.394662,288.575061,286.727516,286.906984,286.906984,6361793
2016-08-29,286.906984,287.698746,286.677157,287.468470,287.468470,7307304
2016-08-30,287.468470,288.412505,285.538512,286.479298,286.479298,11077113
2016-08-31,286.479298,289.421877,285.468006,288.403791,288.403791,8607354
2016-09-01,288.403791,290.584550,281.034477,283.175704,283.175704,7598705
2016-09-02,283.175704,288.776923,280.573241,286.147151,286.147151,3589317
2016-09-05,286.147151,291.023525,286.059649,290.934559,290.934559,4199082
2016-09-06,290.934559,292.068871,289.549397,290.682728,290.682728,3638282
2016-09-07,290.682728,293.033172,290.367662,292.715902,292.715902,5721773
2016-09-08,292.715902,292.841218,291.461426,291.586258,291.586258,7100810
2016-09-09,291.586258,293.621467,291.300377,293.333872,293.333872,6319654
2016-09-12,293.333872,294.469326,287.485266,288.602404,288.602404,10453551
2016-09-13,288.602404,292.896763,287.268663,291.549402,291.549402,5791555
2016-09-14,291.549402,295.912907,290.984472,295.340630,295.340630,6662676
2016-09-15,295.340630,296.153128,290.873695,291.676112,291.676112,5984548
2016-09-16,291.676112,297.132799,291.317713,296.768143,296.768143,6285038
2016-09-19,296.768143,296.844235,294.779295,294.854897,294.854897,7940914
2016-09-20,294.854897,300.716830,293.802727,299.647558,299.647558,3654079
2016-09-21,299.647558,299.901481,297.676022,297.928489,297.928489,4380953
2016-09-22,297.928489,298.731673,296.917794,297.720418,297.720418,8897390
2016-09-23,297.720418,298.151956,295.767712,296.197042,296.197042,7033150
2016-09-26,296.197042,298.156290,286.073002,287.977883,287.977883,7104945
2016-09-27,287.977883,290.276540,285.402312,287.698741,287.698741,7431977
2016-09-28,287.698741,297.909058,287.334759,297.532635,297.532635,4843363
2016-09-29,297.532635,299.601162,297.124217,299.190468,299.190468,6795564
2016-09-30,299.190468,299.573552,293.668064,294.044559,294.044559,4401421
2016-10-03,294.044559,296.099730,291.356572,293.407290,293.407290,5889398
2016-10-04,293.407290,299.194891,292.775696,298.552222,298.552222,3533189
2016-10-05,298.552222,298.935887,297.735013,298.118120,298.118120,2528226
2016-10-06,298.118120,301.068349,297.065002,300.008553,300.008553,9323896
2016-10-07,300.008553,302.242588,297.923937,300.156941,300.156941,7598643
2016-10-10,300.156941,303.204337,298.712018,301.751737,301.751737,8383446
2016-10-11,301.751737,303.344204,299.389737,300.978121,300.978121,3832782
2016-10-12,300.978121,301.383392,295.868827,296.267755,296.267755,4344938
2016-10-13,296.267755,296.679610,292.435043,292.842136,292.842136,4130638
2016-10-14,292.842136,298.650516,292.542950,298.345707,298.345707,9016321
2016-10-17,298.345707,300.357437,294.388207,296.386727,296.386727,6044425
2016-10-18,296.386727,297.575038,294.593637,295.779512,295.779512,7704692
2016-10-19,295.779512,297.119486,295.366066,296.704746,296.704746,5133302
2016-10-20,296.704746,299.489399,295.412211,298.190392,298.190392,4102564
2016-10-21,298.190392,300.444586,297.385439,299.635732,299.635732,9044036
2016-10-24,299.635732,303.699774,299.338761,303.399073,303.399073,5221943
2016-10-25,303.399073,304.438509,302.233310,303.272312,303.272312,6516405
2016-10-26,303.272312,303.821417,296.459474,296.997218,296.997218,8192043
2016-10-27,296.997218,297.731299,294.360570,295.089937,295.089937,4749259
2016-10-28,295.089937,296.267595,293.534763,294.710907,294.710907,7080791
2016-10-31,294.710907,298.309246,294.335702,297.929942,297.929942,3238894
2016-11-01,297.929942,299.115892,293.534439,294.707562,294.707562,6992590
2016-11-02,294.707562,297.297152,292.271189,294.859523,294.859523,4967604
2016-11-03,294.859523,297.059009,293.596632,295.792123,295.792123,6446031
2016-11-04,295.792123,296.822651,289.828452,290.841733,290.841733,4710742
2016-11-07,290.841733,294.540781,288.736509,292.424104,292.424104,5789629
2016-11-08,292.424104,292.627512,285.099767,285.298218,285.298218,3824290
2016-11-09,285.298218,286.290775,285.289541,286.282068,286.282068,3993751
2016-11-10,286.282068,290.254276,284.865272,288.824897,288.824897,8373657
2016-11-11,288.824897,290.378805,286.340683,287.889558,287.889558,5782393
2016-11-14,287.889558,290.015038,283.014429,285.119457,285.119457,5380397
2016-11-15,285.119457,291.877391,284.827297,291.578612,291.578612,4696942
2016-11-16,291.578612,295.218005,289.993589,293.621875,293.621875,7263330
2016-11-17,293.621875,296.159724,292.432097,294.964506,294.964506,8413473
2016-11-18,294.964506,297.974075,294.626814,297.633328,297.633328,3845993
2016-11-21,297.633328,299.293713,295.027126,296.682206,296.682206,9956640
2016-11-22,296.682206,298.026117,296.517435,297.860692,297.860692,4804685
2016-11-23,297.860692,304.397722,296.456892,302.969843,302.969843,7445751
2016-11-24,302.969843,303.984148,302.963742,303.978027,303.978027,7513482
2016-11-25,303.978027,306.086400,302.663679,304.768634,304.768634,4713739
2016-11-28,304.768634,306.456187,304.371438,306.057312,306.057312,5535536
2016-11-29,306.057312,306.309566,303.425427,303.675719,303.675719,7864754
2016-11-30,303.675719,306.321991,302.258334,304.898897,304.898897,5512076
2016-12-01,304.898897,306.245427,300.988411,302.323568,302.323568,9256991
2016-12-02,302.323568,303.463380,298.452863,299.582341,299.582341,8613090
2016-12-05,299.582341,300.253676,298.583120,299.253719,299.253719,5820538
2016-12-06,299.253719,302.480696,298.254120,301.473682,301.473682,10245623
2016-12-07,301.473682,301.746163,299.588670,299.859693,299.859693,5981745
2016-12-08,299.859693,300.971515,297.519923,298.627175,298.627175,6112681
2016-12-09,298.627175,302.131555,298.592547,302.096525,302.096525,4131146
2016-12-12,302.096525,304.605609,300.870957,303.374856,303.374856,6603740
2016-12-13,303.374856,304.542986,302.414530,303.582005,303.582005,12109554
2016-12-14,303.582005,306.147193,302.646107,305.206288,305.206288,5457417
2016-12-15,305.206288,307.259561,303.878495,305.928625,305.928625,12311562
2016-12-16,305.928625,306.861218,304.855333,305.787495,305.787495,8233305
2016-12-19,305.787495,308.000580,300.755017,302.947548,302.947548,4151999
2016-12-20,302.947548,304.020939,301.397323,302.469019,302.469019,7033097
2016-12-21,302.469019,303.219635,298.900421,299.644027,299.644027,4687716
2016-12-22,299.644027,300.526720,291.300197,292.160847,292.160847,7205949
2016-12-23,292.160847,297.357051,291.559529,296.746296,296.746296,3813240
2016-12-26,296.746296,299.973902,295.465416,298.684655,298.684655,8018889
2016-12-27,298.684655,299.194247,296.689128,297.196180,297.196180,9860619
2016-12-28,297.196180,299.995187,292.597127,295.379020,295.379020,2689180
2016-12-29,295.379020,298.379096,295.262325,298.261262,298.261262,3622665
2016-12-30,298.261262,303.145724,298.068880,302.950318,302.950318,5738220
2017-01-02,302.950318,304.575903,300.078822,301.697685,301.697685,4868860
2017-01-03,301.697685,302.284527,300.618210,301.204092,301.204092,6577172
2017-01-04,301.204092,303.441828,297.392275,299.618230,299.618230,7131730
2017-01-05,299.618230,301.258371,297.775533,299.414560,299.414560,5548840
2017-01-06,299.414560,307.765908,297.877795,306.194345,306.194345,8944363
2017-01-09,306.194345,309.311409,305.074152,308.183937,308.183937,7239458
2017-01-10,308.183937,311.702127,306.856289,310.365083,310.365083,5692663
2017-01-11,310.365083,310.677962,309.035498,309.347352,309.347352,9026594
2017-01-12,309.347352,313.263899,308.822035,312.732834,312.732834,7735340
2017-01-13,312.732834,316.672142,311.062796,314.990050,314.990050,6939380
2017-01-16,314.990050,316.327161,310.601671,311.925774,311.925774,5814858
2017-01-17,311.925774,318.016004,311.683902,317.769601,317.769601,19406973
2017-01-18,317.769601,318.793502,314.494312,315.510934,315.510934,4284657
2017-01-19,315.510934,317.905646,313.399689,315.792517,315.792517,8282556
2017-01-20,315.792517,317.283998,314.563398,316.053862,316.053862,4568029
2017-01-23,316.053862,321.289553,313.539428,318.753640,318.753640,7440931
2017-01-24,318.753640,320.646414,314.454377,316.332776,316.332776,9115596
2017-01-25,316.332776,316.423029,316.177241,316.267475,316.267475,5200814
2017-01-26,316.267475,320.854407,313.878913,318.449366,318.449366,6308170
2017-01-27,318.449366,318.940024,318.040371,318.530924,318.530924,10971227
2017-01-30,318.530924,318.831660,318.361558,318.662224,318.662224,4118830
2017-01-31,318.662224,325.245689,317.594892,324.159944,324.159944,7721883
2017-02-01,324.159944,324.401135,322.662916,322.903172,322.903172,5930651
2017-02-02,322.903172,326.049925,321.801586,324.941385,324.941385,2565616
2017-02-03,324.941385,327.410936,324.200041,326.665658,326.665658,4036887
2017-02-06,326.665658,328.391961,325.507621,327.231916,327.231916,7439557
2017-02-07,327.231916,328.135582,325.377740,326.278773,326.278773,3241440
2017-02-08,326.278773,326.316778,324.901392,324.939241,324.939241,5959523
2017-02-09,324.939241,325.993810,324.707702,325.761685,325.761685,6694805
2017-02-10,325.761685,326.045705,325.417811,325.701778,325.701778,5674825
2017-02-13,325.701778,326.734054,325.455735,326.487418,326.487418,10239649
2017-02-14,326.487418,332.437669,325.971645,331.913324,331.913324,5659830
2017-02-15,331.913324,334.728916,331.025874,333.836324,333.836324,3980211
2017-02-16,333.836324,335.530591,332.381239,334.074468,334.074468,5107475
2017-02-17,334.074468,340.287431,332.869391,339.064355,339.064355,5254891
2017-02-20,339.064355,341.075620,338.236089,340.244471,340.244471,5691946
2017-02-21,340.244471,346.638582,337.494213,343.859107,343.859107,6399300
2017-02-22,343.859107,350.259375,342.859163,349.243773,349.243773,5077226
2017-02-23,349.243773,349.802709,338.793951,339.337032,339.337032,9874063
2017-02-24,339.337032,342.642138,338.689027,341.989069,341.989069,8520264
2017-02-27,341.989069,344.779899,340.365433,343.150748,343.150748,4244114
2017-02-28,343.150748,344.286876,342.744903,343.880168,343.880168,6697950
2017-03-01,343.880168,346.334847,342.346500,344.797090,344.797090,8653664
2017-03-02,344.797090,357.906697,344.655128,357.759398,357.759398,5280363
2017-03-03,357.759398,360.201897,353.773337,356.205226,356.205226,6993891
2017-03-06,356.205226,360.447862,353.924027,358.154182,358.154182,7169755
2017-03-07,358.154182,361.894062,357.778481,361.514835,361.514835,4956943
2017-03-08,361.514835,362.943239,357.745605,359.164723,359.164723,6047651
2017-03-09,359.164723,360.418123,355.334572,356.578948,356.578948,9516076
2017-03-10,356.578948,359.517514,350.091553,353.000630,353.000630,5807594
2017-03-13,353.000630,353.136426,352.736637,352.872384,352.872384,8102477
2017-03-14,352.872384,353.426937,350.704576,351.256590,351.256590,5569180
2017-03-15,351.256590,351.935688,349.758575,350.436087,350.436087,5507610
2017-03-16,350.436087,350.743419,349.929063,350.236220,350.236220,9037002
2017-03-17,350.236220,350.553749,346.497648,346.812073,346.812073,4905215
2017-03-20,346.812073,346.982582,346.159081,346.329353,346.329353,3331038
2017-03-21,346.329353,351.493967,343.678131,348.823652,348.823652,2834497
2017-03-22,348.823652,349.320679,347.954252,348.450748,348.450748,6957174
2017-03-23,348.450748,356.066404,346.424668,354.008011,354.008011,5123066
2017-03-24,354.008011,354.234809,350.579617,350.804363,350.804363,5497213
2017-03-27,350.804363,353.621109,348.285471,351.100093,351.100093,12809100
2017-03-28,351.100093,354.486072,351.087130,354.472985,354.472985,4932285
2017-03-29,354.472985,358.737538,354.054213,358.314228,358.314228,9799670
2017-03-30,358.314228,360.753688,357.505519,359.941306,359.941306,4033865
2017-03-31,359.941306,368.855828,357.553859,366.425374,366.425374,8007967
2017-04-03,366.425374,369.743717,365.396966,368.708901,368.708901,9707537
2017-04-04,368.708901,369.257870,364.533497,365.077059,365.077059,4260540
2017-04-05,365.077059,366.083557,362.980197,363.983681,363.983681,7723756
2017-04-06,363.983681,366.732074,361.964456,364.708827,364.708827,9175214
2017-04-07,364.708827,366.782195,363.079661,365.151053,365.151053,6301963
2017-04-10,365.151053,369.042127,364.266699,368.150509,368.150509,4788631
2017-04-11,368.150509,368.920747,366.610652,367.379276,367.379276,5063166
2017-04-12,367.379276,374.492676,366.027051,373.119323,373.119323,5253861
2017-04-13,373.119323,375.638929,372.193093,374.708753,374.708753,5931329
2017-04-14,374.708753,375.457483,366.829703,367.564156,367.564156,5343404
2017-04-17,367.564156,367.683714,362.636000,362.753992,362.753992,5933045
2017-04-18,362.753992,365.254647,359.141921,361.634861,361.634861,7880805
2017-04-19,361.634861,365.008527,361.424606,364.796435,364.796435,6361024
2017-04-20,364.796435,366.915965,363.390862,365.507652,365.507652,5925300
2017-04-21,365.507652,368.518913,359.066278,362.049045,362.049045,8849650
2017-04-24,362.049045,362.657630,359.194752,359.799556,359.799556,5281791
2017-04-25,359.799556,362.092701,358.664760,360.954263,360.954263,4182929
2017-04-26,360.954263,362.688145,359.626555,361.358949,361.358949,5488651
2017-04-27,361.358949,365.739828,359.868707,364.237714,364.237714,6683564
2017-04-28,364.237714,366.149884,362.217357,364.128956,364.128956,7889827
2017-05-01,364.128956,366.414560,363.871998,366.156172,366.156172,6198331
2017-05-02,366.156172,369.615244,363.774982,367.227089,367.227089,10999117
2017-05-03,367.227089,368.118879,365.110912,365.999721,365.999721,8646702
2017-05-04,365.999721,372.270936,365.254571,371.514558,371.514558,6013104
2017-05-05,371.514558,373.306988,370.370284,372.160723,372.160723,5932317
2017-05-08,372.160723,374.841419,364.126304,366.768157,366.768157,7141659
2017-05-09,366.768157,369.881622,365.488567,368.595656,368.595656,4489421
2017-05-10,368.595656,372.797001,368.221610,372.419075,372.419075,5254076
2017-05-11,372.419075,373.801816,371.270428,372.652450,372.652450,7070269
2017-05-12,372.652450,372.886317,372.424649,372.658512,372.658512,9852340
2017-05-15,372.658512,374.461457,370.808721,372.611439,372.611439,6243390
2017-05-16,372.611439,372.729507,372.392225,372.510261,372.510261,4723357
2017-05-17,372.510261,374.558322,365.523285,367.544041,367.544041,4068171
2017-05-18,367.544041,370.124127,365.775495,368.351695,368.351695,6795959
2017-05-19,368.351695,369.521286,365.361115,366.524905,366.524905,12112434
2017-05-22,366.524905,368.959668,365.600380,368.031343,368.031343,6300447
2017-05-23,368.031343,371.370103,367.513140,370.847934,370.847934,6046955
2017-05-24,370.847934,371.954222,370.521350,371.626952,371.626952,5665986
2017-05-25,371.626952,373.231770,371.324980,372.928741,372.928741,5871601
2017-05-26,372.928741,373.606839,372.146939,372.824849,372.824849,7411094
2017-05-29,372.824849,373.819047,371.968815,372.962696,372.962696,5355364
2017-05-30,372.962696,374.219577,371.526401,372.782675,372.782675,4433603
2017-05-31,372.782675,376.365864,372.033345,375.610849,375.610849,5173716
2017-06-01,375.610849,379.736148,375.066511,379.186628,379.186628,8901931
2017-06-02,379.186628,380.587634,374.996986,376.387650,376.387650,2893865
2017-06-05,376.387650,379.984978,373.808087,377.398486,377.398486,6081364
2017-06-06,377.398486,379.860878,377.030622,379.490973,379.490973,6068989
2017-06-07,379.490973,381.225212,376.890449,378.620711,378.620711,9220706
2017-06-08,378.620711,379.724377,371.391774,372.477533,372.477533,3421544
2017-06-09,372.477533,374.678610,369.291174,371.486394,371.486394,7440442
2017-06-12,371.486394,371.867653,368.200180,368.578455,368.578455,4619017
2017-06-13,368.578455,372.821348,361.702646,365.914878,365.914878,5700350
2017-06-14,365.914878,370.335991,363.658464,368.066310,368.066310,6877804
2017-06-15,368.066310,369.926903,365.165111,367.020416,367.020416,6081562
2017-06-16,367.020416,367.755899,362.243608,362.970976,362.970976,5429877
2017-06-19,362.970976,363.563037,362.959476,363.551519,363.551519,5947002
2017-06-20,363.551519,366.235401,359.751021,362.426597,362.426597,4425204
2017-06-21,362.426597,362.487311,359.352959,359.413168,359.413168,7003324
2017-06-22,359.413168,360.655505,358.591998,359.833375,359.833375,6610921
2017-06-23,359.833375,360.343979,356.909665,357.416840,357.416840,7636992
2017-06-26,357.416840,368.666194,356.294233,367.511879,367.511879,6425568
2017-06-27,367.511879,370.879884,367.177746,370.542995,370.542995,3301890
2017-06-28,370.542995,376.652783,369.121194,375.213063,375.213063,6036588
2017-06-29,375.213063,376.290671,372.778340,373.852038,373.852038,8042678
2017-06-30,373.852038,375.784043,371.970091,373.901845,373.901845,3144238
2017-07-03,373.901845,374.581373,372.745508,373.424168,373.424168,10220382
2017-07-04,373.424168,375.008439,372.344226,373.927043,373.927043,11624333
2017-07-05,373.927043,379.114264,373.008520,378.185281,378.185281,2959493
2017-07-06,378.185281,378.531082,373.934250,374.276477,374.276477,5745782
2017-07-07,374.276477,374.656174,372.971221,373.349978,373.349978,7909767
2017-07-10,373.349978,374.478298,369.757525,370.878375,370.878375,4648870
2017-07-11,370.878375,372.106719,370.172023,371.399374,371.399374,11516732
2017-07-12,371.399374,372.621093,371.245366,372.466642,372.466642,19869049
2017-07-13,372.466642,377.873036,369.859771,375.246707,375.246707,6125698
2017-07-14,375.246707,376.779940,364.116261,365.610119,365.610119,6534807
2017-07-17,365.610119,367.242154,363.729255,365.360173,365.360173,3218967
2017-07-18,365.360173,368.144884,361.223179,363.997504,363.997504,5169076
2017-07-19,363.997504,366.891310,362.851286,365.739606,365.739606,7146077
2017-07-20,365.739606,369.130370,364.929667,368.314728,368.314728,5113134
2017-07-21,368.314728,368.680441,365.837334,366.200949,366.200949,5028433
2017-07-24,366.200949,369.830666,364.755392,368.376521,368.376521,8089110
2017-07-25,368.376521,370.026567,363.289750,364.924333,364.924333,6844626
2017-07-26,364.924333,365.667241,362.906854,363.647162,363.647162,6341623
2017-07-27,363.647162,365.218562,363.473758,365.044491,365.044491,4403594
2017-07-28,365.044491,370.340450,364.039197,369.323372,369.323372,4362120
2017-07-31,369.323372,369.826525,368.360592,368.863118,368.863118,7482295
2017-08-01,368.863118,369.116894,368.568554,368.822303,368.822303,9192870
2017-08-02,368.822303,375.701918,366.272245,373.122131,373.122131,6533366
2017-08-03,373.122131,377.181929,373.016216,377.074891,377.074891,10288752
2017-08-04,377.074891,377.367808,376.653621,376.946438,376.946438,8400825
2017-08-07,376.946438,377.844723,366.347124,367.222236,367.222236,5293417
2017-08-08,367.222236,371.246030,365.552740,369.565880,369.565880,6186426
2017-08-09,369.565880,373.709381,368.144964,372.278038,372.278038,4107556
2017-08-10,372.278038,374.636600,361.547400,363.852583,363.852583,7071991
2017-08-11,363.852583,364.259751,362.793158,363.199596,363.199596,8439941
2017-08-14,363.199596,374.860649,360.500689,372.095637,372.095637,4085674
2017-08-15,372.095637,379.195971,370.928858,378.010645,378.010645,5637362
2017-08-16,378.010645,378.322449,376.931397,377.242568,377.242568,7230779
2017-08-17,377.242568,380.493065,376.270570,379.515212,379.515212,5067125
2017-08-18,379.515212,384.368798,375.711451,380.554620,380.554620,5396372
2017-08-21,380.554620,381.030238,378.273744,378.747103,378.747103,4554199
2017-08-22,378.747103,380.699511,375.540964,377.486876,377.486876,5961198
2017-08-23,377.486876,378.061370,370.474233,371.038915,371.038915,7205056
2017-08-24,371.038915,375.199602,369.662573,373.812970,373.812970,4308048
2017-08-25,373.812970,375.609601,371.874105,373.670049,373.670049,3012555
2017-08-28,373.670049,377.161844,372.926202,376.412538,376.412538,5677264
2017-08-29,376.412538,385.053675,373.972031,382.573225,382.573225,9127714
2017-08-30,382.573225,383.834584,382.551078,383.812366,383.812366,8707458
2017-08-31,383.812366,392.969148,379.424771,388.527650,388.527650,8600020
2017-09-01,388.527650,389.436865,388.411821,389.320800,389.320800,4567272
2017-09-04,389.320800,395.798519,386.531179,392.982659,392.982659,6985439
2017-09-05,392.982659,396.033612,391.028805,394.074331,394.074331,8612875
2017-09-06,394.074331,394.880101,392.291536,393.095304,393.095304,3972365
2017-09-07,393.095304,394.930539,389.199676,391.025247,391.025247,5476284
2017-09-08,391.025247,393.337186,390.250129,392.559027,392.559027,7313911
2017-09-11,392.559027,393.080190,390.637600,391.156902,391.156902,3999261
2017-09-12,391.156902,393.624148,388.555237,391.021631,391.021631,6193354
2017-09-13,391.021631,391.768171,386.180801,386.919509,386.919509,5075597
2017-09-14,386.919509,387.675242,382.384344,383.132681,383.132681,3488142
2017-09-15,383.132681,384.302010,382.731806,383.900332,383.900332,5184351
2017-09-18,383.900332,386.884803,379.237886,382.209210,382.209210,3509100
2017-09-19,382.209210,382.597530,379.884362,380.270714,380.270714,4577754
2017-09-20,380.270714,384.610538,379.071907,383.401860,383.401860,4059110
2017-09-21,383.401860,391.459288,382.074792,390.109005,390.109005,5946780
2017-09-22,390.109005,395.365988,387.441559,392.680956,392.680956,6798562
2017-09-25,392.680956,396.841362,388.303929,392.462016,392.462016,5806546
2017-09-26,392.462016,392.927532,390.207963,390.671355,390.671355,5393838
2017-09-27,390.671355,391.321741,390.551889,391.202113,391.202113,5839861
2017-09-28,391.202113,393.448853,388.940394,391.187046,391.187046,4816055
2017-09-29,391.187046,394.034578,382.461351,385.265780,385.265780,4554131
2017-10-02,385.265780,389.310470,384.720671,388.760415,388.760415,6220986
2017-10-03,388.760415,388.985812,383.531535,383.754028,383.754028,6920140
2017-10-04,383.754028,385.421155,380.236823,381.895877,381.895877,4752119
2017-10-05,381.895877,382.247884,377.955203,378.303899,378.303899,4014529
2017-10-06,378.303899,379.113246,377.063516,377.871939,377.871939,17193309
2017-10-09,377.871939,379.490883,376.780313,378.397738,378.397738,10072448
2017-10-10,378.397738,382.135268,377.277298,381.007102,381.007102,7571311
2017-10-11,381.007102,381.328803,378.506564,378.826424,378.826424,7979815
2017-10-12,378.826424,380.351225,371.493474,372.994801,372.994801,4708710
2017-10-13,372.994801,373.793038,370.355242,371.149529,371.149529,6324375
2017-10-16,371.149529,374.660532,368.683575,372.187680,372.187680,13959842
2017-10-17,372.187680,378.021353,371.684770,377.511251,377.511251,5301422
2017-10-18,377.511251,378.015748,376.342837,376.846447,376.846447,7693673
2017-10-19,376.846447,378.531306,373.714995,375.393357,375.393357,4142871
2017-10-20,375.393357,378.696577,373.637069,376.933085,376.933085,4713568
2017-10-23,376.933085,386.048036,375.465193,384.550479,384.550479,4393422
2017-10-24,384.550479,386.114671,379.742609,381.293554,381.293554,9482825
2017-10-25,381.293554,381.595403,377.077368,377.376116,377.376116,5421114
2017-10-26,377.376116,378.393375,370.822897,371.825193,371.825193,5219414
2017-10-27,371.825193,377.317871,370.085354,375.560554,375.560554,5625789
2017-10-30,375.560554,380.073764,374.671172,379.175821,379.175821,6371594
2017-10-31,379.175821,380.908117,374.971090,376.692038,376.692038,4615435
2017-11-01,376.692038,378.533517,375.253588,377.093534,377.093534,7531644
2017-11-02,377.093534,381.297520,376.990250,381.193114,381.193114,6828462
2017-11-03,381.193114,385.533818,377.316599,381.652630,381.652630,4221874
2017-11-06,381.652630,382.386714,380.280052,381.012906,381.012906,2602475
2017-11-07,381.012906,381.923976,378.247537,379.154162,379.154162,5026526
2017-11-08,379.154162,381.213262,378.197308,380.253632,380.253632,7451489
2017-11-09,380.253632,382.356818,379.394398,381.494779,381.494779,4838858
2017-11-10,381.494779,383.438789,381.082281,383.024637,383.024637,9429011
2017-11-13,383.024637,386.573149,380.032360,383.576561,383.576561,8810637
2017-11-14,383.576561,383.818331,383.256600,383.498320,383.498320,10460347
2017-11-15,383.498320,384.926166,382.765422,384.191942,384.191942,4121267
2017-11-16,384.191942,386.141606,378.891973,380.824549,380.824549,7666635
2017-11-17,380.824549,381.115981,379.813916,380.104798,380.104798,8565131
2017-11-20,380.104798,382.896354,377.862870,380.651203,380.651203,7790520
2017-11-21,380.651203,395.003994,376.344669,390.585072,390.585072,5547012
2017-11-22,390.585072,416.421370,389.699903,415.479783,415.479783,5010540
2017-11-23,415.479783,420.910880,407.481935,412.879036,412.879036,9669249
2017-11-24,412.879036,414.707188,406.849487,408.658954,408.658954,7173951
2017-11-27,408.658954,409.572015,403.929035,404.833548,404.833548,8130304
2017-11-28,404.833548,404.938484,399.843481,399.947151,399.947151,7079252
2017-11-29,399.947151,401.309601,396.088501,397.442419,397.442419,4403318
2017-11-30,397.442419,400.120386,395.798622,398.472329,398.472329,4926705
2017-12-01,398.472329,404.917766,394.836161,401.256195,401.256195,11695385
2017-12-04,401.256195,406.999561,399.068031,404.792115,404.792115,5882491
2017-12-05,404.792115,407.351522,403.862820,406.418494,406.418494,5000239
2017-12-06,406.418494,412.985494,405.105421,411.655501,411.655501,3911416
2017-12-07,411.655501,414.231771,411.477946,414.053182,414.053182,3569360
2017-12-08,414.053182,417.659970,413.017914,416.618289,416.618289,7387370
2017-12-11,416.618289,419.834114,406.569088,409.731757,409.731757,5386429
2017-12-12,409.731757,410.389780,409.572621,410.230450,410.230450,6423255
2017-12-13,410.230450,414.907956,410.035287,414.710662,414.710662,5828038
2017-12-14,414.710662,417.429501,406.487810,409.170327,409.170327,6542254
2017-12-15,409.170327,410.479135,407.063581,408.369828,408.369828,5397656
2017-12-18,408.369828,415.126145,404.935912,411.664525,411.664525,9415745
2017-12-19,411.664525,414.912282,410.966046,414.209486,414.209486,4741558
2017-12-20,414.209486,417.522276,410.387770,413.696457,413.696457,3598515
2017-12-21,413.696457,415.186571,408.799842,410.277642,410.277642,7395588
2017-12-22,410.277642,410.770569,401.900937,402.384381,402.384381,5878968
2017-12-25,402.384381,407.419385,401.658100,406.685342,406.685342,6997872
2017-12-26,406.685342,408.019557,402.982215,404.308633,404.308633,6532360
2017-12-27,404.308633,407.742840,401.275002,404.706226,404.706226,10341317
2017-12-28,404.706226,408.106750,402.473946,405.868062,405.868062,5596874
2017-12-29,405.868062,407.172179,400.684816,401.976429,401.976429,4166180
2018-01-01,401.976429,410.126063,400.285842,408.408425,408.408425,6128808
2018-01-02,408.408425,415.086227,408.171374,414.845439,414.845439,8257547
2018-01-03,414.845439,415.217561,414.202931,414.574811,414.574811,4263598
2018-01-04,414.574811,417.247841,406.704671,409.343975,409.343975,7489854
2018-01-05,409.343975,421.731622,407.334421,419.671369,419.671369,8214485
2018-01-08,419.671369,419.743445,415.973001,416.044454,416.044454,4870563
2018-01-09,416.044454,418.131455,414.943011,417.027410,417.027410,3772008
2018-01-10,417.027410,425.198276,415.149504,423.292160,423.292160,5782642
2018-01-11,423.292160,424.248095,420.343222,421.294646,421.294646,3384590
2018-01-12,421.294646,422.396677,417.150581,418.244634,418.244634,5566483
2018-01-15,418.244634,420.563460,416.523792,418.840168,418.840168,5660746
2018-01-16,418.840168,422.939754,418.144618,422.238561,422.238561,5041373
2018-01-17,422.238561,425.029100,421.550791,424.337910,424.337910,3029480
2018-01-18,424.337910,426.840135,422.473868,424.973302,424.973302,5378389
2018-01-19,424.973302,428.390897,423.762060,427.173385,427.173385,8838479
2018-01-22,427.173385,427.305033,422.652279,422.782574,422.782574,5573428
2018-01-23,422.782574,423.204528,416.422711,416.838733,416.838733,4138809
2018-01-24,416.838733,419.902737,416.802343,419.866082,419.866082,5955553
2018-01-25,419.866082,420.954229,418.905425,419.993281,419.993281,3313511
2018-01-26,419.993281,423.660208,418.163501,421.822460,421.822460,6416564
2018-01-29,421.822460,424.328773,415.281366,417.763563,417.763563,7463872
2018-01-30,417.763563,422.998343,415.401658,420.620288,420.620288,6300019
2018-01-31,420.620288,420.808304,415.939333,416.125339,416.125339,5775771
2018-02-01,416.125339,417.605001,410.723197,412.188861,412.188861,2862678
2018-02-02,412.188861,417.209898,410.654291,415.662396,415.662396,4467020
2018-02-05,415.662396,417.514332,414.547527,416.397491,416.397491,6556924
2018-02-06,416.397491,417.715945,413.564893,414.878537,414.878537,5487231
2018-02-07,414.878537,415.327502,406.678167,407.118734,407.118734,8644440
2018-02-08,407.118734,407.559109,399.567709,400.000385,400.000385,7873608
2018-02-09,400.000385,407.490990,396.094199,403.550139,403.550139,9604928
2018-02-12,403.550139,403.592561,402.419595,402.461903,402.461903,4398594
2018-02-13,402.461903,402.556713,399.428953,399.523070,399.523070,4538870
2018-02-14,399.523070,403.442454,399.502865,403.422052,403.422052,5279115
2018-02-15,403.422052,405.127134,402.729552,404.432899,404.432899,7031399
2018-02-16,404.432899,405.393575,398.856724,399.806411,399.806411,8145823
2018-02-19,399.806411,401.155187,398.071983,399.419454,399.419454,5569690
2018-02-20,399.419454,404.021170,397.306498,401.895117,401.895117,5308248
2018-02-21,401.895117,405.244725,400.118320,403.461006,403.461006,4854146
2018-02-22,403.461006,410.550043,401.936860,409.004954,409.004954,5803646
2018-02-23,409.004954,410.087028,404.867236,405.941204,405.941204,3962663
2018-02-26,405.941204,407.939895,400.005241,401.984450,401.984450,5194393
2018-02-27,401.984450,402.670643,393.108593,393.780782,393.780782,7084783
2018-02-28,393.780782,394.870618,392.420394,393.509479,393.509479,7794916
2018-03-01,393.509479,395.710776,387.253873,389.432362,389.432362,3199117
2018-03-02,389.432362,393.409950,383.903124,387.864700,387.864700,10452961
2018-03-05,387.864700,395.318232,384.491607,391.909959,391.909959,5773829
2018-03-06,391.909959,394.071980,389.513758,391.674480,391.674480,5040929
2018-03-07,391.674480,398.068382,391.414045,397.803871,397.803871,8898893
2018-03-08,397.803871,399.061682,396.577436,397.835150,397.835150,5961149
2018-03-09,397.835150,398.238933,396.195524,396.598052,396.598052,10609557
2018-03-12,396.598052,398.422319,387.934679,389.727343,389.727343,3635362
2018-03-13,389.727343,391.727485,383.872901,385.853160,385.853160,14295515
2018-03-14,385.853160,388.485748,382.461600,385.088974,385.088974,5911533
2018-03-15,385.088974,385.325956,383.349205,383.585262,383.585262,8342735
2018-03-16,383.585262,386.505498,381.664271,384.579527,384.579527,9161369
2018-03-19,384.579527,391.871148,384.203206,391.488067,391.488067,5615166
2018-03-20,391.488067,393.093764,383.810456,385.391147,385.391147,4280699
2018-03-21,385.391147,388.316301,378.774075,381.670993,381.670993,10117546
2018-03-22,381.670993,381.978168,379.989010,380.295078,380.295078,7593254
2018-03-23,380.295078,386.092845,379.256528,385.041334,385.041334,9362527
2018-03-26,385.041334,387.149090,380.240075,382.333006,382.333006,5816071
2018-03-27,382.333006,383.623584,379.745308,381.031492,381.031492,7239841
2018-03-28,381.031492,383.608205,378.208079,380.783112,380.783112,5915320
2018-03-29,380.783112,384.659931,379.202912,383.070239,383.070239,4064594
2018-03-30,383.070239,392.558381,380.948323,390.395886,390.395886,7594970
2018-04-02,390.395886,394.129377,388.595958,392.320575,392.320575,6267361
2018-04-03,392.320575,392.852316,383.359332,383.879632,383.879632,4777754
2018-04-04,383.879632,385.045357,383.759378,384.924776,384.924776,5172189
2018-04-05,384.924776,384.950689,379.424380,379.449924,379.449924,6924979
2018-04-06,379.449924,385.969394,379.133461,385.647762,385.647762,6142722
2018-04-09,385.647762,390.445179,384.272307,389.057563,389.057563,5384959
2018-04-10,389.057563,394.624513,387.082256,392.631063,392.631063,4287968
2018-04-11,392.631063,397.421901,391.954714,396.738477,396.738477,6889290
2018-04-12,396.738477,398.538259,395.456508,397.254622,397.254622,4919849
2018-04-13,397.254622,398.312072,396.305593,397.362784,397.362784,4694905
2018-04-16,397.362784,398.294889,395.802167,396.732794,396.732794,7872213
2018-04-17,396.732794,424.915994,395.860265,423.983533,423.983533,5100113
2018-04-18,423.983533,426.508052,421.656879,424.180319,424.180319,9261175
2018-04-19,424.180319,428.782366,423.893071,428.492199,428.492199,6538050
2018-04-20,428.492199,434.585080,426.044058,432.116234,432.116234,9807050
2018-04-23,432.116234,434.606036,430.377866,432.864658,432.864658,4504868
2018-04-24,432.864658,433.101304,429.332506,429.567350,429.567350,6104650
2018-04-25,429.567350,430.019928,422.399907,422.845404,422.845404,10145376
2018-04-26,422.845404,423.421863,417.283602,417.853255,417.853255,5141681
2018-04-27,417.853255,418.164474,415.422742,415.732382,415.732382,7242603
2018-04-30,415.732382,422.046800,414.790173,421.092443,421.092443,9004274
2018-05-01,421.092443,427.090914,418.852492,424.831075,424.831075,5919055
2018-05-02,424.831075,429.567867,423.574268,428.300795,428.300795,5887507
2018-05-03,428.300795,429.393996,427.682967,428.775484,428.775484,9526607
2018-05-04,428.775484,429.399475,426.190406,426.811539,426.811539,5884770
2018-05-07,426.811539,427.610704,416.885877,417.667922,417.667922,7047314
2018-05-08,417.667922,420.961301,416.358774,419.645952,419.645952,4132608
2018-05-09,419.645952,419.746954,419.576127,419.677123,419.677123,6174708
2018-05-10,419.677123,421.409325,419.337228,421.068303,421.068303,4726624
2018-05-11,421.068303,424.912873,419.201844,423.037685,423.037685,5079017
2018-05-14,423.037685,424.124754,422.583369,423.669759,423.669759,8760302
2018-05-15,423.669759,426.060919,421.882556,424.271179,424.271179,6887368
2018-05-16,424.271179,427.416555,421.636690,424.778914,424.778914,6875044
2018-05-17,424.778914,426.271170,423.353779,424.845810,424.845810,8392141
2018-05-18,424.845810,427.016398,421.728451,423.894177,423.894177,4905624
2018-05-21,423.894177,425.372204,422.347333,423.825120,423.825120,7489709
2018-05-22,423.825120,425.922696,415.756098,417.823973,417.823973,4985376
2018-05-23,417.823973,421.423099,416.497940,420.089875,420.089875,5786884
2018-05-24,420.089875,426.399006,419.694697,425.998270,425.998270,4087589
2018-05-25,425.998270,427.958637,424.942243,426.900374,426.900374,3876528
2018-05-28,426.900374,428.799128,423.353534,425.244925,425.244925,5060669
2018-05-29,425.244925,426.076901,422.584409,423.412800,423.412800,5554196
2018-05-30,423.412800,425.576611,417.506519,419.651107,419.651107,3820806
2018-05-31,419.651107,420.569142,418.280482,419.197525,419.197525,5036532
2018-06-01,419.197525,423.633661,419.019777,423.454107,423.454107,4739413
2018-06-04,423.454107,423.563201,420.232509,420.340801,420.340801,4249037
2018-06-05,420.340801,421.904418,418.891848,420.455072,420.455072,11020337
2018-06-06,420.455072,421.500287,410.049335,411.071222,411.071222,6625635
2018-06-07,411.071222,422.398421,409.664744,420.958115,420.958115,5889429
2018-06-08,420.958115,427.256121,419.877678,426.162327,426.162327,7627916
2018-06-11,426.162327,427.312142,425.846044,426.995241,426.995241,3590735
2018-06-12,426.995241,431.371492,426.522790,430.894727,430.894727,4546893
2018-06-13,430.894727,433.664551,428.551025,431.318544,431.318544,5136577
2018-06-14,431.318544,432.631128,429.111196,430.421048,430.421048,7005427
2018-06-15,430.421048,435.303924,428.822516,433.693239,433.693239,8080541
2018-06-18,433.693239,434.849547,427.767435,428.910993,428.910993,5622014
2018-06-19,428.910993,428.917926,428.506862,428.513788,428.513788,8243493
2018-06-20,428.513788,428.706246,427.585611,427.777738,427.777738,5641439
2018-06-21,427.777738,428.011609,424.617460,424.849730,424.849730,7139195
2018-06-22,424.849730,443.376828,424.513564,443.026280,443.026280,8343003
2018-06-25,443.026280,443.309435,442.341401,442.624300,442.624300,5274960
2018-06-26,442.624300,444.444894,439.199313,441.013281,441.013281,7110711
2018-06-27,441.013281,441.093030,440.184098,440.263712,440.263712,8117736
2018-06-28,440.263712,441.956200,433.915957,435.590481,435.590481,8365197
2018-06-29,435.590481,437.258529,432.022386,433.683130,433.683130,4173769
2018-07-02,433.683130,434.675731,428.989645,429.973757,429.973757,4503363
2018-07-03,429.973757,435.156500,426.396652,431.566148,431.566148,3535114
2018-07-04,431.566148,432.844373,422.605057,423.860460,423.860460,3474010
2018-07-05,423.860460,424.886510,419.989733,421.008881,421.008881,7666436
2018-07-06,421.008881,423.621998,420.928483,423.541118,423.541118,5136405
2018-07-09,423.541118,424.208291,418.065165,418.724751,418.724751,6549306
2018-07-10,418.724751,420.563993,416.086252,417.921969,417.921969,5105501
2018-07-11,417.921969,421.027949,415.660583,418.762019,418.762019,7968174
2018-07-12,418.762019,423.384963,415.564869,420.177011,420.177011,4760140
2018-07-13,420.177011,422.749757,419.125878,421.694827,421.694827,9921330
2018-07-16,421.694827,426.914897,417.927299,423.134507,423.134507,8884548
2018-07-17,423.134507,423.889717,418.279234,419.027112,419.027112,9888427
2018-07-18,419.027112,419.062181,413.485209,413.519817,413.519817,5311755
2018-07-19,413.519817,417.270811,412.573334,416.317924,416.317924,9648418
2018-07-20,416.317924,417.904339,415.849344,417.434503,417.434503,3222038
2018-07-23,417.434503,419.728772,416.363225,418.654363,418.654363,6274854
2018-07-24,418.654363,420.905353,412.607544,414.838013,414.838013,6267437
2018-07-25,414.838013,416.869871,406.782202,408.784409,408.784409,5350981
2018-07-26,408.784409,409.942440,403.126227,404.271474,404.271474,4547491
2018-07-27,404.271474,405.833518,403.679576,405.240201,405.240201,5625538
2018-07-30,405.240201,406.020375,400.921136,401.694483,401.694483,5356824
2018-07-31,401.694483,404.629030,401.062342,403.993272,403.993272,5802647
2018-08-01,403.993272,408.555236,403.493301,408.050244,408.050244,6144080
2018-08-02,408.050244,408.965389,406.063084,406.975820,406.975820,6906575
2018-08-03,406.975820,412.180058,404.901513,410.089879,410.089879,10465818
2018-08-06,410.089879,411.100646,402.613815,403.608607,403.608607,7282030
2018-08-07,403.608607,405.605659,403.224072,405.219589,405.219589,6535535
2018-08-08,405.219589,406.152313,401.900679,402.827897,402.827897,2825332
2018-08-09,402.827897,406.853459,400.771376,404.786937,404.786937,4287229
2018-08-10,404.786937,408.286120,404.266915,407.762276,407.762276,9273166
2018-08-13,407.762276,416.889610,405.153925,414.239823,414.239823,5821635
2018-08-14,414.239823,419.183771,413.572815,418.509886,418.509886,9653392
2018-08-15,418.509886,424.414982,416.160613,422.045860,422.045860,7164975
2018-08-16,422.045860,422.086382,421.454213,421.494682,421.494682,8039728
2018-08-17,421.494682,423.028416,421.048963,422.581547,422.581547,4503235
2018-08-20,422.581547,423.301919,416.611920,417.323328,417.323328,4772949
2018-08-21,417.323328,423.090119,415.473211,421.222714,421.222714,4912003
2018-08-22,421.222714,424.031783,421.139676,423.948207,423.948207,5092668
2018-08-23,423.948207,426.349676,421.977721,424.377196,424.377196,4978854
2018-08-24,424.377196,428.010557,423.098500,426.724787,426.724787,7180807
2018-08-27,426.724787,432.700443,426.671596,432.646514,432.646514,3543702
2018-08-28,432.646514,434.674979,431.487245,433.513387,433.513387,5728226
2018-08-29,433.513387,433.875308,429.311877,429.670590,429.670590,5851178
2018-08-30,429.670590,434.307126,429.388475,434.022153,434.022153,2898624
2018-08-31,434.022153,435.508772,423.248178,424.702876,424.702876,4338496
2018-09-03,424.702876,428.281334,424.641452,428.219401,428.219401,15583991
2018-09-04,428.219401,430.193710,427.960800,429.934074,429.934074,4867650
2018-09-05,429.934074,432.243884,427.918875,430.227311,430.227311,4761667
2018-09-06,430.227311,435.315967,429.842032,434.926481,434.926481,7516880
2018-09-07,434.926481,445.048659,434.751278,444.869451,444.869451,5273170
2018-09-10,444.869451,446.403491,443.855483,445.388341,445.388341,6527084
2018-09-11,445.388341,446.660564,444.679727,445.951055,445.951055,3326636
2018-09-12,445.951055,447.287497,440.830320,442.155387,442.155387,5197629
2018-09-13,442.155387,446.165058,432.013530,435.967083,435.967083,4905211
2018-09-14,435.967083,437.739238,433.052784,434.820277,434.820277,10460317
2018-09-17,434.820277,438.462187,430.074689,433.707277,433.707277,6763993
2018-09-18,433.707277,434.441487,426.641587,427.365060,427.365060,2479780
2018-09-19,427.365060,428.791814,426.527704,427.953305,427.953305,5504622
2018-09-20,427.953305,434.223700,427.912191,434.181987,434.181987,4964802
2018-09-21,434.181987,436.091444,434.090840,435.999916,435.999916,5610770
2018-09-24,435.999916,437.412566,431.566158,432.968988,432.968988,5005640
2018-09-25,432.968988,438.798999,429.826347,435.636993,435.636993,4517383
2018-09-26,435.636993,436.304938,434.767324,435.434960,435.434960,6870718
2018-09-27,435.434960,436.711852,428.726350,429.987267,429.987267,5690200
2018-09-28,429.987267,438.130321,424.379456,432.489872,432.489872,8713457
2018-10-01,432.489872,433.332003,429.778308,430.616792,430.616792,8665598
2018-10-02,430.616792,431.169346,429.207588,429.759041,429.759041,3460442
2018-10-03,429.759041,431.479458,425.708481,427.419532,427.419532,8056584
2018-10-04,427.419532,428.896730,425.774768,427.251386,427.251386,4288421
2018-10-05,427.251386,427.512059,422.086620,422.344299,422.344299,13596678
2018-10-08,422.344299,425.637694,416.851605,420.127715,420.127715,5796550
2018-10-09,420.127715,420.780151,416.637398,417.285420,417.285420,5868130
2018-10-10,417.285420,418.366029,411.788733,412.857876,412.857876,4826963
2018-10-11,412.857876,416.672182,411.004930,414.810473,414.810473,4874365
2018-10-12,414.810473,415.624308,410.964641,411.772516,411.772516,7245935
2018-10-15,411.772516,414.428257,409.603331,412.256523,412.256523,8241027
2018-10-16,412.256523,413.946164,408.746095,410.428244,410.428244,5612113
2018-10-17,410.428244,422.923788,406.502850,418.917204,418.917204,6105280
2018-10-18,418.917204,429.374972,418.668518,429.120229,429.120229,4309319
2018-10-19,429.120229,429.748043,428.884636,429.512234,429.512234,7636774
2018-10-22,429.512234,432.025566,428.645207,431.155222,431.155222,9880749
2018-10-23,431.155222,432.170738,431.021209,432.036451,432.036451,5438255
2018-10-24,432.036451,433.626149,431.922470,433.511779,433.511779,2843892
2018-10-25,433.511779,437.018632,432.063556,435.563554,435.563554,5759361
2018-10-26,435.563554,435.920620,435.179721,435.536765,435.536765,8122302
2018-10-29,435.536765,453.427053,432.510095,450.297803,450.297803,6270570
2018-10-30,450.297803,452.289345,450.127866,452.118721,452.118721,4936597
2018-10-31,452.118721,452.609714,439.630114,440.108065,440.108065,4225386
2018-11-01,440.108065,446.597931,436.866180,443.332296,443.332296,12538118
2018-11-02,443.332296,448.389108,443.219361,448.274913,448.274913,8599367
2018-11-05,448.274913,450.103559,448.196301,450.024640,450.024640,6341862
2018-11-06,450.024640,455.707477,448.005966,453.672441,453.672441,4497758
2018-11-07,453.672441,455.954306,452.527109,454.806113,454.806113,8298095
2018-11-08,454.806113,456.370870,454.090161,455.653585,455.653585,6148707
2018-11-09,455.653585,456.353160,455.436452,456.135797,456.135797,10455748
2018-11-12,456.135797,460.797031,450.571470,455.223380,455.223380,4009729
2018-11-13,455.223380,462.048652,455.081971,461.905167,461.905167,8071100
2018-11-14,461.905167,462.251451,458.901315,459.245605,459.245605,10909123
2018-11-15,459.245605,462.916892,456.645947,460.311202,460.311202,3829299
2018-11-16,460.311202,462.374995,455.876768,457.929884,457.929884,3669553
2018-11-19,457.929884,465.006974,453.169658,460.222911,460.222911,5805606
2018-11-20,460.222911,464.335984,449.359366,453.411565,453.411565,6677939
2018-11-21,453.411565,453.440628,437.193521,437.221546,437.221546,9094692
2018-11-22,437.221546,437.552686,434.563725,434.893102,434.893102,4674847
2018-11-23,434.893102,438.457376,434.012961,437.571814,437.571814,5742792
2018-11-26,437.571814,438.484643,436.950630,437.863046,437.863046,3394437
2018-11-27,437.863046,439.683358,430.882930,432.681702,432.681702,7412740
2018-11-28,432.681702,435.124794,427.811949,430.241262,430.241262,5657197
2018-11-29,430.241262,434.466507,429.307980,433.526100,433.526100,8579285
2018-11-30,433.526100,435.869908,430.983826,433.326555,433.326555,8984494
2018-12-03,433.326555,436.414534,432.408633,435.492024,435.492024,4475941
2018-12-04,435.492024,441.461002,434.750935,440.711031,440.711031,6685338
2018-12-05,440.711031,450.206386,435.970286,445.415039,445.415039,3377962
2018-12-06,445.415039,447.344632,443.222202,445.150650,445.150650,5488972
2018-12-07,445.150650,445.241355,441.810112,441.900155,441.900155,8507760
2018-12-10,441.900155,441.999210,439.543336,439.641885,439.641885,5180701
2018-12-11,439.641885,441.492319,434.732144,436.569647,436.569647,7068601
2018-12-12,436.569647,438.548321,432.590066,434.559630,434.559630,5442863
2018-12-13,434.559630,435.195405,429.727449,430.357076,430.357076,3827108
2018-12-14,430.357076,433.906658,428.944621,432.487212,432.487212,4651014
2018-12-17,432.487212,435.771097,431.623379,434.902440,434.902440,5138971
2018-12-18,434.902440,439.565971,434.793287,439.455676,439.455676,3975124
2018-12-19,439.455676,440.382827,434.803987,435.723264,435.723264,6439508
2018-12-20,435.723264,442.972837,433.941484,441.168789,441.168789,5927722
2018-12-21,441.168789,444.126953,435.760670,438.702296,438.702296,10623993
2018-12-24,438.702296,442.451297,430.693068,434.405349,434.405349,3537617
2018-12-25,434.405349,437.577767,433.297871,436.465038,436.465038,5086516
2018-12-26,436.465038,439.387869,435.795808,438.715189,438.715189,7205267
2018-12-27,438.715189,443.466855,437.633212,442.375850,442.375850,6899900
2018-12-28,442.375850,450.562420,441.973652,450.153151,450.153151,5797056
2018-12-31,450.153151,452.574797,444.344834,446.748162,446.748162,4874712
2019-01-01,446.748162,454.084263,442.362635,449.670054,449.670054,17968867
2019-01-02,449.670054,455.465804,449.370501,455.162592,455.162592,12441132
2019-01-03,455.162592,456.372129,454.693433,455.902208,455.902208,7616526
2019-01-04,455.902208,458.781412,447.692100,450.537423,450.537423,8080629
2019-01-07,450.537423,452.188306,448.305746,449.954493,449.954493,4487406
2019-01-08,449.954493,450.305419,444.294265,444.641047,444.641047,9635218
2019-01-09,444.641047,454.080659,443.087274,452.499425,452.499425,4724022
2019-01-10,452.499425,452.759641,449.005669,449.264025,449.264025,2895213
2019-01-11,449.264025,450.774919,439.808110,441.292194,441.292194,5934129
2019-01-14,441.292194,447.774368,440.171520,446.640112,446.640112,7493324
2019-01-15,446.640112,450.572825,444.723491,448.647589,448.647589,7946950
2019-01-16,448.647589,450.050969,447.456562,448.859378,448.859378,5507057
2019-01-17,448.859378,451.077208,448.245930,450.461570,450.461570,6307358
2019-01-18,450.461570,457.875191,448.503512,455.893521,455.893521,5739328
2019-01-21,455.893521,459.772257,454.853829,458.726105,458.726105,3128244
2019-01-22,458.726105,459.503260,455.620333,456.393537,456.393537,2998731
2019-01-23,456.393537,458.210715,449.276828,451.072821,451.072821,4155333
2019-01-24,451.072821,451.112490,449.056578,449.096073,449.096073,6649358
2019-01-25,449.096073,449.695990,446.101366,446.698080,446.698080,4085848
2019-01-28,446.698080,446.728251,445.735371,445.765479,445.765479,6178508
2019-01-29,445.765479,449.549129,444.322421,448.098518,448.098518,5736995
2019-01-30,448.098518,455.896093,445.044635,452.810100,452.810100,5466698
2019-01-31,452.810100,453.024709,447.131640,447.343659,447.343659,5403535
2019-02-01,447.343659,447.410254,446.674200,446.740706,446.740706,14514595
2019-02-04,446.740706,453.429476,446.182891,452.864015,452.864015,5378612
2019-02-05,452.864015,456.436983,452.364207,455.933787,455.933787,9036477
2019-02-06,455.933787,456.951626,450.577265,451.585396,451.585396,5105406
2019-02-07,451.585396,452.487846,447.924636,448.821563,448.821563,4885605
2019-02-08,448.821563,456.263419,447.046720,454.466254,454.466254,3348494
2019-02-11,454.466254,457.750146,448.252339,451.514906,451.514906,3664207
2019-02-12,451.514906,452.780935,447.150178,448.407494,448.407494,4424661
2019-02-13,448.407494,452.132101,446.919405,450.636616,450.636616,5478109
2019-02-14,450.636616,452.165830,444.622402,446.136345,446.136345,7510172
2019-02-15,446.136345,450.480870,443.961652,448.295652,448.295652,4242198
2019-02-18,448.295652,451.116494,447.311625,450.128444,450.128444,7274251
2019-02-19,450.128444,450.461496,449.138695,449.471260,449.471260,8385503
2019-02-20,449.471260,452.110058,448.820447,451.456371,451.456371,6839863
2019-02-21,451.456371,453.874043,449.983551,452.398151,452.398151,3364645
2019-02-22,452.398151,454.480069,451.601505,453.681164,453.681164,6707657
2019-02-25,453.681164,460.148030,451.347848,457.793563,457.793563,5842095
2019-02-26,457.793563,460.276731,455.471678,457.954032,457.954032,3965279
2019-02-27,457.954032,462.962601,455.981729,460.977278,460.977278,4597750
2019-02-28,460.977278,462.907450,456.301402,458.220030,458.220030,5854117
2019-03-01,458.220030,458.488701,456.752841,457.020809,457.020809,8626715
2019-03-04,457.020809,458.910639,452.817263,454.697486,454.697486,4378162
2019-03-05,454.697486,457.774042,454.072980,457.146173,457.146173,7075936
2019-03-06,457.146173,465.092278,453.752330,461.664888,461.664888,5306866
2019-03-07,461.664888,467.573397,460.958387,466.858947,466.858947,5679557
2019-03-08,466.858947,469.609153,462.816090,465.558636,465.558636,5222350
2019-03-11,465.558636,468.181947,464.094950,466.714626,466.714626,5602013
2019-03-12,466.714626,468.782930,465.404824,467.471004,467.471004,4562667
2019-03-13,467.471004,473.607122,466.790973,472.919165,472.919165,2716815
2019-03-14,472.919165,475.082830,472.748700,474.911647,474.911647,6816729
2019-03-15,474.911647,477.515032,473.868114,476.468079,476.468079,6498485
2019-03-18,476.468079,477.847269,476.087208,477.465601,477.465601,4341803
2019-03-19,477.465601,480.386701,476.255077,479.171851,479.171851,5335049
2019-03-20,479.171851,486.495584,477.993871,485.302533,485.302533,4946315
2019-03-21,485.302533,489.042283,484.203925,487.937709,487.937709,5174950
2019-03-22,487.937709,488.202995,486.933943,487.198827,487.198827,7181327
2019-03-25,487.198827,490.573841,484.805239,488.175455,488.175455,5490746
2019-03-26,488.175455,493.880343,482.184049,487.885549,487.885549,6081887
2019-03-27,487.885549,489.892290,486.571523,488.576404,488.576404,4165623
2019-03-28,488.576404,491.930546,488.079153,491.430391,491.430391,3814915
2019-03-29,491.430391,493.902580,490.190760,492.659847,492.659847,4293238
2019-04-01,492.659847,497.525748,491.605968,496.463731,496.463731,3313948
2019-04-02,496.463731,502.090047,493.405948,499.016540,499.016540,5896161
2019-04-03,499.016540,501.609158,494.244106,496.825339,496.825339,4564184
2019-04-04,496.825339,501.089191,493.762118,498.018612,498.018612,11708656
2019-04-05,498.018612,504.432478,482.203633,488.494845,488.494845,4572777
2019-04-08,488.494845,494.906296,486.152366,492.544398,492.544398,2988238
2019-04-09,492.544398,508.661478,490.693225,506.756889,506.756889,7541601
2019-04-10,506.756889,508.209303,505.467311,506.919313,506.919313,3860410
2019-04-11,506.919313,507.523650,504.606520,505.208818,505.208818,5143146
2019-04-12,505.208818,508.022982,487.471500,490.202071,490.202071,6344566
2019-04-15,490.202071,491.659306,489.653046,491.109265,491.109265,8768729
2019-04-16,491.109265,492.455786,480.255462,481.575845,481.575845,9509494
2019-04-17,481.575845,483.484592,474.054919,475.941334,475.941334,4787847
2019-04-18,475.941334,477.908859,469.992928,471.943928,471.943928,6061103
2019-04-19,471.943928,473.569499,467.776062,469.392846,469.392846,4590769
2019-04-22,469.392846,473.318544,468.766427,472.687728,472.687728,5326293
2019-04-23,472.687728,477.101740,470.142380,474.546383,474.546383,6531599
2019-04-24,474.546383,474.938630,473.197392,473.588847,473.588847,5911478
2019-04-25,473.588847,475.240832,467.518176,469.154694,469.154694,4499242
2019-04-26,469.154694,470.822981,468.078033,469.744966,469.744966,3738925
2019-04-29,469.744966,471.523206,468.301771,470.078985,470.078985,4592740
2019-04-30,470.078985,472.244450,466.394914,468.553351,468.553351,5868817
2019-05-01,468.553351,482.493937,466.678711,480.571214,480.571214,4442725
2019-05-02,480.571214,485.568851,467.690301,472.605096,472.605096,4549559
2019-05-03,472.605096,474.188388,460.912959,462.462271,462.462271,10248856
2019-05-06,462.462271,463.480512,460.936446,461.953567,461.953567,6994685
2019-05-07,461.953567,462.263030,460.120336,460.428777,460.428777,7615994
2019-05-08,460.428777,461.070670,457.961151,458.600496,458.600496,4390134
2019-05-09,458.600496,460.933708,456.814877,459.145966,459.145966,5123579
2019-05-10,459.145966,464.224366,458.212722,463.282714,463.282714,6940411
2019-05-13,463.282714,464.586682,459.383588,460.680231,460.680231,7281998
2019-05-14,460.680231,469.209235,456.306972,464.796897,464.796897,8021513
2019-05-15,464.796897,465.688171,463.531870,464.422426,464.422426,8796586
2019-05-16,464.422426,471.039437,460.517377,467.111776,467.111776,4654996
2019-05-17,467.111776,468.840909,464.576655,466.302794,466.302794,7731547
2019-05-20,466.302794,466.608481,460.337126,460.639100,460.639100,4357186
2019-05-21,460.639100,461.159669,460.419777,460.940203,460.940203,6391040
2019-05-22,460.940203,461.194362,449.335152,449.583049,449.583049,7658346
2019-05-23,449.583049,451.655146,449.020225,451.090435,451.090435,4526125
2019-05-24,451.090435,460.444876,450.607346,459.952297,459.952297,4977511
2019-05-27,459.952297,465.247059,459.715794,465.007957,465.007957,7927883
2019-05-28,465.007957,471.423253,460.680899,467.076942,467.076942,5491095
2019-05-29,467.076942,471.049148,464.751813,468.715860,468.715860,8517420
2019-05-30,468.715860,476.940674,466.558333,474.755347,474.755347,7216824
2019-05-31,474.755347,478.152629,473.971146,477.364118,477.364118,5920838
2019-06-03,477.364118,480.283870,476.731517,479.648242,479.648242,3699856
2019-06-04,479.648242,484.072688,476.228852,480.646184,480.646184,4983546
2019-06-05,480.646184,482.249759,472.263620,473.844503,473.844503,8515362
2019-06-06,473.844503,486.652366,473.039333,485.826836,485.826836,4590048
2019-06-07,485.826836,487.518187,481.329999,483.011549,483.011549,8569144
2019-06-10,483.011549,488.757411,481.115833,486.846644,486.846644,3874271
2019-06-11,486.846644,492.705494,485.209447,491.054148,491.054148,4511664
2019-06-12,491.054148,492.158149,488.371267,489.471711,489.471711,4953411
2019-06-13,489.471711,492.490881,482.987323,485.984987,485.984987,10647346
2019-06-14,485.984987,491.221803,484.407715,489.632693,489.632693,9454802
2019-06-17,489.632693,490.563663,485.286044,486.210507,486.210507,4888085
2019-06-18,486.210507,492.791892,481.807099,488.368936,488.368936,7025383
2019-06-19,488.368936,498.468035,485.401139,495.457164,495.457164,4332523
2019-06-20,495.457164,496.685436,492.590198,493.814398,493.814398,8716404
2019-06-21,493.814398,499.245759,491.439174,496.855906,496.855906,3888726
2019-06-24,496.855906,497.215761,495.505854,495.864992,495.864992,9962864
2019-06-25,495.864992,499.204996,494.692221,498.027111,498.027111,8062267
2019-06-26,498.027111,510.625194,494.883909,507.422693,507.422693,3360586
2019-06-27,507.422693,508.369046,491.655164,492.573824,492.573824,9886805
2019-06-28,492.573824,501.876194,491.741262,501.029340,501.029340,8660304
2019-07-01,501.029340,507.246010,497.753631,503.951197,503.951197,6592331
2019-07-02,503.951197,506.765473,501.966761,504.777781,504.777781,6196586
2019-07-03,504.777781,510.480859,504.119915,509.816426,509.816426,5019892
2019-07-04,509.816426,510.764486,500.599735,501.532390,501.532390,4212833
2019-07-05,501.532390,503.254248,500.839719,502.560157,502.560157,8420197
2019-07-08,502.560157,507.921622,500.546649,505.894753,505.894753,4987864
2019-07-09,505.894753,506.595932,501.995920,502.692661,502.692661,5404224
2019-07-10,502.692661,505.524104,500.685326,503.513492,503.513492,5299327
2019-07-11,503.513492,516.362906,503.455979,516.303931,516.303931,12846226
2019-07-12,516.303931,516.495459,510.349614,510.539004,510.539004,3741400
2019-07-15,510.539004,514.445964,509.099896,512.999919,512.999919,7477057
2019-07-16,512.999919,515.315949,507.096332,509.396091,509.396091,7605785
2019-07-17,509.396091,509.585009,507.949738,508.138190,508.138190,15841941
2019-07-18,508.138190,512.660168,507.898095,512.418051,512.418051,5906394
2019-07-19,512.418051,514.288110,510.582539,512.452474,512.452474,4721641
2019-07-22,512.452474,513.063417,511.755642,512.366482,512.366482,4897417
2019-07-23,512.366482,513.368633,510.839465,511.840587,511.840587,10103368
2019-07-24,511.840587,513.131370,511.457873,512.747977,512.747977,7565056
2019-07-25,512.747977,519.121257,511.647733,518.009722,518.009722,3993849
2019-07-26,518.009722,519.433837,509.677615,511.082685,511.082685,5402064
2019-07-29,511.082685,515.022267,509.047287,512.979316,512.979316,3936894
2019-07-30,512.979316,515.261916,508.012330,510.282933,510.282933,4622356
2019-07-31,510.282933,512.668324,508.182174,510.566398,510.566398,6461834
2019-08-01,510.566398,511.656359,509.178105,510.267428,510.267428,3827119
2019-08-02,510.267428,514.329010,508.723444,512.777432,512.777432,3698468
2019-08-05,512.777432,514.111255,507.798893,509.123211,509.123211,7595116
2019-08-06,509.123211,509.598914,500.399806,500.867795,500.867795,10014841
2019-08-07,500.867795,501.488527,495.043012,495.657286,495.657286,20198366
2019-08-08,495.657286,497.958443,493.017293,495.316869,495.316869,9497801
2019-08-09,495.316869,503.505514,492.710311,500.869734,500.869734,4461512
2019-08-12,500.869734,505.609245,499.360211,504.090016,504.090016,8702678
2019-08-13,504.090016,506.883455,498.734304,501.513465,501.513465,8721398
2019-08-14,501.513465,503.577862,501.153829,503.217005,503.217005,6374983
2019-08-15,503.217005,503.618933,493.008078,493.402167,493.402167,6268865
2019-08-16,493.402167,501.811684,491.235551,499.617774,499.617774,6398682
2019-08-19,499.617774,505.935739,498.669889,504.977685,504.977685,8799237
2019-08-20,504.977685,505.279440,503.884297,504.185579,504.185579,7881042
2019-08-21,504.185579,509.298463,503.291685,508.397102,508.397102,8621114
2019-08-22,508.397102,509.567053,507.718560,508.887856,508.887856,4793127
2019-08-23,508.887856,515.701506,507.169295,513.965796,513.965796,3328451
2019-08-26,513.965796,516.465987,511.643655,514.143046,514.143046,8393794
2019-08-27,514.143046,519.401459,511.566683,516.811724,516.811724,7077475
2019-08-28,516.811724,520.182402,515.790218,519.156261,519.156261,6257385
2019-08-29,519.156261,522.227801,514.810374,517.874330,517.874330,3376720
2019-08-30,517.874330,519.198700,517.730442,519.054484,519.054484,5060630
2019-09-02,519.054484,520.762832,510.902675,512.589746,512.589746,6190411
2019-09-03,512.589746,514.494067,509.013742,510.911830,510.911830,7008448
2019-09-04,510.911830,511.992315,506.130440,507.203082,507.203082,7341080
2019-09-05,507.203082,509.051998,507.116946,508.965564,508.965564,3354682
2019-09-06,508.965564,511.599853,507.418181,510.049176,510.049176,7098721
2019-09-09,510.049176,512.729753,508.484233,511.161398,511.161398,7642356
2019-09-10,511.161398,513.784359,507.522910,510.140633,510.140633,7744755
2019-09-11,510.140633,513.583911,509.778178,513.219268,513.219268,10444110
2019-09-12,513.219268,514.122842,502.545129,503.431470,503.431470,3510263
2019-09-13,503.431470,510.050161,498.939017,505.538902,505.538902,8491004
2019-09-16,505.538902,505.971176,501.057271,501.486079,501.486079,11145531
2019-09-17,501.486079,504.664073,493.245085,496.390789,496.390789,2459320
2019-09-18,496.390789,504.051341,493.944599,501.579581,501.579581,6708211
2019-09-19,501.579581,501.847678,499.807083,500.074375,500.074375,9063301
2019-09-20,500.074375,500.296590,498.450986,498.672578,498.672578,2969648
2019-09-23,498.672578,512.052184,498.216403,511.584198,511.584198,2926142
2019-09-24,511.584198,512.737043,503.708866,504.846527,504.846527,3792682
2019-09-25,504.846527,506.077801,504.096899,505.327459,505.327459,5262485
2019-09-26,505.327459,506.107474,503.562869,504.341362,504.341362,5379071
2019-09-27,504.341362,507.598303,502.968795,506.220622,506.220622,3814381
2019-09-30,506.220622,508.347989,504.475400,506.601455,506.601455,3106641
2019-10-01,506.601455,507.768584,505.051235,506.217480,506.217480,5985827
2019-10-02,506.217480,510.499983,501.969059,506.251279,506.251279,4772171
2019-10-03,506.251279,508.504464,502.366435,504.612326,504.612326,12091356
2019-10-04,504.612326,505.035218,503.398547,503.820776,503.820776,5425054
2019-10-07,503.820776,513.684201,501.162210,510.987815,510.987815,8841836
2019-10-08,510.987815,516.655780,508.078860,513.731207,513.731207,8204262
2019-10-09,513.731207,515.913360,513.041008,515.221160,515.221160,5804772
2019-10-10,515.221160,529.015435,513.727430,527.486147,527.486147,8037822
2019-10-11,527.486147,534.423424,524.369888,531.284724,531.284724,2859052
2019-10-14,531.284724,534.330339,527.148288,530.187614,530.187614,6059055
2019-10-15,530.187614,533.244935,529.936001,532.991991,532.991991,4728251
2019-10-16,532.991991,535.413803,529.436651,531.853289,531.853289,4707051
2019-10-17,531.853289,537.766156,526.515789,532.422939,532.422939,3963527
2019-10-18,532.422939,535.455462,530.896843,533.925061,533.925061,7242040
2019-10-21,533.925061,540.425525,532.349279,538.835252,538.835252,4755243
2019-10-22,538.835252,543.549295,532.421082,537.120120,537.120120,6638266
2019-10-23,537.120120,544.820539,534.540372,542.216314,542.216314,4805548
2019-10-24,542.216314,544.505785,541.105220,543.392282,543.392282,5519985
2019-10-25,543.392282,544.216892,540.662293,541.484007,541.484007,3141341
2019-10-28,541.484007,543.642881,540.255184,542.411952,542.411952,5245868
2019-10-29,542.411952,543.182668,541.486537,542.257033,542.257033,7778032
2019-10-30,542.257033,543.978383,540.776988,542.497681,542.497681,10183337
2019-10-31,542.497681,545.399339,527.193534,530.028498,530.028498,9504289
2019-11-01,530.028498,535.348507,528.896871,534.207956,534.207956,5189799
2019-11-04,534.207956,539.153167,530.973442,535.908357,535.908357,5454047
2019-11-05,535.908357,536.119539,530.040107,530.249059,530.249059,6608343
2019-11-06,530.249059,532.353450,524.050132,526.138209,526.138209,5524866
2019-11-07,526.138209,529.577728,525.687588,529.124550,529.124550,5005163
2019-11-08,529.124550,540.695149,526.995202,538.527959,538.527959,5067161
2019-11-11,538.527959,538.842366,528.885124,529.194081,529.194081,7143780
2019-11-12,529.194081,534.567105,522.961385,528.325591,528.325591,4985520
2019-11-13,528.325591,535.845098,525.682034,533.177265,533.177265,6871658
2019-11-14,533.177265,535.412211,523.170039,525.372268,525.372268,7613767
2019-11-15,525.372268,525.400898,520.706993,520.735370,520.735370,4563264
2019-11-18,520.735370,521.272119,517.190310,517.723955,517.723955,8563091
2019-11-19,517.723955,522.385745,516.569962,521.223951,521.223951,6725874
2019-11-20,521.223951,523.867853,520.355955,522.996905,522.996905,4839492
2019-11-21,522.996905,523.010311,520.916847,520.930200,520.930200,4868801
2019-11-22,520.930200,521.605670,511.655620,512.319925,512.319925,7817789
2019-11-25,512.319925,517.228098,511.313700,516.214224,516.214224,5301215
2019-11-26,516.214224,520.650523,513.196966,517.625019,517.625019,6270787
2019-11-27,517.625019,524.670056,513.049087,520.072488,520.072488,3435791
2019-11-28,520.072488,522.522472,518.799528,521.246638,521.246638,5254125
2019-11-29,521.246638,521.875738,519.666947,520.294899,520.294899,13857380
2019-12-02,520.294899,521.201829,519.667049,520.573642,520.573642,5799025
2019-12-03,520.573642,523.229302,519.738812,522.391556,522.391556,4622452
2019-12-04,522.391556,524.216192,519.419463,521.240077,521.240077,3290013
2019-12-05,521.240077,521.893495,514.584370,515.230255,515.230255,6134965
2019-12-06,515.230255,516.847375,513.549401,515.166321,515.166321,4362841
2019-12-09,515.166321,515.809703,494.618891,495.237384,495.237384,10252545
2019-12-10,495.237384,498.719206,493.945226,497.421349,497.421349,5768615
2019-12-11,497.421349,497.522983,497.358115,497.459744,497.459744,8428952
2019-12-12,497.459744,497.672526,494.214067,494.425551,494.425551,4394316
2019-12-13,494.425551,499.786755,494.368010,499.728596,499.728596,6345549
2019-12-16,499.728596,501.346358,496.167452,497.778902,497.778902,10772001
2019-12-17,497.778902,498.384223,497.400306,498.005454,498.005454,3658543
2019-12-18,498.005454,505.512026,496.248372,503.734730,503.734730,6609713
2019-12-19,503.734730,507.862231,497.841881,501.954798,501.954798,3979936
2019-12-20,501.954798,507.822873,501.043144,506.902233,506.902233,6589623
2019-12-23,506.902233,508.037870,505.992730,507.127962,507.127962,3689155
2019-12-24,507.127962,511.578172,507.055859,511.505446,511.505446,4397890
2019-12-25,511.505446,513.209669,511.426468,513.130439,513.130439,10645694
2019-12-26,513.130439,513.177316,506.634155,506.680443,506.680443,5149880
2019-12-27,506.680443,510.313043,505.087998,508.714206,508.714206,6626250
2019-12-30,508.714206,517.476335,505.750603,514.479148,514.479148,13762182
2019-12-31,514.479148,519.093372,514.373745,518.987046,518.987046,3947179
2020-01-01,518.987046,519.991891,514.433651,515.431613,515.431613,5493634
2020-01-02,515.431613,520.433220,511.258631,516.253584,516.253584,7830155
2020-01-03,516.253584,519.876886,516.022970,519.644757,519.644757,3132127
2020-01-06,519.644757,521.871807,511.305782,513.506525,513.506525,4984407
2020-01-07,513.506525,525.948279,511.943487,524.352228,524.352228,6328766
2020-01-08,524.352228,527.111901,523.289900,526.046141,526.046141,6662867
2020-01-09,526.046141,526.547473,514.925428,515.416630,515.416630,7156745
2020-01-10,515.416630,520.040684,511.201260,515.821998,515.821998,7576315
2020-01-13,515.821998,517.544917,514.629191,516.350887,516.350887,6182168
2020-01-14,516.350887,517.360058,512.926272,513.930713,513.930713,5939607
2020-01-15,513.930713,525.464350,508.204725,519.674369,519.674369,7685861
2020-01-16,519.674369,520.201987,519.130793,519.658394,519.658394,7493964
2020-01-17,519.658394,526.774106,514.809363,521.904120,521.904120,7011668
2020-01-20,521.904120,524.090830,521.291160,523.476023,523.476023,4005271
2020-01-21,523.476023,528.171997,520.330435,525.017148,525.017148,6372206
2020-01-22,525.017148,527.621342,521.430924,524.030223,524.030223,4557543
2020-01-23,524.030223,538.192031,522.462017,536.586250,536.586250,6065747
2020-01-24,536.586250,538.022457,532.388238,533.817033,533.817033,6313257
2020-01-27,533.817033,535.037610,531.551491,532.769673,532.769673,3529689
2020-01-28,532.769673,533.904688,531.427479,532.562052,532.562052,7099973
2020-01-29,532.562052,541.392002,530.848549,539.655675,539.655675,5476325
2020-01-30,539.655675,540.266993,535.477559,536.084832,536.084832,4023735
2020-01-31,536.084832,536.954476,534.040752,534.908488,534.908488,7682746
2020-02-03,534.908488,538.381505,533.105821,536.573228,536.573228,3501435
2020-02-04,536.573228,543.463735,531.330075,538.204640,538.204640,6068563
2020-02-05,538.204640,541.446847,537.855389,541.095719,541.095719,6254091
2020-02-06,541.095719,548.361752,540.162543,547.417673,547.417673,4941073
2020-02-07,547.417673,555.097836,542.670587,550.325534,550.325534,5559641
2020-02-10,550.325534,550.479460,547.105092,547.258159,547.258159,7825868
2020-02-11,547.258159,550.076960,547.099464,549.917494,549.917494,2950076
2020-02-12,549.917494,551.314222,548.204554,549.600476,549.600476,5953338
2020-02-13,549.600476,554.020866,540.956762,545.342908,545.342908,6603253
2020-02-14,545.342908,547.438677,543.032672,545.127613,545.127613,6412079
2020-02-17,545.127613,547.409707,536.891534,539.148597,539.148597,6116733
2020-02-18,539.148597,539.185988,536.877613,536.914850,536.914850,4554789
2020-02-19,536.914850,537.020528,536.698785,536.804442,536.804442,5037559
2020-02-20,536.804442,539.693566,529.052690,531.915501,531.915501,3950179
2020-02-21,531.915501,534.671830,508.979539,511.630754,511.630754,6327885
2020-02-24,511.630754,512.361689,487.516793,488.214274,488.214274,6888518
2020-02-25,488.214274,489.538971,439.029475,440.223957,440.223957,6036595
2020-02-26,440.223957,441.692226,411.820958,413.199091,413.199091,8325897
2020-02-27,413.199091,417.106247,398.612407,402.417615,402.417615,8230508
2020-02-28,402.417615,402.505426,374.886061,374.967882,374.967882,6303176
2020-03-02,374.967882,408.534558,373.451798,406.889408,406.889408,7371577
2020-03-03,406.889408,413.460717,405.151701,411.702455,411.702455,8934038
2020-03-04,411.702455,412.237167,388.997505,389.503386,389.503386,3499995
2020-03-05,389.503386,389.947362,374.227203,374.654253,374.654253,3829651
2020-03-06,374.654253,378.633886,374.575485,378.554298,378.554298,3127821
2020-03-09,378.554298,390.136789,375.906649,387.427083,387.427083,9670195
2020-03-10,387.427083,388.315234,376.116806,376.981010,376.981010,4337064
2020-03-11,376.981010,388.902865,376.573627,388.483053,388.483053,5554198
2020-03-12,388.483053,388.497196,384.683616,384.697621,384.697621,6175257
2020-03-13,384.697621,388.798429,383.977356,388.071846,388.071846,4380669
2020-03-16,388.071846,389.167336,386.125781,387.218863,387.218863,4932664
2020-03-17,387.218863,389.518163,370.250437,372.462111,372.462111,8369840
2020-03-18,372.462111,390.895778,370.565961,388.915865,388.915865,6749780
2020-03-19,388.915865,402.734449,387.125509,400.888975,400.888975,4062382
2020-03-20,400.888975,401.950358,393.692156,394.737252,394.737252,8765213
2020-03-23,394.737252,394.970650,376.148873,376.371411,376.371411,6640978
2020-03-24,376.371411,377.035571,375.863551,376.527500,376.527500,4041653
2020-03-25,376.527500,381.635994,376.133411,381.236975,381.236975,4923781
2020-03-26,381.236975,385.758013,377.904041,382.414782,382.414782,6181701
2020-03-27,382.414782,384.002937,378.553304,380.131978,380.131978,8154149
2020-03-30,380.131978,381.413613,379.409489,380.690062,380.690062,5356524
2020-03-31,380.690062,381.507359,380.574161,381.391244,381.391244,4152240
2020-04-01,381.391244,392.488035,377.913289,388.941230,388.941230,4563192
2020-04-02,388.941230,389.018119,386.647146,386.723596,386.723596,6508865
2020-04-03,386.723596,387.269356,384.051755,384.594510,384.594510,3456685
2020-04-06,384.594510,385.322751,370.919563,371.623243,371.623243,9719571
2020-04-07,371.623243,373.786400,370.629035,372.789074,372.789074,5591432
2020-04-08,372.789074,374.428098,368.725950,370.354269,370.354269,3133595
2020-04-09,370.354269,372.570367,363.266552,365.453325,365.453325,4099593
2020-04-10,365.453325,366.481019,361.944708,362.965406,362.965406,5673223
2020-04-13,362.965406,364.418246,362.513448,363.965044,363.965044,4172778
2020-04-14,363.965044,364.925238,363.192089,364.151887,364.151887,8663381
2020-04-15,364.151887,370.598568,361.773789,368.194072,368.194072,6613825
2020-04-16,368.194072,371.298080,367.834628,370.935959,370.935959,6436552
2020-04-17,370.935959,370.959542,369.033686,369.057150,369.057150,12627793
2020-04-20,369.057150,372.548443,365.003412,368.489333,368.489333,4568100
2020-04-21,368.489333,371.085426,368.077519,370.671174,370.671174,5599453
2020-04-22,370.671174,376.604761,365.593986,371.516001,371.516001,3444588
2020-04-23,371.516001,375.730011,369.703171,373.905521,373.905521,2907369
2020-04-24,373.905521,378.529256,372.099886,376.710077,376.710077,6676740
2020-04-27,376.710077,378.206921,370.472290,371.950221,371.950221,13082533
2020-04-28,371.950221,374.119199,371.412129,373.578752,373.578752,4397439
2020-04-29,373.578752,375.249947,371.774863,373.445463,373.445463,9622533
2020-04-30,373.445463,373.448048,369.144321,369.146877,369.146877,7167121
2020-05-01,369.146877,370.125007,365.744257,366.715946,366.715946,7999889
2020-05-04,366.715946,373.823149,366.013730,373.108692,373.108692,6415996
2020-05-05,373.108692,375.996726,372.354407,375.238136,375.238136,4309151
2020-05-06,375.238136,378.238051,375.223387,378.223184,378.223184,4819256
2020-05-07,378.223184,381.631496,378.210587,381.618786,381.618786,4809435
2020-05-08,381.618786,383.885035,369.968705,372.178896,372.178896,16178715
2020-05-11,372.178896,374.544637,367.435001,369.785529,369.785529,6136397
2020-05-12,369.785529,374.975029,368.815779,373.994241,373.994241,6004422
2020-05-13,373.994241,376.974049,373.635202,376.612496,376.612496,7815186
2020-05-14,376.612496,377.433956,375.339699,376.160172,376.160172,7583423
2020-05-15,376.160172,377.172961,375.547203,376.559341,376.559341,12378275
2020-05-18,376.559341,377.877728,370.652305,371.954570,371.954570,7257331
2020-05-19,371.954570,372.392924,369.328306,369.764078,369.764078,7055551
2020-05-20,369.764078,370.568830,367.574487,368.376218,368.376218,8910863
2020-05-21,368.376218,373.835017,365.941339,371.380281,371.380281,8777472
2020-05-22,371.380281,373.424973,370.280787,372.322688,372.322688,6764532
2020-05-25,372.322688,380.688198,367.822964,376.142313,376.142313,9449252
2020-05-26,376.142313,378.851937,374.801503,377.506266,377.506266,4405574
2020-05-27,377.506266,383.405773,374.568276,380.444912,380.444912,5989263
2020-05-28,380.444912,381.742309,378.454010,379.749033,379.749033,4999835
2020-05-29,379.749033,379.797834,379.638167,379.686960,379.686960,5311377
2020-06-01,379.686960,382.687457,379.436000,382.434681,382.434681,6197362
2020-06-02,382.434681,384.797847,374.681675,377.011328,377.011328,8477351
2020-06-03,377.011328,378.968247,366.621189,368.534106,368.534106,5099406
2020-06-04,368.534106,376.419141,367.084770,374.944596,374.944596,5273961
2020-06-05,374.944596,375.493781,362.680065,363.212065,363.212065,6838086
2020-06-08,363.212065,364.867823,362.852346,364.506822,364.506822,8276949
2020-06-09,364.506822,365.084279,364.316716,364.893972,364.893972,13410403
2020-06-10,364.893972,366.480659,360.702690,362.278002,362.278002,8127523
2020-06-11,362.278002,363.977186,358.895213,360.586464,360.586464,8119909
2020-06-12,360.586464,365.455075,359.797364,364.657068,364.657068,8339548
2020-06-15,364.657068,367.002075,362.827503,365.169937,365.169937,7150450
2020-06-16,365.169937,366.119616,364.572953,365.522056,365.522056,5451276
2020-06-17,365.522056,366.825481,362.216055,363.512313,363.512313,4429647
2020-06-18,363.512313,371.108854,362.426116,370.003262,370.003262,7054046
2020-06-19,370.003262,370.479264,366.999298,367.472044,367.472044,4840258
2020-06-22,367.472044,370.826452,364.790148,368.139683,368.139683,4541407
2020-06-23,368.139683,369.560202,365.195061,366.609676,366.609676,9002246
2020-06-24,366.609676,368.473491,365.804482,367.665977,367.665977,5571254
2020-06-25,367.665977,367.887587,365.177322,365.397565,365.397565,7538488
2020-06-26,365.397565,367.748318,356.773710,359.083845,359.083845,6004564
2020-06-29,359.083845,360.180179,354.870868,355.957657,355.957657,5612108
2020-06-30,355.957657,356.024789,352.257914,352.324360,352.324360,8217454
2020-07-01,352.324360,353.741671,349.497815,350.909434,350.909434,5248854
2020-07-02,350.909434,352.988440,349.956398,352.032353,352.032353,5307929
2020-07-03,352.032353,352.207429,351.324087,351.498897,351.498897,8299068
2020-07-06,351.498897,354.496710,345.965016,348.941014,348.941014,5808237
2020-07-07,348.941014,348.978824,348.650471,348.688254,348.688254,5364959
2020-07-08,348.688254,354.637906,347.811659,353.748589,353.748589,5290477
2020-07-09,353.748589,354.531198,352.035086,352.815630,352.815630,4264608
2020-07-10,352.815630,355.318293,348.574730,351.064974,351.064974,4058154
2020-07-13,351.064974,355.748491,349.224719,353.893410,353.893410,4779223
2020-07-14,353.893410,358.812763,353.583891,358.499216,358.499216,4933136
2020-07-15,358.499216,362.240701,356.825470,360.557346,360.557346,6095008
2020-07-16,360.557346,361.532138,359.782621,360.756985,360.756985,8177846
2020-07-17,360.756985,373.817806,359.555905,372.577372,372.577372,3929533
2020-07-20,372.577372,377.874357,371.867369,377.155630,377.155630,5772639
2020-07-21,377.155630,378.163917,374.999713,376.004924,376.004924,6541215
2020-07-22,376.004924,376.478564,374.067249,374.539043,374.539043,6053431
2020-07-23,374.539043,375.676840,372.311528,373.446005,373.446005,4757042
2020-07-24,373.446005,374.421149,372.909472,373.883988,373.883988,3747776
2020-07-27,373.883988,376.989506,371.806726,374.906563,374.906563,4511184
2020-07-28,374.906563,378.661616,373.962495,377.710487,377.710487,9937538
2020-07-29,377.710487,383.295391,376.206027,381.774743,381.774743,7267131
2020-07-30,381.774743,382.653851,376.480378,377.349296,377.349296,11951965
2020-07-31,377.349296,382.212138,376.106453,380.957412,380.957412,4002311
2020-08-03,380.957412,385.672111,380.390104,385.098636,385.098636,6706691
2020-08-04,385.098636,387.944175,383.542747,386.383097,386.383097,3626915
2020-08-05,386.383097,387.535039,385.639902,386.791060,386.791060,4373497
2020-08-06,386.791060,393.581134,384.950592,391.717226,391.717226,6770293
2020-08-07,391.717226,395.311969,389.493681,393.080685,393.080685,6141573
2020-08-10,393.080685,393.548297,385.169253,385.628000,385.628000,11430279
2020-08-11,385.628000,386.891691,385.446813,386.709996,386.709996,8905172
2020-08-12,386.709996,390.888815,385.779418,389.950439,389.950439,6483756
2020-08-13,389.950439,390.340406,389.286861,389.676554,389.676554,7403343
2020-08-14,389.676554,390.349936,386.995639,387.665546,387.665546,4376963
2020-08-17,387.665546,393.300537,384.715214,390.329927,390.329927,5379404
2020-08-18,390.329927,393.665821,389.764170,393.096054,393.096054,8038156
2020-08-19,393.096054,395.854101,387.402105,390.139408,390.139408,4187129
2020-08-20,390.139408,393.059283,388.630399,391.544838,391.544838,4485997
2020-08-21,391.544838,392.733802,387.001324,388.180070,388.180070,4432683
2020-08-24,388.180070,393.292287,386.739294,391.837935,391.837935,5695468
2020-08-25,391.837935,395.124271,391.791001,395.076949,395.076949,3450298
2020-08-26,395.076949,399.507297,378.921953,383.219332,383.219332,6968807
2020-08-27,383.219332,388.145485,382.844667,387.766375,387.766375,6347603
2020-08-28,387.766375,393.394235,387.327002,392.948990,392.948990,11010124
2020-08-31,392.948990,396.135957,392.466828,395.650480,395.650480,6550649
2020-09-01,395.650480,395.875978,392.154192,392.377824,392.377824,4845749
2020-09-02,392.377824,398.478124,391.432890,397.520805,397.520805,6292166
2020-09-03,397.520805,398.200510,394.367551,395.043019,395.043019,4839481
2020-09-04,395.043019,397.314645,392.543751,394.814060,394.814060,6080521
2020-09-07,394.814060,400.379797,393.483639,399.035152,399.035152,2643065
2020-09-08,399.035152,399.258188,395.286113,395.507177,395.507177,3585340
2020-09-09,395.507177,395.986163,388.170047,388.640718,388.640718,3936805
2020-09-10,388.640718,388.770158,388.113700,388.243008,388.243008,9591356
2020-09-11,388.243008,390.193966,386.541844,388.491712,388.491712,5859484
2020-09-14,388.491712,390.084665,387.610353,389.201696,389.201696,4212426
2020-09-15,389.201696,390.859710,383.819468,385.461548,385.461548,4266453
2020-09-16,385.461548,386.483818,385.019271,386.040875,386.040875,10442703
2020-09-17,386.040875,386.918596,381.506561,382.375949,382.375949,7435062
2020-09-18,382.375949,382.638451,376.130421,376.388813,376.388813,4862243
2020-09-21,376.388813,384.192615,376.228110,384.028650,384.028650,6546019
2020-09-22,384.028650,393.305346,381.949079,391.187011,391.187011,6581336
2020-09-23,391.187011,392.621458,390.451295,391.884430,391.884430,7939225
2020-09-24,391.884430,393.340846,388.207182,389.655314,389.655314,6743473
2020-09-25,389.655314,389.847119,388.454811,388.646119,388.646119,5999758
2020-09-28,388.646119,394.416067,387.953087,393.713997,393.713997,6728328
2020-09-29,393.713997,397.430267,392.638604,396.347679,396.347679,4830976
2020-09-30,396.347679,397.833770,390.860971,392.332005,392.332005,2720696
2020-10-01,392.332005,393.249567,391.499567,392.416948,392.416948,4013024
2020-10-02,392.416948,397.232696,390.160768,394.961884,394.961884,5030087
2020-10-05,394.961884,398.676714,394.252378,397.961819,397.961819,7297765
2020-10-06,397.961819,398.410539,395.679508,396.126158,396.126158,5310830
2020-10-07,396.126158,396.669701,388.703134,389.237225,389.237225,3990113
2020-10-08,389.237225,395.290454,387.954916,393.992479,393.992479,4565714
2020-10-09,393.992479,396.319079,392.831476,395.154652,395.154652,6579696
2020-10-12,395.154652,398.246087,394.241595,397.328008,397.328008,5089399
2020-10-13,397.328008,402.678707,396.697769,402.040991,402.040991,5458635
2020-10-14,402.040991,403.182997,402.016150,403.158087,403.158087,12504144
2020-10-15,403.158087,406.745395,395.937820,399.492512,399.492512,3164035
2020-10-16,399.492512,400.700744,399.466802,400.674958,400.674958,5623118
2020-10-19,400.674958,401.544377,399.503703,400.372466,400.372466,7127899
2020-10-20,400.372466,408.698469,398.060674,406.352150,406.352150,3198802
2020-10-21,406.352150,408.772249,405.952759,408.370874,408.370874,4742440
2020-10-22,408.370874,409.339463,401.850591,402.805980,402.805980,10551472
2020-10-23,402.805980,406.220462,402.556394,405.968916,405.968916,5640295
2020-10-26,405.968916,409.734072,405.209165,408.968707,408.968707,7452845
2020-10-27,408.968707,423.731916,403.533063,418.173924,418.173924,3425034
2020-10-28,418.173924,418.833969,417.267058,417.926712,417.926712,4229505
2020-10-29,417.926712,427.357050,413.405853,422.783652,422.783652,6237571
2020-10-30,422.783652,423.811205,416.535731,417.550566,417.550566,5528352
2020-11-02,417.550566,417.694080,415.768384,415.911336,415.911336,11496257
2020-11-03,415.911336,431.254842,415.647923,430.981885,430.981885,9108207
2020-11-04,430.981885,433.634731,429.309696,431.958752,431.958752,7153611
2020-11-05,431.958752,433.317473,431.740651,433.098797,433.098797,4321794
2020-11-06,433.098797,435.464683,432.674650,435.038636,435.038636,3865088
2020-11-09,435.038636,437.189573,432.528318,434.677470,434.677470,4550959
2020-11-10,434.677470,438.586389,433.130105,437.030648,437.030648,3531303
2020-11-11,437.030648,440.154418,434.882394,438.001393,438.001393,8366462
2020-11-12,438.001393,441.182312,432.400798,435.564015,435.564015,3899268
2020-11-13,435.564015,440.148927,435.517053,440.101476,440.101476,4690598
2020-11-16,440.101476,462.444298,437.810301,460.049275,460.049275,5258411
2020-11-17,460.049275,460.471546,450.694484,451.108549,451.108549,4936755
2020-11-18,451.108549,457.378090,450.461665,456.723155,456.723155,5545314
2020-11-19,456.723155,465.746860,454.793707,463.787568,463.787568,5455988
2020-11-20,463.787568,465.694016,463.612595,465.518389,465.518389,7888381
2020-11-23,465.518389,470.013246,463.789186,468.273807,468.273807,3545361
2020-11-24,468.273807,476.784724,464.120020,472.592627,472.592627,5327814
2020-11-25,472.592627,475.290394,465.071276,467.741350,467.741350,6418388
2020-11-26,467.741350,467.925940,467.229216,467.413676,467.413676,6610565
2020-11-27,467.413676,469.573514,464.594224,466.750999,466.750999,4070196
2020-11-30,466.750999,467.142320,464.591841,464.981678,464.981678,6220243
2020-12-01,464.981678,477.757419,461.589368,474.297147,474.297147,4284540
2020-12-02,474.297147,479.901285,473.067686,478.660513,478.660513,5852112
2020-12-03,478.660513,481.123614,476.657118,479.118303,479.118303,4796169
2020-12-04,479.118303,483.757169,471.618723,476.229620,476.229620,2695047
2020-12-07,476.229620,482.837574,472.437333,479.023042,479.023042,8757390
2020-12-08,479.023042,480.413948,474.925308,476.308332,476.308332,9107487
2020-12-09,476.308332,482.489074,474.709247,480.874658,480.874658,3353589
2020-12-10,480.874658,484.633579,480.635375,484.392545,484.392545,5268538
2020-12-11,484.392545,484.408490,483.502197,483.518112,483.518112,5016993
2020-12-14,483.518112,488.925947,481.646345,487.040544,487.040544,6720449
2020-12-15,487.040544,494.793429,484.652574,492.379283,492.379283,7133681
2020-12-16,492.379283,493.413587,491.744087,492.777877,492.777877,8974619
2020-12-17,492.777877,494.933763,490.408446,492.563393,492.563393,6958697
2020-12-18,492.563393,493.168633,491.862464,492.467586,492.467586,5618259
2020-12-21,492.467586,501.420400,491.316985,500.251612,500.251612,6775382
2020-12-22,500.251612,501.714124,499.189803,500.651466,500.651466,4904025
2020-12-23,500.651466,502.480980,496.805847,498.627966,498.627966,5609146
2020-12-24,498.627966,502.037955,495.970638,499.376638,499.376638,10116108
2020-12-25,499.376638,499.629137,492.570762,492.819947,492.819947,4572469
2020-12-28,492.819947,493.341482,488.211741,488.728946,488.728946,3130106
2020-12-29,488.728946,490.664903,487.308934,489.243396,489.243396,3073955
2020-12-30,489.243396,494.974238,486.145740,491.860015,491.860015,5868995
2020-12-31,491.860015,493.591614,480.281667,481.978478,481.978478,8258163
2021-01-01,481.978478,483.915433,477.246604,479.172282,479.172282,7061120
2021-01-04,479.172282,480.627227,472.946692,474.387108,474.387108,4601425
2021-01-05,474.387108,479.204428,470.530841,475.340411,475.340411,3466731
2021-01-06,475.340411,478.925133,474.582021,478.162241,478.162241,6359352
2021-01-07,478.162241,479.632845,475.048970,476.514507,476.514507,7269080
2021-01-08,476.514507,484.518605,471.788324,479.760230,479.760230,6841245
2021-01-11,479.760230,481.563046,472.798516,474.581873,474.581873,5667790
2021-01-12,474.581873,476.680193,460.350907,462.395345,462.395345,3120046
2021-01-13,462.395345,465.339160,462.249355,465.192287,465.192287,4102336
2021-01-14,465.192287,469.479310,463.311911,467.589245,467.589245,5524357
2021-01-15,467.589245,468.393525,461.391762,462.186749,462.186749,4210343
2021-01-18,462.186749,464.710482,456.305868,458.811169,458.811169,6956392
2021-01-19,458.811169,458.934897,454.564598,454.687214,454.687214,3534798
2021-01-20,454.687214,458.984453,453.709216,457.999331,457.999331,6784419
2021-01-21,457.999331,466.666601,456.406918,465.049675,465.049675,7495306
2021-01-22,465.049675,467.337555,458.911008,461.179850,461.179850,4844517
2021-01-25,461.179850,462.908005,459.313295,461.040929,461.040929,6079496
2021-01-26,461.040929,464.176375,460.202184,463.333459,463.333459,8043603
2021-01-27,463.333459,464.885312,460.579614,462.127428,462.127428,3855477
2021-01-28,462.127428,467.822980,460.755732,466.438488,466.438488,4261844
2021-01-29,466.438488,469.451388,460.995189,463.992289,463.992289,7946619
2021-02-01,463.992289,464.779391,460.877370,461.660517,461.660517,7038122
2021-02-02,461.660517,462.392810,461.027381,461.759537,461.759537,6123970
2021-02-03,461.759537,462.616065,457.086790,457.936226,457.936226,5736006
2021-02-04,457.936226,459.157184,453.614567,454.827236,454.827236,9266758
2021-02-05,454.827236,455.240987,445.613108,446.018846,446.018846,3769594
2021-02-08,446.018846,446.346626,443.604050,443.930295,443.930295,5133712
2021-02-09,443.930295,448.143825,439.142312,443.350337,443.350337,6088620
2021-02-10,443.350337,447.212814,434.348335,438.165643,438.165643,4390603
2021-02-11,438.165643,439.551639,435.465190,436.847016,436.847016,4464702
2021-02-12,436.847016,437.916465,434.372316,435.438317,435.438317,8152382
2021-02-15,435.438317,440.281707,431.806065,436.639436,436.639436,3297714
2021-02-16,436.639436,436.826333,434.228399,434.414344,434.414344,8420934
2021-02-17,434.414344,439.210135,431.405743,436.189242,436.189242,6389280
2021-02-18,436.189242,436.916415,433.169503,433.892848,433.892848,10761373
2021-02-19,433.892848,436.884524,432.617431,435.604078,435.604078,7361208
2021-02-22,435.604078,436.709998,433.593152,434.696769,434.696769,7946325
2021-02-23,434.696769,435.781864,434.526927,435.611665,435.611665,7114835
2021-02-24,435.611665,436.278351,423.606739,424.256046,424.256046,4333952
2021-02-25,424.256046,424.932072,423.164356,423.839718,423.839718,15246067
2021-02-26,423.839718,432.303058,422.245495,430.683094,430.683094,6750230
2021-03-01,430.683094,432.415920,425.298283,427.016356,427.016356,5531405
2021-03-02,427.016356,428.860864,419.083686,420.901781,420.901781,4747726
2021-03-03,420.901781,425.260330,419.240122,423.588066,423.588066,4898828
2021-03-04,423.588066,428.326353,421.844549,426.570560,426.570560,6509539
2021-03-05,426.570560,432.044912,424.824116,430.283268,430.283268,4841428
2021-03-08,430.283268,433.261058,427.822774,430.797623,430.797623,2745510
2021-03-09,430.797623,431.940892,429.707251,430.850386,430.850386,7791262
2021-03-10,430.850386,441.666025,428.413098,439.181608,439.181608,4785943
2021-03-11,439.181608,442.148523,437.576308,440.538265,440.538265,3831097
2021-03-12,440.538265,442.801403,439.428460,441.688701,441.688701,5724201
2021-03-15,441.688701,442.188923,441.105211,441.605338,441.605338,8787023
2021-03-16,441.605338,442.303767,436.152333,436.843230,436.843230,8912091
2021-03-17,436.843230,439.417965,435.463005,438.033977,438.033977,7105742
2021-03-18,438.033977,442.644810,436.935653,441.537700,441.537700,6876999
2021-03-19,441.537700,445.889309,439.685194,444.026362,444.026362,5599450
2021-03-22,444.026362,449.154510,443.214240,448.334509,448.334509,4621103
2021-03-23,448.334509,448.699815,446.455165,446.819236,446.819236,3102769
2021-03-24,446.819236,448.759301,445.929052,447.867029,447.867029,4189142
2021-03-25,447.867029,459.112946,446.033509,457.241049,457.241049,7867660
2021-03-26,457.241049,458.504435,451.909798,453.161913,453.161913,6590560
2021-03-29,453.161913,455.932908,447.376497,450.128946,450.128946,9650202
2021-03-30,450.128946,456.040102,447.783360,453.676033,453.676033,5071703
2021-03-31,453.676033,455.407762,450.626660,452.353341,452.353341,5032488
2021-04-01,452.353341,457.520570,451.159896,456.316668,456.316668,6989410
2021-04-02,456.316668,458.693001,452.932959,455.304018,455.304018,5635429
2021-04-05,455.304018,462.505543,454.526922,461.717500,461.717500,4621200
2021-04-06,461.717500,463.189371,455.488226,456.944883,456.944883,6888990
2021-04-07,456.944883,462.306686,455.939219,461.291456,461.291456,6306254
2021-04-08,461.291456,464.396807,459.496535,462.596807,462.596807,7305788
2021-04-09,462.596807,471.683524,461.851135,470.924429,470.924429,5932861
2021-04-12,470.924429,473.121834,462.815546,464.985237,464.985237,4814304
2021-04-13,464.985237,468.751962,464.791076,468.556310,468.556310,5235509
2021-04-14,468.556310,469.569839,467.667861,468.681152,468.681152,5598022
2021-04-15,468.681152,473.822746,466.518716,471.646627,471.646627,5340313
2021-04-16,471.646627,475.789291,470.638424,474.774402,474.774402,5482134
2021-04-19,474.774402,478.557336,472.188072,475.964523,475.964523,8257476
2021-04-20,475.964523,484.675710,473.338128,482.015923,482.015923,6379742
2021-04-21,482.015923,492.003014,481.273160,491.246028,491.246028,6072984
2021-04-22,491.246028,494.747797,490.642791,494.141006,494.141006,4328414
2021-04-23,494.141006,498.411708,493.719464,497.986886,497.986886,8505692
2021-04-26,497.986886,498.342068,494.405855,494.758734,494.758734,10361696
2021-04-27,494.758734,495.074411,492.979969,493.294711,493.294711,2621887
2021-04-28,493.294711,503.421208,491.784302,501.884497,501.884497,5063258
2021-04-29,501.884497,504.532080,500.784137,503.428335,503.428335,4956215
2021-04-30,503.428335,510.902459,503.343128,510.816002,510.816002,5789346
2021-05-03,510.816002,512.504424,499.054783,500.709801,500.709801,4439964
2021-05-04,500.709801,502.686035,496.435200,498.402327,498.402327,8804433
2021-05-05,498.402327,502.544381,490.511029,494.621663,494.621663,7834665
2021-05-06,494.621663,500.410621,490.466535,496.241882,496.241882,6306846
2021-05-07,496.241882,507.166894,495.392009,506.299796,506.299796,3052507
2021-05-10,506.299796,509.216617,505.754522,508.668792,508.668792,7243710
2021-05-11,508.668792,508.797237,505.918647,506.046430,506.046430,5075837
2021-05-12,506.046430,506.823216,504.003177,504.778015,504.778015,6714153
2021-05-13,504.778015,517.147696,500.988724,513.294473,513.294473,5663289
2021-05-14,513.294473,515.128157,512.340180,514.172233,514.172233,6720233
2021-05-17,514.172233,520.820272,511.949625,518.578616,518.578616,6022982
2021-05-18,518.578616,520.302215,504.682596,506.365602,506.365602,6756202
2021-05-19,506.365602,507.243705,501.898364,502.770232,502.770232,4791383
2021-05-20,502.770232,508.293293,501.824549,507.339017,507.339017,5345206
2021-05-21,507.339017,509.603511,498.055349,500.288373,500.288373,7857639
2021-05-24,500.288373,501.334291,498.060088,499.103529,499.103529,6888590
2021-05-25,499.103529,502.707989,497.503976,501.102032,501.102032,3795383
2021-05-26,501.102032,503.514768,499.867001,502.276841,502.276841,14519602
2021-05-27,502.276841,506.189003,500.620889,504.525637,504.525637,8876580
2021-05-28,504.525637,508.866973,502.048316,506.380544,506.380544,5358105
2021-05-31,506.380544,506.853095,496.283894,496.747456,496.747456,3895415
2021-06-01,496.747456,497.331937,490.217914,490.795392,490.795392,3332446
2021-06-02,490.795392,492.086126,486.947646,488.231637,488.231637,3715169
2021-06-03,488.231637,489.563177,485.177839,486.504668,486.504668,8003845
2021-06-04,486.504668,493.028405,484.363181,490.867712,490.867712,6594056
2021-06-07,490.867712,498.490502,489.205431,496.808104,496.808104,4058750
2021-06-08,496.808104,506.645426,496.679777,506.514592,506.514592,4657126
2021-06-09,506.514592,507.090949,495.059807,495.623771,495.623771,5147878
2021-06-10,495.623771,496.976959,487.487313,488.821931,488.821931,11922366
2021-06-11,488.821931,489.371319,485.124987,485.670834,485.670834,4425329
2021-06-14,485.670834,491.652391,482.885925,488.849256,488.849256,5195402
2021-06-15,488.849256,489.626259,486.656722,487.431472,487.431472,7116354
2021-06-16,487.431472,491.127936,487.163673,490.858254,490.858254,8157174
2021-06-17,490.858254,500.022773,487.017952,496.141140,496.141140,4876050
2021-06-18,496.141140,509.285369,495.034184,508.151615,508.151615,6469104
2021-06-21,508.151615,509.514780,502.650678,504.002713,504.002713,6476321
2021-06-22,504.002713,504.187291,502.831704,503.015921,503.015921,13515223
2021-06-23,503.015921,503.240308,497.055062,497.276890,497.276890,4387015
2021-06-24,497.276890,504.909029,495.880019,503.494692,503.494692,4847103
2021-06-25,503.494692,506.217377,499.316343,502.031114,502.031114,13579494
2021-06-28,502.031114,504.069527,500.476758,502.513678,502.513678,4468035
2021-06-29,502.513678,505.379579,499.101383,501.964151,501.964151,3141159
2021-06-30,501.964151,502.926392,497.511399,498.466936,498.466936,5897456
2021-07-01,498.466936,500.838868,498.216362,500.587228,500.587228,6035840
2021-07-02,500.587228,502.634363,493.587824,495.614623,495.614623,10277099
2021-07-05,495.614623,496.583266,493.705012,494.671812,494.671812,4465560
2021-07-06,494.671812,495.402856,487.982266,488.704492,488.704492,5307128
2021-07-07,488.704492,496.352052,487.323217,494.953117,494.953117,6191910
2021-07-08,494.953117,496.898241,493.743639,495.686970,495.686970,3675593
2021-07-09,495.686970,497.725847,478.576177,480.552803,480.552803,9488338
2021-07-12,480.552803,484.345909,480.114200,483.904246,483.904246,8135123
2021-07-13,483.904246,485.323160,482.269763,483.688043,483.688043,4008082
2021-07-14,483.688043,487.064058,481.855212,485.225402,485.225402,4245485
2021-07-15,485.225402,485.978036,482.519760,483.269360,483.269360,4965936
2021-07-16,483.269360,484.849373,481.161296,482.739578,482.739578,8095793
2021-07-19,482.739578,490.463143,479.312514,487.005793,487.005793,13282414
2021-07-20,487.005793,491.809467,484.335894,489.127934,489.127934,5851832
2021-07-21,489.127934,491.382388,488.538566,490.791017,490.791017,3745750
2021-07-22,490.791017,493.308840,485.447838,487.951091,487.951091,3903798
2021-07-23,487.951091,490.305875,487.319000,489.671554,489.671554,6841589
2021-07-26,489.671554,490.568980,488.626772,489.523927,489.523927,4315432
2021-07-27,489.523927,506.678570,488.806803,505.937401,505.937401,7322600
2021-07-28,505.937401,507.987794,503.515024,505.563902,505.563902,5872200
2021-07-29,505.563902,509.328559,498.228316,501.966182,501.966182,8375016
2021-07-30,501.966182,505.616143,495.763222,499.394483,499.394483,6435208
2021-08-02,499.394483,500.368907,498.603296,499.577430,499.577430,7294365
2021-08-03,499.577430,511.828499,496.240434,508.432356,508.432356,7924745
2021-08-04,508.432356,508.508553,507.340678,507.416723,507.416723,5015466
2021-08-05,507.416723,512.060971,506.120782,510.756501,510.756501,6515504
2021-08-06,510.756501,513.249404,503.845896,506.317131,506.317131,11422411
2021-08-09,506.317131,506.914504,503.534407,504.129199,504.129199,5842430
2021-08-10,504.129199,504.498681,502.663208,503.031885,503.031885,4183768
2021-08-11,503.031885,505.236793,502.902508,505.106882,505.106882,5628913
2021-08-12,505.106882,509.471343,502.662149,507.017363,507.017363,5893019
2021-08-13,507.017363,510.856437,502.588334,506.422906,506.422906,6038165
2021-08-16,506.422906,506.820605,500.907454,501.301130,501.301130,10269091
2021-08-17,501.301130,504.257125,500.061662,503.013423,503.013423,5012577
2021-08-18,503.013423,503.242770,493.429337,493.654417,493.654417,4951002
2021-08-19,493.654417,505.799411,490.794435,502.885946,502.885946,6441630
2021-08-20,502.885946,503.699429,502.779128,503.592460,503.592460,4098432
2021-08-23,503.592460,506.221018,491.630979,494.210567,494.210567,7185784
2021-08-24,494.210567,494.444253,493.611333,493.844846,493.844846,6514255
2021-08-25,493.844846,500.861732,492.494014,499.495443,499.495443,3569355
2021-08-26,499.495443,500.053847,495.823447,496.378366,496.378366,5022759
2021-08-27,496.378366,501.689062,494.260790,499.557922,499.557922,7414202
2021-08-30,499.557922,508.280695,498.612139,507.320216,507.320216,5481188
2021-08-31,507.320216,509.282416,505.468891,507.430688,507.430688,6844801
2021-09-01,507.430688,508.285212,505.696904,506.549944,506.549944,8072382
2021-09-02,506.549944,509.263374,505.913586,508.624409,508.624409,6748507
2021-09-03,508.624409,509.047184,508.567634,508.990368,508.990368,6125458
2021-09-06,508.990368,510.930602,502.936601,504.861095,504.861095,5695906
2021-09-07,504.861095,506.741371,501.103407,502.976666,502.976666,5501672
2021-09-08,502.976666,503.087411,501.042249,501.152593,501.152593,4768274
2021-09-09,501.152593,504.495400,500.750642,504.091092,504.091092,5459621
2021-09-10,504.091092,507.158025,501.363632,504.428738,504.428738,8375002
2021-09-13,504.428738,514.899792,501.689576,512.118871,512.118871,3457026
2021-09-14,512.118871,517.508401,509.360762,514.736196,514.736196,7834630
2021-09-15,514.736196,521.014552,514.232051,520.504756,520.504756,8240858
2021-09-16,520.504756,520.793860,513.568234,513.853644,513.853644,7991042
2021-09-17,513.853644,514.539594,485.569389,486.218448,486.218448,5817481
2021-09-20,486.218448,496.158911,485.381883,495.306709,495.306709,4617872
2021-09-21,495.306709,503.333423,493.100749,501.101653,501.101653,5058954
2021-09-22,501.101653,505.914388,500.971352,505.782870,505.782870,8241265
2021-09-23,505.782870,509.320563,501.558534,505.091390,505.091390,11959857
2021-09-24,505.091390,505.971599,504.795457,505.675323,505.675323,10064203
2021-09-27,505.675323,512.823842,504.626330,511.762223,511.762223,4979757
2021-09-28,511.762223,513.059449,507.120648,508.409376,508.409376,8233036
2021-09-29,508.409376,508.962742,504.515591,505.065317,505.065317,10456279
2021-09-30,505.065317,506.585249,501.675393,503.189680,503.189680,6165081
2021-10-01,503.189680,504.395929,497.390988,498.586200,498.586200,6390512
2021-10-04,498.586200,499.488252,494.906186,495.803203,495.803203,6914516
2021-10-05,495.803203,503.905024,493.151338,501.224165,501.224165,14139767
2021-10-06,501.224165,504.394259,501.105971,504.275346,504.275346,5340115
2021-10-07,504.275346,507.608563,502.136418,505.464591,505.464591,5036516
2021-10-08,505.464591,507.956346,499.196131,501.669176,501.669176,6804596
2021-10-11,501.669176,501.952066,497.875630,498.156539,498.156539,8985649
2021-10-12,498.156539,503.862984,497.651735,503.352914,503.352914,4496403
2021-10-13,503.352914,513.112285,502.503104,512.247459,512.247459,3621532
2021-10-14,512.247459,513.758306,507.902792,509.405255,509.405255,5302924
2021-10-15,509.405255,511.972077,503.420354,505.969865,505.969865,13004528
2021-10-18,505.969865,511.604871,502.324746,507.945520,507.945520,4868452
2021-10-19,507.945520,509.551051,501.944440,503.536034,503.536034,4568734
2021-10-20,503.536034,505.509276,499.856012,501.822538,501.822538,3896185
2021-10-21,501.822538,503.502517,494.367187,496.027766,496.027766,5829359
2021-10-22,496.027766,496.566359,495.267497,495.805849,495.805849,12028394
2021-10-25,495.805849,509.039007,494.641140,507.846015,507.846015,9797583
2021-10-26,507.846015,508.629307,506.323553,507.105704,507.105704,7274240
2021-10-27,507.105704,515.194940,505.879427,513.952107,513.952107,6946680
2021-10-28,513.952107,514.848732,509.488818,510.379210,510.379210,6939236
2021-10-29,510.379210,510.912823,508.333345,508.865376,508.865376,3330907
2021-11-01,508.865376,514.741420,500.873673,506.725002,506.725002,6292092
2021-11-02,506.725002,508.629538,504.119105,506.020996,506.020996,7224564
2021-11-03,506.020996,508.227627,503.392079,505.596860,505.596860,3498900
2021-11-04,505.596860,510.456254,503.381913,508.229772,508.229772,4992071
2021-11-05,508.229772,508.735970,502.235179,502.735904,502.735904,4920986
2021-11-08,502.735904,505.702545,501.064839,504.027188,504.027188,2894553
2021-11-09,504.027188,505.741673,503.212987,504.926020,504.926020,9273929
2021-11-10,504.926020,509.123171,503.970962,508.161992,508.161992,4198190
2021-11-11,508.161992,508.418010,501.733848,501.986755,501.986755,4131137
2021-11-12,501.986755,502.022652,497.277978,497.313541,497.313541,4151953
2021-11-15,497.313541,500.744047,495.708206,499.132839,499.132839,5867531
2021-11-16,499.132839,504.319838,498.015900,503.193812,503.193812,6728402
2021-11-17,503.193812,504.292877,502.328763,503.427426,503.427426,7432405
2021-11-18,503.427426,512.214473,503.109930,511.891639,511.891639,9334717
2021-11-19,511.891639,515.478563,502.026648,505.569270,505.569270,8303456
2021-11-22,505.569270,506.537061,503.557184,504.522972,504.522972,3745376
2021-11-23,504.522972,506.832377,503.331248,505.638019,505.638019,4221052
2021-11-24,505.638019,507.299140,493.021193,494.646204,494.646204,5897786
2021-11-25,494.646204,495.998809,494.354409,495.706389,495.706389,8724599
2021-11-26,495.706389,497.780735,490.274160,492.334395,492.334395,5051880
2021-11-29,492.334395,494.954426,486.424945,489.027376,489.027376,7209320
2021-11-30,489.027376,490.575466,481.570511,483.099836,483.099836,1859347
2021-12-01,483.099836,484.510824,481.668618,483.079546,483.079546,5154480
2021-12-02,483.079546,492.651727,479.866403,489.396567,489.396567,12074013
2021-12-03,489.396567,491.891076,487.992677,490.484066,490.484066,3294053
2021-12-06,490.484066,496.528632,489.353369,495.386634,495.386634,4752847
2021-12-07,495.386634,509.638119,492.116720,506.296194,506.296194,6309936
2021-12-08,506.296194,506.490173,504.567606,504.760997,504.760997,6532377
2021-12-09,504.760997,508.068471,501.118745,504.424011,504.424011,5007945
2021-12-10,504.424011,508.878294,503.215257,507.661781,507.661781,8548768
2021-12-13,507.661781,509.583967,498.777102,500.672825,500.672825,4757316
2021-12-14,500.672825,501.962784,496.026245,497.307533,497.307533,6036793
2021-12-15,497.307533,498.270583,494.811206,495.771282,495.771282,6061431
2021-12-16,495.771282,498.083415,492.974183,495.284044,495.284044,4265749
2021-12-17,495.284044,504.517819,494.459610,503.679411,503.679411,9580605
2021-12-20,503.679411,517.263967,502.406931,515.960460,515.960460,4864735
2021-12-21,515.960460,524.667024,510.942175,519.613212,519.613212,10265133
2021-12-22,519.613212,520.687453,516.439154,517.509046,517.509046,4942431
2021-12-23,517.509046,522.870757,516.343301,521.695582,521.695582,5994019
2021-12-24,521.695582,524.863334,518.228512,521.394436,521.394436,5865329
2021-12-27,521.394436,525.899258,520.544459,525.043333,525.043333,4107226
2021-12-28,525.043333,525.926302,523.486178,524.368012,524.368012,5201207
2021-12-29,524.368012,541.899860,523.619231,541.127148,541.127148,4039162
2021-12-30,541.127148,542.829534,541.115930,542.818281,542.818281,11285674
2021-12-31,542.818281,547.584762,541.293986,546.051389,546.051389,6036325
2022-01-03,546.051389,557.857476,544.310485,556.084585,556.084585,4517866
2022-01-04,556.084585,563.402300,553.790646,561.087723,561.087723,8535392
2022-01-05,561.087723,572.916552,560.359157,572.173591,572.173591,7863651
2022-01-06,572.173591,591.364539,570.007713,589.134458,589.134458,12839241
2022-01-07,589.134458,589.324168,580.888692,581.075807,581.075807,6267706
2022-01-10,581.075807,588.478487,577.872346,585.252003,585.252003,5322084
2022-01-11,585.252003,587.347627,566.903695,568.940914,568.940914,7355508
2022-01-12,568.940914,569.986734,560.766555,561.799247,561.799247,7584620
2022-01-13,561.799247,564.085087,560.996106,563.279829,563.279829,7880987
2022-01-14,563.279829,569.265578,562.943882,568.926263,568.926263,4287246
2022-01-17,568.926263,569.145249,562.874233,563.090972,563.090972,6793937
2022-01-18,563.090972,564.786122,562.249588,563.943464,563.943464,4542814
2022-01-19,563.943464,566.086896,529.959125,531.981074,531.981074,10029120
2022-01-20,531.981074,543.460162,531.733444,543.207306,543.207306,8112287
2022-01-21,543.207306,560.619716,539.112456,556.425225,556.425225,5815265
2022-01-24,556.425225,562.614273,552.593802,558.766728,558.766728,12000538
2022-01-25,558.766728,559.635928,547.480938,548.333908,548.333908,8045493
2022-01-26,548.333908,561.121133,545.177270,557.909371,557.909371,7951700
2022-01-27,557.909371,560.530487,551.053215,553.654341,553.654341,12006315
2022-01-28,553.654341,557.144851,541.691345,545.128101,545.128101,8117954
2022-01-31,545.128101,548.826927,538.959194,542.641145,542.641145,5243987
2022-02-01,542.641145,545.401775,536.381422,539.124159,539.124159,3570374
2022-02-02,539.124159,552.855452,537.932842,551.636486,551.636486,9856380
2022-02-03,551.636486,553.968274,549.908361,552.238263,552.238263,7880948
2022-02-04,552.238263,554.045157,551.754036,553.559771,553.559771,5647756
2022-02-07,553.559771,555.147754,541.115549,542.672300,542.672300,7913372
2022-02-08,542.672300,552.798787,542.404798,552.526428,552.526428,3136186
2022-02-09,552.526428,554.477029,536.288825,538.188809,538.188809,3257250
2022-02-10,538.188809,551.358309,536.063639,549.189699,549.189699,6213186
2022-02-11,549.189699,557.760712,547.281773,555.829719,555.829719,5117473
2022-02-14,555.829719,559.466399,545.223607,548.814387,548.814387,8361805
2022-02-15,548.814387,560.978184,545.519452,557.630321,557.630321,2954224
2022-02-16,557.630321,564.392910,555.846815,562.593531,562.593531,4448196
2022-02-17,562.593531,567.812788,561.481195,566.692348,566.692348,7357596
2022-02-18,566.692348,571.640508,564.704480,569.642292,569.642292,6960873
2022-02-21,569.642292,583.363122,567.219418,580.892397,580.892397,5043667
2022-02-22,580.892397,582.230723,577.780635,579.114866,579.114866,9326147
2022-02-23,579.114866,595.750738,575.088903,591.637716,591.637716,7734463
2022-02-24,591.637716,593.645561,587.425635,589.425974,589.425974,5232359
2022-02-25,589.425974,591.906437,583.252864,585.717722,585.717722,4664048
2022-02-28,585.717722,586.704721,582.936661,583.920632,583.920632,5949839
2022-03-01,583.920632,584.647598,575.401094,576.118346,576.118346,5955576
2022-03-02,576.118346,583.347827,572.322442,579.529448,579.529448,8672276
2022-03-03,579.529448,584.498960,578.642544,583.605818,583.605818,7426634
2022-03-04,583.605818,584.495481,570.702794,571.574115,571.574115,3912442
2022-03-07,571.574115,572.725959,568.093745,569.240888,569.240888,7032525
2022-03-08,569.240888,571.073353,557.543428,559.344034,559.344034,5754598
2022-03-09,559.344034,569.740406,557.931566,568.305308,568.305308,3871531
2022-03-10,568.305308,574.375395,567.439798,573.501971,573.501971,5149274
2022-03-11,573.501971,614.704959,567.952814,608.814125,608.814125,11972072
2022-03-14,608.814125,612.983220,607.694604,611.858102,611.858102,10090499
2022-03-15,611.858102,614.162421,610.640803,612.942964,612.942964,6741589
2022-03-16,612.942964,614.708299,612.228554,613.992667,613.992667,4847352
2022-03-17,613.992667,617.441502,609.210845,612.652151,612.652151,4853429
2022-03-18,612.652151,615.767421,610.094758,613.207709,613.207709,5072787
2022-03-21,613.207709,615.592941,587.611393,589.905986,589.905986,5917026
2022-03-22,589.905986,604.015392,588.038452,602.109224,602.109224,6102092
2022-03-23,602.109224,612.605085,598.166718,608.619947,608.619947,6306834
2022-03-24,608.619947,611.333808,595.770562,598.439026,598.439026,7123271
2022-03-25,598.439026,601.766427,591.848703,595.157860,595.157860,6218691
2022-03-28,595.157860,596.126841,591.558477,592.523168,592.523168,8048853
2022-03-29,592.523168,605.369182,589.166769,601.959332,601.959332,5729031
2022-03-30,601.959332,605.805778,601.231984,605.074665,605.074665,7679953
2022-03-31,605.074665,606.996331,572.566106,574.390321,574.390321,4809901
2022-04-01,574.390321,587.635842,570.641681,583.825626,583.825626,6032035
2022-04-04,583.825626,589.736373,580.250262,586.146795,586.146795,7591719
2022-04-05,586.146795,590.350212,585.211461,589.409671,589.409671,9221496
2022-04-06,589.409671,590.847358,572.980120,574.381149,574.381149,5160985
2022-04-07,574.381149,575.609696,569.913064,571.134667,571.134667,5687786
2022-04-08,571.134667,572.161556,563.457940,564.472851,564.472851,5311253
2022-04-11,564.472851,564.780363,563.442101,563.749218,563.749218,3779225
2022-04-12,563.749218,572.827147,560.336920,569.380762,569.380762,5748201
2022-04-13,569.380762,570.418190,562.603394,563.630344,563.630344,8052884
2022-04-14,563.630344,565.815631,542.548011,544.659746,544.659746,4800082
2022-04-15,544.659746,546.297836,535.187164,536.801621,536.801621,4981640
2022-04-18,536.801621,540.422703,513.150932,516.635984,516.635984,5715465
2022-04-19,516.635984,521.714648,505.433521,510.451388,510.451388,6995659
2022-04-20,510.451388,515.532081,488.371453,493.281246,493.281246,5498721
2022-04-21,493.281246,506.784642,490.685855,504.132159,504.132159,6466558
2022-04-22,504.132159,513.238826,503.141745,512.232498,512.232498,4035513
2022-04-25,512.232498,513.044725,511.271522,512.083513,512.083513,6096483
2022-04-26,512.083513,514.418293,507.879635,510.205854,510.205854,7084028
2022-04-27,510.205854,510.274500,501.860964,501.928496,501.928496,6312292
2022-04-28,501.928496,505.603705,499.767986,503.436703,503.436703,2678397
2022-04-29,503.436703,519.856390,502.544287,518.936499,518.936499,9634299
2022-05-02,518.936499,521.391913,507.721549,510.135319,510.135319,5304554
2022-05-03,510.135319,511.170258,504.949632,505.976132,505.976132,5389040
2022-05-04,505.976132,516.423568,505.953659,516.400633,516.400633,9373069
2022-05-05,516.400633,516.721513,496.916016,497.224981,497.224981,7723851
2022-05-06,497.224981,500.271965,495.666603,498.708936,498.708936,7585057
2022-05-09,498.708936,499.483933,497.109592,497.883306,497.883306,4246755
2022-05-10,497.883306,501.624682,489.841998,493.550817,493.550817,5281383
2022-05-11,493.550817,496.346768,488.482975,491.265983,491.265983,4936333
2022-05-12,491.265983,500.646007,490.517344,499.884235,499.884235,5278371
2022-05-13,499.884235,500.602491,494.904757,495.616881,495.616881,3648407
2022-05-16,495.616881,505.455865,490.612401,500.403056,500.403056,7916782
2022-05-17,500.403056,500.882641,492.890203,493.363041,493.363041,6529867
2022-05-18,493.363041,500.981335,492.732245,500.341617,500.341617,4343012
2022-05-19,500.341617,501.791433,484.945451,486.354738,486.354738,4997643
2022-05-20,486.354738,506.487298,485.479049,505.576998,505.576998,3663056
2022-05-23,505.576998,510.531704,503.759565,508.703033,508.703033,5160069
2022-05-24,508.703033,509.665484,503.271139,504.225118,504.225118,7717111
2022-05-25,504.225118,504.723395,493.924401,494.412982,494.412982,6385683
2022-05-26,494.412982,494.921124,487.706304,488.208069,488.208069,5418464
2022-05-27,488.208069,489.092511,485.415702,486.296681,486.296681,6393030
2022-05-30,486.296681,501.833183,484.988088,500.486406,500.486406,5440335
2022-05-31,500.486406,503.676405,499.198398,502.383515,502.383515,6149652
2022-06-01,502.383515,504.100663,499.775440,501.489532,501.489532,6478158
2022-06-02,501.489532,501.595080,498.405162,498.510083,498.510083,5477921
2022-06-03,498.510083,501.066832,497.448110,500.001682,500.001682,4132903
2022-06-06,500.001682,500.919959,495.271554,496.182817,496.182817,5302913
2022-06-07,496.182817,496.289511,494.970212,495.076668,495.076668,9431327
2022-06-08,495.076668,495.198583,492.904772,493.026182,493.026182,8615674
2022-06-09,493.026182,496.179541,492.524094,495.674756,495.674756,6133521
2022-06-10,495.674756,496.648753,492.984866,493.955484,493.955484,6183074
2022-06-13,493.955484,502.921473,489.724972,498.650748,498.650748,5453231
2022-06-14,498.650748,498.657789,485.667148,485.674005,485.674005,3130920
2022-06-15,485.674005,486.210969,481.231206,481.763847,481.763847,6681282
2022-06-16,481.763847,491.952884,479.829888,489.985920,489.985920,6140388
2022-06-17,489.985920,490.895604,489.105966,490.015597,490.015597,5821997
2022-06-20,490.015597,498.614014,488.834653,497.415236,497.415236,6073700
2022-06-21,497.415236,500.990289,480.656277,484.135888,484.135888,3801321
2022-06-22,484.135888,485.742258,477.871479,479.462343,479.462343,6588396
2022-06-23,479.462343,480.704343,467.383382,468.597237,468.597237,4647780
2022-06-24,468.597237,470.381231,457.040205,458.786850,458.786850,7880114
2022-06-27,458.786850,466.724625,458.359188,466.289969,466.289969,7108736
2022-06-28,466.289969,470.441393,458.708501,462.829113,462.829113,3416552
2022-06-29,462.829113,465.723737,461.002755,463.893180,463.893180,5197976
2022-06-30,463.893180,471.856797,462.737674,470.684375,470.684375,5906102
2022-07-01,470.684375,474.085683,467.235611,470.636573,470.636573,5258341
2022-07-04,470.636573,473.971717,467.995656,471.326926,471.326926,5213460
2022-07-05,471.326926,474.361757,466.097351,469.117958,469.117958,13638030
2022-07-06,469.117958,473.758565,463.451134,468.081488,468.081488,6967167
2022-07-07,468.081488,469.291352,457.258504,458.443457,458.443457,5763044
2022-07-08,458.443457,458.674268,457.806616,458.037222,458.037222,7689296
2022-07-11,458.037222,458.468340,441.923989,442.340333,442.340333,7221007
2022-07-12,442.340333,443.050374,442.286088,442.996048,442.996048,6380267
2022-07-13,442.996048,454.118513,441.898586,452.996277,452.996277,12218289
2022-07-14,452.996277,453.890831,443.441855,444.319274,444.319274,4448146
2022-07-15,444.319274,450.572353,443.188724,449.428801,449.428801,7094718
2022-07-18,449.428801,450.165690,445.833207,446.565402,446.565402,4384125
2022-07-19,446.565402,448.804835,441.252101,443.476042,443.476042,5656986
2022-07-20,443.476042,443.744079,433.602606,433.864833,433.864833,6107370
2022-07-21,433.864833,437.005815,433.842920,436.983744,436.983744,5220297
2022-07-22,436.983744,437.683990,428.904984,429.593388,429.593388,11537906
2022-07-25,429.593388,431.381281,424.031720,425.803842,425.803842,8536690
2022-07-26,425.803842,426.000305,422.252983,422.447898,422.447898,6433019
2022-07-27,422.447898,424.316458,420.512980,422.381246,422.381246,5718462
2022-07-28,422.381246,423.602671,421.397683,422.618557,422.618557,3001499
2022-07-29,422.618557,423.346424,419.947976,420.672491,420.672491,4705907
2022-08-01,420.672491,441.816642,420.595197,441.735477,441.735477,5560630
2022-08-02,441.735477,442.668877,440.999921,441.932993,441.932993,5885778
2022-08-03,441.932993,442.355280,439.317061,439.737251,439.737251,7775750
2022-08-04,439.737251,440.658523,438.819832,439.741096,439.741096,5383768
2022-08-05,439.741096,442.475620,430.945231,433.641827,433.641827,11401764
2022-08-08,433.641827,435.625731,429.144694,431.117048,431.117048,6019322
2022-08-09,431.117048,433.130350,430.456409,432.467642,432.467642,4994955
2022-08-10,432.467642,446.724145,430.847219,445.056552,445.056552,7473567
2022-08-11,445.056552,452.912167,444.629657,452.478154,452.478154,6813850
2022-08-12,452.478154,454.264472,445.640980,447.407279,447.407279,5104988
2022-08-15,447.407279,450.445280,444.720063,447.755970,447.755970,11577893
2022-08-16,447.755970,449.167652,446.855036,448.265693,448.265693,3687803
2022-08-17,448.265693,449.063857,439.659374,440.443610,440.443610,2395035
2022-08-18,440.443610,441.049127,437.633353,438.235835,438.235835,4212608
2022-08-19,438.235835,439.154064,437.000759,437.918323,437.918323,6720057
2022-08-22,437.918323,441.538669,436.119155,439.732049,439.732049,5408548
2022-08-23,439.732049,446.932901,438.213956,445.395257,445.395257,6299570
2022-08-24,445.395257,450.369513,443.754449,448.716470,448.716470,4568448
2022-08-25,448.716470,457.320719,446.786445,455.362110,455.362110,5266603
2022-08-26,455.362110,458.162981,440.864244,443.592722,443.592722,4186636
2022-08-29,443.592722,446.323403,434.408401,437.099108,437.099108,10492880
2022-08-30,437.099108,437.753431,432.958881,433.607978,433.607978,3575634
2022-08-31,433.607978,435.642533,427.791151,429.807875,429.807875,5668321
2022-09-01,429.807875,432.806877,427.642238,430.637062,430.637062,4140512
2022-09-02,430.637062,434.731301,429.027800,433.112787,433.112787,5924872
2022-09-05,433.112787,436.211998,432.360460,435.455602,435.455602,8037655
2022-09-06,435.455602,461.619064,431.908132,457.888840,457.888840,6572750
2022-09-07,457.888840,459.341671,449.562396,450.993349,450.993349,6394575
2022-09-08,450.993349,451.225553,449.513892,449.745454,449.745454,5967282
2022-09-09,449.745454,461.613290,447.594808,459.416399,459.416399,5948443
2022-09-12,459.416399,461.994853,458.401895,460.976903,460.976903,3383097
2022-09-13,460.976903,462.033354,456.876335,457.925794,457.925794,5883390
2022-09-14,457.925794,460.219383,453.940008,456.225078,456.225078,5540419
2022-09-15,456.225078,457.774806,454.259638,455.807948,455.807948,5001881
2022-09-16,455.807948,456.983000,454.668325,455.843288,455.843288,3673460
2022-09-19,455.843288,456.385781,451.474239,452.012172,452.012172,3361283
2022-09-20,452.012172,455.440483,447.183169,450.600775,450.600775,8414648
2022-09-21,450.600775,451.337504,449.825702,450.562367,450.562367,5971795
2022-09-22,450.562367,451.648241,443.143184,444.213758,444.213758,3842974
2022-09-23,444.213758,445.983448,440.441582,442.203262,442.203262,4652722
2022-09-26,442.203262,443.036306,433.947242,434.766275,434.766275,3630670
2022-09-27,434.766275,441.644457,432.881982,439.738614,439.738614,5402760
2022-09-28,439.738614,441.057545,436.770987,438.084959,438.084959,8174247
2022-09-29,438.084959,440.378778,435.037067,437.326918,437.326918,8692531
2022-09-30,437.326918,437.688599,433.508867,433.867687,433.867687,5098322
2022-10-03,433.867687,439.870760,432.810525,438.801577,438.801577,6428625
2022-10-04,438.801577,453.714922,437.327618,452.195971,452.195971,4723113
2022-10-05,452.195971,455.849236,446.576350,450.213600,450.213600,6607114
2022-10-06,450.213600,452.755117,443.937196,446.457509,446.457509,3922815
2022-10-07,446.457509,448.421546,439.470922,441.412766,441.412766,5585235
2022-10-10,441.412766,454.206945,439.933278,452.689659,452.689659,4046931
2022-10-11,452.689659,454.196091,452.277783,453.783219,453.783219,4532320
2022-10-12,453.783219,456.020004,453.303664,455.538593,455.538593,9874500
2022-10-13,455.538593,456.521060,451.457438,452.433208,452.433208,3364501
2022-10-14,452.433208,457.162319,450.674458,455.392068,455.392068,6179955
2022-10-17,455.392068,455.967834,446.217152,446.782032,446.782032,10634771
2022-10-18,446.782032,448.816903,443.959460,445.990727,445.990727,4853585
2022-10-19,445.990727,456.387912,445.509751,455.896253,455.896253,5649153
2022-10-20,455.896253,457.168685,452.335520,453.601546,453.601546,8018157
2022-10-21,453.601546,460.149642,450.984604,457.510150,457.510150,8226229
2022-10-24,457.510150,462.491082,455.968240,460.937620,460.937620,7689420
2022-10-25,460.937620,463.958743,459.394140,462.410331,462.410331,7385087
2022-10-26,462.410331,468.842195,461.121041,467.538606,467.538606,5733631
2022-10-27,467.538606,488.655735,466.719729,487.801369,487.801369,4395525
2022-10-28,487.801369,490.858576,487.503809,490.559333,490.559333,5217421
2022-10-31,490.559333,491.514230,483.234567,484.177040,484.177040,6120376
2022-11-01,484.177040,496.523313,483.809131,496.146309,496.146309,6735854
2022-11-02,496.146309,504.008269,494.836947,502.681659,502.681659,6972590
2022-11-03,502.681659,503.029500,497.069996,497.414192,497.414192,5937508
2022-11-04,497.414192,498.785849,491.672388,493.031960,493.031960,3937656
2022-11-07,493.031960,493.643774,486.568595,487.173139,487.173139,9215431
2022-11-08,487.173139,492.229712,485.386360,490.430986,490.430986,4735071
2022-11-09,490.430986,492.568514,489.030270,491.165701,491.165701,4255044
2022-11-10,491.165701,498.594527,489.764649,497.176330,497.176330,6391580
2022-11-11,497.176330,497.943225,495.569442,496.335039,496.335039,5579459
2022-11-14,496.335039,502.131677,493.983003,499.763395,499.763395,2818020
2022-11-15,499.763395,501.104009,499.395430,500.735328,500.735328,4133626
2022-11-16,500.735328,502.361300,496.274344,497.891079,497.891079,6919826
2022-11-17,497.891079,498.270112,495.431596,495.809044,495.809044,4273412
2022-11-18,495.809044,496.725362,493.148783,494.061872,494.061872,4306943
2022-11-21,494.061872,498.903034,493.432319,498.268122,498.268122,8269959
2022-11-22,498.268122,498.625181,496.726971,497.083180,497.083180,6064984
2022-11-23,497.083180,498.216833,496.676504,497.809562,497.809562,12212036
2022-11-24,497.809562,505.445233,496.832479,504.455106,504.455106,3972420
2022-11-25,504.455106,507.307368,503.617344,506.466266,506.466266,5053567
2022-11-28,506.466266,509.361767,499.527030,502.399280,502.399280,7165125
2022-11-29,502.399280,505.827097,501.576258,504.999815,504.999815,4405501
2022-11-30,504.999815,506.571197,500.625459,502.188092,502.188092,4443207
2022-12-01,502.188092,502.562490,500.137457,500.510604,500.510604,4196999
2022-12-02,500.510604,501.836719,497.931662,499.254449,499.254449,8205430
2022-12-05,499.254449,500.614467,497.295911,498.654294,498.654294,8170127
2022-12-06,498.654294,501.009271,496.842425,499.195435,499.195435,9539192
2022-12-07,499.195435,500.911993,495.048681,496.756853,496.756853,8419278
2022-12-08,496.756853,498.516349,495.543584,497.301748,497.301748,7098245
2022-12-09,497.301748,497.993681,496.943705,497.635397,497.635397,7186697
2022-12-12,497.635397,498.835037,486.541274,487.717004,487.717004,8867499
2022-12-13,487.717004,494.444373,485.017249,491.722445,491.722445,10492734
2022-12-14,491.722445,499.511231,490.101721,497.870244,497.870244,6391893
2022-12-15,497.870244,498.064890,493.718701,493.911800,493.911800,7959536
2022-12-16,493.911800,500.220223,493.137727,499.437490,499.437490,12457637
2022-12-19,499.437490,500.684438,499.177762,500.424197,500.424197,6355033
2022-12-20,500.424197,503.225880,500.205066,503.005618,503.005618,4514017
2022-12-21,503.005618,505.811032,488.437386,491.176827,491.176827,4847296
2022-12-22,491.176827,496.389177,490.260934,495.465288,495.465288,7524906
2022-12-23,495.465288,495.931788,493.638865,494.104083,494.104083,6047638
2022-12-26,494.104083,495.335344,490.465659,491.690905,491.690905,3641129
2022-12-27,491.690905,493.261232,490.956343,492.525422,492.525422,7396338
2022-12-28,492.525422,493.161322,490.172646,490.806326,490.806326,8470374
2022-12-29,490.806326,493.661561,486.184490,489.029388,489.029388,8926560
2022-12-30,489.029388,491.207543,488.807755,490.985024,490.985024,5272734
2023-01-02,490.985024,496.979897,487.764482,493.741276,493.741276,5806386
2023-01-03,493.741276,494.106008,492.014902,492.378627,492.378627,5190199
2023-01-04,492.378627,494.336119,491.022220,492.978060,492.978060,3312378
2023-01-05,492.978060,495.165721,490.029868,492.214139,492.214139,5774889
2023-01-06,492.214139,493.544898,487.522218,488.843865,488.843865,8492703
2023-01-09,488.843865,489.526470,488.610240,489.292630,489.292630,5397228
2023-01-10,489.292630,490.701336,485.096354,486.497011,486.497011,3878785
2023-01-11,486.497011,491.096134,486.261698,490.858712,490.858712,10805455
2023-01-12,490.858712,492.380465,481.837478,483.335910,483.335910,4946390
2023-01-13,483.335910,484.980015,483.205853,484.849552,484.849552,4037722
2023-01-16,484.849552,489.276101,483.968487,488.388606,488.388606,11268194
2023-01-17,488.388606,492.259080,485.869281,489.732822,489.732822,8744108
2023-01-18,489.732822,492.127311,488.185625,490.577446,490.577446,8221836
2023-01-19,490.577446,493.233683,486.061376,488.707488,488.707488,6790808
2023-01-20,488.707488,492.020358,485.639684,488.951025,488.951025,3600596
2023-01-23,488.951025,493.760579,485.877279,490.675989,490.675989,6703381
2023-01-24,490.675989,494.089223,488.541749,491.949443,491.949443,6299302
2023-01-25,491.949443,500.507953,489.651705,498.181109,498.181109,6986991
2023-01-26,498.181109,498.905170,495.354694,496.075695,496.075695,6520802
2023-01-27,496.075695,498.967302,494.014057,496.902229,496.902229,5611923
2023-01-30,496.902229,497.339750,494.857285,495.293390,495.293390,7786294
2023-01-31,495.293390,497.564993,494.904714,497.174840,497.174840,4917010
2023-02-01,497.174840,504.847045,495.620873,503.274014,503.274014,3528009
2023-02-02,503.274014,510.011107,502.140316,508.864815,508.864815,4725671
2023-02-03,508.864815,510.823650,497.206197,499.127549,499.127549,10023878
2023-02-06,499.127549,503.655706,497.210691,501.728859,501.728859,4920550
2023-02-07,501.728859,501.960351,488.093582,488.318887,488.318887,4478778
2023-02-08,488.318887,488.732492,487.789959,488.203466,488.203466,5677460
2023-02-09,488.203466,488.893163,481.275287,481.956158,481.956158,5193331
2023-02-10,481.956158,486.519778,481.938610,486.502065,486.502065,6380005
2023-02-13,486.502065,494.841273,485.712230,494.039202,494.039202,6545577
2023-02-14,494.039202,494.824140,472.876864,473.629375,473.629375,5467546
2023-02-15,473.629375,489.157273,471.604401,487.074814,487.074814,10544851
2023-02-16,487.074814,487.193379,486.242587,486.360979,486.360979,8845307
2023-02-17,486.360979,496.668420,484.242814,494.514744,494.514744,6333756
2023-02-20,494.514744,496.942533,490.853812,493.275517,493.275517,5347725
2023-02-21,493.275517,493.371456,490.027548,490.122874,490.122874,8645805
2023-02-22,490.122874,490.666038,488.052740,488.594210,488.594210,3951120
2023-02-23,488.594210,490.992210,487.308435,489.703515,489.703515,5474391
2023-02-24,489.703515,490.014730,484.898049,485.206406,485.206406,8063812
2023-02-27,485.206406,486.157317,482.228144,483.175074,483.175074,8226761
2023-02-28,483.175074,487.703784,482.370289,486.892807,486.892807,5750434
2023-03-01,486.892807,488.051898,481.599475,482.748701,482.748701,6479110
2023-03-02,482.748701,483.945504,476.872749,478.057923,478.057923,6674191
2023-03-03,478.057923,478.770583,477.980225,478.692782,478.692782,5600521
2023-03-06,478.692782,479.350815,478.452571,479.110394,479.110394,7974322
2023-03-07,479.110394,481.148282,478.614590,480.650883,480.650883,5867041
2023-03-08,480.650883,483.116751,477.963278,480.428003,480.428003,10959699
2023-03-09,480.428003,481.521573,479.155994,480.249157,480.249157,5034927
2023-03-10,480.249157,480.469919,479.140614,479.360968,479.360968,7623607
2023-03-13,479.360968,480.240295,476.843875,477.720192,477.720192,3705949
2023-03-14,477.720192,479.608760,477.203858,479.090945,479.090945,12084481
2023-03-15,479.090945,480.134029,478.972470,480.015325,480.015325,5454161
2023-03-16,480.015325,480.434618,475.521681,475.937412,475.937412,8248348
2023-03-17,475.937412,480.128573,474.352305,478.534815,478.534815,8874958
2023-03-20,478.534815,478.964888,474.985031,475.412297,475.412297,4814880
2023-03-21,475.412297,477.614948,466.563558,468.735274,468.735274,5576859
2023-03-22,468.735274,472.982385,466.570000,470.807539,470.807539,5146376
2023-03-23,470.807539,473.098437,468.826653,471.116252,471.116252,8508936
2023-03-24,471.116252,473.665563,467.057340,469.598437,469.598437,14779998
2023-03-27,469.598437,471.558509,464.202812,466.148484,466.148484,6217583
2023-03-28,466.148484,466.351791,464.942221,465.145091,465.145091,7864333
2023-03-29,465.145091,468.580476,461.209015,464.640676,464.640676,7976810
2023-03-30,464.640676,468.603208,463.374808,467.330014,467.330014,7020533
2023-03-31,467.330014,468.789876,461.577806,463.024217,463.024217,3903828
2023-04-03,463.024217,465.548394,459.652965,462.172499,462.172499,5471142
2023-04-04,462.172499,464.834308,455.142154,457.778657,457.778657,4517963
2023-04-05,457.778657,460.501573,456.547703,459.266618,459.266618,4975115
2023-04-06,459.266618,465.448721,457.066098,463.229215,463.229215,7017240
2023-04-07,463.229215,473.451530,462.019174,472.218009,472.218009,12736918
2023-04-10,472.218009,477.441748,469.997133,475.206816,475.206816,5657699
2023-04-11,475.206816,476.781613,469.096115,470.655831,470.655831,3715229
2023-04-12,470.655831,472.454634,466.586376,468.376469,468.376469,4168988
2023-04-13,468.376469,470.741875,465.542062,467.905088,467.905088,4049825
2023-04-14,467.905088,470.335585,461.905193,464.317052,464.317052,2813880
2023-04-17,464.317052,471.412915,463.325074,470.407924,470.407924,8836478
2023-04-18,470.407924,478.289255,467.491374,475.342113,475.342113,8453180
2023-04-19,475.342113,475.950662,470.971583,471.575309,471.575309,8140080
2023-04-20,471.575309,476.228751,469.118186,473.760243,473.760243,6006852
2023-04-21,473.760243,474.886249,464.785188,465.892494,465.892494,5921094
2023-04-24,465.892494,466.371761,463.927623,464.405360,464.405360,3573616
2023-04-25,464.405360,466.044847,462.216903,463.854445,463.854445,6242535
2023-04-26,463.854445,467.017590,463.375265,466.535640,466.535640,4670382
2023-04-27,466.535640,470.273490,466.487674,470.225145,470.225145,4482642
2023-04-28,470.225145,472.736768,459.093322,461.558655,461.558655,6281962
2023-05-01,461.558655,465.794772,456.103187,460.328010,460.328010,8287681
2023-05-02,460.328010,460.771939,454.598776,455.037603,455.037603,6030111
2023-05-03,455.037603,457.980307,449.227361,452.151400,452.151400,5364081
2023-05-04,452.151400,465.046543,451.420272,464.295778,464.295778,6485268
2023-05-05,464.295778,465.509276,462.216150,463.427379,463.427379,10743173
2023-05-08,463.427379,464.682534,462.970973,464.225343,464.225343,2867667
2023-05-09,464.225343,465.466216,463.866329,465.106520,465.106520,7375666
2023-05-10,465.106520,465.618825,460.602928,461.110832,461.110832,3158383
2023-05-11,461.110832,465.329461,458.831944,463.041034,463.041034,4434531
2023-05-12,463.041034,464.906215,459.427582,461.285692,461.285692,6778521
2023-05-15,461.285692,461.646884,459.704537,460.064773,460.064773,4703589
2023-05-16,460.064773,462.234070,459.581007,461.748533,461.748533,10991728
2023-05-17,461.748533,462.990496,455.082751,456.310086,456.310086,6012365
2023-05-18,456.310086,458.209017,452.983476,454.876441,454.876441,9687353
2023-05-19,454.876441,460.921507,452.761911,458.788791,458.788791,3345535
2023-05-22,458.788791,459.553783,458.774567,459.539536,459.539536,7520727
2023-05-23,459.539536,461.421169,456.669745,458.547315,458.547315,7520621
2023-05-24,458.547315,459.770898,455.481239,456.699892,456.699892,6193303
2023-05-25,456.699892,460.589581,447.742751,451.588910,451.588910,4594955
2023-05-26,451.588910,454.369669,449.579984,452.357325,452.357325,2983876
2023-05-29,452.357325,455.264356,450.546218,453.448879,453.448879,15546545
2023-05-30,453.448879,454.562180,451.553014,452.664390,452.664390,5453245
2023-05-31,452.664390,453.893839,443.104342,444.311104,444.311104,5668659
2023-06-01,444.311104,444.713467,441.577825,441.978074,441.978074,4081555
2023-06-02,441.978074,442.654754,441.026373,441.702631,441.702631,3873935
2023-06-05,441.702631,443.992449,437.615307,439.895759,439.895759,8671307
2023-06-06,439.895759,441.030447,439.384452,440.518417,440.518417,8717800
2023-06-07,440.518417,440.883340,437.589231,437.952028,437.952028,5465970
2023-06-08,437.952028,438.698714,437.676887,438.423277,438.423277,5985413
2023-06-09,438.423277,442.709702,436.798600,441.075198,441.075198,4072472
2023-06-12,441.075198,443.632484,440.697060,443.252479,443.252479,7753609
2023-06-13,443.252479,445.139250,441.624481,443.510305,443.510305,3870253
2023-06-14,443.510305,449.823616,443.155502,449.464050,449.464050,5413410
2023-06-15,449.464050,450.584680,449.074207,450.194203,450.194203,5828454
2023-06-16,450.194203,450.472153,439.145516,439.416811,439.416811,6583321
2023-06-19,439.416811,442.969385,439.191839,442.742710,442.742710,4399710
2023-06-20,442.742710,446.460845,440.599575,444.310123,444.310123,8810297
2023-06-21,444.310123,444.857491,438.980101,439.521571,439.521571,7574264
2023-06-22,439.521571,439.724664,439.369505,439.572581,439.572581,5203966
2023-06-23,439.572581,448.946016,434.974850,444.298851,444.298851,7339614
2023-06-26,444.298851,444.804345,442.161166,442.664801,442.664801,6999270
2023-06-27,442.664801,443.138862,440.866169,441.338811,441.338811,7545040
2023-06-28,441.338811,446.147965,440.531702,445.333552,445.333552,14122783
2023-06-29,445.333552,445.620424,438.513304,438.795965,438.795965,12630130
2023-06-30,438.795965,439.850290,435.674295,436.723640,436.723640,7298851
2023-07-03,436.723640,439.476653,433.271150,436.019725,436.019725,8668105
2023-07-04,436.019725,440.499126,433.225799,437.694469,437.694469,6317251
2023-07-05,437.694469,438.169770,429.003698,429.470068,429.470068,5116464
2023-07-06,429.470068,430.746630,427.989128,429.265080,429.265080,5980161
2023-07-07,429.265080,431.197619,425.134424,427.057022,427.057022,6577887
2023-07-10,427.057022,427.419047,424.840016,425.200467,425.200467,3115267
2023-07-11,425.200467,426.620332,424.577692,425.996391,425.996391,9074182
2023-07-12,425.996391,426.583435,425.733966,426.320809,426.320809,11491362
2023-07-13,426.320809,427.515064,424.742468,425.935644,425.935644,5501075
2023-07-14,425.935644,428.178248,421.954962,424.188365,424.188365,7328261
2023-07-17,424.188365,431.929221,423.658061,431.389914,431.389914,6333083
2023-07-18,431.389914,435.801845,430.789042,435.195673,435.195673,6592966
2023-07-19,435.195673,439.546299,434.802894,439.149951,439.149951,5630462
2023-07-20,439.149951,442.298329,432.509987,435.633151,435.633151,4229407
2023-07-21,435.633151,445.683365,434.575371,444.603803,444.603803,5944926
2023-07-24,444.603803,446.252169,441.962412,443.607083,443.607083,4645945
2023-07-25,443.607083,445.021712,442.170633,443.585192,443.585192,3267390
2023-07-26,443.585192,444.800114,442.835473,444.049609,444.049609,5668212
2023-07-27,444.049609,446.626533,437.412936,439.966163,439.966163,8043746
2023-07-28,439.966163,440.904387,437.519928,438.454929,438.454929,6789780
2023-07-31,438.454929,440.568077,438.347150,440.459805,440.459805,4076339
2023-08-01,440.459805,441.853569,433.055967,434.430652,434.430652,5153195
2023-08-02,434.430652,438.691963,433.324257,437.577554,437.577554,9088836
2023-08-03,437.577554,438.223004,433.660669,434.301286,434.301286,2997594
2023-08-04,434.301286,438.650076,431.640379,435.978890,435.978890,8739763
2023-08-07,435.978890,440.561238,433.185247,437.756207,437.756207,4593805
2023-08-08,437.756207,442.461441,433.965229,438.662614,438.662614,14260853
2023-08-09,438.662614,444.045067,437.312768,442.682849,442.682849,6454413
2023-08-10,442.682849,446.153011,438.359860,441.823284,441.823284,7386464
2023-08-11,441.823284,443.113148,438.719254,440.003807,440.003807,4988529
2023-08-14,440.003807,441.638220,433.808137,435.425544,435.425544,8198651
2023-08-15,435.425544,442.539648,432.387273,439.473134,439.473134,7082478
2023-08-16,439.473134,444.787011,439.366576,444.679191,444.679191,4925603
2023-08-17,444.679191,448.329146,438.012065,441.637050,441.637050,13934845
2023-08-18,441.637050,444.719800,440.815317,443.893868,443.893868,6372897
2023-08-21,443.893868,445.253240,440.329208,441.681805,441.681805,2269664
2023-08-22,441.681805,449.851187,437.906749,446.038890,446.038890,5035474
2023-08-23,446.038890,446.047639,442.008764,442.017434,442.017434,6578947
2023-08-24,442.017434,443.549521,438.686400,440.212230,440.212230,11548444
2023-08-25,440.212230,444.604424,438.699593,443.081927,443.081927,4941334
2023-08-28,443.081927,446.517742,441.597138,445.026437,445.026437,7296326
2023-08-29,445.026437,448.436210,443.648809,447.052311,447.052311,7485403
2023-08-30,447.052311,451.334120,446.866912,451.147023,451.147023,5940550
2023-08-31,451.147023,453.061969,451.144455,453.059390,453.059390,6527076
2023-09-01,453.059390,453.597984,449.975332,450.510896,450.510896,6274924
2023-09-04,450.510896,453.515304,447.527302,450.531573,450.531573,5170888
2023-09-05,450.531573,450.876667,439.614628,439.951618,439.951618,5088416
2023-09-06,439.951618,440.133865,439.743605,439.925842,439.925842,6954442
2023-09-07,439.925842,444.255191,438.687967,443.008641,443.008641,11071675
2023-09-08,443.008641,450.882477,441.828971,449.685029,449.685029,4934253
2023-09-11,449.685029,451.329704,448.219928,449.864020,449.864020,3653229
2023-09-12,449.864020,453.004995,445.144405,448.274281,448.274281,3673833
2023-09-13,448.274281,453.301275,444.785082,449.800199,449.800199,5406292
2023-09-14,449.800199,457.644605,448.256564,456.079421,456.079421,6092848
2023-09-15,456.079421,457.503864,451.568921,452.983695,452.983695,8039361
2023-09-18,452.983695,455.089825,450.979841,453.085521,453.085521,6575446
2023-09-19,453.085521,453.991462,450.044752,450.946415,450.946415,5350688
2023-09-20,450.946415,452.780763,442.579971,444.387639,444.387639,4923118
2023-09-21,444.387639,445.994544,435.408153,436.988302,436.988302,6936039
2023-09-22,436.988302,439.248291,435.558646,437.815928,437.815928,9368436
2023-09-25,437.815928,444.763656,436.652986,443.585389,443.585389,4015132
2023-09-26,443.585389,444.387300,439.899347,440.696034,440.696034,6707784
2023-09-27,440.696034,440.775859,436.566154,436.645245,436.645245,4865208
2023-09-28,436.645245,440.125622,432.091664,435.563417,435.563417,6593641
2023-09-29,435.563417,437.854309,424.740260,426.986038,426.986038,6587212
2023-10-02,426.986038,428.253425,424.672385,425.936657,425.936657,8032905
2023-10-03,425.936657,426.222421,424.698595,424.983721,424.983721,5295389
2023-10-04,424.983721,424.987179,421.824584,421.828017,421.828017,5163034
2023-10-05,421.828017,426.979087,420.687991,425.828250,425.828250,5685991
2023-10-06,425.828250,426.626406,425.729817,426.527811,426.527811,4895884
2023-10-09,426.527811,427.843995,417.262860,418.554439,418.554439,4186053
2023-10-10,418.554439,419.999645,417.765368,419.209338,419.209338,3213411
2023-10-11,419.209338,419.584015,414.085695,414.456123,414.456123,5761520
2023-10-12,414.456123,419.316398,413.639222,418.491543,418.491543,5259533
2023-10-13,418.491543,420.473880,416.598512,418.580447,418.580447,6628021
2023-10-16,418.580447,426.705821,414.697646,422.784027,422.784027,6941329
2023-10-17,422.784027,424.036487,420.157300,421.405677,421.405677,5553725
2023-10-18,421.405677,426.935745,419.710633,425.225337,425.225337,8890995
2023-10-19,425.225337,427.453180,423.776374,426.001572,426.001572,4590961
2023-10-20,426.001572,428.128289,413.838482,415.914844,415.914844,8046972
2023-10-23,415.914844,428.213508,415.352516,427.635334,427.635334,3203897
2023-10-24,427.635334,429.095419,425.149870,426.606442,426.606442,5632942
2023-10-25,426.606442,428.410298,424.288881,426.090556,426.090556,2465751
2023-10-26,426.090556,429.735284,419.533990,423.153595,423.153595,7675246
2023-10-27,423.153595,425.583939,420.758045,423.188192,423.188192,3280842
2023-10-30,423.188192,431.041002,419.865670,427.683189,427.683189,8590384
2023-10-31,427.683189,428.269355,427.167924,427.754004,427.754004,5069688
2023-11-01,427.754004,430.287970,426.030202,428.560916,428.560916,3932125
2023-11-02,428.560916,430.946115,423.745500,426.117098,426.117098,6646610
2023-11-03,426.117098,431.931021,425.803091,431.612964,431.612964,4160088
2023-11-06,431.612964,433.244351,427.216085,428.836979,428.836979,6919178
2023-11-07,428.836979,434.140667,424.727649,430.020000,430.020000,5989470
2023-11-08,430.020000,434.654051,424.449641,429.073492,429.073492,6078244
2023-11-09,429.073492,430.780145,428.881580,430.587555,430.587555,8796092
2023-11-10,430.587555,431.678432,424.887268,425.966437,425.966437,2839328
2023-11-13,425.966437,428.724350,420.534218,423.274703,423.274703,4031059
2023-11-14,423.274703,424.846356,422.554807,424.125014,424.125014,5181832
2023-11-15,424.125014,426.702259,420.769624,423.342112,423.342112,10782184
2023-11-16,423.342112,434.915833,421.619178,433.152970,433.152970,5620946
2023-11-17,433.152970,438.919846,431.809235,437.562431,437.562431,6540444
2023-11-20,437.562431,438.158343,432.857187,433.447495,433.447495,4069479
2023-11-21,433.447495,434.073126,431.161189,431.784419,431.784419,5614628
2023-11-22,431.784419,432.293428,426.198746,426.701763,426.701763,5151092
2023-11-23,426.701763,430.939585,426.122397,430.355259,430.355259,6378256
2023-11-24,430.355259,434.258113,429.621980,433.519443,433.519443,4100710
2023-11-27,433.519443,435.302872,426.070834,427.830862,427.830862,4128884
2023-11-28,427.830862,428.341121,426.258361,426.767352,426.767352,5710398
2023-11-29,426.767352,426.863960,423.641228,423.737150,423.737150,3913489
2023-11-30,423.737150,433.364213,422.193664,431.791389,431.791389,4662202
2023-12-01,431.791389,433.536129,431.518163,433.261972,433.261972,6360923
2023-12-04,433.261972,445.250438,430.904980,442.841332,442.841332,6701884
2023-12-05,442.841332,445.159199,435.077366,437.366578,437.366578,5927951
2023-12-06,437.366578,438.404383,435.630753,436.666898,436.666898,6809583
2023-12-07,436.666898,441.622579,435.720713,440.667725,440.667725,4103713
2023-12-08,440.667725,445.472811,436.593364,441.391755,441.391755,4636287
2023-12-11,441.391755,442.230455,434.842726,435.670555,435.670555,7148109
2023-12-12,435.670555,435.965899,435.349312,435.644638,435.644638,7765302
2023-12-13,435.644638,445.286589,435.196027,444.828521,444.828521,13418844
2023-12-14,444.828521,445.502518,440.204522,440.872524,440.872524,4335702
2023-12-15,440.872524,441.322659,440.490992,440.941068,440.941068,4613949
2023-12-18,440.941068,444.865575,440.406811,444.327215,444.327215,7288396
2023-12-19,444.327215,448.397581,442.960412,447.022487,447.022487,8376270
2023-12-20,447.022487,448.716862,443.091621,444.777488,444.777488,6094366
2023-12-21,444.777488,447.307243,436.288400,438.784067,438.784067,7358219
2023-12-22,438.784067,439.727144,437.618106,438.560703,438.560703,8677863
2023-12-25,438.560703,447.925034,436.665933,445.998131,445.998131,14215864
2023-12-26,445.998131,451.187612,445.890736,451.078994,451.078994,9017638
2023-12-27,451.078994,457.090207,448.607480,454.599405,454.599405,4664423
2023-12-28,454.599405,454.659059,450.628737,450.687878,450.687878,5130772
2023-12-29,450.687878,456.665600,448.869779,454.830788,454.830788,6850107
2024-01-01,454.830788,457.663437,452.873305,455.702203,455.702203,6097233
2024-01-02,455.702203,463.133077,453.534646,460.940603,460.940603,4091190
2024-01-03,460.940603,463.994923,459.380424,462.429704,462.429704,10130978
2024-01-04,462.429704,463.732128,460.420866,461.721294,461.721294,5233650
2024-01-05,461.721294,465.787095,458.215365,462.276946,462.276946,4389134
2024-01-08,462.276946,466.541940,460.394215,464.649546,464.649546,4267763
2024-01-09,464.649546,466.854588,463.121708,465.324530,465.324530,4197006
2024-01-10,465.324530,466.608194,462.589710,463.869360,463.869360,5364554
2024-01-11,463.869360,467.042961,462.609119,465.777536,465.777536,7124020
2024-01-12,465.777536,468.642614,462.473273,465.335633,465.335633,7837630
2024-01-15,465.335633,473.887361,463.285695,471.808906,471.808906,5708204
2024-01-16,471.808906,475.087203,470.179037,473.451660,473.451660,6024958
2024-01-17,473.451660,476.200301,471.430335,474.175884,474.175884,13001613
2024-01-18,474.175884,476.860057,472.583554,475.264073,475.264073,5209581
2024-01-19,475.264073,475.729057,464.865823,465.321078,465.321078,8209949
2024-01-22,465.321078,475.530484,462.458318,472.622802,472.622802,11508309
2024-01-23,472.622802,474.010816,472.159597,473.546705,473.546705,4283963
2024-01-24,473.546705,474.734646,472.703234,473.890562,473.890562,5814032
2024-01-25,473.890562,477.034700,469.628410,472.765081,472.765081,5453442
2024-01-26,472.765081,480.550053,471.910442,479.682909,479.682909,4996662
2024-01-29,479.682909,482.298497,472.680221,475.271756,475.271756,3792401
2024-01-30,475.271756,479.452166,464.552473,468.674858,468.674858,5813611
2024-01-31,468.674858,471.977581,456.084394,459.321202,459.321202,7210992
2024-02-01,459.321202,461.626518,455.994201,458.294363,458.294363,8444221
2024-02-02,458.294363,461.172045,456.476341,459.349836,459.349836,2970385
2024-02-05,459.349836,460.659035,458.208088,459.516872,459.516872,4636769
2024-02-06,459.516872,462.854109,454.235999,457.559017,457.559017,4004050
2024-02-07,457.559017,464.276682,455.183125,461.878361,461.878361,6611970
2024-02-08,461.878361,462.870601,459.445070,460.434207,460.434207,4893832
2024-02-09,460.434207,460.857107,455.603158,456.022006,456.022006,7700127
2024-02-12,456.022006,460.842110,453.941993,458.749656,458.749656,7747018
2024-02-13,458.749656,461.273169,455.062267,457.579342,457.579342,3793821
2024-02-14,457.579342,458.815616,454.610260,455.841840,455.841840,5627591
2024-02-15,455.841840,461.440271,453.914492,459.497467,459.497467,6223142
2024-02-16,459.497467,461.729062,456.559550,458.787698,458.787698,11688952
2024-02-19,458.787698,460.394199,455.269930,456.869714,456.869714,5606410
2024-02-20,456.869714,460.208620,455.388258,458.721160,458.721160,7672556
2024-02-21,458.721160,472.842100,457.694404,471.786100,471.786100,8635847
2024-02-22,471.786100,475.235403,466.690826,470.128006,470.128006,5304444
2024-02-23,470.128006,471.574308,470.073521,471.519662,471.519662,3354023
2024-02-26,471.519662,475.798355,463.629779,467.875403,467.875403,12680782
2024-02-27,467.875403,470.560727,467.246968,469.929532,469.929532,7835727
2024-02-28,469.929532,471.743503,466.026617,467.832493,467.832493,5094173
2024-02-29,467.832493,470.102509,466.711776,468.979046,468.979046,7575069
2024-03-01,468.979046,471.168982,467.424181,469.612019,469.612019,7595951
2024-03-04,469.612019,473.065290,460.758704,464.171972,464.171972,5748825
2024-03-05,464.171972,466.515391,453.693063,455.995202,455.995202,6310017
2024-03-06,455.995202,457.903893,453.236925,455.142045,455.142045,5958099
2024-03-07,455.142045,461.325627,454.404427,460.579198,460.579198,5620456
2024-03-08,460.579198,463.168030,460.084994,462.671582,462.671582,7869992
2024-03-11,462.671582,466.330270,461.609087,465.261828,465.261828,5525971
2024-03-12,465.261828,467.508975,458.824159,461.050968,461.050968,5726619
2024-03-13,461.050968,464.349132,458.922554,462.215342,462.215342,3943308
2024-03-14,462.215342,462.977261,454.601961,455.352567,455.352567,3952758
2024-03-15,455.352567,456.957941,451.848585,453.447242,453.447242,5381748
2024-03-18,453.447242,457.351266,450.168293,454.067829,454.067829,4198577
2024-03-19,454.067829,458.908658,453.189097,458.022273,458.022273,6469453
2024-03-20,458.022273,458.063130,455.454958,455.495590,455.495590,5658109
2024-03-21,455.495590,456.442348,454.654977,455.601540,455.601540,4333469
2024-03-22,455.601540,461.551063,451.968419,457.899616,457.899616,3381847
2024-03-25,457.899616,462.905423,455.450697,460.442901,460.442901,9440620
2024-03-26,460.442901,461.967624,458.038213,459.560012,459.560012,5415388
2024-03-27,459.560012,464.017067,457.601024,462.047476,462.047476,4332119
2024-03-28,462.047476,462.384395,460.387642,460.723596,460.723596,5179832
2024-03-29,460.723596,464.867724,459.815643,463.953406,463.953406,4807498
2024-04-01,463.953406,464.518933,458.247359,458.806612,458.806612,8742134
2024-04-02,458.806612,458.853512,457.319799,457.366551,457.366551,5108144
2024-04-03,457.366551,461.295560,446.867613,450.739694,450.739694,5669042
2024-04-04,450.739694,452.364607,447.538381,449.157590,449.157590,4736595
2024-04-05,449.157590,450.748662,441.552578,443.122270,443.122270,8172673
2024-04-08,443.122270,450.270134,442.716018,449.857706,449.857706,3202506
2024-04-09,449.857706,452.538352,447.345539,450.025249,450.025249,6162695
2024-04-10,450.025249,452.909986,444.517752,447.385568,447.385568,6955509
2024-04-11,447.385568,451.970034,445.119233,449.692016,449.692016,6319121
2024-04-12,449.692016,450.046989,438.048337,438.394392,438.394392,4813971
2024-04-15,438.394392,442.085293,437.268035,440.952364,440.952364,4744074
2024-04-16,440.952364,441.684637,437.855310,438.583650,438.583650,8524123
2024-04-17,438.583650,440.495647,432.063192,433.955010,433.955010,13140080
2024-04-18,433.955010,434.144630,432.758980,432.948160,432.948160,5521643
2024-04-19,432.948160,434.881718,432.395223,434.327020,434.327020,5430042
2024-04-22,434.327020,436.454710,416.396959,418.446854,418.446854,4423407
2024-04-23,418.446854,425.443712,418.021842,425.012032,425.012032,5780302
2024-04-24,425.012032,427.692393,424.716214,427.394917,427.394917,5801861
2024-04-25,427.394917,427.478447,422.616396,422.699009,422.699009,5379165
2024-04-26,422.699009,423.757336,419.216042,420.268284,420.268284,5374926
2024-04-29,420.268284,421.018124,416.018262,416.761846,416.761846,5929432
2024-04-30,416.761846,416.896379,410.784981,410.917628,410.917628,6850270
2024-05-01,410.917628,413.338267,409.638909,412.056005,412.056005,5803539
2024-05-02,412.056005,415.560605,411.742207,415.244378,415.244378,6141683
2024-05-03,415.244378,419.987125,413.309505,418.039229,418.039229,4092994
2024-05-06,418.039229,422.435895,414.369765,418.760103,418.760103,6490117
2024-05-07,418.760103,419.607117,411.630169,412.464449,412.464449,5772783
2024-05-08,412.464449,413.774538,411.306746,412.616408,412.616408,6202023
2024-05-09,412.616408,418.279353,410.825033,416.471242,416.471242,3969527
2024-05-10,416.471242,417.785555,415.928173,417.241482,417.241482,7531274
2024-05-13,417.241482,421.760724,411.816639,416.325966,416.325966,5536597
2024-05-14,416.325966,419.527419,413.537506,416.736211,416.736211,10273405
2024-05-15,416.736211,418.264050,410.035381,411.544185,411.544185,5411506
2024-05-16,411.544185,415.113431,410.935244,414.500117,414.500117,8781609
2024-05-17,414.500117,415.085243,409.646169,410.225260,410.225260,7624236
2024-05-20,410.225260,416.186011,410.199416,416.159792,416.159792,7609162
2024-05-21,416.159792,416.880215,415.439551,416.159973,416.159973,7327183
2024-05-22,416.159973,418.365745,415.824695,418.028961,418.028961,6884515
2024-05-23,418.028961,418.688358,414.533950,415.188867,415.188867,5087154
2024-05-24,415.188867,416.717241,414.774883,416.302147,416.302147,5607748
2024-05-27,416.302147,418.322498,409.195328,411.190874,411.190874,6790497
2024-05-28,411.190874,414.279709,407.449565,410.533462,410.533462,4185700
2024-05-29,410.533462,410.848513,403.024748,403.334274,403.334274,5772291
2024-05-30,403.334274,405.934532,403.332809,405.933058,405.933058,6014828
2024-05-31,405.933058,408.640867,399.637493,402.321210,402.321210,4612991
2024-06-03,402.321210,403.097157,395.215372,395.979088,395.979088,5992524
2024-06-04,395.979088,398.307845,395.094058,397.419596,397.419596,5524342
2024-06-05,397.419596,399.179449,390.572894,392.310122,392.310122,5818206
2024-06-06,392.310122,394.621048,389.756709,392.066198,392.066198,10858063
2024-06-07,392.066198,392.629197,387.100007,387.656674,387.656674,7256037
2024-06-10,387.656674,389.961219,386.642350,388.943528,388.943528,10568780
2024-06-11,388.943528,392.843606,387.552508,391.443645,391.443645,5352876
2024-06-12,391.443645,394.943927,381.012287,384.450033,384.450033,6526970
2024-06-13,384.450033,389.318734,382.296840,387.150418,387.150418,5691565
2024-06-14,387.150418,390.368702,386.108121,389.320563,389.320563,4262379
2024-06-17,389.320563,395.655422,388.982422,395.312077,395.312077,6537989
2024-06-18,395.312077,396.612647,395.237240,396.537578,396.537578,7798580
2024-06-19,396.537578,397.663552,393.638208,394.759132,394.759132,3394970
2024-06-20,394.759132,400.589835,390.187777,396.004064,396.004064,4113137
2024-06-21,396.004064,397.193811,395.142275,396.331311,396.331311,5438227
2024-06-24,396.331311,399.807286,395.635891,399.106996,399.106996,7222997
2024-06-25,399.106996,405.372888,397.608552,403.856612,403.856612,5174269
2024-06-26,403.856612,404.080946,403.633691,403.858024,403.858024,5442878
2024-06-27,403.858024,404.309463,399.357428,399.804335,399.804335,11832017
2024-06-28,399.804335,404.066847,399.067646,403.323672,403.323672,6778405
2024-07-01,403.323672,405.094112,399.709951,401.472264,401.472264,8740636
2024-07-02,401.472264,403.422638,397.958144,399.900884,399.900884,4570808
2024-07-03,399.900884,404.381304,399.733963,404.212584,404.212584,13037794
2024-07-04,404.212584,405.010117,403.363610,404.161042,404.161042,3606232
2024-07-05,404.161042,406.440972,399.216343,401.481156,401.481156,8620401
2024-07-08,401.481156,405.781790,397.384687,401.683258,401.683258,5137286
2024-07-09,401.683258,408.058776,400.723800,407.086412,407.086412,6928576
2024-07-10,407.086412,407.544046,405.191181,405.647198,405.647198,8120930
2024-07-11,405.647198,406.838717,403.540665,404.729490,404.729490,3481849
2024-07-12,404.729490,408.610725,402.907842,406.779849,406.779849,5170102
2024-07-15,406.779849,413.334477,405.347288,411.883941,411.883941,7100193
2024-07-16,411.883941,413.056691,407.983296,409.148256,409.148256,4853493
2024-07-17,409.148256,412.122588,406.218844,409.192857,409.192857,8790708
2024-07-18,409.192857,410.744466,407.268143,408.818332,408.818332,6715533
2024-07-19,408.818332,410.146801,407.452348,408.780695,408.780695,5340572
2024-07-22,408.780695,409.167903,402.239122,402.620495,402.620495,5562280
2024-07-23,402.620495,405.155683,399.403797,401.934666,401.934666,6648485
2024-07-24,401.934666,409.258901,399.652421,406.948188,406.948188,4522885
2024-07-25,406.948188,409.142803,403.598694,405.787048,405.787048,4513211
2024-07-26,405.787048,408.993817,402.021101,405.223416,405.223416,6153084
2024-07-29,405.223416,408.488298,404.610024,407.870898,407.870898,8722842
2024-07-30,407.870898,408.852946,403.989121,404.964171,404.964171,5522104
2024-07-31,404.964171,405.985490,401.625760,402.641220,402.641220,9377502
2024-08-01,402.641220,405.021377,402.544731,404.924341,404.924341,9147479
2024-08-02,404.924341,405.469817,402.810519,403.353880,403.353880,10065063
2024-08-05,403.353880,406.385724,401.490809,404.517280,404.517280,4463619
2024-08-06,404.517280,412.062572,399.790462,407.303200,407.303200,3702254
2024-08-07,407.303200,409.758093,402.528143,404.968967,404.968967,9419638
2024-08-08,404.968967,405.987846,403.478973,404.496664,404.496664,9183277
2024-08-09,404.496664,409.573260,400.788008,405.852176,405.852176,4342062
2024-08-12,405.852176,408.453511,404.325350,406.922658,406.922658,10745422
2024-08-13,406.922658,407.482767,401.762972,402.316742,402.316742,3514064
2024-08-14,402.316742,407.766408,398.627254,404.060924,404.060924,11113855
2024-08-15,404.060924,409.160459,402.727092,407.814237,407.814237,3161100
2024-08-16,407.814237,410.688134,407.132454,410.002691,410.002691,4469045
2024-08-19,410.002691,410.825746,402.666860,403.476814,403.476814,3218529
2024-08-20,403.476814,412.586545,402.583424,411.675003,411.675003,7612532
2024-08-21,411.675003,412.589824,401.156477,402.049909,402.049909,6224799
2024-08-22,402.049909,404.806785,401.315044,404.068231,404.068231,6754572
2024-08-23,404.068231,410.567110,402.436141,408.915441,408.915441,10473597
2024-08-26,408.915441,409.535722,408.037178,408.657067,408.657067,4912388
2024-08-27,408.657067,411.668917,405.460661,408.471141,408.471141,9558199
2024-08-28,408.471141,410.038812,404.228141,405.785505,405.785505,6051055
2024-08-29,405.785505,410.646210,405.405035,410.261543,410.261543,2586790
2024-08-30,410.261543,410.805034,406.848944,407.388629,407.388629,5176649
2024-09-02,407.388629,412.997739,405.812494,411.406062,411.406062,6967375
2024-09-03,411.406062,414.581226,409.615682,412.784846,412.784846,6673099
2024-09-04,412.784846,414.109858,411.896318,413.220392,413.220392,3599242
2024-09-05,413.220392,418.740537,412.701443,418.215315,418.215315,10448169
2024-09-06,418.215315,423.524737,417.320492,422.620489,422.620489,3302740
2024-09-09,422.620489,422.793688,422.561356,422.734540,422.734540,10262998
2024-09-10,422.734540,424.299965,421.054802,422.619803,422.619803,6235804
2024-09-11,422.619803,427.994893,420.687753,426.047175,426.047175,6743387
2024-09-12,426.047175,427.891734,424.984527,426.827140,426.827140,5692054
2024-09-13,426.827140,430.690636,418.924207,422.750805,422.750805,6226975
2024-09-16,422.750805,426.316188,421.668691,425.227734,425.227734,8054148
2024-09-17,425.227734,427.730611,424.401844,426.901471,426.901471,4027789
2024-09-18,426.901471,426.952872,426.061151,426.112457,426.112457,8017131
2024-09-19,426.112457,427.767458,424.289879,425.944227,425.944227,4937360
2024-09-20,425.944227,431.175574,424.174186,429.391209,429.391209,6226246
2024-09-23,429.391209,430.663982,426.516657,427.784669,427.784669,6510770
2024-09-24,427.784669,430.179986,425.039764,427.433113,427.433113,4148207
2024-09-25,427.433113,433.237928,424.428303,430.213572,430.213572,3493108
2024-09-26,430.213572,430.711277,422.334639,422.823794,422.823794,9177759
2024-09-27,422.823794,422.839697,420.255441,420.271248,420.271248,12922416
2024-09-30,420.271248,420.837974,417.035157,417.598279,417.598279,3727913
2024-10-01,417.598279,418.788398,416.143442,417.332804,417.332804,7203442
2024-10-02,417.332804,418.394496,415.527987,416.587783,416.587783,5000169
2024-10-03,416.587783,418.743404,416.198627,418.352600,418.352600,6404675
2024-10-04,418.352600,419.586208,418.213521,419.446766,419.446766,5160808
2024-10-07,419.446766,419.728962,417.868914,418.150239,418.150239,4130561
2024-10-08,418.150239,426.309649,417.800683,425.953571,425.953571,7267627
2024-10-09,425.953571,426.358683,423.622322,424.025601,424.025601,6468983
2024-10-10,424.025601,428.410489,423.827898,428.210835,428.210835,6558202
2024-10-11,428.210835,431.651531,426.114482,429.548628,429.548628,6160309
2024-10-14,429.548628,430.679882,426.835760,427.962837,427.962837,4027087
2024-10-15,427.962837,428.629123,426.220248,426.884855,426.884855,4948198
2024-10-16,426.884855,431.234376,426.289630,430.633923,430.633923,7265459
2024-10-17,430.633923,431.214019,426.346036,426.921130,426.921130,7136946
2024-10-18,426.921130,428.962430,422.170062,424.198342,424.198342,8039769
2024-10-21,424.198342,425.965405,423.375961,425.141196,425.141196,4005449
2024-10-22,425.141196,430.684116,424.762054,430.300373,430.300373,5223703
2024-10-23,430.300373,431.710946,429.265229,430.674902,430.674902,5121188
2024-10-24,430.674902,438.642602,428.203975,436.140319,436.140319,5347419
2024-10-25,436.140319,437.428001,433.327449,434.610615,434.610615,4138271
2024-10-28,434.610615,447.058524,433.557795,445.978166,445.978166,16354799
2024-10-29,445.978166,446.897705,443.839888,444.756909,444.756909,8385769
2024-10-30,444.756909,449.309740,442.402851,446.944106,446.944106,4434279
2024-10-31,446.944106,449.440378,442.812709,445.299797,445.299797,8031142
2024-11-01,445.299797,446.839120,444.121076,445.659447,445.659447,5353240
2024-11-04,445.659447,447.798054,444.622989,446.759039,446.759039,3900977
2024-11-05,446.759039,447.105568,444.070123,444.414833,444.414833,5538472
2024-11-06,444.414833,448.709668,440.221529,444.515415,444.515415,8021893
2024-11-07,444.515415,447.224677,441.588892,444.296822,444.296822,5212737
2024-11-08,444.296822,446.124595,442.834976,444.661549,444.661549,6358257
2024-11-11,444.661549,449.180146,443.825780,448.337468,448.337468,5302053
2024-11-12,448.337468,460.260908,445.026209,456.886510,456.886510,4634069
2024-11-13,456.886510,464.226642,455.838774,463.164509,463.164509,11100198
2024-11-14,463.164509,465.280092,461.997598,464.110797,464.110797,5464500
2024-11-15,464.110797,478.042436,461.319678,475.184719,475.184719,8608048
2024-11-18,475.184719,475.855510,474.487178,475.157932,475.157932,5770485
2024-11-19,475.157932,477.418543,471.287028,473.539941,473.539941,6759559
2024-11-20,473.539941,476.607614,473.305158,476.371426,476.371426,3383790
2024-11-21,476.371426,479.844827,476.148234,479.620113,479.620113,3613163
2024-11-22,479.620113,484.175900,441.669587,445.905124,445.905124,4100294
2024-11-25,445.905124,448.595275,445.733326,448.422507,448.422507,9212915
2024-11-26,448.422507,448.966181,436.574511,437.104463,437.104463,8750608
2024-11-27,437.104463,437.728172,433.199022,433.818042,433.818042,8370877
2024-11-28,433.818042,435.032071,433.086200,434.299417,434.299417,4863120
2024-11-29,434.299417,435.746753,431.363495,432.805853,432.805853,4750859
2024-12-02,432.805853,435.524328,431.388718,434.102946,434.102946,6368790
2024-12-03,434.102946,436.517280,429.827555,432.231480,432.231480,6036673
2024-12-04,432.231480,435.428355,432.009840,435.205191,435.205191,5214605
2024-12-05,435.205191,436.202658,430.302779,431.291275,431.291275,3058239
2024-12-06,431.291275,433.969051,425.320302,427.977503,427.977503,8116932
2024-12-09,427.977503,435.105615,424.774882,431.873837,431.873837,4631444
2024-12-10,431.873837,433.827471,426.541722,428.480005,428.480005,4601252
2024-12-11,428.480005,430.195043,419.780804,421.467776,421.467776,4838714
2024-12-12,421.467776,425.868422,414.914423,419.292356,419.292356,6923775
2024-12-13,419.292356,419.944893,414.704571,415.350975,415.350975,4662792
2024-12-16,415.350975,420.160277,413.198182,417.993785,417.993785,6340229
2024-12-17,417.993785,421.268184,411.377416,414.625428,414.625428,3995644
2024-12-18,414.625428,415.087312,407.227310,407.681458,407.681458,5193522
2024-12-19,407.681458,412.699502,407.177422,412.189892,412.189892,7160827
2024-12-20,412.189892,414.142532,410.474497,412.426154,412.426154,5758767
2024-12-23,412.426154,412.478826,409.370198,409.422486,409.422486,7936397
2024-12-24,409.422486,412.866532,407.977336,411.414350,411.414350,4229682
2024-12-25,411.414350,413.344235,410.404649,412.332281,412.332281,11627398
2024-12-26,412.332281,412.462402,411.981378,412.111429,412.111429,4156613
2024-12-27,412.111429,417.634188,409.796622,415.301462,415.301462,3979377
2024-12-30,415.301462,415.942298,412.511635,413.149150,413.149150,14955395
2024-12-31,413.149150,415.022685,410.513452,412.383516,412.383516,6489612
