date,open,high,low,close,adjusted_close,volume
2007-01-01,270.000000,271.036687,264.025422,265.043077,265.043077,4486412
2007-01-02,265.043077,266.485799,260.582175,262.008378,262.008378,2690414
2007-01-03,262.008378,268.155275,259.088340,265.199670,265.199670,5071103
2007-01-04,265.199670,266.791081,264.157703,265.746964,265.746964,3280579
2007-01-05,265.746964,267.031147,261.195121,262.463436,262.463436,10017511
2007-01-08,262.463436,262.988151,259.126728,259.645809,259.645809,6665525
2007-01-09,259.645809,260.171597,256.479137,256.999566,256.999566,6764072
2007-01-10,256.999566,266.871119,256.802169,266.666297,266.666297,6699355
2007-01-11,266.666297,269.169309,265.509068,268.006265,268.006265,5169976
2007-01-12,268.006265,268.979093,264.522706,265.486387,265.486387,4947054
2007-01-15,265.486387,274.484606,263.845777,272.798807,272.798807,7987248
2007-01-16,272.798807,273.822937,265.314978,266.314766,266.314766,7411045
2007-01-17,266.314766,269.598478,265.991401,269.271523,269.271523,6258612
2007-01-18,269.271523,273.274845,268.293604,272.285978,272.285978,4260233
2007-01-19,272.285978,272.507912,269.612691,269.832625,269.832625,2699962
2007-01-22,269.832625,270.708291,265.155329,266.018617,266.018617,6208630
2007-01-23,266.018617,274.130066,263.037098,271.091688,271.091688,6565397
2007-01-24,271.091688,271.669013,271.085709,271.663021,271.663021,6603868
2007-01-25,271.663021,276.844150,269.379680,274.536656,274.536656,7815048
2007-01-26,274.536656,274.750486,272.153978,272.366118,272.366118,3588172
2007-01-29,272.366118,273.796410,270.131025,271.557068,271.557068,4005440
2007-01-30,271.557068,272.277834,269.333018,270.049783,270.049783,6209541
2007-01-31,270.049783,271.659574,268.336590,269.945760,269.945760,7993233
2007-02-01,269.945760,270.898807,262.674992,263.605655,263.605655,4829716
2007-02-02,263.605655,266.009115,255.475650,257.826417,257.826417,7362914
2007-02-05,257.826417,258.286584,254.953125,255.408977,255.408977,5264469
2007-02-06,255.408977,255.570902,253.718858,253.879814,253.879814,6306514
2007-02-07,253.879814,254.118031,253.541964,253.780088,253.780088,5269198
2007-02-08,253.780088,254.054270,252.349276,252.622208,252.622208,7790612
2007-02-09,252.622208,254.120797,252.531661,254.029745,254.029745,3977591
2007-02-12,254.029745,257.889208,253.821614,257.678088,257.678088,8521468
2007-02-13,257.678088,258.127522,256.484096,256.932230,256.932230,7501540
2007-02-14,256.932230,259.776356,256.753767,259.596043,259.596043,9749924
2007-02-15,259.596043,260.096623,258.400004,258.899240,258.899240,4082649
2007-02-16,258.899240,260.012583,257.250444,258.361475,258.361475,8408561
2007-02-19,258.361475,266.256937,257.065701,264.928229,264.928229,7120494
2007-02-20,264.928229,267.382171,264.289474,266.739051,266.739051,6076381
2007-02-21,266.739051,267.465160,266.013536,266.739644,266.739644,4872135
2007-02-22,266.739644,270.920580,264.690720,268.855404,268.855404,3961530
2007-02-23,268.855404,270.896972,265.942211,267.977110,267.977110,10874285
2007-02-26,267.977110,268.607385,267.908509,268.538641,268.538641,5694369
2007-02-27,268.538641,269.203801,262.837089,263.489743,263.489743,4945617
2007-02-28,263.489743,268.822909,262.535273,267.852635,267.852635,4666145
2007-03-01,267.852635,268.719199,266.848475,267.714591,267.714591,7026764
2007-03-02,267.714591,270.938882,267.183897,270.402858,270.402858,5781979
2007-03-05,270.402858,272.605324,269.318739,271.516739,271.516739,3967776
2007-03-06,271.516739,271.520921,271.253906,271.258084,271.258084,6285904
2007-03-07,271.258084,272.444209,267.738749,268.914627,268.914627,3975707
2007-03-08,268.914627,273.373083,267.294128,271.735584,271.735584,6239243
2007-03-09,271.735584,272.883164,258.168987,259.263897,259.263897,7281385
2007-03-12,259.263897,263.435783,258.186490,262.345569,262.345569,13389041
2007-03-13,262.345569,263.106778,262.092369,262.853089,262.853089,4223443
2007-03-14,262.853089,265.130619,260.893517,263.168694,263.168694,3665969
2007-03-15,263.168694,263.666103,261.329730,261.824599,261.824599,15188534
2007-03-16,261.824599,264.586425,261.712569,264.473262,264.473262,5543212
2007-03-19,264.473262,265.274091,263.634241,264.434954,264.434954,7481486
2007-03-20,264.434954,268.772766,262.363694,266.683891,266.683891,2687768
2007-03-21,266.683891,267.148512,265.961564,266.425736,266.425736,10509074
2007-03-22,266.425736,267.405464,261.791073,262.757310,262.757310,7225573
2007-03-23,262.757310,267.544691,261.391688,266.161377,266.161377,9110788
2007-03-26,266.161377,269.523278,263.521766,266.876574,266.876574,10062509
2007-03-27,266.876574,272.146847,265.539017,270.789679,270.789679,2800663
2007-03-28,270.789679,275.260311,268.349337,272.801836,272.801836,4604721
2007-03-29,272.801836,277.354549,272.292227,276.837401,276.837401,6115821
2007-03-30,276.837401,285.060395,275.552560,283.743502,283.743502,12985481
2007-04-02,283.743502,284.683030,282.014106,282.951009,282.951009,5041414
2007-04-03,282.951009,284.463426,282.084742,283.595187,283.595187,8482781
2007-04-04,283.595187,284.472606,282.301700,283.177828,283.177828,6436784
2007-04-05,283.177828,285.672335,283.009460,285.502584,285.502584,5537905
2007-04-06,285.502584,290.361130,285.429134,290.286448,290.286448,6876459
2007-04-09,290.286448,292.402386,287.791599,289.904754,289.904754,5996986
2007-04-10,289.904754,296.531691,287.846823,294.441554,294.441554,6165647
2007-04-11,294.441554,302.608017,294.009498,302.164628,302.164628,6112718
2007-04-12,302.164628,302.232910,298.825068,298.892611,298.892611,7529656
2007-04-13,298.892611,305.823937,298.658729,305.584819,305.584819,8942809
2007-04-16,305.584819,307.438611,297.843004,299.660859,299.660859,6362021
2007-04-17,299.660859,299.980944,293.720114,294.034189,294.034189,6101093
2007-04-18,294.034189,295.487641,293.667538,295.119636,295.119636,3914567
2007-04-19,295.119636,299.443657,292.735961,297.044435,297.044435,5684135
2007-04-20,297.044435,297.653000,295.533111,296.139823,296.139823,5762562
2007-04-23,296.139823,298.928566,295.958353,298.745500,298.745500,3288301
2007-04-24,298.745500,300.228600,297.461523,298.943772,298.943772,4147683
2007-04-25,298.943772,304.174601,297.391813,302.603642,302.603642,4012448
2007-04-26,302.603642,302.991916,300.698758,301.085083,301.085083,4279758
2007-04-27,301.085083,303.445321,300.761207,303.119257,303.119257,3481172
2007-04-30,303.119257,304.394993,300.694230,301.965108,301.965108,4525391
2007-05-01,301.965108,306.195919,301.732017,305.959745,305.959745,4727197
2007-05-02,305.959745,306.689356,304.070769,304.797609,304.797609,4593107
2007-05-03,304.797609,306.027707,301.951907,303.175459,303.175459,10293449
2007-05-04,303.175459,308.232276,302.879443,307.931617,307.931617,6331355
2007-05-07,307.931617,310.391140,306.469036,308.923846,308.923846,11324606
2007-05-08,308.923846,310.082964,303.879498,305.023983,305.023983,3307455
2007-05-09,305.023983,306.186796,297.380911,298.518925,298.518925,8992646
2007-05-10,298.518925,303.019689,296.778080,301.262843,301.262843,4649106
2007-05-11,301.262843,303.646154,300.164620,302.543264,302.543264,10014437
2007-05-14,302.543264,303.186187,300.397632,301.037355,301.037355,5298613
2007-05-15,301.037355,304.265251,298.886090,302.106347,302.106347,5338618
2007-05-16,302.106347,303.487227,298.916759,300.289333,300.289333,3695150
2007-05-17,300.289333,300.895157,298.148960,298.751683,298.751683,5190210
2007-05-18,298.751683,304.918097,298.320944,304.479101,304.479101,6538425
2007-05-21,304.479101,304.508000,303.664051,303.692875,303.692875,3039985
2007-05-22,303.692875,308.896204,301.113269,306.294499,306.294499,15783574
2007-05-23,306.294499,308.595271,305.493163,307.790022,307.790022,10055716
2007-05-24,307.790022,309.198956,304.563612,305.964188,305.964188,8097242
2007-05-25,305.964188,317.130983,304.536176,315.657729,315.657729,5386820
2007-05-28,315.657729,323.426515,313.349685,321.078833,321.078833,4380552
2007-05-29,321.078833,321.264563,320.155796,320.341099,320.341099,5596451
2007-05-30,320.341099,321.065680,320.210488,320.934827,320.934827,6697972
2007-05-31,320.934827,323.506894,316.163477,318.717777,318.717777,3971196
2007-06-01,318.717777,321.587155,317.588004,320.451237,320.451237,6304593
2007-06-04,320.451237,327.075324,319.493248,326.100447,326.100447,9995252
2007-06-05,326.100447,331.261518,325.056755,330.204691,330.204691,9259045
2007-06-06,330.204691,330.663003,326.931456,327.385855,327.385855,3117747
2007-06-07,327.385855,335.425481,326.162824,334.177079,334.177079,8409740
2007-06-08,334.177079,337.323676,332.202427,335.342140,335.342140,3147444
2007-06-11,335.342140,339.434813,332.883758,336.964538,336.964538,5573154
2007-06-12,336.964538,338.484444,322.498911,323.960159,323.960159,3818282
2007-06-13,323.960159,330.544479,320.880424,327.431740,327.431740,5485731
2007-06-14,327.431740,328.685949,326.804181,328.057191,328.057191,5926637
2007-06-15,328.057191,330.205820,327.871769,330.019290,330.019290,3184975
2007-06-18,330.019290,330.138228,329.769109,329.888000,329.888000,8398389
2007-06-19,329.888000,333.599412,329.773151,333.483312,333.483312,10377942
2007-06-20,333.483312,334.518749,331.463600,332.495972,332.495972,7079054
2007-06-21,332.495972,333.172897,309.493348,310.124727,310.124727,8328048
2007-06-22,310.124727,310.243009,307.603358,307.720723,307.720723,6365277
2007-06-25,307.720723,308.439843,305.935666,306.652289,306.652289,7595195
2007-06-26,306.652289,307.212348,302.757120,303.311078,303.311078,5575220
2007-06-27,303.311078,308.330361,302.121793,307.126117,307.126117,8565884
2007-06-28,307.126117,310.388354,296.791854,299.978166,299.978166,7502859
2007-06-29,299.978166,300.718621,299.581709,300.321711,300.321711,7637066
2007-07-02,300.321711,305.179472,299.704186,304.553246,304.553246,4537187
2007-07-03,304.553246,305.369279,299.830014,300.635549,300.635549,6824703
2007-07-04,300.635549,303.148705,294.455974,296.938222,296.938222,4831971
2007-07-05,296.938222,302.251809,296.827626,302.139276,302.139276,3866982
2007-07-06,302.139276,302.911322,297.478844,298.240929,298.240929,4078454
2007-07-09,298.240929,298.641882,290.555203,290.946349,290.946349,7378430
2007-07-10,290.946349,290.966776,284.729555,284.749548,284.749548,6760755
2007-07-11,284.749548,288.062983,284.028585,287.335473,287.335473,6245372
2007-07-12,287.335473,291.367547,286.260393,290.281445,290.281445,6259450
2007-07-13,290.281445,291.343925,289.995999,291.057716,291.057716,6559501
2007-07-16,291.057716,293.836875,290.414832,293.189283,293.189283,5748154
2007-07-17,293.189283,294.336356,290.848667,291.991051,291.991051,10363647
2007-07-18,291.991051,292.281462,290.663655,290.953033,290.953033,9179322
2007-07-19,290.953033,292.886848,290.400775,292.331972,292.331972,12818418
2007-07-20,292.331972,293.433841,287.288211,288.375165,288.375165,4516800
2007-07-23,288.375165,291.611967,285.823394,289.054187,289.054187,5880931
2007-07-24,289.054187,289.183053,283.701589,283.828126,283.828126,3710527
2007-07-25,283.828126,291.988647,283.238973,291.383811,291.383811,5963687
2007-07-26,291.383811,292.923211,290.563669,292.101051,292.101051,8410817
2007-07-27,292.101051,294.412874,290.902232,293.209505,293.209505,5648563
2007-07-30,293.209505,297.109668,292.188844,296.079019,296.079019,4803895
2007-07-31,296.079019,305.135349,295.413624,304.451139,304.451139,4782165
2007-08-01,304.451139,305.211097,303.298264,304.057239,304.057239,3796059
2007-08-02,304.057239,313.551845,302.121743,311.568534,311.568534,6062970
2007-08-03,311.568534,315.559692,310.651341,314.633476,314.633476,3130130
2007-08-06,314.633476,315.126145,314.449962,314.942451,314.942451,6614719
2007-08-07,314.942451,327.570332,314.885066,327.510657,327.510657,8107858
2007-08-08,327.510657,329.112520,326.573120,328.173086,328.173086,7002396
2007-08-09,328.173086,329.683186,327.529957,329.038361,329.038361,5429753
2007-08-10,329.038361,331.539952,327.304721,329.802287,329.802287,5070907
2007-08-13,329.802287,331.389369,317.992556,319.530206,319.530206,6917488
2007-08-14,319.530206,321.162842,314.665772,316.281811,316.281811,7370541
2007-08-15,316.281811,319.343878,316.194230,319.255473,319.255473,8296418
2007-08-16,319.255473,319.578378,310.968025,311.282866,311.282866,5373351
2007-08-17,311.282866,314.909477,310.876212,314.498622,314.498622,3839685
2007-08-20,314.498622,314.699313,310.925268,311.123804,311.123804,6790500
2007-08-21,311.123804,312.566487,302.722634,304.132899,304.132899,4526883
2007-08-22,304.132899,305.243651,300.980762,302.084031,302.084031,9683161
2007-08-23,302.084031,307.537606,302.040777,307.493578,307.493578,5045293
2007-08-24,307.493578,308.785140,305.348876,306.636840,306.636840,5459675
2007-08-27,306.636840,308.319077,305.644075,307.324088,307.324088,6219838
2007-08-28,307.324088,315.706290,306.582706,314.946519,314.946519,6011075
2007-08-29,314.946519,315.075452,296.814127,296.935686,296.935686,3984857
2007-08-30,296.935686,304.426268,296.871663,304.360645,304.360645,5293420
2007-08-31,304.360645,305.752036,303.649924,305.039729,305.039729,4572643
2007-09-03,305.039729,306.127298,303.092978,304.177472,304.177472,4817091
2007-09-04,304.177472,305.077780,302.518839,303.416895,303.416895,3799431
2007-09-05,303.416895,304.102828,302.857218,303.542918,303.542918,6396490
2007-09-06,303.542918,309.364967,302.655245,308.462906,308.462906,8382933
2007-09-07,308.462906,309.665669,307.811489,309.013090,309.013090,4463460
2007-09-10,309.013090,309.544006,307.018721,307.547119,307.547119,2680250
2007-09-11,307.547119,309.347775,306.538694,308.336760,308.336760,4579948
2007-09-12,308.336760,309.676085,305.364305,306.696506,306.696506,8188344
2007-09-13,306.696506,307.955231,302.955115,304.203609,304.203609,7085889
2007-09-14,304.203609,312.832282,303.748989,312.365465,312.365465,8684676
2007-09-17,312.365465,318.831849,312.218353,318.681763,318.681763,8698855
2007-09-18,318.681763,319.397694,316.083295,316.794988,316.794988,4779378
2007-09-19,316.794988,318.898374,314.283371,316.384027,316.384027,3901369
2007-09-20,316.384027,319.792677,315.023484,318.423364,318.423364,8887352
2007-09-21,318.423364,324.626236,316.404232,322.580742,322.580742,5275167
2007-09-24,322.580742,327.118334,321.843729,326.372658,326.372658,6291928
2007-09-25,326.372658,327.356938,324.908803,325.891632,325.891632,8035870
2007-09-26,325.891632,326.434501,324.059232,324.599949,324.599949,9879862
2007-09-27,324.599949,325.727475,319.627091,320.741213,320.741213,10023933
2007-09-28,320.741213,322.446305,315.995244,317.684085,317.684085,5603746
2007-10-01,317.684085,318.106627,314.377814,314.796516,314.796516,8362276
2007-10-02,314.796516,314.796979,303.344268,303.344714,303.344714,3564907
2007-10-03,303.344714,305.431911,301.866857,303.951099,303.951099,5238542
2007-10-04,303.951099,304.106467,303.290955,303.446065,303.446065,9623196
2007-10-05,303.446065,304.788714,298.600228,299.927308,299.927308,3712661
2007-10-08,299.927308,303.230316,299.528016,302.827163,302.827163,4432850
2007-10-09,302.827163,312.861428,301.912242,311.919038,311.919038,4794231
2007-10-10,311.919038,321.601423,310.547030,320.193021,320.193021,6772747
2007-10-11,320.193021,321.197257,316.275184,317.270253,317.270253,8431002
2007-10-12,317.270253,318.059452,310.913733,311.689049,311.689049,11889913
2007-10-15,311.689049,315.594424,311.284780,315.185620,315.185620,10077613
2007-10-16,315.185620,315.605914,312.855336,313.273079,313.273079,3649475
2007-10-17,313.273079,314.091595,312.683789,313.501873,313.501873,7392651
2007-10-18,313.501873,313.943114,309.107486,309.543156,309.543156,5631013
2007-10-19,309.543156,310.283597,304.432209,305.162171,305.162171,2917183
2007-10-22,305.162171,306.134863,298.672566,299.627617,299.627617,2865515
2007-10-23,299.627617,300.752443,294.445844,295.555383,295.555383,9833541
2007-10-24,295.555383,298.839827,293.841028,297.116418,297.116418,7878892
2007-10-25,297.116418,297.126367,291.779725,291.789496,291.789496,6618047
2007-10-26,291.789496,292.405557,285.729815,286.334358,286.334358,5968126
2007-10-29,286.334358,287.802608,280.243925,281.688351,281.688351,5594893
2007-10-30,281.688351,284.385369,279.441383,282.134840,282.134840,4306078
2007-10-31,282.134840,283.278236,279.394911,280.531811,280.531811,6893545
2007-11-01,280.531811,281.703889,279.645379,280.816557,280.816557,7884230
2007-11-02,280.816557,281.874943,279.274566,280.331122,280.331122,4940011
2007-11-05,280.331122,285.554266,279.081960,284.287474,284.287474,6049866
2007-11-06,284.287474,286.511828,279.417223,281.620712,281.620712,6155341
2007-11-07,281.620712,282.720575,275.928271,277.010128,277.010128,6181352
2007-11-08,277.010128,298.008981,276.819856,297.804425,297.804425,5101462
2007-11-09,297.804425,299.130375,295.157820,296.477863,296.477863,4568877
2007-11-12,296.477863,297.161967,287.382717,288.047369,288.047369,4645824
2007-11-13,288.047369,290.235116,270.981613,273.055496,273.055496,5951658
2007-11-14,273.055496,276.311859,271.513504,274.760241,274.760241,5711135
2007-11-15,274.760241,275.859121,272.660514,273.755376,273.755376,8660904
2007-11-16,273.755376,276.712954,265.268752,268.165943,268.165943,6908171
2007-11-19,268.165943,268.370434,266.641585,266.845069,266.845069,6508629
2007-11-20,266.845069,267.304886,263.531723,263.986614,263.986614,7030697
2007-11-21,263.986614,268.255031,263.163683,267.421393,267.421393,6880365
2007-11-22,267.421393,267.586823,267.250052,267.415478,267.415478,7434993
2007-11-23,267.415478,269.307396,266.146592,268.035568,268.035568,9779248
2007-11-26,268.035568,276.363260,266.455291,274.743436,274.743436,7726434
2007-11-27,274.743436,276.563810,274.285855,276.103963,276.103963,5082569
2007-11-28,276.103963,276.840879,267.836231,268.552993,268.552993,5797800
2007-11-29,268.552993,276.081620,266.844848,274.336688,274.336688,8781836
2007-11-30,274.336688,274.812451,268.790742,269.257697,269.257697,9969421
2007-12-03,269.257697,270.002247,261.471168,262.196191,262.196191,5674727
2007-12-04,262.196191,265.104009,259.950096,262.852294,262.852294,6416800
2007-12-05,262.852294,267.457019,262.423980,267.021911,267.021911,5581262
2007-12-06,267.021911,267.701332,265.838293,266.516428,266.516428,3650936
2007-12-07,266.516428,271.400692,264.334906,269.197227,269.197227,5233343
2007-12-10,269.197227,272.260111,268.496805,271.553559,271.553559,5762899
2007-12-11,271.553559,274.496296,270.155626,273.090451,273.090451,3985622
2007-12-12,273.090451,275.369112,271.939077,274.213006,274.213006,9437513
2007-12-13,274.213006,274.832219,272.530954,273.147762,273.147762,4324819
2007-12-14,273.147762,273.749921,265.652558,266.239487,266.239487,3848505
2007-12-17,266.239487,272.893937,265.854458,272.499854,272.499854,7469181
2007-12-18,272.499854,277.367338,272.044075,276.904192,276.904192,7898162
2007-12-19,276.904192,289.211182,275.169014,287.410170,287.410170,3427642
2007-12-20,287.410170,287.566633,270.901916,271.049472,271.049472,10820979
2007-12-21,271.049472,272.865015,266.001014,267.794756,267.794756,6942393
2007-12-24,267.794756,268.293467,258.642013,259.124578,259.124578,2179187
2007-12-25,259.124578,259.186136,253.434298,253.494519,253.494519,8847049
2007-12-26,253.494519,261.898786,251.537173,259.892042,259.892042,4846550
2007-12-27,259.892042,268.198914,258.610452,266.882850,266.882850,8070538
2007-12-28,266.882850,269.707929,266.531231,269.353056,269.353056,5032063
2007-12-31,269.353056,277.484194,268.454182,276.561266,276.561266,2627680
2008-01-01,276.561266,285.867252,274.424002,283.675013,283.675013,7865687
2008-01-02,283.675013,285.536006,283.006285,284.864474,284.864474,3220041
2008-01-03,284.864474,287.893720,275.505655,278.466868,278.466868,9353108
2008-01-04,278.466868,285.300978,277.292736,284.103081,284.103081,5621876
2008-01-07,284.103081,292.851552,282.761835,291.475502,291.475502,6061515
2008-01-08,291.475502,292.430087,289.788114,290.740292,290.740292,5340743
2008-01-09,290.740292,294.588408,287.832963,291.671765,291.671765,6052985
2008-01-10,291.671765,292.701296,285.590433,286.602069,286.602069,6407795
2008-01-11,286.602069,289.540300,278.623055,281.509073,281.509073,7275130
2008-01-14,281.509073,289.002124,281.434457,288.925542,288.925542,7073403
2008-01-15,288.925542,289.265991,281.142060,281.473729,281.473729,6262050
2008-01-16,281.473729,282.366485,278.364036,279.249737,279.249737,8571785
2008-01-17,279.249737,280.816774,272.645673,274.184284,274.184284,5675308
2008-01-18,274.184284,275.480594,272.144645,273.437424,273.437424,5160926
2008-01-21,273.437424,273.580325,261.299696,261.436326,261.436326,7480868
2008-01-22,261.436326,273.217960,257.716550,269.385088,269.385088,5481111
2008-01-23,269.385088,270.798023,267.551835,268.962554,268.962554,5113784
2008-01-24,268.962554,269.268217,256.502359,256.794194,256.794194,4435044
2008-01-25,256.794194,256.948329,255.728696,255.882284,255.882284,5119940
2008-01-28,255.882284,258.556555,255.277030,257.946418,257.946418,8188946
2008-01-29,257.946418,258.370806,251.764943,252.179843,252.179843,5013308
2008-01-30,252.179843,252.919711,249.533719,250.267978,250.267978,5941841
2008-01-31,250.267978,250.747577,244.640454,245.110168,245.110168,6772185
2008-02-01,245.110168,245.549286,235.682967,236.105953,236.105953,7862555
2008-02-04,236.105953,238.113826,235.024286,237.027935,237.027935,5426470
2008-02-05,237.027935,238.378472,232.821475,234.155647,234.155647,4956408
2008-02-06,234.155647,236.577022,234.046107,236.466401,236.466401,3933060
2008-02-07,236.466401,237.049931,233.591415,234.169277,234.169277,3751587
2008-02-08,234.169277,235.107414,233.816630,234.753887,234.753887,5960984
2008-02-11,234.753887,236.714657,233.773077,235.729769,235.729769,3949659
2008-02-12,235.729769,237.060629,231.774455,233.090414,233.090414,8584979
2008-02-13,233.090414,234.522183,229.955529,231.376772,231.376772,4957708
2008-02-14,231.376772,233.025363,231.359667,233.008137,233.008137,4090341
2008-02-15,233.008137,233.841602,226.052664,226.864151,226.864151,7610905
2008-02-18,226.864151,237.235762,226.743318,237.109471,237.109471,4882524
2008-02-19,237.109471,237.452628,233.464485,233.802856,233.802856,6571356
2008-02-20,233.802856,237.513695,232.448604,236.145872,236.145872,6841769
2008-02-21,236.145872,237.796994,235.673182,237.321950,237.321950,3797573
2008-02-22,237.321950,237.530863,230.196047,230.398866,230.398866,4505685
2008-02-25,230.398866,231.307319,230.141890,231.049617,231.049617,8811221
2008-02-26,231.049617,232.385728,227.236342,228.558045,228.558045,5038194
2008-02-27,228.558045,229.593755,213.408367,214.379828,214.379828,5243721
2008-02-28,214.379828,215.036435,212.590368,213.243494,213.243494,4273194
2008-02-29,213.243494,213.961252,205.907024,206.602428,206.602428,9897072
2008-03-03,206.602428,216.656868,205.150290,215.144690,215.144690,6730512
2008-03-04,215.144690,215.333969,210.992560,211.178349,211.178349,7601396
2008-03-05,211.178349,211.219846,209.125414,209.166515,209.166515,6379205
2008-03-06,209.166515,209.300753,203.863800,203.994719,203.994719,4618733
2008-03-07,203.994719,204.310079,197.874031,198.180402,198.180402,5799195
2008-03-10,198.180402,203.372746,197.516845,202.694076,202.694076,4849750
2008-03-11,202.694076,207.287043,201.596141,206.170278,206.170278,5132396
2008-03-12,206.170278,208.612356,205.746029,208.183963,208.183963,6272507
2008-03-13,208.183963,208.808793,200.349689,200.952815,200.952815,5810186
2008-03-14,200.952815,201.007767,199.397652,199.452193,199.452193,4293405
2008-03-17,199.452193,200.428687,197.442460,198.413869,198.413869,6008155
2008-03-18,198.413869,202.505053,197.815741,201.896427,201.896427,6629540
2008-03-19,201.896427,210.043015,201.828466,209.972336,209.972336,7047227
2008-03-20,209.972336,212.435457,209.541869,212.000831,212.000831,5692506
2008-03-21,212.000831,216.587294,211.582836,216.161095,216.161095,4101720
2008-03-24,216.161095,217.398636,214.343525,215.577726,215.577726,3105722
2008-03-25,215.577726,215.912106,204.949350,205.267739,205.267739,4924035
2008-03-26,205.267739,205.900751,199.191193,199.807366,199.807366,8301892
2008-03-27,199.807366,200.490252,198.530944,199.211795,199.211795,3341244
2008-03-28,199.211795,201.640874,198.442165,200.864858,200.864858,7711643
2008-03-31,200.864858,201.605281,200.739090,201.479128,201.479128,5445382
2008-04-01,201.479128,201.793603,198.993143,199.304223,199.304223,11075331
2008-04-02,199.304223,204.106514,198.737496,203.527777,203.527777,5719849
2008-04-03,203.527777,204.037744,201.502690,202.008851,202.008851,18218432
2008-04-04,202.008851,205.715604,201.411144,205.108724,205.108724,5155349
2008-04-07,205.108724,206.771324,204.418441,206.077779,206.077779,4642624
2008-04-08,206.077779,214.167809,205.863796,213.945656,213.945656,10319388
2008-04-09,213.945656,216.233437,212.808924,215.090622,215.090622,8406356
2008-04-10,215.090622,221.740700,214.823414,221.465572,221.465572,9491649
2008-04-11,221.465572,226.261267,220.398356,225.176170,225.176170,6179607
2008-04-14,225.176170,233.697820,224.394744,232.889626,232.889626,6055824
2008-04-15,232.889626,233.145480,226.390414,226.639401,226.639401,9905180
2008-04-16,226.639401,228.973236,224.891253,227.220605,227.220605,11437911
2008-04-17,227.220605,228.078530,225.887915,226.744041,226.744041,6550003
2008-04-18,226.744041,232.294886,225.775228,231.306578,231.306578,4786505
2008-04-21,231.306578,231.386977,230.383708,230.463814,230.463814,4629384
2008-04-22,230.463814,231.856554,227.977143,229.363232,229.363232,3788628
2008-04-23,229.363232,230.775042,228.380857,229.790836,229.790836,6107391
2008-04-24,229.790836,230.876400,222.493533,223.549613,223.549613,11653334
2008-04-25,223.549613,223.755001,217.968751,218.169196,218.169196,5535100
2008-04-28,218.169196,218.888597,216.331995,217.047698,217.047698,9400959
2008-04-29,217.047698,218.081210,214.688121,215.715288,215.715288,2045870
2008-04-30,215.715288,216.552814,212.812396,213.641872,213.641872,5436928
2008-05-01,213.641872,218.339388,212.584628,217.264218,217.264218,7060972
2008-05-02,217.264218,227.844082,216.734903,227.290341,227.290341,5571600
2008-05-05,227.290341,227.517603,217.116178,217.333485,217.333485,3863734
2008-05-06,217.333485,218.404887,215.901755,216.971372,216.971372,3547439
2008-05-07,216.971372,219.085656,215.097876,217.210098,217.210098,9559716
2008-05-08,217.210098,218.251904,214.257061,215.289655,215.289655,11312464
2008-05-09,215.289655,216.338396,214.918010,215.965584,215.965584,8493188
2008-05-12,215.965584,216.425669,212.181591,212.634580,212.634580,4070148
2008-05-13,212.634580,212.726181,211.603987,211.695184,211.695184,6910231
2008-05-14,211.695184,212.200518,209.356574,209.857522,209.857522,5951169
2008-05-15,209.857522,210.590651,202.652959,203.363402,203.363402,5681775
2008-05-16,203.363402,204.732695,202.348359,203.715893,203.715893,4209370
2008-05-19,203.715893,203.738302,202.567480,202.589766,202.589766,10249997
2008-05-20,202.589766,203.338104,198.230877,198.965829,198.965829,6786840
2008-05-21,198.965829,199.962939,194.503965,195.483624,195.483624,8583127
2008-05-22,195.483624,199.247580,194.761627,198.514389,198.514389,3784876
2008-05-23,198.514389,199.280490,196.767171,197.529471,197.529471,4427312
2008-05-26,197.529471,202.586962,197.386362,202.440296,202.440296,5015325
2008-05-27,202.440296,203.121911,199.205947,199.878939,199.878939,4499571
2008-05-28,199.878939,203.820334,199.472750,203.406976,203.406976,7424500
2008-05-29,203.406976,204.026527,199.680379,200.290437,200.290437,4025891
2008-05-30,200.290437,201.837525,197.111711,198.646098,198.646098,5903657
2008-06-02,198.646098,198.679154,196.948859,196.981639,196.981639,17795962
2008-06-03,196.981639,198.053862,190.744040,191.787994,191.787994,3163265
2008-06-04,191.787994,203.369786,191.411135,202.970952,202.970952,6568129
2008-06-05,202.970952,203.740877,202.643265,203.412477,203.412477,13397448
2008-06-06,203.412477,203.923166,199.822795,200.325734,200.325734,7020932
2008-06-09,200.325734,205.283242,199.282931,204.220167,204.220167,6397480
2008-06-10,204.220167,205.404810,202.855129,204.038720,204.038720,4888691
2008-06-11,204.038720,205.694848,203.903004,205.558122,205.558122,4267618
2008-06-12,205.558122,206.898783,205.074287,206.412936,206.412936,4891259
2008-06-13,206.412936,215.405911,205.279695,214.229754,214.229754,5240495
2008-06-16,214.229754,215.142063,207.008543,207.893869,207.893869,8342716
2008-06-17,207.893869,208.602201,200.633433,201.319364,201.319364,5548664
2008-06-18,201.319364,201.507835,196.177455,196.361284,196.361284,3564751
2008-06-19,196.361284,198.514429,189.847370,191.952168,191.952168,5318300
2008-06-20,191.952168,193.449221,191.863490,193.359893,193.359893,5162621
2008-06-23,193.359893,193.542946,192.959469,193.142315,193.142315,7350500
2008-06-24,193.142315,197.857115,192.291632,196.989487,196.989487,5058664
2008-06-25,196.989487,197.546849,192.023697,192.568550,192.568550,4597396
2008-06-26,192.568550,196.188124,191.160671,194.764192,194.764192,5492987
2008-06-27,194.764192,195.436145,190.062270,190.720271,190.720271,9613336
2008-06-30,190.720271,202.986590,189.174426,201.354551,201.354551,4144661
2008-07-01,201.354551,201.512071,191.583888,191.733883,191.733883,8988549
2008-07-02,191.733883,191.808483,187.075663,187.148479,187.148479,5347805
2008-07-03,187.148479,191.620329,186.319951,190.775742,190.775742,5704915
2008-07-04,190.775742,192.642618,185.650098,187.484770,187.484770,7974907
2008-07-07,187.484770,187.858262,182.954082,183.319276,183.319276,5399077
2008-07-08,183.319276,183.997802,182.870276,183.548242,183.548242,6620893
2008-07-09,183.548242,184.106027,183.073862,183.631432,183.631432,6730831
2008-07-10,183.631432,184.456748,181.095807,181.913402,181.913402,4144444
2008-07-11,181.913402,182.184729,180.543055,180.812740,180.812740,4899560
2008-07-14,180.812740,182.647027,180.583310,182.415563,182.415563,5185323
2008-07-15,182.415563,183.990628,181.754345,183.326110,183.326110,6838006
2008-07-16,183.326110,183.955471,178.017557,178.630798,178.630798,5861544
2008-07-17,178.630798,180.386547,178.518027,180.272739,180.272739,5537151
2008-07-18,180.272739,180.962565,177.208077,177.888781,177.888781,3799253
2008-07-21,177.888781,189.544404,176.492456,188.068176,188.068176,3034217
2008-07-22,188.068176,194.719873,188.035361,194.685903,194.685903,6815728
2008-07-23,194.685903,195.103270,188.678819,189.084177,189.084177,7402578
2008-07-24,189.084177,190.126814,186.038378,187.069908,187.069908,4663143
2008-07-25,187.069908,188.614190,184.995231,186.535098,186.535098,6603939
2008-07-28,186.535098,186.620840,185.932296,186.017799,186.017799,3524323
2008-07-29,186.017799,187.763282,178.059009,179.745637,179.745637,8532344
2008-07-30,179.745637,180.192219,178.173969,178.617749,178.617749,8759099
2008-07-31,178.617749,181.255816,178.333491,180.967818,180.967818,7547012
2008-08-01,180.967818,180.978340,176.356463,176.366717,176.366717,4199993
2008-08-04,176.366717,178.050894,175.714339,177.394713,177.394713,3910016
2008-08-05,177.394713,178.307016,174.539032,175.441290,175.441290,6449464
2008-08-06,175.441290,179.881627,174.980910,179.410831,179.410831,8238368
2008-08-07,179.410831,188.112604,179.230842,187.924075,187.924075,8013915
2008-08-08,187.924075,189.669755,187.899409,189.644863,189.644863,6331507
2008-08-11,189.644863,191.070136,189.239901,190.663000,190.663000,4356956
2008-08-12,190.663000,190.721013,185.209743,185.266114,185.266114,8298790
2008-08-13,185.266114,185.375308,180.995904,181.102644,181.102644,4562646
2008-08-14,181.102644,183.625235,180.553916,183.070545,183.070545,4431201
2008-08-15,183.070545,184.619140,182.966154,184.513926,184.513926,4590972
2008-08-18,184.513926,186.438687,183.692757,185.612628,185.612628,5982123
2008-08-19,185.612628,186.997281,182.617680,183.990230,183.990230,5953364
2008-08-20,183.990230,188.862386,183.522887,188.383882,188.383882,6348594
2008-08-21,188.383882,192.351655,188.372062,192.339586,192.339586,7160970
2008-08-22,192.339586,195.874722,192.096852,195.627838,195.627838,9802892
2008-08-25,195.627838,195.767246,186.315349,186.448215,186.448215,7765946
2008-08-26,186.448215,187.442967,186.197207,187.190959,187.190959,4275373
2008-08-27,187.190959,187.278940,183.526591,183.612890,183.612890,7563553
2008-08-28,183.612890,184.207821,179.003198,179.585078,179.585078,4214262
2008-08-29,179.585078,181.525368,178.716068,180.651199,180.651199,8431056
2008-09-01,180.651199,182.284080,180.280875,181.911174,181.911174,7077591
2008-09-02,181.911174,183.574598,181.674536,183.336106,183.336106,6320972
2008-09-03,183.336106,184.518781,181.023205,182.198541,182.198541,10859451
2008-09-04,182.198541,183.851216,181.694383,183.343889,183.343889,6369023
2008-09-05,183.343889,185.837513,183.011539,185.501252,185.501252,4851168
2008-09-08,185.501252,186.318316,175.350138,176.125908,176.125908,6388251
2008-09-09,176.125908,179.442599,175.391676,178.697646,178.697646,5579410
2008-09-10,178.697646,179.332813,177.331827,177.964388,177.964388,3024851
2008-09-11,177.964388,178.860070,174.532400,175.415253,175.415253,5976206
2008-09-12,175.415253,176.064915,173.029335,173.672543,173.672543,8742446
2008-09-15,173.672543,190.157803,172.858206,189.270330,189.270330,7491595
2008-09-16,189.270330,189.459746,188.003691,188.192027,188.192027,4730007
2008-09-17,188.192027,188.452131,183.027399,183.280714,183.280714,5178522
2008-09-18,183.280714,184.086494,180.312862,181.109094,181.109094,12206938
2008-09-19,181.109094,182.270021,180.838738,181.998338,181.998338,10570914
2008-09-22,181.998338,182.041875,180.018816,180.061890,180.061890,4823916
2008-09-23,180.061890,180.368803,179.236093,179.542120,179.542120,3228214
2008-09-24,179.542120,183.232579,178.599015,182.275119,182.275119,8194460
2008-09-25,182.275119,183.975435,181.104636,182.801571,182.801571,5659706
2008-09-26,182.801571,183.109827,182.213447,182.521231,182.521231,6155356
2008-09-29,182.521231,183.216153,182.168424,182.862686,182.862686,9769552
2008-09-30,182.862686,184.214530,182.480831,183.830654,183.830654,6963757
2008-10-01,183.830654,184.707113,183.375381,184.250800,184.250800,7958644
2008-10-02,184.250800,188.740259,183.581006,188.056630,188.056630,5984954
2008-10-03,188.056630,188.228498,182.304766,182.471530,182.471530,6597471
2008-10-06,182.471530,183.321588,182.322452,183.171937,183.171937,5593903
2008-10-07,183.171937,183.822802,179.788055,180.429174,180.429174,4717676
2008-10-08,180.429174,182.890349,180.109143,182.566528,182.566528,4515719
2008-10-09,182.566528,183.231146,181.092462,181.754123,181.754123,7462892
2008-10-10,181.754123,184.049228,181.349157,183.640060,183.640060,4126480
2008-10-13,183.640060,184.071338,182.900887,183.331440,183.331440,4944777
2008-10-14,183.331440,189.601688,182.341292,188.583176,188.583176,4612642
2008-10-15,188.583176,189.538118,187.951019,188.904883,188.904883,2202018
2008-10-16,188.904883,189.345528,188.652071,189.092464,189.092464,4154762
2008-10-17,189.092464,192.102649,189.047396,192.056874,192.056874,10072384
2008-10-20,192.056874,193.279826,190.044160,191.262050,191.262050,4539577
2008-10-21,191.262050,191.413869,185.564618,185.712031,185.712031,5719521
2008-10-22,185.712031,186.963778,184.851911,186.101852,186.101852,4510713
2008-10-23,186.101852,187.038300,181.918972,182.839002,182.839002,5010152
2008-10-24,182.839002,185.587512,182.067126,184.807326,184.807326,5935972
2008-10-27,184.807326,185.042947,181.144835,181.376081,181.376081,8696848
2008-10-28,181.376081,184.555437,180.208347,183.374836,183.374836,7509919
2008-10-29,183.374836,183.975596,182.575304,183.175411,183.175411,6266660
2008-10-30,183.175411,186.771563,182.202916,185.785212,185.785212,5141782
2008-10-31,185.785212,186.798168,180.526768,181.516449,181.516449,8637277
2008-11-03,181.516449,183.346269,177.061710,178.864799,178.864799,5745921
2008-11-04,178.864799,179.395479,177.658852,178.187523,178.187523,6714400
2008-11-05,178.187523,179.107631,176.980026,177.898642,177.898642,6059406
2008-11-06,177.898642,181.359998,176.701521,180.147742,180.147742,5595703
2008-11-07,180.147742,180.396484,176.419356,176.663287,176.663287,5528396
2008-11-10,176.663287,183.011041,176.125611,182.455735,182.455735,6982773
2008-11-11,182.455735,191.479674,181.918085,190.917090,190.917090,4691024
2008-11-12,190.917090,191.677000,189.165312,189.921258,189.921258,7901641
2008-11-13,189.921258,190.517814,187.615190,188.206360,188.206360,4621136
2008-11-14,188.206360,190.426547,186.336184,188.552927,188.552927,6886680
2008-11-17,188.552927,188.711751,185.749708,185.906303,185.906303,5128322
2008-11-18,185.906303,186.461533,181.781310,182.325846,182.325846,4942619
2008-11-19,182.325846,182.699349,181.548232,181.920905,181.920905,7730947
2008-11-20,181.920905,182.225663,178.498958,178.798486,178.798486,5702638
2008-11-21,178.798486,179.580657,173.430312,174.192333,174.192333,4839410
2008-11-24,174.192333,189.960492,173.905051,189.647720,189.647720,8961829
2008-11-25,189.647720,190.500791,187.221876,188.067841,188.067841,6076846
2008-11-26,188.067841,191.122962,186.437114,189.479991,189.479991,4088774
2008-11-27,189.479991,189.858872,186.405745,186.779226,186.779226,4846898
2008-11-28,186.779226,186.994337,171.700450,171.898423,171.898423,6893437
2008-12-01,171.898423,172.174154,168.558075,168.828882,168.828882,5431090
2008-12-02,168.828882,168.896984,167.762934,167.830633,167.830633,4803374
2008-12-03,167.830633,170.402937,167.136358,169.700925,169.700925,5337877
2008-12-04,169.700925,174.508998,168.649604,173.434546,173.434546,4519647
2008-12-05,173.434546,173.552920,168.264290,168.379213,168.379213,8384973
2008-12-08,168.379213,170.148887,162.684718,164.412702,164.412702,6474186
2008-12-09,164.412702,166.265081,163.120944,164.968952,164.968952,7269146
2008-12-10,164.968952,169.889624,164.709483,169.622835,169.622835,5143663
2008-12-11,169.622835,170.492002,167.322713,168.184510,168.184510,4634821
2008-12-12,168.184510,168.327056,162.937966,163.076183,163.076183,8083303
2008-12-15,163.076183,168.424926,162.104736,167.427558,167.427558,6236733
2008-12-16,167.427558,171.792319,167.345245,171.707902,171.707902,4004670
2008-12-17,171.707902,176.763251,170.895068,175.930429,175.930429,4109261
2008-12-18,175.930429,176.626209,175.683555,176.378705,176.378705,7766323
2008-12-19,176.378705,183.639075,176.288849,183.545567,183.545567,8438941
2008-12-22,183.545567,184.251205,181.652731,182.353787,182.353787,10240611
2008-12-23,182.353787,182.459463,180.021341,180.125726,180.125726,4850855
2008-12-24,180.125726,180.692656,179.992654,180.559263,180.559263,6304177
2008-12-25,180.559263,181.065926,173.058283,173.545264,173.545264,5628526
2008-12-26,173.545264,173.698576,168.303074,168.451886,168.451886,10771049
2008-12-29,168.451886,171.340789,168.294349,171.180700,171.180700,6987685
2008-12-30,171.180700,172.694961,163.894339,165.357084,165.357084,4827297
2008-12-31,165.357084,165.484232,161.046691,161.170620,161.170620,8354502
2009-01-01,161.170620,161.171382,158.517944,158.518693,158.518693,9556617
2009-01-02,158.518693,159.503207,153.617287,154.577322,154.577322,6660151
2009-01-05,154.577322,154.989946,151.488217,151.893677,151.893677,5358550
2009-01-06,151.893677,152.008461,151.113995,151.228277,151.228277,5317815
2009-01-07,151.228277,151.511091,151.210742,151.493526,151.493526,5295459
2009-01-08,151.493526,159.324993,150.687380,158.481662,158.481662,4718277
2009-01-09,158.481662,161.128010,157.646799,160.283654,160.283654,4606570
2009-01-12,160.283654,161.017631,159.723848,160.457219,160.457219,4865778
2009-01-13,160.457219,161.495485,156.370289,157.388699,157.388699,3188880
2009-01-14,157.388699,158.341072,155.476560,156.423089,156.423089,9476348
2009-01-15,156.423089,158.562673,155.659891,157.792792,157.792792,5647743
2009-01-16,157.792792,158.471182,155.677364,156.349549,156.349549,5919720
2009-01-19,156.349549,156.438198,154.601406,154.689113,154.689113,11664143
2009-01-20,154.689113,154.858257,152.912397,153.079781,153.079781,11703939
2009-01-21,153.079781,155.366151,152.645383,154.926512,154.926512,7965198
2009-01-22,154.926512,155.233527,152.905112,153.208723,153.208723,4142403
2009-01-23,153.208723,155.511939,152.884818,155.183859,155.183859,5690284
2009-01-26,155.183859,160.707217,154.423679,159.923818,159.923818,5837630
2009-01-27,159.923818,164.033531,159.047690,163.139784,163.139784,7917025
2009-01-28,163.139784,164.246930,162.781434,163.886939,163.886939,10773371
2009-01-29,163.886939,171.339288,163.263438,170.689905,170.689905,5623066
2009-01-30,170.689905,171.123105,167.291900,167.717556,167.717556,3388995
2009-02-02,167.717556,167.929182,167.379629,167.591094,167.591094,11286343
2009-02-03,167.591094,167.773054,162.157673,162.333924,162.333924,6155881
2009-02-04,162.333924,165.832872,161.857975,165.348085,165.348085,3979944
2009-02-05,165.348085,165.391008,164.225995,164.268637,164.268637,5186207
2009-02-06,164.268637,167.090124,163.589250,166.401914,166.401914,2823823
2009-02-09,166.401914,168.908405,166.066863,168.568991,168.568991,9121339
2009-02-10,168.568991,168.828584,167.293346,167.551372,167.551372,2626839
2009-02-11,167.551372,169.141203,167.390984,168.979448,168.979448,5980214
2009-02-12,168.979448,173.834586,168.667963,173.514741,173.514741,4118046
2009-02-13,173.514741,174.779129,170.342322,171.592704,171.592704,7691968
2009-02-16,171.592704,175.732823,170.329140,174.448232,174.448232,7776793
2009-02-17,174.448232,181.378368,174.207256,181.128165,181.128165,8100765
2009-02-18,181.128165,186.219561,180.807933,185.890909,185.890909,10094235
2009-02-19,185.890909,186.561998,185.349834,186.020546,186.020546,4225018
2009-02-20,186.020546,186.251001,181.916299,182.141949,182.141949,7004069
2009-02-23,182.141949,185.046905,181.131559,184.026063,184.026063,4251159
2009-02-24,184.026063,190.258532,182.638656,188.834870,188.834870,8044264
2009-02-25,188.834870,188.960403,180.584433,180.704562,180.704562,4806495
2009-02-26,180.704562,181.349374,179.110776,179.752190,179.752190,9296313
2009-02-27,179.752190,181.104580,178.652903,180.003754,180.003754,9585938
2009-03-02,180.003754,180.404536,176.928383,177.323196,177.323196,6720984
2009-03-03,177.323196,179.169284,176.795267,178.637442,178.637442,4311403
2009-03-04,178.637442,178.655367,175.927755,175.945410,175.945410,5524525
2009-03-05,175.945410,177.510511,172.233980,173.779818,173.779818,4130734
2009-03-06,173.779818,184.290065,173.413019,183.901901,183.901901,3453483
2009-03-09,183.901901,189.778470,183.066160,188.919925,188.919925,5244770
2009-03-10,188.919925,193.373010,188.131701,192.569558,192.569558,3483969
2009-03-11,192.569558,193.488443,190.758159,191.672765,191.672765,8910973
2009-03-12,191.672765,192.061251,191.249730,191.638146,191.638146,6009128
2009-03-13,191.638146,192.783765,191.013056,192.156982,192.156982,9267693
2009-03-16,192.156982,195.369873,191.392982,194.596175,194.596175,7314599
2009-03-17,194.596175,198.716325,193.694038,197.799337,197.799337,4857140
2009-03-18,197.799337,199.313809,197.067805,198.579392,198.579392,6768049
2009-03-19,198.579392,199.865473,197.714395,198.998649,198.998649,6216396
2009-03-20,198.998649,203.798033,197.856265,202.634774,202.634774,6521027
2009-03-23,202.634774,202.813741,200.790209,200.967703,200.967703,6181557
2009-03-24,200.967703,202.043476,197.631407,198.695015,198.695015,7077475
2009-03-25,198.695015,198.937956,197.118465,197.359773,197.359773,5118148
2009-03-26,197.359773,202.357536,196.152593,201.127312,201.127312,8787328
2009-03-27,201.127312,202.176144,200.089745,201.138520,201.138520,5200492
2009-03-30,201.138520,204.017359,200.573351,203.445707,203.445707,11170301
2009-03-31,203.445707,206.599902,201.858200,205.000264,205.000264,4794657
2009-04-01,205.000264,206.086123,202.428285,203.506230,203.506230,5243533
2009-04-02,203.506230,204.221771,201.945136,202.657694,202.657694,8491436
2009-04-03,202.657694,205.647389,202.509016,205.496629,205.496629,4437676
2009-04-06,205.496629,208.139622,203.301875,205.940132,205.940132,8244924
2009-04-07,205.940132,206.828503,203.562267,204.444185,204.444185,4783660
2009-04-08,204.444185,206.126811,202.103549,203.780715,203.780715,9375018
2009-04-09,203.780715,204.416434,202.406861,203.040270,203.040270,5512426
2009-04-10,203.040270,204.020074,197.074277,198.029902,198.029902,9076375
2009-04-13,198.029902,200.256216,197.630637,199.853275,199.853275,7773680
2009-04-14,199.853275,200.489663,197.398273,198.028852,198.028852,5684421
2009-04-15,198.028852,199.631334,195.438504,197.032928,197.032928,4739944
2009-04-16,197.032928,198.554606,196.881688,198.402315,198.402315,5638994
2009-04-17,198.402315,209.537474,197.134380,208.206880,208.206880,7302794
2009-04-20,208.206880,208.996689,206.696913,207.483979,207.483979,6931720
2009-04-21,207.483979,207.669843,202.070219,202.251395,202.251395,8534140
2009-04-22,202.251395,204.918111,201.767925,204.429434,204.429434,5034413
2009-04-23,204.429434,221.320094,204.320095,221.201784,221.201784,7120350
2009-04-24,221.201784,221.980641,217.740088,218.509466,218.509466,9712994
2009-04-27,218.509466,218.613412,215.970594,216.073381,216.073381,7055055
2009-04-28,216.073381,216.525292,215.746011,216.197733,216.197733,3653784
2009-04-29,216.197733,219.360000,215.459935,218.613957,218.613957,2865316
2009-04-30,218.613957,221.576794,217.118971,220.071838,220.071838,4848695
2009-05-01,220.071838,221.050123,217.840299,218.812987,218.812987,6468481
2009-05-04,218.812987,235.313626,216.875549,233.248373,233.248373,4160675
2009-05-05,233.248373,236.720060,232.880885,236.347689,236.347689,4857663
2009-05-06,236.347689,244.939750,235.965514,244.544321,244.544321,6107692
2009-05-07,244.544321,245.179443,241.263384,241.891616,241.891616,4057972
2009-05-08,241.891616,242.103432,240.935986,241.147150,241.147150,4497282
2009-05-11,241.147150,241.877999,239.348884,240.076489,240.076489,14044162
2009-05-12,240.076489,240.472603,233.198984,233.584387,233.584387,7201794
2009-05-13,233.584387,242.592713,232.960454,241.946444,241.946444,5252801
2009-05-14,241.946444,243.016613,237.699547,238.755602,238.755602,5879233
2009-05-15,238.755602,238.842689,238.187497,238.274408,238.274408,2874578
2009-05-18,238.274408,238.339692,236.407517,236.472307,236.472307,7269997
2009-05-19,236.472307,236.818400,232.023732,232.363812,232.363812,3047567
2009-05-20,232.363812,232.876008,229.308571,229.815149,229.815149,8853687
2009-05-21,229.815149,232.084363,229.037506,231.301689,231.301689,7850506
2009-05-22,231.301689,232.478931,230.895428,232.071318,232.071318,7461849
2009-05-25,232.071318,232.403066,230.294876,230.624555,230.624555,5148724
2009-05-26,230.624555,232.425539,229.198416,230.997096,230.997096,7066681
2009-05-27,230.997096,231.318386,227.415634,227.732384,227.732384,4736582
2009-05-28,227.732384,227.871323,226.558551,226.696858,226.696858,4768684
2009-05-29,226.696858,227.231590,226.673942,227.208622,227.208622,3654146
2009-06-01,227.208622,228.620761,224.604835,226.009522,226.009522,6044241
2009-06-02,226.009522,227.254695,223.097399,224.333338,224.333338,6781907
2009-06-03,224.333338,230.025258,223.889167,229.570718,229.570718,6528695
2009-06-04,229.570718,229.736261,228.811399,228.976514,228.976514,4501683
2009-06-05,228.976514,229.175710,225.092138,225.288125,225.288125,6405997
2009-06-08,225.288125,225.807809,225.195102,225.714610,225.714610,7989514
2009-06-09,225.714610,226.966828,222.860533,224.103816,224.103816,5015268
2009-06-10,224.103816,225.478315,221.565540,222.932857,222.932857,5781890
2009-06-11,222.932857,223.055329,220.962829,221.084285,221.084285,6127157
2009-06-12,221.084285,222.199872,217.717933,218.822105,218.822105,3413235
2009-06-15,218.822105,221.125945,218.448574,220.749125,220.749125,3534826
2009-06-16,220.749125,221.269400,220.614922,221.134962,221.134962,10033485
2009-06-17,221.134962,221.442730,215.722421,216.023074,216.023074,6409022
2009-06-18,216.023074,218.594709,215.189786,217.754741,217.754741,5072564
2009-06-19,217.754741,218.660071,215.637709,216.537980,216.537980,4238042
2009-06-22,216.537980,217.209622,214.418949,215.086087,215.086087,6507008
2009-06-23,215.086087,216.576717,214.797698,216.286717,216.286717,7396581
2009-06-24,216.286717,216.354996,212.637416,212.704563,212.704563,6407498
2009-06-25,212.704563,212.941671,208.894979,209.128099,209.128099,4700356
2009-06-26,209.128099,211.917256,209.038275,211.826272,211.826272,7130686
2009-06-29,211.826272,212.126193,207.706077,208.000580,208.000580,6172244
2009-06-30,208.000580,208.377604,206.571919,206.947033,206.947033,5069364
2009-07-01,206.947033,207.312035,204.314595,204.675591,204.675591,8492235
2009-07-02,204.675591,205.892658,202.028900,203.237415,203.237415,9516859
2009-07-03,203.237415,205.791983,202.846714,205.397131,205.397131,5385257
2009-07-06,205.397131,205.931428,203.502671,204.033421,204.033421,4022144
2009-07-07,204.033421,208.207107,203.381861,207.544336,207.544336,10935204
2009-07-08,207.544336,208.108576,204.156054,204.712596,204.712596,5340947
2009-07-09,204.712596,209.749880,204.184055,209.209728,209.209728,3821761
2009-07-10,209.209728,210.128585,206.929800,207.842653,207.842653,3374969
2009-07-13,207.842653,208.972473,206.694419,207.824139,207.824139,7761639
2009-07-14,207.824139,207.835632,207.396895,207.408365,207.408365,5453723
2009-07-15,207.408365,207.807577,206.133937,206.531461,206.531461,8462795
2009-07-16,206.531461,210.310110,206.308955,210.083777,210.083777,7410549
2009-07-17,210.083777,212.439462,210.029013,212.384099,212.384099,6555162
2009-07-20,212.384099,213.774954,212.361196,213.751904,213.751904,4423492
2009-07-21,213.751904,214.250168,212.606817,213.103569,213.103569,8074305
2009-07-22,213.103569,213.847661,208.204447,208.933980,208.933980,4430380
2009-07-23,208.933980,209.892121,208.733221,209.690636,209.690636,6805080
2009-07-24,209.690636,212.702430,208.380063,211.381291,211.381291,6550654
2009-07-27,211.381291,211.600350,207.207282,207.422238,207.422238,7198030
2009-07-28,207.422238,207.428269,207.157677,207.163700,207.163700,8692858
2009-07-29,207.163700,209.088838,206.918112,208.841262,208.841262,5450865
2009-07-30,208.841262,210.421911,207.559226,209.138054,209.138054,3653437
2009-07-31,209.138054,210.461793,205.089865,206.396250,206.396250,6917386
2009-08-03,206.396250,208.045852,201.874048,203.500506,203.500506,7044706
2009-08-04,203.500506,206.813887,202.454691,205.756478,205.756478,5070754
2009-08-05,205.756478,206.389235,205.527809,206.160116,206.160116,9009123
2009-08-06,206.160116,208.598361,205.199172,207.630563,207.630563,8387119
2009-08-07,207.630563,209.011264,203.989680,205.355251,205.355251,7260438
2009-08-10,205.355251,206.424754,195.991187,197.017266,197.017266,5368171
2009-08-11,197.017266,199.077515,196.845090,198.903691,198.903691,5690163
2009-08-12,198.903691,199.715185,196.381087,197.185571,197.185571,6342046
2009-08-13,197.185571,197.995927,195.836088,196.644219,196.644219,5213399
2009-08-14,196.644219,200.285731,196.029229,199.661305,199.661305,3328869
2009-08-17,199.661305,201.009397,198.555905,199.902660,199.902660,4166558
2009-08-18,199.902660,203.084329,199.705205,202.883930,202.883930,3038152
2009-08-19,202.883930,203.915803,198.110735,199.123483,199.123483,5577707
2009-08-20,199.123483,200.535918,198.072125,199.482665,199.482665,6890852
2009-08-21,199.482665,207.406697,198.593329,206.486139,206.486139,5838380
2009-08-24,206.486139,208.507020,201.794069,203.788549,203.788549,16923969
2009-08-25,203.788549,204.591009,203.320703,204.122396,204.122396,6659759
2009-08-26,204.122396,205.195091,201.119948,202.182448,202.182448,4941598
2009-08-27,202.182448,203.535332,201.177361,202.528525,202.528525,2033955
2009-08-28,202.528525,203.503480,198.961360,199.923776,199.923776,5728917
2009-08-31,199.923776,202.950983,199.333134,202.353163,202.353163,3626239
2009-09-01,202.353163,204.838449,200.387140,202.867429,202.867429,7664233
2009-09-02,202.867429,203.894354,201.641754,202.667668,202.667668,3767225
2009-09-03,202.667668,203.152478,200.581520,201.062490,201.062490,5051952
2009-09-04,201.062490,205.195570,200.505903,204.629110,204.629110,4041689
2009-09-07,204.629110,205.015577,202.938403,203.322402,203.322402,5584866
2009-09-08,203.322402,204.011467,202.968613,203.657095,203.657095,8715870
2009-09-09,203.657095,206.006053,202.708792,205.051258,205.051258,7815992
2009-09-10,205.051258,205.522672,200.672471,201.134881,201.134881,6673836
2009-09-11,201.134881,204.836731,200.769086,204.464879,204.464879,11034712
2009-09-14,204.464879,206.174805,203.590970,205.297338,205.297338,3258881
2009-09-15,205.297338,206.721088,203.836868,205.260362,205.260362,10300576
2009-09-16,205.260362,205.381528,200.385217,200.503575,200.503575,7089300
2009-09-17,200.503575,200.627145,196.721290,196.842604,196.842604,5572741
2009-09-18,196.842604,197.505194,193.797665,194.452209,194.452209,4315531
2009-09-21,194.452209,195.454127,194.093669,195.094404,195.094404,10686440
2009-09-22,195.094404,205.305652,194.667885,204.857788,204.857788,6287746
2009-09-23,204.857788,206.604130,204.048620,205.791275,205.791275,5591040
2009-09-24,205.791275,206.437787,200.831028,201.463945,201.463945,4800322
2009-09-25,201.463945,201.737074,196.810826,197.078008,197.078008,7228418
2009-09-28,197.078008,197.116365,195.133858,195.171843,195.171843,8172184
2009-09-29,195.171843,196.196942,193.607505,194.629757,194.629757,5277784
2009-09-30,194.629757,199.690657,193.888039,198.932541,198.932541,10062946
2009-10-01,198.932541,199.468302,197.711234,198.245144,198.245144,6637307
2009-10-02,198.245144,199.926832,198.234415,199.916013,199.916013,7841274
2009-10-05,199.916013,203.861221,198.506634,202.434090,202.434090,4636808
2009-10-06,202.434090,202.775402,200.151433,200.489466,200.489466,10604068
2009-10-07,200.489466,202.817544,200.354040,202.680637,202.680637,4040534
2009-10-08,202.680637,203.785892,199.922493,201.018685,201.018685,5071586
2009-10-09,201.018685,205.517370,200.725830,205.218396,205.218396,3889346
2009-10-12,205.218396,206.723055,204.693717,206.195877,206.195877,8837861
2009-10-13,206.195877,207.020268,205.037887,205.860939,205.860939,8701493
2009-10-14,205.860939,213.179850,205.203530,212.501236,212.501236,6946193
2009-10-15,212.501236,216.097759,211.865762,215.453457,215.453457,10354750
2009-10-16,215.453457,220.008676,214.933760,219.479269,219.479269,5884218
2009-10-19,219.479269,219.980594,215.876981,216.371207,216.371207,5500145
2009-10-20,216.371207,216.681843,215.275385,215.584893,215.584893,9370065
2009-10-21,215.584893,219.907552,214.719022,219.027853,219.027853,8772794
2009-10-22,219.027853,219.049331,218.325815,218.347227,218.347227,9057450
2009-10-23,218.347227,221.156286,217.642684,220.444974,220.444974,3148673
2009-10-26,220.444974,220.523740,219.319878,219.398270,219.398270,3613723
2009-10-27,219.398270,219.492471,219.027820,219.121904,219.121904,7078760
2009-10-28,219.121904,223.848650,218.794324,223.514503,223.514503,8513661
2009-10-29,223.514503,225.569763,223.202770,225.255602,225.255602,6736892
2009-10-30,225.255602,230.096418,224.651042,229.480518,229.480518,6455194
2009-11-02,229.480518,229.853283,227.878736,228.249501,228.249501,4048737
2009-11-03,228.249501,229.364366,223.186100,224.281584,224.281584,6278489
2009-11-04,224.281584,226.936739,223.604800,226.254003,226.254003,4512090
2009-11-05,226.254003,232.239994,225.578856,231.549047,231.549047,5555185
2009-11-06,231.549047,235.109635,230.692987,234.243614,234.243614,6205396
2009-11-09,234.243614,237.465851,233.991214,237.210255,237.210255,4320156
2009-11-10,237.210255,239.126657,232.737550,234.633131,234.633131,6575958
2009-11-11,234.633131,235.037317,232.865265,233.267097,233.267097,4344383
2009-11-12,233.267097,234.655534,233.217818,234.605973,234.605973,4023870
2009-11-13,234.605973,235.612704,233.563765,234.570344,234.570344,4066125
2009-11-16,234.570344,237.429955,233.956436,236.810186,236.810186,3246604
2009-11-17,236.810186,238.441919,232.646585,234.260752,234.260752,3622083
2009-11-18,234.260752,237.177465,232.921701,235.829448,235.829448,7057228
2009-11-19,235.829448,238.885292,235.322905,238.373286,238.373286,9646204
2009-11-20,238.373286,241.028658,237.637506,240.286972,240.286972,10407521
2009-11-23,240.286972,244.757392,236.911076,241.366333,241.366333,8095853
2009-11-24,241.366333,243.837489,240.596551,243.062298,243.062298,6831636
2009-11-25,243.062298,246.643571,242.112834,245.683866,245.683866,5644562
2009-11-26,245.683866,246.822297,244.437493,245.575422,245.575422,4338890
2009-11-27,245.575422,246.602321,245.125769,246.151613,246.151613,5120677
2009-11-30,246.151613,248.974077,245.689754,248.507797,248.507797,6521147
2009-12-01,248.507797,249.097432,244.973621,245.556253,245.556253,9036727
2009-12-02,245.556253,247.785606,238.929367,241.118430,241.118430,6226358
2009-12-03,241.118430,246.873938,240.088574,245.823984,245.823984,6472827
2009-12-04,245.823984,247.466807,237.902603,239.503185,239.503185,5001882
2009-12-07,239.503185,242.990970,239.070510,242.552786,242.552786,7347728
2009-12-08,242.552786,245.096089,242.026359,244.565294,244.565294,8767619
2009-12-09,244.565294,251.104380,244.398072,250.932805,250.932805,6137629
2009-12-10,250.932805,257.128822,249.785624,255.958664,255.958664,6821407
2009-12-11,255.958664,260.139293,254.974909,259.143297,259.143297,5088044
2009-12-14,259.143297,261.560039,258.760996,261.174741,261.174741,2740554
2009-12-15,261.174741,262.601965,259.833807,261.260590,261.260590,7723189
2009-12-16,261.260590,261.367095,258.137367,258.242642,258.242642,6819976
2009-12-17,258.242642,260.274999,256.319853,258.351400,258.351400,6381895
2009-12-18,258.351400,258.711927,256.712461,257.071201,257.071201,5626759
2009-12-21,257.071201,262.186713,256.007761,261.106580,261.106580,4477762
2009-12-22,261.106580,266.509927,260.434456,265.825655,265.825655,7720384
2009-12-23,265.825655,268.783906,263.683741,266.635466,266.635466,6956264
2009-12-24,266.635466,271.020534,265.546502,269.918163,269.918163,3715939
2009-12-25,269.918163,270.450165,265.197808,265.721539,265.721539,7141153
2009-12-28,265.721539,266.025122,259.586823,259.883736,259.883736,6964254
2009-12-29,259.883736,264.750178,257.714027,262.558141,262.558141,3133653
2009-12-30,262.558141,267.837324,261.037193,266.294731,266.294731,4600923
2009-12-31,266.294731,271.819300,265.798017,271.313226,271.313226,4726588
2010-01-01,271.313226,271.825735,270.536567,271.048576,271.048576,6574891
2010-01-04,271.048576,274.129550,269.889354,272.962143,272.962143,5765392
2010-01-05,272.962143,273.447504,272.460227,272.945559,272.945559,5117180
2010-01-06,272.945559,273.163033,269.880341,270.095544,270.095544,7908568
2010-01-07,270.095544,278.441716,269.122395,277.442097,277.442097,8174672
2010-01-08,277.442097,277.900398,261.051520,261.483459,261.483459,3060785
2010-01-11,261.483459,261.841738,256.286930,256.638571,256.638571,8321590
2010-01-12,256.638571,257.575559,255.319479,256.255068,256.255068,4788002
2010-01-13,256.255068,269.311862,255.499041,268.519651,268.519651,7618924
2010-01-14,268.519651,270.014369,267.001405,268.495991,268.495991,3585281
2010-01-15,268.495991,268.874029,268.125938,268.503965,268.503965,6302300
2010-01-18,268.503965,269.749685,265.701884,266.940350,266.940350,6152933
2010-01-19,266.940350,270.910093,264.887881,268.842995,268.842995,3472369
2010-01-20,268.842995,272.741394,267.566708,271.452718,271.452718,6106895
2010-01-21,271.452718,272.098036,269.105596,269.746858,269.746858,10442872
2010-01-22,269.746858,270.112414,269.306878,269.672332,269.672332,4841466
2010-01-25,269.672332,274.110874,269.274581,273.707172,273.707172,4586771
2010-01-26,273.707172,273.717241,269.736624,269.746547,269.746547,7563114
2010-01-27,269.746547,271.090910,268.728830,270.071966,270.071966,4199159
2010-01-28,270.071966,273.101585,269.302447,272.325645,272.325645,4129224
2010-01-29,272.325645,272.631779,270.466171,270.770557,270.770557,5701838
2010-02-01,270.770557,272.643694,270.009038,271.879057,271.879057,10614167
2010-02-02,271.879057,273.071767,270.920365,272.112252,272.112252,5011233
2010-02-03,272.112252,272.239608,271.859424,271.986722,271.986722,12500243
2010-02-04,271.986722,274.545490,271.687957,274.244245,274.244245,7107020
2010-02-05,274.244245,274.788974,274.097903,274.642419,274.642419,5059120
2010-02-08,274.642419,276.872157,273.429352,275.654619,275.654619,5147953
2010-02-09,275.654619,276.959020,274.478046,275.781903,275.781903,4977133
2010-02-10,275.781903,276.247893,272.942504,273.404476,273.404476,7727324
2010-02-11,273.404476,275.603327,272.754599,274.949776,274.949776,5355330
2010-02-12,274.949776,277.207849,274.882387,277.139924,277.139924,7439001
2010-02-15,277.139924,278.718115,264.594222,266.109601,266.109601,4270209
2010-02-16,266.109601,267.916944,262.834458,264.631764,264.631764,4758120
2010-02-17,264.631764,266.153680,262.288425,263.805589,263.805589,8840929
2010-02-18,263.805589,267.529522,262.551674,266.263922,266.263922,2871688
2010-02-19,266.263922,273.680581,266.109761,273.522218,273.522218,3486751
2010-02-22,273.522218,274.966175,269.108191,270.536385,270.536385,3857238
2010-02-23,270.536385,272.104682,266.846095,268.402019,268.402019,4667057
2010-02-24,268.402019,269.823789,262.330733,263.727743,263.727743,7664147
2010-02-25,263.727743,264.863395,263.499121,264.633987,264.633987,4508299
2010-02-26,264.633987,264.857390,264.301434,264.524744,264.524744,9690763
2010-03-01,264.524744,267.407994,264.000143,266.878725,266.878725,4518630
2010-03-02,266.878725,273.152327,265.426496,271.674005,271.674005,7685994
2010-03-03,271.674005,272.377193,267.673508,268.368140,268.368140,3289988
2010-03-04,268.368140,268.597253,267.991490,268.220477,268.220477,4389091
2010-03-05,268.220477,281.744460,267.887726,281.395364,281.395364,4082608
2010-03-08,281.395364,283.141328,276.223882,277.948460,277.948460,6997131
2010-03-09,277.948460,278.555704,274.505724,275.106760,275.106760,7959469
2010-03-10,275.106760,277.998603,273.489230,276.373624,276.373624,5635669
2010-03-11,276.373624,281.353572,275.997783,280.971478,280.971478,5766242
2010-03-12,280.971478,284.755504,279.297795,283.069324,283.069324,5586162
2010-03-15,283.069324,285.518739,282.729498,285.176384,285.176384,3947036
2010-03-16,285.176384,286.206122,283.016954,284.042598,284.042598,4866179
2010-03-17,284.042598,293.963572,283.751468,293.662582,293.662582,6818126
2010-03-18,293.662582,293.988473,290.079319,290.401591,290.401591,10087790
2010-03-19,290.401591,292.855184,289.611654,292.060734,292.060734,4219769
2010-03-22,292.060734,302.511466,291.207592,301.630371,301.630371,9876707
2010-03-23,301.630371,309.891143,298.404307,306.611801,306.611801,8948325
2010-03-24,306.611801,309.688222,306.201308,309.274165,309.274165,7233039
2010-03-25,309.274165,315.652253,308.537877,314.902566,314.902566,5236256
2010-03-26,314.902566,324.727059,313.772258,323.565656,323.565656,6480608
2010-03-29,323.565656,330.486102,322.406681,329.306563,329.306563,4455965
2010-03-30,329.306563,329.455842,325.807969,325.955729,325.955729,9356945
2010-03-31,325.955729,326.453957,325.232387,325.730271,325.730271,3073243
2010-04-01,325.730271,326.977482,322.957284,324.198631,324.198631,4129376
2010-04-02,324.198631,325.290216,316.003309,317.070895,317.070895,7013245
2010-04-05,317.070895,317.269860,316.263233,316.461817,316.461817,6076563
2010-04-06,316.461817,317.138684,313.059175,313.730199,313.730199,3899081
2010-04-07,313.730199,316.134324,310.212213,312.607737,312.607737,6292809
2010-04-08,312.607737,319.903111,309.381708,316.635517,316.635517,4047032
2010-04-09,316.635517,322.627568,315.797354,321.775799,321.775799,12122140
2010-04-12,321.775799,322.127646,316.296627,316.642861,316.642861,6443804
2010-04-13,316.642861,317.648901,315.816973,316.822544,316.822544,5938995
2010-04-14,316.822544,319.942430,316.238871,319.354093,319.354093,6614090
2010-04-15,319.354093,329.975908,317.990836,328.573296,328.573296,4802121
2010-04-16,328.573296,335.232164,328.222261,334.874397,334.874397,5595828
2010-04-19,334.874397,337.968827,334.240695,337.330476,337.330476,7129090
2010-04-20,337.330476,339.525027,337.191773,339.385479,339.385479,6007749
2010-04-21,339.385479,341.281908,338.369983,340.263785,340.263785,5876342
2010-04-22,340.263785,340.534558,339.181584,339.451711,339.451711,10047830
2010-04-23,339.451711,339.645908,332.078382,332.268470,332.268470,7777298
2010-04-26,332.268470,339.309821,327.983263,334.989522,334.989522,8424711
2010-04-27,334.989522,335.909146,331.544558,332.457231,332.457231,4529389
2010-04-28,332.457231,334.027008,331.020187,332.589392,332.589392,7048227
2010-04-29,332.589392,335.267243,325.500586,328.142634,328.142634,3354738
2010-04-30,328.142634,328.188448,324.614508,324.659836,324.659836,3866723
2010-05-03,324.659836,325.787983,322.863937,323.989755,323.989755,7289389
2010-05-04,323.989755,324.990742,312.906993,313.876735,313.876735,3241383
2010-05-05,313.876735,314.447845,313.711645,314.282542,314.282542,4869238
2010-05-06,314.282542,315.356546,311.343394,312.411002,312.411002,5367798
2010-05-07,312.411002,313.562441,310.828890,311.978736,311.978736,7277555
2010-05-10,311.978736,327.587789,311.269342,326.844592,326.844592,5464677
2010-05-11,326.844592,327.359955,320.738653,321.245187,321.245187,4693627
2010-05-12,321.245187,328.684035,319.345715,326.752003,326.752003,6245454
2010-05-13,326.752003,331.874934,324.198793,329.301800,329.301800,6438774
2010-05-14,329.301800,329.603361,329.014045,329.315594,329.315594,6410901
2010-05-17,329.315594,330.081703,326.853335,327.615489,327.615489,2577556
2010-05-18,327.615489,330.840242,326.149653,329.366571,329.366571,4917624
2010-05-19,329.366571,331.755409,328.930281,331.316536,331.316536,10242226
2010-05-20,331.316536,331.824090,325.186166,325.685093,325.685093,9066929
2010-05-21,325.685093,328.386620,321.579159,324.268940,324.268940,7387452
2010-05-24,324.268940,326.224145,321.183014,323.131360,323.131360,6656474
2010-05-25,323.131360,323.416365,320.922800,321.206106,321.206106,7569477
2010-05-26,321.206106,327.402850,318.729437,324.897717,324.897717,3337480
2010-05-27,324.897717,328.026705,319.549603,322.657012,322.657012,8716792
2010-05-28,322.657012,327.527341,320.318615,325.170727,325.170727,3914484
2010-05-31,325.170727,325.238013,318.642895,318.708844,318.708844,6758970
2010-06-01,318.708844,320.909539,310.438257,312.596748,312.596748,8701739
2010-06-02,312.596748,320.600059,310.651914,318.617765,318.617765,4916361
2010-06-03,318.617765,319.441164,317.479274,318.301857,318.301857,10516146
2010-06-04,318.301857,324.572270,317.822710,324.084419,324.084419,5618581
2010-06-07,324.084419,324.372591,320.361339,320.646454,320.646454,3315610
2010-06-08,320.646454,323.142260,316.333085,318.814633,318.814633,6577257
2010-06-09,318.814633,318.903337,317.152243,317.240509,317.240509,5744151
2010-06-10,317.240509,317.674395,314.976888,315.408268,315.408268,7349680
2010-06-11,315.408268,317.333616,312.736919,314.657686,314.657686,10395383
2010-06-14,314.657686,317.007223,308.311408,310.630877,310.630877,4454675
2010-06-15,310.630877,318.027451,310.217083,317.604368,317.604368,3638170
2010-06-16,317.604368,321.025693,316.188380,319.600805,319.600805,5855665
2010-06-17,319.600805,320.063962,316.391008,316.850179,316.850179,6071271
2010-06-18,316.850179,324.120052,314.546636,321.780664,321.780664,4907977
2010-06-21,321.780664,322.401296,320.470271,321.089570,321.089570,6513737
2010-06-22,321.089570,321.520205,316.643103,317.068345,317.068345,5563489
2010-06-23,317.068345,318.720980,310.975087,312.604456,312.604456,10021522
2010-06-24,312.604456,313.635722,312.291048,313.321596,313.321596,6687485
2010-06-25,313.321596,314.141423,308.879947,309.690273,309.690273,15641872
2010-06-28,309.690273,312.632324,309.631742,312.573247,312.573247,7001908
2010-06-29,312.573247,312.615475,306.567106,306.608528,306.608528,6406805
2010-06-30,306.608528,313.406163,305.542913,312.320696,312.320696,6000609
2010-07-01,312.320696,313.105035,305.026062,305.794011,305.794011,3901152
2010-07-02,305.794011,305.861174,299.012949,299.078638,299.078638,5978228
2010-07-05,299.078638,299.645612,296.485149,297.048275,297.048275,8000495
2010-07-06,297.048275,300.208844,291.061824,294.192002,294.192002,3290438
2010-07-07,294.192002,295.478610,293.884317,295.169902,295.169902,3684636
2010-07-08,295.169902,296.323391,288.434115,289.565703,289.565703,3662502
2010-07-09,289.565703,290.793714,288.527911,289.755242,289.755242,9278468
2010-07-12,289.755242,295.035213,288.395206,293.656863,293.656863,6078338
2010-07-13,293.656863,297.378589,293.044470,296.759726,296.759726,6028068
2010-07-14,296.759726,298.893024,289.327211,291.422140,291.422140,6815884
2010-07-15,291.422140,292.883050,289.945069,291.405898,291.405898,8005032
2010-07-16,291.405898,292.767692,290.704784,292.064992,292.064992,4571587
2010-07-19,292.064992,295.268099,291.203947,294.400169,294.400169,7984703
2010-07-20,294.400169,299.285514,293.538668,298.412273,298.412273,6348318
2010-07-21,298.412273,306.975642,298.348318,306.909866,306.909866,6491828
2010-07-22,306.909866,314.408234,305.278930,312.746283,312.746283,4882361
2010-07-23,312.746283,313.773454,310.412616,311.435483,311.435483,3861725
2010-07-26,311.435483,313.598211,303.372935,305.494406,305.494406,6788480
2010-07-27,305.494406,307.382566,304.592135,306.477392,306.477392,8477056
2010-07-28,306.477392,313.902180,305.244628,312.644609,312.644609,9239067
2010-07-29,312.644609,318.289774,312.429417,318.070847,318.070847,4647226
2010-07-30,318.070847,325.213950,317.959498,325.100140,325.100140,7145878
2010-08-02,325.100140,326.066033,318.614089,319.563532,319.563532,5437026
2010-08-03,319.563532,329.493441,318.507521,328.408202,328.408202,10306474
2010-08-04,328.408202,330.534889,318.067551,320.140700,320.140700,5997037
2010-08-05,320.140700,321.229462,316.234482,317.313629,317.313629,5438588
2010-08-06,317.313629,320.094945,315.258616,318.035258,318.035258,4047067
2010-08-09,318.035258,326.644138,316.512577,325.087692,325.087692,5417887
2010-08-10,325.087692,325.512995,316.786270,317.201255,317.201255,4093723
2010-08-11,317.201255,317.430903,314.710192,314.938201,314.938201,5003570
2010-08-12,314.938201,316.533400,306.721837,308.283328,308.283328,6198040
2010-08-13,308.283328,309.706524,307.688932,309.110533,309.110533,3353178
2010-08-16,309.110533,309.460745,308.461467,308.811340,308.811340,13550029
2010-08-17,308.811340,310.508679,305.451868,307.140021,307.140021,4606577
2010-08-18,307.140021,309.941766,306.746262,309.544923,309.544923,5285741
2010-08-19,309.544923,321.467530,308.409791,320.292984,320.292984,5161569
2010-08-20,320.292984,322.967643,319.495048,322.165044,322.165044,6801826
2010-08-23,322.165044,328.450147,321.086138,327.353864,327.353864,6182897
2010-08-24,327.353864,328.421974,325.730507,326.796798,326.796798,4622602
2010-08-25,326.796798,329.028535,326.585950,328.816385,328.816385,6331898
2010-08-26,328.816385,329.359929,328.797996,329.341511,329.341511,8743973
2010-08-27,329.341511,333.849856,327.624057,332.117923,332.117923,4422711
2010-08-30,332.117923,332.915904,325.191834,325.975056,325.975056,7054104
2010-08-31,325.975056,335.096741,325.065440,334.164273,334.164273,5708566
2010-09-01,334.164273,334.649363,334.163803,334.648893,334.648893,6738159
2010-09-02,334.648893,336.678229,333.125194,335.152239,335.152239,8793753
2010-09-03,335.152239,337.999923,334.528462,337.372014,337.372014,5186911
2010-09-06,337.372014,342.569809,335.723438,340.903974,340.903974,5148031
2010-09-07,340.903974,342.217504,333.694725,334.985450,334.985450,4997709
2010-09-08,334.985450,335.920312,325.325905,326.236350,326.236350,10667487
2010-09-09,326.236350,326.447588,313.288078,313.491063,313.491063,4497373
2010-09-10,313.491063,325.878080,312.805007,325.166474,325.166474,7407861
2010-09-13,325.166474,331.320003,324.880690,331.029066,331.029066,9700590
2010-09-14,331.029066,332.329522,326.932222,328.221648,328.221648,5826611
2010-09-15,328.221648,328.976583,325.317991,326.067972,326.067972,6405939
2010-09-16,326.067972,328.293104,325.097178,327.318586,327.318586,5873941
2010-09-17,327.318586,328.545645,327.107056,328.333459,328.333459,5372714
2010-09-20,328.333459,329.844829,327.206243,328.716299,328.716299,3947039
2010-09-21,328.716299,335.022230,327.718209,334.008072,334.008072,6228932
2010-09-22,334.008072,334.881158,330.024459,330.889393,330.889393,2710711
2010-09-23,330.889393,334.846176,330.508899,334.461574,334.461574,4977890
2010-09-24,334.461574,335.172739,328.313563,329.013142,329.013142,2744615
2010-09-27,329.013142,329.396726,327.213251,327.595181,327.595181,5919505
2010-09-28,327.595181,330.650765,326.302187,329.350842,329.350842,3479301
2010-09-29,329.350842,336.135403,328.281277,335.047339,335.047339,3507322
2010-09-30,335.047339,336.312500,332.702698,333.963767,333.963767,6334223
2010-10-01,333.963767,337.978925,332.179235,336.182537,336.182537,9371577
2010-10-04,336.182537,336.654564,335.007242,335.478280,335.478280,3568077
2010-10-05,335.478280,336.806262,330.835422,332.150231,332.150231,5396502
2010-10-06,332.150231,336.431245,331.873520,336.151201,336.151201,4303291
2010-10-07,336.151201,336.600390,334.502503,334.950087,334.950087,7611039
2010-10-08,334.950087,335.075705,330.040223,330.164045,330.164045,13650235
2010-10-11,330.164045,331.989818,323.880389,325.681373,325.681373,7749783
2010-10-12,325.681373,330.672969,324.604487,329.583182,329.583182,5302233
2010-10-13,329.583182,338.498279,328.725132,337.619308,337.619308,4330279
2010-10-14,337.619308,340.925978,335.952506,339.251119,339.251119,9608822
2010-10-15,339.251119,342.013841,336.080655,338.840029,338.840029,7221210
2010-10-18,338.840029,339.887242,335.089563,336.128396,336.128396,2040873
2010-10-19,336.128396,342.883958,335.271290,342.011851,342.011851,11133679
2010-10-20,342.011851,343.069880,331.444706,332.473228,332.473228,6570981
2010-10-21,332.473228,336.801604,331.060491,335.376530,335.376530,4280306
2010-10-22,335.376530,335.662865,334.221469,334.507061,334.507061,5139719
2010-10-25,334.507061,339.954513,333.705520,339.141866,339.141866,5937332
2010-10-26,339.141866,345.267431,337.528842,343.633047,343.633047,2875596
2010-10-27,343.633047,347.037398,342.096213,345.492249,345.492249,6178026
2010-10-28,345.492249,347.027094,341.868581,343.394105,343.394105,4370300
2010-10-29,343.394105,343.863876,339.076651,339.541151,339.541151,4188953
2010-11-01,339.541151,343.278105,337.561449,341.288216,341.288216,4919217
2010-11-02,341.288216,341.784334,339.034639,339.528198,339.528198,9131684
2010-11-03,339.528198,343.174424,336.105560,339.749554,339.749554,3423068
2010-11-04,339.749554,350.317122,337.293632,347.802984,347.802984,4911263
2010-11-05,347.802984,349.697627,346.692349,348.584496,348.584496,4487875
2010-11-08,348.584496,348.652669,340.509373,340.575980,340.575980,7915562
2010-11-09,340.575980,341.449280,340.352063,341.224937,341.224937,4030879
2010-11-10,341.224937,353.839295,339.828674,352.397316,352.397316,4964753
2010-11-11,352.397316,352.724307,349.900049,350.225025,350.225025,7788054
2010-11-12,350.225025,350.466417,341.977614,342.213484,342.213484,3598095
2010-11-15,342.213484,342.384278,335.914799,336.082534,336.082534,8715145
2010-11-16,336.082534,339.617748,335.080098,338.607780,338.607780,4371400
2010-11-17,338.607780,341.306410,336.430941,339.126238,339.126238,7969743
2010-11-18,339.126238,340.229418,338.370878,339.473284,339.473284,6809788
2010-11-19,339.473284,346.250654,336.376909,343.121008,343.121008,13915976
2010-11-22,343.121008,348.724406,342.073780,347.663315,347.663315,3984155
2010-11-23,347.663315,361.790020,346.367665,360.446729,360.446729,4592329
2010-11-24,360.446729,362.111188,360.136227,361.799521,361.799521,6423699
2010-11-25,361.799521,362.142319,352.395025,352.729229,352.729229,5431633
2010-11-26,352.729229,360.635434,351.640759,359.525990,359.525990,3120759
2010-11-29,359.525990,361.773656,355.023274,357.256753,357.256753,5495074
2010-11-30,357.256753,358.056050,354.341562,355.136115,355.136115,5376676
2010-12-01,355.136115,358.851536,352.020157,355.730365,355.730365,4321145
2010-12-02,355.730365,357.065845,354.763661,356.098142,356.098142,3897919
2010-12-03,356.098142,359.718263,350.942624,354.546976,354.546976,8135763
2010-12-06,354.546976,362.108049,354.496842,362.056853,362.056853,8476166
2010-12-07,362.056853,364.855677,360.346089,363.139796,363.139796,3977152
2010-12-08,363.139796,366.159062,358.373502,361.378120,361.378120,7382030
2010-12-09,361.378120,363.280317,360.906777,362.807110,362.807110,8040670
2010-12-10,362.807110,364.889461,361.131846,363.212325,363.212325,4211651
2010-12-13,363.212325,365.078539,353.403155,355.228347,355.228347,5697539
2010-12-14,355.228347,357.442124,350.800342,353.000234,353.000234,2852191
2010-12-15,353.000234,356.735225,352.192172,355.920478,355.920478,6135860
2010-12-16,355.920478,365.898225,352.261724,362.175174,362.175174,5816164
2010-12-17,362.175174,362.299321,357.973164,358.095913,358.095913,3325316
2010-12-20,358.095913,360.680615,352.273457,354.834620,354.834620,5188510
2010-12-21,354.834620,358.522662,351.715688,355.398771,355.398771,5668457
2010-12-22,355.398771,356.210653,353.408662,354.217846,354.217846,5385653
2010-12-23,354.217846,354.252488,349.793386,349.827599,349.827599,7868726
2010-12-24,349.827599,351.390348,346.423604,347.978090,347.978090,5925484
2010-12-27,347.978090,348.819090,347.183067,348.023962,348.023962,6899898
2010-12-28,348.023962,353.301824,347.573395,352.845015,352.845015,5569958
2010-12-29,352.845015,353.173338,351.208504,351.535609,351.535609,12119522
2010-12-30,351.535609,362.283386,350.418066,361.135325,361.135325,10164825
2010-12-31,361.135325,362.533982,354.322873,355.700480,355.700480,6225057
2011-01-03,355.700480,356.595972,353.068131,353.959239,353.959239,6392011
2011-01-04,353.959239,354.670931,349.493964,350.198094,350.198094,5651871
2011-01-05,350.198094,357.742308,348.992530,356.514997,356.514997,8410191
2011-01-06,356.514997,361.373281,355.033729,359.878041,359.878041,5746312
2011-01-07,359.878041,364.947007,357.712194,362.763793,362.763793,4474092
2011-01-10,362.763793,364.767903,357.022515,359.005863,359.005863,7573296
2011-01-11,359.005863,360.753076,358.563078,360.308684,360.308684,6905943
2011-01-12,360.308684,362.049438,354.187682,355.907171,355.907171,6820062
2011-01-13,355.907171,358.913487,355.217272,358.219106,358.219106,7674315
2011-01-14,358.219106,358.823473,354.040882,354.639208,354.639208,7427596
2011-01-17,354.639208,355.956701,353.298973,354.616381,354.616381,5433594
2011-01-18,354.616381,356.570952,351.132589,353.078685,353.078685,6222691
2011-01-19,353.078685,361.016173,352.356995,360.279764,360.279764,6221628
2011-01-20,360.279764,361.756874,357.534877,359.006768,359.006768,5334574
2011-01-21,359.006768,362.917238,357.565449,361.466046,361.466046,3424854
2011-01-24,361.466046,362.289543,361.409436,362.232813,362.232813,11488205
2011-01-25,362.232813,362.939343,357.237051,357.935199,357.935199,5889660
2011-01-26,357.935199,359.371730,347.785283,349.186703,349.186703,4377524
2011-01-27,349.186703,351.617985,345.538101,347.960848,347.960848,5072582
2011-01-28,347.960848,348.708607,343.920059,344.660726,344.660726,6357298
2011-01-31,344.660726,350.302031,343.279367,348.903666,348.903666,3340914
2011-02-01,348.903666,348.914127,345.159847,345.170196,345.170196,3891894
2011-02-02,345.170196,347.149543,337.220727,339.165642,339.165642,5836745
2011-02-03,339.165642,339.263969,332.189269,332.285601,332.285601,8441876
2011-02-04,332.285601,334.251188,331.061485,333.024350,333.024350,12504899
2011-02-07,333.024350,334.942713,330.433917,332.348385,332.348385,6384216
2011-02-08,332.348385,333.155272,331.668771,332.475399,332.475399,8801755
2011-02-09,332.475399,333.549617,326.512121,327.570491,327.570491,4938862
2011-02-10,327.570491,335.502818,325.313802,333.207296,333.207296,3566631
2011-02-11,333.207296,334.127170,330.852596,331.768498,331.768498,3602883
2011-02-14,331.768498,332.715386,331.461544,332.407840,332.407840,4392340
2011-02-15,332.407840,338.898815,332.130487,338.616281,338.616281,8141594
2011-02-16,338.616281,348.972626,337.720956,348.052352,348.052352,11713256
2011-02-17,348.052352,352.783371,346.670854,351.388631,351.388631,3387172
2011-02-18,351.388631,353.064510,349.780911,351.456479,351.456479,8778747
2011-02-21,351.456479,353.559392,348.626628,350.725165,350.725165,4870623
2011-02-22,350.725165,355.086823,349.916587,354.270072,354.270072,5444673
2011-02-23,354.270072,359.842056,352.146121,357.697556,357.697556,3297502
2011-02-24,357.697556,361.423636,356.834568,360.553757,360.553757,2296582
2011-02-25,360.553757,370.389171,359.861489,369.679381,369.679381,6082705
2011-02-28,369.679381,379.287391,368.947026,378.537488,378.537488,6419697
2011-03-01,378.537488,378.749065,373.256880,373.465623,373.465623,9043210
2011-03-02,373.465623,379.390057,373.172899,379.092923,379.092923,3783937
2011-03-03,379.092923,380.535757,372.950703,374.375582,374.375582,5698008
2011-03-04,374.375582,385.605725,372.371472,383.552489,383.552489,10842998
2011-03-07,383.552489,384.834659,382.311172,383.593210,383.593210,4587011
2011-03-08,383.593210,385.526126,383.334313,385.266100,385.266100,3965208
2011-03-09,385.266100,386.721626,373.413772,374.829870,374.829870,8065205
2011-03-10,374.829870,390.356129,374.650029,390.168927,390.168927,7424514
2011-03-11,390.168927,401.559177,389.060394,400.421514,400.421514,3662166
2011-03-14,400.421514,400.700790,393.116025,393.390396,393.390396,8083102
2011-03-15,393.390396,396.502541,389.311020,392.415452,392.415452,3817514
2011-03-16,392.415452,396.984354,388.899528,393.459080,393.459080,6237124
2011-03-17,393.459080,396.383903,392.905451,395.826942,395.826942,4785472
2011-03-18,395.826942,400.090578,394.059600,398.312139,398.312139,5337472
2011-03-21,398.312139,398.681115,392.157006,392.520617,392.520617,8981656
2011-03-22,392.520617,397.758946,390.692591,395.915111,395.915111,4313992
2011-03-23,395.915111,398.916305,393.677122,396.674027,396.674027,6625991
2011-03-24,396.674027,396.903707,392.985005,393.212681,393.212681,3870060
2011-03-25,393.212681,407.643062,391.835046,406.219857,406.219857,5446891
2011-03-28,406.219857,410.491198,404.753188,409.014439,409.014439,7195577
2011-03-29,409.014439,411.685996,408.966426,411.637675,411.637675,7269795
2011-03-30,411.637675,412.659021,403.894074,404.898699,404.898699,5098462
2011-03-31,404.898699,405.209334,402.606335,402.915449,402.915449,5098016
2011-04-01,402.915449,405.697226,397.291956,400.053978,400.053978,6348365
2011-04-04,400.053978,407.910808,399.522118,407.369223,407.369223,6235454
2011-04-05,407.369223,407.739139,401.874164,402.239421,402.239421,19561238
2011-04-06,402.239421,404.456866,400.140311,402.357142,402.357142,8879796
2011-04-07,402.357142,411.073079,400.198243,408.879185,408.879185,6254421
2011-04-08,408.879185,410.948361,407.129616,409.197430,409.197430,6144015
2011-04-11,409.197430,416.557098,408.745243,416.097286,416.097286,3764715
2011-04-12,416.097286,426.900828,415.959995,426.760019,426.760019,10533307
2011-04-13,426.760019,437.128414,424.343902,434.667529,434.667529,4782453
2011-04-14,434.667529,437.140204,422.656865,425.074972,425.074972,4904745
2011-04-15,425.074972,425.541788,417.694102,418.153316,418.153316,3691768
2011-04-18,418.153316,418.667373,412.073642,412.580848,412.580848,5163216
2011-04-19,412.580848,413.078864,407.806028,408.298876,408.298876,4134517
2011-04-20,408.298876,426.030864,407.932314,425.648726,425.648726,4926120
2011-04-21,425.648726,426.789473,419.428932,420.556031,420.556031,8858429
2011-04-22,420.556031,424.647993,420.346590,424.436619,424.436619,5680203
2011-04-25,424.436619,426.782731,422.742043,425.085564,425.085564,7800731
2011-04-26,425.085564,427.630856,410.310278,412.781899,412.781899,4689138
2011-04-27,412.781899,415.562189,406.569894,409.326912,409.326912,8080096
2011-04-28,409.326912,428.579521,406.525043,425.665811,425.665811,4290868
2011-04-29,425.665811,440.325444,425.007728,439.645748,439.645748,10727568
2011-05-02,439.645748,441.218424,433.522596,435.078936,435.078936,13602792
2011-05-03,435.078936,437.231487,429.520864,431.656483,431.656483,5534971
2011-05-04,431.656483,437.227213,431.252814,436.818718,436.818718,7720201
2011-05-05,436.818718,442.705005,436.386719,442.267617,442.267617,5129471
2011-05-06,442.267617,446.392210,438.264914,442.388413,442.388413,5586498
2011-05-09,442.388413,445.210675,434.960920,437.753613,437.753613,7680001
2011-05-10,437.753613,439.445809,426.298853,427.953164,427.953164,5430969
2011-05-11,427.953164,431.448834,427.840851,431.335633,431.335633,4546554
2011-05-12,431.335633,431.609773,430.602071,430.875920,430.875920,6078608
2011-05-13,430.875920,435.117773,429.283245,433.515342,433.515342,7498042
2011-05-16,433.515342,434.895057,428.453233,429.821191,429.821191,6631929
2011-05-17,429.821191,431.406911,418.701644,420.252061,420.252061,7243634
2011-05-18,420.252061,429.512758,416.921436,426.135505,426.135505,9587824
2011-05-19,426.135505,426.259020,424.595512,424.718617,424.718617,3835312
2011-05-20,424.718617,426.670809,418.028013,419.958325,419.958325,6506454
2011-05-23,419.958325,426.944690,418.265296,425.230407,425.230407,13319535
2011-05-24,425.230407,434.775179,422.511705,432.013113,432.013113,7282325
2011-05-25,432.013113,436.038047,422.477429,426.450539,426.450539,4302553
2011-05-26,426.450539,436.193478,425.374589,435.095715,435.095715,4471012
2011-05-27,435.095715,435.214907,426.299759,426.416573,426.416573,3081364
2011-05-30,426.416573,428.130893,419.835975,421.530652,421.530652,5428604
2011-05-31,421.530652,422.543068,420.571294,421.583590,421.583590,6541518
2011-06-01,421.583590,426.132998,420.551934,425.092755,425.092755,2879231
2011-06-02,425.092755,429.324348,422.959696,427.180811,427.180811,4062271
2011-06-03,427.180811,431.792383,426.804507,431.412352,431.412352,5842901
2011-06-06,431.412352,432.645272,430.462175,431.694474,431.694474,6738200
2011-06-07,431.694474,432.334855,429.279480,429.917224,429.917224,7667151
2011-06-08,429.917224,443.299092,428.092575,441.425598,441.425598,7682405
2011-06-09,441.425598,445.907996,438.055632,442.529602,442.529602,3901889
2011-06-10,442.529602,445.320405,439.578097,442.367880,442.367880,5850656
2011-06-13,442.367880,444.432743,425.492464,427.487871,427.487871,3117297
2011-06-14,427.487871,434.217875,427.151582,433.876560,433.876560,7544064
2011-06-15,433.876560,433.889064,430.565753,430.578162,430.578162,6576970
2011-06-16,430.578162,435.309166,430.150791,434.877527,434.877527,5176868
2011-06-17,434.877527,438.277628,433.902269,437.296945,437.296945,6951047
2011-06-20,437.296945,438.189254,437.188270,438.080384,438.080384,9785398
2011-06-21,438.080384,440.055226,437.331724,439.304474,439.304474,6435303
2011-06-22,439.304474,442.736896,438.640092,442.068334,442.068334,7386959
2011-06-23,442.068334,443.521075,440.512520,441.964921,441.964921,6854036
2011-06-24,441.964921,443.302692,438.422237,439.753314,439.753314,6532226
2011-06-27,439.753314,440.441174,435.203780,435.885590,435.885590,7416728
2011-06-28,435.885590,439.141084,435.014218,438.264956,438.264956,6050970
2011-06-29,438.264956,440.219616,433.514422,435.456556,435.456556,4913118
2011-06-30,435.456556,441.375934,434.527963,440.436721,440.436721,6458424
2011-07-01,440.436721,458.606524,438.711010,456.816634,456.816634,6978538
2011-07-04,456.816634,472.410949,454.121622,469.640284,469.640284,8094848
2011-07-05,469.640284,472.747479,466.136839,469.241395,469.241395,3690851
2011-07-06,469.241395,469.308257,462.093953,462.159806,462.159806,10712474
2011-07-07,462.159806,463.331546,453.957560,455.111430,455.111430,6879261
2011-07-08,455.111430,458.719256,453.648861,457.249815,457.249815,6958154
2011-07-11,457.249815,457.994102,451.532305,452.268484,452.268484,11662898
2011-07-12,452.268484,456.873072,449.102649,453.697237,453.697237,4385599
2011-07-13,453.697237,456.528938,453.041336,455.869897,455.869897,7893565
2011-07-14,455.869897,456.569328,455.827029,456.526399,456.526399,5438289
2011-07-15,456.526399,457.523618,456.397244,457.394217,457.394217,4947094
2011-07-18,457.394217,458.036693,449.174632,449.806450,449.806450,3502856
2011-07-19,449.806450,450.446270,449.398966,450.038576,450.038576,8682688
2011-07-20,450.038576,454.728640,449.669935,454.356462,454.356462,4392535
2011-07-21,454.356462,456.164544,443.395836,445.167350,445.167350,4113681
2011-07-22,445.167350,447.130176,440.535568,442.486573,442.486573,5595017
2011-07-25,442.486573,444.610805,440.535466,442.658938,442.658938,4945894
2011-07-26,442.658938,444.293137,432.611587,434.214612,434.214612,9515595
2011-07-27,434.214612,436.689775,433.640480,436.113134,436.113134,9617651
2011-07-28,436.113134,448.291721,435.514427,447.677139,447.677139,6500132
2011-07-29,447.677139,449.890185,442.110769,444.307156,444.307156,5936235
2011-08-01,444.307156,450.613300,440.865825,447.149950,447.149950,4760260
2011-08-02,447.149950,448.631454,437.406258,438.860296,438.860296,7667400
2011-08-03,438.860296,439.101386,438.040289,438.281061,438.281061,7301714
2011-08-04,438.281061,439.420989,437.993109,439.132478,439.132478,5913814
2011-08-05,439.132478,440.770595,434.910687,436.539131,436.539131,7049719
2011-08-08,436.539131,442.089055,436.089349,441.634024,441.634024,2781225
2011-08-09,441.634024,446.270683,440.160857,444.786999,444.786999,12983307
2011-08-10,444.786999,459.921406,444.051139,459.161764,459.161764,5869181
2011-08-11,459.161764,463.364597,454.201398,458.397233,458.397233,3090573
2011-08-12,458.397233,460.255822,447.412863,449.234301,449.234301,5904022
2011-08-15,449.234301,450.906189,445.216856,446.879983,446.879983,5158145
2011-08-16,446.879983,448.891545,441.871988,443.870001,443.870001,4287388
2011-08-17,443.870001,449.348590,440.692440,446.154674,446.154674,7645941
2011-08-18,446.154674,465.146192,444.234275,463.152628,463.152628,6004815
2011-08-19,463.152628,463.664926,455.829825,456.334582,456.334582,6656403
2011-08-22,456.334582,462.235508,453.071798,458.953995,458.953995,6301928
2011-08-23,458.953995,460.122770,458.654053,459.822260,459.822260,3277024
2011-08-24,459.822260,460.558649,454.144523,454.872986,454.872986,4143689
2011-08-25,454.872986,455.665318,452.737356,453.527345,453.527345,2614335
2011-08-26,453.527345,454.118725,447.987085,448.572004,448.572004,4156802
2011-08-29,448.572004,456.423636,446.810073,454.637879,454.637879,5620142
2011-08-30,454.637879,456.701683,453.544450,455.605926,455.605926,4715799
2011-08-31,455.605926,456.092205,448.975140,449.454854,449.454854,4370463
2011-09-01,449.454854,451.086860,445.533800,447.157465,447.157465,7152013
2011-09-02,447.157465,447.791870,443.997100,444.627916,444.627916,5205720
2011-09-05,444.627916,447.212047,436.455580,439.007043,439.007043,5009378
2011-09-06,439.007043,445.594628,437.284785,443.853357,443.853357,6747293
2011-09-07,443.853357,459.088818,441.166987,456.326953,456.326953,6183841
2011-09-08,456.326953,460.415672,455.677483,459.761315,459.761315,8046566
2011-09-09,459.761315,462.245946,456.212941,458.691792,458.691792,6826385
2011-09-12,458.691792,470.207057,455.703185,467.163255,467.163255,6665619
2011-09-13,467.163255,467.228090,463.653486,463.717843,463.717843,7416191
2011-09-14,463.717843,465.394786,460.598161,462.269868,462.269868,5552556
2011-09-15,462.269868,462.807064,459.314227,459.848610,459.848610,6554289
2011-09-16,459.848610,469.233082,457.943898,467.297517,467.297517,4515344
2011-09-19,467.297517,467.833132,462.711609,463.242577,463.242577,7886842
2011-09-20,463.242577,463.705366,455.917197,456.373122,456.373122,4871449
2011-09-21,456.373122,459.634265,454.921100,458.176505,458.176505,3909640
2011-09-22,458.176505,459.348683,446.075023,447.219168,447.219168,7502623
2011-09-23,447.219168,448.694659,443.658301,445.126889,445.126889,9051940
2011-09-26,445.126889,448.657009,439.296953,442.808688,442.808688,8994857
2011-09-27,442.808688,445.754596,434.670669,437.581803,437.581803,4381041
2011-09-28,437.581803,441.355892,431.811789,435.568513,435.568513,9734937
2011-09-29,435.568513,438.477916,415.172606,417.964421,417.964421,4997347
2011-09-30,417.964421,422.593328,417.880208,422.508199,422.508199,7533501
2011-10-03,422.508199,425.727801,420.632083,423.845746,423.845746,9480671
2011-10-04,423.845746,424.430386,416.000513,416.575124,416.575124,3101726
2011-10-05,416.575124,419.078737,415.443074,417.942970,417.942970,5007564
2011-10-06,417.942970,419.858508,414.450956,416.359236,416.359236,5274986
2011-10-07,416.359236,420.257822,413.767083,417.657586,417.657586,3988735
2011-10-10,417.657586,417.998517,417.557697,417.898570,417.898570,5686046
2011-10-11,417.898570,427.457322,417.329301,426.875825,426.875825,8841202
2011-10-12,426.875825,428.750424,426.091500,427.964100,427.964100,6310803
2011-10-13,427.964100,434.694691,426.683476,433.397809,433.397809,4628705
2011-10-14,433.397809,442.288536,432.972563,441.854992,441.854992,8891630
2011-10-17,441.854992,459.511665,441.353062,458.990270,458.990270,5155711
2011-10-18,458.990270,466.092074,456.637266,463.714850,463.714850,2591445
2011-10-19,463.714850,464.358759,461.177438,461.818714,461.818714,10474128
2011-10-20,461.818714,471.381206,460.102790,469.636236,469.636236,9840629
2011-10-21,469.636236,471.049920,466.923433,468.333194,468.333194,3509861
2011-10-24,468.333194,479.619165,466.830949,478.085637,478.085637,10260167
2011-10-25,478.085637,489.031414,477.121664,488.047354,488.047354,6685473
2011-10-26,488.047354,488.727985,485.254264,485.931945,485.931945,7978974
2011-10-27,485.931945,487.465775,484.168505,485.701609,485.701609,4398928
2011-10-28,485.701609,487.456819,478.736062,480.472375,480.472375,4351208
2011-10-31,480.472375,482.078970,457.910438,459.446727,459.446727,6787751
2011-11-01,459.446727,459.711359,458.002380,458.266332,458.266332,7153293
2011-11-02,458.266332,459.880811,456.116006,457.728591,457.728591,7209670
2011-11-03,457.728591,461.019524,457.494108,460.783476,460.783476,9148542
2011-11-04,460.783476,462.128835,454.133047,455.462872,455.462872,6162631
2011-11-07,455.462872,464.831424,454.865927,464.222998,464.222998,7099909
2011-11-08,464.222998,465.435232,454.624529,455.814807,455.814807,5466681
2011-11-09,455.814807,470.185073,451.730351,466.009267,466.009267,5211967
2011-11-10,466.009267,467.411565,458.550209,459.934227,459.934227,4034933
2011-11-11,459.934227,463.562964,459.556232,463.182300,463.182300,8409132
2011-11-14,463.182300,467.445183,459.467456,463.725978,463.725978,6442610
2011-11-15,463.725978,472.645118,463.532290,472.447786,472.447786,6537953
2011-11-16,472.447786,474.883125,464.169679,466.574744,466.574744,5285772
2011-11-17,466.574744,472.092063,459.282727,464.778810,464.778810,6380851
2011-11-18,464.778810,465.235600,464.090979,464.547542,464.547542,4985217
2011-11-21,464.547542,466.490362,455.143136,457.054619,457.054619,8240255
2011-11-22,457.054619,458.427629,456.115030,457.487151,457.487151,4347516
2011-11-23,457.487151,457.576612,454.707284,454.796218,454.796218,2408105
2011-11-24,454.796218,459.384668,452.376964,456.953936,456.953936,6084396
2011-11-25,456.953936,457.729040,450.998023,451.764324,451.764324,4753511
2011-11-28,451.764324,454.336679,447.646497,450.210001,450.210001,5702711
2011-11-29,450.210001,451.039284,435.147780,435.950799,435.950799,8277538
2011-11-30,435.950799,436.907382,432.912334,433.864340,433.864340,4122272
2011-12-01,433.864340,435.863864,423.029887,424.988506,424.988506,5192332
2011-12-02,424.988506,428.098457,423.598633,426.702977,426.702977,5372893
2011-12-05,426.702977,428.117969,407.835452,409.192377,409.192377,5323911
2011-12-06,409.192377,410.662027,395.673231,397.099448,397.099448,5117344
2011-12-07,397.099448,399.736770,396.293328,398.926940,398.926940,4947071
2011-12-08,398.926940,409.565229,395.458614,406.035104,406.035104,5459030
2011-12-09,406.035104,413.993364,402.241888,410.161598,410.161598,6040788
2011-12-12,410.161598,411.998694,400.494543,402.296411,402.296411,4260597
2011-12-13,402.296411,406.106606,402.032599,405.840471,405.840471,6941185
2011-12-14,405.840471,407.256776,402.592254,404.002144,404.002144,10000535
2011-12-15,404.002144,406.413380,401.806363,404.216435,404.216435,5107116
2011-12-16,404.216435,404.803974,397.078164,397.656167,397.656167,8186092
2011-12-19,397.656167,399.000403,395.438806,396.780081,396.780081,9728107
2011-12-20,396.780081,404.512675,395.873530,403.590564,403.590564,5793121
2011-12-21,403.590564,410.552111,401.863377,408.802619,408.802619,5292622
2011-12-22,408.802619,414.490606,407.904689,413.582178,413.582178,6721231
2011-12-23,413.582178,427.564763,412.814470,426.772570,426.772570,6220420
2011-12-26,426.772570,433.549471,424.211455,430.963208,430.963208,2572992
2011-12-27,430.963208,431.423688,425.116693,425.571413,425.571413,3315466
2011-12-28,425.571413,425.847846,424.524497,424.800430,424.800430,4479058
2011-12-29,424.800430,426.781053,422.167212,424.144779,424.144779,4924015
2011-12-30,424.144779,426.136761,419.299201,421.277718,421.277718,5909083
2012-01-02,421.277718,440.650198,419.743479,439.051229,439.051229,8503748
2012-01-03,439.051229,445.628716,436.678520,443.233406,443.233406,3989857
2012-01-04,443.233406,443.253054,432.702997,432.722179,432.722179,4155152
2012-01-05,432.722179,442.730123,429.594849,439.553422,439.553422,8966806
2012-01-06,439.553422,441.398322,437.725213,439.570044,439.570044,9240612
2012-01-09,439.570044,441.939595,439.023952,441.391240,441.391240,3259964
2012-01-10,441.391240,442.076125,434.113818,434.788457,434.788457,6826675
2012-01-11,434.788457,442.243753,432.090043,439.515998,439.515998,6266444
2012-01-12,439.515998,440.526388,422.871535,423.845901,423.845901,4364260
2012-01-13,423.845901,424.796223,423.097554,424.047520,424.047520,4165894
2012-01-16,424.047520,424.373467,417.076075,417.396910,417.396910,11417529
2012-01-17,417.396910,422.720372,417.395099,422.718538,422.718538,6303052
2012-01-18,422.718538,424.688941,421.190755,423.159565,423.159565,6481229
2012-01-19,423.159565,423.260455,422.859774,422.960616,422.960616,8295394
2012-01-20,422.960616,423.958791,420.455247,421.449856,421.449856,5464335
2012-01-23,421.449856,424.498901,418.178184,421.225607,421.225607,3049684
2012-01-24,421.225607,422.091539,414.251337,415.104686,415.104686,4548734
2012-01-25,415.104686,416.160656,407.733358,408.773221,408.773221,6953440
2012-01-26,408.773221,409.508117,406.905986,407.638843,407.638843,6745314
2012-01-27,407.638843,412.053390,407.524205,411.937543,411.937543,7698089
2012-01-30,411.937543,412.863315,406.280457,407.195572,407.195572,5740278
2012-01-31,407.195572,411.271508,392.638680,396.608643,396.608643,5566080
2012-02-01,396.608643,397.779653,391.583081,392.742677,392.742677,3620501
2012-02-02,392.742677,406.624693,391.359988,405.198153,405.198153,8529221
2012-02-03,405.198153,413.733668,404.201168,412.718180,412.718180,4886588
2012-02-06,412.718180,415.256070,408.420419,410.947421,410.947421,6397028
2012-02-07,410.947421,415.600870,410.670984,415.321491,415.321491,5508169
2012-02-08,415.321491,416.657820,407.073322,408.387340,408.387340,5871050
2012-02-09,408.387340,410.149676,407.678587,409.439097,409.439097,4622308
2012-02-10,409.439097,409.982727,406.487049,407.027477,407.027477,3695221
2012-02-13,407.027477,408.923865,405.466638,407.361744,407.361744,6390548
2012-02-14,407.361744,407.487250,394.194559,394.316045,394.316045,4327398
2012-02-15,394.316045,401.281244,393.711274,400.666732,400.666732,4698884
2012-02-16,400.666732,403.290846,393.728015,396.323685,396.323685,4113891
2012-02-17,396.323685,396.955071,394.244662,394.873738,394.873738,8485621
2012-02-20,394.873738,396.857546,391.166177,393.141282,393.141282,4645371
2012-02-21,393.141282,393.706172,386.169497,386.725168,386.725168,3775503
2012-02-22,386.725168,389.065665,380.719216,383.037394,383.037394,2785763
2012-02-23,383.037394,391.228530,382.782270,390.968125,390.968125,6749517
2012-02-24,390.968125,390.974290,388.129919,388.136040,388.136040,5231689
2012-02-27,388.136040,390.135080,386.260921,388.259366,388.259366,4348463
2012-02-28,388.259366,395.159779,385.704844,392.576851,392.576851,7233591
2012-02-29,392.576851,396.127964,386.464261,389.991992,389.991992,4104749
2012-03-01,389.991992,404.087090,389.045734,403.109005,403.109005,12679481
2012-03-02,403.109005,404.664060,389.642313,391.151238,391.151238,8585860
2012-03-05,391.151238,396.895880,390.599951,396.337283,396.337283,7331882
2012-03-06,396.337283,396.633351,395.915400,396.211374,396.211374,6378699
2012-03-07,396.211374,397.220762,392.834367,393.837708,393.837708,5499217
2012-03-08,393.837708,393.894767,392.211240,392.268071,392.268071,4713616
2012-03-09,392.268071,396.375141,391.757282,395.859675,395.859675,6074816
2012-03-12,395.859675,397.939661,395.402476,397.480590,397.480590,4734508
2012-03-13,397.480590,397.841304,392.634066,392.990705,392.990705,3844213
2012-03-14,392.990705,397.565217,391.966346,396.531629,396.531629,4700139
2012-03-15,396.531629,397.193536,394.545108,395.204801,395.204801,4544209
2012-03-16,395.204801,396.026272,389.226193,390.036921,390.036921,7330431
2012-03-19,390.036921,393.282205,382.643443,385.853922,385.853922,3444183
2012-03-20,385.853922,397.428500,384.871021,396.418687,396.418687,6600140
2012-03-21,396.418687,405.168632,396.099883,404.843052,404.843052,7405309
2012-03-22,404.843052,405.645176,404.382852,405.184588,405.184588,8427893
2012-03-23,405.184588,409.220438,403.916821,407.944037,407.944037,6472382
2012-03-26,407.944037,409.150473,406.340718,407.545977,407.545977,5452365
2012-03-27,407.545977,408.261428,402.172296,402.879555,402.879555,7714908
2012-03-28,402.879555,404.547991,398.033288,399.688510,399.688510,3235468
2012-03-29,399.688510,402.573403,399.210177,402.092194,402.092194,10000455
2012-03-30,402.092194,403.389942,397.872553,399.160839,399.160839,3397643
2012-04-02,399.160839,399.310045,398.055261,398.204109,398.204109,5719593
2012-04-03,398.204109,398.890246,391.763313,392.439517,392.439517,5190538
2012-04-04,392.439517,394.345335,391.202915,393.106631,393.106631,14459772
2012-04-05,393.106631,395.338895,393.050584,395.282538,395.282538,8252706
2012-04-06,395.282538,398.148239,385.103784,387.916079,387.916079,6955118
2012-04-09,387.916079,390.375785,379.528659,381.950538,381.950538,4069238
2012-04-10,381.950538,386.890586,378.958876,383.883782,383.883782,7492233
2012-04-11,383.883782,384.223655,382.732957,383.072112,383.072112,5761280
2012-04-12,383.072112,384.506923,382.216533,383.650053,383.650053,12025126
2012-04-13,383.650053,390.894725,382.258746,389.482266,389.482266,5913534
2012-04-16,389.482266,393.958705,388.629100,393.097619,393.097619,5122580
2012-04-17,393.097619,394.435693,387.658396,388.982463,388.982463,7589785
2012-04-18,388.982463,391.962082,388.927246,391.906450,391.906450,3932981
2012-04-19,391.906450,392.358429,390.823139,391.274389,391.274389,4098026
2012-04-20,391.274389,394.031874,389.439499,392.192677,392.192677,5416202
2012-04-23,392.192677,394.185622,387.307975,389.286150,389.286150,6653220
2012-04-24,389.286150,395.310968,385.617524,391.620345,391.620345,4223222
2012-04-25,391.620345,393.197844,389.676630,391.252648,391.252648,4928273
2012-04-26,391.252648,392.364666,386.537571,387.639320,387.639320,3962744
2012-04-27,387.639320,397.019676,387.362690,396.736554,396.736554,7987722
2012-04-30,396.736554,403.307167,396.348192,402.912759,402.912759,9408578
2012-05-01,402.912759,414.897140,400.232187,412.155080,412.155080,7239306
2012-05-02,412.155080,415.891080,412.129650,415.865421,415.865421,8920716
2012-05-03,415.865421,416.093844,410.841998,411.067786,411.067786,5826611
2012-05-04,411.067786,411.350735,406.630760,406.910848,406.910848,4176312
2012-05-07,406.910848,408.682943,403.005573,404.768338,404.768338,5387943
2012-05-08,404.768338,408.722387,396.957796,400.873801,400.873801,7359290
2012-05-09,400.873801,403.696783,398.803569,401.622683,401.622683,5922106
2012-05-10,401.622683,405.847599,399.594605,403.808483,403.808483,5902230
2012-05-11,403.808483,405.958782,394.878366,396.992369,396.992369,11228628
2012-05-14,396.992369,398.368016,392.398404,393.762860,393.762860,3952498
2012-05-15,393.762860,397.255828,392.588959,396.075034,396.075034,8782202
2012-05-16,396.075034,398.503874,388.622510,391.020354,391.020354,6890299
2012-05-17,391.020354,399.724459,390.387174,399.078231,399.078231,4609912
2012-05-18,399.078231,400.440062,393.450175,394.797398,394.797398,3138256
2012-05-21,394.797398,395.555117,386.890691,387.634662,387.634662,3588467
2012-05-22,387.634662,389.304144,387.504088,389.173051,389.173051,4081222
2012-05-23,389.173051,389.521860,385.840128,386.186260,386.186260,3926297
2012-05-24,386.186260,386.551553,378.633197,378.991685,378.991685,5022723
2012-05-25,378.991685,392.690739,376.357288,389.979962,389.979962,6581023
2012-05-28,389.979962,394.782928,388.922316,393.715152,393.715152,11338963
2012-05-29,393.715152,394.462060,384.941708,385.673361,385.673361,6723723
2012-05-30,385.673361,387.194320,374.278882,375.760749,375.760749,4162322
2012-05-31,375.760749,379.326589,373.057414,376.617093,376.617093,5497783
2012-06-01,376.617093,387.148512,375.692004,386.199885,386.199885,10273745
2012-06-04,386.199885,386.367216,385.785939,385.953163,385.953163,14280571
2012-06-05,385.953163,386.436013,379.241231,379.716279,379.716279,6791269
2012-06-06,379.716279,385.652192,377.851564,383.767582,383.767582,6642574
2012-06-07,383.767582,387.091795,382.099034,385.416079,385.416079,7975391
2012-06-08,385.416079,387.623945,380.662364,382.855562,382.855562,4616880
2012-06-11,382.855562,384.572713,381.577584,383.293274,383.293274,9966955
2012-06-12,383.293274,386.817596,382.098167,385.615250,385.615250,3683652
2012-06-13,385.615250,386.084668,378.245064,378.706071,378.706071,8796211
2012-06-14,378.706071,379.916069,377.987439,379.196506,379.196506,2457653
2012-06-15,379.196506,379.646015,378.071173,378.519880,378.519880,8551837
2012-06-18,378.519880,379.856565,377.900594,379.236107,379.236107,8637851
2012-06-19,379.236107,380.112498,374.899144,375.767519,375.767519,4465516
2012-06-20,375.767519,376.500048,372.727847,373.455869,373.455869,12936500
2012-06-21,373.455869,384.874782,372.526447,383.919319,383.919319,4904904
2012-06-22,383.919319,387.765419,377.408440,381.227574,381.227574,6649574
2012-06-25,381.227574,382.831012,380.740826,382.342840,382.342840,3798843
2012-06-26,382.342840,387.286571,381.526691,386.461630,386.461630,8508892
2012-06-27,386.461630,388.595464,379.530713,381.637913,381.637913,9495393
2012-06-28,381.637913,396.754921,378.567670,393.588537,393.588537,5018729
2012-06-29,393.588537,393.669087,390.623499,390.703459,390.703459,10332134
2012-07-02,390.703459,390.970597,379.742735,380.002557,380.002557,5288643
2012-07-03,380.002557,381.243804,378.063845,379.302805,379.302805,6704081
2012-07-04,379.302805,383.827251,375.758146,380.273521,380.273521,5128404
2012-07-05,380.273521,400.956336,376.898653,397.429215,397.429215,6504696
2012-07-06,397.429215,400.272916,382.434593,385.190724,385.190724,9999953
2012-07-09,385.190724,386.997843,370.768132,372.515787,372.515787,3282293
2012-07-10,372.515787,374.473487,371.452213,373.407368,373.407368,5346892
2012-07-11,373.407368,375.442199,359.477842,361.447500,361.447500,9589393
2012-07-12,361.447500,362.410510,354.425021,355.371844,355.371844,5294223
2012-07-13,355.371844,359.837217,353.665846,358.118036,358.118036,8802742
2012-07-16,358.118036,358.732988,352.457484,353.063757,353.063757,8282090
2012-07-17,353.063757,353.842286,352.490331,353.268529,353.268529,4067522
2012-07-18,353.268529,365.104571,352.414903,364.224472,364.224472,5261868
2012-07-19,364.224472,365.918211,352.974816,354.623910,354.623910,8705911
2012-07-20,354.623910,356.354790,348.436638,350.145660,350.145660,7223519
2012-07-23,350.145660,359.845162,348.187483,357.843933,357.843933,4476741
2012-07-24,357.843933,359.962646,353.865667,355.973304,355.973304,5989356
2012-07-25,355.973304,357.746029,350.032067,351.783929,351.783929,6356442
2012-07-26,351.783929,353.804567,351.309090,353.327644,353.327644,2857309
2012-07-27,353.327644,353.387121,348.962814,349.021567,349.021567,6020415
2012-07-30,349.021567,349.765707,346.853519,347.594617,347.594617,4141105
2012-07-31,347.594617,349.263117,341.611911,343.259602,343.259602,5497020
2012-08-01,343.259602,346.131133,342.245562,345.111621,345.111621,7009133
2012-08-02,345.111621,349.107766,343.117441,347.102084,347.102084,5690726
2012-08-03,347.102084,353.026243,346.645862,352.562844,352.562844,5858695
2012-08-06,352.562844,355.012173,351.460757,353.905888,353.905888,6441934
2012-08-07,353.905888,354.050515,350.723085,350.866469,350.866469,3969871
2012-08-08,350.866469,353.017149,348.342972,350.491353,350.491353,7247555
2012-08-09,350.491353,356.143922,347.854643,353.484693,353.484693,6624923
2012-08-10,353.484693,355.281869,353.219012,355.015037,355.015037,4949323
2012-08-13,355.015037,356.198888,354.150421,355.333496,355.333496,6415959
2012-08-14,355.333496,355.470201,353.517334,353.653392,353.653392,4770392
2012-08-15,353.653392,355.692343,346.384862,348.393487,348.393487,7195032
2012-08-16,348.393487,350.715775,346.315583,348.636422,348.636422,7134740
2012-08-17,348.636422,350.197285,346.637230,348.196122,348.196122,9711603
2012-08-20,348.196122,359.395887,346.563422,357.718537,357.718537,4208123
2012-08-21,357.718537,363.578424,357.393427,363.248288,363.248288,4614617
2012-08-22,363.248288,363.473584,358.457228,358.679690,358.679690,5378031
2012-08-23,358.679690,360.209827,355.235842,356.757780,356.757780,8395392
2012-08-24,356.757780,358.745737,352.746550,354.723171,354.723171,7692556
2012-08-27,354.723171,359.220458,354.117158,358.607809,358.607809,2677600
2012-08-28,358.607809,360.305784,352.533683,354.210839,354.210839,5359713
2012-08-29,354.210839,355.134719,352.229897,353.151013,353.151013,4451374
2012-08-30,353.151013,354.343432,349.876089,351.061451,351.061451,7739100
2012-08-31,351.061451,354.368489,348.697522,351.998251,351.998251,8954643
2012-09-03,351.998251,355.847200,350.954745,354.795402,354.795402,5189808
2012-09-04,354.795402,354.993549,343.552854,343.744830,343.744830,4357329
2012-09-05,343.744830,348.387343,341.865228,346.492716,346.492716,6238050
2012-09-06,346.492716,350.091486,346.201096,349.797085,349.797085,10635772
2012-09-07,349.797085,350.966524,345.876100,347.036309,347.036309,4722689
2012-09-10,347.036309,348.893942,342.569290,344.412880,344.412880,6147710
2012-09-11,344.412880,345.181221,342.856777,343.623357,343.623357,8570926
2012-09-12,343.623357,344.822901,342.944643,344.143161,344.143161,6029284
2012-09-13,344.143161,344.371182,338.858537,339.083206,339.083206,7718008
2012-09-14,339.083206,339.872539,335.499502,336.282315,336.282315,5953950
2012-09-17,336.282315,337.475977,335.589811,336.782443,336.782443,7508628
2012-09-18,336.782443,337.557133,335.929881,336.704391,336.704391,5330481
2012-09-19,336.704391,337.295516,326.833820,327.408625,327.408625,9031649
2012-09-20,327.408625,328.505411,323.349754,324.436584,324.436584,13301154
2012-09-21,324.436584,325.200858,320.835936,321.593512,321.593512,2959243
2012-09-24,321.593512,329.215242,321.102623,328.713484,328.713484,5760187
2012-09-25,328.713484,332.026674,327.713967,331.020143,331.020143,6072523
2012-09-26,331.020143,331.870613,330.247776,331.098064,331.098064,5057977
2012-09-27,331.098064,331.171737,327.816846,327.889804,327.889804,9515039
2012-09-28,327.889804,331.242653,325.036020,328.384562,328.384562,8198729
2012-10-01,328.384562,341.933050,328.199649,341.740617,341.740617,4330732
2012-10-02,341.740617,342.027397,335.336017,335.617658,335.617658,6417938
2012-10-03,335.617658,336.332562,333.031550,333.742459,333.742459,4083121
2012-10-04,333.742459,348.610742,333.059355,347.898662,347.898662,3788334
2012-10-05,347.898662,348.921095,347.692803,348.714753,348.714753,3014450
2012-10-08,348.714753,350.179244,341.609635,343.050338,343.050338,3846965
2012-10-09,343.050338,343.849363,336.586549,337.372349,337.372349,7223953
2012-10-10,337.372349,340.005451,336.057997,338.685981,338.685981,4726039
2012-10-11,338.685981,338.946978,338.362820,338.623770,338.623770,7327233
2012-10-12,338.623770,339.171777,334.593430,335.135793,335.135793,5447816
2012-10-15,335.135793,339.273853,333.726163,337.852795,337.852795,6380925
2012-10-16,337.852795,340.643237,329.430738,332.174278,332.174278,5336125
2012-10-17,332.174278,333.944919,326.782025,328.533257,328.533257,4959892
2012-10-18,328.533257,338.050733,326.229966,335.697216,335.697216,8239636
2012-10-19,335.697216,336.061873,329.614103,329.972542,329.972542,15043405
2012-10-22,329.972542,331.753307,323.504439,325.259771,325.259771,6238367
2012-10-23,325.259771,327.281722,324.100176,326.119064,326.119064,7480818
2012-10-24,326.119064,326.330446,325.374258,325.585295,325.585295,3735021
2012-10-25,325.585295,326.328005,319.973403,320.704980,320.704980,8193472
2012-10-26,320.704980,323.423614,320.652070,323.370264,323.370264,2386104
2012-10-29,323.370264,329.959512,322.534204,329.108615,329.108615,7002874
2012-10-30,329.108615,339.705874,327.149909,337.696059,337.696059,11253123
2012-10-31,337.696059,338.546631,333.192569,334.033917,334.033917,4633665
2012-11-01,334.033917,336.311611,333.055625,335.329524,335.329524,1880810
2012-11-02,335.329524,345.885326,334.377341,344.905950,344.905950,2798321
2012-11-05,344.905950,346.184306,339.495882,340.758868,340.758868,11489351
2012-11-06,340.758868,341.863561,340.391277,341.495176,341.495176,7985246
2012-11-07,341.495176,342.089022,340.705053,341.298558,341.298558,7455178
2012-11-08,341.298558,343.000230,335.867819,337.550805,337.550805,7260561
2012-11-09,337.550805,339.778294,334.973604,337.198770,337.198770,9741083
2012-11-12,337.198770,341.142148,337.169295,341.112331,341.112331,6195386
2012-11-13,341.112331,342.743306,336.341556,337.957447,337.957447,3300514
2012-11-14,337.957447,341.123429,337.326743,340.488003,340.488003,6675284
2012-11-15,340.488003,340.795581,334.164594,334.466732,334.466732,6284731
2012-11-16,334.466732,338.247857,333.489457,337.262414,337.262414,6004851
2012-11-19,337.262414,338.083306,333.024452,333.837007,333.837007,14620494
2012-11-20,333.837007,336.063798,333.601821,335.827209,335.827209,8241297
2012-11-21,335.827209,343.693264,335.398779,343.255357,343.255357,5115736
2012-11-22,343.255357,349.397808,342.464404,348.594553,348.594553,4867139
2012-11-23,348.594553,351.478128,346.606684,349.485181,349.485181,6318971
2012-11-26,349.485181,351.599305,338.593236,340.653938,340.653938,8457624
2012-11-27,340.653938,342.154900,338.302471,339.799668,339.799668,6125970
2012-11-28,339.799668,342.577062,333.217484,335.963523,335.963523,10920920
2012-11-29,335.963523,336.593560,334.988093,335.617481,335.617481,7677027
2012-11-30,335.617481,337.576326,334.974803,336.931132,336.931132,6686811
2012-12-03,336.931132,338.917368,335.665668,337.649207,337.649207,5242162
2012-12-04,337.649207,338.515294,336.889866,337.755714,337.755714,7701969
2012-12-05,337.755714,338.980203,335.769284,336.991002,336.991002,6946035
2012-12-06,336.991002,337.602050,334.154811,334.761818,334.761818,3634102
2012-12-07,334.761818,336.490788,333.287016,335.014872,335.014872,2244210
2012-12-10,335.014872,335.584697,313.383923,313.917864,313.917864,4746373
2012-12-11,313.917864,321.755364,311.712019,319.510222,319.510222,4533133
2012-12-12,319.510222,324.376314,317.047777,321.895485,321.895485,6322570
2012-12-13,321.895485,329.318072,321.752841,329.172203,329.172203,3564616
2012-12-14,329.172203,330.800104,326.818800,328.443096,328.443096,4107357
2012-12-17,328.443096,333.274984,326.949165,331.765940,331.765940,4656458
2012-12-18,331.765940,333.598641,331.512963,333.344460,333.344460,4185962
2012-12-19,333.344460,335.144296,326.072164,327.842292,327.842292,4414987
2012-12-20,327.842292,327.994551,327.359877,327.511984,327.511984,6292595
2012-12-21,327.511984,328.409490,323.464630,324.353481,324.353481,5268685
2012-12-24,324.353481,325.653579,316.558776,317.832737,317.832737,5450741
2012-12-25,317.832737,319.675906,311.598787,313.416345,313.416345,6727013
2012-12-26,313.416345,315.229504,311.897092,313.708834,313.708834,5642143
2012-12-27,313.708834,319.096215,312.996092,318.372876,318.372876,6994688
2012-12-28,318.372876,320.586786,317.763379,319.974222,319.974222,5361275
2012-12-31,319.974222,329.831594,318.542721,328.362565,328.362565,7587762
2013-01-01,328.362565,329.360145,322.877851,323.861757,323.861757,3987585
2013-01-02,323.861757,333.640189,322.425382,332.166979,332.166979,5373995
2013-01-03,332.166979,337.692559,331.130878,336.642499,336.642499,5360648
2013-01-04,336.642499,346.510261,334.906246,344.732285,344.732285,6019406
2013-01-07,344.732285,344.734633,335.840226,335.842514,335.842514,6744928
2013-01-08,335.842514,337.372522,322.417853,323.893425,323.893425,9381907
2013-01-09,323.893425,328.855874,322.663971,327.612304,327.612304,4998275
2013-01-10,327.612304,329.075609,324.435671,325.891289,325.891289,5690966
2013-01-11,325.891289,330.505098,323.292437,327.890304,327.890304,6173861
2013-01-14,327.890304,333.548684,327.327406,332.977053,332.977053,7906643
2013-01-15,332.977053,335.754279,331.705093,334.476591,334.476591,8288455
2013-01-16,334.476591,343.528839,332.299199,341.306983,341.306983,6177783
2013-01-17,341.306983,343.899100,339.393295,341.981630,341.981630,5619341
2013-01-18,341.981630,342.193241,339.702453,339.912783,339.912783,4791361
2013-01-21,339.912783,341.913332,336.514768,338.507044,338.507044,7623376
2013-01-22,338.507044,340.689588,337.316682,339.495749,339.495749,5786292
2013-01-23,339.495749,339.929601,328.660704,329.081247,329.081247,7895733
2013-01-24,329.081247,331.946738,326.127294,328.992008,328.992008,3881708
2013-01-25,328.992008,339.657730,328.025233,338.662538,338.662538,4985088
2013-01-28,338.662538,339.033650,335.977754,336.346328,336.346328,4575417
2013-01-29,336.346328,336.531305,331.975838,332.158512,332.158512,3486194
2013-01-30,332.158512,332.590175,332.034811,332.466359,332.466359,6266721
2013-01-31,332.466359,333.004109,330.193129,330.728068,330.728068,5735909
2013-02-01,330.728068,331.238298,328.611157,329.118905,329.118905,6405878
2013-02-04,329.118905,331.067673,328.963336,330.911256,330.911256,6263898
2013-02-05,330.911256,338.135914,329.055073,336.249785,336.249785,7518910
2013-02-06,336.249785,337.285088,328.054558,329.067748,329.067748,4859024
2013-02-07,329.067748,329.197450,326.762431,326.891275,326.891275,5152748
2013-02-08,326.891275,328.404659,325.874528,327.386372,327.386372,8346235
2013-02-11,327.386372,327.692094,325.192769,325.496726,325.496726,7993255
2013-02-12,325.496726,326.714482,321.476988,322.684221,322.684221,7658374
2013-02-13,322.684221,323.957042,320.411234,321.680094,321.680094,5889136
2013-02-14,321.680094,322.344263,320.425328,321.088276,321.088276,6724165
2013-02-15,321.088276,322.660885,320.144376,321.715143,321.715143,6588379
2013-02-18,321.715143,325.772828,321.329376,325.382664,325.382664,4687896
2013-02-19,325.382664,327.691701,321.692073,323.991236,323.991236,6660096
2013-02-20,323.991236,324.610732,323.840974,324.460252,324.460252,8933403
2013-02-21,324.460252,325.039886,315.660289,316.225212,316.225212,8074921
2013-02-22,316.225212,322.564353,315.613392,321.941474,321.941474,6522246
2013-02-25,321.941474,322.704550,314.316341,315.063113,315.063113,2882400
2013-02-26,315.063113,325.847124,314.710054,325.482389,325.482389,7248254
2013-02-27,325.482389,326.244388,320.465617,321.217632,321.217632,6556499
2013-02-28,321.217632,322.244367,318.114016,319.134091,319.134091,5813530
2013-03-01,319.134091,322.051033,318.635359,321.548527,321.548527,3269657
2013-03-04,321.548527,326.216366,321.188950,325.851977,325.851977,5324903
2013-03-05,325.851977,328.856746,325.406071,328.407343,328.407343,5122719
2013-03-06,328.407343,332.410104,325.256661,329.251325,329.251325,13045985
2013-03-07,329.251325,333.516158,327.541402,331.793035,331.793035,6191128
2013-03-08,331.793035,339.861663,331.527348,339.589733,339.589733,5227314
2013-03-11,339.589733,341.020533,337.406771,338.834389,338.834389,5039433
2013-03-12,338.834389,341.830257,337.846583,340.836614,340.836614,4093373
2013-03-13,340.836614,344.380363,340.262905,343.801662,343.801662,4538005
2013-03-14,343.801662,343.862283,341.468565,341.528785,341.528785,8526321
2013-03-15,341.528785,342.624886,340.212095,341.307486,341.307486,4763844
2013-03-18,341.307486,344.358777,341.053954,344.103168,344.103168,8359804
2013-03-19,344.103168,348.623627,339.951454,344.467517,344.467517,4193797
2013-03-20,344.467517,350.897058,343.870992,350.290450,350.290450,4599502
2013-03-21,350.290450,351.199075,345.275148,346.173093,346.173093,5138602
2013-03-22,346.173093,346.307333,325.585932,325.712237,325.712237,7090363
2013-03-25,325.712237,326.935274,319.342257,320.545894,320.545894,6237051
2013-03-26,320.545894,321.397591,312.473961,313.306423,313.306423,6021167
2013-03-27,313.306423,320.567785,312.919686,320.172573,320.172573,6162874
2013-03-28,320.172573,321.430713,318.260384,319.515944,319.515944,6605013
2013-03-29,319.515944,320.294094,313.950125,314.716588,314.716588,3875925
2013-04-01,314.716588,316.165193,308.743018,310.170700,310.170700,7568613
2013-04-02,310.170700,310.701984,308.371835,308.900945,308.900945,7352464
2013-04-03,308.900945,310.760005,298.750358,300.559216,300.559216,6433226
2013-04-04,300.559216,302.585324,298.986674,301.010421,301.010421,5040482
2013-04-05,301.010421,303.303868,296.497453,298.773858,298.773858,6523646
2013-04-08,298.773858,305.617633,297.271199,304.088246,304.088246,7502387
2013-04-09,304.088246,314.682369,302.374506,312.918862,312.918862,10552993
2013-04-10,312.918862,316.765848,312.368596,316.209794,316.209794,10157590
2013-04-11,316.209794,319.342185,313.918453,317.044793,317.044793,6042463
2013-04-12,317.044793,325.288374,316.587143,324.819500,324.819500,3331661
2013-04-15,324.819500,326.167925,318.971367,320.301035,320.301035,5866045
2013-04-16,320.301035,321.252500,314.637073,315.574498,315.574498,6988605
2013-04-17,315.574498,315.912128,314.503705,314.840549,314.840549,6660177
2013-04-18,314.840549,319.416318,314.484072,319.055069,319.055069,8217345
2013-04-19,319.055069,324.324364,318.623516,323.886277,323.886277,5119241
2013-04-22,323.886277,325.360126,323.863632,325.337380,325.337380,6344686
2013-04-23,325.337380,335.346356,323.959007,333.931572,333.931572,3589336
2013-04-24,333.931572,335.681254,332.834518,334.582063,334.582063,7771351
2013-04-25,334.582063,336.200621,327.459967,329.051771,329.051771,5523528
2013-04-26,329.051771,330.851802,327.718706,329.516853,329.516853,7437811
2013-04-29,329.516853,330.080590,326.662928,327.222740,327.222740,9216432
2013-04-30,327.222740,331.275050,323.798429,327.844235,327.844235,10000362
2013-05-01,327.844235,329.150383,326.000450,327.304448,327.304448,3846135
2013-05-02,327.304448,327.858529,322.266454,322.812932,322.812932,2948924
2013-05-03,322.812932,326.758163,317.625657,321.555521,321.555521,5216260
2013-05-06,321.555521,323.433954,318.330044,320.200562,320.200562,2863613
2013-05-07,320.200562,321.003341,315.563247,316.356388,316.356388,5331713
2013-05-08,316.356388,317.302839,313.549040,314.489907,314.489907,6458093
2013-05-09,314.489907,318.336263,313.645806,317.484125,317.484125,4168381
2013-05-10,317.484125,320.245224,311.294243,314.025261,314.025261,5878466
2013-05-13,314.025261,321.132749,313.103134,320.192512,320.192512,6084731
2013-05-14,320.192512,322.586848,315.277820,317.653168,317.653168,8430533
2013-05-15,317.653168,327.478791,316.612370,326.409303,326.409303,9506986
2013-05-16,326.409303,326.867391,325.025252,325.482038,325.482038,6456253
2013-05-17,325.482038,327.825696,316.318403,318.612596,318.612596,5594182
2013-05-20,318.612596,318.930654,315.070402,315.385239,315.385239,4562878
2013-05-21,315.385239,318.995528,314.693037,318.296936,318.296936,5780436
2013-05-22,318.296936,319.272270,317.005995,317.980358,317.980358,4430966
2013-05-23,317.980358,319.963965,317.360069,319.341021,319.341021,5465289
2013-05-24,319.341021,321.493563,316.721073,318.870443,318.870443,7386122
2013-05-27,318.870443,319.604387,312.149276,312.869407,312.869407,7683428
2013-05-28,312.869407,316.809478,312.010497,315.942132,315.942132,10049194
2013-05-29,315.942132,316.158128,314.513410,314.728576,314.728576,5862023
2013-05-30,314.728576,315.431110,307.941052,308.629973,308.629973,7161686
2013-05-31,308.629973,309.648840,302.249261,303.250369,303.250369,4291838
2013-06-03,303.250369,305.228170,297.206173,299.157279,299.157279,5843232
2013-06-04,299.157279,300.358865,296.120776,297.314963,297.314963,7688591
2013-06-05,297.314963,304.998918,296.441551,304.105558,304.105558,5808730
2013-06-06,304.105558,305.425541,300.546237,301.856458,301.856458,5989620
2013-06-07,301.856458,309.645213,301.681462,309.465806,309.465806,7675181
2013-06-10,309.465806,311.580989,303.324856,305.412334,305.412334,7467896
2013-06-11,305.412334,308.646243,304.936700,308.166321,308.166321,7284609
2013-06-12,308.166321,313.742653,307.637726,313.205414,313.205414,4292569
2013-06-13,313.205414,315.807787,312.975802,315.576436,315.576436,4747991
2013-06-14,315.576436,317.119059,312.493715,314.028773,314.028773,6616079
2013-06-17,314.028773,318.635863,312.654338,317.247341,317.247341,5312322
2013-06-18,317.247341,319.634682,316.333995,318.717105,318.717105,5309786
2013-06-19,318.717105,321.342389,309.222268,311.790497,311.790497,6390814
2013-06-20,311.790497,312.329624,309.561346,310.097545,310.097545,5219531
2013-06-21,310.097545,311.582263,302.422467,303.877404,303.877404,3137887
2013-06-24,303.877404,304.664259,302.430633,303.215775,303.215775,6374850
2013-06-25,303.215775,304.862030,297.951562,299.578067,299.578067,9116514
2013-06-26,299.578067,301.572950,296.373287,298.360060,298.360060,6548497
2013-06-27,298.360060,299.094663,297.708630,298.443053,298.443053,6623983
2013-06-28,298.443053,307.195790,297.995988,306.736302,306.736302,5953863
2013-07-01,306.736302,306.861338,303.139585,303.263205,303.263205,4362759
2013-07-02,303.263205,304.433805,302.656763,303.826237,303.826237,5949140
2013-07-03,303.826237,306.907212,302.266147,305.339352,305.339352,3479205
2013-07-04,305.339352,307.477638,298.395047,300.499439,300.499439,7540785
2013-07-05,300.499439,301.862834,291.863218,293.193466,293.193466,10314079
2013-07-08,293.193466,298.194875,290.748657,295.728924,295.728924,6354344
2013-07-09,295.728924,301.783557,294.444813,300.478821,300.478821,4530855
2013-07-10,300.478821,300.887218,295.889688,296.292396,296.292396,7885899
2013-07-11,296.292396,309.061015,295.364423,308.096074,308.096074,6535249
2013-07-12,308.096074,315.243147,305.413012,312.521545,312.521545,7919214
2013-07-15,312.521545,314.889058,305.166239,307.495679,307.495679,3344466
2013-07-16,307.495679,308.387283,300.608752,301.482921,301.482921,6906622
2013-07-17,301.482921,307.906615,300.707199,307.116398,307.116398,6879349
2013-07-18,307.116398,308.231335,304.372936,305.481939,305.481939,7443359
2013-07-19,305.481939,309.957462,304.376556,308.839929,308.839929,5073468
2013-07-22,308.839929,316.723679,307.961811,315.825699,315.825699,7785990
2013-07-23,315.825699,321.750125,314.114788,320.016511,320.016511,15061284
2013-07-24,320.016511,324.532955,318.698469,323.201793,323.201793,3834513
2013-07-25,323.201793,323.753320,316.464448,317.005401,317.005401,4451864
2013-07-26,317.005401,319.242120,315.779360,318.012185,318.012185,9904991
2013-07-29,318.012185,318.592509,317.834633,318.414732,318.414732,9693102
2013-07-30,318.414732,322.793321,317.969719,322.342818,322.342818,4732949
2013-07-31,322.342818,322.778271,317.884983,318.314995,318.314995,5203287
2013-08-01,318.314995,321.294360,315.857000,318.832369,318.832369,5891813
2013-08-02,318.832369,319.664819,315.011815,315.836442,315.836442,4139825
2013-08-05,315.836442,319.437422,315.619432,319.218088,319.218088,7583990
2013-08-06,319.218088,320.474744,316.222700,317.472484,317.472484,6534877
2013-08-07,317.472484,318.179246,315.471443,316.175318,316.175318,5614975
2013-08-08,316.175318,317.392524,311.160051,312.362579,312.362579,9066650
2013-08-09,312.362579,314.915891,309.688196,312.240510,312.240510,6855105
2013-08-12,312.240510,319.370333,310.172607,317.269127,317.269127,3816243
2013-08-13,317.269127,320.904676,317.145480,320.779661,320.779661,5362149
2013-08-14,320.779661,325.070102,320.310177,324.595034,324.595034,3535123
2013-08-15,324.595034,327.591139,324.166886,327.159608,327.159608,18672172
2013-08-16,327.159608,331.115389,325.170758,329.114654,329.114654,4158463
2013-08-19,329.114654,329.539623,320.012183,320.425933,320.425933,6645947
2013-08-20,320.425933,322.811830,319.853434,322.236097,322.236097,5194121
2013-08-21,322.236097,328.424562,322.036731,328.221493,328.221493,4511807
2013-08-22,328.221493,331.522980,318.223301,321.456743,321.456743,7525300
2013-08-23,321.456743,322.938027,319.646216,321.125976,321.125976,5646062
2013-08-26,321.125976,324.439230,320.594308,323.902965,323.902965,3918388
2013-08-27,323.902965,325.546479,315.890075,317.501106,317.501106,3128470
2013-08-28,317.501106,319.609759,316.346226,318.451423,318.451423,3369551
2013-08-29,318.451423,323.571045,316.104853,321.204191,321.204191,3242648
2013-08-30,321.204191,325.648721,320.057928,324.490729,324.490729,4969976
2013-09-02,324.490729,326.964971,323.704668,326.174830,326.174830,4699060
2013-09-03,326.174830,326.922605,322.766889,323.508552,323.508552,7679437
2013-09-04,323.508552,323.953855,319.100527,319.540368,319.540368,3630964
2013-09-05,319.540368,319.542788,311.912029,311.914391,311.914391,4319620
2013-09-06,311.914391,313.386389,306.576135,308.029801,308.029801,8251015
2013-09-09,308.029801,312.631903,307.822474,312.421620,312.421620,8501642
2013-09-10,312.421620,314.849804,305.097694,307.487530,307.487530,11515537
2013-09-11,307.487530,309.140593,299.599515,301.218877,301.218877,7490719
2013-09-12,301.218877,303.041621,300.143849,301.963933,301.963933,7200377
2013-09-13,301.963933,308.074050,301.341228,307.440053,307.440053,7557212
2013-09-16,307.440053,320.986924,307.047067,320.577146,320.577146,4503832
2013-09-17,320.577146,321.117663,315.211149,315.743517,315.743517,4562744
2013-09-18,315.743517,322.475223,315.131835,321.851707,321.851707,3126869
2013-09-19,321.851707,323.422934,316.457557,318.010030,318.010030,4009701
2013-09-20,318.010030,323.189038,316.564473,321.726588,321.726588,5339545
2013-09-23,321.726588,324.235216,319.252595,321.760958,321.760958,8171361
2013-09-24,321.760958,321.811948,315.824207,315.874265,315.874265,3969128
2013-09-25,315.874265,315.990699,308.973476,309.087409,309.087409,5616003
2013-09-26,309.087409,312.664797,308.556699,312.128865,312.128865,9949597
2013-09-27,312.128865,320.603975,311.540026,320.000286,320.000286,4507335
2013-09-30,320.000286,326.024723,318.545586,324.549344,324.549344,8941359
2013-10-01,324.549344,330.526414,324.197051,330.168022,330.168022,11695914
2013-10-02,330.168022,331.112042,323.200989,324.127738,324.127738,3743222
2013-10-03,324.127738,324.932927,322.008186,322.810102,322.810102,11273460
2013-10-04,322.810102,324.197783,322.098608,323.484802,323.484802,4107991
2013-10-07,323.484802,324.859253,322.999452,324.372571,324.372571,4948468
2013-10-08,324.372571,326.448745,323.891668,325.965480,325.965480,6137990
2013-10-09,325.965480,327.816742,325.528652,327.378020,327.378020,7423885
2013-10-10,327.378020,330.337476,320.734740,323.660590,323.660590,8081875
2013-10-11,323.660590,332.389038,322.602198,331.305645,331.305645,5820818
2013-10-14,331.305645,331.862657,326.226939,326.776337,326.776337,9177420
2013-10-15,326.776337,328.579808,322.940414,324.732606,324.732606,4485533
2013-10-16,324.732606,328.428771,322.766727,326.452481,326.452481,6965562
2013-10-17,326.452481,327.771072,326.174096,327.491802,327.491802,4994819
2013-10-18,327.491802,327.715009,320.999298,321.218229,321.218229,9368087
2013-10-21,321.218229,322.265581,317.965029,319.005165,319.005165,4547497
2013-10-22,319.005165,322.774596,318.486486,322.250641,322.250641,12466135
2013-10-23,322.250641,338.182314,321.522281,337.419669,337.419669,2928829
2013-10-24,337.419669,349.336720,334.538750,346.379303,346.379303,4192249
2013-10-25,346.379303,352.388440,346.267243,352.274473,352.274473,7684408
2013-10-28,352.274473,358.754563,349.700528,356.152283,356.152283,4585744
2013-10-29,356.152283,369.222090,354.699213,367.721818,367.721818,5820630
2013-10-30,367.721818,368.575888,355.136792,355.963552,355.963552,4287048
2013-10-31,355.963552,356.186178,354.180568,354.402217,354.402217,6610334
2013-11-01,354.402217,359.118530,354.117509,358.830264,358.830264,8167610
2013-11-04,358.830264,361.272598,356.247160,358.688530,358.688530,5144838
2013-11-05,358.688530,361.099698,355.539162,357.945334,357.945334,5606616
2013-11-06,357.945334,359.486930,357.191480,358.731421,358.731421,5809246
2013-11-07,358.731421,365.118263,356.852268,363.215621,363.215621,5243114
2013-11-08,363.215621,367.035006,361.727661,365.537534,365.537534,3522518
2013-11-11,365.537534,367.595649,360.497270,362.538499,362.538499,5488154
2013-11-12,362.538499,365.413890,357.562771,360.421371,360.421371,9468732
2013-11-13,360.421371,365.289200,359.404194,364.261187,364.261187,3877058
2013-11-14,364.261187,367.756624,364.219404,367.714446,367.714446,6995252
2013-11-15,367.714446,367.783611,361.032938,361.100859,361.100859,3931237
2013-11-18,361.100859,361.868505,356.601510,357.361206,357.361206,8812880
2013-11-19,357.361206,358.638994,355.862330,357.139325,357.139325,4013235
2013-11-20,357.139325,359.545103,355.290627,357.693537,357.693537,8246841
2013-11-21,357.693537,360.461658,351.816759,354.560635,354.560635,5719913
2013-11-22,354.560635,355.547519,340.082311,341.031537,341.031537,6801071
2013-11-25,341.031537,346.752707,339.249747,344.950442,344.950442,5764036
2013-11-26,344.950442,346.579203,341.101412,342.719640,342.719640,7376872
2013-11-27,342.719640,344.719497,333.704982,335.663665,335.663665,8189700
2013-11-28,335.663665,336.949765,328.021351,329.283003,329.283003,6197771
2013-11-29,329.283003,337.285223,327.802267,335.775292,335.775292,5478554
2013-12-02,335.775292,336.217474,328.799785,329.233353,329.233353,6160789
2013-12-03,329.233353,330.412558,326.381853,327.555048,327.555048,5922875
2013-12-04,327.555048,327.676500,316.232923,316.350221,316.350221,3790989
2013-12-05,316.350221,316.674182,315.480972,315.804375,315.804375,5550046
2013-12-06,315.804375,320.938348,314.776376,319.897027,319.897027,4530208
2013-12-09,319.897027,321.050288,316.313371,317.457839,317.457839,4560047
2013-12-10,317.457839,320.140901,317.030460,319.710489,319.710489,6318170
2013-12-11,319.710489,326.256888,318.583491,325.110853,325.110853,9347431
2013-12-12,325.110853,326.599180,319.410310,320.879265,320.879265,6249226
2013-12-13,320.879265,321.924273,319.362417,320.405884,320.405884,11113664
2013-12-16,320.405884,320.703969,317.931972,318.228031,318.228031,5526960
2013-12-17,318.228031,326.562333,316.748366,325.050943,325.050943,6649481
2013-12-18,325.050943,327.337767,324.738263,327.023189,327.023189,6591515
2013-12-19,327.023189,327.535729,320.521693,321.024832,321.024832,6261213
2013-12-20,321.024832,325.265359,319.262543,323.489539,323.489539,8965340
2013-12-23,323.489539,324.171739,317.634612,318.305880,318.305880,6254981
2013-12-24,318.305880,327.011264,317.525360,326.211359,326.211359,4376904
2013-12-25,326.211359,327.339397,326.180716,327.308651,327.308651,5785235
2013-12-26,327.308651,328.791309,321.956325,323.421374,323.421374,6211087
2013-12-27,323.421374,325.638671,317.366565,319.557372,319.557372,5284352
2013-12-30,319.557372,321.658279,318.291383,320.388996,320.388996,4663020
2013-12-31,320.388996,321.344160,315.728137,316.672221,316.672221,4082905
2014-01-01,316.672221,316.929825,313.065055,313.319932,313.319932,9536916
2014-01-02,313.319932,314.474272,308.885526,310.027737,310.027737,6276823
2014-01-03,310.027737,310.731995,307.909750,308.610790,308.610790,4890968
2014-01-06,308.610790,330.649314,307.866681,329.853984,329.853984,7292656
2014-01-07,329.853984,333.996065,328.780432,332.912560,332.912560,7134786
2014-01-08,332.912560,335.273648,328.724675,331.072714,331.072714,8308904
2014-01-09,331.072714,331.679620,326.700836,327.300828,327.300828,5631572
2014-01-10,327.300828,329.107578,324.761640,326.564325,326.564325,6834338
2014-01-13,326.564325,332.498335,324.721680,330.632734,330.632734,6579243
2014-01-14,330.632734,338.360581,329.985216,337.699223,337.699223,5229199
2014-01-15,337.699223,337.837397,333.697777,333.834369,333.834369,3899320
2014-01-16,333.834369,339.287609,333.552421,339.001297,339.001297,11545616
2014-01-17,339.001297,344.782494,338.399416,344.171434,344.171434,2858830
2014-01-20,344.171434,348.658685,343.920456,348.404620,348.404620,8373874
2014-01-21,348.404620,353.182118,346.949156,351.712833,351.712833,3182888
2014-01-22,351.712833,353.476453,350.976274,352.737747,352.737747,7052832
2014-01-23,352.737747,354.419214,351.429951,353.110038,353.110038,11276558
2014-01-24,353.110038,353.404537,352.526005,352.820262,352.820262,8417276
2014-01-27,352.820262,355.095343,348.313263,350.573859,350.573859,6593188
2014-01-28,350.573859,353.588762,349.012650,352.021108,352.021108,8158969
2014-01-29,352.021108,359.278340,349.173467,356.395315,356.395315,4834341
2014-01-30,356.395315,362.652467,355.686142,361.932276,361.932276,4593078
2014-01-31,361.932276,363.566312,347.914301,349.492173,349.492173,7313407
2014-02-03,349.492173,351.283390,342.478089,344.242400,344.242400,2682123
2014-02-04,344.242400,347.109219,342.760956,345.621838,345.621838,6395521
2014-02-05,345.621838,354.677364,342.580095,351.583157,351.583157,8186593
2014-02-06,351.583157,355.223008,349.022519,352.654567,352.654567,3780403
2014-02-07,352.654567,353.584298,347.203558,348.121338,348.121338,6736542
2014-02-10,348.121338,348.696807,340.625559,341.189569,341.189569,5626912
2014-02-11,341.189569,341.911338,336.458240,337.171509,337.171509,5464514
2014-02-12,337.171509,339.599630,323.724138,326.072329,326.072329,6853188
2014-02-13,326.072329,327.487785,326.041375,327.456700,327.456700,4221968
2014-02-14,327.456700,328.304804,324.970620,325.814471,325.814471,5158760
2014-02-17,325.814471,327.315372,311.684897,313.127354,313.127354,7597514
2014-02-18,313.127354,315.349220,311.668025,313.886354,313.886354,6075211
2014-02-19,313.886354,315.298295,307.445764,308.834983,308.834983,3110534
2014-02-20,308.834983,309.614852,305.725450,306.499421,306.499421,2862372
2014-02-21,306.499421,307.324612,305.908195,306.732936,306.732936,5392615
2014-02-24,306.732936,307.566387,290.676790,291.468766,291.468766,3091329
2014-02-25,291.468766,295.716919,289.302380,293.535174,293.535174,9884479
2014-02-26,293.535174,293.862162,288.152872,288.474222,288.474222,3786803
2014-02-27,288.474222,289.555439,288.111515,289.191829,289.191829,5253828
2014-02-28,289.191829,294.361355,288.482991,293.641610,293.641610,7675448
2014-03-03,293.641610,294.351042,293.039020,293.748233,293.748233,12308960
2014-03-04,293.748233,299.514639,293.286623,299.044706,299.044706,9879523
2014-03-05,299.044706,299.053201,290.753316,290.761575,290.761575,4772753
2014-03-06,290.761575,293.644147,289.067330,291.943018,291.943018,5918044
2014-03-07,291.943018,292.713815,291.445083,292.215416,292.215416,3942046
2014-03-10,292.215416,292.358609,285.446042,285.585987,285.585987,9216960
2014-03-11,285.585987,287.755349,285.011066,287.177226,287.177226,6580400
2014-03-12,287.177226,287.773734,282.036301,282.623351,282.623351,9101130
2014-03-13,282.623351,283.338983,281.200904,281.914741,281.914741,4874601
2014-03-14,281.914741,283.939795,280.679338,282.700946,282.700946,5101059
2014-03-17,282.700946,282.908236,282.120552,282.327569,282.327569,5280215
2014-03-18,282.327569,283.712586,281.130277,282.514501,282.514501,3331943
2014-03-19,282.514501,284.052039,281.521359,283.056989,283.056989,7632426
2014-03-20,283.056989,286.538527,281.767523,285.239121,285.239121,6226704
2014-03-21,285.239121,285.931935,279.737555,280.418660,280.418660,3855010
2014-03-24,280.418660,282.777970,279.170699,281.525084,281.525084,9597668
2014-03-25,281.525084,282.129921,278.575993,279.175783,279.175783,6311121
2014-03-26,279.175783,281.240777,271.705852,273.730569,273.730569,5163421
2014-03-27,273.730569,277.486489,272.378725,276.122831,276.122831,2992608
2014-03-28,276.122831,281.555875,275.099230,280.515987,280.515987,8367773
2014-03-31,280.515987,280.939312,279.608869,280.031463,280.031463,5206898
2014-04-01,280.031463,286.441901,278.491913,284.875718,284.875718,4795402
2014-04-02,284.875718,288.305928,283.496638,286.916967,286.916967,4968312
2014-04-03,286.916967,287.014260,280.626452,280.721644,280.721644,14954221
2014-04-04,280.721644,281.053178,276.504264,276.831203,276.831203,7097090
2014-04-07,276.831203,279.382070,276.354495,278.901796,278.901796,5154700
2014-04-08,278.901796,278.977389,278.900568,278.976161,278.976161,4561957
2014-04-09,278.976161,280.730890,277.412390,279.166054,279.166054,9450695
2014-04-10,279.166054,279.348451,276.980613,277.161701,277.161701,6165546
2014-04-11,277.161701,278.372858,275.840536,277.051210,277.051210,4577889
2014-04-14,277.051210,277.869835,275.384624,276.200736,276.200736,6872684
2014-04-15,276.200736,278.521738,275.902307,278.221126,278.221126,5433948
2014-04-16,278.221126,279.915799,277.169491,278.861743,278.861743,5214401
2014-04-17,278.861743,278.874053,274.535618,274.547738,274.547738,3393301
2014-04-18,274.547738,275.682220,269.534953,270.653343,270.653343,4070667
2014-04-21,270.653343,273.948520,269.420864,272.706690,272.706690,9004059
2014-04-22,272.706690,281.283806,272.229917,280.792896,280.792896,6648750
2014-04-23,280.792896,282.554667,269.228195,270.928070,270.928070,8900071
2014-04-24,270.928070,273.041749,264.780487,266.862448,266.862448,4297608
2014-04-25,266.862448,267.684851,261.570330,262.378916,262.378916,5409668
2014-04-28,262.378916,263.824398,261.276532,262.720578,262.720578,7871744
2014-04-29,262.720578,266.152354,261.688182,265.110566,265.110566,4287971
2014-04-30,265.110566,265.381651,262.457260,262.725906,262.725906,13613366
2014-05-01,262.725906,262.779400,259.835823,259.888740,259.888740,8712418
2014-05-02,259.888740,261.233584,258.160924,259.503777,259.503777,5750866
2014-05-05,259.503777,262.003376,258.551693,261.045636,261.045636,4585952
2014-05-06,261.045636,265.218909,260.690363,264.858447,264.858447,4060273
2014-05-07,264.858447,265.115875,264.376575,264.633784,264.633784,6387577
2014-05-08,264.633784,267.184245,262.276823,264.825575,264.825575,5824896
2014-05-09,264.825575,264.931505,264.689557,264.795476,264.795476,5622061
2014-05-12,264.795476,265.215771,259.185952,259.597997,259.597997,6460121
2014-05-13,259.597997,259.972955,259.249391,259.624314,259.624314,8595211
2014-05-14,259.624314,260.373753,256.530617,257.273269,257.273269,10558877
2014-05-15,257.273269,261.251624,256.470754,260.439233,260.439233,7362875
2014-05-16,260.439233,261.702771,258.002376,259.260193,259.260193,7122107
2014-05-19,259.260193,260.606404,259.008738,260.353889,260.353889,8414221
2014-05-20,260.353889,263.728506,259.263386,262.628476,262.628476,12239608
2014-05-21,262.628476,264.998256,262.430191,264.798333,264.798333,3871968
2014-05-22,264.798333,265.622676,263.309903,264.132173,264.132173,6423979
2014-05-23,264.132173,266.971367,261.367691,264.206112,264.206112,4428738
2014-05-26,264.206112,264.228196,261.778956,261.800839,261.800839,3890914
2014-05-27,261.800839,264.104141,260.059567,262.359155,262.359155,6566170
2014-05-28,262.359155,262.677337,260.430717,260.746943,260.746943,8014795
2014-05-29,260.746943,263.183297,260.314914,262.747952,262.747952,8681005
2014-05-30,262.747952,264.870836,258.630511,260.737148,260.737148,5485788
2014-06-02,260.737148,273.508654,259.678787,272.402940,272.402940,5455617
2014-06-03,272.402940,285.435752,270.207293,283.153453,283.153453,6127728
2014-06-04,283.153453,288.943473,281.898508,287.668516,287.668516,6127898
2014-06-05,287.668516,288.012966,286.597232,286.940810,286.940810,6730925
2014-06-06,286.940810,287.234413,283.389238,283.679503,283.679503,9080117
2014-06-09,283.679503,285.926509,281.976259,284.220020,284.220020,5662774
2014-06-10,284.220020,285.549668,280.774649,282.094352,282.094352,4584534
2014-06-11,282.094352,283.210423,279.416493,280.526360,280.526360,7056964
2014-06-12,280.526360,281.682911,275.518932,276.659541,276.659541,5421760
2014-06-13,276.659541,277.163433,273.338451,273.837204,273.837204,5819225
2014-06-16,273.837204,275.244354,268.221844,269.607258,269.607258,7317046
2014-06-17,269.607258,273.027647,267.466963,270.877270,270.877270,4103304
2014-06-18,270.877270,271.826732,263.649957,264.577337,264.577337,9401544
2014-06-19,264.577337,271.393764,264.106303,270.911453,270.911453,11191704
2014-06-20,270.911453,271.232858,258.432871,258.739836,258.739836,6550871
2014-06-23,258.739836,260.373876,258.261781,259.893689,259.893689,5630170
2014-06-24,259.893689,260.423079,256.652022,257.175876,257.175876,4858955
2014-06-25,257.175876,257.447300,251.713946,251.979887,251.979887,7462625
2014-06-26,251.979887,253.222541,247.729478,248.957226,248.957226,3603854
2014-06-27,248.957226,251.874215,248.411205,251.323006,251.323006,7048661
2014-06-30,251.323006,252.073066,247.373686,248.114170,248.114170,7081696
2014-07-01,248.114170,248.771081,246.977417,247.633055,247.633055,4640067
2014-07-02,247.633055,248.722270,241.576745,242.644017,242.644017,5433984
2014-07-03,242.644017,247.166489,241.041278,245.544591,245.544591,4217545
2014-07-04,245.544591,246.365008,241.650033,242.460145,242.460145,8543096
2014-07-07,242.460145,243.193495,238.915936,239.640758,239.640758,5717804
2014-07-08,239.640758,244.425142,239.158010,243.933746,243.933746,3494504
2014-07-09,243.933746,244.514139,243.511020,244.091141,244.091141,7003989
2014-07-10,244.091141,244.312484,239.900562,240.118302,240.118302,5150898
2014-07-11,240.118302,240.171486,239.993917,240.047086,240.047086,4679795
2014-07-14,240.047086,243.429168,240.007361,243.388891,243.388891,6844482
2014-07-15,243.388891,248.216644,242.599788,247.414489,247.414489,5012011
2014-07-16,247.414489,247.987790,241.850865,242.412575,242.412575,7682539
2014-07-17,242.412575,248.425703,241.255729,247.245792,247.245792,13065859
2014-07-18,247.245792,247.755920,244.459610,244.965032,244.965032,5163320
2014-07-21,244.965032,245.209225,244.912018,245.156169,245.156169,7738820
2014-07-22,245.156169,247.220684,244.277754,246.338034,246.338034,5823487
2014-07-23,246.338034,246.673871,241.397521,241.727072,241.727072,12522947
2014-07-24,241.727072,246.447700,240.825424,245.531859,245.531859,4715094
2014-07-25,245.531859,245.695998,243.179991,243.342667,243.342667,7890504
2014-07-28,243.342667,245.908352,243.311627,245.876989,245.876989,6874443
2014-07-29,245.876989,246.155989,245.647173,245.926127,245.926127,3667019
2014-07-30,245.926127,247.751946,244.517491,246.340934,246.340934,6446108
2014-07-31,246.340934,250.477358,246.130594,250.263668,250.263668,5158904
2014-08-01,250.263668,253.871954,248.874259,252.470295,252.470295,7585239
2014-08-04,252.470295,254.296115,251.072193,252.895658,252.895658,7948454
2014-08-05,252.895658,252.960609,252.670576,252.735487,252.735487,9886188
2014-08-06,252.735487,273.149291,252.083521,272.446478,272.446478,4784669
2014-08-07,272.446478,273.048403,272.385546,272.987351,272.987351,4090074
2014-08-08,272.987351,278.290292,271.010098,276.289125,276.289125,7464067
2014-08-11,276.289125,281.996175,276.059495,281.761997,281.761997,5076318
2014-08-12,281.761997,282.008561,279.423494,279.668226,279.668226,3173584
2014-08-13,279.668226,280.241484,279.292328,279.865321,279.865321,6530413
2014-08-14,279.865321,280.134422,274.033885,274.297633,274.297633,6803274
2014-08-15,274.297633,276.411487,274.269645,276.383287,276.383287,3567625
2014-08-18,276.383287,278.740920,276.146206,278.502022,278.502022,4963340
2014-08-19,278.502022,278.716240,277.730143,277.943931,277.943931,2890956
2014-08-20,277.943931,282.827523,275.684471,280.546902,280.546902,5004607
2014-08-21,280.546902,281.719685,280.458635,281.631076,281.631076,4955212
2014-08-22,281.631076,281.736789,275.949981,276.053601,276.053601,2222672
2014-08-25,276.053601,277.597066,274.209141,275.750914,275.750914,7317611
2014-08-26,275.750914,281.937941,275.722021,281.908403,281.908403,9583691
2014-08-27,281.908403,282.781497,276.568264,277.427480,277.427480,5418150
2014-08-28,277.427480,279.044561,273.394155,274.997070,274.997070,5195787
2014-08-29,274.997070,278.212766,274.190304,277.398953,277.398953,7180417
2014-09-01,277.398953,282.661163,276.203498,281.448257,281.448257,8412900
2014-09-02,281.448257,281.938390,280.131221,280.619911,280.619911,3427555
2014-09-03,280.619911,282.662196,273.691488,275.697952,275.697952,8713378
2014-09-04,275.697952,275.889432,272.158278,272.347431,272.347431,5903152
2014-09-05,272.347431,274.120108,272.278585,274.050832,274.050832,6196966
2014-09-08,274.050832,274.065151,271.609155,271.623347,271.623347,6393070
2014-09-09,271.623347,281.123718,270.085100,279.540635,279.540635,4189274
2014-09-10,279.540635,281.502117,276.348536,278.301323,278.301323,6389974
2014-09-11,278.301323,283.077103,277.164886,281.925865,281.925865,4009725
2014-09-12,281.925865,281.965128,281.327515,281.366700,281.366700,6891408
2014-09-15,281.366700,284.444777,280.411040,283.481932,283.481932,5057806
2014-09-16,283.481932,284.496795,280.212760,281.219524,281.219524,4426876
2014-09-17,281.219524,282.929098,272.992680,274.662392,274.662392,4164641
2014-09-18,274.662392,278.736713,273.874370,277.939289,277.939289,11857213
2014-09-19,277.939289,278.370746,276.436492,276.866283,276.866283,7422458
2014-09-22,276.866283,279.463603,273.763626,276.356160,276.356160,3040164
2014-09-23,276.356160,276.403302,273.948776,273.995516,273.995516,6908958
2014-09-24,273.995516,274.308086,271.181093,271.490806,271.490806,5720835
2014-09-25,271.490806,271.515237,271.312584,271.337001,271.337001,8082196
2014-09-26,271.337001,274.274636,270.548608,273.480016,273.480016,3313219
2014-09-29,273.480016,276.813064,272.984628,276.312546,276.312546,5918512
2014-09-30,276.312546,280.668329,275.759862,280.108053,280.108053,7943983
2014-10-01,280.108053,284.403355,278.510485,282.790488,282.790488,4482588
2014-10-02,282.790488,283.359203,280.233663,280.798371,280.798371,8646535
2014-10-03,280.798371,282.326759,277.151034,278.667826,278.667826,4419115
2014-10-06,278.667826,279.796571,278.644762,279.773416,279.773416,5829683
2014-10-07,279.773416,286.042320,278.309054,284.552942,284.552942,6591826
2014-10-08,284.552942,285.530890,279.145665,280.108339,280.108339,3839070
2014-10-09,280.108339,280.862406,278.008369,278.758804,278.758804,4227357
2014-10-10,278.758804,280.518218,277.651247,279.408081,279.408081,8604323
2014-10-13,279.408081,280.129719,274.531619,275.242499,275.242499,7219372
2014-10-14,275.242499,277.957466,274.674497,277.385043,277.385043,7045693
2014-10-15,277.385043,286.018760,277.051155,285.674894,285.674894,5291341
2014-10-16,285.674894,290.613531,284.855871,289.782731,289.782731,8902156
2014-10-17,289.782731,291.067962,286.437648,287.713703,287.713703,9443400
2014-10-20,287.713703,288.016449,281.031712,281.327738,281.327738,5341164
2014-10-21,281.327738,281.725322,276.529634,276.920991,276.920991,5143763
2014-10-22,276.920991,277.506506,274.198383,274.779369,274.779369,6315887
2014-10-23,274.779369,281.970504,272.944109,280.099708,280.099708,4723466
2014-10-24,280.099708,287.549090,278.367376,285.781617,285.781617,4491965
2014-10-27,285.781617,288.383929,277.467020,280.016839,280.016839,5538803
2014-10-28,280.016839,280.156426,279.881502,280.021087,280.021087,8164289
2014-10-29,280.021087,281.203823,271.398709,272.549889,272.549889,4905760
2014-10-30,272.549889,274.120767,265.337102,266.875273,266.875273,6453037
2014-10-31,266.875273,267.003585,263.888402,264.015340,264.015340,8006741
2014-11-03,264.015340,265.217315,262.953043,264.154459,264.154459,3074551
2014-11-04,264.154459,264.243772,263.542581,263.631717,263.631717,5239799
2014-11-05,263.631717,265.131460,256.004897,257.469586,257.469586,3246054
2014-11-06,257.469586,261.732782,257.038919,261.295715,261.295715,10022772
2014-11-07,261.295715,261.692795,257.470139,257.862001,257.862001,6055550
2014-11-10,257.862001,259.911404,257.775477,259.824220,259.824220,4240985
2014-11-11,259.824220,262.773953,258.915719,261.858340,261.858340,3766558
2014-11-12,261.858340,263.810774,260.625145,262.574208,262.574208,8599338
2014-11-13,262.574208,268.183612,262.415731,268.021846,268.021846,5526992
2014-11-14,268.021846,268.120899,263.883193,263.980752,263.980752,7313600
2014-11-17,263.980752,265.653852,263.288194,264.958728,264.958728,5869842
2014-11-18,264.958728,269.014456,264.354810,268.402688,268.402688,13949568
2014-11-19,268.402688,268.411498,265.819295,265.828021,265.828021,6083990
2014-11-20,265.828021,269.242966,264.643173,268.048222,268.048222,5711898
2014-11-21,268.048222,268.344532,267.643649,267.939839,267.939839,5336235
2014-11-24,267.939839,268.980352,257.916254,258.921747,258.921747,7139559
2014-11-25,258.921747,261.873605,258.200286,261.145946,261.145946,3778312
2014-11-26,261.145946,262.321625,258.991057,260.162308,260.162308,6795411
2014-11-27,260.162308,260.497837,251.956307,252.281673,252.281673,3721700
2014-11-28,252.281673,253.007904,251.558761,252.284982,252.284982,5277381
2014-12-01,252.284982,258.570148,250.948447,257.207534,257.207534,5049371
2014-12-02,257.207534,259.970446,256.049250,258.804968,258.804968,8781226
2014-12-03,258.804968,261.976028,251.493161,254.612856,254.612856,5028231
2014-12-04,254.612856,254.949906,252.696766,253.031723,253.031723,12858600
2014-12-05,253.031723,259.048258,251.355960,257.343936,257.343936,5338643
2014-12-08,257.343936,257.937407,255.387080,255.977400,255.977400,5120368
2014-12-09,255.977400,258.932602,255.154600,258.102970,258.102970,5332936
2014-12-10,258.102970,259.277874,256.850604,258.025153,258.025153,7477362
2014-12-11,258.025153,260.619119,256.848262,259.435793,259.435793,3468467
2014-12-12,259.435793,259.722165,248.413922,248.688431,248.688431,4243285
2014-12-15,248.688431,249.451735,246.453811,247.212585,247.212585,9853781
2014-12-16,247.212585,247.227015,243.566744,243.580962,243.580962,6371154
2014-12-17,243.580962,250.008887,242.145056,248.543726,248.543726,2739103
2014-12-18,248.543726,250.686699,243.515613,245.633493,245.633493,8799147
2014-12-19,245.633493,245.972617,243.291406,243.627760,243.627760,7172606
2014-12-22,243.627760,245.344024,243.129873,244.843653,244.843653,6834665
2014-12-23,244.843653,246.109541,243.517566,244.783141,244.783141,3272710
2014-12-24,244.783141,249.411521,242.682392,247.289264,247.289264,6781547
2014-12-25,247.289264,247.673414,246.873803,247.257904,247.257904,6050298
2014-12-26,247.257904,247.324348,245.495182,245.561170,245.561170,14345149
2014-12-29,245.561170,246.119949,244.540590,245.098316,245.098316,7198751
2014-12-30,245.098316,247.122947,242.791089,244.813367,244.813367,4091335
2014-12-31,244.813367,245.803878,242.259758,243.243919,243.243919,4982903
2015-01-01,243.243919,243.951000,238.230670,238.925197,238.925197,4240078
2015-01-02,238.925197,246.140450,238.449436,245.651296,245.651296,10130120
2015-01-05,245.651296,247.235971,244.419915,246.002827,246.002827,5825508
2015-01-06,246.002827,247.919434,245.896662,247.812488,247.812488,6618488
2015-01-07,247.812488,249.628058,245.873343,247.688001,247.688001,6772027
2015-01-08,247.688001,249.823265,247.214300,249.346393,249.346393,8677724
2015-01-09,249.346393,250.848962,243.070926,244.544559,244.544559,6598635
2015-01-12,244.544559,247.701382,244.388187,247.543093,247.543093,2774989
2015-01-13,247.543093,248.688143,243.475775,244.607245,244.607245,6587408
2015-01-14,244.607245,245.409618,242.455950,243.253884,243.253884,3751044
2015-01-15,243.253884,244.194982,239.182246,240.111186,240.111186,6572065
2015-01-16,240.111186,240.545533,239.256693,239.690278,239.690278,4718910
2015-01-19,239.690278,242.585436,237.245361,240.135972,240.135972,3225736
2015-01-20,240.135972,241.309813,233.013646,234.158267,234.158267,2881843
2015-01-21,234.158267,239.767860,233.689890,239.289220,239.289220,3868269
2015-01-22,239.289220,242.540581,238.505758,241.749065,241.749065,6557301
2015-01-23,241.749065,242.550579,240.433574,241.233378,241.233378,6157945
2015-01-26,241.233378,241.300345,239.897299,239.963914,239.963914,6359906
2015-01-27,239.963914,240.110046,238.821050,238.966574,238.966574,13259273
2015-01-28,238.966574,239.745077,236.617257,237.390626,237.390626,4818053
2015-01-29,237.390626,240.337572,236.141363,239.079422,239.079422,5357844
2015-01-30,239.079422,242.241038,237.918355,241.070303,241.070303,10696053
2015-02-02,241.070303,243.388943,241.004545,243.322571,243.322571,6086489
2015-02-03,243.322571,243.464176,236.479055,236.616757,236.616757,5581482
2015-02-04,236.616757,237.058978,233.073615,233.510029,233.510029,5482799
2015-02-05,233.510029,239.221099,232.730532,238.425194,238.425194,3026365
2015-02-06,238.425194,239.834380,227.182187,228.532906,228.532906,4497069
2015-02-09,228.532906,229.532336,225.336263,226.326042,226.326042,4332107
2015-02-10,226.326042,227.404014,224.294257,225.367664,225.367664,4303596
2015-02-11,225.367664,226.132251,224.898783,225.662756,225.662756,2707592
2015-02-12,225.662756,226.073854,222.360972,222.766794,222.766794,10611238
2015-02-13,222.766794,226.925121,221.187132,225.327302,225.327302,8735550
2015-02-16,225.327302,225.459183,221.767440,221.897313,221.897313,5295180
2015-02-17,221.897313,222.360642,218.958028,219.416176,219.416176,7144912
2015-02-18,219.416176,222.951479,217.654813,221.175989,221.175989,3928228
2015-02-19,221.175989,222.030314,215.928509,216.765799,216.765799,2191318
2015-02-20,216.765799,216.864265,214.259968,214.357339,214.357339,6859914
2015-02-23,214.357339,214.802356,213.917140,214.362146,214.362146,4540178
2015-02-24,214.362146,219.346972,214.159159,219.139461,219.139461,2611629
2015-02-25,219.139461,219.207446,215.786558,215.853523,215.853523,8608342
2015-02-26,215.853523,216.023565,209.539581,209.704779,209.704779,7140242
2015-02-27,209.704779,209.805952,205.814880,205.914224,205.914224,9904744
2015-03-02,205.914224,206.244832,204.721765,205.050988,205.050988,6738518
2015-03-03,205.050988,208.830457,204.659394,208.432405,208.432405,7863497
2015-03-04,208.432405,208.508007,207.223844,207.299034,207.299034,4005438
2015-03-05,207.299034,208.076485,201.237682,201.995241,201.995241,5708105
2015-03-06,201.995241,203.363575,198.372176,199.725132,199.725132,7339097
2015-03-09,199.725132,203.362195,198.838673,202.463582,202.463582,4208129
2015-03-10,202.463582,203.358878,200.190214,201.079390,201.079390,7841379
2015-03-11,201.079390,207.498253,199.238209,205.615537,205.615537,7495417
2015-03-12,205.615537,207.204782,202.913038,204.493610,204.493610,6363996
2015-03-13,204.493610,205.223079,202.083182,202.806633,202.806633,2612086
2015-03-16,202.806633,212.044993,202.017623,211.223239,211.223239,7722667
2015-03-17,211.223239,213.100967,204.737342,206.573738,206.573738,4411560
2015-03-18,206.573738,207.255524,204.865277,205.543664,205.543664,7282477
2015-03-19,205.543664,205.695530,204.903977,205.055482,205.055482,5489295
2015-03-20,205.055482,208.222352,204.857703,208.021712,208.021712,5839859
2015-03-23,208.021712,208.400469,205.593321,205.968338,205.968338,4363285
2015-03-24,205.968338,211.977654,205.757594,211.760983,211.760983,6329334
2015-03-25,211.760983,213.844227,210.915822,212.994145,212.994145,6994354
2015-03-26,212.994145,213.660468,211.042732,211.705022,211.705022,6239696
2015-03-27,211.705022,212.072304,211.521481,211.888604,211.888604,3403345
2015-03-30,211.888604,213.110776,208.327740,209.536344,209.536344,6623335
2015-03-31,209.536344,209.641222,203.168950,203.270692,203.270692,9807470
2015-04-01,203.270692,205.889141,202.396700,205.007680,205.007680,4672457
2015-04-02,205.007680,208.427887,204.131062,207.540439,207.540439,9047170
2015-04-03,207.540439,210.199862,207.223716,209.879569,209.879569,10064730
2015-04-06,209.879569,210.284769,208.659798,209.063422,209.063422,6329324
2015-04-07,209.063422,210.755463,208.292825,209.981482,209.981482,5143801
2015-04-08,209.981482,211.985568,205.552901,207.533624,207.533624,5986754
2015-04-09,207.533624,208.933005,204.806449,206.196816,206.196816,7609671
2015-04-10,206.196816,209.166218,205.677951,208.641202,208.641202,4097357
2015-04-13,208.641202,208.688655,205.870133,205.916967,205.916967,3724988
2015-04-14,205.916967,213.496986,205.132370,212.686594,212.686594,7129243
2015-04-15,212.686594,214.050888,212.593324,213.957060,213.957060,5255481
2015-04-16,213.957060,214.364152,211.653255,212.056731,212.056731,6125173
2015-04-17,212.056731,216.681601,211.516536,216.131026,216.131026,4806080
2015-04-20,216.131026,216.499429,214.585284,214.951676,214.951676,5837549
2015-04-21,214.951676,219.250249,214.283303,218.570623,218.570623,7737278
2015-04-22,218.570623,218.824445,218.390209,218.643970,218.643970,6966134
2015-04-23,218.643970,219.468803,212.710342,213.515829,213.515829,6161829
2015-04-24,213.515829,215.309679,207.636339,209.395572,209.395572,8801019
2015-04-27,209.395572,210.006724,208.680535,209.291383,209.291383,4112178
2015-04-28,209.291383,209.916943,206.851997,207.472119,207.472119,4222630
2015-04-29,207.472119,208.900341,205.065484,206.486924,206.486924,8983065
2015-04-30,206.486924,207.256929,206.088720,206.858010,206.858010,8688978
2015-05-01,206.858010,206.879950,204.323468,204.345141,204.345141,6843879
2015-05-04,204.345141,209.358373,203.224641,208.216644,208.216644,2154101
2015-05-05,208.216644,210.963139,207.459765,210.199054,210.199054,8713248
2015-05-06,210.199054,217.621757,209.588406,216.991377,216.991377,6775853
2015-05-07,216.991377,219.122494,216.431017,218.558088,218.558088,7019086
2015-05-08,218.558088,220.241272,209.144334,210.767520,210.767520,4149380
2015-05-11,210.767520,216.041608,209.401560,214.650483,214.650483,10435885
2015-05-12,214.650483,217.805778,214.358428,217.509832,217.509832,6313719
2015-05-13,217.509832,218.092856,214.430025,215.006338,215.006338,7493929
2015-05-14,215.006338,216.164929,208.458390,209.587782,209.587782,14852966
2015-05-15,209.587782,210.055207,208.448026,208.913949,208.913949,7137307
2015-05-18,208.913949,210.684071,204.317549,206.063519,206.063519,6724546
2015-05-19,206.063519,208.041549,205.586682,207.561246,207.561246,4692868
2015-05-20,207.561246,207.571569,205.996384,206.006630,206.006630,6927185
2015-05-21,206.006630,208.589288,204.063828,206.640507,206.640507,4666970
2015-05-22,206.640507,206.674786,204.976673,205.010681,205.010681,5901303
2015-05-25,205.010681,205.934285,197.852503,198.747892,198.747892,9019789
2015-05-26,198.747892,201.124142,198.744835,201.121049,201.121049,5531815
2015-05-27,201.121049,201.153209,201.111232,201.143391,201.143391,6415259
2015-05-28,201.143391,204.007211,200.518578,203.375465,203.375465,13431744
2015-05-29,203.375465,204.079368,200.184872,200.880138,200.880138,6326457
2015-06-01,200.880138,206.469857,198.783307,204.336942,204.336942,4835916
2015-06-02,204.336942,204.650663,199.379281,199.685860,199.685860,4724651
2015-06-03,199.685860,200.119092,197.607407,198.037062,198.037062,6110474
2015-06-04,198.037062,201.252381,197.116144,200.320843,200.320843,4872158
2015-06-05,200.320843,201.449063,200.180065,201.307591,201.307591,8766383
2015-06-08,201.307591,202.162200,197.809216,198.652553,198.652553,5874212
2015-06-09,198.652553,207.514236,198.434023,207.286208,207.286208,4032921
2015-06-10,207.286208,209.132606,205.852356,207.695920,207.695920,4162171
2015-06-11,207.695920,207.883885,206.250346,206.437171,206.437171,9711792
2015-06-12,206.437171,211.481039,204.443475,209.458167,209.458167,7814298
2015-06-15,209.458167,213.221217,209.153239,212.911261,212.911261,3914443
2015-06-16,212.911261,215.356445,211.828187,214.266477,214.266477,7982773
2015-06-17,214.266477,216.810833,213.227295,215.764386,215.764386,5801498
2015-06-18,215.764386,216.608567,213.096972,213.933991,213.933991,7795821
2015-06-19,213.933991,213.999894,210.409918,210.474755,210.474755,4166309
2015-06-22,210.474755,211.111916,209.163678,209.798792,209.798792,5646840
2015-06-23,209.798792,212.839301,208.910417,211.941851,211.941851,8874896
2015-06-24,211.941851,212.544488,211.763931,212.366213,212.366213,6978895
2015-06-25,212.366213,212.605500,211.675230,211.914008,211.914008,7527934
2015-06-26,211.914008,214.122324,211.382139,213.586257,213.586257,4337743
2015-06-29,213.586257,213.639554,213.262930,213.316159,213.316159,4978837
2015-06-30,213.316159,213.741001,210.514453,210.934552,210.934552,5961882
2015-07-01,210.934552,211.739470,208.598163,209.397215,209.397215,4703008
2015-07-02,209.397215,212.089834,209.240620,211.931344,211.931344,5525822
2015-07-03,211.931344,212.402227,211.285146,211.755638,211.755638,5187840
2015-07-06,211.755638,214.068284,211.149170,213.456943,213.456943,2888708
2015-07-07,213.456943,215.882382,212.726147,215.145804,215.145804,2658040
2015-07-08,215.145804,216.089738,209.428335,210.351234,210.351234,9559525
2015-07-09,210.351234,214.332693,209.866708,213.840131,213.840131,2232288
2015-07-10,213.840131,214.546778,210.999894,211.699467,211.699467,4508160
2015-07-13,211.699467,213.543469,211.664083,213.507783,213.507783,7641758
2015-07-14,213.507783,213.719368,212.164325,212.374787,212.374787,6095535
2015-07-15,212.374787,212.927780,208.975648,209.521210,209.521210,6738374
2015-07-16,209.521210,210.039959,208.459174,208.976574,208.976574,7448920
2015-07-17,208.976574,221.729915,208.795351,221.537799,221.537799,4975269
2015-07-20,221.537799,223.218191,218.619070,220.289997,220.289997,10992426
2015-07-21,220.289997,227.116372,219.746291,226.557197,226.557197,8223287
2015-07-22,226.557197,227.042083,222.288726,222.765496,222.765496,3661971
2015-07-23,222.765496,223.406201,220.755779,221.392535,221.392535,4615998
2015-07-24,221.392535,221.569475,219.700664,219.876392,219.876392,3913229
2015-07-27,219.876392,226.526038,219.286979,225.920424,225.920424,5804860
2015-07-28,225.920424,226.185203,224.969172,225.233146,225.233146,8132942
2015-07-29,225.233146,226.025555,224.242309,225.034018,225.034018,5100776
2015-07-30,225.034018,228.541612,223.909285,227.405029,227.405029,5173413
2015-07-31,227.405029,233.191940,227.158470,232.939382,232.939382,6873313
2015-08-03,232.939382,233.361253,228.729188,229.144186,229.144186,5006233
2015-08-04,229.144186,230.839877,226.544244,228.233194,228.233194,9701926
2015-08-05,228.233194,228.569978,227.334774,227.670728,227.670728,7506539
2015-08-06,227.670728,228.428746,223.395816,224.142085,224.142085,6281700
2015-08-07,224.142085,224.590191,222.405612,222.851137,222.851137,6921597
2015-08-10,222.851137,226.180888,222.772246,226.100846,226.100846,5699547
2015-08-11,226.100846,227.245894,223.307653,224.444312,224.444312,14406313
2015-08-12,224.444312,229.470706,224.065101,229.083657,229.083657,3437004
2015-08-13,229.083657,230.332985,228.744791,229.992775,229.992775,5517524
2015-08-14,229.992775,230.306708,227.062573,227.372930,227.372930,8051099
2015-08-17,227.372930,233.464561,225.680018,231.739140,231.739140,5838409
2015-08-18,231.739140,232.086419,227.096235,227.437067,227.437067,5004227
2015-08-19,227.437067,231.939887,227.356332,231.857583,231.857583,3704266
2015-08-20,231.857583,232.601218,230.442135,231.183608,231.183608,9298806
2015-08-21,231.183608,232.670389,230.785524,232.270433,232.270433,4292120
2015-08-24,232.270433,233.229958,225.125928,226.059797,226.059797,6484192
2015-08-25,226.059797,227.447268,225.131462,226.517056,226.517056,5087143
2015-08-26,226.517056,227.029803,223.059076,223.565141,223.565141,4602176
2015-08-27,223.565141,224.966049,223.021716,224.420545,224.420545,6448210
2015-08-28,224.420545,225.408393,218.069864,219.034002,219.034002,4543609
2015-08-31,219.034002,219.407932,218.511028,218.884703,218.884703,8997143
2015-09-01,218.884703,220.868925,218.632801,220.615032,220.615032,5022936
2015-09-02,220.615032,220.736700,219.962456,220.083831,220.083831,8286521
2015-09-03,220.083831,220.424811,219.081399,219.421353,219.421353,7763055
2015-09-04,219.421353,219.902782,215.967114,216.442007,216.442007,2890848
2015-09-07,216.442007,217.143731,215.484953,216.185847,216.185847,4209329
2015-09-08,216.185847,216.630783,211.498861,211.935049,211.935049,5631873
2015-09-09,211.935049,212.003061,211.794414,211.862403,211.862403,5610216
2015-09-10,211.862403,212.211286,206.584659,206.925412,206.925412,6609460
2015-09-11,206.925412,207.668691,201.122086,201.847123,201.847123,6599099
2015-09-14,201.847123,202.498529,201.048251,201.699179,201.699179,5456224
2015-09-15,201.699179,202.567809,196.874825,197.726345,197.726345,4243318
2015-09-16,197.726345,201.236497,196.380872,199.876393,199.876393,4627718
2015-09-17,199.876393,200.848258,194.989361,195.942096,195.942096,5577553
2015-09-18,195.942096,198.676733,195.472506,198.201727,198.201727,8211092
2015-09-21,198.201727,198.683426,197.646017,198.127536,198.127536,4690278
2015-09-22,198.127536,199.136886,197.665928,198.674004,198.674004,8239371
2015-09-23,198.674004,201.199549,197.508947,200.026561,200.026561,3767065
2015-09-24,200.026561,200.458696,199.244937,199.676315,199.676315,8584148
2015-09-25,199.676315,202.199804,199.081950,201.599713,201.599713,4759714
2015-09-28,201.599713,202.762001,193.942006,195.066628,195.066628,4485119
2015-09-29,195.066628,196.513773,194.480839,195.925404,195.925404,7960172
2015-09-30,195.925404,196.613798,195.584230,196.272020,196.272020,6574600
2015-10-01,196.272020,197.566711,194.217672,195.507318,195.507318,3011337
2015-10-02,195.507318,196.218495,193.196927,193.902265,193.902265,4500796
2015-10-05,193.902265,194.382758,193.372825,193.853197,193.853197,4808423
2015-10-06,193.853197,194.815559,190.524192,191.474747,191.474747,3111015
2015-10-07,191.474747,191.669731,190.405854,190.599947,190.599947,5276161
2015-10-08,190.599947,190.777347,190.343299,190.520625,190.520625,12139044
2015-10-09,190.520625,191.225853,189.744796,190.449762,190.449762,4967055
2015-10-12,190.449762,192.487786,190.024528,192.058959,192.058959,6264476
2015-10-13,192.058959,194.016841,191.858718,193.814770,193.814770,8654511
2015-10-14,193.814770,201.236852,192.813718,200.202805,200.202805,10861296
2015-10-15,200.202805,201.068328,196.361905,197.214508,197.214508,8703862
2015-10-16,197.214508,197.838186,194.682465,195.300088,195.300088,9445044
2015-10-19,195.300088,196.290415,192.784767,193.767320,193.767320,9385041
2015-10-20,193.767320,195.066091,187.415015,188.679684,188.679684,7201000
2015-10-21,188.679684,188.777204,188.143194,188.240487,188.240487,5593587
2015-10-22,188.240487,189.723024,187.615445,189.095143,189.095143,7502171
2015-10-23,189.095143,189.167346,185.667088,185.738008,185.738008,12235286
2015-10-26,185.738008,186.188981,183.238134,183.684120,183.684120,6734738
2015-10-27,183.684120,183.900042,176.845813,177.053942,177.053942,3772157
2015-10-28,177.053942,177.945906,173.786112,174.666046,174.666046,7537728
2015-10-29,174.666046,175.489870,171.708333,172.522044,172.522044,6878745
2015-10-30,172.522044,176.662094,172.250162,176.384126,176.384126,5668949
2015-11-02,176.384126,178.930437,175.110744,177.647931,177.647931,7239449
2015-11-03,177.647931,178.220172,176.837585,177.409057,177.409057,10043594
2015-11-04,177.409057,179.102265,174.719762,176.403372,176.403372,6458996
2015-11-05,176.403372,177.244168,174.260541,175.095101,175.095101,9884710
2015-11-06,175.095101,175.556146,174.940090,175.400865,175.400865,5570661
2015-11-09,175.400865,175.765475,174.276215,174.639242,174.639242,7325824
2015-11-10,174.639242,177.163766,173.950455,176.467768,176.467768,7766939
2015-11-11,176.467768,177.182534,174.097592,174.805626,174.805626,4477246
2015-11-12,174.805626,177.052131,174.025390,176.265379,176.265379,7800143
2015-11-13,176.265379,181.284626,174.789577,179.779402,179.779402,7979446
2015-11-16,179.779402,180.843976,178.218851,179.280470,179.280470,5847655
2015-11-17,179.280470,179.475738,179.056897,179.252133,179.252133,5763542
2015-11-18,179.252133,181.043647,178.348884,180.135944,180.135944,7188889
2015-11-19,180.135944,184.107287,179.304981,183.261904,183.261904,5571889
2015-11-20,183.261904,183.370519,178.038592,178.144174,178.144174,4824789
2015-11-23,178.144174,179.438988,177.326990,178.619623,178.619623,5007973
2015-11-24,178.619623,184.709580,177.576494,183.637148,183.637148,6656606
2015-11-25,183.637148,184.036935,181.360803,181.756496,181.756496,3701180
2015-11-26,181.756496,183.296041,181.629125,183.167681,183.167681,5690839
2015-11-27,183.167681,184.398271,182.977625,184.207137,184.207137,4670825
2015-11-30,184.207137,185.389969,178.370068,179.522821,179.522821,7311966
2015-12-01,179.522821,179.710187,175.273900,175.457024,175.457024,8115799
2015-12-02,175.457024,178.322790,173.974952,176.829128,176.829128,6288498
2015-12-03,176.829128,177.545393,176.794544,177.510676,177.510676,7796276
2015-12-04,177.510676,177.824285,175.294387,175.604630,175.604630,8428815
2015-12-07,175.604630,177.241338,175.028211,176.661450,176.661450,5354140
2015-12-08,176.661450,177.672530,176.112036,177.121685,177.121685,3856175
2015-12-09,177.121685,178.753535,176.071314,177.699736,177.699736,8025450
2015-12-10,177.699736,182.580047,176.310660,181.163892,181.163892,5808847
2015-12-11,181.163892,181.917415,179.998706,180.750510,180.750510,5454166
2015-12-14,180.750510,181.168527,178.742362,179.156693,179.156693,8315302
2015-12-15,179.156693,179.868802,175.288979,175.988495,175.988495,6883209
2015-12-16,175.988495,176.503349,173.060776,173.568550,173.568550,4537506
2015-12-17,173.568550,174.011451,172.222437,172.663027,172.663027,2877247
2015-12-18,172.663027,173.396038,172.474590,173.207007,173.207007,8473256
2015-12-21,173.207007,173.582779,172.642957,173.018320,173.018320,6080512
2015-12-22,173.018320,175.269010,172.078339,174.321946,174.321946,5940040
2015-12-23,174.321946,177.847092,174.105469,177.626511,177.626511,5375440
2015-12-24,177.626511,179.681985,174.590004,176.633992,176.633992,3407980
2015-12-25,176.633992,180.278541,175.137943,178.764447,178.764447,4882586
2015-12-28,178.764447,179.589648,177.317330,178.139647,178.139647,9839022
2015-12-29,178.139647,178.771962,175.829836,176.456175,176.456175,11045667
2015-12-30,176.456175,176.890069,174.351001,174.780776,174.780776,5069811
2015-12-31,174.780776,175.288961,174.742338,175.250420,175.250420,9395631
2016-01-01,175.250420,175.920362,174.407565,175.076844,175.076844,6535087
2016-01-04,175.076844,175.203345,173.691980,173.817571,173.817571,5724387
2016-01-05,173.817571,173.999078,170.768734,170.947243,170.947243,7177446
2016-01-06,170.947243,173.525790,170.738845,173.314506,173.314506,9206472
2016-01-07,173.314506,174.144723,172.830331,173.659583,173.659583,6143335
2016-01-08,173.659583,174.639978,173.366851,174.346089,174.346089,5397895
2016-01-11,174.346089,175.638461,173.438051,174.728432,174.728432,9226558
2016-01-12,174.728432,176.374322,173.044433,174.689962,174.689962,6222421
2016-01-13,174.689962,181.087790,173.801068,180.171006,180.171006,10228345
2016-01-14,180.171006,182.748393,179.361500,181.930980,181.930980,5768558
2016-01-15,181.930980,184.771425,181.796006,184.634446,184.634446,3747793
2016-01-18,184.634446,189.259301,184.468824,189.089683,189.089683,5956468
2016-01-19,189.089683,191.419859,188.342995,190.666944,190.666944,5746574
2016-01-20,190.666944,190.798573,190.142691,190.274049,190.274049,6806730
2016-01-21,190.274049,192.247332,190.000561,191.971405,191.971405,6516642
2016-01-22,191.971405,192.158327,191.284652,191.471087,191.471087,5841485
2016-01-25,191.471087,191.520697,187.207816,187.256334,187.256334,4227023
2016-01-26,187.256334,187.300993,184.108947,184.152866,184.152866,5280841
2016-01-27,184.152866,190.687396,183.280470,189.788303,189.788303,7575299
2016-01-28,189.788303,190.734492,187.259882,188.198143,188.198143,4408808
2016-01-29,188.198143,188.378971,185.153578,185.331652,185.331652,5998251
2016-02-01,185.331652,185.350497,183.263299,183.281936,183.281936,2993486
2016-02-02,183.281936,187.779414,182.573512,187.056401,187.056401,4194207
2016-02-03,187.056401,190.860282,186.008822,189.797353,189.797353,5301523
2016-02-04,189.797353,189.909065,187.337360,187.447690,187.447690,2653331
2016-02-05,187.447690,190.902511,187.293849,190.745964,190.745964,7388674
2016-02-08,190.745964,191.414781,189.697185,190.364666,190.364666,7657096
2016-02-09,190.364666,190.778306,188.921007,189.332404,189.332404,8288892
2016-02-10,189.332404,189.971468,187.422397,188.057157,188.057157,5727101
2016-02-11,188.057157,188.499786,185.791723,186.230052,186.230052,6175752
2016-02-12,186.230052,186.300133,182.961519,183.030396,183.030396,8926002
2016-02-15,183.030396,186.848224,182.181974,185.986101,185.986101,7103041
2016-02-16,185.986101,186.081828,185.619208,185.714795,185.714795,3711345
2016-02-17,185.714795,189.903081,184.782642,188.954666,188.954666,3573922
2016-02-18,188.954666,197.023375,188.488116,196.538100,196.538100,9161512
2016-02-19,196.538100,200.028986,196.164571,199.649544,199.649544,5194100
2016-02-22,199.649544,204.264554,198.937375,203.538512,203.538512,7539911
2016-02-23,203.538512,207.242489,202.580202,206.271311,206.271311,7764169
2016-02-24,206.271311,206.636927,205.106712,205.470909,205.470909,5782106
2016-02-25,205.470909,208.250468,205.380053,208.158423,208.158423,8023020
2016-02-26,208.158423,211.431543,206.887855,210.148826,210.148826,2342780
2016-02-29,210.148826,213.436108,210.064325,213.350320,213.350320,6352541
2016-03-01,213.350320,213.904812,212.133552,212.686318,212.686318,5276774
2016-03-02,212.686318,213.403633,210.771872,211.485137,211.485137,5107772
2016-03-03,211.485137,212.252609,210.498433,211.265107,211.265107,6212763
2016-03-04,211.265107,214.187460,211.122415,214.042892,214.042892,5134283
2016-03-07,214.042892,216.324700,213.827689,216.107421,216.107421,5512362
2016-03-08,216.107421,217.755641,215.392436,217.037578,217.037578,8296976
2016-03-09,217.037578,217.268082,215.342641,215.571588,215.571588,4688930
2016-03-10,215.571588,217.647379,215.096806,217.169079,217.169079,5160539
2016-03-11,217.169079,220.493716,216.387272,219.702787,219.702787,13098818
2016-03-14,219.702787,220.532145,216.967788,217.789925,217.789925,3306883
2016-03-15,217.789925,218.003699,217.497060,217.710757,217.710757,12249255
2016-03-16,217.710757,222.077669,217.686151,222.052573,222.052573,5498904
2016-03-17,222.052573,222.178847,220.440288,220.565717,220.565717,5100172
2016-03-18,220.565717,225.109861,219.881729,224.413940,224.413940,5731100
2016-03-21,224.413940,227.013595,223.713964,226.307712,226.307712,6345113
2016-03-22,226.307712,230.833715,225.809078,230.326226,230.326226,8774819
2016-03-23,230.326226,231.865361,226.748675,228.274097,228.274097,8072843
2016-03-24,228.274097,228.727149,227.504851,227.957275,227.957275,11764263
2016-03-25,227.957275,229.123012,225.786797,226.947370,226.947370,8730473
2016-03-28,226.947370,229.568369,226.330916,228.946485,228.946485,3697246
2016-03-29,228.946485,229.725867,228.054499,228.833496,228.833496,8008204
2016-03-30,228.833496,232.960472,228.403903,232.523951,232.523951,4411423
2016-03-31,232.523951,233.146437,231.181599,231.802154,231.802154,10319122
2016-04-01,231.802154,231.988578,230.704802,230.890493,230.890493,7677641
2016-04-04,230.890493,233.201530,229.820209,232.125520,232.125520,5190040
2016-04-05,232.125520,237.895073,232.029810,237.797024,237.797024,6144991
2016-04-06,237.797024,242.430593,237.509434,242.137752,242.137752,6267790
2016-04-07,242.137752,244.186568,238.833052,240.871150,240.871150,5136711
2016-04-08,240.871150,246.464353,238.952930,244.517097,244.517097,6183592
2016-04-11,244.517097,244.747186,240.341152,240.567524,240.567524,6034439
2016-04-12,240.567524,240.755693,239.067905,239.255048,239.255048,5177294
2016-04-13,239.255048,246.189529,238.871509,245.795505,245.795505,3498175
2016-04-14,245.795505,247.081430,244.683669,245.968810,245.968810,4636263
2016-04-15,245.968810,246.003652,241.381148,241.415345,241.415345,2725992
2016-04-18,241.415345,242.181207,239.281133,240.042640,240.042640,6264451
2016-04-19,240.042640,240.336632,237.767476,238.059039,238.059039,8968674
2016-04-20,238.059039,241.401855,235.925353,239.257428,239.257428,8913519
2016-04-21,239.257428,241.733008,239.114242,241.588427,241.588427,5535284
2016-04-22,241.588427,243.378174,240.629816,242.416277,242.416277,9448333
2016-04-25,242.416277,242.681158,240.627672,240.890886,240.890886,8256719
2016-04-26,240.890886,244.604774,240.187782,243.892907,243.892907,13525812
2016-04-27,243.892907,244.982889,243.346046,244.434813,244.434813,6104319
2016-04-28,244.434813,244.627294,243.220950,243.412625,243.412625,3702797
2016-04-29,243.412625,245.640975,241.460057,243.686212,243.686212,8020063
2016-05-02,243.686212,248.230187,242.397526,246.924376,246.924376,10084581
2016-05-03,246.924376,247.336918,246.123649,246.535542,246.535542,2896592
2016-05-04,246.535542,249.529170,245.408582,248.393716,248.393716,10275512
2016-05-05,248.393716,254.315798,247.539945,253.444666,253.444666,6110976
2016-05-06,253.444666,254.586523,251.572003,252.710553,252.710553,3720148
2016-05-09,252.710553,260.729522,251.132938,259.111945,259.111945,3574089
2016-05-10,259.111945,261.298932,257.965664,260.148068,260.148068,3397452
2016-05-11,260.148068,260.598162,244.974980,245.399557,245.399557,6677564
2016-05-12,245.399557,249.235660,245.340491,249.175685,249.175685,5108456
2016-05-13,249.175685,249.331714,248.409694,248.565341,248.565341,7531409
2016-05-16,248.565341,249.134019,242.382569,242.938374,242.938374,5499255
2016-05-17,242.938374,245.660483,241.559458,244.273987,244.273987,5463017
2016-05-18,244.273987,248.109057,243.866547,247.695910,247.695910,6662932
2016-05-19,247.695910,252.471784,247.100663,251.866515,251.866515,8372189
2016-05-20,251.866515,253.695969,245.697164,247.494865,247.494865,6695000
2016-05-23,247.494865,249.403729,247.373607,249.281596,249.281596,11452273
2016-05-24,249.281596,260.627705,248.091611,259.389468,259.389468,9091020
2016-05-25,259.389468,270.085880,259.349366,270.044130,270.044130,4857294
2016-05-26,270.044130,276.136171,267.679149,273.738833,273.738833,7051082
2016-05-27,273.738833,275.789382,272.483698,274.530617,274.530617,6779188
2016-05-30,274.530617,276.049245,273.837968,275.354517,275.354517,4303241
2016-05-31,275.354517,276.325968,269.317343,270.270859,270.270859,4387343
2016-06-01,270.270859,274.616056,269.711848,274.049230,274.049230,5902089
2016-06-02,274.049230,274.286778,271.857385,272.093237,272.093237,5449093
2016-06-03,272.093237,275.197973,270.728204,273.824255,273.824255,4059256
2016-06-06,273.824255,274.591097,268.561960,269.316178,269.316178,5034908
2016-06-07,269.316178,269.893651,266.702131,267.275228,267.275228,3550851
2016-06-08,267.275228,272.203396,266.507479,271.423730,271.423730,4219107
2016-06-09,271.423730,278.259408,270.814199,277.635927,277.635927,3731928
2016-06-10,277.635927,285.692408,276.858329,284.894481,284.894481,6745128
2016-06-13,284.894481,288.071743,284.083589,287.254135,287.254135,3448658
2016-06-14,287.254135,289.053514,280.431024,282.198736,282.198736,5672636
2016-06-15,282.198736,283.072368,279.767710,280.636506,280.636506,8212993
2016-06-16,280.636506,280.695474,275.684012,275.741951,275.741951,3888201
2016-06-17,275.741951,276.212600,270.514842,270.977359,270.977359,5398858
2016-06-20,270.977359,271.660492,268.926963,269.606640,269.606640,6093544
2016-06-21,269.606640,272.250361,268.139994,270.777346,270.777346,5184156
2016-06-22,270.777346,270.840897,264.839060,264.901232,264.901232,7262473
2016-06-23,264.901232,268.256046,261.398169,264.751082,264.751082,7538661
2016-06-24,264.751082,265.721767,261.804368,262.767782,262.767782,6154879
2016-06-27,262.767782,270.764803,261.436068,269.399479,269.399479,4531881
2016-06-28,269.399479,269.553129,267.383330,267.535917,267.535917,10017296
2016-06-29,267.535917,271.120295,266.514681,270.089312,270.089312,3143032
2016-06-30,270.089312,271.202637,267.636781,268.744563,268.744563,8790649
2016-07-01,268.744563,272.813031,267.891045,271.949335,271.949335,9308706
2016-07-04,271.949335,277.248864,269.901182,275.176407,275.176407,6255627
2016-07-05,275.176407,277.336862,270.387804,272.527462,272.527462,4821377
2016-07-06,272.527462,274.800082,272.116312,274.386129,274.386129,9856465
2016-07-07,274.386129,276.647136,267.249777,269.470276,269.470276,3932874
2016-07-08,269.470276,269.982912,269.202818,269.715211,269.715211,7334799
2016-07-11,269.715211,272.534476,269.568784,272.386598,272.386598,5250570
2016-07-12,272.386598,272.731425,269.718701,270.060582,270.060582,6591965
2016-07-13,270.060582,272.605979,269.110503,271.650307,271.650307,6009056
2016-07-14,271.650307,274.259337,265.118429,267.689417,267.689417,7553709
2016-07-15,267.689417,270.509185,267.030613,269.845076,269.845076,7985735
2016-07-18,269.845076,271.169369,268.282058,269.605174,269.605174,3527315
2016-07-19,269.605174,269.838167,268.477941,268.710160,268.710160,6643858
2016-07-20,268.710160,271.376991,268.089134,270.751248,270.751248,5865518
2016-07-21,270.751248,271.207194,266.962797,267.413121,267.413121,3850566
2016-07-22,267.413121,268.594003,264.615811,265.789523,265.789523,6165152
2016-07-25,265.789523,266.920460,260.049791,261.161033,261.161033,6312377
2016-07-26,261.161033,262.606360,261.025884,262.470534,262.470534,5700233
2016-07-27,262.470534,263.048212,255.522246,256.085871,256.085871,6791674
2016-07-28,256.085871,256.312002,254.090863,254.315431,254.315431,5155156
2016-07-29,254.315431,257.337212,254.269216,257.290457,257.290457,5785235
2016-08-01,257.290457,257.890484,256.281152,256.880223,256.880223,9613418
2016-08-02,256.880223,257.658625,253.352535,254.122582,254.122582,5155960
2016-08-03,254.122582,254.285418,254.081921,254.244738,254.244738,9627683
2016-08-04,254.244738,263.189238,252.597266,261.494786,261.494786,7084682
2016-08-05,261.494786,262.569721,257.290029,258.352045,258.352045,7030187
2016-08-08,258.352045,259.936624,242.361612,243.857289,243.857289,5257365
2016-08-09,243.857289,244.029464,241.287869,241.458351,241.458351,8385393
2016-08-10,241.458351,242.014430,238.445666,238.996075,238.996075,5172639
2016-08-11,238.996075,242.323284,238.708158,242.031710,242.031710,8112489
2016-08-12,242.031710,242.650714,241.936935,242.555735,242.555735,11137540
2016-08-15,242.555735,245.855698,241.454430,244.744455,244.744455,19584369
2016-08-16,244.744455,244.834740,242.667937,242.757489,242.757489,2709782
2016-08-17,242.757489,242.966294,242.709378,242.918151,242.918151,8947948
2016-08-18,242.918151,245.155480,241.703097,243.935338,243.935338,6654310
2016-08-19,243.935338,244.847692,241.274319,242.180109,242.180109,6675919
2016-08-22,242.180109,242.353529,240.823979,240.996552,240.996552,17059162
2016-08-23,240.996552,242.468216,240.221730,241.691160,241.691160,11814662
2016-08-24,241.691160,247.758286,240.938859,246.989493,246.989493,8291216
2016-08-25,246.989493,251.997616,246.037814,251.030367,251.030367,4889349
2016-08-26,251.030367,251.504000,248.894976,249.365469,249.365469,3618422
2016-08-29,249.365469,249.705821,248.379532,248.719002,248.719002,10264545
2016-08-30,248.719002,250.032606,245.654297,246.958603,246.958603,4071036
2016-08-31,246.958603,247.555814,246.604405,247.201268,247.201268,6349868
2016-09-01,247.201268,247.486339,247.127452,247.412460,247.412460,5209826
2016-09-02,247.412460,247.720216,246.194287,246.500909,246.500909,3686565
2016-09-05,246.500909,247.646964,246.233777,247.378881,247.378881,6467737
2016-09-06,247.378881,250.263619,245.285771,248.163867,248.163867,11045827
2016-09-07,248.163867,248.619433,245.725070,246.176988,246.176988,8746735
2016-09-08,246.176988,247.677770,243.678003,245.172662,245.172662,3873585
2016-09-09,245.172662,247.162286,242.111119,244.091973,244.091973,4223364
2016-09-12,244.091973,245.029041,243.331122,244.267642,244.267642,6311218
2016-09-13,244.267642,251.534599,242.890991,250.124937,250.124937,10250487
2016-09-14,250.124937,250.951110,249.074945,249.900377,249.900377,4384614
2016-09-15,249.900377,250.639753,249.275094,250.014186,250.014186,6308582
2016-09-16,250.014186,255.441565,249.737103,255.158780,255.158780,14531628
2016-09-19,255.158780,255.809097,254.846682,255.496586,255.496586,3963943
2016-09-20,255.496586,256.377481,255.280199,256.160532,256.160532,4990807
2016-09-21,256.160532,258.538251,256.016876,258.393343,258.393343,3940659
2016-09-22,258.393343,263.899655,257.270555,262.757902,262.757902,4852306
2016-09-23,262.757902,264.389388,257.410943,259.019215,259.019215,6635259
2016-09-26,259.019215,273.059290,258.143940,272.139678,272.139678,4946010
2016-09-27,272.139678,274.690069,271.045105,273.589664,273.589664,6948280
2016-09-28,273.589664,273.941600,270.424785,270.773098,270.773098,3876330
2016-09-29,270.773098,278.414455,270.415938,278.047700,278.047700,6777268
2016-09-30,278.047700,283.441782,276.439602,281.811914,281.811914,7825123
2016-10-03,281.811914,283.095003,270.589152,271.826778,271.826778,3333146
2016-10-04,271.826778,272.718309,268.730648,269.614924,269.614924,4445265
2016-10-05,269.614924,270.276965,269.409454,270.071147,270.071147,3147917
2016-10-06,270.071147,273.939127,268.724543,272.580013,272.580013,7275477
2016-10-07,272.580013,273.035960,270.947501,271.401476,271.401476,7143698
2016-10-10,271.401476,273.357819,264.496919,266.417334,266.417334,6817807
2016-10-11,266.417334,272.604596,264.776492,270.935925,270.935925,5066312
2016-10-12,270.935925,271.226034,266.006936,266.292072,266.292072,5201568
2016-10-13,266.292072,273.310533,262.992079,269.965022,269.965022,6171210
2016-10-14,269.965022,270.141213,266.759298,266.933510,266.933510,6964712
2016-10-17,266.933510,269.796158,266.646928,269.506814,269.506814,3957738
2016-10-18,269.506814,270.008173,265.862668,266.358170,266.358170,8600097
2016-10-19,266.358170,269.365209,265.205169,268.204216,268.204216,5816822
2016-10-20,268.204216,269.107253,264.285476,265.178324,265.178324,3086247
2016-10-21,265.178324,265.493817,261.700252,262.011978,262.011978,13563685
2016-10-24,262.011978,262.160725,259.451408,259.598784,259.598784,2263958
2016-10-25,259.598784,263.186804,257.785827,261.361536,261.361536,7529861
2016-10-26,261.361536,265.524348,260.307898,264.458227,264.458227,7223963
2016-10-27,264.458227,267.356308,264.393267,267.290653,267.290653,8900314
2016-10-28,267.290653,275.881056,266.378684,274.942979,274.942979,3884722
2016-10-31,274.942979,275.189205,273.110884,273.355689,273.355689,5445293
2016-11-01,273.355689,273.645341,273.126430,273.416031,273.416031,8671400
2016-11-02,273.416031,273.489776,271.165540,271.238698,271.238698,6893579
2016-11-03,271.238698,272.440611,268.304333,269.498534,269.498534,7405374
2016-11-04,269.498534,269.538017,269.367131,269.406600,269.406600,6126959
2016-11-07,269.406600,270.128932,267.536167,268.255412,268.255412,7247240
2016-11-08,268.255412,268.757019,265.630614,266.128244,266.128244,5042735
2016-11-09,266.128244,267.956274,264.367603,266.195189,266.195189,6228201
2016-11-10,266.195189,270.498367,265.114304,269.404450,269.404450,5247255
2016-11-11,269.404450,271.603599,266.420720,268.613412,268.613412,4769712
2016-11-14,268.613412,272.593576,267.274507,271.241572,271.241572,4684229
2016-11-15,271.241572,271.922117,268.973485,269.650038,269.650038,6521657
2016-11-16,269.650038,270.042436,269.049714,269.441810,269.441810,5681659
2016-11-17,269.441810,269.650346,265.987384,266.193406,266.193406,6740476
2016-11-18,266.193406,266.640488,264.272116,264.716718,264.716718,7512564
2016-11-21,264.716718,265.103637,259.059076,259.438279,259.438279,4964685
2016-11-22,259.438279,260.497596,256.532277,257.584024,257.584024,11063520
2016-11-23,257.584024,262.859227,257.023721,262.288691,262.288691,4229487
2016-11-24,262.288691,265.472027,260.882725,264.056584,264.056584,5569983
2016-11-25,264.056584,264.939929,262.852586,263.734854,263.734854,4977042
2016-11-28,263.734854,264.373388,261.898957,262.534585,262.534585,10339284
2016-11-29,262.534585,266.735201,261.269197,265.455733,265.455733,8531255
2016-11-30,265.455733,267.539992,261.879386,263.951838,263.951838,5932888
2016-12-01,263.951838,266.535676,263.312579,265.891720,265.891720,5287884
2016-12-02,265.891720,265.940070,262.668719,262.716493,262.716493,8090979
2016-12-05,262.716493,267.017255,261.885412,266.175232,266.175232,5417888
2016-12-06,266.175232,272.191093,264.182708,270.168674,270.168674,9097793
2016-12-07,270.168674,270.710562,269.553689,270.095429,270.095429,5222878
2016-12-08,270.095429,271.307671,268.689518,269.900886,269.900886,9870422
2016-12-09,269.900886,269.992420,269.435404,269.526812,269.526812,6065158
2016-12-12,269.526812,272.092112,269.328355,271.891915,271.891915,5313648
2016-12-13,271.891915,272.863688,270.012539,270.981056,270.981056,6917096
2016-12-14,270.981056,271.900106,268.631921,269.546104,269.546104,5620778
2016-12-15,269.546104,269.692460,264.806803,264.950663,264.950663,4805653
2016-12-16,264.950663,265.340262,259.032918,259.414375,259.414375,6535949
2016-12-19,259.414375,261.250301,255.778322,257.601417,257.601417,4730486
2016-12-20,257.601417,260.572244,253.865231,256.827128,256.827128,2707694
2016-12-21,256.827128,258.567623,256.651321,258.390745,258.390745,5618837
2016-12-22,258.390745,261.100702,258.168424,260.876243,260.876243,5531802
2016-12-23,260.876243,266.149263,260.589771,265.857320,265.857320,6258938
2016-12-26,265.857320,276.147118,264.468222,274.711755,274.711755,5981698
2016-12-27,274.711755,274.766344,272.476837,272.530993,272.530993,6189441
2016-12-28,272.530993,278.371735,272.450403,278.289442,278.289442,5938159
2016-12-29,278.289442,279.292071,270.234656,271.211785,271.211785,9348558
2016-12-30,271.211785,278.100704,270.972592,277.855651,277.855651,10816529
2017-01-02,277.855651,282.150656,276.910529,281.194177,281.194177,5631916
2017-01-03,281.194177,281.985802,279.481938,280.270964,280.270964,7058277
2017-01-04,280.270964,285.268005,278.999931,283.980152,283.980152,9084840
2017-01-05,283.980152,286.082835,283.332209,285.431580,285.431580,9659895
2017-01-06,285.431580,287.142595,284.525982,286.234450,286.234450,7469160
2017-01-09,286.234450,286.299559,281.067664,281.131612,281.131612,6953534
2017-01-10,281.131612,285.848394,280.778069,285.489371,285.489371,4921423
2017-01-11,285.489371,289.468726,284.738982,288.709872,288.709872,7825195
2017-01-12,288.709872,291.234484,288.125869,290.646564,290.646564,8061547
2017-01-13,290.646564,291.300307,287.503786,288.151919,288.151919,9169111
2017-01-16,288.151919,289.268850,284.597038,285.704483,285.704483,5174843
2017-01-17,285.704483,287.743508,280.381890,282.397312,282.397312,4508715
2017-01-18,282.397312,284.078022,282.085813,283.765015,283.765015,5778235
2017-01-19,283.765015,284.017966,281.555861,281.807067,281.807067,14869547
2017-01-20,281.807067,283.814295,274.573237,276.542970,276.542970,9965738
2017-01-23,276.542970,278.752514,272.646382,274.842339,274.842339,9017408
2017-01-24,274.842339,280.379941,274.806968,280.343862,280.343862,4092258
2017-01-25,280.343862,282.955447,272.989559,275.556547,275.556547,7648999
2017-01-26,275.556547,276.789017,275.271051,276.502541,276.502541,5555839
2017-01-27,276.502541,276.819544,274.771340,275.086720,275.086720,5352143
2017-01-30,275.086720,276.345555,269.713771,270.953693,270.953693,6970672
2017-01-31,270.953693,272.041490,269.994590,271.081933,271.081933,6145097
2017-02-01,271.081933,272.220610,270.740551,271.878225,271.878225,5540090
2017-02-02,271.878225,275.075728,271.390900,274.583553,274.583553,6363507
2017-02-03,274.583553,284.838916,274.205894,284.447689,284.447689,8514495
2017-02-06,284.447689,285.311240,281.091749,281.947709,281.947709,6376764
2017-02-07,281.947709,285.668416,279.725869,283.434856,283.434856,8214159
2017-02-08,283.434856,283.602951,280.527704,280.694173,280.694173,5847068
2017-02-09,280.694173,284.830819,279.521630,283.645945,283.645945,6518459
2017-02-10,283.645945,284.567337,283.088815,284.009493,284.009493,9983413
2017-02-13,284.009493,285.729855,283.332691,285.050573,285.050573,8898966
2017-02-14,285.050573,288.994136,284.342647,288.278194,288.278194,7006374
2017-02-15,288.278194,291.131010,286.682048,289.527945,289.527945,6704874
2017-02-16,289.527945,291.051122,285.903464,287.415529,287.415529,8395240
2017-02-17,287.415529,291.543353,286.141634,290.256865,290.256865,3779221
2017-02-20,290.256865,294.752102,289.527097,294.012891,294.012891,4097239
2017-02-21,294.012891,295.631331,291.475877,293.089233,293.089233,8561115
2017-02-22,293.089233,293.907812,290.269331,291.082305,291.082305,4099089
2017-02-23,291.082305,295.438932,290.727644,295.079400,295.079400,7930300
2017-02-24,295.079400,297.371239,293.764656,296.052161,296.052161,9757300
2017-02-27,296.052161,301.439800,295.655401,301.036360,301.036360,7150230
2017-02-28,301.036360,303.245500,297.866540,300.068577,300.068577,2679221
2017-03-01,300.068577,300.825476,297.195700,297.947248,297.947248,10547036
2017-03-02,297.947248,307.481785,296.957625,306.463873,306.463873,5614406
2017-03-03,306.463873,306.597992,304.940386,305.073896,305.073896,9207233
2017-03-06,305.073896,308.133203,303.628920,306.680617,306.680617,8359170
2017-03-07,306.680617,311.963170,305.079183,310.342614,310.342614,9647462
2017-03-08,310.342614,311.908016,306.504101,308.057979,308.057979,9495702
2017-03-09,308.057979,308.215981,307.892082,308.050080,308.050080,4107848
2017-03-10,308.050080,308.505107,300.471368,300.915856,300.915856,7817670
2017-03-13,300.915856,302.009198,300.652223,301.744839,301.744839,7007806
2017-03-14,301.744839,306.290917,299.840295,304.369804,304.369804,6555606
2017-03-15,304.369804,309.451186,303.625169,308.695967,308.695967,4048975
2017-03-16,308.695967,313.956371,308.312894,313.567253,313.567253,5264213
2017-03-17,313.567253,314.788609,303.210712,304.396347,304.396347,7230610
2017-03-20,304.396347,307.162911,303.796322,306.558623,306.558623,4736001
2017-03-21,306.558623,311.951355,305.550015,310.928369,310.928369,7150833
2017-03-22,310.928369,311.427581,308.222707,308.718370,308.718370,5186731
2017-03-23,308.718370,318.768877,308.442433,318.484211,318.484211,5820391
2017-03-24,318.484211,320.263542,318.350397,320.129037,320.129037,7718842
2017-03-27,320.129037,332.144079,319.544491,331.538699,331.538699,9530996
2017-03-28,331.538699,334.292368,330.033969,332.781996,332.781996,22035232
2017-03-29,332.781996,333.837961,328.833004,329.879761,329.879761,6158880
2017-03-30,329.879761,332.990950,329.864960,332.976011,332.976011,8688598
2017-03-31,332.976011,339.119783,331.988351,338.116874,338.116874,4239870
2017-04-03,338.116874,343.974516,337.316477,343.162175,343.162175,6025501
2017-04-04,343.162175,343.635758,342.204782,342.677697,342.677697,9375531
2017-04-05,342.677697,342.819337,342.413152,342.554741,342.554741,3894168
2017-04-06,342.554741,342.976161,336.643914,337.058572,337.058572,3744174
2017-04-07,337.058572,338.191522,328.406292,329.513882,329.513882,7621489
2017-04-10,329.513882,330.824498,322.734850,324.023629,324.023629,5693628
2017-04-11,324.023629,324.049584,321.767489,321.793266,321.793266,5118618
2017-04-12,321.793266,323.498184,317.413373,319.104043,319.104043,7864571
2017-04-13,319.104043,324.213136,318.246320,323.344016,323.344016,7354330
2017-04-14,323.344016,326.789180,322.080458,325.517130,325.517130,4434607
2017-04-17,325.517130,326.301813,324.773586,325.558175,325.558175,7344838
2017-04-18,325.558175,330.323548,323.530542,328.278969,328.278969,2916468
2017-04-19,328.278969,330.542589,321.119659,323.349286,323.349286,9131247
2017-04-20,323.349286,323.678601,308.564565,308.879142,308.879142,3663231
2017-04-21,308.879142,310.051373,308.028809,309.200156,309.200156,8256396
2017-04-24,309.200156,310.070536,304.699390,305.559522,305.559522,7370049
2017-04-25,305.559522,305.771689,300.140427,300.348976,300.348976,4726839
2017-04-26,300.348976,305.765454,299.062456,304.461319,304.461319,3740975
2017-04-27,304.461319,306.163562,304.071376,305.771940,305.771940,6801045
2017-04-28,305.771940,316.089221,303.304111,313.558547,313.558547,4158611
2017-05-01,313.558547,315.008041,309.373423,310.810211,310.810211,4951350
2017-05-02,310.810211,313.618068,309.738212,312.540103,312.540103,5723643
2017-05-03,312.540103,315.337679,312.322823,315.118607,315.118607,5101903
2017-05-04,315.118607,315.707681,310.725905,311.307856,311.307856,10895324
2017-05-05,311.307856,311.471486,307.589181,307.750941,307.750941,6055849
2017-05-08,307.750941,307.992525,301.679144,301.916148,301.916148,4482877
2017-05-09,301.916148,302.536986,298.039055,298.653183,298.653183,4250254
2017-05-10,298.653183,301.478361,296.409735,299.230576,299.230576,8931530
2017-05-11,299.230576,300.186358,295.442114,296.388819,296.388819,7921772
2017-05-12,296.388819,302.758563,295.156044,301.504510,301.504510,6552616
2017-05-15,301.504510,301.614687,298.266712,298.375745,298.375745,5963455
2017-05-16,298.375745,302.539675,296.391977,300.541508,300.541508,5681667
2017-05-17,300.541508,306.111250,298.402112,303.947608,303.947608,4954647
2017-05-18,303.947608,306.486429,302.998680,305.532553,305.532553,6570526
2017-05-19,305.532553,305.971712,302.946002,303.382070,303.382070,3976552
2017-05-22,303.382070,303.875265,303.049587,303.542606,303.542606,7645914
2017-05-23,303.542606,308.345869,301.469240,306.253983,306.253983,4122628
2017-05-24,306.253983,308.480037,305.258668,307.480735,307.480735,5238911
2017-05-25,307.480735,308.725740,304.037797,305.273867,305.273867,2618963
2017-05-26,305.273867,305.340623,294.793993,294.858472,294.858472,6619712
2017-05-29,294.858472,295.317254,291.931247,292.386183,292.386183,6041633
2017-05-30,292.386183,298.121232,292.076853,297.806168,297.806168,7710386
2017-05-31,297.806168,308.740512,296.680415,307.577821,307.577821,3481841
2017-06-01,307.577821,308.174994,305.177733,305.771399,305.771399,6504899
2017-06-02,305.771399,308.869810,304.916958,308.009116,308.009116,7105579
2017-06-05,308.009116,308.426277,297.945410,298.349488,298.349488,7829386
2017-06-06,298.349488,299.984349,296.811230,298.445596,298.445596,4871365
2017-06-07,298.445596,300.989381,298.284941,300.827443,300.827443,8177865
2017-06-08,300.827443,301.367442,298.555909,299.092793,299.092793,8517519
2017-06-09,299.092793,305.420255,296.698309,302.994534,302.994534,4171477
2017-06-12,302.994534,303.571030,300.032565,300.604513,300.604513,5654712
2017-06-13,300.604513,312.460318,299.558754,311.377083,311.377083,6253106
2017-06-14,311.377083,312.800875,303.181042,304.573725,304.573725,5781765
2017-06-15,304.573725,305.829168,298.471795,299.707178,299.707178,5964541
2017-06-16,299.707178,301.396917,297.714472,299.402493,299.402493,2142888
2017-06-19,299.402493,303.482713,297.601300,301.667892,301.667892,3721389
2017-06-20,301.667892,306.273237,300.951751,305.547885,305.547885,4694595
2017-06-21,305.547885,311.282331,304.204927,309.920156,309.920156,6305033
2017-06-22,309.920156,310.128680,305.208962,305.414454,305.414454,7239821
2017-06-23,305.414454,307.214343,299.301236,301.075554,301.075554,5876285
2017-06-26,301.075554,308.114084,298.324878,305.324588,305.324588,6099065
2017-06-27,305.324588,307.643439,300.587295,302.887638,302.887638,7232622
2017-06-28,302.887638,310.139496,301.814427,309.044470,309.044470,6774657
2017-06-29,309.044470,309.382790,308.648947,308.987204,308.987204,4251418
2017-06-30,308.987204,316.958288,308.901938,316.870846,316.870846,4775503
2017-07-03,316.870846,322.173270,315.186398,320.469691,320.469691,8481584
2017-07-04,320.469691,323.643401,317.655490,320.826070,320.826070,9128787
2017-07-05,320.826070,323.300231,320.467062,322.938859,322.938859,4552342
2017-07-06,322.938859,330.564569,320.860021,328.450253,328.450253,13201627
2017-07-07,328.450253,333.183125,328.008549,332.735658,332.735658,10765100
2017-07-10,332.735658,333.123739,332.024578,332.412281,332.412281,4710524
2017-07-11,332.412281,336.052015,330.528151,334.157990,334.157990,7737002
2017-07-12,334.157990,335.077361,328.991740,329.899393,329.899393,6474871
2017-07-13,329.899393,338.241883,327.669409,335.970857,335.970857,5235206
2017-07-14,335.970857,338.404375,333.787275,336.219178,336.219178,5008583
2017-07-17,336.219178,337.230729,326.874835,327.861240,327.861240,5134828
2017-07-18,327.861240,334.769493,326.100011,332.980762,332.980762,3225183
2017-07-19,332.980762,334.971178,327.448928,329.418048,329.418048,4771246
2017-07-20,329.418048,334.559908,329.165732,334.303851,334.303851,6207877
2017-07-21,334.303851,335.341234,330.280114,331.308201,331.308201,3679778
2017-07-24,331.308201,331.642056,327.297944,327.628091,327.628091,3305098
2017-07-25,327.628091,335.645647,326.462524,334.455790,334.455790,5119740
2017-07-26,334.455790,339.127175,334.015587,338.681410,338.681410,3739604
2017-07-27,338.681410,340.238785,337.200032,338.757077,338.757077,6137923
2017-07-28,338.757077,342.709130,336.899594,340.840225,340.840225,6142880
2017-07-31,340.840225,341.006881,335.638183,335.802376,335.802376,7141636
2017-08-01,335.802376,336.107812,330.776341,331.077479,331.077479,6505625
2017-08-02,331.077479,337.123165,329.960566,335.989680,335.989680,4176501
2017-08-03,335.989680,348.389924,334.693130,347.050691,347.050691,4982592
2017-08-04,347.050691,349.229969,345.092503,347.270541,347.270541,5231211
2017-08-07,347.270541,350.910418,346.799342,350.434925,350.434925,5112793
2017-08-08,350.434925,357.905032,348.835754,356.279192,356.279192,2141613
2017-08-09,356.279192,361.596620,356.167783,361.483584,361.483584,7482647
2017-08-10,361.483584,364.570106,359.180500,362.262062,362.262062,5869034
2017-08-11,362.262062,364.667444,360.219945,362.623291,362.623291,4137327
2017-08-14,362.623291,363.762204,362.372979,363.511279,363.511279,4251736
2017-08-15,363.511279,364.755376,362.734917,363.978016,363.978016,2971131
2017-08-16,363.978016,365.946411,359.691173,361.646962,361.646962,5654036
2017-08-17,361.646962,372.222424,360.162152,370.700443,370.700443,6809978
2017-08-18,370.700443,375.034544,369.948164,374.275011,374.275011,5962870
2017-08-21,374.275011,382.339820,371.856033,379.884587,379.884587,4478942
2017-08-22,379.884587,381.472099,371.642650,373.202237,373.202237,5828075
2017-08-23,373.202237,374.039565,372.833815,373.670681,373.670681,5405716
2017-08-24,373.670681,374.058325,370.600958,370.985817,370.985817,9181469
2017-08-25,370.985817,374.383921,370.205594,373.598204,373.598204,8079859
2017-08-28,373.598204,374.277628,371.910736,372.588324,372.588324,10108637
2017-08-29,372.588324,384.842099,371.914555,384.147428,384.147428,5289010
2017-08-30,384.147428,388.988932,382.513327,387.341245,387.341245,6713843
2017-08-31,387.341245,390.141294,377.918849,380.670677,380.670677,5202461
2017-09-01,380.670677,380.896522,379.605479,379.830825,379.830825,5021230
2017-09-04,379.830825,383.466125,373.711058,377.322350,377.322350,4369416
2017-09-05,377.322350,378.427910,376.958671,378.063517,378.063517,7862485
2017-09-06,378.063517,379.189918,372.022741,373.134456,373.134456,10347003
2017-09-07,373.134456,384.578762,372.559316,383.986893,383.986893,4611809
2017-09-08,383.986893,384.518304,379.605099,380.131173,380.131173,8512842
2017-09-11,380.131173,382.614934,378.190996,380.671996,380.671996,12599172
2017-09-12,380.671996,380.813635,379.748250,379.889598,379.889598,4579407
2017-09-13,379.889598,380.375379,375.037106,375.517295,375.517295,6936486
2017-09-14,375.517295,379.735379,375.230030,379.445109,379.445109,5062469
2017-09-15,379.445109,380.866397,377.547532,378.967029,378.967029,7425679
2017-09-18,378.967029,381.783599,369.648522,372.416407,372.416407,4121018
2017-09-19,372.416407,377.661336,371.459424,376.693362,376.693362,6745047
2017-09-20,376.693362,379.046442,372.318412,374.658782,374.658782,3746601
2017-09-21,374.658782,375.873671,370.220347,371.424749,371.424749,8548484
2017-09-22,371.424749,372.658028,370.884412,372.116684,372.116684,9230843
2017-09-25,372.116684,372.609801,364.232720,364.716031,364.716031,9383056
2017-09-26,364.716031,366.892547,360.889604,363.056216,363.056216,5400441
2017-09-27,363.056216,364.176627,360.187813,361.302814,361.302814,5063169
2017-09-28,361.302814,368.868756,359.652612,367.191657,367.191657,7839489
2017-09-29,367.191657,374.817214,365.728678,373.329779,373.329779,11454166
2017-10-02,373.329779,377.032281,371.826020,375.519701,375.519701,5322605
2017-10-03,375.519701,376.798860,365.226656,366.475005,366.475005,4561054
2017-10-04,366.475005,366.931830,360.686417,361.136587,361.136587,8667824
2017-10-05,361.136587,370.065165,359.482667,368.378081,368.378081,3214569
2017-10-06,368.378081,370.237626,366.561000,368.420337,368.420337,8835736
2017-10-09,368.420337,370.641277,361.449615,363.641748,363.641748,8130854
2017-10-10,363.641748,365.865795,359.606533,361.819435,361.819435,6308108
2017-10-11,361.819435,375.683692,361.041595,374.877780,374.877780,9759863
2017-10-12,374.877780,375.699313,365.380411,366.182889,366.182889,3892721
2017-10-13,366.182889,368.025596,363.910697,365.751232,365.751232,8412311
2017-10-16,365.751232,366.520937,362.578747,363.343384,363.343384,5834362
2017-10-17,363.343384,364.226013,362.766892,363.649036,363.649036,5598602
2017-10-18,363.649036,366.057626,357.371891,359.754688,359.754688,6241980
2017-10-19,359.754688,365.825289,357.639697,363.687179,363.687179,4915480
2017-10-20,363.687179,366.664461,354.696298,357.623944,357.623944,2781173
2017-10-23,357.623944,360.610411,356.407458,359.387925,359.387925,7709606
2017-10-24,359.387925,359.852592,352.229415,352.685417,352.685417,7486987
2017-10-25,352.685417,356.044613,349.035108,352.391505,352.391505,3941908
2017-10-26,352.391505,359.163657,351.920087,358.683822,358.683822,4974855
2017-10-27,358.683822,364.475098,356.439097,362.208316,362.208316,5056121
2017-10-30,362.208316,372.591240,361.401610,371.763253,371.763253,3783998
2017-10-31,371.763253,373.557603,371.569968,373.363486,373.363486,9908556
2017-11-01,373.363486,374.672091,367.874918,369.168821,369.168821,5834568
2017-11-02,369.168821,374.859506,368.854320,374.540428,374.540428,5046490
2017-11-03,374.540428,377.257750,372.775832,375.488686,375.488686,4643954
2017-11-06,375.488686,379.102100,375.351752,378.963899,378.963899,7546204
2017-11-07,378.963899,383.695063,378.901043,383.631433,383.631433,5227350
2017-11-08,383.631433,384.093074,380.751717,381.210445,381.210445,6513230
2017-11-09,381.210445,387.075964,379.705704,385.554078,385.554078,7184134
2017-11-10,385.554078,387.482346,381.357823,383.274692,383.274692,5781365
2017-11-13,383.274692,383.668459,380.949967,381.341749,381.341749,8542534
2017-11-14,381.341749,383.887142,378.695945,381.240664,381.240664,6058093
2017-11-15,381.240664,387.966318,379.298774,386.000186,386.000186,4030822
2017-11-16,386.000186,386.633649,382.565427,383.194286,383.194286,4645572
2017-11-17,383.194286,386.437022,379.395859,382.633853,382.633853,5028844
2017-11-20,382.633853,382.930447,371.178838,371.466776,371.466776,6715436
2017-11-21,371.466776,372.348426,368.241123,369.117196,369.117196,4995677
2017-11-22,369.117196,376.811747,367.216654,374.881524,374.881524,15529408
2017-11-23,374.881524,385.962715,373.806093,384.858662,384.858662,4914749
2017-11-24,384.858662,386.737355,384.711470,386.589501,386.589501,5850447
2017-11-27,386.589501,394.821699,383.330950,391.521576,391.521576,5129765
2017-11-28,391.521576,393.491255,390.923291,392.890877,392.890877,5368432
2017-11-29,392.890877,392.901885,386.012760,386.023576,386.023576,5176752
2017-11-30,386.023576,404.253607,384.441260,402.603330,402.603330,5237940
2017-12-01,402.603330,409.165154,400.375103,406.913075,406.913075,4337969
2017-12-04,406.913075,407.637426,403.387697,404.107052,404.107052,7004128
2017-12-05,404.107052,405.017680,402.798821,403.708550,403.708550,5953361
2017-12-06,403.708550,404.697706,396.145061,397.118069,397.118069,10778829
2017-12-07,397.118069,401.372986,396.396023,400.644528,400.644528,4990431
2017-12-08,400.644528,413.549680,397.303803,410.129863,410.129863,3715061
2017-12-11,410.129863,410.449119,408.036624,408.354499,408.354499,4394624
2017-12-12,408.354499,409.177571,403.445868,404.260689,404.260689,8686380
2017-12-13,404.260689,407.220563,402.670646,405.625153,405.625153,11198387
2017-12-14,405.625153,409.555354,404.738206,408.661767,408.661767,4649444
2017-12-15,408.661767,409.540006,408.386775,409.264608,409.264608,5410379
2017-12-18,409.264608,414.597509,408.783780,414.110987,414.110987,8822177
2017-12-19,414.110987,418.801842,414.003885,418.693555,418.693555,7114031
2017-12-20,418.693555,423.982582,415.839738,421.112279,421.112279,5202116
2017-12-21,421.112279,423.086605,410.664965,412.599379,412.599379,3223789
2017-12-22,412.599379,415.614406,412.059248,415.071040,415.071040,5650447
2017-12-25,415.071040,418.224917,414.824443,417.976594,417.976594,4628440
2017-12-26,417.976594,420.521923,417.315597,419.857950,419.857950,6297089
2017-12-27,419.857950,423.295722,407.174597,410.536041,410.536041,5415699
2017-12-28,410.536041,415.714312,410.387754,415.564208,415.564208,3040677
2017-12-29,415.564208,419.798600,415.210959,419.442054,419.442054,7290534
2018-01-01,419.442054,422.581148,417.516607,420.650155,420.650155,4476446
2018-01-02,420.650155,428.375240,420.215468,427.933026,427.933026,4387856
2018-01-03,427.933026,435.055177,427.568580,434.684980,434.684980,5330556
2018-01-04,434.684980,435.013318,426.396137,426.718457,426.718457,10548431
2018-01-05,426.718457,427.093622,420.535345,420.905398,420.905398,4235893
2018-01-08,420.905398,421.670282,419.518072,420.281822,420.281822,8256055
2018-01-09,420.281822,422.516545,419.677098,421.909479,421.909479,2332958
2018-01-10,421.909479,430.278862,421.463173,429.824184,429.824184,9752717
2018-01-11,429.824184,430.010450,423.200379,423.383853,423.383853,3929610
2018-01-12,423.383853,432.596291,423.314777,432.525723,432.525723,4887005
2018-01-15,432.525723,437.704626,426.484763,431.653219,431.653219,5073485
2018-01-16,431.653219,433.265426,426.740500,428.340334,428.340334,6483633
2018-01-17,428.340334,430.329653,426.842590,428.830197,428.830197,9347988
2018-01-18,428.830197,432.778217,427.325279,431.264755,431.264755,5354305
2018-01-19,431.264755,434.475340,428.809179,432.015490,432.015490,7327372
2018-01-22,432.015490,432.850877,429.495834,430.327958,430.327958,3770630
2018-01-23,430.327958,434.403752,427.886758,431.953331,431.953331,4283296
2018-01-24,431.953331,433.247950,431.212321,432.505992,432.505992,4485009
2018-01-25,432.505992,433.162555,431.891006,432.547510,432.547510,5846862
2018-01-26,432.547510,433.579365,425.681999,426.699905,426.699905,5987840
2018-01-29,426.699905,439.033793,425.862220,438.173582,438.173582,7631193
2018-01-30,438.173582,438.713886,434.307599,434.843796,434.843796,6142974
2018-01-31,434.843796,436.190639,429.282594,430.616343,430.616343,3604498
2018-02-01,430.616343,432.825700,425.226530,427.419485,427.419485,3482156
2018-02-02,427.419485,427.487665,425.749233,425.817157,425.817157,7385336
2018-02-05,425.817157,426.814714,421.853958,422.844551,422.844551,4564139
2018-02-06,422.844551,424.402048,421.222288,422.779546,422.779546,8202079
2018-02-07,422.779546,430.543686,421.387821,429.131052,429.131052,2918747
2018-02-08,429.131052,434.721699,427.720288,433.297238,433.297238,8074989
2018-02-09,433.297238,436.081511,427.157399,429.919970,429.919970,5054035
2018-02-12,429.919970,438.266007,426.294535,434.601097,434.601097,5173681
2018-02-13,434.601097,437.581535,434.411575,437.390796,437.390796,3025144
2018-02-14,437.390796,438.059245,436.115488,436.783008,436.783008,7186784
2018-02-15,436.783008,442.565118,434.899474,440.664844,440.664844,12685649
2018-02-16,440.664844,442.732850,440.438148,442.505207,442.505207,4591801
2018-02-19,442.505207,452.140239,440.758479,450.362496,450.362496,6055907
2018-02-20,450.362496,450.832617,448.416619,448.885198,448.885198,3784160
2018-02-21,448.885198,451.773449,447.965958,450.850185,450.850185,8289397
2018-02-22,450.850185,466.693351,448.183802,463.949497,463.949497,5355376
2018-02-23,463.949497,474.684931,463.334380,474.056414,474.056414,5594615
2018-02-26,474.056414,477.651376,471.226043,474.816467,474.816467,5125473
2018-02-27,474.816467,476.709979,464.414748,466.274195,466.274195,13745549
2018-02-28,466.274195,468.686191,459.834584,462.225638,462.225638,6271239
2018-03-01,462.225638,464.279484,449.428722,451.434620,451.434620,6261702
2018-03-02,451.434620,453.668821,448.374592,450.604686,450.604686,5355476
2018-03-05,450.604686,453.281605,450.303368,452.978701,452.978701,2580612
2018-03-06,452.978701,462.749108,451.242894,460.982631,460.982631,6316184
2018-03-07,460.982631,463.322646,454.709685,457.029634,457.029634,4914034
2018-03-08,457.029634,463.791433,454.692250,461.431536,461.431536,4600051
2018-03-09,461.431536,462.291276,453.967411,454.814822,454.814822,6464171
2018-03-12,454.814822,456.624956,453.019779,454.829854,454.829854,4934751
2018-03-13,454.829854,466.405183,451.749898,463.268086,463.268086,5918414
2018-03-14,463.268086,465.365885,462.077526,464.172999,464.172999,5698620
2018-03-15,464.172999,466.007097,463.017377,464.849790,464.849790,4968243
2018-03-16,464.849790,468.011499,454.390543,457.502278,457.502278,7175582
2018-03-19,457.502278,464.345599,452.905156,459.726131,459.726131,6984529
2018-03-20,459.726131,461.915906,449.915494,452.068795,452.068795,8254200
2018-03-21,452.068795,453.282195,450.178707,451.390286,451.390286,7874764
2018-03-22,451.390286,451.616131,444.467217,444.689710,444.689710,5340620
2018-03-23,444.689710,445.439987,440.648632,441.393348,441.393348,5781699
2018-03-26,441.393348,449.800142,438.628934,447.000610,447.000610,4824541
2018-03-27,447.000610,452.925333,444.692707,450.598852,450.598852,4043391
2018-03-28,450.598852,451.439583,450.090196,450.930552,450.930552,5466763
2018-03-29,450.930552,452.329681,443.652994,445.033827,445.033827,4017345
2018-03-30,445.033827,450.061922,441.897880,446.912736,446.912736,3663332
2018-04-02,446.912736,457.958594,446.628604,457.667626,457.667626,7573567
2018-04-03,457.667626,461.119740,457.659454,461.111507,461.111507,4933449
2018-04-04,461.111507,470.848135,460.822215,470.552920,470.552920,8593563
2018-04-05,470.552920,471.531737,468.131217,469.107027,469.107027,7264053
2018-04-06,469.107027,470.717287,468.344311,469.953196,469.953196,15412831
2018-04-09,469.953196,473.465135,463.392994,466.881982,466.881982,5332855
2018-04-10,466.881982,468.889865,462.013278,464.008804,464.008804,4900355
2018-04-11,464.008804,465.083265,463.315965,464.389857,464.389857,4205674
2018-04-12,464.389857,464.753757,463.761044,464.124736,464.124736,4507109
2018-04-13,464.124736,468.640945,459.204762,463.717003,463.717003,6399604
2018-04-16,463.717003,464.132566,460.794303,461.207616,461.207616,2691865
2018-04-17,461.207616,461.759526,456.977815,457.525318,457.525318,8526155
2018-04-18,457.525318,462.665350,455.964609,461.092472,461.092472,5001618
2018-04-19,461.092472,462.627922,458.596542,460.128784,460.128784,6760199
2018-04-20,460.128784,462.537448,458.148097,460.554928,460.554928,7179304
2018-04-23,460.554928,461.160705,458.140534,458.743929,458.743929,5738690
2018-04-24,458.743929,460.112995,448.861257,450.204840,450.204840,5509011
2018-04-25,450.204840,450.353295,449.885244,450.033643,450.033643,3643834
2018-04-26,450.033643,451.073971,449.474417,450.514149,450.514149,10237444
2018-04-27,450.514149,454.347053,447.817139,451.643283,451.643283,7344838
2018-04-30,451.643283,451.665106,442.856296,442.877695,442.877695,4041216
2018-05-01,442.877695,443.779211,438.073377,438.966933,438.966933,5429408
2018-05-02,438.966933,439.043914,433.175106,433.251085,433.251085,4063664
2018-05-03,433.251085,434.420998,429.336962,430.499445,430.499445,3919058
2018-05-04,430.499445,442.322276,427.068574,438.825054,438.825054,5124412
2018-05-07,438.825054,440.910851,434.190224,436.263847,436.263847,5685716
2018-05-08,436.263847,437.837579,420.736173,422.259387,422.259387,4452028
2018-05-09,422.259387,426.519360,419.647632,423.897473,423.897473,4461582
2018-05-10,423.897473,424.904890,423.204317,424.211221,424.211221,6783742
2018-05-11,424.211221,427.294458,422.959945,426.037794,426.037794,4934428
2018-05-14,426.037794,426.708719,424.128032,424.797003,424.797003,2478931
2018-05-15,424.797003,433.967147,423.952490,433.106115,433.106115,3651520
2018-05-16,433.106115,435.307522,432.971150,435.171913,435.171913,3205138
2018-05-17,435.171913,439.677331,433.248826,437.742882,437.742882,6931639
2018-05-18,437.742882,440.596384,436.505658,439.354605,439.354605,5225742
2018-05-21,439.354605,441.378435,431.800017,433.798253,433.798253,11248715
2018-05-22,433.798253,434.147952,425.727677,426.071147,426.071147,5148023
2018-05-23,426.071147,426.967281,419.947673,420.832789,420.832789,6008868
2018-05-24,420.832789,424.456879,420.659089,424.281755,424.281755,7991686
2018-05-25,424.281755,428.887162,422.503081,427.096687,427.096687,7191039
2018-05-28,427.096687,431.727553,421.755619,426.378700,426.378700,3930358
2018-05-29,426.378700,426.837056,424.571498,425.028402,425.028402,5893748
2018-05-30,425.028402,436.763838,422.485898,434.166668,434.166668,4891359
2018-05-31,434.166668,440.245892,433.498575,439.569484,439.569484,4357098
2018-06-01,439.569484,441.810671,424.320451,426.494976,426.494976,2548641
2018-06-04,426.494976,428.534107,418.496391,420.506893,420.506893,10689908
2018-06-05,420.506893,435.797637,418.878210,434.116242,434.116242,4833920
2018-06-06,434.116242,438.497111,433.985326,438.364914,438.364914,3647216
2018-06-07,438.364914,440.223571,437.754427,439.611348,439.611348,7450206
2018-06-08,439.611348,441.516124,429.960739,431.831807,431.831807,4119742
2018-06-11,431.831807,432.979829,422.990308,424.117822,424.117822,7319822
2018-06-12,424.117822,427.541356,422.928409,426.345695,426.345695,4572586
2018-06-13,426.345695,430.809426,425.994460,430.454806,430.454806,6126339
2018-06-14,430.454806,432.059550,429.868298,431.471657,431.471657,3878775
2018-06-15,431.471657,432.199236,430.553196,431.280453,431.280453,4405321
2018-06-18,431.280453,433.260565,425.399759,427.361879,427.361879,4379920
2018-06-19,427.361879,445.094905,426.638213,444.342484,444.342484,6822801
2018-06-20,444.342484,445.250467,439.422157,440.321924,440.321924,6749076
2018-06-21,440.321924,440.491652,439.866893,440.036510,440.036510,5908254
2018-06-22,440.036510,447.021447,439.399448,446.375208,446.375208,7315454
2018-06-25,446.375208,447.445732,438.067056,439.120181,439.120181,4128584
2018-06-26,439.120181,446.135141,437.814042,444.812072,444.812072,4197792
2018-06-27,444.812072,446.767340,436.854043,438.782808,438.782808,13949059
2018-06-28,438.782808,439.360116,430.607777,431.175075,431.175075,6163531
2018-06-29,431.175075,436.323308,427.715119,432.849912,432.849912,10306657
2018-07-02,432.849912,442.627324,430.983360,440.726805,440.726805,4059758
2018-07-03,440.726805,441.156911,425.213081,425.628453,425.628453,6657839
2018-07-04,425.628453,427.824703,419.685711,421.862528,421.862528,9310634
2018-07-05,421.862528,432.960800,419.441973,430.490738,430.490738,10601904
2018-07-06,430.490738,430.959907,428.109821,428.576905,428.576905,4333209
2018-07-09,428.576905,429.788794,422.776288,423.975165,423.975165,5472396
2018-07-10,423.975165,425.014985,420.908158,421.942995,421.942995,7599537
2018-07-11,421.942995,430.056870,419.536587,427.618096,427.618096,8656668
2018-07-12,427.618096,434.055059,427.528864,433.964502,433.964502,7431977
2018-07-13,433.964502,434.948151,429.333023,430.308385,430.308385,7173209
2018-07-16,430.308385,440.293935,429.804845,439.779312,439.779312,5326936
2018-07-17,439.779312,445.466195,438.647139,444.322327,444.322327,6185838
2018-07-18,444.322327,445.865093,427.034970,428.522878,428.522878,6932473
2018-07-19,428.522878,435.709207,427.814503,434.990141,434.990141,3848968
2018-07-20,434.990141,437.057033,433.131305,435.197312,435.197312,7792623
2018-07-23,435.197312,438.723460,434.861840,438.385530,438.385530,5998769
2018-07-24,438.385530,438.843363,435.683483,436.138970,436.138970,2812272
2018-07-25,436.138970,442.558593,435.011162,441.417137,441.417137,5354187
2018-07-26,441.417137,457.065311,436.718973,452.251830,452.251830,5120905
2018-07-27,452.251830,453.677950,444.445002,445.850938,445.850938,7275500
2018-07-30,445.850938,447.190971,442.969883,444.305271,444.305271,7276265
2018-07-31,444.305271,445.265662,435.085552,436.028051,436.028051,2620640
2018-08-01,436.028051,436.204396,434.310940,434.486662,434.486662,8015191
2018-08-02,434.486662,435.091333,433.491584,434.095710,434.095710,4195291
2018-08-03,434.095710,438.616892,432.688359,437.199478,437.199478,5444536
2018-08-06,437.199478,438.694016,433.768409,435.256303,435.256303,9162985
2018-08-07,435.256303,436.899557,431.365304,433.000040,433.000040,6491936
2018-08-08,433.000040,436.512325,432.494909,436.003690,436.003690,6434223
2018-08-09,436.003690,436.624687,431.457583,432.072981,432.072981,5345729
2018-08-10,432.072981,447.377044,430.960106,446.227711,446.227711,8683467
2018-08-13,446.227711,448.863973,444.842064,447.474454,447.474454,3042437
2018-08-14,447.474454,448.394757,447.381034,448.301164,448.301164,4532004
2018-08-15,448.301164,449.140251,438.997926,439.821140,439.821140,4902552
2018-08-16,439.821140,444.706287,436.749828,441.622396,441.622396,6364024
2018-08-17,441.622396,444.825581,440.738484,443.937036,443.937036,5149948
2018-08-20,443.937036,444.525005,433.226261,433.800805,433.800805,7647444
2018-08-21,433.800805,435.427651,427.841157,429.451692,429.451692,8194941
2018-08-22,429.451692,430.344888,424.708931,425.594104,425.594104,5660924
2018-08-23,425.594104,425.701681,425.289734,425.397261,425.397261,9306613
2018-08-24,425.397261,426.603125,419.476678,420.669139,420.669139,6827962
2018-08-27,420.669139,428.151475,419.752683,427.220747,427.220747,8234238
2018-08-28,427.220747,436.692277,426.870929,436.334995,436.334995,4639332
2018-08-29,436.334995,442.999882,433.213442,439.853160,439.853160,1921624
2018-08-30,439.853160,445.587628,438.756096,444.479027,444.479027,6210691
2018-08-31,444.479027,445.753340,443.891100,445.164506,445.164506,7744645
2018-09-03,445.164506,446.758597,435.588480,437.153886,437.153886,4498559
2018-09-04,437.153886,444.642004,436.860677,444.343972,444.343972,5520096
2018-09-05,444.343972,448.271996,443.336630,447.258047,447.258047,8596303
2018-09-06,447.258047,447.586390,437.958294,438.280046,438.280046,4410834
2018-09-07,438.280046,448.321317,436.175723,446.179068,446.179068,7569313
2018-09-10,446.179068,452.696536,445.118315,451.622841,451.622841,6545808
2018-09-11,451.622841,460.223692,451.517244,460.116108,460.116108,3521011
2018-09-12,460.116108,467.303722,458.411171,465.578544,465.578544,8528755
2018-09-13,465.578544,485.670284,465.027665,485.096312,485.096312,7212895
2018-09-14,485.096312,486.151048,479.749090,480.794472,480.794472,4191117
2018-09-17,480.794472,483.904166,474.574800,477.664247,477.664247,5787618
2018-09-18,477.664247,486.176098,474.021285,482.496283,482.496283,4965821
2018-09-19,482.496283,483.899245,479.306796,480.704548,480.704548,5054748
2018-09-20,480.704548,500.563865,478.903249,498.695151,498.695151,3448005
2018-09-21,498.695151,499.928130,497.216666,498.449036,498.449036,5174675
2018-09-24,498.449036,510.246038,497.940689,509.726189,509.726189,9778225
2018-09-25,509.726189,517.840825,509.281573,517.389524,517.389524,10779300
2018-09-26,517.389524,530.005954,514.701186,527.266297,527.266297,4421715
2018-09-27,527.266297,534.263592,524.881500,531.858027,531.858027,4646704
2018-09-28,531.858027,532.191178,529.900831,530.232964,530.232964,5721221
2018-10-01,530.232964,533.690396,516.944327,520.337233,520.337233,5455656
2018-10-02,520.337233,527.385002,515.229046,522.257960,522.257960,4241773
2018-10-03,522.257960,529.187008,520.068718,526.977980,526.977980,6847909
2018-10-04,526.977980,542.034423,523.357547,538.335959,538.335959,3493280
2018-10-05,538.335959,539.490543,517.524679,518.637014,518.637014,7715700
2018-10-08,518.637014,519.253020,515.982067,516.595648,516.595648,4209837
2018-10-09,516.595648,526.965477,510.216170,520.537323,520.537323,5919579
2018-10-10,520.537323,527.887488,518.226790,525.554685,525.554685,4638859
2018-10-11,525.554685,541.982715,523.864944,540.245739,540.245739,5084138
2018-10-12,540.245739,551.310882,539.261985,550.308804,550.308804,4204735
2018-10-15,550.308804,563.751527,548.332529,561.734222,561.734222,6958438
2018-10-16,561.734222,567.750340,559.708029,565.709807,565.709807,3695118
2018-10-17,565.709807,567.384522,537.424858,539.020563,539.020563,7650252
2018-10-18,539.020563,540.021944,516.882052,517.844091,517.844091,6540706
2018-10-19,517.844091,523.968806,514.937340,521.044093,521.044093,7495266
2018-10-22,521.044093,528.665459,520.304748,527.916363,527.916363,7336676
2018-10-23,527.916363,532.191702,527.401978,531.673656,531.673656,10149241
2018-10-24,531.673656,541.634289,529.426127,539.354292,539.354292,5535340
2018-10-25,539.354292,544.741376,529.369279,534.709976,534.709976,4025009
2018-10-26,534.709976,535.567683,529.241256,530.091555,530.091555,3797452
2018-10-29,530.091555,531.174016,529.106111,530.188391,530.188391,3056041
2018-10-30,530.188391,538.737734,529.412180,537.950160,537.950160,8051008
2018-10-31,537.950160,539.717363,532.671021,534.426649,534.426649,4354930
2018-11-01,534.426649,535.317131,525.879828,526.757532,526.757532,11016387
2018-11-02,526.757532,535.028324,526.168728,534.430942,534.430942,8499856
2018-11-05,534.430942,535.458315,532.625654,533.651528,533.651528,5753094
2018-11-06,533.651528,535.265270,520.954733,522.534858,522.534858,8330973
2018-11-07,522.534858,527.782918,519.809699,525.044670,525.044670,5433640
2018-11-08,525.044670,525.134521,521.384178,521.473418,521.473418,5491120
2018-11-09,521.473418,536.566521,518.743197,533.771910,533.771910,7226844
2018-11-12,533.771910,534.052632,530.706251,530.985508,530.985508,6878405
2018-11-13,530.985508,531.276311,527.788064,528.077275,528.077275,5677673
2018-11-14,528.077275,531.514919,513.776469,517.142933,517.142933,9518490
2018-11-15,517.142933,518.210751,508.673755,509.726258,509.726258,3546263
2018-11-16,509.726258,513.778066,508.926134,512.972845,512.972845,3494155
2018-11-19,512.972845,515.237620,501.926123,504.151955,504.151955,5466202
2018-11-20,504.151955,505.239647,503.465661,504.552808,504.552808,5717077
2018-11-21,504.552808,525.638725,503.544365,524.590234,524.590234,4678867
2018-11-22,524.590234,533.039043,524.163265,532.605551,532.605551,7634348
2018-11-23,532.605551,534.038131,529.681757,531.110316,531.110316,6859165
2018-11-26,531.110316,540.069303,528.808712,537.738973,537.738973,5347422
2018-11-27,537.738973,538.191722,534.613678,535.064176,535.064176,7191606
2018-11-28,535.064176,548.803997,534.523768,548.250272,548.250272,5846270
2018-11-29,548.250272,552.354061,537.178634,541.229874,541.229874,4279087
2018-11-30,541.229874,548.616994,540.858793,548.241105,548.241105,7736489
2018-12-03,548.241105,560.906651,546.942875,559.581567,559.581567,4416880
2018-12-04,559.581567,562.572177,559.274372,562.263510,562.263510,10846083
2018-12-05,562.263510,562.550941,549.773285,550.054475,550.054475,4167330
2018-12-06,550.054475,554.446068,548.296565,552.679768,552.679768,4212521
2018-12-07,552.679768,568.916319,551.250016,567.448362,567.448362,7232232
2018-12-10,567.448362,568.044473,558.135902,558.722847,558.722847,15658540
2018-12-11,558.722847,559.150254,550.569979,550.991472,550.991472,6244230
2018-12-12,550.991472,576.570079,550.743685,576.310905,576.310905,11682622
2018-12-13,576.310905,579.921282,574.250957,577.855811,577.855811,5152793
2018-12-14,577.855811,581.463739,566.632161,570.192241,570.192241,4519865
2018-12-17,570.192241,572.037626,563.776953,565.607500,565.607500,5941753
2018-12-18,565.607500,582.464206,564.141992,580.958922,580.958922,6496581
2018-12-19,580.958922,583.799801,575.433623,578.261311,578.261311,3059321
2018-12-20,578.261311,592.953072,575.368139,590.001163,590.001163,2539874
2018-12-21,590.001163,592.207868,586.909976,589.113360,589.113360,6415444
2018-12-24,589.113360,609.864581,588.476112,609.205600,609.205600,3884276
2018-12-25,609.205600,626.577271,605.563125,622.853196,622.853196,5732261
2018-12-26,622.853196,626.419620,608.924028,612.430773,612.430773,4869674
2018-12-27,612.430773,620.644470,610.300945,618.493557,618.493557,6187794
2018-12-28,618.493557,637.995310,614.382855,633.782989,633.782989,6612332
2018-12-31,633.782989,635.091254,622.835010,624.123335,624.123335,3916696
2019-01-01,624.123335,627.946258,615.040077,618.830581,618.830581,10199012
2019-01-02,618.830581,636.688671,615.992197,633.781711,633.781711,4523466
2019-01-03,633.781711,635.820862,625.553220,627.572392,627.572392,8004723
2019-01-04,627.572392,636.916469,624.059012,633.370628,633.370628,5112616
2019-01-07,633.370628,637.793863,632.683617,637.102803,637.102803,6390557
2019-01-08,637.102803,640.454385,635.700675,639.047975,639.047975,6703892
2019-01-09,639.047975,655.745778,635.981969,652.614682,652.614682,3138306
2019-01-10,652.614682,659.059971,648.953980,655.383737,655.383737,3083103
2019-01-11,655.383737,657.514306,653.167163,655.297451,655.297451,7682430
2019-01-14,655.297451,660.002709,644.434123,649.094845,649.094845,8891679
2019-01-15,649.094845,658.608770,644.444365,653.923693,653.923693,7075488
2019-01-16,653.923693,655.203330,648.323192,649.594356,649.594356,9986848
2019-01-17,649.594356,656.659275,648.564306,655.619671,655.619671,5195109
2019-01-18,655.619671,657.207519,654.470539,656.057620,656.057620,7140838
2019-01-21,656.057620,659.983458,636.256630,640.086900,640.086900,5525926
2019-01-22,640.086900,644.011611,632.228342,636.128783,636.128783,6630488
2019-01-23,636.128783,642.437457,632.465700,638.759227,638.759227,6345712
2019-01-24,638.759227,638.836663,631.857494,631.934103,631.934103,6304055
2019-01-25,631.934103,636.378236,621.798840,626.202667,626.202667,3262448
2019-01-28,626.202667,629.489320,625.714596,628.999069,628.999069,3373003
2019-01-29,628.999069,629.975064,628.312246,629.287926,629.287926,9984982
2019-01-30,629.287926,631.588716,625.790776,628.087176,628.087176,3865927
2019-01-31,628.087176,629.389007,612.718062,613.990674,613.990674,7975744
2019-02-01,613.990674,625.906709,612.179078,624.065387,624.065387,7533623
2019-02-04,624.065387,626.523365,617.215064,619.655674,619.655674,7105472
2019-02-05,619.655674,628.589503,617.937165,626.851039,626.851039,5628122
2019-02-06,626.851039,627.384612,619.025290,619.552651,619.552651,7652534
2019-02-07,619.552651,624.052150,616.026843,620.520832,620.520832,6575436
2019-02-08,620.520832,621.217566,611.362024,612.049246,612.049246,6935272
2019-02-11,612.049246,614.998117,608.039974,610.983711,610.983711,6979512
2019-02-12,610.983711,615.606634,607.781533,612.397048,612.397048,8639319
2019-02-13,612.397048,612.803288,608.578073,608.982048,608.982048,10032034
2019-02-14,608.982048,615.705770,608.510051,615.228932,615.228932,12956582
2019-02-15,615.228932,622.218179,610.344810,617.317477,617.317477,4638571
2019-02-18,617.317477,621.288455,615.698024,619.662849,619.662849,7924343
2019-02-19,619.662849,620.060459,616.604537,617.000439,617.000439,7045930
2019-02-20,617.000439,617.305649,601.787945,602.085777,602.085777,4796099
2019-02-21,602.085777,602.110549,595.748367,595.772879,595.772879,4429885
2019-02-22,595.772879,601.580529,593.668456,599.463071,599.463071,5720251
2019-02-25,599.463071,601.643910,590.475857,592.631845,592.631845,5645721
2019-02-26,592.631845,595.927678,579.595272,582.836631,582.836631,8606512
2019-02-27,582.836631,583.739372,553.521204,554.379870,554.379870,6029415
2019-02-28,554.379870,562.683739,554.135152,562.435465,562.435465,8145819
2019-03-01,562.435465,571.471269,560.551550,569.563478,569.563478,6142040
2019-03-04,569.563478,570.002870,560.800339,561.233304,561.233304,7710619
2019-03-05,561.233304,562.198224,557.239436,558.199140,558.199140,4118663
2019-03-06,558.199140,559.757727,549.474056,551.012577,551.012577,6367684
2019-03-07,551.012577,554.188268,543.438844,546.589041,546.589041,10412022
2019-03-08,546.589041,559.621135,545.717398,558.730131,558.730131,9879440
2019-03-11,558.730131,559.247117,552.769096,553.281040,553.281040,6908982
2019-03-12,553.281040,555.828313,543.340570,545.853648,545.853648,5162880
2019-03-13,545.853648,549.486813,535.735628,539.325341,539.325341,6865866
2019-03-14,539.325341,542.486663,516.126025,519.169199,519.169199,6263797
2019-03-15,519.169199,519.697756,513.330994,513.854140,513.854140,5967521
2019-03-18,513.854140,513.965814,512.316640,512.428004,512.428004,4968473
2019-03-19,512.428004,514.436900,506.481767,508.475166,508.475166,6458422
2019-03-20,508.475166,510.212027,497.717272,499.423214,499.423214,8397731
2019-03-21,499.423214,509.492595,497.625598,507.665313,507.665313,6004417
2019-03-22,507.665313,519.257113,505.042221,516.587919,516.587919,6302413
2019-03-25,516.587919,527.828649,512.792443,523.978871,523.978871,5273699
2019-03-26,523.978871,531.799825,523.450887,531.264499,531.264499,4783366
2019-03-27,531.264499,543.202792,529.592872,541.498962,541.498962,7899872
2019-03-28,541.498962,573.578561,537.967650,569.862282,569.862282,6024425
2019-03-29,569.862282,572.225088,569.718311,572.080557,572.080557,4191652
2019-04-01,572.080557,574.468287,570.980661,573.365919,573.365919,6021941
2019-04-02,573.365919,580.199104,572.422628,579.246139,579.246139,4576879
2019-04-03,579.246139,589.183212,576.668556,586.573025,586.573025,4928754
2019-04-04,586.573025,587.060150,584.274778,584.760397,584.760397,6568696
2019-04-05,584.760397,587.046507,573.762412,576.014329,576.014329,4542012
2019-04-08,576.014329,578.426410,571.458646,573.861712,573.861712,3401180
2019-04-09,573.861712,574.329240,570.453693,570.918823,570.918823,4799844
2019-04-10,570.918823,571.630720,570.618296,571.329977,571.329977,6852705
2019-04-11,571.329977,575.242917,556.630341,560.468897,560.468897,2849710
2019-04-12,560.468897,560.582957,556.673956,556.787267,556.787267,7850392
2019-04-15,556.787267,566.984808,553.457233,563.613945,563.613945,3775111
2019-04-16,563.613945,580.221025,562.203562,578.772709,578.772709,2929222
2019-04-17,578.772709,591.767823,577.199445,590.163595,590.163595,6247691
2019-04-18,590.163595,603.098605,586.443072,599.320356,599.320356,6042239
2019-04-19,599.320356,605.101932,597.823274,603.594175,603.594175,5800258
2019-04-22,603.594175,604.920666,594.488575,595.797932,595.797932,7643559
2019-04-23,595.797932,603.897067,593.224770,601.300141,601.300141,13039436
2019-04-24,601.300141,601.760383,601.107948,601.568105,601.568105,5021378
2019-04-25,601.568105,614.930321,600.524089,613.864964,613.864964,3873755
2019-04-26,613.864964,619.432864,612.051969,617.608812,617.608812,3588509
2019-04-29,617.608812,621.223865,607.538601,611.115648,611.115648,4070865
2019-04-30,611.115648,622.488181,609.925870,621.278617,621.278617,7755366
2019-05-01,621.278617,624.314757,585.825940,588.702885,588.702885,5421529
2019-05-02,588.702885,592.212828,576.464440,579.922031,579.922031,5992188
2019-05-03,579.922031,585.343699,576.648122,582.057733,582.057733,6138245
2019-05-06,582.057733,582.266458,571.210365,571.415275,571.415275,6313661
2019-05-07,571.415275,572.054267,562.329542,562.959077,562.959077,3035239
2019-05-08,562.959077,571.999322,560.660963,569.673797,569.673797,4143245
2019-05-09,569.673797,575.861294,568.654479,574.832745,574.832745,3752949
2019-05-10,574.832745,575.059075,556.852449,557.071785,557.071785,5013584
2019-05-13,557.071785,566.536489,554.324903,563.756644,563.756644,4275938
2019-05-14,563.756644,572.222948,561.545227,569.987091,569.987091,5373432
2019-05-15,569.987091,573.474162,565.320526,568.800336,568.800336,5675435
2019-05-16,568.800336,571.852745,566.068076,569.118954,569.118954,3232455
2019-05-17,569.118954,581.072778,568.699067,580.644387,580.644387,3558010
2019-05-20,580.644387,586.772338,579.291923,585.408776,585.408776,6257484
2019-05-21,585.408776,601.057453,585.153095,600.795052,600.795052,10205671
2019-05-22,600.795052,601.430120,597.508593,598.140856,598.140856,6918902
2019-05-23,598.140856,598.163618,586.757464,586.779795,586.779795,6880622
2019-05-24,586.779795,590.187295,575.555691,578.917535,578.917535,7698496
2019-05-27,578.917535,584.786247,554.277090,559.953556,559.953556,5771262
2019-05-28,559.953556,569.552439,558.597913,568.176887,568.176887,5050062
2019-05-29,568.176887,570.682549,561.659905,564.147799,564.147799,7333405
2019-05-30,564.147799,565.136845,563.826412,564.815078,564.815078,4439312
2019-05-31,564.815078,565.229476,557.067729,557.476744,557.476744,9104763
2019-06-03,557.476744,562.017784,555.101522,559.633373,559.633373,2932539
2019-06-04,559.633373,560.367747,549.737144,550.459480,550.459480,7505233
2019-06-05,550.459480,552.137589,548.375963,550.052832,550.052832,9888257
2019-06-06,550.052832,553.739763,541.042567,544.693576,544.693576,8865730
2019-06-07,544.693576,546.180399,543.926517,545.412328,545.412328,13745058
2019-06-10,545.412328,546.359147,540.866733,541.807294,541.807294,5517767
2019-06-11,541.807294,544.094370,538.736310,541.020063,541.020063,4040765
2019-06-12,541.020063,552.957924,539.781236,551.694655,551.694655,5005946
2019-06-13,551.694655,551.700475,550.526642,550.532451,550.532451,4946480
2019-06-14,550.532451,556.743582,548.879104,555.076589,555.076589,9685005
2019-06-17,555.076589,558.792814,550.464762,554.174950,554.174950,4075734
2019-06-18,554.174950,571.877695,551.994242,569.636146,569.636146,5009742
2019-06-19,569.636146,570.052859,556.863592,557.271259,557.271259,8620803
2019-06-20,557.271259,558.775368,552.819976,554.316108,554.316108,9506884
2019-06-21,554.316108,556.728693,553.960202,556.371467,556.371467,5243299
2019-06-24,556.371467,563.293454,555.880612,562.796931,562.796931,4934123
2019-06-25,562.796931,576.333563,561.042047,574.542056,574.542056,6752028
2019-06-26,574.542056,574.798666,557.474782,557.723881,557.723881,4992403
2019-06-27,557.723881,558.635080,546.989221,547.884344,547.884344,5443268
2019-06-28,547.884344,553.470516,543.415224,548.992357,548.992357,5737271
2019-07-01,548.992357,559.246805,547.820889,558.055997,558.055997,6066588
2019-07-02,558.055997,559.109014,557.510780,558.563301,558.563301,4178679
2019-07-03,558.563301,558.717877,557.440079,557.594387,557.594387,7690562
2019-07-04,557.594387,560.247340,553.491526,556.137549,556.137549,5232226
2019-07-05,556.137549,568.914096,553.970273,566.705637,566.705637,7075765
2019-07-08,566.705637,580.519500,564.113317,577.876082,577.876082,8837301
2019-07-09,577.876082,585.834267,575.498817,583.434137,583.434137,5961817
2019-07-10,583.434137,584.827054,555.751953,557.081955,557.081955,3651314
2019-07-11,557.081955,562.825241,539.207201,544.824114,544.824114,4213226
2019-07-12,544.824114,553.495070,542.740561,551.386421,551.386421,7369688
2019-07-15,551.386421,553.085096,549.430729,551.128610,551.128610,3212785
2019-07-16,551.128610,556.282715,536.453149,541.517371,541.517371,7397232
2019-07-17,541.517371,550.126994,537.187939,545.763614,545.763614,6880066
2019-07-18,545.763614,545.908430,539.096521,539.239606,539.239606,8348850
2019-07-19,539.239606,558.624893,536.895824,556.207361,556.207361,8251830
2019-07-22,556.207361,556.407804,552.761609,552.960883,552.960883,4551921
2019-07-23,552.960883,559.491526,549.751580,556.263058,556.263058,7705819
2019-07-24,556.263058,556.412910,555.250353,555.399972,555.399972,7880430
2019-07-25,555.399972,556.845115,554.060669,555.505557,555.505557,11739719
2019-07-26,555.505557,557.596262,553.662523,555.752409,555.752409,8378012
2019-07-29,555.752409,556.906002,553.807656,554.959604,554.959604,3341943
2019-07-30,554.959604,561.784148,554.611874,561.432363,561.432363,7829993
2019-07-31,561.432363,563.718356,555.586672,557.858111,557.858111,8911447
2019-08-01,557.858111,569.794699,557.324281,569.249967,569.249967,5381131
2019-08-02,569.249967,570.350674,567.175283,568.274103,568.274103,8251851
2019-08-05,568.274103,573.950289,565.576245,571.238359,571.238359,4789987
2019-08-06,571.238359,572.063525,562.184396,562.997657,562.997657,7512973
2019-08-07,562.997657,581.505324,560.114617,578.542679,578.542679,7580784
2019-08-08,578.542679,588.850756,576.843641,587.126509,587.126509,7065662
2019-08-09,587.126509,591.811459,579.120345,583.778580,583.778580,3075211
2019-08-12,583.778580,587.282017,577.582314,581.069493,581.069493,5974734
2019-08-13,581.069493,581.795206,562.468777,563.172137,563.172137,5570224
2019-08-14,563.172137,576.913830,558.086116,571.750338,571.750338,6619644
2019-08-15,571.750338,579.383117,566.912229,574.521558,574.521558,10531246
2019-08-16,574.521558,575.980980,568.985346,570.434386,570.434386,5865591
2019-08-19,570.434386,571.929209,563.325067,564.805138,564.805138,5240107
2019-08-20,564.805138,565.233081,563.186957,563.613997,563.613997,4200964
2019-08-21,563.613997,567.650865,551.377937,555.355654,555.355654,3915232
2019-08-22,555.355654,565.558818,553.192113,563.364078,563.364078,6557867
2019-08-23,563.364078,567.359800,562.561921,566.553103,566.553103,10258462
2019-08-26,566.553103,566.742382,560.985931,561.173412,561.173412,5327696
2019-08-27,561.173412,561.943795,551.552864,552.311080,552.311080,7325742
2019-08-28,552.311080,556.714911,551.240714,555.638098,555.638098,7987710
2019-08-29,555.638098,556.342632,551.943171,552.643909,552.643909,5145381
2019-08-30,552.643909,554.422694,531.923520,533.641141,533.641141,3657016
2019-09-02,533.641141,534.100598,531.385314,531.843223,531.843223,4581074
2019-09-03,531.843223,532.773066,521.219150,522.132015,522.132015,13097723
2019-09-04,522.132015,523.836946,508.627172,510.293447,510.293447,3605068
2019-09-05,510.293447,510.376646,508.141010,508.223872,508.223872,9871819
2019-09-06,508.223872,516.308932,507.912832,515.993137,515.993137,8705522
2019-09-09,515.993137,516.479304,511.265876,511.748042,511.748042,10226892
2019-09-10,511.748042,519.390967,509.998930,517.621779,517.621779,7007094
2019-09-11,517.621779,534.805700,515.390146,532.509880,532.509880,2513075
2019-09-12,532.509880,533.436903,532.440882,533.367794,533.367794,5905157
2019-09-13,533.367794,534.571643,527.683671,528.877384,528.877384,5876045
2019-09-16,528.877384,529.767181,523.663426,524.545936,524.545936,11665231
2019-09-17,524.545936,526.318404,516.908773,518.661357,518.661357,8802044
2019-09-18,518.661357,521.412209,509.982010,512.701251,512.701251,5338770
2019-09-19,512.701251,522.174589,511.364953,520.817139,520.817139,4041647
2019-09-20,520.817139,534.325096,520.539133,534.040032,534.040032,4232589
2019-09-23,534.040032,536.380288,525.715217,528.029133,528.029133,7381821
2019-09-24,528.029133,540.407594,527.021240,539.378038,539.378038,5483293
2019-09-25,539.378038,540.653079,530.028054,531.283961,531.283961,5512821
2019-09-26,531.283961,538.482194,529.435440,536.615123,536.615123,6190013
2019-09-27,536.615123,537.165633,535.452848,536.002729,536.002729,4688127
2019-09-30,536.002729,536.009027,534.156105,534.162382,534.162382,9867451
2019-10-01,534.162382,539.221659,533.157459,538.209124,538.209124,9323196
2019-10-02,538.209124,538.236557,536.350266,536.377605,536.377605,7989374
2019-10-03,536.377605,536.778118,526.121267,526.514414,526.514414,6642667
2019-10-04,526.514414,538.106519,523.734787,535.280612,535.280612,5343211
2019-10-07,535.280612,537.239287,529.018792,530.961663,530.961663,3486888
2019-10-08,530.961663,531.999971,523.964357,524.990989,524.990989,3408692
2019-10-09,524.990989,530.381977,521.784866,527.162592,527.162592,3415020
2019-10-10,527.162592,537.904288,525.992711,536.713213,536.713213,6639972
2019-10-11,536.713213,537.444270,530.558489,531.282148,531.282148,3771127
2019-10-14,531.282148,546.191917,527.209579,542.036906,542.036906,5406198
2019-10-15,542.036906,545.076579,536.911671,539.939582,539.939582,5997660
2019-10-16,539.939582,543.162593,529.711414,532.892358,532.892358,6919055
2019-10-17,532.892358,533.321993,528.981732,529.408559,529.408559,7721595
2019-10-18,529.408559,540.036252,528.333696,538.942033,538.942033,2401253
2019-10-21,538.942033,540.066975,522.617603,523.710752,523.710752,5614791
2019-10-22,523.710752,531.813775,519.687193,527.759113,527.759113,5178519
2019-10-23,527.759113,528.880135,519.118536,520.223552,520.223552,3408434
2019-10-24,520.223552,521.145685,514.974711,515.889161,515.889161,4425223
2019-10-25,515.889161,532.065707,514.602355,530.741853,530.741853,6498442
2019-10-28,530.741853,534.157770,530.548699,533.963443,533.963443,5913756
2019-10-29,533.963443,551.121470,530.198811,547.263071,547.263071,7449426
2019-10-30,547.263071,554.211780,546.879617,553.823729,553.823729,5504543
2019-10-31,553.823729,565.868596,552.777927,564.802063,564.802063,10138560
2019-11-01,564.802063,579.562827,564.623733,579.379895,579.379895,5892958
2019-11-04,579.379895,582.882233,579.047511,582.548032,582.548032,4936761
2019-11-05,582.548032,582.568967,578.061578,578.082352,578.082352,4583359
2019-11-06,578.082352,598.086077,577.342481,597.321582,597.321582,3453452
2019-11-07,597.321582,598.227713,589.913063,590.809315,590.809315,4163031
2019-11-08,590.809315,607.170420,588.938595,605.253963,605.253963,5957182
2019-11-11,605.253963,611.506445,602.887247,609.124595,609.124595,9018113
2019-11-12,609.124595,614.920967,609.066511,614.862336,614.862336,5220425
2019-11-13,614.862336,616.921202,611.964975,614.021024,614.021024,8966820
2019-11-14,614.021024,616.358031,613.971970,616.308795,616.308795,5234265
2019-11-15,616.308795,622.117638,616.070868,621.877561,621.877561,5522230
2019-11-18,621.877561,626.694649,610.845799,615.614371,615.614371,4100536
2019-11-19,615.614371,615.656602,606.914166,606.955803,606.955803,6311250
2019-11-20,606.955803,610.371354,604.549923,607.961488,607.961488,13401805
2019-11-21,607.961488,614.469522,603.468070,609.961323,609.961323,2785788
2019-11-22,609.961323,624.167322,609.014515,623.199965,623.199965,4644872
2019-11-25,623.199965,632.416400,620.741424,629.931304,629.931304,10086479
2019-11-26,629.931304,643.399662,624.877292,638.278678,638.278678,4979978
2019-11-27,638.278678,639.874657,636.018071,637.612383,637.612383,5247387
2019-11-28,637.612383,639.627643,627.482412,629.471942,629.471942,6634316
2019-11-29,629.471942,636.067519,627.709390,634.291471,634.291471,6321379
2019-12-02,634.291471,635.472222,626.840920,628.009978,628.009978,6612126
2019-12-03,628.009978,645.840004,622.315806,640.036784,640.036784,6170424
2019-12-04,640.036784,644.253974,637.729835,641.940163,641.940163,9139377
2019-12-05,641.940163,643.261225,621.290971,622.572175,622.572175,8990914
2019-12-06,622.572175,625.300053,614.945379,617.651697,617.651697,7732182
2019-12-09,617.651697,618.616555,612.002888,612.960418,612.960418,5371334
2019-12-10,612.960418,616.475703,585.988151,589.368136,589.368136,6270166
2019-12-11,589.368136,592.267226,587.125378,590.021980,590.021980,10826642
2019-12-12,590.021980,593.306770,582.384612,585.645035,585.645035,4782422
2019-12-13,585.645035,585.993191,583.970885,584.318252,584.318252,8553417
2019-12-16,584.318252,592.272424,579.021751,586.952049,586.952049,6888031
2019-12-17,586.952049,596.335985,586.456435,595.832873,595.832873,8055043
2019-12-18,595.832873,616.911756,595.091671,616.145287,616.145287,4568121
2019-12-19,616.145287,616.843482,613.044015,613.739484,613.739484,5096676
2019-12-20,613.739484,641.857716,611.902121,639.941911,639.941911,7634541
2019-12-23,639.941911,644.794513,631.592446,636.418329,636.418329,8415097
2019-12-24,636.418329,640.707763,636.330062,640.618913,640.618913,6358891
2019-12-25,640.618913,646.064130,637.274177,642.708484,642.708484,9032266
2019-12-26,642.708484,644.581426,633.053402,634.903599,634.903599,9455470
2019-12-27,634.903599,642.973668,632.869304,640.920096,640.920096,8150141
2019-12-30,640.920096,643.587335,609.541893,612.089150,612.089150,7814407
2019-12-31,612.089150,624.905587,608.676803,621.441105,621.441105,7558060
2020-01-01,621.441105,624.002408,608.746554,611.265920,611.265920,5534426
2020-01-02,611.265920,616.395286,607.791367,612.911379,612.911379,7326686
2020-01-03,612.911379,616.951769,611.685936,615.720709,615.720709,7215229
2020-01-06,615.720709,615.959873,598.901551,599.134273,599.134273,5053283
2020-01-07,599.134273,604.127086,598.161890,603.148189,603.148189,9813122
2020-01-08,603.148189,604.331503,600.617374,601.798039,601.798039,4437295
2020-01-09,601.798039,607.274817,593.686427,599.139006,599.139006,2744216
2020-01-10,599.139006,604.510497,591.390490,596.740478,596.740478,4490802
2020-01-13,596.740478,597.616181,592.466690,593.337399,593.337399,3664408
2020-01-14,593.337399,598.455135,582.365659,587.432463,587.432463,3019084
2020-01-15,587.432463,590.693849,579.874882,583.112283,583.112283,4593714
2020-01-16,583.112283,601.233307,581.679440,599.759557,599.759557,8828279
2020-01-17,599.759557,606.928145,596.225234,603.372531,603.372531,3538907
2020-01-20,603.372531,605.091062,594.787499,596.486417,596.486417,5798530
2020-01-21,596.486417,601.153055,593.875823,598.533502,598.533502,3656415
2020-01-22,598.533502,605.331154,598.141241,604.934698,604.934698,7253159
2020-01-23,604.934698,606.520380,601.045217,602.624845,602.624845,5924358
2020-01-24,602.624845,603.900239,596.019858,597.283948,597.283948,3415613
2020-01-27,597.283948,607.568002,595.023490,605.277293,605.277293,10540255
2020-01-28,605.277293,605.609271,605.007882,605.339833,605.339833,6515193
2020-01-29,605.339833,608.534428,585.431359,588.537280,588.537280,5081431
2020-01-30,588.537280,602.637779,586.172626,600.226161,600.226161,4555150
2020-01-31,600.226161,603.350899,590.936237,594.028712,594.028712,3364344
2020-02-03,594.028712,603.501076,592.338856,601.789143,601.789143,3730143
2020-02-04,601.789143,606.206023,583.297412,587.610225,587.610225,4558572
2020-02-05,587.610225,588.257570,587.346218,587.993390,587.993390,4283600
2020-02-06,587.993390,589.295925,577.647381,578.929838,578.929838,7806541
2020-02-07,578.929838,583.370511,578.820629,583.260486,583.260486,7174323
2020-02-10,583.260486,586.559786,567.206874,570.433617,570.433617,5211584
2020-02-11,570.433617,571.180894,568.268074,569.013490,569.013490,4079204
2020-02-12,569.013490,572.478745,567.493600,570.953672,570.953672,4324516
2020-02-13,570.953672,572.033818,566.664050,567.738112,567.738112,7693258
2020-02-14,567.738112,575.340690,563.561671,571.139229,571.139229,6086375
2020-02-17,571.139229,578.727133,568.870254,576.437112,576.437112,5668809
2020-02-18,576.437112,576.583057,575.933829,576.079684,576.079684,9891176
2020-02-19,576.079684,585.712432,574.785794,584.399854,584.399854,4597580
2020-02-20,584.399854,588.406048,584.166280,588.170967,588.170967,4273456
2020-02-21,588.170967,588.935103,547.905839,548.618590,548.618590,14492857
2020-02-24,548.618590,552.637598,534.880002,538.827282,538.827282,6464575
2020-02-25,538.827282,548.042644,538.470203,547.679698,547.679698,5388111
2020-02-26,547.679698,548.817744,504.650634,505.701451,505.701451,4903634
2020-02-27,505.701451,506.950262,501.453378,502.694765,502.694765,6640275
2020-02-28,502.694765,503.166814,484.621359,485.076865,485.076865,6030645
2020-03-02,485.076865,493.822693,484.965326,493.709169,493.709169,9417447
2020-03-03,493.709169,497.820025,492.610639,496.714807,496.714807,5235553
2020-03-04,496.714807,497.616224,474.375607,475.238049,475.238049,5834313
2020-03-05,475.238049,476.382946,445.484269,446.560077,446.560077,8357914
2020-03-06,446.560077,447.165859,435.496806,436.088382,436.088382,7449567
2020-03-09,436.088382,436.567369,398.597058,399.035346,399.035346,7920210
2020-03-10,399.035346,446.302972,397.763190,444.884645,444.884645,8140709
2020-03-11,444.884645,449.173054,442.856235,447.134386,447.134386,10175346
2020-03-12,447.134386,447.477874,432.703758,433.036415,433.036415,6822160
2020-03-13,433.036415,434.367417,432.578672,433.908752,433.908752,3964327
2020-03-16,433.908752,434.330872,430.173032,430.591926,430.591926,4398331
2020-03-17,430.591926,431.918095,422.062134,423.366048,423.366048,11040561
2020-03-18,423.366048,423.436699,411.622686,411.691388,411.691388,4329183
2020-03-19,411.691388,419.459614,411.013789,418.770364,418.770364,4912412
2020-03-20,418.770364,420.414253,413.043166,414.670963,414.670963,11183524
2020-03-23,414.670963,416.789089,394.997328,397.025321,397.025321,5059274
2020-03-24,397.025321,398.073591,396.239277,397.287029,397.287029,5744692
2020-03-25,397.287029,398.927504,392.671157,394.299294,394.299294,4206958
2020-03-26,394.299294,395.290006,387.331013,388.306668,388.306668,9124387
2020-03-27,388.306668,394.760196,385.846911,392.275299,392.275299,9376750
2020-03-30,392.275299,400.026985,388.155795,395.869734,395.869734,5452610
2020-03-31,395.869734,399.881342,393.965111,397.966630,397.966630,3326313
2020-04-01,397.966630,407.629844,397.352254,407.001519,407.001519,4042473
2020-04-02,407.001519,411.339416,405.916109,410.245355,410.245355,5626032
2020-04-03,410.245355,410.359599,404.117959,404.230527,404.230527,5816239
2020-04-06,404.230527,413.091645,400.992108,409.808538,409.808538,5950919
2020-04-07,409.808538,415.412634,408.665856,414.257546,414.257546,3637758
2020-04-08,414.257546,415.929651,399.940924,401.561784,401.561784,3060736
2020-04-09,401.561784,403.253205,387.736492,389.376588,389.376588,6356384
2020-04-10,389.376588,391.955529,383.260574,385.815931,385.815931,6725831
2020-04-13,385.815931,395.228542,384.492916,393.877882,393.877882,11938872
2020-04-14,393.877882,396.315327,391.144978,393.580584,393.580584,4640100
2020-04-15,393.580584,394.446790,393.364466,394.230315,394.230315,6188240
2020-04-16,394.230315,397.702598,392.027965,395.493193,395.493193,4487138
2020-04-17,395.493193,396.591530,394.268771,395.366756,395.366756,2615076
2020-04-20,395.366756,398.101488,394.875450,397.607397,397.607397,6378655
2020-04-21,397.607397,398.597417,396.066178,397.054822,397.054822,5448233
2020-04-22,397.054822,405.380738,396.839817,405.161344,405.161344,6256508
2020-04-23,405.161344,407.583742,399.215994,401.617203,401.617203,5187638
2020-04-24,401.617203,411.208877,399.305122,408.855128,408.855128,4305595
2020-04-27,408.855128,409.052317,401.138794,401.332354,401.332354,5942912
2020-04-28,401.332354,405.065335,399.544316,403.268670,403.268670,3614775
2020-04-29,403.268670,406.309994,402.580789,405.618104,405.618104,6027470
2020-04-30,405.618104,406.112716,400.311080,400.799817,400.799817,5207812
2020-05-01,400.799817,404.509187,396.410188,400.113204,400.113204,7447957
2020-05-04,400.113204,400.531057,394.211174,394.623293,394.623293,7165610
2020-05-05,394.623293,398.160975,393.995399,397.528458,397.528458,4058868
2020-05-06,397.528458,398.661869,387.121078,388.227971,388.227971,3346718
2020-05-07,388.227971,390.991266,387.278123,390.036991,390.036991,9068958
2020-05-08,390.036991,395.507550,387.666187,393.118018,393.118018,5222741
2020-05-11,393.118018,394.064058,384.909559,385.838080,385.838080,3635478
2020-05-12,385.838080,386.488568,382.992904,383.639686,383.639686,5275171
2020-05-13,383.639686,385.434851,376.853105,378.624804,378.624804,10982861
2020-05-14,378.624804,382.300523,375.995660,379.664162,379.664162,7824124
2020-05-15,379.664162,386.215134,378.708486,385.245409,385.245409,4140245
2020-05-18,385.245409,386.913867,379.545926,381.196850,381.196850,5718924
2020-05-19,381.196850,381.787355,379.920334,380.509775,380.509775,3397565
2020-05-20,380.509775,384.411900,378.610906,382.503084,382.503084,13203050
2020-05-21,382.503084,383.793943,381.038667,382.328938,382.328938,8976997
2020-05-22,382.328938,384.343648,382.122259,384.135992,384.135992,4392474
2020-05-25,384.135992,384.781593,376.365022,376.998627,376.998627,4212692
2020-05-26,376.998627,383.855584,376.382707,383.229484,383.229484,9707962
2020-05-27,383.229484,385.044355,380.861683,382.673923,382.673923,6651103
2020-05-28,382.673923,382.810064,376.657758,376.791806,376.791806,6396386
2020-05-29,376.791806,383.526487,374.342001,381.049003,381.049003,5909423
2020-06-01,381.049003,381.361403,374.656708,374.964118,374.964118,3406187
2020-06-02,374.964118,377.986393,372.102231,375.123290,375.123290,5064688
2020-06-03,375.123290,376.063366,370.092301,371.022099,371.022099,6863110
2020-06-04,371.022099,372.488583,361.930263,363.366488,363.366488,5649288
2020-06-05,363.366488,365.146508,362.883383,364.661680,364.661680,7500598
2020-06-08,364.661680,370.616455,362.085427,368.016501,368.016501,3604234
2020-06-09,368.016501,377.778293,365.339973,375.050607,375.050607,5928040
2020-06-10,375.050607,376.380886,370.204827,371.522592,371.522592,5122885
2020-06-11,371.522592,373.665019,369.285207,371.427084,371.427084,3025986
2020-06-12,371.427084,377.000344,370.731173,376.295312,376.295312,6287005
2020-06-15,376.295312,379.060801,366.627992,369.342382,369.342382,4452346
2020-06-16,369.342382,385.829960,369.173078,385.653180,385.653180,11171507
2020-06-17,385.653180,386.543234,380.402909,381.282876,381.282876,6101720
2020-06-18,381.282876,384.360860,378.460136,381.536244,381.536244,5960007
2020-06-19,381.536244,385.202684,374.828051,378.464977,378.464977,2757054
2020-06-22,378.464977,379.352439,373.990727,374.869759,374.869759,5487137
2020-06-23,374.869759,375.854997,370.472314,371.448560,371.448560,5849960
2020-06-24,371.448560,378.534916,371.400167,378.485605,378.485605,12389003
2020-06-25,378.485605,392.112360,376.947482,390.525309,390.525309,6706661
2020-06-26,390.525309,407.450743,387.869717,404.698771,404.698771,7728165
2020-06-29,404.698771,411.553262,401.085969,407.911777,407.911777,6091446
2020-06-30,407.911777,414.248295,403.827761,410.141950,410.141950,6024251
2020-07-01,410.141950,411.128714,406.983137,407.964662,407.964662,4533845
2020-07-02,407.964662,416.915140,407.117525,416.051211,416.051211,6640382
2020-07-03,416.051211,419.351642,414.930751,418.225327,418.225327,7229694
2020-07-06,418.225327,426.555878,418.111654,426.439971,426.439971,5898240
2020-07-07,426.439971,428.084788,421.717872,423.350773,423.350773,4375444
2020-07-08,423.350773,427.279288,423.176804,427.103777,427.103777,9304712
2020-07-09,427.103777,428.114241,424.990351,425.998199,425.998199,6412824
2020-07-10,425.998199,434.377914,425.837086,434.213693,434.213693,4504503
2020-07-13,434.213693,445.681186,429.836490,441.233220,441.233220,9034819
2020-07-14,441.233220,441.256871,437.848036,437.871506,437.871506,3980869
2020-07-15,437.871506,438.526201,435.389717,436.041675,436.041675,5319044
2020-07-16,436.041675,441.119711,435.480062,440.552288,440.552288,11111530
2020-07-17,440.552288,447.801902,438.395697,445.620501,445.620501,9318057
2020-07-20,445.620501,445.914427,442.737274,443.029492,443.029492,6665427
2020-07-21,443.029492,445.779447,441.113331,443.859696,443.859696,4679339
2020-07-22,443.859696,444.331620,441.025814,441.495225,441.495225,5695337
2020-07-23,441.495225,442.680997,437.323899,438.501630,438.501630,6062017
2020-07-24,438.501630,441.157143,429.989263,432.609091,432.609091,6161172
2020-07-27,432.609091,439.842864,432.175678,439.402645,439.402645,4944405
2020-07-28,439.402645,441.719557,431.844947,434.134079,434.134079,7275942
2020-07-29,434.134079,448.358248,432.137449,446.305639,446.305639,5981302
2020-07-30,446.305639,454.934120,445.856311,454.476566,454.476566,5856442
2020-07-31,454.476566,454.624561,444.889505,445.034425,445.034425,3510237
2020-08-03,445.034425,446.335263,430.585184,431.847476,431.847476,7040185
2020-08-04,431.847476,436.497288,430.149869,434.788121,434.788121,6808880
2020-08-05,434.788121,435.043646,433.086745,433.341420,433.341420,8584308
2020-08-06,433.341420,437.573795,432.030135,436.253698,436.253698,7883795
2020-08-07,436.253698,436.883843,433.440929,434.067917,434.067917,8383035
2020-08-10,434.067917,435.796334,429.469151,431.186092,431.186092,5912188
2020-08-11,431.186092,433.350491,420.076323,422.195592,422.195592,3660666
2020-08-12,422.195592,435.386773,418.422267,431.530021,431.530021,4012914
2020-08-13,431.530021,444.755557,430.796672,444.001014,444.001014,6942090
2020-08-14,444.001014,444.220102,434.339099,434.553525,434.553525,9358605
2020-08-17,434.553525,444.015611,434.310455,443.767387,443.767387,5108774
2020-08-18,443.767387,444.149272,436.777432,437.153625,437.153625,6278656
2020-08-19,437.153625,440.134997,431.480599,434.443488,434.443488,5603640
2020-08-20,434.443488,436.925475,434.017803,436.497778,436.497778,5318293
2020-08-21,436.497778,437.699332,428.240665,429.422744,429.422744,6153575
2020-08-24,429.422744,430.475048,428.543102,429.595053,429.595053,8423691
2020-08-25,429.595053,433.178970,427.044462,430.622280,430.622280,8476018
2020-08-26,430.622280,437.851233,429.059086,436.267546,436.267546,6117581
2020-08-27,436.267546,442.914175,435.255303,441.888889,441.888889,3573424
2020-08-28,441.888889,442.742875,434.884738,435.726816,435.726816,8136711
2020-08-31,435.726816,437.234631,421.805669,423.270379,423.270379,5387730
2020-09-01,423.270379,426.024763,421.908221,424.658139,424.658139,5074682
2020-09-02,424.658139,426.388525,423.394653,425.123654,425.123654,5302266
2020-09-03,425.123654,436.777340,419.733703,431.308969,431.308969,4376944
2020-09-04,431.308969,435.172338,430.913454,434.773646,434.773646,10776333
2020-09-07,434.773646,437.723624,428.702642,431.631298,431.631298,5131532
2020-09-08,431.631298,439.118691,431.100409,438.579256,438.579256,4860017
2020-09-09,438.579256,444.708273,438.307473,444.432862,444.432862,8704579
2020-09-10,444.432862,450.420570,442.071509,448.040051,448.040051,8339344
2020-09-11,448.040051,455.783396,446.036676,453.754470,453.754470,5096067
2020-09-14,453.754470,454.395053,442.611636,443.237373,443.237373,6367227
2020-09-15,443.237373,443.503587,441.189969,441.455112,441.455112,8613269
2020-09-16,441.455112,441.838034,440.006553,440.388549,440.388549,6728622
2020-09-17,440.388549,449.418778,437.617708,446.608801,446.608801,7383223
2020-09-18,446.608801,448.835159,436.096489,438.281335,438.281335,7307253
2020-09-21,438.281335,457.551133,438.168126,457.432977,457.432977,7188990
2020-09-22,457.432977,460.117191,456.558287,459.239047,459.239047,6156653
2020-09-23,459.239047,459.964269,454.230819,454.949267,454.949267,2664332
2020-09-24,454.949267,468.422393,451.470969,464.868259,464.868259,4659505
2020-09-25,464.868259,465.377627,452.208608,452.704647,452.704647,8525290
2020-09-28,452.704647,488.191359,452.245111,487.696302,487.696302,6953134
2020-09-29,487.696302,491.489475,486.391263,490.177795,490.177795,6508338
2020-09-30,490.177795,490.187782,482.786257,482.796094,482.796094,6097378
2020-10-01,482.796094,484.218903,477.190871,478.601317,478.601317,7533982
2020-10-02,478.601317,483.138606,474.481564,479.015290,479.015290,7904322
2020-10-05,479.015290,485.234139,477.862785,484.069474,484.069474,2950669
2020-10-06,484.069474,485.523246,465.772482,467.175517,467.175517,7094505
2020-10-07,467.175517,471.825632,466.150542,470.792721,470.792721,9397628
2020-10-08,470.792721,471.295208,469.813289,470.315267,470.315267,5000173
2020-10-09,470.315267,471.469115,463.869423,465.010256,465.010256,7402964
2020-10-12,465.010256,465.279522,460.804054,461.071039,461.071039,4792707
2020-10-13,461.071039,464.003957,460.420028,463.349729,463.349729,6237477
2020-10-14,463.349729,464.785961,442.364930,443.740380,443.740380,5027202
2020-10-15,443.740380,445.917093,419.389906,421.457313,421.457313,6904947
2020-10-16,421.457313,424.436959,415.192903,418.149161,418.149161,8720437
2020-10-19,418.149161,419.706726,406.424130,407.943680,407.943680,5806293
2020-10-20,407.943680,410.048186,406.998697,409.100522,409.100522,3971131
2020-10-21,409.100522,411.366751,406.032457,408.294219,408.294219,16811582
2020-10-22,408.294219,410.257993,392.965605,394.864787,394.864787,6690349
2020-10-23,394.864787,396.822269,394.322137,396.277677,396.277677,3826330
2020-10-26,396.277677,405.299988,393.495761,402.474569,402.474569,4669155
2020-10-27,402.474569,403.428281,402.296200,403.249568,403.249568,4531048
2020-10-28,403.249568,408.690658,402.216922,407.646752,407.646752,4309118
2020-10-29,407.646752,408.474261,402.557155,403.375995,403.375995,7220744
2020-10-30,403.375995,412.965012,402.041322,411.603117,411.603117,5428551
2020-11-02,411.603117,426.557807,408.950466,423.826380,423.826380,4776252
2020-11-03,423.826380,424.527104,411.935050,412.617242,412.617242,10916695
2020-11-04,412.617242,421.609291,409.850205,418.800787,418.800787,4052446
2020-11-05,418.800787,419.628632,417.162052,417.988291,417.988291,4815692
2020-11-06,417.988291,418.474315,417.624150,418.110068,418.110068,7914137
2020-11-09,418.110068,423.188129,412.000894,417.066278,417.066278,5949830
2020-11-10,417.066278,419.235796,411.115791,413.265538,413.265538,7696709
2020-11-11,413.265538,418.395193,411.242315,416.356836,416.356836,3538777
2020-11-12,416.356836,421.241717,414.887032,419.759900,419.759900,7254471
2020-11-13,419.759900,423.880412,418.733292,422.846256,422.846256,8187752
2020-11-16,422.846256,425.482786,421.253939,423.886551,423.886551,8314879
2020-11-17,423.886551,424.161297,419.009543,419.281305,419.281305,6389542
2020-11-18,419.281305,419.368169,417.534052,417.620572,417.620572,6926564
2020-11-19,417.620572,419.555803,413.260925,415.184868,415.184868,4837088
2020-11-20,415.184868,418.230976,407.026970,410.035296,410.035296,4446065
2020-11-23,410.035296,410.731223,407.356880,408.049436,408.049436,6928813
2020-11-24,408.049436,410.557368,407.602820,410.108498,410.108498,2953787
2020-11-25,410.108498,427.219255,409.347285,426.427752,426.427752,5335410
2020-11-26,426.427752,433.737282,424.704006,431.991047,431.991047,4245222
2020-11-27,431.991047,435.343847,430.796232,434.143079,434.143079,3935634
2020-11-30,434.143079,434.437361,433.926583,434.220826,434.220826,9686830
2020-12-01,434.220826,435.226196,424.542314,425.527556,425.527556,5007055
2020-12-02,425.527556,425.898403,420.928102,421.295260,421.295260,8411905
2020-12-03,421.295260,431.977447,421.141901,431.820256,431.820256,8621524
2020-12-04,431.820256,432.672767,425.294294,426.135582,426.135582,8379906
2020-12-07,426.135582,430.463062,423.923968,428.240524,428.240524,5788707
2020-12-08,428.240524,429.786305,424.102029,425.638417,425.638417,4989521
2020-12-09,425.638417,441.718805,424.672732,440.718906,440.718906,3554513
2020-12-10,440.718906,442.030817,438.298025,439.606626,439.606626,3378350
2020-12-11,439.606626,444.392432,435.952323,440.728802,440.728802,8433364
2020-12-14,440.728802,442.266217,434.370763,435.891304,435.891304,5042266
2020-12-15,435.891304,436.954213,434.828687,435.891595,435.891595,6176611
2020-12-16,435.891595,445.793557,434.751775,444.630885,444.630885,4285811
2020-12-17,444.630885,456.102854,444.114386,455.573644,455.573644,6171072
2020-12-18,455.573644,463.129904,453.026326,460.554735,460.554735,5429935
2020-12-21,460.554735,462.836554,459.013277,461.292626,461.292626,4621283
2020-12-22,461.292626,461.367519,457.396237,457.470510,457.470510,6327938
2020-12-23,457.470510,459.613319,456.003188,458.143837,458.143837,7428698
2020-12-24,458.143837,459.539569,456.646536,458.041958,458.041958,7459530
2020-12-25,458.041958,470.431755,457.933773,470.320670,470.320670,11092226
2020-12-28,470.320670,475.252480,469.393918,474.317851,474.317851,5759824
2020-12-29,474.317851,476.262809,467.718927,469.644722,469.644722,6728029
2020-12-30,469.644722,477.567882,467.021359,474.915079,474.915079,8735955
2020-12-31,474.915079,478.597191,474.262341,477.940294,477.940294,5279646
2021-01-01,477.940294,481.244329,477.252523,480.552798,480.552798,9368312
2021-01-04,480.552798,482.213418,468.563712,470.188517,470.188517,5497036
2021-01-05,470.188517,471.500397,459.888783,461.175516,461.175516,4599747
2021-01-06,461.175516,463.143322,455.825582,457.778895,457.778895,6616300
2021-01-07,457.778895,458.638918,457.617397,458.477175,458.477175,9214894
2021-01-08,458.477175,460.821524,457.796434,460.138317,460.138317,5951874
2021-01-11,460.138317,463.224214,457.063575,460.149398,460.149398,5300501
2021-01-12,460.149398,473.127230,458.748094,471.690779,471.690779,9511746
2021-01-13,471.690779,472.187638,464.018721,464.508014,464.508014,6832344
2021-01-14,464.508014,467.808470,464.278966,467.577908,467.577908,6772127
2021-01-15,467.577908,469.719175,460.664039,462.783349,462.783349,3125236
2021-01-18,462.783349,476.432414,462.272618,475.907200,475.907200,3566058
2021-01-19,475.907200,484.578068,475.731692,484.399429,484.399429,6773031
2021-01-20,484.399429,490.254738,481.881140,487.719191,487.719191,4140491
2021-01-21,487.719191,494.320925,485.500825,492.082711,492.082711,9400362
2021-01-22,492.082711,495.790545,491.545377,495.249752,495.249752,2209650
2021-01-25,495.249752,496.540790,490.123840,491.404854,491.404854,10424724
2021-01-26,491.404854,493.675524,482.218051,484.456614,484.456614,10987580
2021-01-27,484.456614,497.009020,481.760123,494.257975,494.257975,7457398
2021-01-28,494.257975,499.370807,493.916808,499.026348,499.026348,6886285
2021-01-29,499.026348,502.893677,490.138978,493.967099,493.967099,10251432
2021-02-01,493.967099,497.086771,493.439141,496.556046,496.556046,5330626
2021-02-02,496.556046,500.808845,495.758647,500.005907,500.005907,6587683
2021-02-03,500.005907,520.171779,499.233311,519.369263,519.369263,8340246
2021-02-04,519.369263,541.144883,518.397286,540.134045,540.134045,5940445
2021-02-05,540.134045,540.425703,533.658913,533.947230,533.947230,10365788
2021-02-08,533.947230,537.425762,533.174696,536.649318,536.649318,3820268
2021-02-09,536.649318,537.594237,531.324966,532.262161,532.262161,8099573
2021-02-10,532.262161,533.106510,522.527785,523.358009,523.358009,5346491
2021-02-11,523.358009,524.087871,520.950872,521.678391,521.678391,4517135
2021-02-12,521.678391,523.106060,517.392670,518.812497,518.812497,4284227
2021-02-15,518.812497,523.203158,518.165740,522.551740,522.551740,4668060
2021-02-16,522.551740,535.188765,522.550404,535.187397,535.187397,8008422
2021-02-17,535.187397,542.351018,534.185023,541.337126,541.337126,7974233
2021-02-18,541.337126,555.751866,537.652931,551.995136,551.995136,4270195
2021-02-19,551.995136,558.347696,551.675408,558.024475,558.024475,4364121
2021-02-22,558.024475,562.724539,554.942457,559.633634,559.633634,3551394
2021-02-23,559.633634,559.823990,545.328638,545.514192,545.514192,4869158
2021-02-24,545.514192,546.900347,538.355934,539.727384,539.727384,6043723
2021-02-25,539.727384,544.097634,538.589445,542.952895,542.952895,5834958
2021-02-26,542.952895,553.541957,542.539865,553.121192,553.121192,3515216
2021-03-01,553.121192,555.452107,538.270792,540.548726,540.548726,4444247
2021-03-02,540.548726,542.834820,533.557532,535.823642,535.823642,6073619
2021-03-03,535.823642,536.485395,534.600370,535.261428,535.261428,4294654
2021-03-04,535.261428,546.633141,535.071379,546.439123,546.439123,6393304
2021-03-05,546.439123,560.063306,542.370278,555.923837,555.923837,12712241
2021-03-08,555.923837,565.753540,555.847371,565.675733,565.675733,4920044
2021-03-09,565.675733,569.001629,563.223557,566.545682,566.545682,4599012
2021-03-10,566.545682,567.250854,566.051149,566.756137,566.756137,6663044
2021-03-11,566.756137,573.351976,564.801507,571.381395,571.381395,5228473
2021-03-12,571.381395,577.432409,570.669409,576.713778,576.713778,4390326
2021-03-15,576.713778,590.910082,575.030411,589.190298,589.190298,8393839
2021-03-16,589.190298,600.783544,585.389734,596.933036,596.933036,7956845
2021-03-17,596.933036,607.357668,595.773433,606.180101,606.180101,6003669
2021-03-18,606.180101,606.591087,598.375393,598.781362,598.781362,5180345
2021-03-19,598.781362,599.826419,595.656965,596.698386,596.698386,6845915
2021-03-22,596.698386,606.908085,595.353521,605.543285,605.543285,6021822
2021-03-23,605.543285,608.186525,604.375265,607.015665,607.015665,7316609
2021-03-24,607.015665,610.357533,602.719273,606.055857,606.055857,2708362
2021-03-25,606.055857,608.733997,595.208831,597.850712,597.850712,5997483
2021-03-26,597.850712,605.978086,594.897928,602.999870,602.999870,6247048
2021-03-29,602.999870,606.261612,599.968451,603.229042,603.229042,8426993
2021-03-30,603.229042,608.315885,594.283608,599.337636,599.337636,9812602
2021-03-31,599.337636,605.073437,597.795759,603.520798,603.520798,4138771
2021-04-01,603.520798,606.679235,590.419114,593.525241,593.525241,4352852
2021-04-02,593.525241,594.542836,583.228671,584.230330,584.230330,8982752
2021-04-05,584.230330,593.918790,581.528721,591.185021,591.185021,7014832
2021-04-06,591.185021,595.264137,588.892575,592.964789,592.964789,6003524
2021-04-07,592.964789,603.526724,590.573975,601.103097,601.103097,10262380
2021-04-08,601.103097,604.601651,598.756906,602.250979,602.250979,4767635
2021-04-09,602.250979,616.329021,598.951985,612.971304,612.971304,3547417
2021-04-12,612.971304,619.623858,612.080518,618.724712,618.724712,8435969
2021-04-13,618.724712,619.196168,600.793715,601.251857,601.251857,10873428
2021-04-14,601.251857,610.073330,598.360975,607.154069,607.154069,5497189
2021-04-15,607.154069,610.989094,601.766818,605.591976,605.591976,6587807
2021-04-16,605.591976,607.496586,597.341529,599.226118,599.226118,7357437
2021-04-19,599.226118,601.612078,587.046052,589.392859,589.392859,5271901
2021-04-20,589.392859,591.569511,574.902873,577.033883,577.033883,5359225
2021-04-21,577.033883,578.680454,564.071337,565.685525,565.685525,4220194
2021-04-22,565.685525,566.328418,562.772731,563.413041,563.413041,3288088
2021-04-23,563.413041,570.459009,562.952725,569.993318,569.993318,4737619
2021-04-26,569.993318,572.406293,557.955104,560.327159,560.327159,7324025
2021-04-27,560.327159,576.254641,556.761782,572.611101,572.611101,4623978
2021-04-28,572.611101,577.364271,571.640389,576.387157,576.387157,5400025
2021-04-29,576.387157,577.863071,573.452529,574.924699,574.924699,10847949
2021-04-30,574.924699,576.588769,560.241726,561.868005,561.868005,6557932
2021-05-03,561.868005,564.315165,548.577679,550.977407,550.977407,3132158
2021-05-04,550.977407,555.035700,539.987415,543.994274,543.994274,4765216
2021-05-05,543.994274,546.702993,524.647176,527.272633,527.272633,8517819
2021-05-06,527.272633,530.084151,515.256234,518.018407,518.018407,3604992
2021-05-07,518.018407,519.241926,514.472440,515.690460,515.690460,6696553
2021-05-10,515.690460,515.817756,510.188281,510.314250,510.314250,6516453
2021-05-11,510.314250,511.262024,507.878515,508.823521,508.823521,7866408
2021-05-12,508.823521,510.004016,507.887268,509.067315,509.067315,7398412
2021-05-13,509.067315,524.126398,508.631415,523.677987,523.677987,5961881
2021-05-14,523.677987,526.006957,518.139321,520.453952,520.453952,5634383
2021-05-17,520.453952,521.081437,516.261380,516.884562,516.884562,5365045
2021-05-18,516.884562,517.655432,505.527703,506.282762,506.282762,5557117
2021-05-19,506.282762,509.763844,494.359624,497.782259,497.782259,8250670
2021-05-20,497.782259,509.288260,494.221581,505.671152,505.671152,5347703
2021-05-21,505.671152,507.939315,503.617235,505.884531,505.884531,6334579
2021-05-24,505.884531,506.068695,502.148117,502.330987,502.330987,6588043
2021-05-25,502.330987,504.284535,502.059999,504.012640,504.012640,3379756
2021-05-26,504.012640,505.026689,503.721428,504.735060,504.735060,3544487
2021-05-27,504.735060,527.231650,504.506169,526.992666,526.992666,7326752
2021-05-28,526.992666,527.713959,524.394084,525.112804,525.112804,3264668
2021-05-31,525.112804,526.163611,522.206455,523.253541,523.253541,10126322
2021-06-01,523.253541,524.767320,508.561404,510.036947,510.036947,6821741
2021-06-02,510.036947,516.786143,510.002655,516.751399,516.751399,7178050
2021-06-03,516.751399,524.571708,515.663557,523.469723,523.469723,6142643
2021-06-04,523.469723,528.848097,522.123053,527.491082,527.491082,6055370
2021-06-07,527.491082,529.215945,516.375722,518.069778,518.069778,5683325
2021-06-08,518.069778,518.795886,508.135592,508.848776,508.848776,10649706
2021-06-09,508.848776,509.584477,504.542188,505.272718,505.272718,6070519
2021-06-10,505.272718,509.923544,504.225423,508.868795,508.868795,3856475
2021-06-11,508.868795,509.601337,506.255279,506.985109,506.985109,9412703
2021-06-14,506.985109,513.538646,505.848084,512.389500,512.389500,8662539
2021-06-15,512.389500,513.352282,507.613149,508.568752,508.568752,7509944
2021-06-16,508.568752,511.353869,496.152177,498.884258,498.884258,9273672
2021-06-17,498.884258,502.556199,496.310169,499.976474,499.976474,7222644
2021-06-18,499.976474,501.852606,493.261106,495.119010,495.119010,4043231
2021-06-21,495.119010,499.114622,493.362462,497.350158,497.350158,6063231
2021-06-22,497.350158,503.665121,494.916539,501.212602,501.212602,5124251
2021-06-23,501.212602,502.592796,489.516691,490.868400,490.868400,5280000
2021-06-24,490.868400,493.061473,488.876513,491.068773,491.068773,6521272
2021-06-25,491.068773,491.699280,490.232144,490.862386,490.862386,5598625
2021-06-28,490.862386,492.957048,489.172955,491.266227,491.266227,3504748
2021-06-29,491.266227,492.380261,486.161942,487.266907,487.266907,3986739
2021-06-30,487.266907,495.526109,486.036374,494.277871,494.277871,5371420
2021-07-01,494.277871,501.295433,490.962158,497.955053,497.955053,4498866
2021-07-02,497.955053,502.119019,495.817256,499.972561,499.972561,9868468
2021-07-05,499.972561,501.885949,492.878618,494.772103,494.772103,4363134
2021-07-06,494.772103,500.134097,492.707310,498.055601,498.055601,5754924
2021-07-07,498.055601,507.034985,497.702483,506.675756,506.675756,7474144
2021-07-08,506.675756,519.414377,506.330445,519.060625,519.060625,7001543
2021-07-09,519.060625,519.177924,514.401856,514.518129,514.518129,6258779
2021-07-12,514.518129,516.369043,514.490853,516.341671,516.341671,7451808
2021-07-13,516.341671,517.111694,511.843055,512.607510,512.607510,6134976
2021-07-14,512.607510,515.149701,503.099799,505.607273,505.607273,4467916
2021-07-15,505.607273,506.877485,494.702062,495.948007,495.948007,8307323
2021-07-16,495.948007,502.561842,494.671145,501.271275,501.271275,6548155
2021-07-19,501.271275,503.415429,501.169398,503.313137,503.313137,11379173
2021-07-20,503.313137,503.690648,502.241355,502.618345,502.618345,7973001
2021-07-21,502.618345,507.639122,501.582032,506.594611,506.594611,10204341
2021-07-22,506.594611,513.666257,503.222363,510.269546,510.269546,7290025
2021-07-23,510.269546,517.053908,508.445371,515.212065,515.212065,9082233
2021-07-26,515.212065,517.165439,514.395688,516.347263,516.347263,4007386
2021-07-27,516.347263,521.402119,515.457543,520.505235,520.505235,4018747
2021-07-28,520.505235,521.900692,514.036218,515.418036,515.418036,4689429
2021-07-29,515.418036,519.376255,514.651930,518.605411,518.605411,13681580
2021-07-30,518.605411,531.798784,514.904808,528.030923,528.030923,4093449
2021-08-02,528.030923,528.805344,519.282790,520.045499,520.045499,9482720
2021-08-03,520.045499,522.114665,519.259436,521.326665,521.326665,5547087
2021-08-04,521.326665,524.005647,520.407636,523.083521,523.083521,4745622
2021-08-05,523.083521,531.268038,522.258449,530.431376,530.431376,2574825
2021-08-06,530.431376,536.533240,528.839981,534.928353,534.928353,6370120
2021-08-09,534.928353,535.851297,523.522891,524.427718,524.427718,8019837
2021-08-10,524.427718,524.555742,520.890176,521.017368,521.017368,5967948
2021-08-11,521.017368,521.305535,513.734351,514.018647,514.018647,4193647
2021-08-12,514.018647,518.291099,511.874030,516.137642,516.137642,3956006
2021-08-13,516.137642,518.194341,516.045346,518.101694,518.101694,5454176
2021-08-16,518.101694,518.852842,515.637528,516.386189,516.386189,5844491
2021-08-17,516.386189,516.469008,514.211298,514.293782,514.293782,7785953
2021-08-18,514.293782,526.377938,508.688307,520.702611,520.702611,9691610
2021-08-19,520.702611,525.756650,499.074429,503.966019,503.966019,9449490
2021-08-20,503.966019,513.256538,501.593768,510.851875,510.851875,8979203
2021-08-23,510.851875,518.033794,508.964555,516.126985,516.126985,6444174
2021-08-24,516.126985,517.221946,512.225670,513.314664,513.314664,4567870
2021-08-25,513.314664,514.618876,504.675169,505.960697,505.960697,11001568
2021-08-26,505.960697,507.760041,491.492756,493.246886,493.246886,5357784
2021-08-27,493.246886,498.754406,492.248944,497.747358,497.747358,5309229
2021-08-30,497.747358,499.718343,485.384545,487.314217,487.314217,13047379
2021-08-31,487.314217,500.134715,486.868981,499.678183,499.678183,5248355
2021-09-01,499.678183,499.812296,489.262460,489.393812,489.393812,4116359
2021-09-02,489.393812,489.696865,474.915624,475.209893,475.209893,4992748
2021-09-03,475.209893,487.713787,470.572504,483.000375,483.000375,5732047
2021-09-06,483.000375,483.876243,477.348761,478.215954,478.215954,4897200
2021-09-07,478.215954,484.945399,477.158174,483.875101,483.875101,5763785
2021-09-08,483.875101,484.848739,478.731685,479.696916,479.696916,8552590
2021-09-09,479.696916,479.925168,475.051526,475.277675,475.277675,5383128
2021-09-10,475.277675,478.920352,474.480325,478.118237,478.118237,5162268
2021-09-13,478.118237,479.521058,471.630856,473.018715,473.018715,5274638
2021-09-14,473.018715,474.386220,472.198157,473.564715,473.564715,7856954
2021-09-15,473.564715,483.886539,473.237578,483.552503,483.552503,7331594
2021-09-16,483.552503,486.781977,474.203450,477.391779,477.391779,7824201
2021-09-17,477.391779,480.116234,471.454202,474.160214,474.160214,4187128
2021-09-20,474.160214,474.974999,470.501784,471.311674,471.311674,6416552
2021-09-21,471.311674,478.750777,470.085557,477.508539,477.508539,4175975
2021-09-22,477.508539,495.233515,475.844362,493.513559,493.513559,12519555
2021-09-23,493.513559,493.855264,484.552961,484.888694,484.888694,9930715
2021-09-24,484.888694,487.056556,475.079214,477.212759,477.212759,2815947
2021-09-27,477.212759,484.691306,477.096362,484.573114,484.573114,5154936
2021-09-28,484.573114,486.028506,476.039637,477.473706,477.473706,6378005
2021-09-29,477.473706,486.282218,475.144885,483.921946,483.921946,4686760
2021-09-30,483.921946,484.501074,476.770184,477.341437,477.341437,5308090
2021-10-01,477.341437,478.757307,476.469924,477.884802,477.884802,4805816
2021-10-04,477.884802,479.804734,477.080531,478.998589,478.998589,4827566
2021-10-05,478.998589,482.925325,478.059577,481.980467,481.980467,3208174
2021-10-06,481.980467,482.016032,480.469157,480.504613,480.504613,5263511
2021-10-07,480.504613,483.170214,477.235050,479.897282,479.897282,7403024
2021-10-08,479.897282,490.802844,479.485144,490.381702,490.381702,4407169
2021-10-11,490.381702,493.728667,488.855089,492.196405,492.196405,7240137
2021-10-12,492.196405,493.665053,475.932270,477.356637,477.356637,5113557
2021-10-13,477.356637,479.630087,470.517196,472.768796,472.768796,9038109
2021-10-14,472.768796,473.407875,472.317304,472.956204,472.956204,5465322
2021-10-15,472.956204,474.744535,472.463588,474.250571,474.250571,9020176
2021-10-18,474.250571,475.067780,462.553060,463.351488,463.351488,4165560
2021-10-19,463.351488,481.685757,460.821465,479.069907,479.069907,6610518
2021-10-20,479.069907,484.291825,478.879840,484.099762,484.099762,4794638
2021-10-21,484.099762,484.471186,470.317434,470.678561,470.678561,4915212
2021-10-22,470.678561,471.431863,469.439184,470.191707,470.191707,5711277
2021-10-25,470.191707,492.683592,469.255602,491.704657,491.704657,6616095
2021-10-26,491.704657,492.883002,488.994839,490.169505,490.169505,8352201
2021-10-27,490.169505,492.490939,487.446608,489.766132,489.766132,6607911
2021-10-28,489.766132,492.340398,488.195928,490.766986,490.766986,4934965
2021-10-29,490.766986,506.897831,487.734061,503.784458,503.784458,6338138
2021-11-01,503.784458,503.905709,500.976801,501.097405,501.097405,7822381
2021-11-02,501.097405,501.835952,500.882754,501.621077,501.621077,9018832
2021-11-03,501.621077,515.571961,501.461274,515.407766,515.407766,3625543
2021-11-04,515.407766,528.946119,514.029052,527.534965,527.534965,8723778
2021-11-05,527.534965,536.550445,524.310764,533.291063,533.291063,2703940
2021-11-08,533.291063,534.574266,531.882204,533.165103,533.165103,8349459
2021-11-09,533.165103,539.129160,530.561622,536.509348,536.509348,4324752
2021-11-10,536.509348,540.150782,536.453020,540.094078,540.094078,4210472
2021-11-11,540.094078,540.935527,532.205941,533.036395,533.036395,9497319
2021-11-12,533.036395,537.022042,532.071415,536.051603,536.051603,4985150
2021-11-15,536.051603,557.289470,535.473023,556.688615,556.688615,8130921
2021-11-16,556.688615,570.431243,554.663948,568.364111,568.364111,9284794
2021-11-17,568.364111,574.464059,567.797003,573.891435,573.891435,5223385
2021-11-18,573.891435,575.470601,566.561645,568.124943,568.124943,4458905
2021-11-19,568.124943,572.619952,565.749329,570.235513,570.235513,7281144
2021-11-22,570.235513,573.937067,567.657100,571.353599,571.353599,3904363
2021-11-23,571.353599,577.530206,569.282685,575.444465,575.444465,6078280
2021-11-24,575.444465,579.354774,574.958540,578.865959,578.865959,9263819
2021-11-25,578.865959,583.669110,567.857308,572.608537,572.608537,7986183
2021-11-26,572.608537,574.421073,559.560657,561.337515,561.337515,7718934
2021-11-29,561.337515,561.504841,546.897747,547.060817,547.060817,8725276
2021-11-30,547.060817,548.603058,545.912245,547.453662,547.453662,6780899
2021-12-01,547.453662,550.136894,538.006350,540.656266,540.656266,8298865
2021-12-02,540.656266,541.970366,524.969584,526.248666,526.248666,4600845
2021-12-03,526.248666,528.535646,520.288376,522.559323,522.559323,12993192
2021-12-06,522.559323,525.358944,518.320321,521.112189,521.112189,3751033
2021-12-07,521.112189,521.800003,504.240342,504.906766,504.906766,4593435
2021-12-08,504.906766,506.606374,501.228027,502.920950,502.920950,11221011
2021-12-09,502.920950,503.829104,500.238224,501.143169,501.143169,5987316
2021-12-10,501.143169,508.773945,499.786845,507.400685,507.400685,5316699
2021-12-13,507.400685,509.744940,506.787527,509.129693,509.129693,4894902
2021-12-14,509.129693,515.391844,507.810165,514.059540,514.059540,6326582
2021-12-15,514.059540,518.539854,511.208519,515.679846,515.679846,4319874
2021-12-16,515.679846,515.822294,503.025889,503.164880,503.164880,4366038
2021-12-17,503.164880,503.305126,496.903990,497.042531,497.042531,4240136
2021-12-20,497.042531,500.028632,491.750908,494.723075,494.723075,3758976
2021-12-21,494.723075,495.071018,484.048542,484.389218,484.389218,4758840
2021-12-22,484.389218,485.873054,479.427052,480.900200,480.900200,10145580
2021-12-23,480.900200,486.915613,477.718901,483.715689,483.715689,5864920
2021-12-24,483.715689,484.515391,479.617573,480.411813,480.411813,5235616
2021-12-27,480.411813,491.645978,476.169675,487.342639,487.342639,3609058
2021-12-28,487.342639,487.711951,486.539712,486.908695,486.908695,6551928
2021-12-29,486.908695,488.153463,483.862991,485.103143,485.103143,8035889
2021-12-30,485.103143,486.569641,465.553873,466.965540,466.965540,9899605
2021-12-31,466.965540,475.794552,464.037358,472.829598,472.829598,7478835
2022-01-03,472.829598,474.881893,461.016911,463.026656,463.026656,3640512
2022-01-04,463.026656,471.574209,461.191861,469.712919,469.712919,5147887
2022-01-05,469.712919,470.728161,457.688645,458.680040,458.680040,4012396
2022-01-06,458.680040,459.923560,452.626476,453.856920,453.856920,4287325
2022-01-07,453.856920,469.673744,450.743485,466.473758,466.473758,3895672
2022-01-10,466.473758,480.113613,462.995032,476.559672,476.559672,4681288
2022-01-11,476.559672,485.564874,475.911638,484.905492,484.905492,7203407
2022-01-12,484.905492,486.940645,483.306717,485.340437,485.340437,5788416
2022-01-13,485.340437,488.063621,468.321734,470.964256,470.964256,4911495
2022-01-14,470.964256,471.781269,464.087879,464.894362,464.894362,10122939
2022-01-17,464.894362,467.081898,458.011721,460.177060,460.177060,3757265
2022-01-18,460.177060,464.997229,458.926762,463.737258,463.737258,5843104
2022-01-19,463.737258,466.964393,453.477393,456.655244,456.655244,4676427
2022-01-20,456.655244,457.250844,454.815645,455.409620,455.409620,6735482
2022-01-21,455.409620,473.877162,452.957551,471.339322,471.339322,4944056
2022-01-24,471.339322,472.490372,470.756436,471.906784,471.906784,7159523
2022-01-25,471.906784,481.837413,470.719899,480.628592,480.628592,7938328
2022-01-26,480.628592,490.908503,478.275559,488.516850,488.516850,8294307
2022-01-27,488.516850,489.715386,478.881708,480.059495,480.059495,3831633
2022-01-28,480.059495,486.973409,480.021197,486.934563,486.934563,6155638
2022-01-31,486.934563,490.195462,476.543081,479.755906,479.755906,4163264
2022-02-01,479.755906,486.186907,478.086843,484.501335,484.501335,6705708
2022-02-02,484.501335,485.699371,480.973733,482.165994,482.165994,6390708
2022-02-03,482.165994,497.090528,474.521916,489.332829,489.332829,3329272
2022-02-04,489.332829,489.791331,485.632782,486.088244,486.088244,9247256
2022-02-07,486.088244,497.032947,483.715305,494.618366,494.618366,4636199
2022-02-08,494.618366,496.235386,491.067850,492.678529,492.678529,7803387
2022-02-09,492.678529,493.884560,489.402993,490.603946,490.603946,7697320
2022-02-10,490.603946,492.853175,490.317487,492.565571,492.565571,4006216
2022-02-11,492.565571,502.576173,489.895365,499.866390,499.866390,5111594
2022-02-14,499.866390,500.388794,494.133228,494.650181,494.650181,9486265
2022-02-15,494.650181,496.155199,489.241164,490.734268,490.734268,3749916
2022-02-16,490.734268,492.213091,478.827881,480.275186,480.275186,5511520
2022-02-17,480.275186,484.612407,480.012110,484.347101,484.347101,4624432
2022-02-18,484.347101,485.961691,483.790925,485.404301,485.404301,5108981
2022-02-21,485.404301,488.089415,465.480904,468.070130,468.070130,8529320
2022-02-22,468.070130,483.138625,465.547210,480.548446,480.548446,4230942
2022-02-23,480.548446,482.592528,478.590581,480.634313,480.634313,7472805
2022-02-24,480.634313,491.366408,478.751307,489.448869,489.448869,5634900
2022-02-25,489.448869,507.043049,488.896044,506.470997,506.470997,3861867
2022-02-28,506.470997,509.842916,506.404613,509.776098,509.776098,4769772
2022-03-01,509.776098,512.629123,496.944963,499.741830,499.741830,4551457
2022-03-02,499.741830,501.178212,491.517063,492.933878,492.933878,4821620
2022-03-03,492.933878,504.760284,492.622850,504.441995,504.441995,3599529
2022-03-04,504.441995,516.017744,502.994871,514.541646,514.541646,4578999
2022-03-07,514.541646,516.520541,510.709467,512.681207,512.681207,6017395
2022-03-08,512.681207,516.395122,511.844402,515.553629,515.553629,8635366
2022-03-09,515.553629,519.464418,507.047650,510.923315,510.923315,7442430
2022-03-10,510.923315,511.746843,502.925618,503.737564,503.737564,9758222
2022-03-11,503.737564,504.742844,495.837970,496.829463,496.829463,4029433
2022-03-14,496.829463,498.531671,485.720560,487.390427,487.390427,3640349
2022-03-15,487.390427,487.740814,480.286180,480.631709,480.631709,4927003
2022-03-16,480.631709,487.608008,478.197604,485.151015,485.151015,6987771
2022-03-17,485.151015,490.750620,484.537304,490.130609,490.130609,8186173
2022-03-18,490.130609,490.513951,485.094109,485.473809,485.473809,4958812
2022-03-21,485.473809,486.140736,474.713385,475.366427,475.366427,6417426
2022-03-22,475.366427,482.571540,473.859399,481.046504,481.046504,4243934
2022-03-23,481.046504,482.891837,471.091105,472.905207,472.905207,7305996
2022-03-24,472.905207,476.037982,472.223492,475.352739,475.352739,6930262
2022-03-25,475.352739,482.412806,470.596969,477.634210,477.634210,9213883
2022-03-28,477.634210,479.223745,473.162444,474.742354,474.742354,6917769
2022-03-29,474.742354,481.416485,473.440140,480.099576,480.099576,3689784
2022-03-30,480.099576,481.387912,469.057023,470.319113,470.319113,8549029
2022-03-31,470.319113,484.291973,468.793786,482.726407,482.726407,11951805
2022-04-01,482.726407,483.780104,482.520440,483.573775,483.573775,6133008
2022-04-04,483.573775,483.964372,483.278893,483.669432,483.669432,4159520
2022-04-05,483.669432,488.505576,482.527126,487.354567,487.354567,14029903
2022-04-06,487.354567,499.442748,483.419695,495.442574,495.442574,3666121
2022-04-07,495.442574,496.515753,494.232936,495.305819,495.305819,7376570
2022-04-08,495.305819,501.311841,492.535754,498.523780,498.523780,9288387
2022-04-11,498.523780,501.555069,493.817735,496.838779,496.838779,5005644
2022-04-12,496.838779,497.868129,488.326874,489.340689,489.340689,4640993
2022-04-13,489.340689,490.088401,475.612622,476.340470,476.340470,6624129
2022-04-14,476.340470,495.404377,474.652873,493.655437,493.655437,11077729
2022-04-15,493.655437,503.209252,491.215381,500.734207,500.734207,4502463
2022-04-18,500.734207,502.580002,495.236150,497.068433,497.068433,4127451
2022-04-19,497.068433,508.552468,495.509437,506.962441,506.962441,6012266
2022-04-20,506.962441,510.788350,488.104165,491.815766,491.815766,6619246
2022-04-21,491.815766,497.449713,477.603787,483.138331,483.138331,5281159
2022-04-22,483.138331,485.341088,480.484889,482.685582,482.685582,4274884
2022-04-25,482.685582,486.494251,480.852261,484.653456,484.653456,9309330
2022-04-26,484.653456,492.311972,482.596650,490.231494,490.231494,6317273
2022-04-27,490.231494,492.046087,478.957399,480.736848,480.736848,6370425
2022-04-28,480.736848,490.070793,479.865092,489.183720,489.183720,8554935
2022-04-29,489.183720,493.208880,485.205903,489.230680,489.230680,3760258
2022-05-02,489.230680,493.631778,487.740909,492.133167,492.133167,6942119
2022-05-03,492.133167,492.672643,480.958121,481.485926,481.485926,5432605
2022-05-04,481.485926,485.842755,470.512948,474.809363,474.809363,5798068
2022-05-05,474.809363,476.617612,472.091480,473.896252,473.896252,9989586
2022-05-06,473.896252,474.438151,473.200801,473.742525,473.742525,8848881
2022-05-09,473.742525,477.918971,471.975551,476.143044,476.143044,7642371
2022-05-10,476.143044,487.257467,473.708020,484.778282,484.778282,4759831
2022-05-11,484.778282,495.987170,483.361852,494.542211,494.542211,9262626
2022-05-12,494.542211,494.596459,486.867203,486.920615,486.920615,7868319
2022-05-13,486.920615,492.690004,484.762888,490.516342,490.516342,10188905
2022-05-16,490.516342,492.045448,483.487879,484.999788,484.999788,13581708
2022-05-17,484.999788,486.717354,477.968414,479.667095,479.667095,4470766
2022-05-18,479.667095,481.319623,468.146571,469.764985,469.764985,3511190
2022-05-19,469.764985,471.783041,464.850974,466.856535,466.856535,7688789
2022-05-20,466.856535,468.469534,451.254673,452.819172,452.819172,4364636
2022-05-23,452.819172,456.549877,448.541861,452.268024,452.268024,5487285
2022-05-24,452.268024,452.468895,448.886381,449.085838,449.085838,5967966
2022-05-25,449.085838,453.138443,447.551080,451.595109,451.595109,3899973
2022-05-26,451.595109,452.712725,437.538708,438.624223,438.624223,5660210
2022-05-27,438.624223,440.332131,438.260809,439.967604,439.967604,3921221
2022-05-30,439.967604,450.438722,435.834121,446.246250,446.246250,5469895
2022-05-31,446.246250,455.281557,445.947384,454.976843,454.976843,7920747
2022-06-01,454.976843,474.695753,453.275418,472.927201,472.927201,12202699
2022-06-02,472.927201,477.004244,472.447514,476.520912,476.520912,10252668
2022-06-03,476.520912,481.919230,475.850707,481.242384,481.242384,3288956
2022-06-06,481.242384,481.353834,469.866103,469.974944,469.974944,4956958
2022-06-07,469.974944,473.341274,468.266236,471.626561,471.626561,7018279
2022-06-08,471.626561,472.553831,466.498049,467.417043,467.417043,6966391
2022-06-09,467.417043,472.364821,466.189134,471.127166,471.127166,7008087
2022-06-10,471.127166,473.383878,459.109995,461.319729,461.319729,4055129
2022-06-13,461.319729,465.873078,457.313249,461.861890,461.861890,4333910
2022-06-14,461.861890,462.975923,459.602090,460.713353,460.713353,4487176
2022-06-15,460.713353,471.571741,458.032949,468.844033,468.844033,7155596
2022-06-16,468.844033,469.479765,468.311489,468.947104,468.947104,4462977
2022-06-17,468.947104,469.405766,458.609414,459.058404,459.058404,4810490
2022-06-20,459.058404,460.128407,452.489458,453.546614,453.546614,5984032
2022-06-21,453.546614,465.809960,450.620048,462.823534,462.823534,8855549
2022-06-22,462.823534,471.563023,460.756214,469.466032,469.466032,4893097
2022-06-23,469.466032,470.158406,458.852142,459.529862,459.529862,9698687
2022-06-24,459.529862,474.906357,458.061480,473.393675,473.393675,6771305
2022-06-27,473.393675,474.319900,472.407777,473.333885,473.333885,7904242
2022-06-28,473.333885,474.830749,457.237488,458.688037,458.688037,6621986
2022-06-29,458.688037,461.653277,439.298750,442.157125,442.157125,6303782
2022-06-30,442.157125,444.577292,423.917304,426.250405,426.250405,8974403
2022-07-01,426.250405,428.873557,413.675495,416.237024,416.237024,8246957
2022-07-04,416.237024,421.635176,414.667033,420.050800,420.050800,4923516
2022-07-05,420.050800,420.970041,411.694700,412.597630,412.597630,3495008
2022-07-06,412.597630,413.284902,400.444942,401.113084,401.113084,3639696
2022-07-07,401.113084,404.134676,396.589843,399.600037,399.600037,7138533
2022-07-08,399.600037,399.726377,389.002171,389.125199,389.125199,12783380
2022-07-11,389.125199,390.169939,383.330723,384.362677,384.362677,9115541
2022-07-12,384.362677,384.809118,383.789122,384.235415,384.235415,6501583
2022-07-13,384.235415,385.352947,371.779668,372.864127,372.864127,4123466
2022-07-14,372.864127,374.552762,366.898347,368.567523,368.567523,3160165
2022-07-15,368.567523,372.632057,365.884445,369.938995,369.938995,10505755
2022-07-18,369.938995,370.700797,367.438807,368.197021,368.197021,9921410
2022-07-19,368.197021,374.221358,365.865508,371.866608,371.866608,7640624
2022-07-20,371.866608,381.641798,369.400647,379.127686,379.127686,5951103
2022-07-21,379.127686,385.900981,377.633468,384.386038,384.386038,7947721
2022-07-22,384.386038,386.794883,383.949533,386.356140,386.356140,10578092
2022-07-25,386.356140,394.447257,385.108162,393.177246,393.177246,5308370
2022-07-26,393.177246,397.165828,392.298033,396.279678,396.279678,6223287
2022-07-27,396.279678,397.170955,392.779121,393.664516,393.664516,7148437
2022-07-28,393.664516,394.484988,388.837330,389.649434,389.649434,5328847
2022-07-29,389.649434,390.261269,385.356042,385.962087,385.962087,4222747
2022-08-01,385.962087,397.300473,384.767620,396.074709,396.074709,4900556
2022-08-02,396.074709,404.666618,395.137015,403.710846,403.710846,6038778
2022-08-03,403.710846,404.406493,403.532938,404.228358,404.228358,6631560
2022-08-04,404.228358,407.166148,401.298808,404.236538,404.236538,7344408
2022-08-05,404.236538,405.469152,393.147639,394.350106,394.350106,11045787
2022-08-08,394.350106,401.719779,394.254292,401.622199,401.622199,6363558
2022-08-09,401.622199,402.219110,393.936978,394.523338,394.523338,6989907
2022-08-10,394.523338,401.361372,392.802950,399.618764,399.618764,4099871
2022-08-11,399.618764,404.965509,388.325056,393.591153,393.591153,5867173
2022-08-12,393.591153,397.000793,373.179875,376.440944,376.440944,6366853
2022-08-15,376.440944,377.776476,367.405091,368.713207,368.713207,4951983
2022-08-16,368.713207,387.995926,366.346356,385.521181,385.521181,5665463
2022-08-17,385.521181,393.032778,384.844655,392.344278,392.344278,7302306
2022-08-18,392.344278,394.554719,384.184650,386.361384,386.361384,4808403
2022-08-19,386.361384,387.858663,385.311740,386.807806,386.807806,3337183
2022-08-22,386.807806,387.694365,381.746141,382.623109,382.623109,8546261
2022-08-23,382.623109,382.816764,380.966656,381.159571,381.159571,6838590
2022-08-24,381.159571,395.273280,380.272092,394.355077,394.355077,7159894
2022-08-25,394.355077,394.602323,390.822861,391.068046,391.068046,5831243
2022-08-26,391.068046,399.342386,386.868541,395.099589,395.099589,7614293
2022-08-29,395.099589,395.467224,391.587538,391.952245,391.952245,5059453
2022-08-30,391.952245,396.903486,391.235339,396.178849,396.178849,8082524
2022-08-31,396.178849,397.759287,395.308823,396.887704,396.887704,5055735
2022-09-01,396.887704,396.922607,396.084515,396.119350,396.119350,8986620
2022-09-02,396.119350,396.563797,395.989296,396.433640,396.433640,5199710
2022-09-05,396.433640,396.982251,388.357013,388.895191,388.895191,3989765
2022-09-06,388.895191,392.922603,379.051263,383.017809,383.017809,4797788
2022-09-07,383.017809,384.448567,381.286577,382.716209,382.716209,9527631
2022-09-08,382.716209,384.184438,375.832734,377.280108,377.280108,10345581
2022-09-09,377.280108,380.160054,370.857988,373.710686,373.710686,3344413
2022-09-12,373.710686,376.229233,373.493589,376.010799,376.010799,6500965
2022-09-13,376.010799,376.711083,373.878908,374.576520,374.576520,15147904
2022-09-14,374.576520,375.597041,371.966269,372.982448,372.982448,5519846
2022-09-15,372.982448,377.593478,355.485395,359.935127,359.935127,9278682
2022-09-16,359.935127,363.105568,357.547745,360.713027,360.713027,3791120
2022-09-19,360.713027,361.272805,358.405195,358.962256,358.962256,4403264
2022-09-20,358.962256,363.902925,358.441669,363.375937,363.375937,5472745
2022-09-21,363.375937,363.534177,362.607950,362.765924,362.765924,2610357
2022-09-22,362.765924,363.076728,358.252733,358.559933,358.559933,6782795
2022-09-23,358.559933,368.036853,356.180662,365.610794,365.610794,4989917
2022-09-26,365.610794,378.795904,364.531559,377.681039,377.681039,6073382
2022-09-27,377.681039,378.033023,368.373350,368.716981,368.716981,7276562
2022-09-28,368.716981,369.048087,359.378942,359.701952,359.701952,5914284
2022-09-29,359.701952,360.668831,349.230906,350.172169,350.172169,6473506
2022-09-30,350.172169,351.518406,344.217932,345.546385,345.546385,10875322
2022-10-03,345.546385,353.137713,343.725377,351.286455,351.286455,3788913
2022-10-04,351.286455,354.297998,349.342385,352.348053,352.348053,10601584
2022-10-05,352.348053,352.681901,346.580393,346.909087,346.909087,6596113
2022-10-06,346.909087,349.393309,345.940766,348.420769,348.420769,6046108
2022-10-07,348.420769,349.262321,341.535881,342.362802,342.362802,5298534
2022-10-10,342.362802,342.431384,339.620205,339.688252,339.688252,3388085
2022-10-11,339.688252,340.283633,338.979530,339.574713,339.574713,6922167
2022-10-12,339.574713,348.661455,339.397446,348.479539,348.479539,6519037
2022-10-13,348.479539,349.649635,348.324606,349.494251,349.494251,4879361
2022-10-14,349.494251,357.886420,348.607878,356.981060,356.981060,5764413
2022-10-17,356.981060,361.927310,350.431544,355.355268,355.355268,7236422
2022-10-18,355.355268,362.301291,354.631016,361.564384,361.564384,3853193
2022-10-19,361.564384,361.727215,357.615585,357.776710,357.776710,6032532
2022-10-20,357.776710,364.531170,356.214973,362.946865,362.946865,3770480
2022-10-21,362.946865,366.357662,359.162324,362.569575,362.569575,11101491
2022-10-24,362.569575,365.812937,354.916240,358.119797,358.119797,5408678
2022-10-25,358.119797,359.232060,355.097155,356.203467,356.203467,5525831
2022-10-26,356.203467,356.663127,349.944835,350.397003,350.397003,3504845
2022-10-27,350.397003,357.056249,349.533659,356.178661,356.178661,3761352
2022-10-28,356.178661,362.432342,354.111565,360.341090,360.341090,7325327
2022-10-31,360.341090,370.601252,359.919560,370.168227,370.168227,3564090
2022-11-01,370.168227,374.567595,369.565389,373.958585,373.958585,7966822
2022-11-02,373.958585,375.068109,373.109037,374.217972,374.217972,6232455
2022-11-03,374.217972,375.494008,373.657770,374.932737,374.932737,5097744
2022-11-04,374.932737,375.581816,373.174038,373.821192,373.821192,5900411
2022-11-07,373.821192,374.733309,357.447875,358.322175,358.322175,3862624
2022-11-08,358.322175,358.654504,338.968224,339.282896,339.282896,6405997
2022-11-09,339.282896,345.010379,336.846479,342.550498,342.550498,5943967
2022-11-10,342.550498,342.921739,340.431745,340.801091,340.801091,5416783
2022-11-11,340.801091,345.549098,340.218166,344.959060,344.959060,7831696
2022-11-14,344.959060,346.510155,344.927789,346.478745,346.478745,5832979
2022-11-15,346.478745,348.789247,346.283285,348.592594,348.592594,3924477
2022-11-16,348.592594,349.708137,343.583085,344.686127,344.686127,4823793
2022-11-17,344.686127,352.079400,343.928112,351.306826,351.306826,6413581
2022-11-18,351.306826,355.358822,349.778113,353.819177,353.819177,3878658
2022-11-21,353.819177,355.003530,350.899299,352.077824,352.077824,7874264
2022-11-22,352.077824,353.194320,348.867160,349.976994,349.976994,7202681
2022-11-23,349.976994,351.514251,347.518888,349.052083,349.052083,9023359
2022-11-24,349.052083,349.995762,337.266891,338.181180,338.181180,7915713
2022-11-25,338.181180,344.261848,336.433828,342.492221,342.492221,4512624
2022-11-28,342.492221,344.948203,342.474667,344.930524,344.930524,5730782
2022-11-29,344.930524,346.454603,342.148819,343.667317,343.667317,4794901
2022-11-30,343.667317,349.238908,343.170016,348.734275,348.734275,4229126
2022-12-01,348.734275,348.780796,347.376326,347.422672,347.422672,5462787
2022-12-02,347.422672,348.236325,342.137969,342.941127,342.941127,7030982
2022-12-05,342.941127,343.342765,342.907782,343.309384,343.309384,6458295
2022-12-06,343.309384,343.486855,340.630879,340.807057,340.807057,4428830
2022-12-07,340.807057,341.085713,335.696870,335.971572,335.971572,5709929
2022-12-08,335.971572,336.010801,335.533846,335.573029,335.573029,4094392
2022-12-09,335.573029,335.993063,327.766045,328.176821,328.176821,3987116
2022-12-12,328.176821,329.336142,327.877038,329.035575,329.035575,5505982
2022-12-13,329.035575,342.677439,328.031583,341.635003,341.635003,4605907
2022-12-14,341.635003,341.989589,333.337029,333.683363,333.683363,6020725
2022-12-15,333.683363,334.063215,331.123420,331.500788,331.500788,8288574
2022-12-16,331.500788,332.326565,330.591238,331.416806,331.416806,5923323
2022-12-19,331.416806,332.334182,327.183547,328.091719,328.091719,5629539
2022-12-20,328.091719,328.122876,313.431106,313.460874,313.460874,8027253
2022-12-21,313.460874,315.659079,312.164516,314.359007,314.359007,5791749
2022-12-22,314.359007,316.699838,307.908697,310.218698,310.218698,5498325
2022-12-23,310.218698,313.821507,310.156262,313.758359,313.758359,5933756
2022-12-26,313.758359,316.011467,313.128819,315.378676,315.378676,6897483
2022-12-27,315.378676,315.505699,313.691363,313.817757,313.817757,7062128
2022-12-28,313.817757,314.461815,300.315092,300.932705,300.932705,5832009
2022-12-29,300.932705,303.390056,299.843401,302.295818,302.295818,6036876
2022-12-30,302.295818,304.008447,302.088443,303.800040,303.800040,6495447
2023-01-02,303.800040,317.788065,303.269885,317.234466,317.234466,4466307
2023-01-03,317.234466,319.143935,316.775932,318.683307,318.683307,6068299
2023-01-04,318.683307,319.322957,312.500880,313.129382,313.129382,3782580
2023-01-05,313.129382,321.400994,311.864592,320.108016,320.108016,7781326
2023-01-06,320.108016,333.109665,318.713610,331.664916,331.664916,5623741
2023-01-09,331.664916,344.640723,330.840401,343.786074,343.786074,5862914
2023-01-10,343.786074,346.443117,340.817428,343.472043,343.472043,5943477
2023-01-11,343.472043,344.946173,342.791608,344.264168,344.264168,7603071
2023-01-12,344.264168,352.469954,343.457765,351.646258,351.646258,5143223
2023-01-13,351.646258,354.050823,348.244510,350.642210,350.642210,7332518
2023-01-16,350.642210,361.476431,350.365084,361.190969,361.190969,5803271
2023-01-17,361.190969,361.439697,354.030426,354.274391,354.274391,10007629
2023-01-18,354.274391,354.828540,349.797332,350.345334,350.345334,6155373
2023-01-19,350.345334,356.300570,349.332923,355.273916,355.273916,5374365
2023-01-20,355.273916,355.539959,342.942719,343.199720,343.199720,6181243
2023-01-23,343.199720,345.330811,339.146949,341.266033,341.266033,6995783
2023-01-24,341.266033,345.023750,341.163292,344.919909,344.919909,5628325
2023-01-25,344.919909,346.709552,339.089621,340.858190,340.858190,8608875
2023-01-26,340.858190,341.864850,336.291681,337.287796,337.287796,6079991
2023-01-27,337.287796,338.262806,330.816299,331.775373,331.775373,4484642
2023-01-30,331.775373,338.064317,328.749186,335.008638,335.008638,5696282
2023-01-31,335.008638,335.079165,320.987632,321.055221,321.055221,6867862
2023-02-01,321.055221,323.111523,319.192657,321.247841,321.247841,6957469
2023-02-02,321.247841,323.666028,320.038540,322.452192,322.452192,3032737
2023-02-03,322.452192,322.907567,320.122797,320.575521,320.575521,8175724
2023-02-06,320.575521,321.952479,314.759457,316.117266,316.117266,2953452
2023-02-07,316.117266,320.250901,315.104747,319.228417,319.228417,8348676
2023-02-08,319.228417,320.719839,315.708658,317.190559,317.190559,5200710
2023-02-09,317.190559,325.912778,314.654807,323.327961,323.327961,8333916
2023-02-10,323.327961,324.619391,318.944705,320.223736,320.223736,7702078
2023-02-13,320.223736,325.475785,318.193745,323.425497,323.425497,3877275
2023-02-14,323.425497,325.025391,318.129394,319.710913,319.710913,4753999
2023-02-15,319.710913,319.740503,318.060982,318.090421,318.090421,4447662
2023-02-16,318.090421,318.192231,309.552238,309.651347,309.651347,7567393
2023-02-17,309.651347,313.081732,307.701441,311.122562,311.122562,4975759
2023-02-20,311.122562,312.901041,305.100327,306.854408,306.854408,5694683
2023-02-21,306.854408,316.360168,306.715776,316.217306,316.217306,6187388
2023-02-22,316.217306,316.622498,308.423252,308.818964,308.818964,4445937
2023-02-23,308.818964,308.912339,299.487377,299.577957,299.577957,3530619
2023-02-24,299.577957,300.519548,297.934212,298.873588,298.873588,6410681
2023-02-27,298.873588,302.814824,298.008392,301.940749,301.940749,7534351
2023-02-28,301.940749,303.045911,300.489319,301.593209,301.593209,8256887
2023-03-01,301.593209,303.592370,295.221457,297.191440,297.191440,6281291
2023-03-02,297.191440,304.711134,296.585349,304.090972,304.090972,8847670
2023-03-03,304.090972,304.767159,302.147054,302.820415,302.820415,7617824
2023-03-06,302.820415,308.855344,301.297627,307.309979,307.309979,15047590
2023-03-07,307.309979,309.013014,307.143989,308.846195,308.846195,7288479
2023-03-08,308.846195,313.965466,307.727087,312.831916,312.831916,12873198
2023-03-09,312.831916,314.503008,312.268598,313.937699,313.937699,8369564
2023-03-10,313.937699,317.363130,313.500212,316.921485,316.921485,8002389
2023-03-13,316.921485,319.445445,312.592588,315.102058,315.102058,7083005
2023-03-14,315.102058,320.359894,314.775345,320.028074,320.028074,6549944
2023-03-15,320.028074,322.524370,319.914378,322.409829,322.409829,5039760
2023-03-16,322.409829,322.663619,319.998225,320.250316,320.250316,3355713
2023-03-17,320.250316,324.047247,319.841037,323.633644,323.633644,4441335
2023-03-20,323.633644,333.033568,322.914396,332.295070,332.295070,6116087
2023-03-21,332.295070,339.418699,332.227621,339.349817,339.349817,3698855
2023-03-22,339.349817,339.711061,338.353034,338.713600,338.713600,8307796
2023-03-23,338.713600,339.131239,338.251866,338.669451,338.669451,9032693
2023-03-24,338.669451,341.984925,337.328113,340.635799,340.635799,6082057
2023-03-27,340.635799,345.471878,340.419656,345.252805,345.252805,4220477
2023-03-28,345.252805,346.335079,338.579987,339.644681,339.644681,15490952
2023-03-29,339.644681,339.650577,338.801245,338.807126,338.807126,8102571
2023-03-30,338.807126,340.034954,332.425196,333.634278,333.634278,7920276
2023-03-31,333.634278,335.731126,322.436538,324.475826,324.475826,4419743
2023-04-03,324.475826,334.047924,324.313314,333.880702,333.880702,10090809
2023-04-04,333.880702,335.566153,333.714125,335.398819,335.398819,5623646
2023-04-05,335.398819,335.515927,335.382111,335.499214,335.499214,5258200
2023-04-06,335.499214,338.954931,333.779539,337.226403,337.226403,6997752
2023-04-07,337.226403,344.220108,335.316456,342.281530,342.281530,5854650
2023-04-10,342.281530,342.950557,332.460484,333.111587,333.111587,8273425
2023-04-11,333.111587,336.039026,332.138392,335.060137,335.060137,5979966
2023-04-12,335.060137,343.462387,334.281263,342.665832,342.665832,7170211
2023-04-13,342.665832,350.399217,340.218489,347.914388,347.914388,4876286
2023-04-14,347.914388,348.451071,347.348735,347.885373,347.885373,7215601
2023-04-17,347.885373,350.742601,347.536087,350.390799,350.390799,4885386
2023-04-18,350.390799,358.577141,349.115263,357.276539,357.276539,7300812
2023-04-19,357.276539,357.593014,350.744194,351.055158,351.055158,4792548
2023-04-20,351.055158,351.807583,349.076667,349.826458,349.826458,7454971
2023-04-21,349.826458,351.092704,348.056054,349.320469,349.320469,7077717
2023-04-24,349.320469,351.343986,343.914362,345.918171,345.918171,4677542
2023-04-25,345.918171,354.431489,342.612703,351.076728,351.076728,5655640
2023-04-26,351.076728,356.169702,349.601264,354.679098,354.679098,7154327
2023-04-27,354.679098,357.331251,352.428995,355.078614,355.078614,4359772
2023-04-28,355.078614,364.690796,354.973777,364.583153,364.583153,4666159
2023-05-01,364.583153,365.115526,362.683898,363.214272,363.214272,6561029
2023-05-02,363.214272,372.353487,362.323071,371.442098,371.442098,8170466
2023-05-03,371.442098,373.779793,367.559669,369.887581,369.887581,5425385
2023-05-04,369.887581,369.914908,365.335015,365.362008,365.362008,4853545
2023-05-05,365.362008,367.705417,354.655931,356.945355,356.945355,4442860
2023-05-08,356.945355,360.737366,356.523887,360.311923,360.311923,2894727
2023-05-09,360.311923,362.185895,359.064373,360.936183,360.936183,7388563
2023-05-10,360.936183,362.735793,357.819794,359.612805,359.612805,10933823
2023-05-11,359.612805,360.907156,358.930216,360.223408,360.223408,5125175
2023-05-12,360.223408,366.666041,359.123555,365.549925,365.549925,6134620
2023-05-15,365.549925,366.782857,364.242812,365.475493,365.475493,7565094
2023-05-16,365.475493,381.847386,364.757553,381.098756,381.098756,5000075
2023-05-17,381.098756,381.748506,378.111060,378.756817,378.756817,3530764
2023-05-18,378.756817,379.634617,376.193883,377.067768,377.067768,7668710
2023-05-19,377.067768,377.674340,376.864247,377.470602,377.470602,5288090
2023-05-22,377.470602,378.111870,377.423073,378.064266,378.064266,5036105
2023-05-23,378.064266,380.136899,367.243334,369.267742,369.267742,8114433
2023-05-24,369.267742,380.553108,366.634892,377.859002,377.859002,4635203
2023-05-25,377.859002,379.848267,369.221696,371.175776,371.175776,9465652
2023-05-26,371.175776,373.000763,361.614894,363.401657,363.401657,7075525
2023-05-29,363.401657,364.729996,363.324621,364.652695,364.652695,6281209
2023-05-30,364.652695,365.959838,363.754813,365.060951,365.060951,5660044
2023-05-31,365.060951,369.546111,363.772050,368.245965,368.245965,5794047
2023-06-01,368.245965,371.128123,359.260784,362.094800,362.094800,5748797
2023-06-02,362.094800,363.293772,360.129876,361.326304,361.326304,6261347
2023-06-05,361.326304,361.644721,361.272639,361.591017,361.591017,5719858
2023-06-06,361.591017,362.810455,361.293431,362.512111,362.512111,3237192
2023-06-07,362.512111,362.853950,362.086940,362.428700,362.428700,8070388
2023-06-08,362.428700,363.345654,359.668691,360.580970,360.580970,6102557
2023-06-09,360.580970,362.696306,346.554285,348.599331,348.599331,4808731
2023-06-12,348.599331,349.900650,343.331760,344.618218,344.618218,9383572
2023-06-13,344.618218,348.843805,344.281405,348.503195,348.503195,6900811
2023-06-14,348.503195,348.507918,347.697469,347.702181,347.702181,5747439
2023-06-15,347.702181,350.131825,347.239651,349.666682,349.666682,6543822
2023-06-16,349.666682,357.014334,347.990533,355.311128,355.311128,3432495
2023-06-19,355.311128,367.704193,352.216323,364.529099,364.529099,6417077
2023-06-20,364.529099,368.146574,363.627575,367.238349,367.238349,4749538
2023-06-21,367.238349,370.766710,366.932408,370.458087,370.458087,3173171
2023-06-22,370.458087,378.275107,368.328572,376.113085,376.113085,6213519
2023-06-23,376.113085,376.743345,371.532018,372.155647,372.155647,10741515
2023-06-26,372.155647,375.662802,371.794770,375.298877,375.298877,3795629
2023-06-27,375.298877,393.017092,372.525223,390.133800,390.133800,7924924
2023-06-28,390.133800,393.605835,384.425271,387.877223,387.877223,8135887
2023-06-29,387.877223,388.573927,374.412943,375.086672,375.086672,6442185
2023-06-30,375.086672,377.264191,374.450338,376.625246,376.625246,5390753
2023-07-03,376.625246,384.523213,375.520161,383.398255,383.398255,8387930
2023-07-04,383.398255,383.823628,368.750848,369.160425,369.160425,4110752
2023-07-05,369.160425,369.545891,367.086752,367.470454,367.470454,3735866
2023-07-06,367.470454,371.743556,366.803508,371.070077,371.070077,4982370
2023-07-07,371.070077,378.467751,370.530342,377.918055,377.918055,6445090
2023-07-10,377.918055,385.178183,377.561837,384.815464,384.815464,5631988
2023-07-11,384.815464,385.291432,381.778580,382.251377,382.251377,5681192
2023-07-12,382.251377,385.491261,380.478141,383.711253,383.711253,5035967
2023-07-13,383.711253,386.776178,377.300836,380.338824,380.338824,3290907
2023-07-14,380.338824,382.426820,380.014699,382.101193,382.101193,3875081
2023-07-17,382.101193,388.533509,381.183325,387.602427,387.602427,4036408
2023-07-18,387.602427,388.966775,383.431356,384.785791,384.785791,5708703
2023-07-19,384.785791,391.763166,383.082599,390.036731,390.036731,9898942
2023-07-20,390.036731,400.893310,389.381448,400.220917,400.220917,9927805
2023-07-21,400.220917,401.841094,396.886256,398.499464,398.499464,5983714
2023-07-24,398.499464,400.198664,392.630869,394.312214,394.312214,7303514
2023-07-25,394.312214,401.540205,391.662011,398.859440,398.859440,3568298
2023-07-26,398.859440,404.205651,398.326990,403.666784,403.666784,7474215
2023-07-27,403.666784,403.714963,401.397230,401.445143,401.445143,9215028
2023-07-28,401.445143,411.229915,400.065012,409.820989,409.820989,4358765
2023-07-31,409.820989,412.042325,403.101135,405.297954,405.297954,5234300
2023-08-01,405.297954,412.607135,404.337341,411.631510,411.631510,6271893
2023-08-02,411.631510,414.483306,410.738436,413.585991,413.585991,5262948
2023-08-03,413.585991,428.097411,409.538842,423.948856,423.948856,4852590
2023-08-04,423.948856,425.640007,417.430413,419.102230,419.102230,5806734
2023-08-07,419.102230,421.656551,415.877583,418.427794,418.427794,10245225
2023-08-08,418.427794,422.781550,413.086363,417.429735,417.429735,9498167
2023-08-09,417.429735,419.094231,411.516484,413.163971,413.163971,8940153
2023-08-10,413.163971,413.865846,403.896356,404.583656,404.583656,6015116
2023-08-11,404.583656,407.180328,403.219284,405.811814,405.811814,10599694
2023-08-14,405.811814,414.956221,404.857436,413.982627,413.982627,8300327
2023-08-15,413.982627,416.575345,413.192270,415.781554,415.781554,8319541
2023-08-16,415.781554,422.170525,414.086722,420.456637,420.456637,6959599
2023-08-17,420.456637,421.233288,404.920840,405.670178,405.670178,5421481
2023-08-18,405.670178,406.773507,399.522792,400.612365,400.612365,7720499
2023-08-21,400.612365,402.306508,399.048451,400.742087,400.742087,5146197
2023-08-22,400.742087,403.168664,388.407868,390.774086,390.774086,3087892
2023-08-23,390.774086,394.164191,388.240797,391.625383,391.625383,5731679
2023-08-24,391.625383,397.686328,391.587032,397.647386,397.647386,5640784
2023-08-25,397.647386,398.592911,392.067042,393.001520,393.001520,6107006
2023-08-28,393.001520,394.128414,392.106846,393.233213,393.233213,9921970
2023-08-29,393.233213,397.818302,390.413983,394.986502,394.986502,6229833
2023-08-30,394.986502,397.292775,394.860585,397.166164,397.166164,4056059
2023-08-31,397.166164,398.742500,394.888309,396.461849,396.461849,8820398
2023-09-01,396.461849,398.498721,391.625868,393.648285,393.648285,6622483
2023-09-04,393.648285,400.436041,392.617134,399.389849,399.389849,6813836
2023-09-05,399.389849,401.621102,394.642950,396.860070,396.860070,4477763
2023-09-06,396.860070,399.363774,383.483711,385.918386,385.918386,6431432
2023-09-07,385.918386,390.976062,384.133270,389.175878,389.175878,4004293
2023-09-08,389.175878,391.400570,387.048884,389.273045,389.273045,7702644
2023-09-11,389.273045,389.801589,385.868812,386.393445,386.393445,12529905
2023-09-12,386.393445,391.727810,384.654804,389.973063,389.973063,7115075
2023-09-13,389.973063,398.061823,386.479787,394.527748,394.527748,2423990
2023-09-14,394.527748,397.537021,393.605910,396.610317,396.610317,4189541
2023-09-15,396.610317,405.131666,395.617652,404.120205,404.120205,6398871
2023-09-18,404.120205,404.472032,395.888443,396.233404,396.233404,9706955
2023-09-19,396.233404,404.105266,391.696705,399.530813,399.530813,9853197
2023-09-20,399.530813,403.582279,397.582198,401.623457,401.623457,4524966
2023-09-21,401.623457,403.712956,400.936014,403.023118,403.023118,5818671
2023-09-22,403.023118,405.006540,401.882734,403.863778,403.863778,5622952
2023-09-25,403.863778,411.400082,403.177703,410.702391,410.702391,8616964
2023-09-26,410.702391,414.473419,410.010490,413.776340,413.776340,6425421
2023-09-27,413.776340,418.791673,412.387001,417.390200,417.390200,7518030
2023-09-28,417.390200,417.695233,406.842021,407.139563,407.139563,8338202
2023-09-29,407.139563,416.914992,404.065220,413.790427,413.790427,6270713
2023-10-02,413.790427,422.363110,411.718578,420.258873,420.258873,7975568
2023-10-03,420.258873,433.044972,419.188705,431.945046,431.945046,4516747
2023-10-04,431.945046,434.772403,426.795638,429.607696,429.607696,11568180
2023-10-05,429.607696,432.152428,428.593107,431.134234,431.134234,8641597
2023-10-06,431.134234,432.088775,430.251438,431.205832,431.205832,5191201
2023-10-09,431.205832,431.947405,425.316226,426.048930,426.048930,10672821
2023-10-10,426.048930,426.235565,423.054571,423.239976,423.239976,8266267
2023-10-11,423.239976,424.348551,421.132533,422.238485,422.238485,5600112
2023-10-12,422.238485,424.169610,413.929422,415.831242,415.831242,7509325
2023-10-13,415.831242,416.368067,410.769772,411.300748,411.300748,5222225
2023-10-16,411.300748,412.743242,410.878332,412.319780,412.319780,11116449
2023-10-17,412.319780,413.620262,401.651695,402.922538,402.922538,3243822
2023-10-18,402.922538,406.875978,402.520196,406.470094,406.470094,4882535
2023-10-19,406.470094,408.293198,404.978190,406.800082,406.800082,6831946
2023-10-20,406.800082,411.238289,404.965512,409.392029,409.392029,5883066
2023-10-23,409.392029,412.496736,408.077276,411.176252,411.176252,5853884
2023-10-24,411.176252,411.997067,402.366341,403.171176,403.171176,5791583
2023-10-25,403.171176,405.932716,394.827474,397.550516,397.550516,7572115
2023-10-26,397.550516,398.268947,395.324879,396.040581,396.040581,4097340
2023-10-27,396.040581,401.849285,394.895434,400.690692,400.690692,7529302
2023-10-30,400.690692,401.060681,399.189265,399.558208,399.558208,6029803
2023-10-31,399.558208,399.600908,398.173471,398.216028,398.216028,9360212
2023-11-01,398.216028,400.081438,393.572844,395.425181,395.425181,7231738
2023-11-02,395.425181,396.191916,393.542037,394.306602,394.306602,4471039
2023-11-03,394.306602,396.035871,392.741623,394.470242,394.470242,6735661
2023-11-06,394.470242,400.811362,392.541255,398.860903,398.860903,7427816
2023-11-07,398.860903,403.870196,398.213920,403.216148,403.216148,3522627
2023-11-08,403.216148,409.798594,403.155017,409.736474,409.736474,7501547
2023-11-09,409.736474,409.807746,405.663011,405.733587,405.733587,10405496
2023-11-10,405.733587,406.424238,405.397258,406.087616,406.087616,5487319
2023-11-13,406.087616,407.096479,405.508045,406.516296,406.516296,4991794
2023-11-14,406.516296,412.064456,405.374925,410.910747,410.910747,10207743
2023-11-15,410.910747,411.617611,406.863080,407.564187,407.564187,2889701
2023-11-16,407.564187,408.861610,403.762823,405.052249,405.052249,3294831
2023-11-17,405.052249,413.620523,404.579314,413.138147,413.138147,4287540
2023-11-20,413.138147,414.773893,411.178242,412.812699,412.812699,2823663
2023-11-21,412.812699,414.598338,410.625122,412.409015,412.409015,8825681
2023-11-22,412.409015,413.301392,405.895638,406.775825,406.775825,4143009
2023-11-23,406.775825,407.118297,401.221954,401.560034,401.560034,4679211
2023-11-24,401.560034,422.404593,400.729670,421.532928,421.532928,7125524
2023-11-27,421.532928,424.746852,420.885186,424.095173,424.095173,7629105
2023-11-28,424.095173,425.842851,416.498052,418.221525,418.221525,5706946
2023-11-29,418.221525,418.438579,411.515344,411.729029,411.729029,5625631
2023-11-30,411.729029,412.620910,411.533318,412.424868,412.424868,5836432
2023-12-01,412.424868,413.798212,411.387463,412.759963,412.759963,4934596
2023-12-04,412.759963,423.562783,410.710807,421.470384,421.470384,6103492
2023-12-05,421.470384,421.785372,413.474658,413.783902,413.783902,4428686
2023-12-06,413.783902,417.199093,412.979552,416.389678,416.389678,4480369
2023-12-07,416.389678,417.932015,413.708628,415.246731,415.246731,4499700
2023-12-08,415.246731,416.975770,411.010431,412.728986,412.728986,5811141
2023-12-11,412.728986,414.163326,409.678169,411.106872,411.106872,6108451
2023-12-12,411.106872,411.738765,405.655117,406.279591,406.279591,4826035
2023-12-13,406.279591,408.259854,398.483513,400.435290,400.435290,6052825
2023-12-14,400.435290,400.590916,389.405828,389.557227,389.557227,9532885
2023-12-15,389.557227,391.466504,387.769002,389.677725,389.677725,4343566
2023-12-18,389.677725,395.649648,389.150670,395.115238,395.115238,5267514
2023-12-19,395.115238,396.909130,394.665331,396.457696,396.457696,7013896
2023-12-20,396.457696,404.511357,393.835031,401.853001,401.853001,7739329
2023-12-21,401.853001,403.174993,397.113422,398.424134,398.424134,6322211
2023-12-22,398.424134,398.860764,385.864861,386.288191,386.288191,3514866
2023-12-25,386.288191,388.297689,385.348771,387.355673,387.355673,8966086
2023-12-26,387.355673,389.365910,377.781150,379.751927,379.751927,4314845
2023-12-27,379.751927,382.036669,373.840730,376.103521,376.103521,6792773
2023-12-28,376.103521,389.485210,374.024927,387.344490,387.344490,9303446
2023-12-29,387.344490,388.832502,381.311664,382.782150,382.782150,8205111
2024-01-01,382.782150,383.700519,381.500836,382.418332,382.418332,5695477
2024-01-02,382.418332,382.755677,379.070947,379.405634,379.405634,8516813
2024-01-03,379.405634,381.655551,374.323572,376.556594,376.556594,4501850
2024-01-04,376.556594,384.859272,374.308701,382.575449,382.575449,12913497
2024-01-05,382.575449,384.197657,376.209431,377.811437,377.811437,8854178
2024-01-08,377.811437,380.965061,377.681707,380.834293,380.834293,5622674
2024-01-09,380.834293,386.844554,380.343783,386.346943,386.346943,6761084
2024-01-10,386.346943,386.392033,381.694066,381.738619,381.738619,4497346
2024-01-11,381.738619,384.834843,379.905320,382.995507,382.995507,5678951
2024-01-12,382.995507,385.996448,380.706302,383.703014,383.703014,5341051
2024-01-15,383.703014,383.880425,379.761365,379.937035,379.937035,5333880
2024-01-16,379.937035,390.728312,379.050889,389.819118,389.819118,3855795
2024-01-17,389.819118,390.926273,385.788326,386.887155,386.887155,7622928
2024-01-18,386.887155,392.479494,384.345605,389.918034,389.918034,4653395
2024-01-19,389.918034,391.997293,388.935971,391.012473,391.012473,4797149
2024-01-22,391.012473,393.656690,387.752087,390.392109,390.392109,2770432
2024-01-23,390.392109,391.203413,384.178426,384.978480,384.978480,6232752
2024-01-24,384.978480,389.498523,384.273907,388.786980,388.786980,3652677
2024-01-25,388.786980,394.608829,387.122157,392.926281,392.926281,8552231
2024-01-26,392.926281,393.121886,388.360983,388.554412,388.554412,5638787
2024-01-29,388.554412,388.651765,387.052193,387.149194,387.149194,5116447
2024-01-30,387.149194,389.378766,374.915343,377.086968,377.086968,5115916
2024-01-31,377.086968,378.688440,376.355085,377.954873,377.954873,5600262
2024-02-01,377.954873,386.471506,377.121535,385.621266,385.621266,4932007
2024-02-02,385.621266,392.928795,383.630678,390.910902,390.910902,6005943
2024-02-05,390.910902,395.683490,390.773758,395.544721,395.544721,6427467
2024-02-06,395.544721,407.876312,394.258310,406.554097,406.554097,8476572
2024-02-07,406.554097,413.561712,405.702109,412.696852,412.696852,7259498
2024-02-08,412.696852,415.357720,404.708304,407.334600,407.334600,3075943
2024-02-09,407.334600,414.098937,405.309813,412.050707,412.050707,4682264
2024-02-12,412.050707,423.368271,410.128913,421.402859,421.402859,3881914
2024-02-13,421.402859,422.828093,420.152143,421.576859,421.576859,3102509
2024-02-14,421.576859,439.922683,421.007056,439.328886,439.328886,4402381
2024-02-15,439.328886,441.097227,436.553993,438.318267,438.318267,4428191
2024-02-16,438.318267,443.705784,437.938241,443.321420,443.321420,5473772
2024-02-19,443.321420,444.541531,436.019809,437.223136,437.223136,10603069
2024-02-20,437.223136,447.305580,435.280337,445.326772,445.326772,5842758
2024-02-21,445.326772,446.426112,431.604931,432.673034,432.673034,4703517
2024-02-22,432.673034,434.504937,430.665014,432.496169,432.496169,9222551
2024-02-23,432.496169,433.747493,422.454707,423.680525,423.680525,9058073
2024-02-26,423.680525,430.034192,410.570048,416.820844,416.820844,3771249
2024-02-27,416.820844,418.667934,413.868826,415.710998,415.710998,8284638
2024-02-28,415.710998,416.602691,402.255087,403.119772,403.119772,8079548
2024-02-29,403.119772,404.040267,396.629895,397.537644,397.537644,6363978
2024-03-01,397.537644,400.736418,392.073267,395.253664,395.253664,5414093
2024-03-04,395.253664,399.781178,394.672034,399.193750,399.193750,7979115
2024-03-05,399.193750,400.859572,394.108451,395.759944,395.759944,6117878
2024-03-06,395.759944,400.462366,394.987376,399.682142,399.682142,6283015
2024-03-07,399.682142,400.574166,397.079558,397.967755,397.967755,6280133
2024-03-08,397.967755,398.233405,392.461809,392.723958,392.723958,8541758
2024-03-11,392.723958,393.783767,391.633323,392.693048,392.693048,3129155
2024-03-12,392.693048,394.185063,392.533147,394.024619,394.024619,11865560
2024-03-13,394.024619,398.474488,392.981136,397.422007,397.422007,5303424
2024-03-14,397.422007,405.441451,396.244855,404.244093,404.244093,5023998
2024-03-15,404.244093,413.532317,401.664115,410.909798,410.909798,5287143
2024-03-18,410.909798,414.349672,410.105686,413.540412,413.540412,6757401
2024-03-19,413.540412,414.630950,413.113277,414.203131,414.203131,11671284
2024-03-20,414.203131,415.724718,413.309640,414.829875,414.829875,3545880
2024-03-21,414.829875,415.516600,413.790792,414.476932,414.476932,5695281
2024-03-22,414.476932,416.471639,412.668611,414.662508,414.662508,4596308
2024-03-25,414.662508,416.318751,413.497615,415.152481,415.152481,3617179
2024-03-26,415.152481,415.708165,411.641703,412.193427,412.193427,5050542
2024-03-27,412.193427,412.507965,402.497379,402.804753,402.804753,5496030
2024-03-28,402.804753,403.368052,397.808930,398.366022,398.366022,7071511
2024-03-29,398.366022,399.353019,390.596921,391.567073,391.567073,5150995
2024-04-01,391.567073,392.179000,386.898041,387.503618,387.503618,9453202
2024-04-02,387.503618,388.861312,383.278413,384.626026,384.626026,4895479
2024-04-03,384.626026,387.631241,383.841755,386.842451,386.842451,7021766
2024-04-04,386.842451,411.918117,383.345871,408.228235,408.228235,6270660
2024-04-05,408.228235,409.752570,402.749014,404.258525,404.258525,9185482
2024-04-08,404.258525,404.698245,402.901622,403.340343,403.340343,6749545
2024-04-09,403.340343,404.229128,401.628714,402.515682,402.515682,5656501
2024-04-10,402.515682,406.825173,394.202190,398.468349,398.468349,5664655
2024-04-11,398.468349,399.427561,396.222364,397.178472,397.178472,4679204
2024-04-12,397.178472,400.569354,393.378050,396.765406,396.765406,6733152
2024-04-15,396.765406,399.562296,388.979194,391.740664,391.740664,5482787
2024-04-16,391.740664,392.827173,389.931204,391.015702,391.015702,10157154
2024-04-17,391.015702,391.359569,389.998418,390.341693,390.341693,6740890
2024-04-18,390.341693,390.554303,385.931660,386.141982,386.141982,2284727
2024-04-19,386.141982,394.707242,386.118243,394.682978,394.682978,8064691
2024-04-22,394.682978,397.038431,392.127328,394.481580,394.481580,7419488
2024-04-23,394.481580,400.083204,393.353865,398.942736,398.942736,4821320
2024-04-24,398.942736,408.670099,397.883670,407.588083,407.588083,5535224
2024-04-25,407.588083,419.711859,406.884091,418.988176,418.988176,6406520
2024-04-26,418.988176,423.042561,414.337306,418.385862,418.385862,7020270
2024-04-29,418.385862,423.116876,417.050862,421.771074,421.771074,7356165
2024-04-30,421.771074,422.095495,415.958259,416.278455,416.278455,5505471
2024-05-01,416.278455,419.377803,408.096146,411.157365,411.157365,8252923
2024-05-02,411.157365,414.486965,410.547470,413.873042,413.873042,6718931
2024-05-03,413.873042,414.853104,412.062381,413.040472,413.040472,8554862
2024-05-06,413.040472,413.182118,409.034724,409.175045,409.175045,2544297
2024-05-07,409.175045,409.914529,407.890771,408.629268,408.629268,7203090
2024-05-08,408.629268,414.709584,408.563764,414.643116,414.643116,9258366
2024-05-09,414.643116,429.303219,414.363730,429.014151,429.014151,4255771
2024-05-10,429.014151,430.495808,420.121235,421.577207,421.577207,7442066
2024-05-13,421.577207,421.756356,404.161036,404.332856,404.332856,4326758
2024-05-14,404.332856,408.896236,403.174963,407.728619,407.728619,3885584
2024-05-15,407.728619,411.400685,403.169521,406.833526,406.833526,5173446
2024-05-16,406.833526,409.305127,400.521351,402.969477,402.969477,5090105
2024-05-17,402.969477,404.397563,401.340216,402.767586,402.767586,4792536
2024-05-20,402.767586,410.161022,400.739697,408.106254,408.106254,3949288
2024-05-21,408.106254,409.468866,399.903063,401.242759,401.242759,5576903
2024-05-22,401.242759,403.769466,390.337963,392.811577,392.811577,7698439
2024-05-23,392.811577,394.677828,391.812931,393.676982,393.676982,7202893
2024-05-24,393.676982,395.819493,382.789374,384.884031,384.884031,6997914
2024-05-27,384.884031,384.927753,382.323261,382.366696,382.366696,7917482
2024-05-28,382.366696,397.634808,381.109401,396.331594,396.331594,6267006
2024-05-29,396.331594,404.438715,395.597933,403.691430,403.691430,4964412
2024-05-30,403.691430,413.986105,402.720612,412.992918,412.992918,3848069
2024-05-31,412.992918,416.539740,411.417623,414.956954,414.956954,6045910
2024-06-03,414.956954,422.720457,411.856655,419.585576,419.585576,9933032
2024-06-04,419.585576,421.603953,418.153527,420.169909,420.169909,4232089
2024-06-05,420.169909,422.458220,408.983580,411.223165,411.223165,6028750
2024-06-06,411.223165,416.431488,409.676712,414.871316,414.871316,3370652
2024-06-07,414.871316,414.982074,413.481530,413.591947,413.591947,6460979
2024-06-10,413.591947,414.544161,412.441020,413.392775,413.392775,10402154
2024-06-11,413.392775,417.206875,412.660899,416.469552,416.469552,7703746
2024-06-12,416.469552,421.442776,414.885032,419.845412,419.845412,4869056
2024-06-13,419.845412,426.557858,419.228781,425.932287,425.932287,4008434
2024-06-14,425.932287,426.745918,421.532270,422.339037,422.339037,11028265
2024-06-17,422.339037,432.932638,420.157308,430.707677,430.707677,5332361
2024-06-18,430.707677,430.857078,420.807303,420.953321,420.953321,13454135
2024-06-19,420.953321,431.763876,420.442145,431.240208,431.240208,6723360
2024-06-20,431.240208,433.728198,430.498104,432.983094,432.983094,7230525
2024-06-21,432.983094,446.245147,430.580891,443.783026,443.783026,4754926
2024-06-24,443.783026,454.061724,441.347996,451.583891,451.583891,15804414
2024-06-25,451.583891,454.105696,451.334152,453.854701,453.854701,3300415
2024-06-26,453.854701,458.161296,449.699480,454.004701,454.004701,3019195
2024-06-27,454.004701,460.184295,451.556900,457.716482,457.716482,4320847
2024-06-28,457.716482,458.386533,452.811063,453.474906,453.474906,5318474
2024-07-01,453.474906,453.522505,452.180276,452.227744,452.227744,5568994
2024-07-02,452.227744,454.589691,442.803275,445.128141,445.128141,6234193
2024-07-03,445.128141,445.414121,442.997897,443.282692,443.282692,7351350
2024-07-04,443.282692,452.297965,442.463957,451.464119,451.464119,8408032
2024-07-05,451.464119,454.371841,450.669099,453.573107,453.573107,6771954
2024-07-08,453.573107,456.235042,452.862683,455.521566,455.521566,4055775
2024-07-09,455.521566,466.353984,454.593158,465.405432,465.405432,8105492
2024-07-10,465.405432,467.184314,463.170290,464.947421,464.947421,9985017
2024-07-11,464.947421,465.468461,458.098471,458.612412,458.612412,8103577
2024-07-12,458.612412,458.634506,448.928786,448.950415,448.950415,4176382
2024-07-15,448.950415,452.440518,441.046220,444.501740,444.501740,11415387
2024-07-16,444.501740,448.744096,443.034612,447.267839,447.267839,6278119
2024-07-17,447.267839,457.910489,446.862932,457.496323,457.496323,5786100
2024-07-18,457.496323,471.829553,455.750161,470.035531,470.035531,7435825
2024-07-19,470.035531,470.757956,468.629840,469.351213,469.351213,7225792
2024-07-22,469.351213,469.361408,459.865882,459.875871,459.875871,8382934
2024-07-23,459.875871,460.112873,447.472189,447.702918,447.702918,8267460
2024-07-24,447.702918,447.712755,447.216979,447.226806,447.226806,9950487
2024-07-25,447.226806,448.057871,446.667322,447.498048,447.498048,5304702
2024-07-26,447.498048,458.861347,445.872926,457.200988,457.200988,5392633
2024-07-29,457.200988,458.709334,452.984197,454.483579,454.483579,6751471
2024-07-30,454.483579,454.612878,446.873667,447.000837,447.000837,5159493
2024-07-31,447.000837,456.948994,446.194052,456.125739,456.125739,4783320
2024-08-01,456.125739,466.188594,455.021704,465.062927,465.062927,5460321
2024-08-02,465.062927,468.607182,449.032779,452.481147,452.481147,3916544
2024-08-05,452.481147,458.347479,450.656721,456.506820,456.506820,6361329
2024-08-06,456.506820,461.820875,453.595677,458.894506,458.894506,6647343
2024-08-07,458.894506,462.572944,456.981690,460.652800,460.652800,8215544
2024-08-08,460.652800,460.900754,456.095590,456.341224,456.341224,5157961
2024-08-09,456.341224,456.964922,456.056757,456.680244,456.680244,8378094
2024-08-12,456.680244,465.349286,455.761685,464.415168,464.415168,5657073
2024-08-13,464.415168,468.068053,464.063705,467.714093,467.714093,8308125
2024-08-14,467.714093,472.122312,467.146697,471.550263,471.550263,3742321
2024-08-15,471.550263,474.520763,471.424618,474.394360,474.394360,5933055
2024-08-16,474.394360,476.364277,473.598093,475.566044,475.566044,5318429
2024-08-19,475.566044,478.183855,466.414123,468.995768,468.995768,8819237
2024-08-20,468.995768,469.156440,466.527298,466.687179,466.687179,3839184
2024-08-21,466.687179,468.946760,466.090587,468.348045,468.348045,7057252
2024-08-22,468.348045,476.906112,468.180869,476.735942,476.735942,7277955
2024-08-23,476.735942,481.259962,475.996278,480.514435,480.514435,3668269
2024-08-26,480.514435,488.189164,479.745548,487.409244,487.409244,7740581
2024-08-27,487.409244,494.650914,486.984046,494.219774,494.219774,3898067
2024-08-28,494.219774,501.987720,492.938769,500.689945,500.689945,4828978
2024-08-29,500.689945,505.040765,496.227609,500.577452,500.577452,3727979
2024-08-30,500.577452,503.505725,500.408473,503.335816,503.335816,7382223
2024-09-02,503.335816,513.311412,502.710359,512.674352,512.674352,5755592
2024-09-03,512.674352,515.523973,510.033164,512.881717,512.881717,6724057
2024-09-04,512.881717,517.963590,511.053975,516.124292,516.124292,6311795
2024-09-05,516.124292,526.634337,514.014466,524.490312,524.490312,4440839
2024-09-06,524.490312,526.504404,514.900815,516.885704,516.885704,6732842
2024-09-09,516.885704,517.590187,508.625911,509.320083,509.320083,7238219
2024-09-10,509.320083,509.743379,502.185263,502.602976,502.602976,4141121
2024-09-11,502.602976,510.348112,502.014953,509.751725,509.751725,8291347
2024-09-12,509.751725,544.844551,505.805894,540.659472,540.659472,7656083
2024-09-13,540.659472,547.901060,540.509854,547.749479,547.749479,6689179
2024-09-16,547.749479,550.763298,540.363586,543.353215,543.353215,7168445
2024-09-17,543.353215,545.915357,537.516440,540.063067,540.063067,4549249
2024-09-18,540.063067,544.518171,539.832936,544.286241,544.286241,4585812
2024-09-19,544.286241,550.656751,543.600350,549.963706,549.963706,3650479
2024-09-20,549.963706,554.797148,545.411181,550.242317,550.242317,4584410
2024-09-23,550.242317,554.080107,548.301316,552.132438,552.132438,7726280
2024-09-24,552.132438,552.285981,544.606133,544.757626,544.757626,13837893
2024-09-25,544.757626,545.729665,544.244621,545.216227,545.216227,6790023
2024-09-26,545.216227,554.860362,543.026876,552.641195,552.641195,10001319
2024-09-27,552.641195,556.122133,539.657875,543.078580,543.078580,5825778
2024-09-30,543.078580,543.433638,542.260003,542.614757,542.614757,8650921
2024-10-01,542.614757,545.403803,537.780723,540.559204,540.559204,5815133
2024-10-02,540.559204,547.241704,529.960413,536.593894,536.593894,6088621
2024-10-03,536.593894,541.526700,534.029091,538.950632,538.950632,6633797
2024-10-04,538.950632,539.785249,515.620794,516.420521,516.420521,6114488
2024-10-07,516.420521,527.637952,515.596807,526.797685,526.797685,6167493
2024-10-08,526.797685,534.144333,526.749308,534.095285,534.095285,6413046
2024-10-09,534.095285,537.857997,533.091686,536.849223,536.849223,10021177
2024-10-10,536.849223,570.172709,535.624275,568.874687,568.874687,3219989
2024-10-11,568.874687,581.252542,566.128904,578.460491,578.460491,3255312
2024-10-14,578.460491,579.876408,577.925018,579.340120,579.340120,4842456
2024-10-15,579.340120,582.430718,576.196368,579.286680,579.286680,6140887
2024-10-16,579.286680,586.518753,578.810963,586.037491,586.037491,7627391
2024-10-17,586.037491,588.903101,583.573207,586.437136,586.437136,6545665
2024-10-18,586.437136,591.023093,581.824333,586.410079,586.410079,17205508
2024-10-21,586.410079,589.472791,577.567454,580.599820,580.599820,7294765
2024-10-22,580.599820,593.273133,578.713349,591.351728,591.351728,8642294
2024-10-23,591.351728,597.867489,589.508441,596.009683,596.009683,5851131
2024-10-24,596.009683,599.372249,593.565044,596.923860,596.923860,6066621
2024-10-25,596.923860,597.379718,591.369369,591.821331,591.821331,9466033
2024-10-28,591.821331,592.311310,585.463087,585.948204,585.948204,5080704
2024-10-29,585.948204,587.667173,581.272487,582.982756,582.982756,7411323
2024-10-30,582.982756,584.143480,572.966476,574.109533,574.109533,2818616
2024-10-31,574.109533,580.072251,569.578438,575.529945,575.529945,8179456
2024-11-01,575.529945,576.108478,569.537534,570.110619,570.110619,7888173
2024-11-04,570.110619,574.123899,562.627902,566.616586,566.616586,5589491
2024-11-05,566.616586,569.417347,558.048868,560.820982,560.820982,6476696
2024-11-06,560.820982,583.348575,558.940669,581.399267,581.399267,5257112
2024-11-07,581.399267,582.005467,572.623611,573.221284,573.221284,9090417
2024-11-08,573.221284,578.736096,571.121922,576.624270,576.624270,2615615
2024-11-11,576.624270,577.687940,574.491201,575.552894,575.552894,7406454
2024-11-12,575.552894,578.262429,574.381390,577.087801,577.087801,9862640
2024-11-13,577.087801,581.697484,573.987202,578.588821,578.588821,3528967
2024-11-14,578.588821,579.097396,574.058316,574.563353,574.563353,3529697
2024-11-15,574.563353,575.683161,564.725432,565.828216,565.828216,4851999
2024-11-18,565.828216,566.022144,559.975288,560.167276,560.167276,10166242
2024-11-19,560.167276,574.760304,556.503149,571.025154,571.025154,6613495
2024-11-20,571.025154,572.480135,560.163370,561.594322,561.594322,7251205
2024-11-21,561.594322,570.956388,559.136307,568.468288,568.468288,4692639
2024-11-22,568.468288,582.587364,567.793900,581.897045,581.897045,6338910
2024-11-25,581.897045,583.392156,567.228548,568.689724,568.689724,3938793
2024-11-26,568.689724,587.877991,567.544731,586.696742,586.696742,4386923
2024-11-27,586.696742,599.474699,586.127512,598.893635,598.893635,6750104
2024-11-28,598.893635,614.488558,597.645922,613.211017,613.211017,5145467
2024-11-29,613.211017,619.641661,608.588423,615.005540,615.005540,6049898
2024-12-02,615.005540,616.377965,606.489805,607.846253,607.846253,6239966
2024-12-03,607.846253,609.929996,607.228422,609.310677,609.310677,5542958
2024-12-04,609.310677,611.129304,599.868905,601.664711,601.664711,5191952
2024-12-05,601.664711,610.888954,599.767385,608.968594,608.968594,4905320
2024-12-06,608.968594,618.753433,605.035505,614.782792,614.782792,3583837
2024-12-09,614.782792,620.858660,607.431056,613.494188,613.494188,9012788
2024-12-10,613.494188,615.094280,613.368476,614.968266,614.968266,5260014
2024-12-11,614.968266,620.293545,614.136105,619.455312,619.455312,7892002
2024-12-12,619.455312,620.056001,615.495419,616.092848,616.092848,5558820
2024-12-13,616.092848,627.393944,615.475268,626.765665,626.765665,8228138
2024-12-16,626.765665,656.119921,625.618045,654.920748,654.920748,7455434
2024-12-17,654.920748,656.274709,641.744731,643.074201,643.074201,5319858
2024-12-18,643.074201,643.916714,642.167920,643.010349,643.010349,8291764
2024-12-19,643.010349,646.874842,640.574606,644.433708,644.433708,6386804
2024-12-20,644.433708,646.324506,643.571053,645.460477,645.460477,11080723
2024-12-23,645.460477,658.069400,640.556009,653.106832,653.106832,17282654
2024-12-24,653.106832,655.173050,651.573530,653.638500,653.638500,8720167
2024-12-25,653.638500,665.602379,653.158377,665.113827,665.113827,4828977
2024-12-26,665.113827,665.894917,655.477851,656.248530,656.248530,4150059
2024-12-27,656.248530,658.500132,640.456345,642.661329,642.661329,7523393
2024-12-30,642.661329,643.387831,634.577808,635.295983,635.295983,6084955
2024-12-31,635.295983,648.977001,631.124302,644.743284,644.743284,10568171
